# https://github.com/mikedh/trimesh
mtllib material.mtl
usemtl material_0
v 0.16631633 -0.18452199 -0.11305873
v 0.16631633 -0.17702181 -0.11336033
v 0.15881615 -0.17702181 -0.11436231
v 0.15881615 -0.18452199 -0.11347660
v 0.16631633 -0.16952163 -0.11430587
v 0.15881615 -0.16952163 -0.11520130
v 0.16631633 -0.16202145 -0.11489938
v 0.15881615 -0.16202145 -0.11484967
v 0.16631633 -0.15452127 -0.11408732
v 0.15881615 -0.15452127 -0.11406225
v 0.16631633 -0.14702113 -0.11350445
v 0.15881615 -0.14702113 -0.11437211
v 0.16631633 -0.13952095 -0.11420882
v 0.15881615 -0.13952095 -0.11514273
v 0.16631633 -0.13202077 -0.11443314
v 0.15881615 -0.13202077 -0.11456678
v 0.16631633 -0.12452059 -0.11269302
v 0.15881615 -0.12452059 -0.11264326
v 0.16631633 -0.11702040 -0.11095665
v 0.15881615 -0.11702040 -0.11137176
v 0.16631633 -0.10952026 -0.11052137
v 0.15881615 -0.10952026 -0.11061866
v 0.16631633 -0.10202008 -0.11116887
v 0.15881615 -0.10202008 -0.11015827
v 0.16631633 -0.09451990 -0.11195756
v 0.15881615 -0.09451990 -0.11063523
v 0.16631633 -0.08701972 -0.11289151
v 0.15881615 -0.08701972 -0.11246007
v 0.16631633 -0.07951954 -0.11443860
v 0.15881615 -0.07951954 -0.11446051
v 0.16631633 -0.07201936 -0.11554348
v 0.15881615 -0.07201936 -0.11505240
v 0.16631633 -0.06451918 -0.11549136
v 0.15881619 -0.06451918 -0.11462218
v 0.16631633 -0.05701900 -0.11484991
v 0.15881615 -0.05701900 -0.11408313
v 0.16631637 -0.04951882 -0.11450931
v 0.15881615 -0.04951882 -0.11384840
v 0.16631633 -0.04201864 -0.11340083
v 0.15881615 -0.04201864 -0.11312074
v 0.16631633 -0.03451846 -0.11191382
v 0.15881615 -0.03451846 -0.11213316
v 0.16631633 -0.02701828 -0.11164512
v 0.15881615 -0.02701828 -0.11188748
v 0.16631633 -0.01951810 -0.11311619
v 0.15881615 -0.01951810 -0.11339474
v 0.16631633 -0.01201792 -0.11476096
v 0.15881619 -0.01201792 -0.11573177
v 0.16631633 -0.00451778 -0.11546672
v 0.15881615 -0.00451778 -0.11713731
v 0.16631633 0.00298240 -0.11559205
v 0.15881615 0.00298240 -0.11670860
v 0.16631633 0.01048258 -0.11549432
v 0.15881615 0.01048258 -0.11558987
v 0.16631633 0.01798276 -0.11497658
v 0.15881615 0.01798276 -0.11469211
v 0.16631633 0.02548294 -0.11421902
v 0.15881615 0.02548294 -0.11397120
v 0.16631633 0.03298312 -0.11380411
v 0.15881615 0.03298312 -0.11344860
v 0.16631633 0.04048330 -0.11355349
v 0.15881615 0.04048330 -0.11352090
v 0.16631633 0.04798348 -0.11365738
v 0.15881615 0.04798348 -0.11380055
v 0.16631633 0.05548366 -0.11443310
v 0.15881615 0.05548366 -0.11445968
v 0.16631633 0.06298384 -0.11604674
v 0.15881615 0.06298384 -0.11590294
v 0.16631633 0.07048402 -0.11689329
v 0.15881615 0.07048402 -0.11716413
v 0.16631633 0.07798421 -0.11609242
v 0.15881619 0.07798421 -0.11638169
v 0.16631633 0.08548439 -0.11509151
v 0.15881615 0.08548439 -0.11499743
v 0.16631633 0.09298457 -0.11455997
v 0.15881615 0.09298457 -0.11437710
v 0.16631633 0.10048475 -0.11362677
v 0.15881615 0.10048475 -0.11373142
v 0.16631633 0.10798493 -0.11380953
v 0.15881615 0.10798493 -0.11414388
v 0.16631633 0.11548507 -0.11517469
v 0.15881615 0.11548507 -0.11524125
v 0.16631633 0.12298525 -0.11575582
v 0.15881615 0.12298525 -0.11595044
v 0.16631633 0.13048543 -0.11536796
v 0.15881619 0.13048543 -0.11624433
v 0.16631633 0.13798561 -0.11501811
v 0.15881615 0.13798561 -0.11639577
v 0.16631633 0.14548575 -0.11415902
v 0.15881615 0.14548575 -0.11572924
v 0.16631633 0.15298593 -0.11345426
v 0.15881615 0.15298593 -0.11443812
v 0.16631633 0.16048611 -0.11355020
v 0.15881615 0.16048611 -0.11385904
v 0.16631633 0.16798629 -0.11330500
v 0.15881615 0.16798629 -0.11315519
v 0.16631633 0.17548647 -0.11441135
v 0.15881615 0.17548647 -0.11411022
v 0.15131597 -0.17702181 -0.11598141
v 0.15131597 -0.18452199 -0.11499058
v 0.15131597 -0.16952163 -0.11631366
v 0.15131597 -0.16202145 -0.11487356
v 0.15131597 -0.15452127 -0.11350286
v 0.15131597 -0.14702113 -0.11422503
v 0.15131597 -0.13952095 -0.11508309
v 0.15131597 -0.13202077 -0.11396725
v 0.15131597 -0.12452059 -0.11205853
v 0.15131597 -0.11702040 -0.11140047
v 0.15131597 -0.10952026 -0.11131611
v 0.15131597 -0.10202008 -0.11089816
v 0.15131597 -0.09451990 -0.11125635
v 0.15131597 -0.08701972 -0.11294028
v 0.15131597 -0.07951954 -0.11414546
v 0.15131597 -0.07201936 -0.11393170
v 0.15131597 -0.06451918 -0.11323191
v 0.15131597 -0.05701900 -0.11289424
v 0.15131601 -0.04951882 -0.11284061
v 0.15131597 -0.04201864 -0.11312541
v 0.15131597 -0.03451846 -0.11366260
v 0.15131597 -0.02701828 -0.11411259
v 0.15131601 -0.01951810 -0.11472604
v 0.15131597 -0.01201792 -0.11597532
v 0.15131597 -0.00451778 -0.11715713
v 0.15131597 0.00298240 -0.11646723
v 0.15131597 0.01048258 -0.11512054
v 0.15131597 0.01798276 -0.11448780
v 0.15131597 0.02548294 -0.11378797
v 0.15131597 0.03298312 -0.11313767
v 0.15131597 0.04048330 -0.11335855
v 0.15131597 0.04798348 -0.11404231
v 0.15131597 0.05548366 -0.11418117
v 0.15131597 0.06298384 -0.11542100
v 0.15131597 0.07048402 -0.11731833
v 0.15131597 0.07798421 -0.11745545
v 0.15131597 0.08548439 -0.11642859
v 0.15131597 0.09298457 -0.11570638
v 0.15131597 0.10048475 -0.11496068
v 0.15131597 0.10798493 -0.11512663
v 0.15131597 0.11548507 -0.11564378
v 0.15131597 0.12298525 -0.11539213
v 0.15131597 0.13048543 -0.11531453
v 0.15131597 0.13798561 -0.11580344
v 0.15131597 0.14548575 -0.11550393
v 0.15131597 0.15298593 -0.11386549
v 0.15131597 0.16048611 -0.11282958
v 0.15131597 0.16798629 -0.11256630
v 0.15131601 0.17548647 -0.11431512
v 0.14381583 -0.17702181 -0.11692466
v 0.14381583 -0.18452199 -0.11671861
v 0.14381583 -0.16952163 -0.11642029
v 0.14381583 -0.16202145 -0.11454348
v 0.14381579 -0.15452127 -0.11293011
v 0.14381583 -0.14702113 -0.11350373
v 0.14381583 -0.13952095 -0.11436286
v 0.14381583 -0.13202077 -0.11346763
v 0.14381583 -0.12452059 -0.11197085
v 0.14381583 -0.11702040 -0.11160518
v 0.14381583 -0.10952026 -0.11202400
v 0.14381583 -0.10202008 -0.11199335
v 0.14381583 -0.09451990 -0.11211785
v 0.14381579 -0.08701972 -0.11270729
v 0.14381583 -0.07951954 -0.11262736
v 0.14381583 -0.07201936 -0.11182028
v 0.14381583 -0.06451918 -0.11167360
v 0.14381583 -0.05701900 -0.11209440
v 0.14381583 -0.04951882 -0.11254925
v 0.14381583 -0.04201864 -0.11339632
v 0.14381583 -0.03451846 -0.11453830
v 0.14381583 -0.02701828 -0.11531900
v 0.14381583 -0.01951810 -0.11532240
v 0.14381583 -0.01201792 -0.11530959
v 0.14381583 -0.00451778 -0.11565469
v 0.14381583 0.00298240 -0.11509282
v 0.14381583 0.01048258 -0.11440779
v 0.14381583 0.01798276 -0.11423168
v 0.14381583 0.02548294 -0.11378853
v 0.14381583 0.03298312 -0.11315618
v 0.14381583 0.04048330 -0.11333367
v 0.14381579 0.04798348 -0.11425066
v 0.14381583 0.05548366 -0.11472557
v 0.14381583 0.06298384 -0.11621467
v 0.14381583 0.07048402 -0.11811706
v 0.14381583 0.07798421 -0.11873288
v 0.14381583 0.08548439 -0.11820731
v 0.14381579 0.09298457 -0.11754143
v 0.14381583 0.10048475 -0.11646292
v 0.14381583 0.10798493 -0.11636931
v 0.14381583 0.11548507 -0.11653968
v 0.14381583 0.12298525 -0.11522626
v 0.14381583 0.13048543 -0.11417089
v 0.14381583 0.13798561 -0.11448329
v 0.14381583 0.14548575 -0.11427079
v 0.14381583 0.15298593 -0.11273945
v 0.14381583 0.16048611 -0.11185983
v 0.14381583 0.16798629 -0.11228977
v 0.14381583 0.17548647 -0.11462978
v 0.13631565 -0.17702181 -0.11688151
v 0.13631565 -0.18452199 -0.11781859
v 0.13631565 -0.16952163 -0.11513300
v 0.13631565 -0.16202145 -0.11346411
v 0.13631565 -0.15452127 -0.11289788
v 0.13631565 -0.14702113 -0.11356879
v 0.13631565 -0.13952095 -0.11373549
v 0.13631565 -0.13202077 -0.11255250
v 0.13631565 -0.12452059 -0.11158307
v 0.13631565 -0.11702040 -0.11179913
v 0.13631565 -0.10952026 -0.11275349
v 0.13631565 -0.10202008 -0.11290551
v 0.13631565 -0.09451990 -0.11273553
v 0.13631565 -0.08701972 -0.11256155
v 0.13631565 -0.07951954 -0.11184065
v 0.13631565 -0.07201936 -0.11086256
v 0.13631565 -0.06451918 -0.11038390
v 0.13631565 -0.05701900 -0.11072548
v 0.13631565 -0.04951882 -0.11125038
v 0.13631565 -0.04201864 -0.11227237
v 0.13631565 -0.03451846 -0.11330903
v 0.13631565 -0.02701828 -0.11405853
v 0.13631565 -0.01951810 -0.11408590
v 0.13631565 -0.01201792 -0.11373537
v 0.13631565 -0.00451778 -0.11344769
v 0.13631565 0.00298240 -0.11298283
v 0.13631565 0.01048258 -0.11291417
v 0.13631565 0.01798276 -0.11316326
v 0.13631565 0.02548294 -0.11327126
v 0.13631565 0.03298312 -0.11328649
v 0.13631565 0.04048330 -0.11316887
v 0.13631565 0.04798348 -0.11359292
v 0.13631565 0.05548366 -0.11451857
v 0.13631565 0.06298384 -0.11641289
v 0.13631565 0.07048402 -0.11768408
v 0.13631565 0.07798421 -0.11826992
v 0.13631565 0.08548439 -0.11836167
v 0.13631565 0.09298457 -0.11788345
v 0.13631565 0.10048475 -0.11655713
v 0.13631565 0.10798493 -0.11616464
v 0.13631565 0.11548507 -0.11625157
v 0.13631565 0.12298525 -0.11460344
v 0.13631565 0.13048543 -0.11296563
v 0.13631565 0.13798561 -0.11301938
v 0.13631565 0.14548575 -0.11255554
v 0.13631565 0.15298593 -0.11127557
v 0.13631565 0.16048611 -0.11107316
v 0.13631565 0.16798629 -0.11236262
v 0.13631565 0.17548647 -0.11452272
v 0.12881546 -0.17702181 -0.11600079
v 0.12881546 -0.18452199 -0.11667902
v 0.12881546 -0.16952163 -0.11434724
v 0.12881546 -0.16202145 -0.11309511
v 0.12881546 -0.15452127 -0.11307403
v 0.12881546 -0.14702113 -0.11337749
v 0.12881546 -0.13952095 -0.11275910
v 0.12881546 -0.13202077 -0.11139940
v 0.12881546 -0.12452059 -0.11154249
v 0.12881546 -0.11702040 -0.11217994
v 0.12881546 -0.10952026 -0.11262384
v 0.12881550 -0.10202008 -0.11203069
v 0.12881546 -0.09451990 -0.11140569
v 0.12881546 -0.08701972 -0.11121506
v 0.12881546 -0.07951954 -0.11098694
v 0.12881546 -0.07201936 -0.10999394
v 0.12881546 -0.06451918 -0.10895946
v 0.12881546 -0.05701900 -0.10863116
v 0.12881546 -0.04951882 -0.10937785
v 0.12881546 -0.04201864 -0.11053126
v 0.12881546 -0.03451846 -0.11137504
v 0.12881550 -0.02701828 -0.11202543
v 0.12881546 -0.01951810 -0.11229393
v 0.12881546 -0.01201792 -0.11242420
v 0.12881546 -0.00451778 -0.11220391
v 0.12881546 0.00298240 -0.11145339
v 0.12881546 0.01048258 -0.11101131
v 0.12881546 0.01798276 -0.11105173
v 0.12881546 0.02548294 -0.11207506
v 0.12881546 0.03298312 -0.11310654
v 0.12881546 0.04048330 -0.11287755
v 0.12881546 0.04798348 -0.11248847
v 0.12881546 0.05548366 -0.11340340
v 0.12881546 0.06298384 -0.11546272
v 0.12881546 0.07048402 -0.11594534
v 0.12881546 0.07798421 -0.11596195
v 0.12881546 0.08548439 -0.11620091
v 0.12881546 0.09298457 -0.11594356
v 0.12881546 0.10048475 -0.11472347
v 0.12881546 0.10798493 -0.11432141
v 0.12881546 0.11548507 -0.11453692
v 0.12881546 0.12298525 -0.11352984
v 0.12881550 0.13048543 -0.11261230
v 0.12881546 0.13798561 -0.11284303
v 0.12881546 0.14548575 -0.11230480
v 0.12881546 0.15298593 -0.11120537
v 0.12881546 0.16048611 -0.11167688
v 0.12881546 0.16798629 -0.11347550
v 0.12881546 0.17548647 -0.11504955
v 0.12131528 -0.17702181 -0.11513980
v 0.12131528 -0.18452199 -0.11469041
v 0.12131528 -0.16952163 -0.11451255
v 0.12131528 -0.16202145 -0.11343088
v 0.12131528 -0.15452127 -0.11282638
v 0.12131528 -0.14702113 -0.11226149
v 0.12131528 -0.13952095 -0.11141783
v 0.12131528 -0.13202077 -0.11080937
v 0.12131528 -0.12452059 -0.11151168
v 0.12131528 -0.11702040 -0.11217528
v 0.12131528 -0.10952026 -0.11167300
v 0.12131528 -0.10202008 -0.10996112
v 0.12131528 -0.09451990 -0.10899632
v 0.12131528 -0.08701972 -0.10865655
v 0.12131528 -0.07951954 -0.10846984
v 0.12131528 -0.07201936 -0.10762788
v 0.12131528 -0.06451918 -0.10716499
v 0.12131528 -0.05701900 -0.10750583
v 0.12131528 -0.04951882 -0.10774431
v 0.12131528 -0.04201864 -0.10915293
v 0.12131528 -0.03451846 -0.11028249
v 0.12131528 -0.02701828 -0.11063057
v 0.12131528 -0.01951810 -0.11092671
v 0.12131528 -0.01201792 -0.11112928
v 0.12131528 -0.00451778 -0.11108356
v 0.12131528 0.00298240 -0.11030425
v 0.12131528 0.01048258 -0.10924330
v 0.12131528 0.01798276 -0.10894174
v 0.12131528 0.02548294 -0.11029187
v 0.12131528 0.03298312 -0.11164176
v 0.12131528 0.04048330 -0.11151758
v 0.12131528 0.04798348 -0.11113929
v 0.12131528 0.05548366 -0.11216385
v 0.12131528 0.06298384 -0.11411932
v 0.12131528 0.07048402 -0.11436725
v 0.12131528 0.07798421 -0.11388261
v 0.12131528 0.08548439 -0.11380439
v 0.12131528 0.09298457 -0.11369650
v 0.12131528 0.10048475 -0.11284109
v 0.12131528 0.10798493 -0.11276409
v 0.12131528 0.11548507 -0.11325086
v 0.12131528 0.12298525 -0.11287336
v 0.12131528 0.13048543 -0.11279984
v 0.12131528 0.13798561 -0.11341665
v 0.12131528 0.14548575 -0.11314352
v 0.12131528 0.15298593 -0.11241582
v 0.12131528 0.16048611 -0.11317544
v 0.12131528 0.16798629 -0.11517053
v 0.12131528 0.17548647 -0.11667395
v 0.11381510 -0.17702181 -0.11424129
v 0.11381510 -0.18452199 -0.11350029
v 0.11381510 -0.16952163 -0.11379450
v 0.11381510 -0.16202145 -0.11310682
v 0.11381510 -0.15452127 -0.11285319
v 0.11381510 -0.14702113 -0.11215958
v 0.11381510 -0.13952095 -0.11105679
v 0.11381514 -0.13202077 -0.11011777
v 0.11381510 -0.12452059 -0.11064567
v 0.11381510 -0.11702044 -0.11110140
v 0.11381510 -0.10952026 -0.10975578
v 0.11381510 -0.10202008 -0.10744053
v 0.11381510 -0.09451990 -0.10680332
v 0.11381510 -0.08701972 -0.10677116
v 0.11381510 -0.07951954 -0.10632042
v 0.11381510 -0.07201936 -0.10582084
v 0.11381510 -0.06451918 -0.10558936
v 0.11381510 -0.05701900 -0.10584864
v 0.11381514 -0.04951882 -0.10625046
v 0.11381510 -0.04201864 -0.10731117
v 0.11381510 -0.03451846 -0.10879078
v 0.11381510 -0.02701828 -0.10918358
v 0.11381510 -0.01951810 -0.10937362
v 0.11381510 -0.01201792 -0.11004382
v 0.11381514 -0.00451778 -0.11052208
v 0.11381510 0.00298240 -0.10981396
v 0.11381510 0.01048258 -0.10819383
v 0.11381510 0.01798276 -0.10695989
v 0.11381510 0.02548294 -0.10764880
v 0.11381510 0.03298312 -0.10881803
v 0.11381510 0.04048330 -0.10877789
v 0.11381510 0.04798348 -0.10923867
v 0.11381510 0.05548366 -0.11088024
v 0.11381510 0.06298384 -0.11250650
v 0.11381514 0.07048402 -0.11232003
v 0.11381510 0.07798421 -0.11139438
v 0.11381510 0.08548439 -0.11143215
v 0.11381510 0.09298457 -0.11188048
v 0.11381510 0.10048475 -0.11197888
v 0.11381510 0.10798493 -0.11234174
v 0.11381510 0.11548507 -0.11292857
v 0.11381510 0.12298525 -0.11317164
v 0.11381510 0.13048543 -0.11330619
v 0.11381510 0.13798561 -0.11365576
v 0.11381510 0.14548575 -0.11340842
v 0.11381510 0.15298593 -0.11340435
v 0.11381510 0.16048611 -0.11460830
v 0.11381510 0.16798629 -0.11682847
v 0.11381510 0.17548647 -0.11821214
v 0.10631496 -0.17702181 -0.11418489
v 0.10631496 -0.18452199 -0.11401969
v 0.10631496 -0.16952163 -0.11311243
v 0.10631496 -0.16202145 -0.11284267
v 0.10631496 -0.15452127 -0.11336808
v 0.10631492 -0.14702113 -0.11281676
v 0.10631496 -0.13952095 -0.11109460
v 0.10631496 -0.13202077 -0.10942009
v 0.10631496 -0.12452059 -0.10950500
v 0.10631496 -0.11702040 -0.10966209
v 0.10631492 -0.10952026 -0.10810005
v 0.10631496 -0.10202008 -0.10622910
v 0.10631496 -0.09451990 -0.10623116
v 0.10631496 -0.08701972 -0.10667712
v 0.10631496 -0.07951954 -0.10614439
v 0.10631496 -0.07201936 -0.10524591
v 0.10631496 -0.06451918 -0.10458935
v 0.10631492 -0.05701900 -0.10443401
v 0.10631496 -0.04951882 -0.10488388
v 0.10631496 -0.04201864 -0.10596218
v 0.10631496 -0.03451846 -0.10633980
v 0.10631496 -0.02701828 -0.10630658
v 0.10631496 -0.01951810 -0.10643903
v 0.10631496 -0.01201792 -0.10727858
v 0.10631496 -0.00451778 -0.10803424
v 0.10631492 0.00298240 -0.10782768
v 0.10631496 0.01048258 -0.10665568
v 0.10631496 0.01798276 -0.10554031
v 0.10631496 0.02548294 -0.10594735
v 0.10631496 0.03298312 -0.10666383
v 0.10631496 0.04048330 -0.10692133
v 0.10631496 0.04798348 -0.10761803
v 0.10631496 0.05548366 -0.10926569
v 0.10631496 0.06298384 -0.11003069
v 0.10631496 0.07048402 -0.11004461
v 0.10631496 0.07798421 -0.10995534
v 0.10631492 0.08548439 -0.11092726
v 0.10631496 0.09298457 -0.11182254
v 0.10631496 0.10048475 -0.11212351
v 0.10631496 0.10798493 -0.11201162
v 0.10631496 0.11548507 -0.11242278
v 0.10631496 0.12298525 -0.11289424
v 0.10631496 0.13048543 -0.11293003
v 0.10631496 0.13798561 -0.11293462
v 0.10631496 0.14548575 -0.11247573
v 0.10631492 0.15298593 -0.11306909
v 0.10631496 0.16048611 -0.11468467
v 0.10631496 0.16798629 -0.11689958
v 0.10631496 0.17548647 -0.11791394
v 0.09881478 -0.17702181 -0.11491505
v 0.09881478 -0.18452199 -0.11468416
v 0.09881478 -0.16952163 -0.11399027
v 0.09881478 -0.16202149 -0.11387660
v 0.09881478 -0.15452127 -0.11410733
v 0.09881478 -0.14702109 -0.11289669
v 0.09881478 -0.13952095 -0.11065900
v 0.09881478 -0.13202077 -0.10877686
v 0.09881478 -0.12452059 -0.10888273
v 0.09881478 -0.11702040 -0.10886339
v 0.09881478 -0.10952026 -0.10713110
v 0.09881478 -0.10202008 -0.10579430
v 0.09881478 -0.09451990 -0.10565311
v 0.09881478 -0.08701972 -0.10619829
v 0.09881478 -0.07951954 -0.10522471
v 0.09881478 -0.07201936 -0.10412758
v 0.09881474 -0.06451918 -0.10353845
v 0.09881478 -0.05701900 -0.10398876
v 0.09881478 -0.04951882 -0.10407494
v 0.09881478 -0.04201864 -0.10454257
v 0.09881478 -0.03451846 -0.10458192
v 0.09881478 -0.02701828 -0.10324698
v 0.09881478 -0.01951810 -0.10336282
v 0.09881474 -0.01201792 -0.10422179
v 0.09881478 -0.00451778 -0.10472224
v 0.09881478 0.00298240 -0.10505473
v 0.09881478 0.01048258 -0.10489855
v 0.09881478 0.01798276 -0.10405651
v 0.09881478 0.02548294 -0.10436416
v 0.09881478 0.03298312 -0.10557777
v 0.09881478 0.04048330 -0.10588910
v 0.09881478 0.04798348 -0.10650033
v 0.09881478 0.05548366 -0.10752026
v 0.09881478 0.06298384 -0.10794435
v 0.09881474 0.07048402 -0.10811453
v 0.09881478 0.07798421 -0.10915855
v 0.09881478 0.08548439 -0.11124314
v 0.09881478 0.09298457 -0.11227747
v 0.09881478 0.10048475 -0.11184528
v 0.09881478 0.10798493 -0.11101716
v 0.09881478 0.11548507 -0.11139513
v 0.09881478 0.12298525 -0.11209155
v 0.09881478 0.13048543 -0.11228329
v 0.09881478 0.13798561 -0.11237461
v 0.09881478 0.14548579 -0.11212817
v 0.09881478 0.15298593 -0.11292774
v 0.09881478 0.16048611 -0.11444275
v 0.09881478 0.16798629 -0.11625458
v 0.09881478 0.17548647 -0.11685786
v 0.09131460 -0.17702181 -0.11487803
v 0.09131460 -0.18452199 -0.11430263
v 0.09131460 -0.16952163 -0.11497587
v 0.09131460 -0.16202145 -0.11518916
v 0.09131460 -0.15452131 -0.11449017
v 0.09131460 -0.14702113 -0.11263017
v 0.09131460 -0.13952095 -0.11077884
v 0.09131460 -0.13202077 -0.10937389
v 0.09131460 -0.12452059 -0.10840660
v 0.09131460 -0.11702040 -0.10710349
v 0.09131460 -0.10952026 -0.10509293
v 0.09131460 -0.10202008 -0.10397013
v 0.09131460 -0.09451990 -0.10382424
v 0.09131460 -0.08701972 -0.10384512
v 0.09131460 -0.07951954 -0.10302910
v 0.09131460 -0.07201936 -0.10254470
v 0.09131460 -0.06451918 -0.10270393
v 0.09131460 -0.05701900 -0.10309839
v 0.09131460 -0.04951882 -0.10266477
v 0.09131460 -0.04201864 -0.10245916
v 0.09131460 -0.03451846 -0.10217227
v 0.09131460 -0.02701828 -0.10130460
v 0.09131460 -0.01951810 -0.10093367
v 0.09131460 -0.01201792 -0.10134004
v 0.09131460 -0.00451778 -0.10228736
v 0.09131460 0.00298240 -0.10266173
v 0.09131460 0.01048258 -0.10202265
v 0.09131460 0.01798276 -0.10087340
v 0.09131460 0.02548294 -0.10049807
v 0.09131460 0.03298312 -0.10206636
v 0.09131460 0.04048330 -0.10338287
v 0.09131460 0.04798348 -0.10416531
v 0.09131460 0.05548366 -0.10454700
v 0.09131460 0.06298384 -0.10424595
v 0.09131460 0.07048402 -0.10523484
v 0.09131460 0.07798421 -0.10772849
v 0.09131456 0.08548435 -0.11060166
v 0.09131460 0.09298457 -0.11172655
v 0.09131460 0.10048475 -0.11126648
v 0.09131460 0.10798493 -0.11029875
v 0.09131460 0.11548507 -0.11064204
v 0.09131460 0.12298525 -0.11137563
v 0.09131460 0.13048543 -0.11159762
v 0.09131460 0.13798561 -0.11177441
v 0.09131460 0.14548575 -0.11253213
v 0.09131460 0.15298593 -0.11385121
v 0.09131460 0.16048611 -0.11473601
v 0.09131460 0.16798629 -0.11527510
v 0.09131460 0.17548647 -0.11543749
v 0.08381442 -0.17702181 -0.11458643
v 0.08381442 -0.18452199 -0.11458809
v 0.08381442 -0.16952163 -0.11485932
v 0.08381442 -0.16202145 -0.11531145
v 0.08381442 -0.15452127 -0.11425960
v 0.08381442 -0.14702113 -0.11248760
v 0.08381442 -0.13952091 -0.11131706
v 0.08381442 -0.13202077 -0.11027482
v 0.08381442 -0.12452059 -0.10782661
v 0.08381442 -0.11702040 -0.10503499
v 0.08381442 -0.10952026 -0.10319058
v 0.08381442 -0.10202008 -0.10266545
v 0.08381442 -0.09451990 -0.10249554
v 0.08381442 -0.08701972 -0.10198979
v 0.08381442 -0.07951954 -0.10135305
v 0.08381442 -0.07201936 -0.10164634
v 0.08381442 -0.06451918 -0.10220802
v 0.08381442 -0.05701900 -0.10171623
v 0.08381442 -0.04951882 -0.09986050
v 0.08381442 -0.04201864 -0.09899358
v 0.08381442 -0.03451846 -0.09870891
v 0.08381442 -0.02701828 -0.09835004
v 0.08381442 -0.01951810 -0.09778872
v 0.08381442 -0.01201792 -0.09809127
v 0.08381442 -0.00451778 -0.09841237
v 0.08381442 0.00298240 -0.09862072
v 0.08381442 0.01048258 -0.09837982
v 0.08381442 0.01798276 -0.09714913
v 0.08381442 0.02548294 -0.09662716
v 0.08381442 0.03298312 -0.09786030
v 0.08381442 0.04048330 -0.10000865
v 0.08381442 0.04798348 -0.10101530
v 0.08381442 0.05548366 -0.10124959
v 0.08381442 0.06298384 -0.10106260
v 0.08381442 0.07048402 -0.10227913
v 0.08381442 0.07798421 -0.10504631
v 0.08381442 0.08548439 -0.10760177
v 0.08381442 0.09298457 -0.10907933
v 0.08381442 0.10048475 -0.10989238
v 0.08381442 0.10798493 -0.11032485
v 0.08381442 0.11548507 -0.11082380
v 0.08381442 0.12298525 -0.11162669
v 0.08381442 0.13048543 -0.11191963
v 0.08381442 0.13798561 -0.11225892
v 0.08381442 0.14548575 -0.11338006
v 0.08381442 0.15298593 -0.11471971
v 0.08381442 0.16048611 -0.11502242
v 0.08381442 0.16798629 -0.11510112
v 0.08381442 0.17548647 -0.11576444
v 0.07631424 -0.17702181 -0.11494411
v 0.07631424 -0.18452199 -0.11595851
v 0.07631424 -0.16952163 -0.11463112
v 0.07631424 -0.16202145 -0.11500027
v 0.07631424 -0.15452131 -0.11399339
v 0.07631424 -0.14702113 -0.11235451
v 0.07631424 -0.13952095 -0.11130005
v 0.07631424 -0.13202077 -0.11040371
v 0.07631424 -0.12452059 -0.10765766
v 0.07631424 -0.11702040 -0.10459596
v 0.07631424 -0.10952026 -0.10312706
v 0.07631424 -0.10202008 -0.10326240
v 0.07631424 -0.09451990 -0.10301989
v 0.07631424 -0.08701972 -0.10204559
v 0.07631424 -0.07951954 -0.10164694
v 0.07631424 -0.07201936 -0.10203986
v 0.07631424 -0.06451918 -0.10234035
v 0.07631424 -0.05701900 -0.10017662
v 0.07631424 -0.04951882 -0.09672560
v 0.07631424 -0.04201864 -0.09519524
v 0.07631424 -0.03451846 -0.09457583
v 0.07631424 -0.02701828 -0.09464013
v 0.07631424 -0.01951810 -0.09347043
v 0.07631424 -0.01201792 -0.09256910
v 0.07631424 -0.00451778 -0.09216012
v 0.07631424 0.00298240 -0.09291812
v 0.07631424 0.01048258 -0.09430472
v 0.07631424 0.01798276 -0.09447913
v 0.07631424 0.02548294 -0.09447885
v 0.07631424 0.03298312 -0.09585105
v 0.07631424 0.04048330 -0.09820549
v 0.07631424 0.04798348 -0.09953833
v 0.07631424 0.05548366 -0.09928629
v 0.07631424 0.06298384 -0.09933082
v 0.07631424 0.07048402 -0.10016262
v 0.07631424 0.07798421 -0.10203345
v 0.07631424 0.08548439 -0.10375068
v 0.07631424 0.09298457 -0.10589879
v 0.07631424 0.10048475 -0.10834585
v 0.07631424 0.10798493 -0.11020814
v 0.07631424 0.11548507 -0.11102871
v 0.07631424 0.12298525 -0.11216175
v 0.07631424 0.13048543 -0.11287111
v 0.07631424 0.13798561 -0.11332952
v 0.07631424 0.14548575 -0.11398983
v 0.07631424 0.15298593 -0.11471813
v 0.07631424 0.16048615 -0.11488685
v 0.07631424 0.16798629 -0.11574040
v 0.07631424 0.17548647 -0.11744710
v 0.06881406 -0.17702181 -0.11543334
v 0.06881406 -0.18452199 -0.11637789
v 0.06881406 -0.16952163 -0.11499893
v 0.06881406 -0.16202149 -0.11502345
v 0.06881406 -0.15452127 -0.11401977
v 0.06881406 -0.14702113 -0.11268048
v 0.06881406 -0.13952095 -0.11150488
v 0.06881406 -0.13202077 -0.10992592
v 0.06881406 -0.12452059 -0.10709044
v 0.06881406 -0.11702040 -0.10483499
v 0.06881406 -0.10952026 -0.10425959
v 0.06881406 -0.10202008 -0.10415870
v 0.06881406 -0.09451990 -0.10345675
v 0.06881406 -0.08701972 -0.10191824
v 0.06881406 -0.07951954 -0.10191425
v 0.06881406 -0.07201936 -0.10207292
v 0.06881406 -0.06451918 -0.10207154
v 0.06881406 -0.05701900 -0.09894486
v 0.06881406 -0.04951882 -0.09394201
v 0.06881406 -0.04201864 -0.09155356
v 0.06881406 -0.03451846 -0.09088807
v 0.06881406 -0.02701828 -0.09169364
v 0.06881406 -0.01951810 -0.08987790
v 0.06881410 -0.01201792 -0.08772429
v 0.06881406 -0.00451778 -0.08685832
v 0.06881406 0.00298240 -0.08789447
v 0.06881402 0.01048258 -0.09028688
v 0.06881406 0.01798276 -0.09184025
v 0.06881406 0.02548294 -0.09225579
v 0.06881406 0.03298312 -0.09316898
v 0.06881406 0.04048330 -0.09538813
v 0.06881406 0.04798348 -0.09686687
v 0.06881406 0.05548366 -0.09737120
v 0.06881406 0.06298384 -0.09781174
v 0.06881406 0.07048402 -0.09800169
v 0.06881406 0.07798421 -0.09916630
v 0.06881406 0.08548439 -0.09993517
v 0.06881406 0.09298457 -0.10295562
v 0.06881406 0.10048475 -0.10668328
v 0.06881406 0.10798493 -0.10949705
v 0.06881406 0.11548507 -0.11061352
v 0.06881406 0.12298525 -0.11221890
v 0.06881406 0.13048543 -0.11403895
v 0.06881406 0.13798561 -0.11503729
v 0.06881406 0.14548575 -0.11525556
v 0.06881406 0.15298593 -0.11485038
v 0.06881406 0.16048611 -0.11472185
v 0.06881406 0.16798629 -0.11629314
v 0.06881406 0.17548647 -0.11850243
v 0.06131388 -0.17702181 -0.11490381
v 0.06131388 -0.18452199 -0.11531077
v 0.06131388 -0.16952163 -0.11454103
v 0.06131388 -0.16202145 -0.11395175
v 0.06131388 -0.15452131 -0.11288554
v 0.06131388 -0.14702113 -0.11196784
v 0.06131388 -0.13952095 -0.11094119
v 0.06131388 -0.13202077 -0.10914146
v 0.06131388 -0.12452059 -0.10671152
v 0.06131388 -0.11702040 -0.10540537
v 0.06131392 -0.10952026 -0.10523729
v 0.06131388 -0.10202008 -0.10459200
v 0.06131392 -0.09451990 -0.10331188
v 0.06131388 -0.08701972 -0.10166731
v 0.06131388 -0.07951954 -0.10120240
v 0.06131388 -0.07201936 -0.10141518
v 0.06131392 -0.06451918 -0.10103254
v 0.06131392 -0.05701900 -0.09718156
v 0.06131388 -0.04951882 -0.09188755
v 0.06131388 -0.04201864 -0.08758543
v 0.06131388 -0.03451846 -0.08660897
v 0.06131388 -0.02701828 -0.08794707
v 0.06131388 -0.01951810 -0.08698911
v 0.06131388 -0.01201792 -0.08516823
v 0.06131388 -0.00451778 -0.08480572
v 0.06131388 0.00298240 -0.08510558
v 0.06131388 0.01048258 -0.08554857
v 0.06131388 0.01798276 -0.08677919
v 0.06131388 0.02548294 -0.08794735
v 0.06131388 0.03298312 -0.08867889
v 0.06131388 0.04048330 -0.09097503
v 0.06131388 0.04798348 -0.09352184
v 0.06131388 0.05548366 -0.09449519
v 0.06131388 0.06298384 -0.09407059
v 0.06131388 0.07048402 -0.09466244
v 0.06131388 0.07798421 -0.09645362
v 0.06131388 0.08548439 -0.09768957
v 0.06131388 0.09298457 -0.10071943
v 0.06131388 0.10048475 -0.10469151
v 0.06131388 0.10798493 -0.10786134
v 0.06131388 0.11548507 -0.10906062
v 0.06131388 0.12298525 -0.11069570
v 0.06131388 0.13048539 -0.11335594
v 0.06131388 0.13798561 -0.11519031
v 0.06131388 0.14548575 -0.11626751
v 0.06131392 0.15298593 -0.11586478
v 0.06131388 0.16048611 -0.11539577
v 0.06131388 0.16798629 -0.11678916
v 0.06131388 0.17548647 -0.11851311
v 0.05381374 -0.17702181 -0.11366929
v 0.05381374 -0.18452199 -0.11430516
v 0.05381374 -0.16952163 -0.11288443
v 0.05381370 -0.16202145 -0.11199936
v 0.05381370 -0.15452131 -0.11099529
v 0.05381370 -0.14702113 -0.11049622
v 0.05381374 -0.13952095 -0.10994261
v 0.05381374 -0.13202077 -0.10914130
v 0.05381370 -0.12452059 -0.10802954
v 0.05381374 -0.11702040 -0.10702811
v 0.05381370 -0.10952026 -0.10646379
v 0.05381370 -0.10202008 -0.10559110
v 0.05381374 -0.09451990 -0.10395040
v 0.05381370 -0.08701972 -0.10166612
v 0.05381374 -0.07951954 -0.10062546
v 0.05381370 -0.07201936 -0.10011453
v 0.05381370 -0.06451918 -0.09895850
v 0.05381374 -0.05701900 -0.09546825
v 0.05381370 -0.04951882 -0.09001747
v 0.05381374 -0.04201864 -0.08453592
v 0.05381374 -0.03451846 -0.08258721
v 0.05381370 -0.02701828 -0.08353173
v 0.05381374 -0.01951810 -0.08399947
v 0.05381370 -0.01201792 -0.08434996
v 0.05381370 -0.00451778 -0.08484622
v 0.05381370 0.00298240 -0.08402569
v 0.05381370 0.01048258 -0.08200327
v 0.05381374 0.01798276 -0.08231029
v 0.05381374 0.02548294 -0.08390539
v 0.05381370 0.03298312 -0.08555348
v 0.05381370 0.04048330 -0.08821608
v 0.05381370 0.04798348 -0.09142558
v 0.05381374 0.05548366 -0.09247782
v 0.05381374 0.06298384 -0.09156329
v 0.05381370 0.07048402 -0.09265710
v 0.05381370 0.07798421 -0.09489507
v 0.05381374 0.08548439 -0.09690511
v 0.05381374 0.09298457 -0.09935032
v 0.05381370 0.10048475 -0.10268158
v 0.05381374 0.10798493 -0.10557140
v 0.05381374 0.11548507 -0.10700688
v 0.05381370 0.12298525 -0.10895831
v 0.05381370 0.13048543 -0.11172525
v 0.05381370 0.13798561 -0.11394427
v 0.05381370 0.14548575 -0.11618390
v 0.05381370 0.15298593 -0.11678414
v 0.05381370 0.16048611 -0.11641728
v 0.05381370 0.16798629 -0.11735550
v 0.05381370 0.17548647 -0.11858809
v 0.04631352 -0.17702181 -0.11274415
v 0.04631352 -0.18452199 -0.11358058
v 0.04631352 -0.16952163 -0.11170357
v 0.04631352 -0.16202145 -0.11128914
v 0.04631352 -0.15452127 -0.11049784
v 0.04631352 -0.14702113 -0.10984508
v 0.04631352 -0.13952095 -0.10985643
v 0.04631352 -0.13202077 -0.10993031
v 0.04631352 -0.12452059 -0.10896377
v 0.04631352 -0.11702044 -0.10719556
v 0.04631352 -0.10952026 -0.10651433
v 0.04631352 -0.10202008 -0.10548870
v 0.04631352 -0.09451990 -0.10398485
v 0.04631356 -0.08701972 -0.10104856
v 0.04631352 -0.07951954 -0.09914261
v 0.04631352 -0.07201936 -0.09816479
v 0.04631352 -0.06451918 -0.09595202
v 0.04631352 -0.05701900 -0.09219600
v 0.04631352 -0.04951882 -0.08804765
v 0.04631352 -0.04201864 -0.08317978
v 0.04631352 -0.03451846 -0.08010744
v 0.04631352 -0.02701828 -0.07976103
v 0.04631352 -0.01951810 -0.08033085
v 0.04631356 -0.01201792 -0.08123463
v 0.04631356 -0.00451778 -0.08225231
v 0.04631356 0.00298240 -0.08176973
v 0.04631352 0.01048258 -0.08009522
v 0.04631352 0.01798276 -0.07967790
v 0.04631352 0.02548294 -0.08134521
v 0.04631356 0.03298312 -0.08392358
v 0.04631352 0.04048330 -0.08689273
v 0.04631352 0.04798348 -0.08986354
v 0.04631352 0.05548366 -0.09036811
v 0.04631352 0.06298384 -0.08998512
v 0.04631352 0.07048402 -0.09152390
v 0.04631352 0.07798421 -0.09467288
v 0.04631352 0.08548439 -0.09703214
v 0.04631352 0.09298457 -0.09871025
v 0.04631352 0.10048475 -0.10101087
v 0.04631352 0.10798493 -0.10386363
v 0.04631352 0.11548507 -0.10644429
v 0.04631352 0.12298525 -0.10827569
v 0.04631352 0.13048543 -0.11057136
v 0.04631352 0.13798561 -0.11319339
v 0.04631352 0.14548575 -0.11602408
v 0.04631352 0.15298593 -0.11757073
v 0.04631352 0.16048611 -0.11778347
v 0.04631352 0.16798629 -0.11789859
v 0.04631352 0.17548647 -0.11816112
v 0.03881334 -0.17702181 -0.11265635
v 0.03881334 -0.18452199 -0.11342495
v 0.03881334 -0.16952163 -0.11188491
v 0.03881334 -0.16202145 -0.11198216
v 0.03881334 -0.15452127 -0.11132303
v 0.03881338 -0.14702113 -0.11068594
v 0.03881334 -0.13952095 -0.11111038
v 0.03881334 -0.13202077 -0.11092616
v 0.03881338 -0.12452059 -0.10903610
v 0.03881334 -0.11702040 -0.10657445
v 0.03881334 -0.10952026 -0.10534530
v 0.03881334 -0.10202008 -0.10413403
v 0.03881338 -0.09451990 -0.10189159
v 0.03881334 -0.08701972 -0.09916337
v 0.03881338 -0.07951954 -0.09769958
v 0.03881334 -0.07201936 -0.09551116
v 0.03881334 -0.06451918 -0.09200537
v 0.03881334 -0.05701900 -0.08841276
v 0.03881334 -0.04951882 -0.08609143
v 0.03881338 -0.04201864 -0.08255549
v 0.03881338 -0.03451846 -0.07898092
v 0.03881338 -0.02701828 -0.07674394
v 0.03881338 -0.01951810 -0.07691808
v 0.03881338 -0.01201792 -0.07764309
v 0.03881334 -0.00451778 -0.07793683
v 0.03881338 0.00298240 -0.07749755
v 0.03881334 0.01048258 -0.07750107
v 0.03881334 0.01798276 -0.07773793
v 0.03881338 0.02548294 -0.07943313
v 0.03881338 0.03298312 -0.08223910
v 0.03881338 0.04048330 -0.08555498
v 0.03881338 0.04798348 -0.08780232
v 0.03881334 0.05548366 -0.08909218
v 0.03881338 0.06298384 -0.08989716
v 0.03881338 0.07048402 -0.09161965
v 0.03881334 0.07798421 -0.09465908
v 0.03881338 0.08548439 -0.09630662
v 0.03881338 0.09298457 -0.09680988
v 0.03881338 0.10048475 -0.09832548
v 0.03881334 0.10798493 -0.10202432
v 0.03881334 0.11548507 -0.10603978
v 0.03881334 0.12298525 -0.10854206
v 0.03881338 0.13048543 -0.11081052
v 0.03881334 0.13798561 -0.11379928
v 0.03881334 0.14548575 -0.11602207
v 0.03881334 0.15298593 -0.11718797
v 0.03881334 0.16048611 -0.11800522
v 0.03881334 0.16798629 -0.11791461
v 0.03881334 0.17548647 -0.11788384
v 0.03131316 -0.17702181 -0.11309396
v 0.03131316 -0.18452199 -0.11409476
v 0.03131316 -0.16952163 -0.11223175
v 0.03131316 -0.16202145 -0.11240846
v 0.03131316 -0.15452127 -0.11195353
v 0.03131316 -0.14702109 -0.11150156
v 0.03131316 -0.13952095 -0.11221475
v 0.03131316 -0.13202077 -0.11247783
v 0.03131316 -0.12452062 -0.11033450
v 0.03131316 -0.11702044 -0.10698117
v 0.03131316 -0.10952026 -0.10462384
v 0.03131320 -0.10202008 -0.10237848
v 0.03131320 -0.09451990 -0.09948534
v 0.03131320 -0.08701972 -0.09702621
v 0.03131320 -0.07951954 -0.09468498
v 0.03131320 -0.07201936 -0.09225738
v 0.03131320 -0.06451918 -0.08852935
v 0.03131320 -0.05701900 -0.08544428
v 0.03131320 -0.04951882 -0.08385180
v 0.03131320 -0.04201864 -0.08109103
v 0.03131320 -0.03451846 -0.07783238
v 0.03131320 -0.02701828 -0.07588905
v 0.03131320 -0.01951810 -0.07508569
v 0.03131320 -0.01201792 -0.07544752
v 0.03131320 -0.00451778 -0.07476332
v 0.03131320 0.00298240 -0.07371851
v 0.03131320 0.01048258 -0.07342007
v 0.03131320 0.01798276 -0.07470439
v 0.03131320 0.02548294 -0.07693465
v 0.03131320 0.03298312 -0.07925397
v 0.03131320 0.04048330 -0.08210796
v 0.03131320 0.04798348 -0.08514058
v 0.03131320 0.05548366 -0.08862095
v 0.03131320 0.06298384 -0.09054237
v 0.03131320 0.07048402 -0.09193580
v 0.03131320 0.07798421 -0.09341411
v 0.03131320 0.08548439 -0.09433580
v 0.03131320 0.09298457 -0.09431045
v 0.03131320 0.10048475 -0.09616119
v 0.03131320 0.10798493 -0.10035799
v 0.03131316 0.11548507 -0.10492900
v 0.03131316 0.12298525 -0.10801819
v 0.03131316 0.13048543 -0.11085410
v 0.03131316 0.13798561 -0.11404500
v 0.03131320 0.14548579 -0.11536159
v 0.03131316 0.15298593 -0.11559865
v 0.03131316 0.16048611 -0.11673363
v 0.03131316 0.16798629 -0.11752478
v 0.03131316 0.17548647 -0.11841791
v 0.02381298 -0.17702181 -0.11367945
v 0.02381298 -0.18452199 -0.11465624
v 0.02381298 -0.16952163 -0.11276464
v 0.02381302 -0.16202149 -0.11293921
v 0.02381298 -0.15452127 -0.11240091
v 0.02381298 -0.14702113 -0.11159450
v 0.02381298 -0.13952095 -0.11193668
v 0.02381298 -0.13202077 -0.11205766
v 0.02381298 -0.12452059 -0.11037275
v 0.02381298 -0.11702040 -0.10668435
v 0.02381302 -0.10952026 -0.10331583
v 0.02381298 -0.10202008 -0.10008190
v 0.02381298 -0.09451990 -0.09719267
v 0.02381298 -0.08701972 -0.09477290
v 0.02381302 -0.07951954 -0.09126070
v 0.02381302 -0.07201936 -0.08857100
v 0.02381302 -0.06451918 -0.08488494
v 0.02381302 -0.05701900 -0.08266560
v 0.02381302 -0.04951882 -0.08061929
v 0.02381302 -0.04201864 -0.07845405
v 0.02381302 -0.03451846 -0.07659287
v 0.02381302 -0.02701828 -0.07557558
v 0.02381302 -0.01951810 -0.07465464
v 0.02381302 -0.01201792 -0.07354042
v 0.02381302 -0.00451778 -0.07183783
v 0.02381302 0.00298240 -0.07016720
v 0.02381302 0.01048258 -0.07012966
v 0.02381302 0.01798276 -0.07139152
v 0.02381302 0.02548294 -0.07377871
v 0.02381302 0.03298312 -0.07574509
v 0.02381302 0.04048330 -0.07822609
v 0.02381302 0.04798348 -0.08157448
v 0.02381302 0.05548366 -0.08681284
v 0.02381302 0.06298384 -0.08983349
v 0.02381302 0.07048402 -0.09134063
v 0.02381302 0.07798421 -0.09221597
v 0.02381298 0.08548439 -0.09294620
v 0.02381302 0.09298457 -0.09302926
v 0.02381302 0.10048475 -0.09503784
v 0.02381298 0.10798493 -0.09942985
v 0.02381298 0.11548507 -0.10381221
v 0.02381302 0.12298525 -0.10649914
v 0.02381298 0.13048543 -0.10898010
v 0.02381298 0.13798561 -0.11206885
v 0.02381298 0.14548575 -0.11349555
v 0.02381298 0.15298593 -0.11377168
v 0.02381298 0.16048611 -0.11484943
v 0.02381298 0.16798629 -0.11649658
v 0.02381298 0.17548647 -0.11829199
v 0.01631284 -0.17702181 -0.11400012
v 0.01631284 -0.18452199 -0.11482974
v 0.01631284 -0.16952163 -0.11358742
v 0.01631284 -0.16202145 -0.11387079
v 0.01631284 -0.15452127 -0.11381277
v 0.01631284 -0.14702109 -0.11215270
v 0.01631280 -0.13952095 -0.11057725
v 0.01631284 -0.13202077 -0.10993952
v 0.01631284 -0.12452059 -0.10820197
v 0.01631284 -0.11702040 -0.10446715
v 0.01631284 -0.10952026 -0.10090650
v 0.01631284 -0.10202008 -0.09852121
v 0.01631284 -0.09451990 -0.09609285
v 0.01631284 -0.08701972 -0.09288221
v 0.01631284 -0.07951954 -0.08941043
v 0.01631280 -0.07201936 -0.08570321
v 0.01631284 -0.06451918 -0.08233971
v 0.01631284 -0.05701900 -0.08056352
v 0.01631284 -0.04951882 -0.07809739
v 0.01631284 -0.04201864 -0.07566575
v 0.01631284 -0.03451846 -0.07426251
v 0.01631284 -0.02701828 -0.07305314
v 0.01631284 -0.01951810 -0.07162027
v 0.01631284 -0.01201792 -0.07018749
v 0.01631284 -0.00451778 -0.06751013
v 0.01631284 0.00298240 -0.06660141
v 0.01631284 0.01048258 -0.06672500
v 0.01631284 0.01798276 -0.06825468
v 0.01631284 0.02548294 -0.07091408
v 0.01631284 0.03298312 -0.07352919
v 0.01631284 0.04048330 -0.07584574
v 0.01631284 0.04798348 -0.07849522
v 0.01631284 0.05548366 -0.08262134
v 0.01631284 0.06298384 -0.08699975
v 0.01631284 0.07048402 -0.09046228
v 0.01631284 0.07798421 -0.09211528
v 0.01631284 0.08548439 -0.09248767
v 0.01631284 0.09298457 -0.09231868
v 0.01631284 0.10048475 -0.09431089
v 0.01631284 0.10798493 -0.09838417
v 0.01631284 0.11548507 -0.10207897
v 0.01631284 0.12298525 -0.10456606
v 0.01631284 0.13048547 -0.10685224
v 0.01631284 0.13798561 -0.10969246
v 0.01631284 0.14548579 -0.11183721
v 0.01631284 0.15298593 -0.11270065
v 0.01631284 0.16048611 -0.11366569
v 0.01631280 0.16798629 -0.11559304
v 0.01631284 0.17548647 -0.11735823
v 0.00881266 -0.17702181 -0.11409531
v 0.00881266 -0.18452199 -0.11487613
v 0.00881262 -0.16952163 -0.11394364
v 0.00881266 -0.16202145 -0.11437441
v 0.00881266 -0.15452127 -0.11426011
v 0.00881266 -0.14702113 -0.11210259
v 0.00881266 -0.13952095 -0.10946399
v 0.00881266 -0.13202077 -0.10771065
v 0.00881266 -0.12452059 -0.10541827
v 0.00881266 -0.11702044 -0.10165908
v 0.00881266 -0.10952022 -0.09817456
v 0.00881266 -0.10202008 -0.09704694
v 0.00881266 -0.09451990 -0.09543313
v 0.00881266 -0.08701972 -0.09307410
v 0.00881266 -0.07951954 -0.08878164
v 0.00881266 -0.07201936 -0.08391409
v 0.00881266 -0.06451918 -0.08131662
v 0.00881266 -0.05701900 -0.07909332
v 0.00881266 -0.04951882 -0.07652369
v 0.00881266 -0.04201864 -0.07373833
v 0.00881266 -0.03451846 -0.07212876
v 0.00881266 -0.02701828 -0.07048244
v 0.00881266 -0.01951810 -0.06987639
v 0.00881266 -0.01201792 -0.06891562
v 0.00881266 -0.00451778 -0.06649771
v 0.00881266 0.00298240 -0.06513002
v 0.00881266 0.01048258 -0.06564878
v 0.00881266 0.01798276 -0.06705863
v 0.00881266 0.02548294 -0.06901062
v 0.00881266 0.03298312 -0.07135288
v 0.00881266 0.04048330 -0.07328490
v 0.00881266 0.04798348 -0.07524222
v 0.00881266 0.05548366 -0.07897428
v 0.00881266 0.06298384 -0.08358484
v 0.00881266 0.07048402 -0.08899058
v 0.00881266 0.07798421 -0.09198235
v 0.00881266 0.08548439 -0.09227521
v 0.00881266 0.09298457 -0.09175320
v 0.00881266 0.10048475 -0.09280276
v 0.00881266 0.10798493 -0.09568490
v 0.00881266 0.11548507 -0.09929531
v 0.00881266 0.12298525 -0.10258318
v 0.00881266 0.13048543 -0.10542918
v 0.00881266 0.13798561 -0.10832778
v 0.00881266 0.14548579 -0.11061633
v 0.00881266 0.15298593 -0.11172315
v 0.00881266 0.16048611 -0.11281839
v 0.00881262 0.16798629 -0.11500636
v 0.00881266 0.17548647 -0.11677002
v 0.00131248 -0.17702181 -0.11435713
v 0.00131248 -0.18452199 -0.11451959
v 0.00131248 -0.16952163 -0.11462088
v 0.00131248 -0.16202149 -0.11463947
v 0.00131248 -0.15452127 -0.11391615
v 0.00131248 -0.14702113 -0.11181708
v 0.00131248 -0.13952095 -0.10945532
v 0.00131248 -0.13202077 -0.10726272
v 0.00131248 -0.12452059 -0.10469954
v 0.00131248 -0.11702040 -0.10114557
v 0.00131248 -0.10952026 -0.09765275
v 0.00131248 -0.10202008 -0.09616305
v 0.00131248 -0.09451990 -0.09496190
v 0.00131248 -0.08701972 -0.09279509
v 0.00131248 -0.07951954 -0.08884598
v 0.00131248 -0.07201936 -0.08418733
v 0.00131248 -0.06451918 -0.08052793
v 0.00131248 -0.05701900 -0.07784693
v 0.00131248 -0.04951882 -0.07538966
v 0.00131248 -0.04201864 -0.07263926
v 0.00131248 -0.03451846 -0.07035316
v 0.00131248 -0.02701828 -0.07014331
v 0.00131248 -0.01951810 -0.07032385
v 0.00131248 -0.01201792 -0.06867180
v 0.00131248 -0.00451778 -0.06667599
v 0.00131248 0.00298240 -0.06445978
v 0.00131248 0.01048258 -0.06428636
v 0.00131248 0.01798276 -0.06549229
v 0.00131248 0.02548294 -0.06724610
v 0.00131248 0.03298312 -0.06889193
v 0.00131248 0.04048330 -0.07076376
v 0.00131248 0.04798348 -0.07319172
v 0.00131248 0.05548366 -0.07694363
v 0.00131248 0.06298384 -0.08169324
v 0.00131248 0.07048402 -0.08790744
v 0.00131248 0.07798421 -0.09230507
v 0.00131248 0.08548439 -0.09230005
v 0.00131248 0.09298457 -0.09108708
v 0.00131248 0.10048475 -0.09173885
v 0.00131248 0.10798489 -0.09400806
v 0.00131248 0.11548507 -0.09755566
v 0.00131248 0.12298525 -0.10147288
v 0.00131248 0.13048543 -0.10415455
v 0.00131248 0.13798561 -0.10678232
v 0.00131248 0.14548579 -0.10853090
v 0.00131248 0.15298593 -0.10959157
v 0.00131248 0.16048611 -0.11115444
v 0.00131248 0.16798629 -0.11365161
v 0.00131248 0.17548647 -0.11606786
v -0.00618770 -0.17702181 -0.11440273
v -0.00618770 -0.18452199 -0.11349408
v -0.00618770 -0.16952163 -0.11526031
v -0.00618770 -0.16202145 -0.11444746
v -0.00618770 -0.15452127 -0.11271117
v -0.00618770 -0.14702113 -0.11119849
v -0.00618770 -0.13952095 -0.10954937
v -0.00618770 -0.13202077 -0.10696911
v -0.00618770 -0.12452059 -0.10384184
v -0.00618770 -0.11702040 -0.10053177
v -0.00618770 -0.10952026 -0.09734933
v -0.00618770 -0.10202008 -0.09529645
v -0.00618770 -0.09451990 -0.09356270
v -0.00618770 -0.08701972 -0.09105168
v -0.00618770 -0.07951954 -0.08810293
v -0.00618770 -0.07201936 -0.08398919
v -0.00618770 -0.06451918 -0.07929158
v -0.00618770 -0.05701900 -0.07617649
v -0.00618770 -0.04951882 -0.07281141
v -0.00618770 -0.04201864 -0.06983483
v -0.00618770 -0.03451846 -0.06941920
v -0.00618770 -0.02701828 -0.07019975
v -0.00618770 -0.01951810 -0.07012520
v -0.00618770 -0.01201792 -0.06708216
v -0.00618770 -0.00451778 -0.06462968
v -0.00618770 0.00298240 -0.06311926
v -0.00618770 0.01048258 -0.06247259
v -0.00618770 0.01798276 -0.06434260
v -0.00618770 0.02548294 -0.06661141
v -0.00618770 0.03298312 -0.06775320
v -0.00618770 0.04048330 -0.07033813
v -0.00618770 0.04798348 -0.07309676
v -0.00618770 0.05548366 -0.07628379
v -0.00618770 0.06298384 -0.08104875
v -0.00618770 0.07048402 -0.08699773
v -0.00618770 0.07798421 -0.09167774
v -0.00618770 0.08548439 -0.09249226
v -0.00618770 0.09298457 -0.09104219
v -0.00618770 0.10048475 -0.09168870
v -0.00618770 0.10798493 -0.09435494
v -0.00618770 0.11548507 -0.09808142
v -0.00618770 0.12298525 -0.10111093
v -0.00618770 0.13048543 -0.10283223
v -0.00618770 0.13798561 -0.10458481
v -0.00618770 0.14548579 -0.10616302
v -0.00618770 0.15298593 -0.10785046
v -0.00618770 0.16048611 -0.11005647
v -0.00618770 0.16798629 -0.11229385
v -0.00618770 0.17548647 -0.11500905
v -0.01368788 -0.17702181 -0.11383800
v -0.01368788 -0.18452199 -0.11278963
v -0.01368788 -0.16952163 -0.11489444
v -0.01368788 -0.16202145 -0.11389484
v -0.01368788 -0.15452127 -0.11201107
v -0.01368788 -0.14702113 -0.11145841
v -0.01368788 -0.13952095 -0.11031449
v -0.01368788 -0.13202077 -0.10683757
v -0.01368788 -0.12452059 -0.10267636
v -0.01368788 -0.11702040 -0.09920921
v -0.01368788 -0.10952026 -0.09649234
v -0.01368788 -0.10202008 -0.09469218
v -0.01368788 -0.09451990 -0.09275653
v -0.01368788 -0.08701972 -0.08985520
v -0.01368788 -0.07951954 -0.08674320
v -0.01368788 -0.07201936 -0.08299595
v -0.01368788 -0.06451918 -0.07774754
v -0.01368788 -0.05701900 -0.07266931
v -0.01368788 -0.04951882 -0.06881347
v -0.01368788 -0.04201864 -0.06772713
v -0.01368788 -0.03451846 -0.06803759
v -0.01368788 -0.02701828 -0.06881549
v -0.01368788 -0.01951810 -0.06765041
v -0.01368788 -0.01201792 -0.06526014
v -0.01368788 -0.00451778 -0.06289743
v -0.01368788 0.00298240 -0.06133057
v -0.01368788 0.01048258 -0.06203423
v -0.01368788 0.01798276 -0.06444835
v -0.01368788 0.02548294 -0.06703668
v -0.01368788 0.03298312 -0.06811206
v -0.01368788 0.04048330 -0.06988264
v -0.01368788 0.04798348 -0.07307354
v -0.01368788 0.05548366 -0.07677879
v -0.01368788 0.06298384 -0.08078531
v -0.01368788 0.07048402 -0.08596340
v -0.01368788 0.07798421 -0.09108561
v -0.01368788 0.08548439 -0.09205884
v -0.01368788 0.09298457 -0.09158579
v -0.01368788 0.10048475 -0.09174237
v -0.01368788 0.10798493 -0.09457108
v -0.01368788 0.11548507 -0.09825548
v -0.01368788 0.12298525 -0.10123373
v -0.01368788 0.13048543 -0.10256804
v -0.01368788 0.13798561 -0.10364797
v -0.01368788 0.14548575 -0.10542020
v -0.01368788 0.15298593 -0.10770160
v -0.01368788 0.16048611 -0.11033071
v -0.01368788 0.16798629 -0.11228708
v -0.01368788 0.17548647 -0.11494380
v -0.02118806 -0.17702181 -0.11347779
v -0.02118806 -0.18452199 -0.11302460
v -0.02118806 -0.16952163 -0.11409859
v -0.02118806 -0.16202145 -0.11409132
v -0.02118806 -0.15452131 -0.11316958
v -0.02118806 -0.14702113 -0.11217639
v -0.02118806 -0.13952095 -0.11073786
v -0.02118806 -0.13202077 -0.10687870
v -0.02118806 -0.12452059 -0.10229127
v -0.02118806 -0.11702040 -0.09924282
v -0.02118806 -0.10952026 -0.09681854
v -0.02118806 -0.10202008 -0.09456214
v -0.02118806 -0.09451990 -0.09240260
v -0.02118806 -0.08701972 -0.08957128
v -0.02118806 -0.07951954 -0.08605654
v -0.02118806 -0.07201936 -0.08082490
v -0.02118806 -0.06451922 -0.07478191
v -0.02118806 -0.05701900 -0.06903593
v -0.02118806 -0.04951882 -0.06555466
v -0.02118806 -0.04201864 -0.06569628
v -0.02118806 -0.03451846 -0.06669031
v -0.02118806 -0.02701828 -0.06664313
v -0.02118806 -0.01951810 -0.06472246
v -0.02118806 -0.01201792 -0.06309664
v -0.02118806 -0.00451778 -0.06146452
v -0.02118806 0.00298240 -0.06011163
v -0.02118806 0.01048258 -0.06113247
v -0.02118806 0.01798276 -0.06389423
v -0.02118806 0.02548294 -0.06673789
v -0.02118806 0.03298312 -0.06875375
v -0.02118806 0.04048330 -0.07105460
v -0.02118806 0.04798348 -0.07398986
v -0.02118806 0.05548366 -0.07684021
v -0.02118806 0.06298384 -0.08100489
v -0.02118806 0.07048402 -0.08542083
v -0.02118806 0.07798421 -0.08970535
v -0.02118806 0.08548439 -0.09126141
v -0.02118806 0.09298457 -0.09189649
v -0.02118806 0.10048475 -0.09247948
v -0.02118806 0.10798493 -0.09508352
v -0.02118806 0.11548507 -0.09852516
v -0.02118806 0.12298525 -0.10140213
v -0.02118806 0.13048543 -0.10323132
v -0.02118806 0.13798561 -0.10497567
v -0.02118806 0.14548575 -0.10697231
v -0.02118806 0.15298593 -0.10928874
v -0.02118806 0.16048611 -0.11168977
v -0.02118806 0.16798629 -0.11355883
v -0.02118806 0.17548647 -0.11594071
v -0.02868824 -0.17702181 -0.11336286
v -0.02868824 -0.18452199 -0.11300818
v -0.02868824 -0.16952163 -0.11386814
v -0.02868824 -0.16202145 -0.11482349
v -0.02868824 -0.15452131 -0.11436480
v -0.02868824 -0.14702113 -0.11248032
v -0.02868824 -0.13952095 -0.11026936
v -0.02868824 -0.13202077 -0.10664611
v -0.02868824 -0.12452059 -0.10291979
v -0.02868824 -0.11702040 -0.10045940
v -0.02868824 -0.10952026 -0.09802313
v -0.02868824 -0.10202008 -0.09536574
v -0.02868824 -0.09451990 -0.09227719
v -0.02868824 -0.08701972 -0.08833801
v -0.02868824 -0.07951954 -0.08564227
v -0.02868824 -0.07201940 -0.07921355
v -0.02868824 -0.06451918 -0.07223044
v -0.02868824 -0.05701900 -0.06759365
v -0.02868824 -0.04951882 -0.06553291
v -0.02868824 -0.04201864 -0.06566714
v -0.02868824 -0.03451846 -0.06681355
v -0.02868824 -0.02701828 -0.06533524
v -0.02868824 -0.01951814 -0.06301671
v -0.02868824 -0.01201792 -0.06206172
v -0.02868824 -0.00451778 -0.06069165
v -0.02868824 0.00298240 -0.05949925
v -0.02868824 0.01048258 -0.06052405
v -0.02868824 0.01798276 -0.06390273
v -0.02868824 0.02548294 -0.06739448
v -0.02868824 0.03298312 -0.07017194
v -0.02868824 0.04048330 -0.07229004
v -0.02868824 0.04798348 -0.07431594
v -0.02868824 0.05548366 -0.07743510
v -0.02868824 0.06298384 -0.08161925
v -0.02868824 0.07048402 -0.08554217
v -0.02868824 0.07798421 -0.08907723
v -0.02868824 0.08548439 -0.09065654
v -0.02868824 0.09298457 -0.09309111
v -0.02868824 0.10048475 -0.09465639
v -0.02868824 0.10798489 -0.09694229
v -0.02868824 0.11548507 -0.09992133
v -0.02868824 0.12298521 -0.10239968
v -0.02868824 0.13048543 -0.10457381
v -0.02868824 0.13798557 -0.10718805
v -0.02868824 0.14548575 -0.10975056
v -0.02868824 0.15298593 -0.11135420
v -0.02868824 0.16048611 -0.11325936
v -0.02868824 0.16798629 -0.11516377
v -0.02868824 0.17548647 -0.11732074
v -0.03618842 -0.17702181 -0.11281637
v -0.03618842 -0.18452199 -0.11234115
v -0.03618842 -0.16952163 -0.11301930
v -0.03618842 -0.16202145 -0.11437164
v -0.03618842 -0.15452127 -0.11446399
v -0.03618842 -0.14702109 -0.11223788
v -0.03618842 -0.13952095 -0.10984840
v -0.03618842 -0.13202077 -0.10641352
v -0.03618842 -0.12452059 -0.10356966
v -0.03618842 -0.11702040 -0.10121510
v -0.03618842 -0.10952026 -0.09895621
v -0.03618842 -0.10202008 -0.09599841
v -0.03618842 -0.09451990 -0.09168676
v -0.03618842 -0.08701972 -0.08809340
v -0.03618842 -0.07951954 -0.08630887
v -0.03618842 -0.07201936 -0.08059686
v -0.03618842 -0.06451918 -0.07318049
v -0.03618842 -0.05701900 -0.06875296
v -0.03618842 -0.04951882 -0.06729474
v -0.03618842 -0.04201864 -0.06688936
v -0.03618842 -0.03451846 -0.06576079
v -0.03618842 -0.02701828 -0.06374857
v -0.03618842 -0.01951810 -0.06274999
v -0.03618842 -0.01201792 -0.06286986
v -0.03618842 -0.00451778 -0.06185246
v -0.03618842 0.00298240 -0.06062755
v -0.03618842 0.01048258 -0.06144333
v -0.03618842 0.01798276 -0.06498444
v -0.03618842 0.02548294 -0.06841335
v -0.03618842 0.03298312 -0.07091622
v -0.03618842 0.04048330 -0.07305171
v -0.03618842 0.04798348 -0.07385962
v -0.03618842 0.05548366 -0.07729830
v -0.03618842 0.06298384 -0.08194173
v -0.03618842 0.07048402 -0.08532528
v -0.03618842 0.07798421 -0.08865540
v -0.03618842 0.08548439 -0.09216289
v -0.03618842 0.09298457 -0.09567229
v -0.03618842 0.10048475 -0.09806323
v -0.03618842 0.10798493 -0.10051389
v -0.03618842 0.11548507 -0.10306758
v -0.03618842 0.12298525 -0.10493956
v -0.03618842 0.13048543 -0.10692620
v -0.03618842 0.13798561 -0.10993600
v -0.03618842 0.14548575 -0.11266679
v -0.03618842 0.15298593 -0.11361894
v -0.03618842 0.16048611 -0.11512383
v -0.03618842 0.16798629 -0.11713150
v -0.03618842 0.17548647 -0.11917603
v -0.04368860 -0.17702181 -0.11227510
v -0.04368860 -0.18452199 -0.11185418
v -0.04368860 -0.16952163 -0.11210081
v -0.04368860 -0.16202145 -0.11283990
v -0.04368860 -0.15452127 -0.11288586
v -0.04368860 -0.14702113 -0.11133415
v -0.04368860 -0.13952095 -0.10941989
v -0.04368860 -0.13202077 -0.10648317
v -0.04368860 -0.12452059 -0.10348779
v -0.04368860 -0.11702044 -0.10092604
v -0.04368860 -0.10952026 -0.09853695
v -0.04368860 -0.10202008 -0.09568937
v -0.04368860 -0.09451990 -0.09183151
v -0.04368860 -0.08701972 -0.08918737
v -0.04368860 -0.07951954 -0.08766414
v -0.04368860 -0.07201936 -0.08372204
v -0.04368860 -0.06451918 -0.07645567
v -0.04368860 -0.05701900 -0.07190372
v -0.04368860 -0.04951882 -0.06963664
v -0.04368860 -0.04201864 -0.06733868
v -0.04368860 -0.03451846 -0.06417360
v -0.04368860 -0.02701828 -0.06260433
v -0.04368860 -0.01951810 -0.06302731
v -0.04368860 -0.01201792 -0.06426808
v -0.04368860 -0.00451778 -0.06372420
v -0.04368860 0.00298240 -0.06279183
v -0.04368860 0.01048258 -0.06412654
v -0.04368860 0.01798276 -0.06645677
v -0.04368860 0.02548294 -0.06824107
v -0.04368860 0.03298312 -0.07102913
v -0.04368860 0.04048330 -0.07250799
v -0.04368860 0.04798348 -0.07456138
v -0.04368860 0.05548366 -0.07742205
v -0.04368860 0.06298384 -0.08195897
v -0.04368860 0.07048402 -0.08629886
v -0.04368860 0.07798421 -0.09011876
v -0.04368860 0.08548439 -0.09432932
v -0.04368860 0.09298457 -0.09780256
v -0.04368860 0.10048475 -0.10080632
v -0.04368860 0.10798493 -0.10293082
v -0.04368860 0.11548507 -0.10530678
v -0.04368860 0.12298525 -0.10696270
v -0.04368860 0.13048543 -0.10935704
v -0.04368860 0.13798557 -0.11244247
v -0.04368860 0.14548575 -0.11523500
v -0.04368860 0.15298593 -0.11671667
v -0.04368860 0.16048611 -0.11797639
v -0.04368860 0.16798629 -0.11969511
v -0.04368860 0.17548647 -0.12125011
v -0.05118878 -0.17702181 -0.11278445
v -0.05118878 -0.18452199 -0.11191868
v -0.05118878 -0.16952163 -0.11228408
v -0.05118878 -0.16202145 -0.11187130
v -0.05118878 -0.15452127 -0.11114376
v -0.05118878 -0.14702113 -0.11037346
v -0.05118878 -0.13952095 -0.10935262
v -0.05118878 -0.13202077 -0.10749131
v -0.05118878 -0.12452059 -0.10509048
v -0.05118878 -0.11702044 -0.10220557
v -0.05118878 -0.10952026 -0.09937595
v -0.05118878 -0.10202008 -0.09576792
v -0.05118878 -0.09451990 -0.09303728
v -0.05118878 -0.08701972 -0.09037998
v -0.05118878 -0.07951950 -0.08763092
v -0.05118878 -0.07201936 -0.08607082
v -0.05118878 -0.06451918 -0.08033603
v -0.05118878 -0.05701900 -0.07534576
v -0.05118878 -0.04951882 -0.07274193
v -0.05118878 -0.04201864 -0.07006504
v -0.05118878 -0.03451846 -0.06630839
v -0.05118878 -0.02701828 -0.06505052
v -0.05118878 -0.01951810 -0.06594691
v -0.05118878 -0.01201792 -0.06709181
v -0.05118878 -0.00451778 -0.06586844
v -0.05118878 0.00298240 -0.06621137
v -0.05118878 0.01048258 -0.06751171
v -0.05118878 0.01798276 -0.06806809
v -0.05118878 0.02548294 -0.06908319
v -0.05118878 0.03298312 -0.07099120
v -0.05118878 0.04048330 -0.07428790
v -0.05118878 0.04798348 -0.07715253
v -0.05118878 0.05548366 -0.07914181
v -0.05118878 0.06298384 -0.08256471
v -0.05118878 0.07048402 -0.08708696
v -0.05118878 0.07798421 -0.09110179
v -0.05118878 0.08548439 -0.09545216
v -0.05118878 0.09298457 -0.09939837
v -0.05118878 0.10048475 -0.10280695
v -0.05118878 0.10798493 -0.10466584
v -0.05118878 0.11548507 -0.10646450
v -0.05118878 0.12298525 -0.10805161
v -0.05118878 0.13048543 -0.11092758
v -0.05118878 0.13798561 -0.11398299
v -0.05118878 0.14548575 -0.11683694
v -0.05118878 0.15298593 -0.11876955
v -0.05118878 0.16048611 -0.11993332
v -0.05118878 0.16798629 -0.12132051
v -0.05118878 0.17548647 -0.12208191
v -0.05868896 -0.17702181 -0.11304840
v -0.05868896 -0.18452199 -0.11157211
v -0.05868896 -0.16952163 -0.11267494
v -0.05868896 -0.16202145 -0.11174134
v -0.05868896 -0.15452127 -0.11094020
v -0.05868896 -0.14702113 -0.11092687
v -0.05868896 -0.13952095 -0.11083804
v -0.05868896 -0.13202077 -0.10988325
v -0.05868896 -0.12452059 -0.10801973
v -0.05868896 -0.11702040 -0.10516883
v -0.05868896 -0.10952026 -0.10063919
v -0.05868896 -0.10202008 -0.09649784
v -0.05868896 -0.09451990 -0.09375289
v -0.05868896 -0.08701972 -0.09060869
v -0.05868896 -0.07951954 -0.08769669
v -0.05868896 -0.07201936 -0.08637737
v -0.05868896 -0.06451918 -0.08306030
v -0.05868896 -0.05701900 -0.07921482
v -0.05868896 -0.04951882 -0.07729285
v -0.05868896 -0.04201864 -0.07497503
v -0.05868896 -0.03451846 -0.07204159
v -0.05868896 -0.02701828 -0.07081145
v -0.05868896 -0.01951810 -0.07222893
v -0.05868896 -0.01201792 -0.07266955
v -0.05868896 -0.00451778 -0.07054979
v -0.05868896 0.00298240 -0.07069110
v -0.05868896 0.01048258 -0.07147817
v -0.05868896 0.01798276 -0.07144958
v -0.05868896 0.02548294 -0.07039164
v -0.05868896 0.03298312 -0.07191266
v -0.05868896 0.04048330 -0.07726931
v -0.05868896 0.04798348 -0.08029664
v -0.05868896 0.05548366 -0.08211733
v -0.05868896 0.06298384 -0.08490372
v -0.05868896 0.07048402 -0.08904954
v -0.05868896 0.07798421 -0.09265694
v -0.05868896 0.08548439 -0.09674680
v -0.05868896 0.09298457 -0.10132153
v -0.05868896 0.10048475 -0.10514973
v -0.05868896 0.10798493 -0.10695993
v -0.05868896 0.11548507 -0.10833802
v -0.05868896 0.12298525 -0.10979284
v -0.05868896 0.13048543 -0.11234320
v -0.05868896 0.13798561 -0.11509495
v -0.05868896 0.14548575 -0.11739320
v -0.05868896 0.15298593 -0.11889998
v -0.05868896 0.16048611 -0.11986921
v -0.05868896 0.16798629 -0.12110117
v -0.05868896 0.17548647 -0.12134855
v -0.06618914 -0.17702181 -0.11146090
v -0.06618914 -0.18452199 -0.10995499
v -0.06618914 -0.16952163 -0.11165825
v -0.06618914 -0.16202145 -0.11157793
v -0.06618914 -0.15452127 -0.11223725
v -0.06618914 -0.14702113 -0.11315483
v -0.06618914 -0.13952095 -0.11307075
v -0.06618914 -0.13202077 -0.11194352
v -0.06618914 -0.12452059 -0.10994961
v -0.06618914 -0.11702040 -0.10694166
v -0.06618914 -0.10952026 -0.10199802
v -0.06618914 -0.10202008 -0.09842938
v -0.06618914 -0.09451990 -0.09520624
v -0.06618914 -0.08701972 -0.09121138
v -0.06618914 -0.07951954 -0.08813718
v -0.06618914 -0.07201936 -0.08689408
v -0.06618914 -0.06451918 -0.08483471
v -0.06618914 -0.05701900 -0.08251994
v -0.06618914 -0.04951882 -0.08132805
v -0.06618914 -0.04201864 -0.08040948
v -0.06618914 -0.03451846 -0.07855482
v -0.06618914 -0.02701828 -0.07738591
v -0.06618914 -0.01951810 -0.07893054
v -0.06618914 -0.01201792 -0.07837325
v -0.06618914 -0.00451778 -0.07555003
v -0.06618914 0.00298240 -0.07483629
v -0.06618914 0.01048258 -0.07448715
v -0.06618914 0.01798276 -0.07415490
v -0.06618914 0.02548294 -0.07378092
v -0.06618914 0.03298312 -0.07557910
v -0.06618914 0.04048330 -0.08018923
v -0.06618914 0.04798348 -0.08308205
v -0.06618914 0.05548366 -0.08462221
v -0.06618914 0.06298384 -0.08674343
v -0.06618914 0.07048402 -0.09017677
v -0.06618914 0.07798421 -0.09337187
v -0.06618914 0.08548439 -0.09810401
v -0.06618914 0.09298457 -0.10324073
v -0.06618914 0.10048475 -0.10750077
v -0.06618914 0.10798493 -0.11007118
v -0.06618914 0.11548507 -0.11131508
v -0.06618914 0.12298525 -0.11223128
v -0.06618914 0.13048543 -0.11359695
v -0.06618914 0.13798561 -0.11562483
v -0.06618914 0.14548579 -0.11705651
v -0.06618914 0.15298593 -0.11793466
v -0.06618914 0.16048611 -0.11887091
v -0.06618914 0.16798629 -0.12010508
v -0.06618914 0.17548647 -0.12057314
v -0.07368933 -0.17702181 -0.10942511
v -0.07368933 -0.18452199 -0.10849859
v -0.07368933 -0.16952163 -0.11037555
v -0.07368933 -0.16202145 -0.11153731
v -0.07368933 -0.15452127 -0.11339058
v -0.07368933 -0.14702113 -0.11448202
v -0.07368933 -0.13952095 -0.11390816
v -0.07368933 -0.13202077 -0.11262369
v -0.07368933 -0.12452059 -0.11052204
v -0.07368933 -0.11702040 -0.10708392
v -0.07368933 -0.10952026 -0.10397607
v -0.07368933 -0.10202008 -0.10076258
v -0.07368933 -0.09451990 -0.09704563
v -0.07368933 -0.08701972 -0.09253204
v -0.07368933 -0.07951954 -0.08973185
v -0.07368933 -0.07201936 -0.08863535
v -0.07368933 -0.06451918 -0.08712354
v -0.07368933 -0.05701900 -0.08551844
v -0.07368933 -0.04951882 -0.08524891
v -0.07368933 -0.04201864 -0.08547778
v -0.07368933 -0.03451846 -0.08507015
v -0.07368933 -0.02701828 -0.08366228
v -0.07368933 -0.01951810 -0.08292864
v -0.07368933 -0.01201792 -0.08109577
v -0.07368933 -0.00451778 -0.07874541
v -0.07368933 0.00298240 -0.07801948
v -0.07368933 0.01048258 -0.07758994
v -0.07368933 0.01798276 -0.07685160
v -0.07368933 0.02548294 -0.07723499
v -0.07368933 0.03298312 -0.07957899
v -0.07368933 0.04048330 -0.08349036
v -0.07368933 0.04798348 -0.08558793
v -0.07368933 0.05548366 -0.08692955
v -0.07368933 0.06298384 -0.08846564
v -0.07368933 0.07048402 -0.09028700
v -0.07368933 0.07798421 -0.09325694
v -0.07368933 0.08548439 -0.09819121
v -0.07368933 0.09298457 -0.10407545
v -0.07368933 0.10048475 -0.10882618
v -0.07368933 0.10798489 -0.11163998
v -0.07368933 0.11548507 -0.11329594
v -0.07368933 0.12298525 -0.11412224
v -0.07368933 0.13048543 -0.11456140
v -0.07368933 0.13798561 -0.11526596
v -0.07368933 0.14548575 -0.11598912
v -0.07368933 0.15298593 -0.11718449
v -0.07368933 0.16048611 -0.11855812
v -0.07368933 0.16798629 -0.11944097
v -0.07368933 0.17548647 -0.11988056
v -0.08118951 -0.17702181 -0.10883919
v -0.08118951 -0.18452199 -0.10828969
v -0.08118951 -0.16952163 -0.11031825
v -0.08118951 -0.16202145 -0.11217520
v -0.08118951 -0.15452127 -0.11378948
v -0.08118951 -0.14702113 -0.11393743
v -0.08118951 -0.13952095 -0.11283100
v -0.08118951 -0.13202077 -0.11208479
v -0.08118951 -0.12452059 -0.11047075
v -0.08118951 -0.11702044 -0.10752663
v -0.08118951 -0.10952026 -0.10571235
v -0.08118951 -0.10202008 -0.10305683
v -0.08118951 -0.09451990 -0.09909610
v -0.08118951 -0.08701972 -0.09454992
v -0.08118951 -0.07951954 -0.09214181
v -0.08118951 -0.07201936 -0.09115463
v -0.08118951 -0.06451918 -0.09003831
v -0.08118951 -0.05701900 -0.08904298
v -0.08118955 -0.04951882 -0.09015799
v -0.08118951 -0.04201864 -0.09060659
v -0.08118951 -0.03451846 -0.08977749
v -0.08118951 -0.02701828 -0.08770681
v -0.08118951 -0.01951810 -0.08541711
v -0.08118951 -0.01201792 -0.08292817
v -0.08118951 -0.00451778 -0.08106987
v -0.08118951 0.00298240 -0.08109846
v -0.08118951 0.01048258 -0.08055288
v -0.08118951 0.01798276 -0.07892188
v -0.08118951 0.02548294 -0.07991147
v -0.08118951 0.03298312 -0.08321312
v -0.08118951 0.04048330 -0.08605698
v -0.08118951 0.04798348 -0.08788383
v -0.08118951 0.05548366 -0.08942664
v -0.08118951 0.06298384 -0.09066461
v -0.08118951 0.07048402 -0.09134763
v -0.08118951 0.07798421 -0.09343400
v -0.08118951 0.08548439 -0.09822542
v -0.08118951 0.09298457 -0.10367787
v -0.08118951 0.10048475 -0.10840636
v -0.08118951 0.10798489 -0.11111651
v -0.08118951 0.11548507 -0.11312434
v -0.08118951 0.12298525 -0.11493324
v -0.08118951 0.13048543 -0.11564983
v -0.08118951 0.13798561 -0.11551623
v -0.08118951 0.14548579 -0.11570884
v -0.08118951 0.15298593 -0.11769883
v -0.08118951 0.16048615 -0.11938687
v -0.08118951 0.16798629 -0.11946110
v -0.08118951 0.17548647 -0.11940099
v -0.08868969 -0.17702181 -0.10928546
v -0.08868969 -0.18452199 -0.10893011
v -0.08868969 -0.16952163 -0.11072861
v -0.08868969 -0.16202145 -0.11257749
v -0.08868969 -0.15452127 -0.11375732
v -0.08868969 -0.14702113 -0.11329606
v -0.08868969 -0.13952095 -0.11189436
v -0.08868969 -0.13202077 -0.11108855
v -0.08868969 -0.12452059 -0.10995028
v -0.08868969 -0.11702040 -0.10851401
v -0.08868969 -0.10952026 -0.10730492
v -0.08868969 -0.10202008 -0.10496855
v -0.08868969 -0.09451990 -0.10106628
v -0.08868969 -0.08701972 -0.09683689
v -0.08868969 -0.07951954 -0.09431259
v -0.08868969 -0.07201936 -0.09308996
v -0.08868969 -0.06451918 -0.09270958
v -0.08868969 -0.05701900 -0.09358346
v -0.08868969 -0.04951882 -0.09466161
v -0.08868969 -0.04201864 -0.09452018
v -0.08868969 -0.03451846 -0.09332932
v -0.08868969 -0.02701828 -0.09050950
v -0.08868969 -0.01951810 -0.08781071
v -0.08868969 -0.01201792 -0.08548893
v -0.08868969 -0.00451778 -0.08406093
v -0.08868969 0.00298240 -0.08386069
v -0.08868969 0.01048258 -0.08326920
v -0.08868969 0.01798276 -0.08164436
v -0.08868969 0.02548294 -0.08241616
v -0.08868969 0.03298312 -0.08453995
v -0.08868969 0.04048330 -0.08680248
v -0.08868969 0.04798348 -0.08881490
v -0.08868969 0.05548366 -0.09140944
v -0.08868969 0.06298384 -0.09335229
v -0.08868969 0.07048402 -0.09323855
v -0.08868969 0.07798421 -0.09478239
v -0.08868969 0.08548439 -0.09885714
v -0.08868969 0.09298457 -0.10389337
v -0.08868969 0.10048475 -0.10805944
v -0.08868969 0.10798489 -0.11062214
v -0.08868969 0.11548507 -0.11278038
v -0.08868969 0.12298525 -0.11540071
v -0.08868969 0.13048543 -0.11709760
v -0.08868969 0.13798561 -0.11711402
v -0.08868969 0.14548575 -0.11718714
v -0.08868969 0.15298593 -0.11867463
v -0.08868969 0.16048611 -0.11984738
v -0.08868969 0.16798629 -0.11914866
v -0.08868969 0.17548647 -0.11868523
v -0.09618987 -0.17702181 -0.10932548
v -0.09618987 -0.18452199 -0.10961063
v -0.09618987 -0.16952163 -0.11016397
v -0.09618987 -0.16202145 -0.11203543
v -0.09618987 -0.15452127 -0.11348760
v -0.09618987 -0.14702113 -0.11279224
v -0.09618987 -0.13952095 -0.11081056
v -0.09618987 -0.13202077 -0.10902875
v -0.09618987 -0.12452059 -0.10825920
v -0.09618987 -0.11702040 -0.10852904
v -0.09618991 -0.10952026 -0.10859473
v -0.09618987 -0.10202008 -0.10671077
v -0.09618987 -0.09451990 -0.10310306
v -0.09618991 -0.08701972 -0.09937935
v -0.09618987 -0.07951954 -0.09708134
v -0.09618987 -0.07201936 -0.09649538
v -0.09618987 -0.06451918 -0.09727086
v -0.09618991 -0.05701900 -0.09737970
v -0.09618987 -0.04951882 -0.09745702
v -0.09618987 -0.04201864 -0.09692010
v -0.09618987 -0.03451846 -0.09538548
v -0.09618987 -0.02701828 -0.09272192
v -0.09618991 -0.01951810 -0.09005702
v -0.09618987 -0.01201792 -0.08751808
v -0.09618987 -0.00451778 -0.08575668
v -0.09618987 0.00298240 -0.08509629
v -0.09618987 0.01048258 -0.08489605
v -0.09618987 0.01798276 -0.08485896
v -0.09618987 0.02548294 -0.08527288
v -0.09618987 0.03298312 -0.08613505
v -0.09618987 0.04048330 -0.08781296
v -0.09618987 0.04798348 -0.09051037
v -0.09618987 0.05548366 -0.09401913
v -0.09618987 0.06298384 -0.09583566
v -0.09618987 0.07048402 -0.09639548
v -0.09618987 0.07798421 -0.09755637
v -0.09618987 0.08548439 -0.10071702
v -0.09618987 0.09298457 -0.10474257
v -0.09618987 0.10048475 -0.10842262
v -0.09618987 0.10798493 -0.11092746
v -0.09618987 0.11548507 -0.11288368
v -0.09618987 0.12298525 -0.11536911
v -0.09618987 0.13048543 -0.11781360
v -0.09618987 0.13798561 -0.11890041
v -0.09618987 0.14548575 -0.11960842
v -0.09618987 0.15298593 -0.11997429
v -0.09618987 0.16048611 -0.11989326
v -0.09618987 0.16798629 -0.11861368
v -0.09618987 0.17548647 -0.11851074
v -0.10369005 -0.17702181 -0.10902622
v -0.10369005 -0.18452199 -0.10973015
v -0.10369005 -0.16952163 -0.10938398
v -0.10369005 -0.16202145 -0.11114047
v -0.10369005 -0.15452131 -0.11267150
v -0.10369005 -0.14702113 -0.11168325
v -0.10369005 -0.13952095 -0.10920597
v -0.10369005 -0.13202077 -0.10688044
v -0.10369005 -0.12452059 -0.10656408
v -0.10369005 -0.11702040 -0.10821661
v -0.10369005 -0.10952026 -0.10896590
v -0.10369005 -0.10202008 -0.10707901
v -0.10369005 -0.09451990 -0.10391152
v -0.10369005 -0.08701972 -0.10079034
v -0.10369005 -0.07951954 -0.09934882
v -0.10369005 -0.07201936 -0.09933849
v -0.10369005 -0.06451918 -0.10062064
v -0.10369005 -0.05701900 -0.10059438
v -0.10369005 -0.04951882 -0.10031393
v -0.10369005 -0.04201864 -0.09936610
v -0.10369005 -0.03451846 -0.09818631
v -0.10369005 -0.02701828 -0.09647055
v -0.10369005 -0.01951810 -0.09402305
v -0.10369005 -0.01201792 -0.09150373
v -0.10369005 -0.00451778 -0.08946070
v -0.10369005 0.00298240 -0.08785362
v -0.10369005 0.01048258 -0.08707683
v -0.10369005 0.01798276 -0.08723139
v -0.10369005 0.02548294 -0.08820770
v -0.10369005 0.03298312 -0.08943452
v -0.10369005 0.04048330 -0.09148957
v -0.10369005 0.04798348 -0.09489214
v -0.10369005 0.05548366 -0.09782530
v -0.10369005 0.06298384 -0.09875661
v -0.10369005 0.07048402 -0.09958374
v -0.10369005 0.07798421 -0.10105089
v -0.10369005 0.08548439 -0.10299117
v -0.10369005 0.09298457 -0.10595412
v -0.10369005 0.10048475 -0.10986288
v -0.10369005 0.10798493 -0.11293636
v -0.10369005 0.11548507 -0.11442460
v -0.10369005 0.12298525 -0.11553506
v -0.10369005 0.13048543 -0.11753652
v -0.10369005 0.13798557 -0.11956523
v -0.10369005 0.14548575 -0.12070769
v -0.10369005 0.15298593 -0.12003994
v -0.10369005 0.16048615 -0.11912133
v -0.10369005 0.16798629 -0.11830267
v -0.10369005 0.17548647 -0.11942397
v -0.11119023 -0.17702181 -0.10964374
v -0.11119023 -0.18452199 -0.11029748
v -0.11119023 -0.16952163 -0.10969325
v -0.11119023 -0.16202145 -0.11084927
v -0.11119023 -0.15452127 -0.11140972
v -0.11119023 -0.14702113 -0.10987617
v -0.11119023 -0.13952095 -0.10762187
v -0.11119023 -0.13202077 -0.10612449
v -0.11119023 -0.12452059 -0.10656594
v -0.11119023 -0.11702040 -0.10834898
v -0.11119023 -0.10952026 -0.10870472
v -0.11119023 -0.10202008 -0.10683634
v -0.11119023 -0.09451990 -0.10442376
v -0.11119023 -0.08701972 -0.10184492
v -0.11119023 -0.07951954 -0.10082871
v -0.11119023 -0.07201936 -0.10138951
v -0.11119023 -0.06451918 -0.10277690
v -0.11119023 -0.05701904 -0.10312327
v -0.11119023 -0.04951882 -0.10321083
v -0.11119023 -0.04201864 -0.10287597
v -0.11119023 -0.03451846 -0.10178876
v -0.11119023 -0.02701828 -0.10040901
v -0.11119023 -0.01951810 -0.09836325
v -0.11119023 -0.01201792 -0.09659469
v -0.11119023 -0.00451778 -0.09494984
v -0.11119023 0.00298240 -0.09294249
v -0.11119023 0.01048258 -0.09095506
v -0.11119023 0.01798276 -0.09012121
v -0.11119023 0.02548294 -0.09179730
v -0.11119023 0.03298312 -0.09378975
v -0.11119023 0.04048330 -0.09683135
v -0.11119023 0.04798348 -0.09987707
v -0.11119023 0.05548366 -0.10221229
v -0.11119023 0.06298384 -0.10290345
v -0.11119023 0.07048402 -0.10338979
v -0.11119023 0.07798421 -0.10405216
v -0.11119023 0.08548439 -0.10468487
v -0.11119023 0.09298457 -0.10671749
v -0.11119019 0.10048471 -0.11091271
v -0.11119023 0.10798489 -0.11463919
v -0.11119023 0.11548507 -0.11587862
v -0.11119023 0.12298525 -0.11595744
v -0.11119023 0.13048543 -0.11745450
v -0.11119023 0.13798561 -0.11936266
v -0.11119023 0.14548575 -0.12027423
v -0.11119023 0.15298593 -0.11936852
v -0.11119023 0.16048611 -0.11850579
v -0.11119023 0.16798629 -0.11832873
v -0.11119023 0.17548647 -0.12004892
v -0.11869041 -0.17702181 -0.11128700
v -0.11869041 -0.18452199 -0.11199220
v -0.11869041 -0.16952163 -0.11033778
v -0.11869041 -0.16202145 -0.11035799
v -0.11869041 -0.15452127 -0.10973767
v -0.11869041 -0.14702113 -0.10831987
v -0.11869041 -0.13952095 -0.10722922
v -0.11869041 -0.13202077 -0.10707110
v -0.11869041 -0.12452059 -0.10723927
v -0.11869041 -0.11702044 -0.10791105
v -0.11869041 -0.10952026 -0.10787138
v -0.11869041 -0.10202008 -0.10711947
v -0.11869041 -0.09451990 -0.10628174
v -0.11869041 -0.08701972 -0.10472410
v -0.11869041 -0.07951954 -0.10367458
v -0.11869041 -0.07201936 -0.10370595
v -0.11869037 -0.06451918 -0.10429543
v -0.11869041 -0.05701900 -0.10483045
v -0.11869041 -0.04951882 -0.10517773
v -0.11869037 -0.04201864 -0.10524247
v -0.11869041 -0.03451846 -0.10460569
v -0.11869041 -0.02701828 -0.10286564
v -0.11869041 -0.01951810 -0.10156468
v -0.11869041 -0.01201792 -0.10082594
v -0.11869041 -0.00451778 -0.09984069
v -0.11869041 0.00298240 -0.09763914
v -0.11869041 0.01048258 -0.09543709
v -0.11869041 0.01798276 -0.09494609
v -0.11869041 0.02548294 -0.09676459
v -0.11869041 0.03298312 -0.09936531
v -0.11869037 0.04048330 -0.10189839
v -0.11869041 0.04798348 -0.10399220
v -0.11869041 0.05548366 -0.10591231
v -0.11869041 0.06298384 -0.10645271
v -0.11869041 0.07048402 -0.10678200
v -0.11869037 0.07798421 -0.10678880
v -0.11869037 0.08548439 -0.10667375
v -0.11869041 0.09298457 -0.10773138
v -0.11869041 0.10048475 -0.11127383
v -0.11869041 0.10798493 -0.11530998
v -0.11869041 0.11548507 -0.11657741
v -0.11869041 0.12298525 -0.11663092
v -0.11869041 0.13048543 -0.11775839
v -0.11869041 0.13798561 -0.11958568
v -0.11869041 0.14548575 -0.12046759
v -0.11869041 0.15298593 -0.11952529
v -0.11869041 0.16048611 -0.11861087
v -0.11869041 0.16798629 -0.11847051
v -0.11869041 0.17548647 -0.11993126
v -0.12619059 -0.17702181 -0.11365370
v -0.12619059 -0.18452199 -0.11400383
v -0.12619059 -0.16952163 -0.11220767
v -0.12619059 -0.16202145 -0.11142353
v -0.12619059 -0.15452127 -0.11011813
v -0.12619059 -0.14702113 -0.10914518
v -0.12619059 -0.13952095 -0.10901985
v -0.12619059 -0.13202077 -0.10913304
v -0.12619059 -0.12452059 -0.10853078
v -0.12619059 -0.11702040 -0.10830852
v -0.12619059 -0.10952026 -0.10801202
v -0.12619055 -0.10202008 -0.10854122
v -0.12619059 -0.09451990 -0.10939098
v -0.12619059 -0.08701972 -0.10967288
v -0.12619059 -0.07951954 -0.10841716
v -0.12619059 -0.07201936 -0.10808570
v -0.12619059 -0.06451918 -0.10784374
v -0.12619059 -0.05701900 -0.10709270
v -0.12619059 -0.04951882 -0.10677417
v -0.12619055 -0.04201864 -0.10706153
v -0.12619059 -0.03451846 -0.10626379
v -0.12619055 -0.02701828 -0.10456017
v -0.12619059 -0.01951810 -0.10351148
v -0.12619059 -0.01201792 -0.10300090
v -0.12619059 -0.00451778 -0.10236820
v -0.12619055 0.00298240 -0.10092117
v -0.12619059 0.01048258 -0.10040331
v -0.12619059 0.01798276 -0.10162724
v -0.12619055 0.02548294 -0.10306549
v -0.12619059 0.03298312 -0.10425073
v -0.12619059 0.04048330 -0.10565457
v -0.12619059 0.04798348 -0.10766007
v -0.12619059 0.05548366 -0.10873660
v -0.12619059 0.06298384 -0.10814854
v -0.12619059 0.07048402 -0.10846225
v -0.12619059 0.07798421 -0.10925758
v -0.12619059 0.08548439 -0.10974633
v -0.12619055 0.09298457 -0.10970571
v -0.12619059 0.10048475 -0.11124722
v -0.12619059 0.10798493 -0.11387775
v -0.12619059 0.11548507 -0.11514502
v -0.12619059 0.12298525 -0.11593035
v -0.12619059 0.13048543 -0.11778307
v -0.12619059 0.13798561 -0.11978109
v -0.12619059 0.14548575 -0.12121641
v -0.12619059 0.15298593 -0.12080202
v -0.12619059 0.16048615 -0.11982507
v -0.12619059 0.16798629 -0.11925999
v -0.12619059 0.17548647 -0.12002883
v -0.13369073 -0.17702181 -0.11511050
v -0.13369073 -0.18452199 -0.11476662
v -0.13369073 -0.16952163 -0.11444979
v -0.13369073 -0.16202145 -0.11381419
v -0.13369073 -0.15452131 -0.11233399
v -0.13369073 -0.14702113 -0.11116701
v -0.13369073 -0.13952095 -0.11095376
v -0.13369073 -0.13202077 -0.11077393
v -0.13369073 -0.12452059 -0.10984413
v -0.13369073 -0.11702040 -0.10936480
v -0.13369073 -0.10952026 -0.10926723
v -0.13369073 -0.10202008 -0.11074229
v -0.13369073 -0.09451990 -0.11272825
v -0.13369073 -0.08701972 -0.11381364
v -0.13369077 -0.07951954 -0.11321811
v -0.13369073 -0.07201936 -0.11274704
v -0.13369077 -0.06451918 -0.11169606
v -0.13369073 -0.05701900 -0.11003029
v -0.13369073 -0.04951882 -0.10900181
v -0.13369077 -0.04201864 -0.10906126
v -0.13369073 -0.03451846 -0.10857385
v -0.13369073 -0.02701828 -0.10719414
v -0.13369073 -0.01951810 -0.10575783
v -0.13369073 -0.01201792 -0.10498034
v -0.13369073 -0.00451778 -0.10449254
v -0.13369073 0.00298240 -0.10389760
v -0.13369073 0.01048258 -0.10473584
v -0.13369073 0.01798276 -0.10697437
v -0.13369073 0.02548294 -0.10823314
v -0.13369073 0.03298312 -0.10850508
v -0.13369073 0.04048330 -0.10926383
v -0.13369073 0.04798348 -0.11086573
v -0.13369073 0.05548366 -0.11130575
v -0.13369073 0.06298384 -0.11054558
v -0.13369073 0.07048402 -0.11076978
v -0.13369073 0.07798421 -0.11179711
v -0.13369073 0.08548439 -0.11252564
v -0.13369073 0.09298457 -0.11169025
v -0.13369073 0.10048475 -0.11136721
v -0.13369073 0.10798493 -0.11239161
v -0.13369073 0.11548507 -0.11338291
v -0.13369073 0.12298525 -0.11487917
v -0.13369073 0.13048543 -0.11706648
v -0.13369073 0.13798557 -0.11913624
v -0.13369073 0.14548575 -0.12107783
v -0.13369073 0.15298593 -0.12142480
v -0.13369073 0.16048611 -0.12070836
v -0.13369073 0.16798629 -0.12003464
v -0.13369073 0.17548647 -0.12038062
v -0.14119091 -0.17702181 -0.11437124
v -0.14119091 -0.18452199 -0.11402883
v -0.14119091 -0.16952163 -0.11506094
v -0.14119091 -0.16202145 -0.11544303
v -0.14119091 -0.15452127 -0.11459264
v -0.14119091 -0.14702113 -0.11298845
v -0.14119095 -0.13952095 -0.11212833
v -0.14119091 -0.13202077 -0.11173604
v -0.14119091 -0.12452059 -0.11103092
v -0.14119091 -0.11702040 -0.11042574
v -0.14119091 -0.10952026 -0.11022309
v -0.14119095 -0.10202008 -0.11223365
v -0.14119091 -0.09451990 -0.11495863
v -0.14119091 -0.08701972 -0.11716836
v -0.14119091 -0.07951954 -0.11747312
v -0.14119095 -0.07201936 -0.11684920
v -0.14119091 -0.06451918 -0.11523223
v -0.14119091 -0.05701900 -0.11308186
v -0.14119091 -0.04951882 -0.11176262
v -0.14119091 -0.04201864 -0.11204271
v -0.14119091 -0.03451846 -0.11175384
v -0.14119095 -0.02701828 -0.11003211
v -0.14119095 -0.01951814 -0.10805220
v -0.14119091 -0.01201792 -0.10708554
v -0.14119091 -0.00451778 -0.10725184
v -0.14119091 0.00298240 -0.10724093
v -0.14119091 0.01048258 -0.10811595
v -0.14119091 0.01798276 -0.10977757
v -0.14119091 0.02548294 -0.11114589
v -0.14119095 0.03298312 -0.11133632
v -0.14119091 0.04048330 -0.11163005
v -0.14119091 0.04798348 -0.11230061
v -0.14119091 0.05548366 -0.11264437
v -0.14119091 0.06298384 -0.11312177
v -0.14119091 0.07048402 -0.11410199
v -0.14119091 0.07798421 -0.11519312
v -0.14119095 0.08548439 -0.11506047
v -0.14119091 0.09298457 -0.11354704
v -0.14119091 0.10048475 -0.11175404
v -0.14119091 0.10798493 -0.11178006
v -0.14119091 0.11548507 -0.11323990
v -0.14119091 0.12298525 -0.11509056
v -0.14119091 0.13048543 -0.11668519
v -0.14119091 0.13798561 -0.11794261
v -0.14119095 0.14548575 -0.11931932
v -0.14119095 0.15298593 -0.12041942
v -0.14119091 0.16048611 -0.12072600
v -0.14119091 0.16798629 -0.12024576
v -0.14119091 0.17548647 -0.11968728
v -0.14869109 -0.17702181 -0.11330789
v -0.14869109 -0.18452199 -0.11325022
v -0.14869109 -0.16952163 -0.11509068
v -0.14869109 -0.16202145 -0.11663630
v -0.14869109 -0.15452127 -0.11690219
v -0.14869109 -0.14702109 -0.11532999
v -0.14869109 -0.13952095 -0.11394684
v -0.14869109 -0.13202077 -0.11352640
v -0.14869109 -0.12452059 -0.11312782
v -0.14869109 -0.11702040 -0.11217741
v -0.14869109 -0.10952026 -0.11156658
v -0.14869109 -0.10202008 -0.11348483
v -0.14869109 -0.09451990 -0.11651311
v -0.14869109 -0.08701972 -0.11895590
v -0.14869109 -0.07951954 -0.11944255
v -0.14869109 -0.07201936 -0.11874206
v -0.14869109 -0.06451918 -0.11772375
v -0.14869109 -0.05701900 -0.11643923
v -0.14869109 -0.04951882 -0.11538263
v -0.14869109 -0.04201864 -0.11531303
v -0.14869109 -0.03451846 -0.11462048
v -0.14869109 -0.02701828 -0.11263349
v -0.14869109 -0.01951810 -0.10989313
v -0.14869109 -0.01201792 -0.10937520
v -0.14869109 -0.00451778 -0.11059216
v -0.14869109 0.00298240 -0.11111959
v -0.14869109 0.01048258 -0.11128246
v -0.14869109 0.01798276 -0.11199474
v -0.14869109 0.02548294 -0.11335665
v -0.14869109 0.03298312 -0.11390294
v -0.14869109 0.04048330 -0.11408325
v -0.14869109 0.04798348 -0.11401981
v -0.14869109 0.05548366 -0.11415183
v -0.14869109 0.06298384 -0.11547625
v -0.14869109 0.07048402 -0.11726502
v -0.14869109 0.07798421 -0.11787831
v -0.14869109 0.08548439 -0.11660284
v -0.14869109 0.09298457 -0.11481332
v -0.14869109 0.10048475 -0.11297524
v -0.14869109 0.10798493 -0.11325679
v -0.14869109 0.11548507 -0.11501226
v -0.14869109 0.12298525 -0.11663978
v -0.14869109 0.13048543 -0.11718987
v -0.14869109 0.13798561 -0.11737279
v -0.14869109 0.14548575 -0.11767771
v -0.14869109 0.15298593 -0.11894150
v -0.14869109 0.16048611 -0.12008285
v -0.14869109 0.16798629 -0.11979363
v -0.14869109 0.17548647 -0.11840688
v -0.15619127 -0.17702181 -0.11400684
v -0.15619127 -0.18452199 -0.11355416
v -0.15619127 -0.16952163 -0.11618782
v -0.15619127 -0.16202145 -0.11818758
v -0.15619127 -0.15452127 -0.11923409
v -0.15619127 -0.14702113 -0.11844742
v -0.15619127 -0.13952095 -0.11725022
v -0.15619127 -0.13202077 -0.11667554
v -0.15619127 -0.12452059 -0.11605386
v -0.15619127 -0.11702040 -0.11483741
v -0.15619123 -0.10952026 -0.11352351
v -0.15619127 -0.10202008 -0.11458730
v -0.15619127 -0.09451990 -0.11711418
v -0.15619127 -0.08701972 -0.11917757
v -0.15619127 -0.07951954 -0.11934823
v -0.15619127 -0.07201936 -0.11891220
v -0.15619127 -0.06451918 -0.11901965
v -0.15619127 -0.05701900 -0.11907807
v -0.15619127 -0.04951882 -0.11859153
v -0.15619127 -0.04201864 -0.11754530
v -0.15619127 -0.03451846 -0.11590116
v -0.15619123 -0.02701828 -0.11373205
v -0.15619127 -0.01951810 -0.11155697
v -0.15619127 -0.01201792 -0.11139517
v -0.15619127 -0.00451778 -0.11298256
v -0.15619127 0.00298240 -0.11405014
v -0.15619127 0.01048258 -0.11463844
v -0.15619123 0.01798276 -0.11528436
v -0.15619127 0.02548294 -0.11616057
v -0.15619127 0.03298312 -0.11630389
v -0.15619127 0.04048330 -0.11634115
v -0.15619123 0.04798348 -0.11607680
v -0.15619123 0.05548366 -0.11564176
v -0.15619127 0.06298384 -0.11670196
v -0.15619127 0.07048402 -0.11869100
v -0.15619127 0.07798421 -0.11926854
v -0.15619127 0.08548439 -0.11790002
v -0.15619127 0.09298457 -0.11624892
v -0.15619123 0.10048475 -0.11468064
v -0.15619123 0.10798493 -0.11490733
v -0.15619127 0.11548507 -0.11626181
v -0.15619127 0.12298525 -0.11748020
v -0.15619127 0.13048543 -0.11758054
v -0.15619127 0.13798561 -0.11740633
v -0.15619127 0.14548575 -0.11734415
v -0.15619127 0.15298593 -0.11839944
v -0.15619127 0.16048611 -0.11957556
v -0.15619127 0.16798629 -0.11943559
v -0.15619127 0.17548647 -0.11801934
v -0.16369145 -0.17702181 -0.11582325
v -0.16369145 -0.18452199 -0.11463792
v -0.16369145 -0.16952163 -0.11724999
v -0.16369145 -0.16202145 -0.11877967
v -0.16369145 -0.15452127 -0.12031082
v -0.16369145 -0.14702113 -0.12073700
v -0.16369145 -0.13952095 -0.12020043
v -0.16369145 -0.13202077 -0.11957738
v -0.16369145 -0.12452059 -0.11863804
v -0.16369145 -0.11702044 -0.11718797
v -0.16369145 -0.10952026 -0.11533087
v -0.16369145 -0.10202008 -0.11524647
v -0.16369145 -0.09451990 -0.11677314
v -0.16369145 -0.08701972 -0.11858097
v -0.16369145 -0.07951954 -0.11893221
v -0.16369145 -0.07201936 -0.11862922
v -0.16369145 -0.06451918 -0.11953577
v -0.16369145 -0.05701900 -0.12062638
v -0.16369145 -0.04951882 -0.12009424
v -0.16369145 -0.04201864 -0.11816124
v -0.16369145 -0.03451846 -0.11635400
v -0.16369145 -0.02701828 -0.11507269
v -0.16369141 -0.01951810 -0.11386090
v -0.16369141 -0.01201792 -0.11387494
v -0.16369145 -0.00451778 -0.11513632
v -0.16369141 0.00298240 -0.11614257
v -0.16369141 0.01048258 -0.11683880
v -0.16369145 0.01798276 -0.11763765
v -0.16369145 0.02548294 -0.11807585
v -0.16369145 0.03298312 -0.11727589
v -0.16369145 0.04048330 -0.11670678
v -0.16369141 0.04798348 -0.11664259
v -0.16369145 0.05548366 -0.11620981
v -0.16369145 0.06298384 -0.11691366
v -0.16369145 0.07048402 -0.11868946
v -0.16369145 0.07798421 -0.11929848
v -0.16369145 0.08548439 -0.11868562
v -0.16369145 0.09298457 -0.11766731
v -0.16369141 0.10048475 -0.11605327
v -0.16369145 0.10798493 -0.11539691
v -0.16369145 0.11548507 -0.11594854
v -0.16369141 0.12298525 -0.11684196
v -0.16369145 0.13048543 -0.11719909
v -0.16369145 0.13798561 -0.11725620
v -0.16369145 0.14548579 -0.11712881
v -0.16369145 0.15298593 -0.11793711
v -0.16369145 0.16048611 -0.11920399
v -0.16369145 0.16798629 -0.11926427
v -0.16369145 0.17548647 -0.11794392
v -0.17119159 -0.17702181 -0.11706996
v -0.17119159 -0.18452199 -0.11534645
v -0.17119159 -0.16952163 -0.11749677
v -0.17119159 -0.16202145 -0.11823662
v -0.17119159 -0.15452127 -0.11948459
v -0.17119159 -0.14702113 -0.12037844
v -0.17119159 -0.13952095 -0.12038576
v -0.17119159 -0.13202077 -0.12026474
v -0.17119159 -0.12452059 -0.11962048
v -0.17119159 -0.11702040 -0.11827937
v -0.17119159 -0.10952026 -0.11674020
v -0.17119159 -0.10202008 -0.11641420
v -0.17119159 -0.09451990 -0.11713375
v -0.17119159 -0.08701972 -0.11880629
v -0.17119159 -0.07951954 -0.11952185
v -0.17119163 -0.07201936 -0.11940178
v -0.17119159 -0.06451918 -0.12046672
v -0.17119159 -0.05701900 -0.12164781
v -0.17119163 -0.04951882 -0.12097235
v -0.17119159 -0.04201864 -0.11869227
v -0.17119159 -0.03451846 -0.11757647
v -0.17119159 -0.02701828 -0.11758200
v -0.17119159 -0.01951810 -0.11684449
v -0.17119159 -0.01201792 -0.11633154
v -0.17119159 -0.00451778 -0.11687542
v -0.17119163 0.00298240 -0.11731513
v -0.17119159 0.01048258 -0.11718722
v -0.17119163 0.01798276 -0.11772434
v -0.17119159 0.02548294 -0.11807728
v -0.17119159 0.03298312 -0.11693945
v -0.17119159 0.04048330 -0.11620925
v -0.17119159 0.04798348 -0.11660775
v -0.17119159 0.05548366 -0.11659929
v -0.17119159 0.06298384 -0.11730599
v -0.17119159 0.07048402 -0.11881605
v -0.17119163 0.07798421 -0.11922590
v -0.17119163 0.08548439 -0.11908756
v -0.17119159 0.09298457 -0.11877093
v -0.17119159 0.10048471 -0.11722230
v -0.17119163 0.10798493 -0.11575440
v -0.17119159 0.11548507 -0.11546739
v -0.17119159 0.12298525 -0.11563864
v -0.17119163 0.13048543 -0.11593945
v -0.17119159 0.13798561 -0.11619913
v -0.17119159 0.14548575 -0.11610761
v -0.17119159 0.15298593 -0.11687328
v -0.17119159 0.16048611 -0.11826854
v -0.17119159 0.16798629 -0.11849741
v -0.17119159 0.17548647 -0.11724417
v -0.17869177 -0.17702181 -0.11736951
v -0.17869177 -0.18452199 -0.11576456
v -0.17869177 -0.16952163 -0.11744287
v -0.17869177 -0.16202145 -0.11788538
v -0.17869177 -0.15452127 -0.11871884
v -0.17869177 -0.14702113 -0.11946834
v -0.17869177 -0.13952095 -0.11977220
v -0.17869177 -0.13202077 -0.12023377
v -0.17869177 -0.12452059 -0.12008384
v -0.17869177 -0.11702040 -0.11895918
v -0.17869177 -0.10952026 -0.11802041
v -0.17869177 -0.10202008 -0.11808226
v -0.17869177 -0.09451990 -0.11843642
v -0.17869177 -0.08701972 -0.11961617
v -0.17869177 -0.07951954 -0.12013791
v -0.17869177 -0.07201936 -0.11999929
v -0.17869177 -0.06451918 -0.12099996
v -0.17869177 -0.05701900 -0.12214906
v -0.17869177 -0.04951882 -0.12168246
v -0.17869177 -0.04201864 -0.11992343
v -0.17869177 -0.03451846 -0.11942468
v -0.17869177 -0.02701828 -0.11976931
v -0.17869181 -0.01951810 -0.11886949
v -0.17869177 -0.01201792 -0.11775689
v -0.17869181 -0.00451778 -0.11772209
v -0.17869177 0.00298240 -0.11769729
v -0.17869177 0.01048258 -0.11719533
v -0.17869181 0.01798276 -0.11754882
v -0.17869177 0.02548294 -0.11802088
v -0.17869177 0.03298312 -0.11720846
v -0.17869177 0.04048330 -0.11669278
v -0.17869177 0.04798348 -0.11708582
v -0.17869177 0.05548366 -0.11710844
v -0.17869177 0.06298384 -0.11768455
v -0.17869177 0.07048402 -0.11882432
v -0.17869177 0.07798421 -0.11889128
v -0.17869177 0.08548439 -0.11878232
v -0.17869177 0.09298457 -0.11877417
v -0.17869177 0.10048475 -0.11757227
v -0.17869177 0.10798493 -0.11617872
v -0.17869177 0.11548507 -0.11558647
v -0.17869177 0.12298525 -0.11499110
v -0.17869177 0.13048543 -0.11478888
v -0.17869177 0.13798561 -0.11516456
v -0.17869177 0.14548575 -0.11523077
v -0.17869177 0.15298593 -0.11597251
v -0.17869177 0.16048611 -0.11734352
v -0.17869177 0.16798629 -0.11767320
v -0.17869177 0.17548647 -0.11664742
v -0.18619195 -0.17702181 -0.11745533
v -0.18619195 -0.18452199 -0.11677239
v -0.18619195 -0.16952163 -0.11704690
v -0.18619195 -0.16202145 -0.11737742
v -0.18619195 -0.15452127 -0.11837714
v -0.18619195 -0.14702113 -0.11953209
v -0.18619195 -0.13952095 -0.12024232
v -0.18619195 -0.13202077 -0.12086656
v -0.18619195 -0.12452059 -0.12055768
v -0.18619195 -0.11702040 -0.11943326
v -0.18619195 -0.10952026 -0.11898837
v -0.18619195 -0.10202008 -0.11928341
v -0.18619195 -0.09451990 -0.11909693
v -0.18619195 -0.08701972 -0.11935452
v -0.18619195 -0.07951954 -0.11991584
v -0.18619195 -0.07201936 -0.12038438
v -0.18619195 -0.06451918 -0.12093071
v -0.18619195 -0.05701900 -0.12130528
v -0.18619195 -0.04951882 -0.12110773
v -0.18619195 -0.04201864 -0.12078307
v -0.18619195 -0.03451846 -0.12070243
v -0.18619195 -0.02701828 -0.12043678
v -0.18619195 -0.01951810 -0.11936887
v -0.18619195 -0.01201792 -0.11825145
v -0.18619195 -0.00451778 -0.11777018
v -0.18619195 0.00298240 -0.11743195
v -0.18619195 0.01048258 -0.11743002
v -0.18619195 0.01798276 -0.11814554
v -0.18619195 0.02548294 -0.11855677
v -0.18619195 0.03298312 -0.11787858
v -0.18619195 0.04048330 -0.11702254
v -0.18619195 0.04798348 -0.11690990
v -0.18619195 0.05548366 -0.11673083
v -0.18619195 0.06298384 -0.11682044
v -0.18619195 0.07048402 -0.11705746
v -0.18619195 0.07798421 -0.11698362
v -0.18619195 0.08548439 -0.11755100
v -0.18619195 0.09298457 -0.11801135
v -0.18619195 0.10048475 -0.11711315
v -0.18619195 0.10798493 -0.11554384
v -0.18619195 0.11548507 -0.11463504
v -0.18619195 0.12298525 -0.11388388
v -0.18619195 0.13048543 -0.11422226
v -0.18619195 0.13798561 -0.11534724
v -0.18619195 0.14548575 -0.11595578
v -0.18619195 0.15298593 -0.11626434
v -0.18619195 0.16048611 -0.11692497
v -0.18619195 0.16798629 -0.11705778
v -0.18619195 0.17548647 -0.11676614
v -0.19369213 -0.17702181 -0.11756314
v -0.19369213 -0.18452199 -0.11710816
v -0.19369213 -0.16952163 -0.11733249
v -0.19369213 -0.16202145 -0.11758612
v -0.19369213 -0.15452127 -0.11850856
v -0.19369213 -0.14702113 -0.11981024
v -0.19369213 -0.13952095 -0.12086628
v -0.19369213 -0.13202077 -0.12192644
v -0.19369213 -0.12452059 -0.12178339
v -0.19369213 -0.11702040 -0.12066961
v -0.19369213 -0.10952026 -0.11999770
v -0.19369213 -0.10202008 -0.11970298
v -0.19369213 -0.09451990 -0.11877097
v -0.19369213 -0.08701972 -0.11786695
v -0.19369213 -0.07951954 -0.11816547
v -0.19369213 -0.07201936 -0.11913419
v -0.19369213 -0.06451918 -0.11941787
v -0.19369213 -0.05701900 -0.11930939
v -0.19369213 -0.04951882 -0.11951540
v -0.19369213 -0.04201864 -0.12026636
v -0.19369213 -0.03451846 -0.12012580
v -0.19369213 -0.02701828 -0.11906431
v -0.19369213 -0.01951810 -0.11840771
v -0.19369213 -0.01201792 -0.11821487
v -0.19369213 -0.00451778 -0.11775246
v -0.19369213 0.00298240 -0.11689507
v -0.19369213 0.01048258 -0.11708289
v -0.19369213 0.01798276 -0.11796401
v -0.19369213 0.02548294 -0.11833510
v -0.19369213 0.03298312 -0.11771509
v -0.19369213 0.04048330 -0.11638706
v -0.19369213 0.04798348 -0.11591710
v -0.19369213 0.05548366 -0.11597943
v -0.19369213 0.06298384 -0.11587664
v -0.19369213 0.07048402 -0.11515701
v -0.19369213 0.07798421 -0.11491679
v -0.19369213 0.08548439 -0.11618979
v -0.19369213 0.09298457 -0.11711224
v -0.19369213 0.10048475 -0.11646814
v -0.19369213 0.10798493 -0.11469432
v -0.19369213 0.11548507 -0.11360909
v -0.19369213 0.12298525 -0.11306842
v -0.19369213 0.13048543 -0.11431129
v -0.19369213 0.13798561 -0.11628084
v -0.19369213 0.14548575 -0.11743468
v -0.19369213 0.15298593 -0.11721542
v -0.19369213 0.16048611 -0.11698837
v -0.19369213 0.16798629 -0.11646984
v -0.19369213 0.17548647 -0.11651058
vn -0.09399744 0.07849786 0.99247296
vn -0.10919967 0.09779970 0.98919697
vn -0.15039644 0.09879766 0.98367674
vn -0.14819834 0.09999888 0.98388896
vn -0.09089911 0.06719934 0.99359026
vn -0.10940394 0.02280082 0.99373583
vn -0.02569876 -0.04509783 0.99865197
vn -0.02279928 -0.08789723 0.99586860
vn -0.02560090 -0.06220219 0.99773518
vn 0.00790026 -0.04970164 0.99873286
vn -0.08749801 0.03959910 0.99537732
vn -0.02880061 0.06420137 0.99752128
vn -0.09519613 0.03729848 0.99475953
vn -0.03309996 0.01749998 0.99929883
vn -0.03839995 -0.13129983 0.99059871
vn 0.01080009 -0.15530128 0.98780811
vn -0.01469944 -0.21699172 0.97606276
vn 0.02110028 -0.20270269 0.97901297
vn -0.02899855 -0.13769309 0.99005035
vn -0.01740023 -0.11500150 0.99321291
vn 0.01339941 -0.03329852 0.99935562
vn -0.02930141 -0.04520217 0.99854804
vn 0.10750436 0.04810195 0.99304029
vn 0.00710002 0.02330008 0.99970330
vn 0.13359715 0.13219718 0.98217906
vn 0.02660109 0.13680562 0.99024068
vn 0.07019851 0.20529563 0.97617922
vn 0.01479970 0.21189571 0.97718022
vn 0.02889887 0.17149327 0.98476135
vn 0.03580150 0.14460606 0.98884141
vn 0.06090231 0.04010152 0.99733784
vn 0.09549974 0.00799998 0.99539731
vn 0.09919526 -0.05489738 0.99355250
vn 0.13320539 -0.06050245 0.98924000
vn 0.10140422 -0.05820242 0.99314131
vn 0.12930427 -0.04820159 0.99043274
vn 0.07860182 -0.07960184 0.99372295
vn 0.09229652 -0.05219803 0.99436247
vn 0.03320032 -0.14200137 0.98930953
vn 0.00780037 -0.08620406 0.99624696
vn -0.01340049 -0.09860362 0.99503656
vn -0.09349621 -0.05389781 0.99415969
vn -0.03270059 0.08050145 0.99621794
vn -0.13419836 0.07789905 0.98788792
vn -0.05710211 0.22520831 0.97263589
vn -0.11229578 0.20469231 0.97236347
vn -0.12580447 0.19780703 0.97213456
vn -0.09340183 0.19860388 0.97561908
vn -0.17769726 0.05949908 0.98228486
vn -0.08939721 0.05329834 0.99456896
vn -0.13170165 -0.05030063 0.99001239
vn -0.05080140 -0.08450233 0.99512742
vn -0.03390017 -0.08730044 0.99560505
vn 0.00590021 -0.10980395 0.99393575
vn 0.02389987 -0.09599946 0.99509442
vn 0.02949873 -0.09689584 0.99485729
vn 0.03769871 -0.08019725 0.99606587
vn 0.03349927 -0.08309818 0.99597816
vn 0.03299890 -0.03709876 0.99876662
vn 0.03260055 -0.03320056 0.99891688
vn 0.00920032 0.00680023 0.99993455
vn 0.01120044 0.02440096 0.99963951
vn -0.00930029 0.06040186 0.99813081
vn -0.00540007 0.05950081 0.99821365
vn -0.00180008 0.14760664 0.98904451
vn 0.01229959 0.13129562 0.99126696
vn -0.00040002 0.16940790 0.98554594
vn 0.01760062 0.18040636 0.98343468
vn -0.02289977 0.01719982 0.99958980
vn -0.02660000 0.04990000 0.99839994
vn -0.02500133 -0.13110700 0.99105292
vn -0.07409949 -0.11589920 0.99049313
vn 0.00280011 -0.11690461 0.99313920
vn -0.08459992 -0.11969989 0.98919907
vn 0.01180021 -0.09060157 0.99581731
vn -0.08139785 -0.09039761 0.99257376
vn -0.01209994 -0.03259984 0.99939524
vn -0.08449863 -0.02959952 0.99598386
vn -0.02790043 0.10080155 0.99451527
vn -0.07350142 0.08670167 0.99351918
vn -0.02190115 0.12390652 0.99205217
vn -0.03130157 0.09640484 0.99484990
vn -0.04440092 0.03980082 0.99822064
vn 0.00520001 0.03110009 0.99950275
vn -0.11009707 -0.00969974 0.99387351
vn -0.00510022 0.00940040 0.99994281
vn -0.17060128 -0.05670043 0.98370741
vn -0.04650231 -0.03370167 0.99834950
vn -0.17900292 -0.11490187 0.97711592
vn -0.06330060 -0.12200115 0.99050934
vn -0.12619802 -0.08109873 0.98868451
vn -0.02420074 -0.11620357 0.99293054
vn -0.04820014 -0.04760014 0.99770285
vn 0.02910141 -0.06670324 0.99734838
vn 0.00969980 0.03669924 0.99927928
vn 0.03819863 0.04699832 0.99816433
vn 0.02980138 0.13610631 0.99024590
vn 0.02749900 0.15669433 0.98726425
vn -0.15689792 0.06629912 0.98538696
vn -0.18919858 0.10039925 0.97679265
vn -0.07779697 -0.06779736 0.99466132
vn 0.00840014 -0.16820284 0.98571661
vn 0.05729928 -0.04619942 0.99728752
vn 0.06040230 0.09400358 0.99373784
vn 0.05849828 -0.00579983 0.99827066
vn 0.05989981 -0.17859943 0.98209687
vn 0.03590136 -0.16620628 0.98543725
vn -0.01999902 -0.05739719 0.99815109
vn -0.08099624 -0.03029859 0.99625378
vn -0.10859844 -0.00020000 0.99408568
vn -0.08349594 0.11669433 0.98965189
vn -0.00169996 0.16569587 0.98617543
vn 0.10939996 0.06139998 0.99209964
vn 0.18330526 -0.04270123 0.98212819
vn 0.18199187 -0.04529798 0.98225610
vn 0.13560035 -0.01100003 0.99070255
vn 0.07150351 0.01350066 0.99734898
vn -0.02740051 0.03180059 0.99911858
vn -0.13999570 0.04409865 0.98916961
vn -0.18240633 0.06850238 0.98083401
vn -0.11179879 0.12379866 0.98598931
vn 0.00750028 0.14680548 0.98913694
vn 0.08210064 0.02880023 0.99620783
vn 0.09669792 -0.11299756 0.98887869
vn 0.07340104 -0.11270160 0.99091404
vn 0.03789851 -0.08139681 0.99596097
vn 0.01860094 -0.08330423 0.99635055
vn 0.01590070 -0.02930129 0.99944415
vn 0.00360010 0.05410157 0.99852895
vn -0.01629967 0.06609867 0.99767995
vn -0.02129910 0.11219524 0.99345789
vn -0.02949898 0.20139305 0.97906621
vn -0.07569965 0.11569947 0.99039547
vn -0.14570575 -0.06270247 0.98733897
vn -0.19390890 -0.10900500 0.97494474
vn -0.19919536 -0.09669775 0.97517729
vn -0.17750792 -0.04150185 0.98324388
vn -0.13969871 0.04879955 0.98899084
vn -0.06799938 0.01969982 0.99749085
vn 0.03699816 -0.03359833 0.99875036
vn 0.11230414 0.00860032 0.99363666
vn 0.12130188 -0.00070001 0.99261542
vn 0.10679797 -0.12349765 0.98658123
vn 0.11220621 -0.15730870 0.98115429
vn 0.10840429 -0.07140283 0.99153928
vn 0.05369767 0.09779575 0.99375679
vn 0.01129999 0.22059976 0.97529896
vn -0.05720155 -0.03270088 0.99782696
vn -0.12309748 0.01509969 0.99227970
vn 0.04569757 -0.15119197 0.98744758
vn 0.07519972 -0.19609926 0.97769631
vn 0.05430084 -0.04260066 0.99761546
vn 0.05399999 0.08749999 0.99469983
vn 0.07910188 -0.02200052 0.99662373
vn 0.07630287 -0.16320613 0.98363694
vn 0.03240141 -0.11580506 0.99274334
vn -0.02930096 0.00870029 0.99953277
vn -0.08759914 0.02299977 0.99589026
vn -0.11469983 0.00180000 0.99339856
vn -0.07609610 0.05189734 0.99574899
vn 0.02630021 0.04990039 0.99840786
vn 0.13280090 -0.04070028 0.99030672
vn 0.18369633 -0.07009860 0.98048042
vn 0.17899951 -0.01009997 0.98379732
vn 0.14450396 0.03660100 0.98882707
vn 0.10210365 0.07240259 0.99213543
vn 0.05969796 0.11329614 0.99176617
vn 0.02599919 0.10929660 0.99366911
vn 0.01790085 0.05640269 0.99824761
vn 0.05890224 0.02550097 0.99793799
vn 0.14480337 0.04070095 0.98862299
vn 0.21299867 -0.01069993 0.97699390
vn 0.20879265 -0.08259709 0.97446568
vn 0.15129949 -0.05779980 0.98679666
vn 0.08889618 -0.03689841 0.99535721
vn 0.03670164 -0.05620251 0.99774459
vn 0.00679992 -0.02399973 0.99968884
vn 0.01130044 0.05650218 0.99833852
vn 0.01240048 0.08220317 0.99653844
vn -0.02010009 0.13380060 0.99080441
vn -0.04369891 0.21299469 0.97607565
vn -0.04130043 0.14540152 0.98851033
vn -0.06420237 -0.00010000 0.99793689
vn -0.11159687 -0.07429792 0.99097223
vn -0.12820215 -0.11100186 0.98551651
vn -0.10550352 -0.07700257 0.99143311
vn -0.07069716 0.00869965 0.99745989
vn -0.02439916 -0.05889798 0.99796579
vn 0.05440111 -0.13740281 0.98902022
vn 0.13649493 -0.04399836 0.98966321
vn 0.17810217 -0.00020000 0.98401198
vn 0.18310476 -0.11600301 0.97622536
vn 0.16089326 -0.14569390 0.97615913
vn 0.10449661 -0.01769943 0.99436773
vn 0.03280161 0.16970832 0.98494829
vn -0.00010000 0.27519656 0.96138798
vn 0.06469886 -0.13089768 0.98928249
vn 0.03139920 -0.07779801 0.99647457
vn 0.10619939 -0.19719887 0.97459443
vn 0.07830152 -0.15040291 0.98551907
vn 0.02130073 -0.00880030 0.99973438
vn 0.02850033 0.04650054 0.99851161
vn 0.08900318 -0.06610236 0.99383546
vn 0.10139890 -0.13019859 0.98628930
vn 0.03880166 -0.04250182 0.99834264
vn -0.02199981 0.05769951 0.99809157
vn -0.03000075 0.04060101 0.99872494
vn 0.00040001 -0.01930026 0.99981365
vn 0.04729982 -0.01299995 0.99879614
vn 0.08800235 -0.02800075 0.99572664
vn 0.10890067 -0.09070056 0.98990608
vn 0.13159423 -0.09689575 0.98655673
vn 0.17569729 -0.02259965 0.98418480
vn 0.20839905 0.04939977 0.97679553
vn 0.20529178 0.10209591 0.97336104
vn 0.19509656 0.13109769 0.97198288
vn 0.20200195 0.11330109 0.97280937
vn 0.20730934 0.05290238 0.97684399
vn 0.19959375 -0.00429987 0.97986930
vn 0.19999023 -0.01689917 0.97965215
vn 0.21799550 -0.04349910 0.97497989
vn 0.22830722 -0.05680180 0.97193074
vn 0.22110902 -0.01460060 0.97513980
vn 0.18699633 0.01879963 0.98218071
vn 0.10959745 0.01989954 0.99377684
vn 0.03769949 0.00229997 0.99928647
vn 0.04530043 0.01810017 0.99880942
vn 0.08779968 0.07649972 0.99319636
vn 0.08429672 0.17269329 0.98136186
vn 0.08119765 0.19879426 0.97667179
vn 0.12840455 0.11060392 0.98553490
vn 0.15729327 0.02789881 0.98715778
vn 0.13519535 -0.03309886 0.99026597
vn 0.11149635 -0.11169635 0.98746772
vn 0.11600411 -0.10260363 0.98793499
vn 0.12819691 -0.01199971 0.99167614
vn 0.12629757 -0.08219842 0.98858097
vn 0.11370236 -0.17700368 0.97762031
vn 0.10620129 -0.07500091 0.99151205
vn 0.11210555 -0.01710085 0.99354915
vn 0.11619603 -0.11309614 0.98676631
vn 0.08450020 -0.09790023 0.99160237
vn 0.01229963 0.06559805 0.99777032
vn -0.04190182 0.21120916 0.97654233
vn -0.05199963 0.26409810 0.96309306
vn 0.11899955 -0.12339953 0.98519626
vn 0.15959731 -0.06119897 0.98528340
vn 0.04889853 -0.17879464 0.98267055
vn 0.01240057 -0.10640488 0.99424556
vn 0.02469902 -0.00829967 0.99966048
vn 0.08259934 -0.01949984 0.99639204
vn 0.12639551 -0.10539625 0.98636495
vn 0.09680010 -0.07330008 0.99260105
vn 0.02510073 0.03620106 0.99902925
vn 0.00669992 0.05809932 0.99828833
vn 0.07750332 -0.02230095 0.99674265
vn 0.17349790 -0.08349899 0.98128813
vn 0.23090616 -0.05310142 0.97152591
vn 0.23950058 -0.03670009 0.97020234
vn 0.22201025 -0.08370387 0.97144486
vn 0.21029661 -0.11039822 0.97138436
vn 0.20999953 -0.04849989 0.97649780
vn 0.21360502 0.03690087 0.97622294
vn 0.21569984 0.11299992 0.96989927
vn 0.20590160 0.13860108 0.96870753
vn 0.20409689 0.10139846 0.97368517
vn 0.21190987 0.05310247 0.97584545
vn 0.20149200 0.01589937 0.97936111
vn 0.17610207 -0.01090013 0.98431156
vn 0.16440076 -0.05770027 0.98470456
vn 0.18589848 -0.07769936 0.97949199
vn 0.23060128 -0.03250018 0.97250542
vn 0.24369113 0.05719792 0.96816477
vn 0.19160724 0.11220424 0.97503686
vn 0.12940259 0.04390088 0.99061985
vn 0.12189538 -0.02359910 0.99226236
vn 0.14659226 0.04969737 0.98794781
vn 0.15300676 0.18920836 0.96994285
vn 0.16620165 0.16780166 0.97170963
vn 0.21620130 0.04290026 0.97540585
vn 0.26729008 0.00999963 0.96356423
vn 0.28268870 -0.00979961 0.95916165
vn 0.26600039 -0.09170014 0.95960142
vn 0.24180771 -0.09430301 0.96573080
vn 0.21959592 -0.00419992 0.97558187
vn 0.18219901 -0.04989973 0.98199467
vn 0.10830313 -0.12420359 0.98632850
vn 0.02740109 -0.03960158 0.99883977
vn -0.02030061 -0.01130034 0.99973006
vn -0.04499953 -0.09979895 0.99398954
vn -0.08180337 -0.04480184 0.99564100
vn -0.13200178 0.13500182 0.98201326
vn -0.15789848 0.22019789 0.96259075
vn -0.15989887 0.21829845 0.96269317
vn 0.11970095 -0.03990032 0.99200789
vn 0.16209234 0.03209848 0.98625340
vn 0.04700260 -0.12330682 0.99125485
vn 0.01250031 -0.09260230 0.99562471
vn 0.02739927 -0.04999867 0.99837338
vn 0.07210327 -0.08170371 0.99404508
vn 0.09690199 -0.11420234 0.98872030
vn 0.08559594 -0.02349889 0.99605278
vn 0.06870354 0.07450384 0.99485125
vn 0.09740027 0.00920003 0.99520277
vn 0.18259549 -0.13059678 0.97447595
vn 0.26461305 -0.15170748 0.95234698
vn 0.29030709 -0.06500159 0.95472331
vn 0.28918896 -0.03119881 0.95676349
vn 0.28589430 -0.06749865 0.95588094
vn 0.26189558 -0.08569855 0.96128376
vn 0.22219523 -0.02509946 0.97467907
vn 0.19690847 0.03650157 0.97974215
vn 0.19899507 0.10759733 0.97407586
vn 0.19610456 0.15520361 0.96822252
vn 0.18260718 0.10240403 0.97783845
vn 0.18299188 0.04559798 0.98205641
vn 0.18119110 0.03699818 0.98275171
vn 0.15400223 0.02250033 0.98781428
vn 0.12200144 -0.04710056 0.99141171
vn 0.12759765 -0.11799783 0.98478188
vn 0.18479960 -0.09779979 0.97789790
vn 0.24870502 0.04080082 0.96771954
vn 0.27299806 0.14779895 0.95059325
vn 0.27069682 0.06899919 0.96018870
vn 0.25209966 -0.01979997 0.96749869
vn 0.21310801 0.06390240 0.97493664
vn 0.18069534 0.19519497 0.96397516
vn 0.19540818 0.13460563 0.97144067
vn 0.23849894 -0.01689993 0.97099570
vn 0.28029871 -0.02829987 0.95949557
vn 0.28988764 0.00169993 0.95705918
vn 0.25179297 -0.04629871 0.96667302
vn 0.18720618 -0.04830160 0.98113241
vn 0.13630213 0.02640041 0.99031548
vn 0.09189628 0.00419983 0.99575973
vn 0.02680043 -0.04060065 0.99881596
vn -0.03060072 0.01470035 0.99942358
vn -0.05690272 0.00800038 0.99834767
vn -0.08620062 -0.06420046 0.99420710
vn -0.13910397 0.00990028 0.99022829
vn -0.18359070 0.17909093 0.96655103
vn -0.20339462 0.22209412 0.95357476
vn -0.20820707 0.19060647 0.95933257
vn 0.06619820 -0.00819978 0.99777280
vn 0.05329735 0.06959654 0.99615045
vn 0.07180084 -0.08820103 0.99351156
vn 0.03370059 -0.05500096 0.99791741
vn -0.01750043 -0.05140127 0.99852473
vn -0.02189991 -0.12029952 0.99249605
vn 0.02460074 -0.14700444 0.98882986
vn 0.08479643 -0.03839839 0.99565814
vn 0.13059716 0.05899872 0.98967850
vn 0.17349376 -0.04799827 0.98366462
vn 0.21371106 -0.20591066 0.95494942
vn 0.21908941 -0.16499202 0.96165351
vn 0.18139820 -0.03489965 0.98279027
vn 0.14740551 -0.02590097 0.98873695
vn 0.14630345 -0.07190169 0.98662325
vn 0.15730039 -0.07090017 0.98500241
vn 0.17350438 -0.01460037 0.98472486
vn 0.18929309 0.03589869 0.98126419
vn 0.19469510 0.09879751 0.97587544
vn 0.21250154 0.14590106 0.96620701
vn 0.24701086 0.08980395 0.96484242
vn 0.27178890 0.03089874 0.96186073
vn 0.27271077 0.05110202 0.96073795
vn 0.24259527 0.06449874 0.96798112
vn 0.19909888 -0.01289993 0.97989450
vn 0.17099339 -0.12769507 0.97696225
vn 0.17940984 -0.15140830 0.97205331
vn 0.22229701 -0.01339982 0.97488691
vn 0.27031451 0.11930640 0.95535127
vn 0.29970080 0.07080019 0.95140253
vn 0.28190258 0.02120019 0.95920878
vn 0.23400354 0.11580175 0.96531461
vn 0.21450515 0.18970456 0.95812302
vn 0.24669832 0.09429936 0.96449343
vn 0.26740661 -0.04070101 0.96272381
vn 0.24190891 -0.02260083 0.97003571
vn 0.18660837 0.04410198 0.98144400
vn 0.12020017 0.02220003 0.99250142
vn 0.06710275 0.00320013 0.99774094
vn 0.05069851 0.04339872 0.99777062
vn 0.03970151 0.04410167 0.99823786
vn 0.01079948 0.01339936 0.99985190
vn 0.00329987 0.02589894 0.99965912
vn 0.02489972 0.00159998 0.99968867
vn 0.01939907 -0.02279890 0.99955184
vn -0.03570053 0.07670114 0.99641478
vn -0.08740145 0.21760360 0.97211607
vn -0.09880138 0.22380313 0.96961356
vn -0.09449848 0.17239722 0.98048418
vn -0.04539975 -0.03669980 0.99829454
vn -0.06169724 0.04329806 0.99715532
vn -0.03020040 -0.08030105 0.99631304
vn -0.04939827 -0.00529981 0.99876510
vn -0.06670225 -0.03280111 0.99723362
vn -0.03870160 -0.16010661 0.98634074
vn 0.02259929 -0.21079339 0.97726937
vn 0.08029900 -0.08789891 0.99288763
vn 0.11739472 0.02559885 0.99275535
vn 0.14559803 -0.08839880 0.98538666
vn 0.14649492 -0.21899241 0.96466656
vn 0.11479847 -0.13119826 0.98468692
vn 0.07510147 0.01060021 0.99711955
vn 0.05629728 -0.01799913 0.99825180
vn 0.07339740 -0.09709657 0.99256490
vn 0.10769910 -0.09119924 0.98999172
vn 0.12649390 -0.02869862 0.99155216
vn 0.13079647 0.02939921 0.99097324
vn 0.14720386 0.08290217 0.98562582
vn 0.19379124 0.09679563 0.97625589
vn 0.27369684 0.02089976 0.96158891
vn 0.34528857 -0.00719976 0.93846895
vn 0.36791012 0.05840161 0.92802553
vn 0.36259355 0.08799843 0.92778349
vn 0.34548834 0.02579913 0.93806834
vn 0.29440089 -0.07910024 0.95240289
vn 0.22900126 -0.13510074 0.96400530
vn 0.20210700 -0.04030140 0.97853388
vn 0.20599669 0.09129853 0.97428432
vn 0.20530731 0.07480266 0.97583475
vn 0.19139526 0.05309868 0.98007570
vn 0.18989894 0.13559925 0.97239459
vn 0.22490572 0.15280389 0.96232447
vn 0.26750429 0.05790093 0.96181544
vn 0.24528740 -0.00059997 0.96945022
vn 0.14530624 0.06660286 0.98714242
vn 0.03679846 0.12109495 0.99195861
vn -0.00780031 0.05880231 0.99823917
vn 0.01979961 -0.00689986 0.99978016
vn 0.07169715 0.01819928 0.99726040
vn 0.09050349 0.06080234 0.99403833
vn 0.07810253 0.03770122 0.99623221
vn 0.07320129 0.01410025 0.99721751
vn 0.08080015 -0.01600003 0.99660189
vn 0.07169864 0.00949982 0.99738110
vn 0.03979851 0.13039513 0.99066300
vn 0.02249879 0.23328741 0.97214752
vn 0.04409966 0.20199845 0.97839248
vn 0.06319704 0.13259379 0.98915369
vn -0.05850208 -0.02650094 0.99793547
vn -0.03239917 0.03999897 0.99867431
vn -0.11199698 -0.05149861 0.99237320
vn -0.12690195 0.00010000 0.99191526
vn -0.07310004 -0.07500004 0.99450057
vn -0.00739976 -0.20909310 0.97786774
vn 0.01399998 -0.24069967 0.97049867
vn 0.02499916 -0.12239586 0.99216647
vn 0.07949723 -0.03059894 0.99636534
vn 0.14859634 -0.13179676 0.98007589
vn 0.17310663 -0.20450783 0.96343689
vn 0.16209609 -0.09919760 0.98177630
vn 0.16190479 0.01870055 0.98662918
vn 0.18030482 -0.02750073 0.98322626
vn 0.19020877 -0.11190516 0.97534499
vn 0.17030686 -0.08590346 0.98163953
vn 0.12900093 -0.00860006 0.99160718
vn 0.11209481 0.02199898 0.99345397
vn 0.15239616 0.03279917 0.98777509
vn 0.21710032 0.03270005 0.97560143
vn 0.26950628 -0.05330124 0.96152241
vn 0.31030301 -0.05730056 0.94890921
vn 0.34238455 0.04549795 0.93845765
vn 0.35810898 0.08800221 0.92952330
vn 0.35151941 0.05520305 0.93455162
vn 0.32598315 -0.02059894 0.94515114
vn 0.30000186 -0.09590059 0.94910587
vn 0.30539776 -0.05219962 0.95079304
vn 0.31361545 0.08490418 0.94574660
vn 0.28090235 0.10740090 0.95370798
vn 0.24089493 0.07839835 0.96737962
vn 0.24239509 0.10859780 0.96408046
vn 0.29381005 0.08660296 0.95193255
vn 0.32899721 0.04209964 0.94339200
vn 0.27889650 0.09319883 0.95578801
vn 0.15349598 0.20059475 0.96757466
vn 0.04719941 0.19539754 0.97958768
vn 0.02279918 0.05049817 0.99846389
vn 0.05839730 -0.06219713 0.99635399
vn 0.10050279 -0.02040057 0.99472760
vn 0.11219589 0.06789751 0.99136371
vn 0.10189490 0.05359732 0.99335027
vn 0.08880084 0.01670016 0.99590939
vn 0.05990003 0.00280000 0.99820045
vn 0.00469991 0.05489895 0.99848085
vn -0.02740048 0.14860260 0.98851731
vn 0.01169991 0.19419851 0.98089248
vn 0.09360264 0.14340405 0.98522780
vn 0.13480566 0.07870330 0.98774148
vn -0.00189996 0.01539969 0.99987961
vn 0.01410066 0.04590213 0.99884642
vn -0.04709890 0.00519988 0.99887670
vn -0.06430254 -0.02410095 0.99763938
vn -0.02240069 -0.14600447 0.98903028
vn 0.00010000 -0.22430440 0.97451913
vn -0.03950150 -0.20890795 0.97713720
vn -0.04240064 -0.16420249 0.98551496
vn 0.07189986 -0.15749970 0.98489809
vn 0.20109289 -0.20739267 0.95736614
vn 0.23609071 -0.18549270 0.95386248
vn 0.21620374 -0.07560131 0.97341686
vn 0.22150466 -0.00870018 0.97512050
vn 0.24899158 -0.05089828 0.96716729
vn 0.23248895 -0.08059617 0.96925391
vn 0.16610394 -0.02370056 0.98582339
vn 0.12260086 0.01720012 0.99230700
vn 0.16460262 -0.02960047 0.98591571
vn 0.25869909 -0.05489981 0.96439660
vn 0.33058122 -0.02499858 0.94344641
vn 0.34429363 -0.06679876 0.93648268
vn 0.33230913 -0.07190198 0.94042583
vn 0.34640330 0.01200011 0.93800893
vn 0.37220574 0.07250112 0.92531426
vn 0.38411214 0.06160195 0.92122911
vn 0.39020448 -0.00570007 0.92071058
vn 0.39957873 -0.09119515 0.91215146
vn 0.42249614 -0.08039927 0.90279176
vn 0.44771598 0.06740241 0.89163183
vn 0.42978776 0.15869548 0.88887469
vn 0.37930946 0.12400309 0.91692288
vn 0.35739479 0.08039883 0.93048643
vn 0.38278674 0.02609910 0.92346800
vn 0.39520998 0.04630117 0.91742317
vn 0.34819986 0.18689992 0.91859963
vn 0.27019731 0.29189710 0.91749087
vn 0.22400654 0.23420683 0.94602761
vn 0.19040837 0.06660293 0.97944306
vn 0.12810110 -0.04780041 0.99060851
vn 0.06480137 -0.01240026 0.99782113
vn 0.03799817 0.07509639 0.99645204
vn 0.03100051 0.06480108 0.99741656
vn 0.02190099 0.02880130 0.99934520
vn -0.01069955 0.05259781 0.99855846
vn -0.06870314 0.11790540 0.99064534
vn -0.08909756 0.13759623 0.98647296
vn -0.02969925 0.10829726 0.99367483
vn 0.04660156 0.07580253 0.99603327
vn 0.07410384 0.05280274 0.99585164
vn -0.02390031 -0.00170002 0.99971290
vn -0.05709790 -0.01449947 0.99826329
vn 0.01349932 0.03029848 0.99944973
vn 0.02029919 -0.03829847 0.99906014
vn 0.02390114 -0.17740848 0.98384702
vn 0.00849981 -0.20039554 0.97967820
vn -0.02930116 -0.15840628 0.98693915
vn -0.03030030 -0.21010211 0.97720980
vn 0.04779937 -0.29439611 0.95448738
vn 0.12289693 -0.27179322 0.95447619
vn 0.11360462 -0.14800602 0.98243993
vn 0.06810274 -0.04550183 0.99664016
vn 0.06760011 -0.04490007 0.99670166
vn 0.09439885 -0.07389910 0.99278788
vn 0.08229816 -0.03249927 0.99607771
vn 0.04549825 0.03469867 0.99836161
vn 0.06890319 -0.01880087 0.99744618
vn 0.19269864 -0.16199886 0.96779316
vn 0.33919215 -0.17189602 0.92487861
vn 0.42219802 -0.07499965 0.90339575
vn 0.43559990 -0.04529999 0.89899980
vn 0.42570127 -0.06250019 0.90270269
vn 0.44929234 -0.03779936 0.89258479
vn 0.49972420 0.02050099 0.86594193
vn 0.53629907 0.03959993 0.84309854
vn 0.52387645 0.02379893 0.85146173
vn 0.46410859 -0.04910091 0.88441637
vn 0.40199294 -0.07229873 0.91278397
vn 0.37318724 0.06069793 0.92576835
vn 0.35369186 0.20429530 0.91277900
vn 0.32579443 0.18639681 0.92688415
vn 0.30919480 0.07439875 0.94808407
vn 0.31520750 -0.00060001 0.94902259
vn 0.31490887 0.05670160 0.94742669
vn 0.31871941 0.21451307 0.92325624
vn 0.34791766 0.29061475 0.89134525
vn 0.37559605 0.23879749 0.89549058
vn 0.32988304 0.15109223 0.93185209
vn 0.18939290 0.08559679 0.97816334
vn 0.04479936 0.06489907 0.99688571
vn -0.02430078 0.09340298 0.99533178
vn -0.05360171 0.08270264 0.99513172
vn -0.08090147 0.04690085 0.99561803
vn -0.09650474 0.08200402 0.99194868
vn -0.08790329 0.13790517 0.98653696
vn -0.05479789 0.10499596 0.99296175
vn -0.02710029 0.05330057 0.99821071
vn -0.05059762 0.07819632 0.99565316
vn -0.08149875 0.10539839 0.99108483
vn -0.06010315 -0.06220326 0.99625216
vn -0.08690220 -0.09860250 0.99132515
vn -0.01399968 0.00709984 0.99987679
vn 0.01130024 -0.04720102 0.99882149
vn 0.00950036 -0.17150647 0.98513718
vn -0.00559993 -0.17759770 0.98408724
vn -0.00360017 -0.14620702 0.98924747
vn 0.01950010 -0.24230127 0.97000507
vn 0.03169863 -0.34338521 0.93865957
vn 0.00000000 -0.26269431 0.96487911
vn -0.05689795 -0.09379662 0.99396419
vn -0.08320233 -0.02840080 0.99612789
vn -0.05560079 -0.08860126 0.99451414
vn -0.02289971 -0.08989888 0.99568760
vn -0.02459980 -0.00329997 0.99969193
vn -0.02129950 0.03989907 0.99897667
vn 0.04209829 -0.10799561 0.99325962
vn 0.17649342 -0.32878775 0.92776543
vn 0.32980475 -0.29970432 0.89521290
vn 0.42668502 -0.12819550 0.89526857
vn 0.44340416 -0.02370022 0.89600840
vn 0.43518631 -0.06099808 0.89827174
vn 0.47497755 -0.12229422 0.87145881
vn 0.55350632 -0.07220082 0.82970947
vn 0.59149654 0.01849989 0.80609528
vn 0.56089802 0.10809962 0.82079710
vn 0.46950287 0.07770047 0.87950537
vn 0.35790770 0.00830018 0.93372008
vn 0.29760016 0.07550004 0.95170052
vn 0.28638910 0.21679175 0.93326449
vn 0.27990904 0.22020711 0.93443018
vn 0.26650155 0.08470049 0.96010559
vn 0.24480688 0.00930026 0.96952725
vn 0.23689838 0.05469963 0.96999336
vn 0.27779533 0.16659720 0.94608410
vn 0.35768653 0.21789180 0.90806581
vn 0.40310292 0.23220168 0.88520642
vn 0.34519825 0.27349861 0.89779545
vn 0.20839946 0.25469935 0.94429757
vn 0.08190297 0.16530599 0.98283561
vn 0.01080025 0.13100306 0.99132313
vn -0.05120111 0.13500292 0.98952143
vn -0.12499739 0.09519801 0.98757936
vn -0.15639742 0.08079867 0.98438378
vn -0.10980437 0.08350332 0.99043940
vn -0.03049929 0.04809888 0.99837683
vn -0.01189967 0.06409824 0.99787264
vn -0.07870077 0.15730155 0.98440968
vn -0.12669684 0.20429491 0.97067580
vn 0.01360062 -0.08070367 0.99664534
vn 0.02250022 -0.10970110 0.99370992
vn 0.02099938 -0.02859915 0.99937036
vn 0.05409886 -0.06999853 0.99607907
vn 0.05990054 -0.15300138 0.98640889
vn 0.03689959 -0.15899824 0.98658906
vn 0.03859793 -0.16849097 0.98494720
vn 0.06119741 -0.26588875 0.96205928
vn 0.03670130 -0.31151100 0.94953352
vn -0.04669827 -0.18849301 0.98096364
vn -0.10519564 -0.05799760 0.99275886
vn -0.08379637 -0.06029739 0.99465692
vn -0.02559946 -0.14169700 0.98957902
vn 0.01510022 -0.10820156 0.99401429
vn 0.03150011 0.00090000 0.99950334
vn 0.04979806 0.01399946 0.99866119
vn 0.09870312 -0.19040602 0.97673089
vn 0.17520252 -0.44620642 0.87761262
vn 0.29400355 -0.41520501 0.86091040
vn 0.41380217 -0.20230106 0.88760466
vn 0.45029007 0.00189996 0.89288031
vn 0.41947758 -0.04289771 0.90675154
vn 0.40508351 -0.18979227 0.89436360
vn 0.41988108 -0.14289356 0.89625962
vn 0.43209477 0.00839990 0.90178908
vn 0.45841829 0.13940556 0.87773502
vn 0.47771064 0.16110359 0.86361923
vn 0.44658248 0.09329634 0.88986509
vn 0.41561192 0.08850254 0.90522596
vn 0.41378741 0.19349411 0.88957294
vn 0.40239780 0.23459872 0.88489516
vn 0.36578295 0.12799403 0.92185702
vn 0.32690556 0.03480059 0.94441605
vn 0.32410328 0.03670037 0.94530955
vn 0.33788696 0.12109533 0.93336398
vn 0.34789572 0.16109802 0.92358865
vn 0.34351339 0.23590919 0.90903543
vn 0.29690420 0.36880522 0.88081247
vn 0.22309858 0.36669766 0.90319425
vn 0.16260217 0.23330311 0.95871278
vn 0.12559488 0.16679319 0.97796010
vn 0.06990036 0.21090107 0.97500496
vn -0.02429957 0.18369674 0.98268257
vn -0.10630149 0.10650150 0.98861389
vn -0.12470061 0.02780014 0.99180487
vn -0.08410074 -0.01720015 0.99630880
vn -0.05309743 0.07909618 0.99545189
vn -0.05980149 0.21480536 0.97482431
vn -0.06750258 0.25250965 0.96523690
vn 0.12690442 -0.07150249 0.98933445
vn 0.12630517 -0.07900323 0.98884048
vn 0.14740373 -0.06520165 0.98692496
vn 0.18139483 -0.10039714 0.97827211
vn 0.18260433 -0.12720301 0.97492310
vn 0.14639442 -0.12209534 0.98166257
vn 0.10009937 -0.15959900 0.98209382
vn 0.03530177 -0.23871194 0.97044855
vn -0.05470194 -0.23590838 0.97023447
vn -0.12300301 -0.12000294 0.98512413
vn -0.13229837 -0.06169924 0.98928780
vn -0.09159817 -0.11799764 0.98878022
vn -0.03509916 -0.19599530 0.97997648
vn 0.02189935 -0.14849558 0.98867056
vn 0.07950268 -0.03160107 0.99633363
vn 0.13659620 -0.02999917 0.99017247
vn 0.18240186 -0.24500250 0.95220971
vn 0.19790393 -0.49420981 0.84651680
vn 0.25411124 -0.50862250 0.82263639
vn 0.38318288 -0.30328645 0.87246101
vn 0.46749358 -0.00389995 0.88398786
vn 0.45200451 0.01380014 0.89190890
vn 0.35818273 -0.13489349 0.92385544
vn 0.23169130 -0.10069622 0.96756365
vn 0.18120607 -0.00490016 0.98343294
vn 0.28159744 0.02909974 0.95909128
vn 0.44050205 0.07860037 0.89430416
vn 0.50718231 0.12469565 0.85277025
vn 0.48690247 0.12050061 0.86510438
vn 0.44359431 0.19619748 0.87448878
vn 0.39650811 0.28270578 0.87341786
vn 0.34989924 0.19949957 0.91529801
vn 0.33660953 0.03410097 0.94102665
vn 0.35168327 0.01749917 0.93595548
vn 0.32729689 0.14779859 0.93329112
vn 0.26529814 0.19279865 0.94469338
vn 0.21698783 0.25878549 0.94124723
vn 0.21210436 0.39350808 0.89451838
vn 0.23119075 0.39958401 0.88706451
vn 0.24030171 0.26080186 0.93500667
vn 0.22890904 0.18740740 0.95523773
vn 0.19611350 0.26331812 0.94456501
vn 0.14120354 0.26510664 0.95382390
vn 0.05610181 0.18660603 0.98083168
vn -0.04530018 0.06580026 0.99680400
vn -0.10750324 -0.03380102 0.99362998
vn -0.10559915 0.06329949 0.99239206
vn -0.06390098 0.19850303 0.97801493
vn -0.03730047 0.22340281 0.97401225
vn 0.14589826 -0.09009893 0.98518825
vn 0.12819821 -0.08279884 0.98828618
vn 0.17139794 -0.09419887 0.98068819
vn 0.17150039 -0.10840025 0.97920223
vn 0.15510044 -0.10500030 0.98230280
vn 0.12639635 -0.07719777 0.98897142
vn 0.05749837 -0.09009744 0.99427179
vn -0.04520147 -0.14680478 0.98813217
vn -0.11489940 -0.17469908 0.97789486
vn -0.11640059 -0.11600058 0.98640497
vn -0.08619800 -0.08919793 0.99227699
vn -0.06139742 -0.15529347 0.98595857
vn -0.02690001 -0.24480009 0.96920034
vn 0.04260060 -0.21980308 0.97461366
vn 0.13070252 -0.10240197 0.98611900
vn 0.21849211 -0.10599617 0.97006495
vn 0.27591334 -0.28951400 0.91654431
vn 0.26378967 -0.48278110 0.83506731
vn 0.23379372 -0.54218545 0.80707833
vn 0.28150386 -0.39450541 0.87471199
vn 0.38558947 -0.08249775 0.91897491
vn 0.44112671 0.05170313 0.89595425
vn 0.38830930 0.00360009 0.92152207
vn 0.26909338 0.02139947 0.96287632
vn 0.19659567 -0.00349992 0.98047840
vn 0.23480888 -0.11140421 0.96563652
vn 0.33131422 -0.06410275 0.94134039
vn 0.39279660 0.11189903 0.91279211
vn 0.37589368 0.19279676 0.90638477
vn 0.30609440 0.26149521 0.91538324
vn 0.25030096 0.34000130 0.90650347
vn 0.24450182 0.23910178 0.93970698
vn 0.25800553 0.01540033 0.96602069
vn 0.24780432 0.02760048 0.96841687
vn 0.19319633 0.21779587 0.95668184
vn 0.11749786 0.27099507 0.95538261
vn 0.08120077 0.27360260 0.95840912
vn 0.12719229 0.34607903 0.92954367
vn 0.20129275 0.37388653 0.90536738
vn 0.22129254 0.28619035 0.93226857
vn 0.18500584 0.22330705 0.95703020
vn 0.16089857 0.28009751 0.94639159
vn 0.15659715 0.30409446 0.93968287
vn 0.11209858 0.27499650 0.95488786
vn 0.01170034 0.17370498 0.98472823
vn -0.09209938 0.02259985 0.99549332
vn -0.12540244 0.03950077 0.99131928
vn -0.07009749 0.12899538 0.98916456
vn -0.02489993 0.14649960 0.98889730
vn 0.06440202 -0.11100348 0.99173112
vn 0.06270104 -0.10190169 0.99281651
vn 0.04959952 -0.08679916 0.99499035
vn 0.01139960 -0.08079719 0.99666537
vn -0.01369931 -0.09429527 0.99545001
vn -0.03090083 -0.04230114 0.99862693
vn -0.07130212 -0.01580047 0.99732961
vn -0.09469559 -0.09509557 0.99095387
vn -0.05509965 -0.19429875 0.97939370
vn 0.01650033 -0.16640333 0.98591971
vn 0.06769670 -0.12009414 0.99045169
vn 0.09750406 -0.17880745 0.97904078
vn 0.12479371 -0.27898593 0.95215197
vn 0.15839351 -0.27168887 0.94926111
vn 0.20789908 -0.17539922 0.96229574
vn 0.29250087 -0.20830062 0.93330279
vn 0.36580045 -0.33940041 0.86660106
vn 0.34848699 -0.42998395 0.83286891
vn 0.23840145 -0.48480295 0.84150511
vn 0.16929862 -0.43839642 0.88269279
vn 0.25129569 -0.21299634 0.94418379
vn 0.37288409 -0.00569976 0.92786042
vn 0.41771435 0.07060243 0.90583112
vn 0.41400198 0.08600041 0.90620433
vn 0.40638251 0.00879962 0.91366067
vn 0.37091020 -0.11890327 0.92102532
vn 0.31688538 -0.08709598 0.94445643
vn 0.28669198 0.09919723 0.95287335
vn 0.26169068 0.25239101 0.93156683
vn 0.21179857 0.32949778 0.92009379
vn 0.18749772 0.35469568 0.91598885
vn 0.21040039 0.23030043 0.95010178
vn 0.19649682 0.04009935 0.97968415
vn 0.12660319 0.08240208 0.98852493
vn 0.06440164 0.27590701 0.95902437
vn 0.03350105 0.31460985 0.94862971
vn 0.06499869 0.23639525 0.96948051
vn 0.15979912 0.24989862 0.95499472
vn 0.22481152 0.33351709 0.91554690
vn 0.18779477 0.34989026 0.91777444
vn 0.09259935 0.29469793 0.95109331
vn 0.04300060 0.28280395 0.95821338
vn 0.03769914 0.31699278 0.94767840
vn 0.02199997 0.32429952 0.94569859
vn 0.00089998 0.24079400 0.97057583
vn -0.03710088 0.09460224 0.99482357
vn -0.06840194 0.03250092 0.99712831
vn -0.03309885 0.04659838 0.99836519
vn 0.00490019 0.05740225 0.99833911
vn -0.02879968 -0.11289875 0.99318903
vn -0.02860086 -0.11170337 0.99332993
vn -0.04200186 -0.05780255 0.99744409
vn -0.07000108 -0.04310066 0.99661536
vn -0.09400056 -0.08180049 0.99220591
vn -0.11800256 -0.01350029 0.99292152
vn -0.14700113 0.02550020 0.98880757
vn -0.14499889 -0.11269914 0.98299249
vn -0.08010078 -0.27040263 0.95940934
vn 0.01759913 -0.24818772 0.96855208
vn 0.11540248 -0.18190391 0.97652099
vn 0.19870657 -0.22940758 0.95283150
vn 0.24709233 -0.30339059 0.92027144
vn 0.26119185 -0.27639138 0.92487114
vn 0.28889197 -0.22979361 0.92937416
vn 0.34941240 -0.30151070 0.88713148
vn 0.38692164 -0.38072129 0.83984697
vn 0.35831735 -0.35041697 0.86534191
vn 0.25569859 -0.37109796 0.89269509
vn 0.15920599 -0.41811573 0.89433365
vn 0.16589774 -0.31229574 0.93538725
vn 0.24180453 -0.10780202 0.96431805
vn 0.31389324 0.04309907 0.94847957
vn 0.37261480 0.05530220 0.92633680
vn 0.43167821 -0.02219888 0.90175448
vn 0.44849476 -0.06539924 0.89138958
vn 0.40080637 -0.00940015 0.91611456
vn 0.32689452 0.13419775 0.93548433
vn 0.28300053 0.27180051 0.91980171
vn 0.27739330 0.34369170 0.89717834
vn 0.27960637 0.34230780 0.89702043
vn 0.24379397 0.26409347 0.93317691
vn 0.12389900 0.15639873 0.97989207
vn 0.00420013 0.15610498 0.98773154
vn -0.00249992 0.27209103 0.96226827
vn 0.07850155 0.27400541 0.95851893
vn 0.17849478 0.14979562 0.97247154
vn 0.25859265 0.15559557 0.95337289
vn 0.26598599 0.32468289 0.90765218
vn 0.19708913 0.43387608 0.87915153
vn 0.10150068 0.37950253 0.91960613
vn 0.02689971 0.30989663 0.95038965
vn -0.01819964 0.33629336 0.94158141
vn -0.02039925 0.32068819 0.94696513
vn 0.04090008 0.20550042 0.97780200
vn 0.09279878 0.11699846 0.98878701
vn 0.07269948 0.06089956 0.99549286
vn 0.02550040 0.03030047 0.99921550
vn 0.00390012 0.03640108 0.99932965
vn -0.06860199 -0.11810343 0.99062876
vn -0.07440288 -0.12360479 0.98953831
vn -0.06210058 -0.04600043 0.99700927
vn -0.06440134 -0.02460051 0.99762081
vn -0.06660261 -0.07390289 0.99503892
vn -0.06189870 -0.00259995 0.99807905
vn -0.06079850 0.04409891 0.99717542
vn -0.07120071 -0.11840117 0.99040982
vn -0.06220109 -0.32310566 0.94431655
vn 0.00699978 -0.34528906 0.93847028
vn 0.12500226 -0.28740518 0.94961713
vn 0.22759090 -0.30528780 0.92466304
vn 0.27050206 -0.31850243 0.90850693
vn 0.30029594 -0.29559600 0.90688773
vn 0.35719541 -0.28809630 0.88848858
vn 0.39010575 -0.34470508 0.85381258
vn 0.37989507 -0.37639511 0.84498903
vn 0.35572053 -0.28601651 0.88975135
vn 0.31248261 -0.28408419 0.90644955
vn 0.24320992 -0.34971427 0.90473690
vn 0.15750834 -0.29651570 0.94194987
vn 0.11410262 -0.15360353 0.98152257
vn 0.15990640 -0.03420137 0.98653951
vn 0.26499983 -0.03799998 0.96349940
vn 0.36358484 -0.10729553 0.92536141
vn 0.42301363 -0.07360237 0.90312909
vn 0.42680804 0.05250099 0.90281700
vn 0.38778381 0.18949209 0.90206234
vn 0.35988983 0.26599249 0.89427474
vn 0.37789185 0.30439344 0.87438114
vn 0.39140770 0.33360656 0.85761686
vn 0.31890667 0.36730768 0.87371827
vn 0.15979889 0.31809779 0.93449351
vn 0.04190076 0.22080402 0.97441773
vn 0.05009840 0.20929330 0.97656872
vn 0.13810574 0.17990748 0.97394050
vn 0.20991113 0.07740411 0.97465169
vn 0.22670624 0.12330339 0.96612657
vn 0.19750449 0.35330804 0.91442080
vn 0.15449800 0.48689368 0.85968885
vn 0.13610562 0.42681762 0.89403690
vn 0.12659806 0.33829481 0.93248569
vn 0.11400200 0.35440621 0.92811626
vn 0.12170235 0.29110563 0.94891836
vn 0.16480083 0.13310067 0.97730492
vn 0.20299634 0.09879822 0.97418243
vn 0.18069319 0.11859553 0.97636319
vn 0.09130466 0.10980561 0.98975057
vn 0.03309896 0.11709632 0.99256884
vn -0.06450050 -0.11380087 0.99140761
vn -0.05409964 -0.12489917 0.99069341
vn -0.08430131 -0.03800059 0.99571544
vn -0.10180215 -0.01290027 0.99472102
vn -0.09609837 -0.08789851 0.99148321
vn -0.02480055 -0.06430144 0.99762230
vn 0.08489813 -0.00479989 0.99637807
vn 0.14160583 -0.11820487 0.98284047
vn 0.14150204 -0.33000476 0.93331347
vn 0.16069824 -0.40609556 0.89959017
vn 0.21000234 -0.36050402 0.90881014
vn 0.22710505 -0.33830752 0.91322030
vn 0.22499212 -0.32918847 0.91706788
vn 0.25490429 -0.34970588 0.90151517
vn 0.31179093 -0.35738961 0.88037440
vn 0.35059391 -0.37359351 0.85878507
vn 0.34349283 -0.34299284 0.87428175
vn 0.32710895 -0.26170716 0.90802483
vn 0.32838512 -0.26788786 0.90575897
vn 0.30489674 -0.27309708 0.91239025
vn 0.24130213 -0.21290188 0.94680836
vn 0.20130001 -0.14920000 0.96810003
vn 0.23559859 -0.11689930 0.96479421
vn 0.32399973 -0.15179987 0.93379922
vn 0.40100648 -0.18150293 0.89791452
vn 0.42432130 -0.08250414 0.90174526
vn 0.40858190 0.07709658 0.90945970
vn 0.38231773 0.22371038 0.89654159
vn 0.35859138 0.27529339 0.89197857
vn 0.35000663 0.28160533 0.89341692
vn 0.36030995 0.32650902 0.87382413
vn 0.36019256 0.42099131 0.83248281
vn 0.30860376 0.42450517 0.85121036
vn 0.21340642 0.30440916 0.92832794
vn 0.12369786 0.20419647 0.97108323
vn 0.09700264 0.12560341 0.98732683
vn 0.11530073 0.04510028 0.99230626
vn 0.12549504 0.12599502 0.98406110
vn 0.11769476 0.37368337 0.92005906
vn 0.12510284 0.48961112 0.86291960
vn 0.16709897 0.41359744 0.89499446
vn 0.21130081 0.32330124 0.92240353
vn 0.23979640 0.33799492 0.91008633
vn 0.24959751 0.28359717 0.92589077
vn 0.22940830 0.12680459 0.96503493
vn 0.20069358 0.09569694 0.97496881
vn 0.17720394 0.16630370 0.97002157
vn 0.12970277 0.19830424 0.97152078
vn 0.09679675 0.20259319 0.97446723
vn -0.03700122 -0.08800290 0.99543277
vn -0.02099920 -0.11309569 0.99336217
vn -0.06999824 -0.01199970 0.99747494
vn -0.09779833 0.00679988 0.99518302
vn -0.09309722 -0.11519656 0.98897050
vn -0.00720031 -0.19110828 0.98154255
vn 0.14330488 -0.13640465 0.98023338
vn 0.25470016 -0.16290010 0.95320060
vn 0.28709726 -0.33019685 0.89919142
vn 0.28960102 -0.41520146 0.86240304
vn 0.27440485 -0.34520610 0.89751586
vn 0.20221046 -0.28731486 0.93624842
vn 0.12949834 -0.32069589 0.93828798
vn 0.11600473 -0.39451608 0.91153715
vn 0.16710746 -0.43651950 0.88403949
vn 0.22559315 -0.41358744 0.88207322
vn 0.23189405 -0.31689187 0.91967641
vn 0.22989960 -0.27279952 0.93419837
vn 0.25269270 -0.29719142 0.92077340
vn 0.27689573 -0.24859617 0.92818570
vn 0.29270114 -0.17740069 0.93960366
vn 0.30500696 -0.14900340 0.94062147
vn 0.30178965 -0.14639498 0.94206768
vn 0.29769135 -0.22249354 0.92837303
vn 0.30300570 -0.21970413 0.92731744
vn 0.30510413 -0.06330086 0.95021286
vn 0.28390358 0.10200129 0.95341203
vn 0.27420334 0.23660289 0.93211137
vn 0.27889140 0.29319096 0.91447179
vn 0.28339855 0.28299855 0.91629530
vn 0.31028286 0.29458373 0.90385008
vn 0.35721048 0.38821139 0.84952492
vn 0.37971854 0.45612227 0.80483930
vn 0.31781937 0.42502591 0.84755166
vn 0.16720687 0.31591297 0.93393836
vn 0.05679917 0.14509789 0.98778563
vn 0.04750166 0.01650058 0.99873486
vn 0.08990055 0.10110061 0.99080601
vn 0.14699703 0.34159309 0.92828123
vn 0.20720015 0.44740031 0.87000061
vn 0.24450403 0.38850640 0.88841463
vn 0.24130778 0.31811025 0.91682955
vn 0.22441076 0.32881577 0.91734399
vn 0.21510143 0.30450203 0.92790618
vn 0.18609363 0.17749393 0.96636694
vn 0.14740360 0.11790288 0.98202398
vn 0.12340266 0.19090412 0.97382103
vn 0.10520254 0.23770574 0.96562332
vn 0.09760200 0.22900469 0.96851985
vn -0.02389912 -0.04999816 0.99846333
vn -0.00150000 -0.08479974 0.99639689
vn -0.05310103 0.01180023 0.99851942
vn -0.04450028 0.00250002 0.99900624
vn -0.01100050 -0.14720664 0.98904459
vn 0.02700090 -0.27650918 0.96063189
vn 0.08549969 -0.24909911 0.96469655
vn 0.15890712 -0.24331091 0.95684290
vn 0.19639777 -0.36039590 0.91188964
vn 0.19380686 -0.42431503 0.88453132
vn 0.18320038 -0.30550063 0.93440194
vn 0.14489991 -0.20909987 0.96709941
vn 0.07530195 -0.27030700 0.95982485
vn 0.02910091 -0.39521236 0.91812871
vn 0.04040025 -0.49350300 0.86880528
vn 0.08139802 -0.44448919 0.89207831
vn 0.12220006 -0.32840017 0.93660049
vn 0.15629745 -0.29799515 0.94168466
vn 0.17330014 -0.32270025 0.93050073
vn 0.19850240 -0.27540334 0.94061140
vn 0.21929648 -0.18589701 0.95778461
vn 0.17570063 -0.11500042 0.97770353
vn 0.11300301 -0.12240326 0.98602625
vn 0.08279841 -0.23409551 0.96868143
vn 0.08540437 -0.24541256 0.96564940
vn 0.12420629 -0.07970404 0.98905008
vn 0.16009378 0.10629587 0.98136189
vn 0.18530017 0.22060020 0.95760086
vn 0.22940180 0.26870211 0.93550734
vn 0.27769837 0.26219846 0.92419456
vn 0.30539554 0.26019620 0.91598663
vn 0.30979584 0.35289526 0.88288814
vn 0.30141367 0.46622115 0.83173772
vn 0.25739445 0.52648865 0.81028254
vn 0.14649430 0.46338197 0.87396600
vn 0.03750039 0.20420213 0.97821021
vn 0.02360056 -0.02440058 0.99942365
vn 0.08619887 0.03709951 0.99558695
vn 0.16679738 0.26039591 0.95098507
vn 0.23189907 0.39349842 0.88959643
vn 0.24259790 0.40489649 0.88159236
vn 0.20419229 0.35788649 0.91116561
vn 0.17629488 0.33749021 0.92467317
vn 0.18469642 0.30649406 0.93378189
vn 0.20139803 0.20039804 0.95879062
vn 0.19370728 0.14330539 0.97053648
vn 0.16119725 0.21649631 0.96288358
vn 0.12160344 0.26290744 0.95712710
vn 0.10319789 0.24709495 0.96348030
vn -0.00920009 0.01720017 0.99980974
vn 0.03570143 -0.00670027 0.99934004
vn -0.05020148 0.01480044 0.99862944
vn 0.00109998 -0.06019914 0.99818578
vn 0.06359923 -0.18119779 0.98138805
vn 0.05280281 -0.27021438 0.96135116
vn 0.02360000 -0.28310000 0.95880000
vn 0.04689986 -0.30499908 0.95119712
vn 0.07699912 -0.37899567 0.92218947
vn 0.07029890 -0.41959344 0.90498586
vn 0.07200191 -0.30840820 0.94852523
vn 0.10049802 -0.19379617 0.97588073
vn 0.11949860 -0.23879721 0.96368873
vn 0.10200332 -0.37021205 0.92333004
vn 0.05000267 -0.48452589 0.87334666
vn 0.03740028 -0.47920359 0.87690657
vn 0.10539846 -0.38569437 0.91658661
vn 0.17709370 -0.33238818 0.92636705
vn 0.21440205 -0.33770323 0.91650875
vn 0.22229917 -0.27869896 0.93429651
vn 0.15580690 -0.12580558 0.97974342
vn 0.04990039 -0.02630021 0.99840786
vn 0.02570093 -0.12330448 0.99203602
vn 0.08199771 -0.25869276 0.96247308
vn 0.11980000 -0.25870000 0.95850001
vn 0.14869950 -0.12619957 0.98079668
vn 0.18079703 0.08449861 0.97988388
vn 0.17559779 0.21459730 0.96078791
vn 0.17580607 0.23060796 0.95703302
vn 0.19619847 0.23859814 0.95109258
vn 0.18100395 0.28020612 0.94272058
vn 0.15029825 0.36299578 0.91958931
vn 0.14390159 0.47760529 0.86670959
vn 0.13280156 0.57160672 0.80970952
vn 0.09399693 0.55088201 0.82927292
vn 0.03519965 0.26249740 0.96429046
vn 0.00969968 -0.05449819 0.99846676
vn 0.03839991 -0.02299995 0.99899772
vn 0.06799943 0.20879825 0.97559181
vn 0.07499939 0.37399694 0.92439244
vn 0.07769663 0.42878140 0.90006097
vn 0.10460046 0.36930162 0.92340406
vn 0.16310618 0.30941173 0.93683550
vn 0.22709323 0.26939197 0.93587212
vn 0.25988700 0.19399030 0.94595270
vn 0.23750735 0.18070559 0.95442954
vn 0.19179348 0.24959151 0.94916771
vn 0.15669786 0.29459597 0.94268711
vn 0.14060557 0.29261159 0.94583747
vn 0.04120100 0.09500230 0.99462407
vn 0.07449841 0.08969809 0.99317886
vn 0.01180006 0.00710004 0.99990517
vn 0.05100190 -0.14210528 0.98853674
vn 0.08010315 -0.19190756 0.97813852
vn 0.02810093 -0.20320675 0.97873252
vn -0.01490006 -0.28130113 0.95950386
vn 0.03079925 -0.36759106 0.92947739
vn 0.09640086 -0.40390358 0.90970807
vn 0.10709390 -0.39837730 0.91094809
vn 0.09049980 -0.31279932 0.94549795
vn 0.10219749 -0.22589446 0.96877622
vn 0.14019797 -0.26469617 0.95408619
vn 0.15580114 -0.35470260 0.92190676
vn 0.12399744 -0.43739098 0.89068163
vn 0.10380330 -0.49871586 0.86052737
vn 0.17139721 -0.46439245 0.86888587
vn 0.28080880 -0.39341232 0.87542742
vn 0.34160303 -0.33710299 0.87730778
vn 0.29040333 -0.19020218 0.93781077
vn 0.17749562 -0.00949977 0.98407574
vn 0.12480533 0.01660071 0.99204236
vn 0.15830481 -0.17460530 0.97182950
vn 0.20718885 -0.30098380 0.93084990
vn 0.22120567 -0.25230647 0.94202415
vn 0.19900017 -0.12100011 0.97250085
vn 0.14170440 0.10680331 0.98413054
vn 0.07369751 0.26009122 0.96276749
vn 0.03630019 0.22490119 0.97370517
vn 0.04230060 0.22250317 0.97401386
vn 0.04239909 0.31489323 0.94817961
vn 0.01989941 0.38338867 0.92337270
vn 0.01899990 0.46899742 0.88299514
vn 0.05269920 0.56619137 0.82258746
vn 0.08209762 0.57208340 0.81607632
vn 0.07070131 0.31720590 0.94571758
vn 0.02009926 -0.03269879 0.99926313
vn -0.01269988 -0.04069962 0.99909071
vn -0.01739997 0.20069965 0.97949829
vn -0.02809993 0.38449901 0.92269762
vn -0.02580062 0.41791010 0.90812195
vn 0.02179931 0.31998991 0.94717013
vn 0.10339826 0.23539604 0.96638373
vn 0.17320794 0.22241019 0.95944396
vn 0.17870441 0.21500530 0.96012367
vn 0.12360121 0.24540241 0.96150944
vn 0.07799700 0.27918924 0.95706313
vn 0.07320382 0.30681600 0.94894949
vn 0.07900109 0.32930456 0.94091303
vn 0.05760109 0.11650220 0.99151871
vn 0.04589933 0.11429834 0.99238558
vn 0.05990149 0.01260031 0.99812476
vn 0.02330049 -0.15190318 0.98812070
vn -0.02570065 -0.16400412 0.98612480
vn -0.05910291 -0.14780728 0.98724863
vn -0.05260055 -0.29350304 0.95450990
vn 0.00780005 -0.43930259 0.89830529
vn 0.06790000 -0.43739999 0.89669997
vn 0.07050170 -0.37380902 0.92482232
vn 0.04799776 -0.29928601 0.95295546
vn 0.05089918 -0.25239593 0.96628441
vn 0.07199795 -0.29919149 0.95147294
vn 0.09530246 -0.36750949 0.92512389
vn 0.12810435 -0.43651482 0.89053023
vn 0.17349952 -0.52409856 0.83379771
vn 0.25699627 -0.53609222 0.80408833
vn 0.35719224 -0.45809005 0.81398232
vn 0.37601469 -0.28051096 0.88313450
vn 0.28830837 -0.05550161 0.95592775
vn 0.21390422 0.05650112 0.97521926
vn 0.24449793 -0.02979975 0.96919180
vn 0.28510299 -0.21440225 0.93420980
vn 0.25539070 -0.28078977 0.92516631
vn 0.21090651 -0.23300719 0.94932929
vn 0.17150169 -0.06690066 0.98290970
vn 0.10080293 0.18140528 0.97822845
vn 0.03270162 0.31191542 0.94954693
vn -0.01380003 0.24940054 0.96830209
vn -0.04570030 0.22230145 0.97390634
vn -0.05200091 0.32080559 0.94571649
vn -0.04720031 0.39070257 0.91930606
vn -0.02950096 0.45101460 0.89202888
vn 0.01410036 0.52961362 0.84812181
vn 0.07190236 0.55261811 0.83032721
vn 0.10440150 0.34490496 0.93281343
vn 0.05889956 0.04169969 0.99739259
vn -0.02109939 -0.00349990 0.99977126
vn -0.05149739 0.19798996 0.97885034
vn -0.04150069 0.38920644 0.92021522
vn -0.02899948 0.40199276 0.91518351
vn -0.02269872 0.28638387 0.95784605
vn -0.02399925 0.19419397 0.98066954
vn -0.03140095 0.20750628 0.97772958
vn -0.05340160 0.25170753 0.96632892
vn -0.08289906 0.29209669 0.95278920
vn -0.09469615 0.28458844 0.95396125
vn -0.08089629 0.29178663 0.95305632
vn -0.06979854 0.32689315 0.94248026
vn 0.02909922 0.08479772 0.99597318
vn 0.00850015 0.07670138 0.99701788
vn 0.02660003 0.04570005 0.99860099
vn -0.05269758 -0.06999679 0.99615431
vn -0.10910086 -0.14150111 0.98390774
vn -0.07150202 -0.17410492 0.98212776
vn -0.01290001 -0.32420018 0.94590054
vn 0.00279988 -0.46868053 0.88336330
vn -0.02470115 -0.43282010 0.90114184
vn -0.06730304 -0.34321548 0.93684227
vn -0.07829720 -0.30048926 0.95056602
vn -0.03719921 -0.29139379 0.95587964
vn 0.02759891 -0.34098656 0.93966295
vn 0.07039885 -0.38819367 0.91888502
vn 0.10819718 -0.47798754 0.87167728
vn 0.18559697 -0.58799040 0.78728715
vn 0.25760636 -0.58541446 0.76871898
vn 0.26050140 -0.46810252 0.84440455
vn 0.20319295 -0.19869311 0.95876675
vn 0.13859335 0.04659776 0.98925251
vn 0.13129785 0.04359928 0.99038375
vn 0.20659418 -0.12909636 0.96987266
vn 0.24921318 -0.21991163 0.94314987
vn 0.20810796 -0.21520824 0.95413652
vn 0.15100415 -0.20030550 0.96802658
vn 0.12140471 -0.02690104 0.99223849
vn 0.08750175 0.23960479 0.96691933
vn 0.03540193 0.35851950 0.93285073
vn -0.03480113 0.31021007 0.95003084
vn -0.10929947 0.26149873 0.95899533
vn -0.12820482 0.30761156 0.94283543
vn -0.08539835 0.36449295 0.92728206
vn -0.05080077 0.43330659 0.89981369
vn -0.02800029 0.49750516 0.86700900
vn 0.02770120 0.50472190 0.86283744
vn 0.09169874 0.34749524 0.93318722
vn 0.05440014 0.14590036 0.98780246
vn -0.07340188 0.10050258 0.99222548
vn -0.15339414 0.20829204 0.96596308
vn -0.14300242 0.36460617 0.92011556
vn -0.10560272 0.37930977 0.91922367
vn -0.09529882 0.29059639 0.95208817
vn -0.13869352 0.22958928 0.96335501
vn -0.20939958 0.24399952 0.94689812
vn -0.24570967 0.26281034 0.93303670
vn -0.22719679 0.27779608 0.93338682
vn -0.19500005 0.26580007 0.94410026
vn -0.17439625 0.27089417 0.94667962
vn -0.16519774 0.29949590 0.93968714
vn 0.05120103 0.05770116 0.99702008
vn 0.04470081 0.05440099 0.99751811
vn 0.04200159 0.08450319 0.99553758
vn -0.01290009 0.02490017 0.99960671
vn -0.04810189 -0.14240560 0.98863889
vn -0.00920002 -0.24570054 0.96930212
vn 0.03379848 -0.35208415 0.93535791
vn 0.00820007 -0.43990368 0.89800752
vn -0.06320196 -0.38481194 0.92082858
vn -0.11539444 -0.31258494 0.94285459
vn -0.12069829 -0.31529554 0.94128670
vn -0.06739619 -0.35887973 0.93094742
vn 0.02160114 -0.40862160 0.91244823
vn 0.05190183 -0.38241346 0.92253246
vn 0.01829942 -0.48778450 0.87277226
vn 0.02590042 -0.65021062 0.75931240
vn 0.04720077 -0.60540991 0.79451301
vn -0.00259996 -0.41419328 0.91018524
vn -0.07190234 -0.14420470 0.98693214
vn -0.05279749 0.03609828 0.99795257
vn 0.05789940 -0.04539953 0.99728960
vn 0.14069950 -0.20309928 0.96899656
vn 0.11309992 -0.17639988 0.97779931
vn 0.03240050 -0.14490225 0.98891534
vn -0.01770004 -0.16990039 0.98530227
vn -0.02789901 -0.01709939 0.99946448
vn -0.03449868 0.26378989 0.96396304
vn -0.06259818 0.40068837 0.91407346
vn -0.10279727 0.35999044 0.92727537
vn -0.12640601 0.29581408 0.94684505
vn -0.09549775 0.26329379 0.95997737
vn -0.03470171 0.31921569 0.94704653
vn -0.02570114 0.44241964 0.89643980
vn -0.03239840 0.47947626 0.87695659
vn 0.00499983 0.45068450 0.89266930
vn 0.01990088 0.35371562 0.93514128
vn -0.06669899 0.27269588 0.95978550
vn -0.21799680 0.23759652 0.94658612
vn -0.30819946 0.24019958 0.92049838
vn -0.30970439 0.32210456 0.89461268
vn -0.27109898 0.32729877 0.90519659
vn -0.23679200 0.27689065 0.93126855
vn -0.24459483 0.27879410 0.92868036
vn -0.29199567 0.30019555 0.90808654
vn -0.31568837 0.24989080 0.91536629
vn -0.27700861 0.22090687 0.93512907
vn -0.23179134 0.24129099 0.94236481
vn -0.21659583 0.25789503 0.94158186
vn -0.21379692 0.27289606 0.93798647
vn 0.08459826 0.04079916 0.99557951
vn 0.07439859 0.05729891 0.99558108
vn 0.10910446 0.08440345 0.99044045
vn 0.11830388 0.06820223 0.99063245
vn 0.09909706 -0.13059612 0.98647069
vn 0.07429871 -0.26859535 0.96038338
vn 0.04749829 -0.34698748 0.93666622
vn 0.00909958 -0.39518186 0.91855783
vn -0.02229936 -0.34599009 0.93797313
vn -0.03179975 -0.30289759 0.95249243
vn -0.02850015 -0.32610172 0.94490497
vn -0.01170007 -0.40800259 0.91290580
vn -0.00459988 -0.43858842 0.89867627
vn -0.05360306 -0.33341901 0.94125367
vn -0.13789994 -0.42209983 0.89599963
vn -0.19189614 -0.63548720 0.74788494
vn -0.21979681 -0.59029143 0.77668873
vn -0.24690770 -0.36461137 0.89782801
vn -0.22410159 -0.16200115 0.96100682
vn -0.07969702 -0.11839558 0.98976304
vn 0.10210467 -0.18380840 0.97764467
vn 0.13089698 -0.17749590 0.97537746
vn 0.00769962 -0.05509731 0.99845130
vn -0.12290529 -0.05590241 0.99084268
vn -0.18730074 -0.13840055 0.97250384
vn -0.21269322 -0.00989968 0.97706888
vn -0.20370519 0.25800657 0.94442406
vn -0.14710080 0.37930206 0.91350496
vn -0.07840271 0.35141214 0.93293222
vn -0.04370022 0.29270146 0.95520477
vn -0.02449904 0.21969138 0.97526176
vn -0.01120010 0.29050262 0.95680864
vn -0.00829965 0.45498086 0.89046254
vn -0.02090012 0.48130284 0.87630517
vn -0.04229978 0.43549778 0.89919542
vn -0.09560336 0.40471420 0.90943192
vn -0.19629747 0.38619501 0.90128836
vn -0.28960330 0.33230379 0.89761023
vn -0.34380051 0.28040041 0.89620133
vn -0.34778340 0.29378598 0.89035751
vn -0.31940792 0.27570684 0.90662248
vn -0.29528239 0.25138501 0.92174502
vn -0.29279809 0.30449801 0.90639409
vn -0.30870712 0.33470772 0.89032054
vn -0.32789419 0.23899577 0.91398382
vn -0.32310744 0.17350399 0.93032142
vn -0.29880976 0.21390699 0.93003039
vn -0.27500193 0.24000168 0.93100652
vn -0.26429637 0.24199668 0.93358719
vn 0.02029931 0.02559913 0.99946617
vn 0.01499934 0.07249679 0.99725585
vn 0.06580131 0.02870057 0.99741990
vn 0.14899234 0.03109840 0.98834921
vn 0.17940721 -0.10790434 0.97783931
vn 0.12189722 -0.21499510 0.96897790
vn 0.02870050 -0.29190506 0.95601659
vn -0.05060207 -0.34931429 0.93563826
vn -0.07919909 -0.33749614 0.93798926
vn -0.06019862 -0.31859267 0.94597824
vn -0.02420051 -0.34600726 0.93791967
vn -0.02000020 -0.40990418 0.91190929
vn -0.07409884 -0.39869376 0.91408569
vn -0.11350149 -0.30110396 0.94681245
vn -0.15510598 -0.33811304 0.92823580
vn -0.24990666 -0.54851463 0.79792128
vn -0.33230438 -0.57280756 0.74930988
vn -0.36380522 -0.37600540 0.85221224
vn -0.31410992 -0.24760782 0.91652895
vn -0.18759486 -0.29349196 0.93737433
vn -0.08139944 -0.27429812 0.95819344
vn -0.09989979 -0.09239980 0.99069789
vn -0.18769474 0.07079802 0.97967256
vn -0.25200082 0.00680002 0.96770313
vn -0.28311176 -0.09630400 0.95423963
vn -0.33078698 0.02889886 0.94326286
vn -0.32039271 0.21059521 0.92357900
vn -0.20190438 0.26160568 0.94382048
vn -0.07279580 0.28538352 0.95564482
vn -0.03240026 0.29220230 0.95580753
vn -0.08889769 0.25789329 0.96207497
vn -0.14890315 0.29660628 0.94331997
vn -0.11700175 0.41900625 0.90041343
vn -0.07099969 0.48809790 0.86989625
vn -0.09760136 0.46310644 0.88091225
vn -0.14620272 0.45690850 0.87741632
vn -0.18630310 0.44700744 0.87491457
vn -0.23010267 0.38860451 0.89221035
vn -0.26389391 0.31029283 0.91327891
vn -0.25358978 0.27308900 0.92796262
vn -0.21950266 0.24820301 0.94351144
vn -0.21350118 0.25710143 0.94250523
vn -0.23070866 0.33391254 0.91393431
vn -0.24420113 0.35220163 0.90350419
vn -0.26988821 0.26058862 0.92695951
vn -0.30019526 0.17339726 0.93798518
vn -0.29498887 0.18779292 0.93686466
vn -0.25209551 0.20059642 0.94668312
vn -0.22289916 0.18669930 0.95679639
vn -0.03070123 0.03430137 0.99893986
vn -0.01630065 0.12000477 0.99263948
vn -0.01369992 -0.04269974 0.99899402
vn 0.05910039 -0.05370036 0.99680661
vn 0.08839914 -0.08799915 0.99219038
vn 0.02099982 -0.11799901 0.99279164
vn -0.09520119 -0.18920237 0.97731223
vn -0.19979455 -0.27149260 0.94147433
vn -0.25341291 -0.31871623 0.91334652
vn -0.22420229 -0.35950368 0.90580927
vn -0.13760103 -0.40230301 0.90510676
vn -0.08530087 -0.39800405 0.91340929
vn -0.09330542 -0.35902085 0.92865393
vn -0.07570290 -0.33001266 0.94093609
vn -0.06530166 -0.28990737 0.95482428
vn -0.15900135 -0.41910356 0.89390759
vn -0.30560546 -0.53400955 0.78831409
vn -0.40441888 -0.38011775 0.83183884
vn -0.43227643 -0.27758487 0.85795322
vn -0.42919546 -0.33019650 0.84069110
vn -0.43369989 -0.26599993 0.86089978
vn -0.46641654 -0.02770098 0.88413136
vn -0.48801959 0.11030443 0.86583475
vn -0.47527815 -0.01759919 0.87965956
vn -0.43539638 -0.07519938 0.89709255
vn -0.44301244 0.06810191 0.89392511
vn -0.41339119 0.12319737 0.90218077
vn -0.30469690 0.09899899 0.94729035
vn -0.16469498 0.17569465 0.97057043
vn -0.13149392 0.32778485 0.93555675
vn -0.23919131 0.36398677 0.90016729
vn -0.31428744 0.29458823 0.90246395
vn -0.27030657 0.34110829 0.90032188
vn -0.19369242 0.45558217 0.86886600
vn -0.15889739 0.47579218 0.86508579
vn -0.14920144 0.47010455 0.86990841
vn -0.15730567 0.47441711 0.86613124
vn -0.20180257 0.43300552 0.87851121
vn -0.24729590 0.32309464 0.91348486
vn -0.24180891 0.23580869 0.94123468
vn -0.20530585 0.21660617 0.95442720
vn -0.18420673 0.26590972 0.94623459
vn -0.17640402 0.34780792 0.92082098
vn -0.16070212 0.34960461 0.92301216
vn -0.14410215 0.27730414 0.94991420
vn -0.13450063 0.18440087 0.97360459
vn -0.11810247 0.16780351 0.97872048
vn -0.07639826 0.14769664 0.98607759
vn -0.04859937 0.10959858 0.99278711
vn 0.08470122 0.06900100 0.99401437
vn 0.10740260 0.17370420 0.97892366
vn 0.04739837 -0.05669805 0.99726562
vn 0.00200010 -0.06700341 0.99775074
vn -0.07679997 -0.02629999 0.99669959
vn -0.16900352 -0.01960041 0.98542054
vn -0.23559642 -0.09909849 0.96678530
vn -0.27230856 -0.20310638 0.94052956
vn -0.28479787 -0.29829777 0.91099320
vn -0.24919920 -0.41379867 0.87559718
vn -0.18429332 -0.46378319 0.86656859
vn -0.15149803 -0.40229478 0.90288829
vn -0.11890176 -0.37390552 0.91981359
vn -0.06590127 -0.37760726 0.92361777
vn -0.04260085 -0.27070540 0.96171917
vn -0.10119444 -0.30348332 0.94744792
vn -0.24131613 -0.42412835 0.87285834
vn -0.39389698 -0.32469751 0.85989342
vn -0.48789029 -0.22169559 0.84428320
vn -0.55000859 -0.25860404 0.79411240
vn -0.60289336 -0.21289765 0.76889153
vn -0.63741299 0.00320007 0.77051570
vn -0.63489590 0.08689944 0.76769504
vn -0.59927098 -0.09439543 0.79496150
vn -0.54299857 -0.10999971 0.83249781
vn -0.49131617 0.03620119 0.87022864
vn -0.42891372 0.03840123 0.90252887
vn -0.36890935 -0.02120054 0.92922356
vn -0.30999680 0.08319914 0.94709022
vn -0.28559831 0.35569789 0.88989472
vn -0.31950702 0.42700938 0.84591859
vn -0.34649518 0.28159608 0.89478754
vn -0.31851136 0.27670986 0.90663232
vn -0.24929478 0.40039161 0.88178153
vn -0.18279438 0.44618628 0.87607307
vn -0.14900709 0.46092193 0.87484162
vn -0.16079521 0.50168507 0.84997470
vn -0.21409319 0.47638485 0.85277288
vn -0.27831201 0.34591493 0.89603866
vn -0.31280136 0.21440093 0.92530403
vn -0.30039746 0.17569852 0.93749208
vn -0.24951073 0.23130994 0.94034042
vn -0.17439516 0.30979140 0.93467407
vn -0.09640378 0.30631200 0.94703710
vn -0.01880046 0.23660580 0.97142382
vn 0.04149798 0.16179211 0.98595194
vn 0.06849966 0.15009925 0.98629509
vn 0.08230045 0.11190062 0.99030545
vn 0.09019818 0.05719885 0.99427993
vn 0.20441064 0.10300536 0.97345066
vn 0.21480285 0.17300229 0.96121275
vn 0.13850273 0.01680033 0.99021954
vn 0.00449990 0.04029909 0.99917753
vn -0.13539754 0.08679842 0.98698204
vn -0.20489774 0.03409962 0.97818921
vn -0.20030169 -0.08650073 0.97590822
vn -0.17599771 -0.19889741 0.96408746
vn -0.15009279 -0.31438489 0.93735495
vn -0.14259635 -0.43538887 0.88887728
vn -0.18829557 -0.46158914 0.86687960
vn -0.22340930 -0.40601690 0.88613688
vn -0.18879359 -0.42168568 0.88686987
vn -0.13690654 -0.41001958 0.90174306
vn -0.13079978 -0.26259955 0.95599837
vn -0.16949502 -0.22039352 0.96057177
vn -0.25469924 -0.29099914 0.92219727
vn -0.36970415 -0.22130249 0.90241013
vn -0.47369291 -0.12279816 0.87208694
vn -0.56510232 -0.14430059 0.81230333
vn -0.62778154 -0.15609541 0.76257758
vn -0.63632064 -0.01240040 0.77132501
vn -0.56907043 0.00719963 0.82225727
vn -0.49199330 -0.17999755 0.85178840
vn -0.46519843 -0.17369942 0.86799708
vn -0.43360230 -0.03550019 0.90040479
vn -0.38359533 -0.02759966 0.92308877
vn -0.36779072 -0.04379889 0.92887655
vn -0.40461342 0.08710289 0.91033020
vn -0.39871300 0.35961172 0.84362750
vn -0.35600788 0.40570898 0.84181863
vn -0.32738074 0.25708488 0.90924651
vn -0.28630663 0.23000532 0.93012153
vn -0.20340262 0.32830423 0.92241189
vn -0.09960265 0.39161042 0.91472433
vn -0.05730159 0.46181281 0.88512454
vn -0.08789861 0.54489138 0.83388681
vn -0.14980172 0.52580605 0.83730964
vn -0.22069513 0.39409130 0.89218031
vn -0.27719998 0.23669998 0.93119992
vn -0.29548709 0.15149338 0.94325879
vn -0.25090308 0.15690193 0.95521172
vn -0.14320461 0.21240684 0.96663115
vn -0.01739971 0.21669644 0.97608396
vn 0.07159599 0.16939052 0.98294500
vn 0.10059695 0.14249568 0.98467012
vn 0.09829555 0.14419347 0.98465539
vn 0.10069540 0.10219533 0.98965476
vn 0.10359619 0.05379802 0.99316343
vn 0.13419717 0.12309741 0.98327928
vn 0.13820028 0.12720026 0.98220200
vn 0.07770046 0.12660076 0.98890590
vn -0.02260077 0.16500563 0.98603364
vn -0.07370266 0.15130546 0.98573555
vn -0.04709922 0.01459976 0.99878352
vn -0.00749993 -0.11189902 0.99369128
vn -0.00879965 -0.19899220 0.97996157
vn -0.02759908 -0.32278922 0.94606840
vn -0.08260266 -0.39181260 0.91632947
vn -0.18929924 -0.38569846 0.90299640
vn -0.24808518 -0.40187599 0.88144735
vn -0.22630074 -0.45980151 0.85870283
vn -0.21459626 -0.41599275 0.88368460
vn -0.24370220 -0.24030217 0.93960848
vn -0.27898905 -0.16699345 0.94566289
vn -0.32601502 -0.19590903 0.92484261
vn -0.40730347 -0.11030094 0.90660773
vn -0.49532307 -0.01090051 0.86864045
vn -0.55699147 -0.04699928 0.82918730
vn -0.57251531 -0.13000348 0.80952165
vn -0.53050163 -0.11820036 0.83940258
vn -0.41219036 -0.13869676 0.90047894
vn -0.32129088 -0.24299310 0.91527402
vn -0.33750491 -0.17710258 0.92451345
vn -0.37228328 -0.06029729 0.92615841
vn -0.35858433 -0.08119645 0.92995936
vn -0.34050211 -0.03180020 0.93970584
vn -0.37441408 0.16460619 0.91253433
vn -0.38649970 0.35769972 0.85009934
vn -0.34769427 0.34409433 0.87218564
vn -0.31079392 0.22409561 0.92368192
vn -0.28639938 0.19139958 0.93879795
vn -0.21840395 0.22520407 0.94951716
vn -0.10179910 0.29809737 0.94909162
vn -0.02220014 0.44850284 0.89350566
vn -0.01020029 0.57051605 0.82122311
vn -0.02729937 0.56038703 0.82778084
vn -0.04989983 0.43219849 0.90039684
vn -0.07620026 0.27610093 0.95810323
vn -0.11869786 0.17779679 0.97688235
vn -0.15030092 0.12020073 0.98130598
vn -0.10999559 0.10319586 0.98856036
vn -0.00840004 0.10530053 0.99440497
vn 0.04989998 0.13709994 0.98929955
vn 0.02190106 0.17430841 0.98444752
vn -0.00250008 0.13940456 0.99023236
vn 0.03219858 0.07239681 0.99685603
vn 0.06039736 0.04279813 0.99725648
vn -0.00830035 0.12720534 0.99184167
vn -0.00970019 0.07910154 0.99681937
vn -0.02599895 0.19699202 0.98006030
vn -0.04560157 0.21140729 0.97633368
vn -0.00920006 0.11770077 0.99300649
vn 0.06649712 -0.05339768 0.99635677
vn 0.11079907 -0.12779892 0.98559170
vn 0.09269651 -0.16419381 0.98206301
vn 0.02130046 -0.27390587 0.96152060
vn -0.09019993 -0.29509978 0.95119929
vn -0.19049972 -0.29249957 0.93709864
vn -0.23340257 -0.39030429 0.89060979
vn -0.23509899 -0.47159798 0.84989635
vn -0.25230032 -0.40460052 0.87900112
vn -0.27859048 -0.22339237 0.93406809
vn -0.29999726 -0.13179880 0.94479136
vn -0.36471363 -0.10540394 0.92513457
vn -0.45861744 -0.00020001 0.88863379
vn -0.51307953 0.05819768 0.85636583
vn -0.50907352 -0.03389824 0.86005527
vn -0.46567608 -0.17009126 0.86845538
vn -0.39580119 -0.24300073 0.88560266
vn -0.32037978 -0.25918364 0.91114249
vn -0.29191354 -0.25421179 0.92204276
vn -0.32469114 -0.13049644 0.93677444
vn -0.35290324 -0.04640043 0.93450859
vn -0.34200924 -0.12060326 0.93192518
vn -0.32169962 -0.03749996 0.94609889
vn -0.31239066 0.21599355 0.92507235
vn -0.27239731 0.34399661 0.89859114
vn -0.22250908 0.29841217 0.92813786
vn -0.22259102 0.23299060 0.94666183
vn -0.26681228 0.20430940 0.94184334
vn -0.27209842 0.14359917 0.95149447
vn -0.19729383 0.18789412 0.96216991
vn -0.10380350 0.40201356 0.90973069
vn -0.03839973 0.55689603 0.82969408
vn 0.00639995 0.55609572 0.83109361
vn 0.04169884 0.43248797 0.90067495
vn 0.05269784 0.29558790 0.95386096
vn 0.01219938 0.24058778 0.97055072
vn -0.07539841 0.17329636 0.98197935
vn -0.13490425 0.06640209 0.98863118
vn -0.12199483 0.02719885 0.99215799
vn -0.09329690 0.12729577 0.98746720
vn -0.08909844 0.20459642 0.97478294
vn -0.06210082 0.10230135 0.99281314
vn 0.00819968 0.00319988 0.99996126
vn 0.04949815 -0.00479982 0.99876268
vn -0.03550179 0.10200515 0.99415018
vn -0.06009779 0.03249880 0.99766331
vn -0.00049998 0.20599030 0.97855391
vn 0.01199957 0.20889252 0.97786498
vn 0.03149983 0.06489964 0.99739450
vn 0.07580114 -0.12050181 0.98981488
vn 0.13389533 -0.16319431 0.97746594
vn 0.16720631 -0.14340541 0.97543679
vn 0.10639656 -0.16659462 0.98026833
vn -0.04289976 -0.15869912 0.98639455
vn -0.16590306 -0.21230392 0.96301777
vn -0.21370384 -0.36730661 0.90521628
vn -0.23600270 -0.45770523 0.85720980
vn -0.27409228 -0.38568914 0.88097520
vn -0.30949175 -0.21109437 0.92717529
vn -0.35191150 -0.08090264 0.93253046
vn -0.42109653 -0.00649995 0.90699254
vn -0.46099855 0.06249980 0.88519722
vn -0.43341057 0.04190102 0.90022196
vn -0.38618773 -0.07969747 0.91897081
vn -0.34048657 -0.22849099 0.91206402
vn -0.30521165 -0.31081186 0.90013435
vn -0.28610812 -0.30300860 0.90902581
vn -0.28460648 -0.24870566 0.92582107
vn -0.28389079 -0.11879615 0.95146913
vn -0.27039493 -0.04739911 0.96158198
vn -0.29339237 -0.10619724 0.95007529
vn -0.33818312 -0.03149843 0.94055304
vn -0.30530970 0.17820566 0.93542971
vn -0.20300497 0.27240667 0.94052304
vn -0.14319513 0.27759056 0.94996770
vn -0.17940073 0.29180119 0.93950383
vn -0.26280738 0.26610748 0.92742606
vn -0.31371508 0.12430597 0.94134525
vn -0.30309557 0.11589831 0.94588618
vn -0.23990933 0.33371297 0.91163544
vn -0.14729555 0.50328479 0.85147427
vn -0.06660211 0.51561636 0.85422710
vn -0.01359973 0.40889174 0.91248156
vn 0.00950015 0.29640471 0.95501518
vn 0.00389999 0.28439939 0.95869796
vn -0.04580172 0.25770967 0.96513622
vn -0.13370614 0.12310565 0.98334514
vn -0.20870465 0.03300074 0.97742177
vn -0.21709105 0.10339574 0.97065998
vn -0.14579336 0.15079313 0.97775545
vn -0.04039799 0.02159892 0.99895019
vn 0.03460067 -0.06130119 0.99751940
vn 0.05779837 -0.03619898 0.99767178
vn 0.01759912 0.04229788 0.99895003
vn -0.01799945 -0.03059907 0.99936966
vn 0.07169900 0.17649753 0.98168624
vn 0.08599737 0.21019356 0.97387018
vn 0.08629591 0.04499787 0.99525284
vn 0.11309810 -0.17199711 0.97858357
vn 0.17809419 -0.23119245 0.95646877
vn 0.23219058 -0.15549369 0.96016105
vn 0.18390001 -0.03560000 0.98230007
vn 0.03830163 0.00690029 0.99924240
vn -0.08240141 -0.13350228 0.98761690
vn -0.13250215 -0.33980552 0.93111513
vn -0.17149463 -0.42838658 0.88717221
vn -0.23839571 -0.35109368 0.90548369
vn -0.31588981 -0.17039450 0.93336989
vn -0.39000521 -0.00080001 0.92081230
vn -0.43400430 0.05370053 0.89930891
vn -0.41647627 0.03009829 0.90864823
vn -0.35968588 -0.01979922 0.93286337
vn -0.31719273 -0.11889727 0.94087843
vn -0.31560495 -0.23270365 0.91991442
vn -0.34030822 -0.30310732 0.89012149
vn -0.35631943 -0.30101641 0.88454824
vn -0.34929772 -0.25269835 0.90229410
vn -0.31691218 -0.15480595 0.93573596
vn -0.27130674 -0.07680191 0.95942385
vn -0.27429830 -0.05279967 0.96019406
vn -0.32690881 0.01570042 0.94492546
vn -0.34148943 0.11939630 0.93227115
vn -0.30929808 0.19719878 0.93029422
vn -0.29910629 0.27670582 0.91321921
vn -0.33288878 0.34068852 0.87927037
vn -0.36159822 0.28189861 0.88869562
vn -0.36338786 0.12679577 0.92296917
vn -0.37342113 0.10970621 0.92115211
vn -0.34510602 0.26520462 0.90031569
vn -0.24419841 0.41339730 0.87719428
vn -0.14680550 0.45821717 0.87663286
vn -0.12019676 0.39478936 0.91087546
vn -0.12679829 0.28869611 0.94898722
vn -0.09269710 0.26029185 0.96106992
vn -0.03799968 0.27639764 0.96029181
vn -0.05729903 0.20689650 0.97668350
vn -0.14470681 0.11260530 0.98304628
vn -0.17609879 0.06839953 0.98199324
vn -0.09019788 0.02629938 0.99557656
vn 0.01530014 -0.06590059 0.99770888
vn 0.02790023 -0.06000050 0.99780836
vn 0.00359993 0.01499972 0.99988102
vn -0.01410035 -0.01230031 0.99982493
vn -0.03339979 -0.07799951 0.99639376
vn 0.02910006 0.13290029 0.99070213
vn 0.08020303 0.18930715 0.97863695
vn 0.13599936 0.01499993 0.99059536
vn 0.17700697 -0.21230836 0.96103782
vn 0.19280574 -0.26940802 0.94352809
vn 0.17139323 -0.14099443 0.97506150
vn 0.10590318 0.07250218 0.99172978
vn 0.03219884 0.11989568 0.99226421
vn -0.00260001 -0.09040019 0.99590213
vn -0.02579913 -0.31188951 0.94976805
vn -0.07969891 -0.38159476 0.92088736
vn -0.15750549 -0.29241020 0.94323290
vn -0.23890199 -0.10070084 0.96580805
vn -0.30151053 0.07340256 0.95063319
vn -0.33630255 0.08050061 0.93830712
vn -0.35380698 0.00020000 0.93531844
vn -0.36061094 -0.04900149 0.93142826
vn -0.36941106 -0.11890356 0.92162759
vn -0.39529471 -0.18569752 0.89958797
vn -0.43371038 -0.24670590 0.86662074
vn -0.46919131 -0.26599507 0.84208440
vn -0.49609577 -0.23559799 0.83569287
vn -0.49418107 -0.18899276 0.84856750
vn -0.44578513 -0.13779540 0.88447049
vn -0.38110424 -0.06260070 0.92241027
vn -0.35750268 0.05300040 0.93240699
vn -0.39141124 0.14050403 0.90942611
vn -0.44361575 0.20210718 0.87313101
vn -0.47900296 0.29290181 0.82750511
vn -0.48599357 0.32969564 0.80938930
vn -0.46688395 0.22479227 0.85527060
vn -0.43559818 0.10499956 0.89399626
vn -0.41469143 0.11249767 0.90298134
vn -0.36419042 0.19029499 0.91167601
vn -0.25069415 0.30009300 0.92037853
vn -0.15560408 0.41151078 0.89802352
vn -0.15970186 0.41690485 0.89481041
vn -0.20130497 0.28770710 0.93632309
vn -0.16560251 0.17680268 0.97021473
vn -0.06260162 0.20610534 0.97652528
vn -0.00539980 0.24239092 0.97016364
vn -0.02049943 0.17879505 0.98367276
vn -0.01949913 0.03329851 0.99925522
vn 0.03190016 -0.07720040 0.99650513
vn 0.06070014 -0.09730023 0.99340231
vn 0.00699998 0.01249997 0.99989737
vn -0.04139841 0.12759511 0.99096199
vn -0.12680411 -0.05260170 0.99053207
vn -0.14830167 -0.08920100 0.98491106
vn -0.05630187 0.05960198 0.99663318
vn 0.05870251 0.10110432 0.99314245
vn 0.16370147 -0.05440049 0.98500884
vn 0.18650637 -0.21680740 0.95823271
vn 0.11270482 -0.21700928 0.96964148
vn 0.01399938 -0.07669663 0.99695619
vn -0.02049925 0.10869602 0.99386365
vn 0.01740016 0.12010111 0.99260917
vn 0.04070029 -0.08070057 0.99590708
vn -0.02199946 -0.24459394 0.96937600
vn -0.13849823 -0.29409624 0.94568792
vn -0.22779759 -0.22569761 0.94718997
vn -0.26860956 -0.05400192 0.96173421
vn -0.26759233 0.09259735 0.95907251
vn -0.25550632 0.09300230 0.96232380
vn -0.27179132 0.02349925 0.96206926
vn -0.31229323 -0.01979957 0.94977940
vn -0.35500408 -0.08480097 0.93101069
vn -0.37959685 -0.15489872 0.91209244
vn -0.39527572 -0.20738726 0.89484503
vn -0.44451798 -0.21070852 0.87063522
vn -0.51037965 -0.18339269 0.84016649
vn -0.54259185 -0.19399709 0.81728772
vn -0.52751014 -0.20390392 0.82471586
vn -0.49070054 -0.12510014 0.86230095
vn -0.46751181 0.05890149 0.88202229
vn -0.48828528 0.19519412 0.85057436
vn -0.52539270 0.24939654 0.81348870
vn -0.53040301 0.29730169 0.79390450
vn -0.49877749 0.28548712 0.81836307
vn -0.47190470 0.17400173 0.86430860
vn -0.45330906 0.07350147 0.88831775
vn -0.41900937 0.07450167 0.90492024
vn -0.34649564 0.09139885 0.93358825
vn -0.23670865 0.17800651 0.95513491
vn -0.13489570 0.36198846 0.92237059
vn -0.10390204 0.44870883 0.88761746
vn -0.13059683 0.30369264 0.94377712
vn -0.12679525 0.10679600 0.98616306
vn -0.07550314 0.12210508 0.98964116
vn -0.02550061 0.22370532 0.97432317
vn -0.00039999 0.18799427 0.98217004
vn 0.01620072 0.00700031 0.99984425
vn 0.02949910 -0.11549648 0.99286976
vn 0.02249965 -0.08069875 0.99648456
vn -0.00540005 0.07710067 0.99700869
vn -0.02199993 0.19679938 0.98019692
vn -0.22959757 -0.09239902 0.96888976
vn -0.24859633 -0.07769885 0.96548576
vn -0.15600060 -0.04560018 0.98670382
vn -0.03899993 -0.02609996 0.99889829
vn 0.04499979 -0.12129944 0.99159541
vn 0.02000076 -0.16230621 0.98653772
vn -0.08370185 -0.10330228 0.99112191
vn -0.15329369 -0.02519896 0.98785933
vn -0.11369885 0.05129948 0.99218997
vn -0.01989918 0.04779803 0.99865879
vn -0.00469981 -0.04749811 0.99886027
vn -0.12560475 -0.09990378 0.98703733
vn -0.30320029 -0.13580013 0.94320089
vn -0.41650350 -0.14980126 0.89670754
vn -0.43580042 -0.05910006 0.89810087
vn -0.39170226 0.04260025 0.91910530
vn -0.32380064 0.04810009 0.94490186
vn -0.26550902 0.01840063 0.96393276
vn -0.24671220 0.00890044 0.96904792
vn -0.26249929 -0.04879987 0.96369741
vn -0.27199788 -0.15339881 0.94999261
vn -0.28001230 -0.19130840 0.94074131
vn -0.32190709 -0.14680323 0.93532061
vn -0.38029290 -0.12049775 0.91698288
vn -0.42341610 -0.17620670 0.88863379
vn -0.46911467 -0.20950655 0.85792682
vn -0.53561671 -0.10800337 0.83752613
vn -0.58159099 0.07949877 0.80958746
vn -0.58419220 0.19959734 0.78668950
vn -0.54959652 0.23939848 0.80039493
vn -0.49347807 0.25718857 0.83086307
vn -0.44300759 0.23630405 0.86481482
vn -0.39258789 0.12359619 0.91137189
vn -0.34180126 0.04040015 0.93890347
vn -0.32149597 0.04609942 0.94578813
vn -0.32310901 0.03730104 0.94562635
vn -0.28970023 0.08080006 0.95370075
vn -0.18220902 0.26331303 0.94734689
vn -0.04400046 0.41180427 0.91020943
vn 0.03150005 0.29910049 0.95370155
vn 0.03599984 0.09839957 0.99449562
vn 0.00740027 0.10880391 0.99403569
vn -0.01700070 0.21420876 0.97663995
vn -0.03450132 0.19020728 0.98113753
vn -0.06220307 0.01510075 0.99794927
vn -0.08440390 -0.11350524 0.98994573
vn -0.08210178 -0.07730168 0.99362153
vn -0.05250115 0.07200158 0.99602179
vn -0.02999999 0.17729991 0.98369952
vn -0.23368761 -0.08879529 0.96824867
vn -0.21320494 -0.03380078 0.97642263
vn -0.24898860 -0.10719509 0.96255592
vn -0.21910712 -0.11130362 0.96933151
vn -0.18380092 -0.14900075 0.97160486
vn -0.19390442 -0.09890225 0.97602224
vn -0.22690843 -0.02720101 0.97353617
vn -0.22288876 -0.03399828 0.97425085
vn -0.16990059 -0.03600013 0.98480342
vn -0.11430142 -0.01630020 0.99331238
vn -0.12900115 0.01640015 0.99150882
vn -0.24078967 0.07259689 0.96785847
vn -0.39009550 0.04669946 0.91958940
vn -0.49257680 -0.05609736 0.86845909
vn -0.52601073 -0.07440152 0.84721728
vn -0.50349925 -0.02929996 0.86349871
vn -0.43399259 -0.05419908 0.89928465
vn -0.33678816 -0.05999789 0.93966696
vn -0.26689469 -0.00929981 0.96368083
vn -0.24910779 -0.03250102 0.96793026
vn -0.25639346 -0.14669626 0.95537563
vn -0.26460612 -0.17940415 0.94752190
vn -0.26810913 -0.11720399 0.95623257
vn -0.27370820 -0.08410252 0.95812869
vn -0.30851679 -0.13030709 0.94225127
vn -0.39899180 -0.12289747 0.90868133
vn -0.52162479 0.02000095 0.85294053
vn -0.59179453 0.13739873 0.79429266
vn -0.58307996 0.14879489 0.79867255
vn -0.51708775 0.15769626 0.84128007
vn -0.44639544 0.19959796 0.87229110
vn -0.39641320 0.18210606 0.89982996
vn -0.33940844 0.04580114 0.93952337
vn -0.28039447 -0.00269995 0.95988106
vn -0.27279455 0.06029879 0.96018081
vn -0.31339283 0.06669847 0.94727834
vn -0.32548484 0.02719873 0.94515599
vn -0.22319553 0.10519789 0.96908057
vn -0.02149947 0.26329350 0.96447618
vn 0.14399420 0.24069031 0.95986137
vn 0.17950054 0.12870038 0.97530291
vn 0.12079820 0.16489754 0.97888539
vn 0.05750110 0.24060459 0.96891850
vn 0.01530052 0.22020746 0.97533305
vn -0.04410191 0.07040305 0.99654324
vn -0.10700410 -0.08240316 0.99083795
vn -0.12610320 -0.09110231 0.98782506
vn -0.09409907 0.02329977 0.99529015
vn -0.06659765 0.11029611 0.99166502
vn -0.06970161 -0.02210051 0.99732304
vn -0.02440109 0.02270101 0.99944447
vn -0.16889374 -0.06069775 0.98376353
vn -0.24570784 -0.10780344 0.96333072
vn -0.26658768 -0.15929264 0.95055608
vn -0.24510779 -0.10090321 0.96423063
vn -0.20599565 -0.03349929 0.97797934
vn -0.17669846 -0.06229946 0.98229142
vn -0.15949259 -0.08119623 0.98385430
vn -0.14730728 -0.04080202 0.98824884
vn -0.16759197 0.07689632 0.98285293
vn -0.23960390 0.20530334 0.94891544
vn -0.34108478 0.18889157 0.92085892
vn -0.43948243 0.04209832 0.89726413
vn -0.49570627 -0.05860074 0.86651096
vn -0.49030437 -0.08590076 0.86730772
vn -0.43631487 -0.15160517 0.88693022
vn -0.37159833 -0.14999933 0.91619588
vn -0.32828386 -0.04609773 0.94345361
vn -0.32190830 -0.02160056 0.94652441
vn -0.33311105 -0.12820425 0.93413099
vn -0.32338817 -0.18719315 0.92756607
vn -0.29340761 -0.13970362 0.94572452
vn -0.28068684 -0.07119666 0.95715512
vn -0.31749271 -0.06429852 0.94607826
vn -0.38688125 -0.01169943 0.92205532
vn -0.44258743 0.13779609 0.88607483
vn -0.45770664 0.18420267 0.86981263
vn -0.45290847 0.10530197 0.88531656
vn -0.42109006 0.07659819 0.90377867
vn -0.36140545 0.13950211 0.92191391
vn -0.29710275 0.12590117 0.94650877
vn -0.27691012 0.01080039 0.96083512
vn -0.30859747 0.00099999 0.95119220
vn -0.34389456 0.08789861 0.93488521
vn -0.35410498 0.08950126 0.93091309
vn -0.32168401 -0.02359883 0.94655295
vn -0.21800309 -0.06600093 0.97371378
vn -0.04609791 0.06289715 0.99695483
vn 0.09049738 0.15429553 0.98387149
vn 0.10960221 0.16890341 0.97951978
vn 0.07600143 0.21740409 0.97311831
vn 0.07870372 0.24491159 0.96634571
vn 0.10799937 0.22739868 0.96779439
vn 0.09709447 0.13079255 0.98664379
vn 0.02880027 -0.01230012 0.99950951
vn -0.03970091 -0.07460171 0.99642281
vn -0.04210034 -0.02470020 0.99880802
vn -0.02140044 0.03000062 0.99932076
vn 0.07429699 0.05949759 0.99545969
vn 0.10989936 0.03589979 0.99329418
vn -0.03829902 0.06909823 0.99687443
vn -0.17700611 -0.01860064 0.98403397
vn -0.25700997 -0.14120548 0.95603708
vn -0.25258897 -0.14689359 0.95635824
vn -0.20880649 -0.07560235 0.97503032
vn -0.19190209 -0.06720073 0.97911064
vn -0.19680258 -0.08770115 0.97651280
vn -0.18259877 -0.06099959 0.98129340
vn -0.16580074 0.10070045 0.98100435
vn -0.18209819 0.27959722 0.94269064
vn -0.23989430 0.28449324 0.92817796
vn -0.31398436 0.13309337 0.94005318
vn -0.35870181 -0.02890015 0.93300471
vn -0.36648872 -0.11829636 0.92287160
vn -0.37041945 -0.18940994 0.90934774
vn -0.38219998 -0.18089999 0.90619996
vn -0.38819459 -0.06349912 0.91938720
vn -0.38360354 -0.01870017 0.92330852
vn -0.36499121 -0.13149683 0.92167782
vn -0.32209758 -0.22939828 0.91849310
vn -0.28450694 -0.17630430 0.94232298
vn -0.30180397 -0.03540047 0.95271253
vn -0.36808809 0.01499951 0.92966993
vn -0.41081286 0.04030126 0.91082852
vn -0.38558498 0.13819462 0.91226447
vn -0.33431344 0.17780715 0.92553722
vn -0.32301302 0.10240413 0.94083792
vn -0.32620686 0.04300090 0.94431986
vn -0.28900615 0.07060150 0.95472031
vn -0.22610693 0.06650204 0.97182979
vn -0.22340030 0.04470006 0.97370130
vn -0.30279544 0.08579871 0.94918571
vn -0.36877920 0.12069319 0.92164801
vn -0.35239228 0.04479902 0.93477951
vn -0.27509031 -0.10409633 0.95576633
vn -0.19219373 -0.18339402 0.96406857
vn -0.11789477 -0.06999689 0.99055604
vn -0.08019846 0.11449781 0.99018102
vn -0.09359989 0.20249977 0.97479890
vn -0.08569782 0.20749471 0.97447516
vn -0.00469980 0.17499263 0.98455853
vn 0.11029976 0.15899966 0.98109789
vn 0.17939197 0.14349358 0.97325645
vn 0.14709677 0.07879827 0.98597838
vn 0.06580122 -0.01510028 0.99771849
vn 0.05090102 -0.06750135 0.99641992
vn 0.07340265 -0.07150258 0.99473586
vn 0.00210007 0.11950379 0.99283152
vn 0.02769881 0.03029870 0.99915703
vn -0.07450348 0.19360906 0.97824576
vn -0.18340091 0.10130050 0.97780485
vn -0.27869994 -0.07429998 0.95749979
vn -0.32150030 -0.16170015 0.93300087
vn -0.32089540 -0.10309852 0.94148650
vn -0.31399894 -0.06199979 0.94739680
vn -0.30540600 -0.09250182 0.94771862
vn -0.27200870 -0.10240328 0.95683062
vn -0.21629220 0.06789755 0.97396489
vn -0.16099370 0.28548882 0.94476302
vn -0.13539987 0.31909969 0.93799908
vn -0.12880417 0.16860546 0.97723164
vn -0.12660209 -0.01650027 0.99181634
vn -0.15770024 -0.09710015 0.98270148
vn -0.24699776 -0.12899883 0.96039128
vn -0.34840170 -0.13270065 0.92790452
vn -0.38550121 -0.07440023 0.91970290
vn -0.34110013 -0.06750003 0.93760037
vn -0.27300378 -0.17580244 0.94581311
vn -0.23368833 -0.27178643 0.93355337
vn -0.23969476 -0.18489596 0.95307917
vn -0.28510425 0.03040045 0.95801429
vn -0.34940593 0.09910168 0.93171581
vn -0.39421839 0.06020281 0.91704279
vn -0.38710077 0.08510017 0.91810182
vn -0.34750822 0.13490319 0.92792196
vn -0.32210928 0.09980287 0.94142711
vn -0.31130622 0.03350067 0.94971898
vn -0.28960661 0.01540035 0.95702186
vn -0.24659793 0.00709994 0.96909187
vn -0.21700781 0.07030253 0.97363503
vn -0.23519691 0.17099775 0.95678743
vn -0.26409780 0.14979875 0.95279205
vn -0.24850561 -0.02010045 0.96842188
vn -0.20059213 -0.17309321 0.96426217
vn -0.17880870 -0.22011071 0.95894667
vn -0.18970144 -0.09930075 0.97680741
vn -0.19810464 0.11490269 0.97342279
vn -0.18530499 0.20280546 0.96152588
vn -0.14070044 0.14750046 0.97900306
vn -0.06010209 0.07000243 0.99573460
vn 0.03530063 0.05580099 0.99781768
vn 0.10589827 0.10809823 0.98848385
vn 0.11739436 0.13869334 0.98335280
vn 0.08519780 0.04209891 0.99547427
vn 0.07349842 -0.09789790 0.99247871
vn 0.08100115 -0.15610222 0.98441399
vn -0.13879680 0.15649639 0.97787746
vn -0.12780068 0.07030037 0.98930523
vn -0.14450230 0.23450373 0.96131529
vn -0.15950575 0.17680637 0.97123500
vn -0.23019981 0.02179998 0.97289918
vn -0.31940213 -0.10920073 0.94130626
vn -0.36919627 -0.10059898 0.92389066
vn -0.36840872 -0.07390175 0.92672194
vn -0.34279789 -0.11539929 0.93229427
vn -0.30231261 -0.15610651 0.94033922
vn -0.23140793 -0.01550053 0.97273332
vn -0.12220687 0.21761224 0.96835448
vn -0.02930061 0.28620598 0.95772001
vn 0.01679917 0.15449236 0.98785115
vn 0.02520041 -0.01150019 0.99961627
vn -0.01780011 -0.02950019 0.99940627
vn -0.12620054 0.00100000 0.99200425
vn -0.23820869 -0.04130151 0.97033541
vn -0.26030617 -0.10750255 0.95952275
vn -0.19480717 -0.15980588 0.96773563
vn -0.14110464 -0.21470706 0.96643177
vn -0.16849113 -0.25198674 0.95294985
vn -0.23790681 -0.14550417 0.96032749
vn -0.27891062 0.07560288 0.95733645
vn -0.29348651 0.14659326 0.94465659
vn -0.31629129 0.09009752 0.94437400
vn -0.33909476 0.07589883 0.93768551
vn -0.33531665 0.09940494 0.93684652
vn -0.29130892 0.05530169 0.95502923
vn -0.22649928 -0.00529998 0.97399691
vn -0.18180037 -0.01620003 0.98320201
vn -0.16169645 -0.03019934 0.98637835
vn -0.13469589 0.04909850 0.98966982
vn -0.10319447 0.18998982 0.97634767
vn -0.09230098 0.16050170 0.98271040
vn -0.10380404 -0.03620141 0.99393872
vn -0.13689777 -0.17399716 0.97518408
vn -0.17440190 -0.20400222 0.96331048
vn -0.18160710 -0.10510411 0.97773820
vn -0.13620413 0.08380254 0.98712996
vn -0.06769894 0.16309744 0.98428455
vn -0.02169980 0.09959910 0.99479100
vn -0.00169993 0.01659935 0.99986078
vn 0.01290021 -0.00090001 0.99991638
vn 0.03669922 0.06989851 0.99687881
vn 0.05649954 0.14719880 0.98749193
vn 0.05470213 0.07010273 0.99603880
vn 0.03980124 -0.09960310 0.99423090
vn 0.03239863 -0.18149234 0.98285851
vn -0.14980547 0.16330597 0.97513562
vn -0.15840166 0.14740155 0.97631025
vn -0.09239648 0.18299303 0.97876271
vn -0.02669900 0.18239315 0.98286311
vn -0.04079800 0.10389489 0.99375116
vn -0.11520469 -0.02000081 0.99314040
vn -0.18659631 -0.06799865 0.98008061
vn -0.22010348 -0.08210130 0.97201535
vn -0.22489442 -0.13789658 0.96457609
vn -0.21720379 -0.19170334 0.95711668
vn -0.19080436 -0.09600220 0.97692235
vn -0.11360411 0.11250407 0.98713573
vn -0.02489970 0.22129738 0.97488844
vn 0.00899960 0.14659346 0.98915588
vn -0.00770035 0.00710032 0.99994514
vn -0.04290136 0.02990095 0.99863177
vn -0.09799896 0.10539888 0.98958945
vn -0.14759255 0.01979900 0.98885006
vn -0.13840033 -0.15290037 0.97850234
vn -0.10300183 -0.21880388 0.97031721
vn -0.13589366 -0.17989161 0.97425455
vn -0.23359114 -0.16129388 0.95886363
vn -0.30460602 -0.09510188 0.94771874
vn -0.30210537 0.06410114 0.95111692
vn -0.25490060 0.12990031 0.95820227
vn -0.20939750 0.08659896 0.97398835
vn -0.17470259 0.07560112 0.98171456
vn -0.15020321 0.07990171 0.98542108
vn -0.11189783 -0.00879983 0.99368075
vn -0.05060017 -0.07360025 0.99600333
vn -0.01500038 -0.03040077 0.99942523
vn -0.03139917 -0.02159943 0.99927351
vn -0.05070181 0.03090110 0.99823567
vn -0.03780056 0.16710248 0.98521464
vn -0.01329958 0.15149517 0.98836852
vn -0.02039908 -0.00859961 0.99975493
vn -0.07959693 -0.11069573 0.99066179
vn -0.14219918 -0.16789903 0.97549439
vn -0.13790059 -0.14480062 0.97980417
vn -0.05710284 -0.00610030 0.99834966
vn 0.04279814 0.08849614 0.99515665
vn 0.10110397 0.07100279 0.99233895
vn 0.10449877 0.02169974 0.99428825
vn 0.08749637 -0.00349985 0.99615869
vn 0.08630075 0.05010043 0.99500861
vn 0.09180271 0.14040414 0.98582906
vn 0.08359953 0.08699951 0.99269442
vn 0.06540222 -0.08380285 0.99433376
vn 0.05630193 -0.17400598 0.98313377
vn -0.07199811 0.14039632 0.98747412
vn -0.08729680 0.20259258 0.97536430
vn -0.01710042 0.09610237 0.99522455
vn 0.05270211 0.13720549 0.98913960
vn 0.08810430 0.12880629 0.98774823
vn 0.07540213 0.04520128 0.99612819
vn 0.02450115 -0.01030048 0.99964673
vn -0.03849979 -0.04609975 0.99819466
vn -0.08719931 -0.12519901 0.98829221
vn -0.12460393 -0.18060570 0.97563079
vn -0.16350728 -0.10680475 0.98074365
vn -0.16430751 0.04360199 0.98544503
vn -0.11760275 0.15730367 0.98052290
vn -0.08130068 0.14140119 0.98660828
vn -0.08000254 0.02690085 0.99643160
vn -0.08970289 0.05530178 0.99443205
vn -0.09559565 0.14189354 0.98525514
vn -0.10080259 0.03680095 0.99422559
vn -0.10560447 -0.17130726 0.97954148
vn -0.13260144 -0.20560223 0.96961053
vn -0.20420948 -0.08930415 0.97484525
vn -0.27791407 -0.07140361 0.95794848
vn -0.29410647 -0.09110201 0.95142094
vn -0.24730773 0.00360011 0.96893030
vn -0.17230026 0.06790010 0.98270148
vn -0.09969862 0.02929959 0.99458621
vn -0.03619985 0.03599985 0.99869594
vn -0.00199991 0.06389709 0.99795449
vn 0.00439994 -0.03749951 0.99928696
vn 0.00340002 -0.10650073 0.99430681
vn -0.00580004 -0.02350016 0.99970701
vn -0.02949993 0.01159997 0.99949747
vn -0.05010200 0.03750150 0.99803979
vn -0.04249866 0.14189554 0.98896892
vn -0.01029951 0.12219418 0.99245277
vn 0.00970018 0.00830015 0.99991850
vn -0.01470021 -0.04420064 0.99891451
vn -0.06219728 -0.12379459 0.99035670
vn -0.08059759 -0.17829467 0.98067071
vn -0.04500104 -0.09220212 0.99472291
vn 0.02969878 0.00029999 0.99955885
vn 0.10699925 0.02299984 0.99399304
vn 0.14450041 0.02820008 0.98910282
vn 0.14009576 0.01159965 0.99007001
vn 0.12949732 0.04669903 0.99047950
vn 0.12590526 0.13910581 0.98224103
vn 0.11969934 0.10259943 0.98749452
vn 0.10490037 -0.06580023 0.99230350
vn 0.09459554 -0.15889252 0.98275371
vn -0.02869950 0.09479835 0.99508272
vn -0.05919771 0.18389289 0.98116208
vn 0.02290033 0.03530051 0.99911433
vn 0.05419988 0.09709978 0.99379777
vn 0.06459853 0.12319720 0.99027748
vn 0.04870193 0.08080321 0.99553953
vn 0.00890010 0.04580050 0.99891096
vn -0.03320148 0.00290013 0.99944447
vn -0.06000218 -0.09840357 0.99333603
vn -0.09010391 -0.14070610 0.98594274
vn -0.14040543 -0.06220241 0.98813824
vn -0.16349968 0.02199996 0.98629806
vn -0.12079854 0.09109890 0.98848809
vn -0.05639851 0.10869712 0.99247375
vn -0.03849899 0.03959896 0.99847371
vn -0.04690136 0.06110178 0.99702900
vn -0.02580055 0.12340264 0.99202123
vn 0.00150005 0.03360115 0.99943420
vn -0.03210038 -0.12910152 0.99111168
vn -0.12189769 -0.13599743 0.98318139
vn -0.18319008 -0.02909842 0.98264677
vn -0.18379866 -0.05189962 0.98159283
vn -0.15930788 -0.12210604 0.97964846
vn -0.11969731 -0.06349857 0.99077772
vn -0.06349884 0.00059999 0.99798173
vn -0.02279946 -0.01809957 0.99957621
vn -0.01699935 0.01369947 0.99976164
vn -0.02599998 0.06099994 0.99779908
vn -0.03860175 -0.02860130 0.99884527
vn -0.05239877 -0.10029765 0.99357675
vn -0.04770160 -0.02560086 0.99853350
vn -0.02570131 0.01540079 0.99955103
vn -0.00130006 0.03010139 0.99954601
vn 0.04309801 0.09899543 0.99415415
vn 0.10209955 0.07429967 0.99199559
vn 0.12729999 0.01130000 0.99179989
vn 0.10009629 0.00539980 0.99496310
vn 0.05249925 -0.07779889 0.99558584
vn 0.01959949 -0.17499540 0.98437415
vn 0.02230088 -0.13540537 0.99053928
vn 0.05990182 -0.06880210 0.99583033
vn 0.10040203 -0.02550052 0.99462011
vn 0.09990209 0.03930082 0.99422081
vn 0.05919834 0.04629870 0.99717199
vn 0.02899892 0.05319802 0.99816283
vn 0.04429840 0.12099562 0.99166411
vn 0.07839914 0.09599895 0.99228916
vn 0.07810272 -0.04260148 0.99603468
vn 0.06310294 -0.11850553 0.99094624
vn -0.02680065 0.04040097 0.99882405
vn -0.05089779 0.11329507 0.99225684
vn 0.00539981 0.00639978 0.99996494
vn 0.01519986 0.08469920 0.99629062
vn 0.00629976 0.13399486 0.99096200
vn -0.02589938 0.11799716 0.99267613
vn -0.06980195 0.09180256 0.99332773
vn -0.10239658 0.03079897 0.99426675
vn -0.11220010 -0.08890008 0.98970092
vn -0.11629643 -0.11469648 0.98656974
vn -0.12039929 -0.03539979 0.99209418
vn -0.09180258 -0.00990028 0.99572801
vn -0.00909959 -0.00269988 0.99995495
vn 0.08479650 0.04549812 0.99535897
vn 0.10730374 0.06130214 0.99233460
vn 0.08659874 0.06849901 0.99388558
vn 0.11270262 0.06910161 0.99122303
vn 0.15409640 0.01879956 0.98787695
vn 0.11250019 -0.03860007 0.99290168
vn 0.01319968 -0.04089902 0.99907609
vn -0.01719949 -0.03409899 0.99927045
vn 0.01879977 -0.08159901 0.99648792
vn 0.01950036 -0.11970221 0.99261831
vn -0.00800014 -0.08300144 0.99651731
vn 0.00470013 -0.05020141 0.99872805
vn 0.02810051 -0.03120056 0.99911805
vn 0.01019983 0.03909935 0.99918327
vn -0.01719937 0.07189739 0.99726373
vn -0.02569996 -0.01849997 0.99949851
vn -0.01700028 -0.10510171 0.99431616
vn 0.02090038 -0.06420116 0.99771809
vn 0.06259959 -0.00949994 0.99799351
vn 0.08689975 0.00629998 0.99619714
vn 0.13850503 0.02540092 0.99003593
vn 0.21330825 0.00960037 0.97693778
vn 0.23029630 0.03229948 0.97258437
vn 0.17669327 0.06729744 0.98196260
vn 0.11609785 -0.03009944 0.99278160
vn 0.08770029 -0.16250054 0.98280325
vn 0.09909974 -0.16019958 0.98209742
vn 0.12129692 -0.10089744 0.98747494
vn 0.10420464 -0.01490066 0.99444425
vn 0.02970069 0.10410241 0.99412301
vn -0.06500129 0.11600231 0.99111972
vn -0.11169680 0.05929830 0.99197154
vn -0.07190083 0.05990069 0.99561146
vn 0.01120052 0.04220196 0.99904632
vn 0.04820143 -0.02480074 0.99852969
vn 0.04460202 -0.05210236 0.99764523
vn -0.02789924 0.01659955 0.99947290
vn -0.02950005 0.07560013 0.99670174
vn -0.02959882 -0.00179993 0.99956024
vn -0.02779871 0.08309614 0.99615373
vn -0.02470027 0.14440158 0.98921084
vn -0.04330134 0.13910430 0.98933058
vn -0.08550151 0.11380201 0.98981746
vn -0.13120474 0.04030146 0.99053577
vn -0.15559310 -0.08729613 0.98395639
vn -0.15410028 -0.11010020 0.98190175
vn -0.12150019 -0.03700006 0.99190156
vn -0.05070124 -0.03710091 0.99802450
vn 0.05720236 -0.05860242 0.99664118
vn 0.16590302 0.00690013 0.98611793
vn 0.20310390 0.07450143 0.97631877
vn 0.18820578 0.07410228 0.97933010
vn 0.20440652 0.03580114 0.97823119
vn 0.23020059 0.00890002 0.97310250
vn 0.18650932 0.01430071 0.98234910
vn 0.10610340 0.00680022 0.99433185
vn 0.10069985 -0.05119993 0.99359856
vn 0.14069426 -0.10029591 0.98495982
vn 0.10929740 -0.09989763 0.98897651
vn 0.03479917 -0.07499822 0.99657628
vn 0.02019929 -0.07109749 0.99726483
vn 0.04789953 -0.03349967 0.99829024
vn 0.04700211 0.05910265 0.99714476
vn 0.03099977 0.07899941 0.99639255
vn 0.02630021 -0.01710013 0.99950782
vn 0.03909893 -0.11519685 0.99257290
vn 0.08059871 -0.09099854 0.99258406
vn 0.11169705 -0.02309939 0.99347380
vn 0.11389807 -0.00429993 0.99348314
vn 0.14950404 -0.01630044 0.98862674
vn 0.22140843 -0.02590099 0.97483714
vn 0.23930664 0.04860135 0.96972689
vn 0.18550137 0.10510077 0.97700720
vn 0.12580511 -0.00540022 0.99204028
vn 0.09950056 -0.15990091 0.98210556
vn 0.11019831 -0.17329735 0.97868502
vn 0.12220408 -0.10780360 0.98663293
vn 0.08530085 0.00950009 0.99630995
vn -0.00939975 0.15369588 0.98807349
vn -0.11310450 0.15800629 0.98093903
vn -0.15910398 0.06020150 0.98542463
vn -0.11390470 0.01730071 0.99334103
vn -0.01629944 0.00159995 0.99986588
vn 0.04560158 -0.02120074 0.99873471
vn 0.05609919 -0.01669976 0.99828553
vt 0.00049900 0.99950000
vt 0.02131200 0.99950000
vt 0.02131200 0.97868800
vt 0.00049900 0.97868800
vt 0.04212500 0.99950000
vt 0.04212500 0.97868800
vt 0.06293700 0.99950000
vt 0.06293700 0.97868800
vt 0.08375000 0.99950000
vt 0.08375000 0.97868800
vt 0.10456200 0.99950000
vt 0.10456200 0.97868800
vt 0.12537500 0.99950000
vt 0.12537500 0.97868800
vt 0.14618700 0.99950000
vt 0.14618700 0.97868800
vt 0.16700000 0.99950000
vt 0.16700000 0.97868800
vt 0.18781200 0.99950000
vt 0.18781200 0.97868800
vt 0.20862500 0.99950000
vt 0.20862500 0.97868800
vt 0.22943700 0.99950000
vt 0.22943700 0.97868800
vt 0.25025000 0.99950000
vt 0.25025000 0.97868800
vt 0.27106200 0.99950000
vt 0.27106200 0.97868800
vt 0.29187500 0.99950000
vt 0.29187500 0.97868800
vt 0.31268700 0.99950000
vt 0.31268700 0.97868800
vt 0.33350000 0.99950000
vt 0.33350000 0.97868800
vt 0.35431200 0.99950000
vt 0.35431200 0.97868800
vt 0.37512500 0.99950000
vt 0.37512500 0.97868800
vt 0.39593700 0.99950000
vt 0.39593700 0.97868800
vt 0.41675000 0.99950000
vt 0.41675000 0.97868800
vt 0.43756200 0.99950000
vt 0.43756200 0.97868800
vt 0.45837500 0.99950000
vt 0.45837500 0.97868800
vt 0.47918700 0.99950000
vt 0.47918700 0.97868800
vt 0.50000000 0.99950000
vt 0.50000000 0.97868800
vt 0.52081200 0.99950000
vt 0.52081200 0.97868800
vt 0.54162500 0.99950000
vt 0.54162500 0.97868800
vt 0.56243700 0.99950000
vt 0.56243700 0.97868800
vt 0.58325000 0.99950000
vt 0.58325000 0.97868800
vt 0.60406200 0.99950000
vt 0.60406200 0.97868800
vt 0.62487500 0.99950000
vt 0.62487500 0.97868800
vt 0.64568800 0.99950000
vt 0.64568800 0.97868800
vt 0.66650000 0.99950000
vt 0.66650000 0.97868800
vt 0.68731300 0.99950000
vt 0.68731300 0.97868800
vt 0.70812500 0.99950000
vt 0.70812500 0.97868800
vt 0.72893800 0.99950000
vt 0.72893800 0.97868800
vt 0.74975000 0.99950000
vt 0.74975000 0.97868800
vt 0.77056300 0.99950000
vt 0.77056300 0.97868800
vt 0.79137500 0.99950000
vt 0.79137500 0.97868800
vt 0.81218800 0.99950000
vt 0.81218800 0.97868800
vt 0.83300000 0.99950100
vt 0.83300000 0.97868800
vt 0.85381300 0.99950100
vt 0.85381300 0.97868800
vt 0.87462500 0.99950100
vt 0.87462500 0.97868800
vt 0.89543800 0.99950100
vt 0.89543800 0.97868800
vt 0.91625000 0.99950100
vt 0.91625000 0.97868800
vt 0.93706300 0.99950100
vt 0.93706300 0.97868800
vt 0.95787500 0.99950100
vt 0.95787500 0.97868800
vt 0.97868800 0.99950100
vt 0.97868800 0.97868800
vt 0.99950000 0.99950100
vt 0.99950000 0.97868800
vt 0.02131200 0.95787500
vt 0.00049900 0.95787500
vt 0.04212500 0.95787500
vt 0.06293700 0.95787500
vt 0.08375000 0.95787500
vt 0.10456200 0.95787500
vt 0.12537500 0.95787500
vt 0.14618700 0.95787500
vt 0.16700000 0.95787500
vt 0.18781200 0.95787500
vt 0.20862500 0.95787500
vt 0.22943700 0.95787500
vt 0.25025000 0.95787500
vt 0.27106200 0.95787500
vt 0.29187500 0.95787500
vt 0.31268700 0.95787500
vt 0.33350000 0.95787500
vt 0.35431200 0.95787500
vt 0.37512500 0.95787500
vt 0.39593700 0.95787500
vt 0.41675000 0.95787500
vt 0.43756200 0.95787500
vt 0.45837500 0.95787500
vt 0.47918700 0.95787500
vt 0.50000000 0.95787500
vt 0.52081200 0.95787500
vt 0.54162500 0.95787500
vt 0.56243700 0.95787500
vt 0.58325000 0.95787500
vt 0.60406200 0.95787500
vt 0.62487500 0.95787500
vt 0.64568800 0.95787500
vt 0.66650000 0.95787500
vt 0.68731300 0.95787500
vt 0.70812500 0.95787500
vt 0.72893800 0.95787500
vt 0.74975000 0.95787500
vt 0.77056300 0.95787500
vt 0.79137500 0.95787500
vt 0.81218800 0.95787500
vt 0.83300000 0.95787500
vt 0.85381300 0.95787500
vt 0.87462500 0.95787500
vt 0.89543800 0.95787500
vt 0.91625000 0.95787500
vt 0.93706300 0.95787500
vt 0.95787500 0.95787500
vt 0.97868800 0.95787500
vt 0.99950000 0.95787500
vt 0.02131200 0.93706300
vt 0.00050000 0.93706300
vt 0.04212500 0.93706300
vt 0.06293700 0.93706300
vt 0.08375000 0.93706300
vt 0.10456200 0.93706300
vt 0.12537500 0.93706300
vt 0.14618700 0.93706300
vt 0.16700000 0.93706300
vt 0.18781200 0.93706300
vt 0.20862500 0.93706300
vt 0.22943700 0.93706300
vt 0.25025000 0.93706300
vt 0.27106200 0.93706300
vt 0.29187500 0.93706300
vt 0.31268700 0.93706300
vt 0.33350000 0.93706300
vt 0.35431200 0.93706300
vt 0.37512500 0.93706300
vt 0.39593700 0.93706300
vt 0.41675000 0.93706300
vt 0.43756200 0.93706300
vt 0.45837500 0.93706300
vt 0.47918700 0.93706300
vt 0.50000000 0.93706300
vt 0.52081200 0.93706300
vt 0.54162500 0.93706300
vt 0.56243700 0.93706300
vt 0.58325000 0.93706300
vt 0.60406200 0.93706300
vt 0.62487500 0.93706300
vt 0.64568800 0.93706300
vt 0.66650000 0.93706300
vt 0.68731300 0.93706300
vt 0.70812500 0.93706300
vt 0.72893800 0.93706300
vt 0.74975000 0.93706300
vt 0.77056300 0.93706300
vt 0.79137500 0.93706300
vt 0.81218800 0.93706300
vt 0.83300000 0.93706300
vt 0.85381300 0.93706300
vt 0.87462500 0.93706300
vt 0.89543800 0.93706300
vt 0.91625000 0.93706300
vt 0.93706300 0.93706300
vt 0.95787500 0.93706300
vt 0.97868800 0.93706300
vt 0.99950000 0.93706300
vt 0.02131200 0.91625000
vt 0.00050000 0.91625000
vt 0.04212500 0.91625000
vt 0.06293700 0.91625000
vt 0.08375000 0.91625000
vt 0.10456200 0.91625000
vt 0.12537500 0.91625000
vt 0.14618700 0.91625000
vt 0.16700000 0.91625000
vt 0.18781200 0.91625000
vt 0.20862500 0.91625000
vt 0.22943700 0.91625000
vt 0.25025000 0.91625000
vt 0.27106200 0.91625000
vt 0.29187500 0.91625000
vt 0.31268700 0.91625000
vt 0.33350000 0.91625000
vt 0.35431200 0.91625000
vt 0.37512500 0.91625000
vt 0.39593700 0.91625000
vt 0.41675000 0.91625000
vt 0.43756200 0.91625000
vt 0.45837500 0.91625000
vt 0.47918700 0.91625000
vt 0.50000000 0.91625000
vt 0.52081200 0.91625000
vt 0.54162500 0.91625000
vt 0.56243700 0.91625000
vt 0.58325000 0.91625000
vt 0.60406200 0.91625000
vt 0.62487500 0.91625000
vt 0.64568800 0.91625000
vt 0.66650000 0.91625000
vt 0.68731300 0.91625000
vt 0.70812500 0.91625000
vt 0.72893800 0.91625000
vt 0.74975000 0.91625000
vt 0.77056300 0.91625000
vt 0.79137500 0.91625000
vt 0.81218800 0.91625000
vt 0.83300000 0.91625000
vt 0.85381300 0.91625000
vt 0.87462500 0.91625000
vt 0.89543800 0.91625000
vt 0.91625000 0.91625000
vt 0.93706300 0.91625000
vt 0.95787500 0.91625000
vt 0.97868800 0.91625000
vt 0.99950000 0.91625000
vt 0.02131200 0.89543800
vt 0.00050000 0.89543800
vt 0.04212500 0.89543800
vt 0.06293700 0.89543800
vt 0.08375000 0.89543800
vt 0.10456200 0.89543800
vt 0.12537500 0.89543800
vt 0.14618700 0.89543800
vt 0.16700000 0.89543800
vt 0.18781200 0.89543800
vt 0.20862500 0.89543800
vt 0.22943700 0.89543800
vt 0.25025000 0.89543800
vt 0.27106200 0.89543800
vt 0.29187500 0.89543800
vt 0.31268700 0.89543800
vt 0.33350000 0.89543800
vt 0.35431200 0.89543800
vt 0.37512500 0.89543800
vt 0.39593700 0.89543800
vt 0.41675000 0.89543800
vt 0.43756200 0.89543800
vt 0.45837500 0.89543800
vt 0.47918700 0.89543800
vt 0.50000000 0.89543800
vt 0.52081200 0.89543800
vt 0.54162500 0.89543800
vt 0.56243700 0.89543800
vt 0.58325000 0.89543800
vt 0.60406200 0.89543800
vt 0.62487500 0.89543800
vt 0.64568800 0.89543800
vt 0.66650000 0.89543800
vt 0.68731300 0.89543800
vt 0.70812500 0.89543800
vt 0.72893800 0.89543800
vt 0.74975000 0.89543800
vt 0.77056300 0.89543800
vt 0.79137500 0.89543800
vt 0.81218800 0.89543800
vt 0.83300000 0.89543800
vt 0.85381300 0.89543800
vt 0.87462500 0.89543800
vt 0.89543800 0.89543800
vt 0.91625000 0.89543800
vt 0.93706300 0.89543800
vt 0.95787500 0.89543800
vt 0.97868800 0.89543800
vt 0.99950000 0.89543800
vt 0.02131200 0.87462500
vt 0.00050000 0.87462500
vt 0.04212500 0.87462500
vt 0.06293700 0.87462500
vt 0.08375000 0.87462500
vt 0.10456200 0.87462500
vt 0.12537500 0.87462500
vt 0.14618700 0.87462500
vt 0.16700000 0.87462500
vt 0.18781200 0.87462500
vt 0.20862500 0.87462500
vt 0.22943700 0.87462500
vt 0.25025000 0.87462500
vt 0.27106200 0.87462500
vt 0.29187500 0.87462500
vt 0.31268700 0.87462500
vt 0.33350000 0.87462500
vt 0.35431200 0.87462500
vt 0.37512500 0.87462500
vt 0.39593700 0.87462500
vt 0.41675000 0.87462500
vt 0.43756200 0.87462500
vt 0.45837500 0.87462500
vt 0.47918700 0.87462500
vt 0.50000000 0.87462500
vt 0.52081200 0.87462500
vt 0.54162500 0.87462500
vt 0.56243700 0.87462500
vt 0.58325000 0.87462500
vt 0.60406300 0.87462500
vt 0.62487500 0.87462500
vt 0.64568800 0.87462500
vt 0.66650000 0.87462500
vt 0.68731300 0.87462500
vt 0.70812500 0.87462500
vt 0.72893800 0.87462500
vt 0.74975000 0.87462500
vt 0.77056300 0.87462500
vt 0.79137500 0.87462500
vt 0.81218800 0.87462500
vt 0.83300000 0.87462500
vt 0.85381300 0.87462500
vt 0.87462500 0.87462500
vt 0.89543800 0.87462500
vt 0.91625000 0.87462500
vt 0.93706300 0.87462500
vt 0.95787500 0.87462500
vt 0.97868800 0.87462500
vt 0.99950000 0.87462500
vt 0.02131200 0.85381300
vt 0.00050000 0.85381300
vt 0.04212500 0.85381300
vt 0.06293700 0.85381300
vt 0.08375000 0.85381300
vt 0.10456200 0.85381300
vt 0.12537500 0.85381300
vt 0.14618700 0.85381300
vt 0.16700000 0.85381300
vt 0.18781200 0.85381300
vt 0.20862500 0.85381300
vt 0.22943700 0.85381300
vt 0.25025000 0.85381300
vt 0.27106200 0.85381300
vt 0.29187500 0.85381300
vt 0.31268700 0.85381300
vt 0.33350000 0.85381300
vt 0.35431200 0.85381300
vt 0.37512500 0.85381300
vt 0.39593700 0.85381300
vt 0.41675000 0.85381300
vt 0.43756200 0.85381300
vt 0.45837500 0.85381300
vt 0.47918700 0.85381300
vt 0.50000000 0.85381300
vt 0.52081200 0.85381300
vt 0.54162500 0.85381300
vt 0.56243700 0.85381300
vt 0.58325000 0.85381300
vt 0.60406300 0.85381300
vt 0.62487500 0.85381300
vt 0.64568800 0.85381300
vt 0.66650000 0.85381300
vt 0.68731300 0.85381300
vt 0.70812500 0.85381300
vt 0.72893800 0.85381300
vt 0.74975000 0.85381300
vt 0.77056300 0.85381300
vt 0.79137500 0.85381300
vt 0.81218800 0.85381300
vt 0.83300000 0.85381300
vt 0.85381300 0.85381300
vt 0.87462500 0.85381300
vt 0.89543800 0.85381300
vt 0.91625000 0.85381300
vt 0.93706300 0.85381300
vt 0.95787500 0.85381300
vt 0.97868800 0.85381300
vt 0.99950000 0.85381300
vt 0.02131200 0.83300000
vt 0.00050000 0.83300000
vt 0.04212500 0.83300000
vt 0.06293700 0.83300000
vt 0.08375000 0.83300000
vt 0.10456200 0.83300000
vt 0.12537500 0.83300000
vt 0.14618700 0.83300000
vt 0.16700000 0.83300000
vt 0.18781200 0.83300000
vt 0.20862500 0.83300000
vt 0.22943700 0.83300000
vt 0.25025000 0.83300000
vt 0.27106200 0.83300000
vt 0.29187500 0.83300000
vt 0.31268700 0.83300000
vt 0.33350000 0.83300000
vt 0.35431200 0.83300000
vt 0.37512500 0.83300000
vt 0.39593700 0.83300000
vt 0.41675000 0.83300000
vt 0.43756200 0.83300000
vt 0.45837500 0.83300000
vt 0.47918700 0.83300000
vt 0.50000000 0.83300000
vt 0.52081200 0.83300000
vt 0.54162500 0.83300000
vt 0.56243700 0.83300000
vt 0.58325000 0.83300000
vt 0.60406300 0.83300000
vt 0.62487500 0.83300000
vt 0.64568800 0.83300000
vt 0.66650000 0.83300000
vt 0.68731300 0.83300000
vt 0.70812500 0.83300000
vt 0.72893800 0.83300000
vt 0.74975000 0.83300000
vt 0.77056300 0.83300000
vt 0.79137500 0.83300000
vt 0.81218800 0.83300000
vt 0.83300000 0.83300000
vt 0.85381300 0.83300000
vt 0.87462500 0.83300000
vt 0.89543800 0.83300000
vt 0.91625000 0.83300000
vt 0.93706300 0.83300000
vt 0.95787500 0.83300000
vt 0.97868800 0.83300000
vt 0.99950000 0.83300000
vt 0.02131200 0.81218800
vt 0.00050000 0.81218800
vt 0.04212500 0.81218800
vt 0.06293700 0.81218800
vt 0.08375000 0.81218800
vt 0.10456200 0.81218800
vt 0.12537500 0.81218800
vt 0.14618700 0.81218800
vt 0.16700000 0.81218800
vt 0.18781200 0.81218800
vt 0.20862500 0.81218800
vt 0.22943700 0.81218800
vt 0.25025000 0.81218800
vt 0.27106200 0.81218800
vt 0.29187500 0.81218800
vt 0.31268700 0.81218800
vt 0.33350000 0.81218800
vt 0.35431200 0.81218800
vt 0.37512500 0.81218800
vt 0.39593700 0.81218800
vt 0.41675000 0.81218800
vt 0.43756200 0.81218800
vt 0.45837500 0.81218800
vt 0.47918700 0.81218800
vt 0.50000000 0.81218800
vt 0.52081200 0.81218800
vt 0.54162500 0.81218800
vt 0.56243700 0.81218800
vt 0.58325000 0.81218800
vt 0.60406300 0.81218800
vt 0.62487500 0.81218800
vt 0.64568800 0.81218800
vt 0.66650000 0.81218800
vt 0.68731300 0.81218800
vt 0.70812500 0.81218800
vt 0.72893800 0.81218800
vt 0.74975000 0.81218800
vt 0.77056300 0.81218800
vt 0.79137500 0.81218800
vt 0.81218800 0.81218800
vt 0.83300000 0.81218800
vt 0.85381300 0.81218800
vt 0.87462500 0.81218800
vt 0.89543800 0.81218800
vt 0.91625000 0.81218800
vt 0.93706300 0.81218800
vt 0.95787500 0.81218800
vt 0.97868800 0.81218800
vt 0.99950000 0.81218800
vt 0.02131200 0.79137500
vt 0.00050000 0.79137500
vt 0.04212500 0.79137500
vt 0.06293700 0.79137500
vt 0.08375000 0.79137500
vt 0.10456200 0.79137500
vt 0.12537500 0.79137500
vt 0.14618700 0.79137500
vt 0.16700000 0.79137500
vt 0.18781200 0.79137500
vt 0.20862500 0.79137500
vt 0.22943700 0.79137500
vt 0.25025000 0.79137500
vt 0.27106200 0.79137500
vt 0.29187500 0.79137500
vt 0.31268700 0.79137500
vt 0.33350000 0.79137500
vt 0.35431200 0.79137500
vt 0.37512500 0.79137500
vt 0.39593700 0.79137500
vt 0.41675000 0.79137500
vt 0.43756200 0.79137500
vt 0.45837500 0.79137500
vt 0.47918700 0.79137500
vt 0.50000000 0.79137500
vt 0.52081200 0.79137500
vt 0.54162500 0.79137500
vt 0.56243800 0.79137500
vt 0.58325000 0.79137500
vt 0.60406300 0.79137500
vt 0.62487500 0.79137500
vt 0.64568800 0.79137500
vt 0.66650000 0.79137500
vt 0.68731300 0.79137500
vt 0.70812500 0.79137500
vt 0.72893800 0.79137500
vt 0.74975000 0.79137500
vt 0.77056300 0.79137500
vt 0.79137500 0.79137500
vt 0.81218800 0.79137500
vt 0.83300000 0.79137500
vt 0.85381300 0.79137500
vt 0.87462500 0.79137500
vt 0.89543800 0.79137500
vt 0.91625000 0.79137500
vt 0.93706300 0.79137500
vt 0.95787500 0.79137500
vt 0.97868800 0.79137500
vt 0.99950000 0.79137500
vt 0.02131200 0.77056300
vt 0.00050000 0.77056300
vt 0.04212500 0.77056300
vt 0.06293700 0.77056300
vt 0.08375000 0.77056300
vt 0.10456200 0.77056300
vt 0.12537500 0.77056300
vt 0.14618700 0.77056300
vt 0.16700000 0.77056300
vt 0.18781200 0.77056300
vt 0.20862500 0.77056300
vt 0.22943700 0.77056300
vt 0.25025000 0.77056300
vt 0.27106200 0.77056300
vt 0.29187500 0.77056300
vt 0.31268700 0.77056300
vt 0.33350000 0.77056300
vt 0.35431200 0.77056300
vt 0.37512500 0.77056300
vt 0.39593700 0.77056300
vt 0.41675000 0.77056300
vt 0.43756200 0.77056300
vt 0.45837500 0.77056300
vt 0.47918700 0.77056300
vt 0.50000000 0.77056300
vt 0.52081200 0.77056300
vt 0.54162500 0.77056300
vt 0.56243800 0.77056300
vt 0.58325000 0.77056300
vt 0.60406300 0.77056300
vt 0.62487500 0.77056300
vt 0.64568800 0.77056300
vt 0.66650000 0.77056300
vt 0.68731300 0.77056300
vt 0.70812500 0.77056300
vt 0.72893800 0.77056300
vt 0.74975000 0.77056300
vt 0.77056300 0.77056300
vt 0.79137500 0.77056300
vt 0.81218800 0.77056300
vt 0.83300000 0.77056300
vt 0.85381300 0.77056300
vt 0.87462500 0.77056300
vt 0.89543800 0.77056300
vt 0.91625000 0.77056300
vt 0.93706300 0.77056300
vt 0.95787500 0.77056300
vt 0.97868800 0.77056300
vt 0.99950000 0.77056300
vt 0.02131200 0.74975000
vt 0.00050000 0.74975000
vt 0.04212500 0.74975000
vt 0.06293700 0.74975000
vt 0.08375000 0.74975000
vt 0.10456200 0.74975000
vt 0.12537500 0.74975000
vt 0.14618700 0.74975000
vt 0.16700000 0.74975000
vt 0.18781200 0.74975000
vt 0.20862500 0.74975000
vt 0.22943700 0.74975000
vt 0.25025000 0.74975000
vt 0.27106200 0.74975000
vt 0.29187500 0.74975000
vt 0.31268700 0.74975000
vt 0.33350000 0.74975000
vt 0.35431200 0.74975000
vt 0.37512500 0.74975000
vt 0.39593700 0.74975000
vt 0.41675000 0.74975000
vt 0.43756200 0.74975000
vt 0.45837500 0.74975000
vt 0.47918700 0.74975000
vt 0.50000000 0.74975000
vt 0.52081200 0.74975000
vt 0.54162500 0.74975000
vt 0.56243800 0.74975000
vt 0.58325000 0.74975000
vt 0.60406300 0.74975000
vt 0.62487500 0.74975000
vt 0.64568800 0.74975000
vt 0.66650000 0.74975000
vt 0.68731300 0.74975000
vt 0.70812500 0.74975000
vt 0.72893800 0.74975000
vt 0.74975000 0.74975000
vt 0.77056300 0.74975000
vt 0.79137500 0.74975000
vt 0.81218800 0.74975000
vt 0.83300000 0.74975000
vt 0.85381300 0.74975000
vt 0.87462500 0.74975000
vt 0.89543800 0.74975000
vt 0.91625000 0.74975000
vt 0.93706300 0.74975000
vt 0.95787500 0.74975000
vt 0.97868800 0.74975000
vt 0.99950000 0.74975000
vt 0.02131200 0.72893800
vt 0.00050000 0.72893800
vt 0.04212500 0.72893800
vt 0.06293700 0.72893800
vt 0.08375000 0.72893800
vt 0.10456200 0.72893800
vt 0.12537500 0.72893800
vt 0.14618700 0.72893800
vt 0.16700000 0.72893800
vt 0.18781200 0.72893800
vt 0.20862500 0.72893800
vt 0.22943700 0.72893800
vt 0.25025000 0.72893800
vt 0.27106200 0.72893800
vt 0.29187500 0.72893800
vt 0.31268700 0.72893800
vt 0.33350000 0.72893800
vt 0.35431200 0.72893800
vt 0.37512500 0.72893800
vt 0.39593700 0.72893800
vt 0.41675000 0.72893800
vt 0.43756200 0.72893800
vt 0.45837500 0.72893800
vt 0.47918700 0.72893800
vt 0.50000000 0.72893800
vt 0.52081200 0.72893800
vt 0.54162500 0.72893800
vt 0.56243800 0.72893800
vt 0.58325000 0.72893800
vt 0.60406300 0.72893800
vt 0.62487500 0.72893800
vt 0.64568800 0.72893800
vt 0.66650000 0.72893800
vt 0.68731300 0.72893800
vt 0.70812500 0.72893800
vt 0.72893800 0.72893800
vt 0.74975000 0.72893800
vt 0.77056300 0.72893800
vt 0.79137500 0.72893800
vt 0.81218800 0.72893800
vt 0.83300000 0.72893800
vt 0.85381300 0.72893800
vt 0.87462500 0.72893800
vt 0.89543800 0.72893800
vt 0.91625000 0.72893800
vt 0.93706300 0.72893800
vt 0.95787500 0.72893800
vt 0.97868800 0.72893800
vt 0.99950000 0.72893800
vt 0.02131200 0.70812500
vt 0.00050000 0.70812500
vt 0.04212500 0.70812500
vt 0.06293700 0.70812500
vt 0.08375000 0.70812500
vt 0.10456200 0.70812500
vt 0.12537500 0.70812500
vt 0.14618700 0.70812500
vt 0.16700000 0.70812500
vt 0.18781200 0.70812500
vt 0.20862500 0.70812500
vt 0.22943700 0.70812500
vt 0.25025000 0.70812500
vt 0.27106200 0.70812500
vt 0.29187500 0.70812500
vt 0.31268700 0.70812500
vt 0.33350000 0.70812500
vt 0.35431200 0.70812500
vt 0.37512500 0.70812500
vt 0.39593700 0.70812500
vt 0.41675000 0.70812500
vt 0.43756200 0.70812500
vt 0.45837500 0.70812500
vt 0.47918700 0.70812500
vt 0.50000000 0.70812500
vt 0.52081200 0.70812500
vt 0.54162500 0.70812500
vt 0.56243800 0.70812500
vt 0.58325000 0.70812500
vt 0.60406300 0.70812500
vt 0.62487500 0.70812500
vt 0.64568800 0.70812500
vt 0.66650000 0.70812500
vt 0.68731300 0.70812500
vt 0.70812500 0.70812500
vt 0.72893800 0.70812500
vt 0.74975000 0.70812500
vt 0.77056300 0.70812500
vt 0.79137500 0.70812500
vt 0.81218800 0.70812500
vt 0.83300000 0.70812500
vt 0.85381300 0.70812500
vt 0.87462500 0.70812500
vt 0.89543800 0.70812500
vt 0.91625000 0.70812500
vt 0.93706300 0.70812500
vt 0.95787500 0.70812500
vt 0.97868800 0.70812500
vt 0.99950000 0.70812500
vt 0.02131200 0.68731300
vt 0.00050000 0.68731300
vt 0.04212500 0.68731300
vt 0.06293700 0.68731300
vt 0.08375000 0.68731300
vt 0.10456200 0.68731300
vt 0.12537500 0.68731300
vt 0.14618700 0.68731300
vt 0.16700000 0.68731300
vt 0.18781200 0.68731300
vt 0.20862500 0.68731300
vt 0.22943700 0.68731300
vt 0.25025000 0.68731300
vt 0.27106200 0.68731300
vt 0.29187500 0.68731300
vt 0.31268700 0.68731300
vt 0.33350000 0.68731300
vt 0.35431200 0.68731300
vt 0.37512500 0.68731300
vt 0.39593700 0.68731300
vt 0.41675000 0.68731300
vt 0.43756200 0.68731300
vt 0.45837500 0.68731300
vt 0.47918700 0.68731300
vt 0.50000000 0.68731300
vt 0.52081200 0.68731300
vt 0.54162500 0.68731300
vt 0.56243800 0.68731300
vt 0.58325000 0.68731300
vt 0.60406300 0.68731300
vt 0.62487500 0.68731300
vt 0.64568800 0.68731300
vt 0.66650000 0.68731300
vt 0.68731300 0.68731300
vt 0.70812500 0.68731300
vt 0.72893800 0.68731300
vt 0.74975000 0.68731300
vt 0.77056300 0.68731300
vt 0.79137500 0.68731300
vt 0.81218800 0.68731300
vt 0.83300000 0.68731300
vt 0.85381300 0.68731300
vt 0.87462500 0.68731300
vt 0.89543800 0.68731300
vt 0.91625000 0.68731300
vt 0.93706300 0.68731300
vt 0.95787500 0.68731300
vt 0.97868800 0.68731300
vt 0.99950000 0.68731300
vt 0.02131200 0.66650000
vt 0.00050000 0.66650000
vt 0.04212500 0.66650000
vt 0.06293700 0.66650000
vt 0.08375000 0.66650000
vt 0.10456200 0.66650000
vt 0.12537500 0.66650000
vt 0.14618700 0.66650000
vt 0.16700000 0.66650000
vt 0.18781200 0.66650000
vt 0.20862500 0.66650000
vt 0.22943700 0.66650000
vt 0.25025000 0.66650000
vt 0.27106200 0.66650000
vt 0.29187500 0.66650000
vt 0.31268700 0.66650000
vt 0.33350000 0.66650000
vt 0.35431200 0.66650000
vt 0.37512500 0.66650000
vt 0.39593700 0.66650000
vt 0.41675000 0.66650000
vt 0.43756200 0.66650000
vt 0.45837500 0.66650000
vt 0.47918700 0.66650000
vt 0.50000000 0.66650000
vt 0.52081300 0.66650000
vt 0.54162500 0.66650000
vt 0.56243800 0.66650000
vt 0.58325000 0.66650000
vt 0.60406300 0.66650000
vt 0.62487500 0.66650000
vt 0.64568800 0.66650000
vt 0.66650000 0.66650000
vt 0.68731300 0.66650000
vt 0.70812500 0.66650000
vt 0.72893800 0.66650000
vt 0.74975000 0.66650000
vt 0.77056300 0.66650000
vt 0.79137500 0.66650000
vt 0.81218800 0.66650000
vt 0.83300000 0.66650000
vt 0.85381300 0.66650000
vt 0.87462500 0.66650000
vt 0.89543800 0.66650000
vt 0.91625000 0.66650000
vt 0.93706300 0.66650000
vt 0.95787500 0.66650000
vt 0.97868800 0.66650000
vt 0.99950000 0.66650000
vt 0.02131200 0.64568800
vt 0.00050000 0.64568800
vt 0.04212500 0.64568800
vt 0.06293700 0.64568800
vt 0.08375000 0.64568800
vt 0.10456200 0.64568800
vt 0.12537500 0.64568800
vt 0.14618700 0.64568800
vt 0.16700000 0.64568800
vt 0.18781200 0.64568800
vt 0.20862500 0.64568800
vt 0.22943700 0.64568800
vt 0.25025000 0.64568800
vt 0.27106200 0.64568800
vt 0.29187500 0.64568800
vt 0.31268700 0.64568800
vt 0.33350000 0.64568800
vt 0.35431200 0.64568800
vt 0.37512500 0.64568800
vt 0.39593700 0.64568800
vt 0.41675000 0.64568800
vt 0.43756200 0.64568800
vt 0.45837500 0.64568800
vt 0.47918700 0.64568800
vt 0.50000000 0.64568800
vt 0.52081300 0.64568800
vt 0.54162500 0.64568800
vt 0.56243800 0.64568800
vt 0.58325000 0.64568800
vt 0.60406300 0.64568800
vt 0.62487500 0.64568800
vt 0.64568800 0.64568800
vt 0.66650000 0.64568800
vt 0.68731300 0.64568800
vt 0.70812500 0.64568800
vt 0.72893800 0.64568800
vt 0.74975000 0.64568800
vt 0.77056300 0.64568800
vt 0.79137500 0.64568800
vt 0.81218800 0.64568800
vt 0.83300000 0.64568800
vt 0.85381300 0.64568800
vt 0.87462500 0.64568800
vt 0.89543800 0.64568800
vt 0.91625000 0.64568800
vt 0.93706300 0.64568800
vt 0.95787500 0.64568800
vt 0.97868800 0.64568800
vt 0.99950000 0.64568800
vt 0.02131200 0.62487500
vt 0.00050000 0.62487500
vt 0.04212500 0.62487500
vt 0.06293700 0.62487500
vt 0.08375000 0.62487500
vt 0.10456200 0.62487500
vt 0.12537500 0.62487500
vt 0.14618700 0.62487500
vt 0.16700000 0.62487500
vt 0.18781200 0.62487500
vt 0.20862500 0.62487500
vt 0.22943700 0.62487500
vt 0.25025000 0.62487500
vt 0.27106200 0.62487500
vt 0.29187500 0.62487500
vt 0.31268700 0.62487500
vt 0.33350000 0.62487500
vt 0.35431200 0.62487500
vt 0.37512500 0.62487500
vt 0.39593700 0.62487500
vt 0.41675000 0.62487500
vt 0.43756200 0.62487500
vt 0.45837500 0.62487500
vt 0.47918700 0.62487500
vt 0.50000000 0.62487500
vt 0.52081300 0.62487500
vt 0.54162500 0.62487500
vt 0.56243800 0.62487500
vt 0.58325000 0.62487500
vt 0.60406300 0.62487500
vt 0.62487500 0.62487500
vt 0.64568800 0.62487500
vt 0.66650000 0.62487500
vt 0.68731300 0.62487500
vt 0.70812500 0.62487500
vt 0.72893800 0.62487500
vt 0.74975000 0.62487500
vt 0.77056300 0.62487500
vt 0.79137500 0.62487500
vt 0.81218800 0.62487500
vt 0.83300000 0.62487500
vt 0.85381300 0.62487500
vt 0.87462500 0.62487500
vt 0.89543800 0.62487500
vt 0.91625000 0.62487500
vt 0.93706300 0.62487500
vt 0.95787500 0.62487500
vt 0.97868800 0.62487500
vt 0.99950000 0.62487500
vt 0.02131200 0.60406200
vt 0.00050000 0.60406200
vt 0.04212500 0.60406200
vt 0.06293700 0.60406300
vt 0.08375000 0.60406300
vt 0.10456200 0.60406300
vt 0.12537500 0.60406300
vt 0.14618700 0.60406300
vt 0.16700000 0.60406300
vt 0.18781200 0.60406300
vt 0.20862500 0.60406300
vt 0.22943700 0.60406300
vt 0.25025000 0.60406300
vt 0.27106200 0.60406300
vt 0.29187500 0.60406300
vt 0.31268700 0.60406300
vt 0.33350000 0.60406300
vt 0.35431200 0.60406300
vt 0.37512500 0.60406300
vt 0.39593700 0.60406300
vt 0.41675000 0.60406300
vt 0.43756200 0.60406300
vt 0.45837500 0.60406300
vt 0.47918700 0.60406300
vt 0.50000000 0.60406300
vt 0.52081300 0.60406300
vt 0.54162500 0.60406300
vt 0.56243800 0.60406300
vt 0.58325000 0.60406300
vt 0.60406300 0.60406300
vt 0.62487500 0.60406300
vt 0.64568800 0.60406300
vt 0.66650000 0.60406300
vt 0.68731300 0.60406300
vt 0.70812500 0.60406300
vt 0.72893800 0.60406300
vt 0.74975000 0.60406300
vt 0.77056300 0.60406300
vt 0.79137500 0.60406300
vt 0.81218800 0.60406300
vt 0.83300000 0.60406300
vt 0.85381300 0.60406300
vt 0.87462500 0.60406300
vt 0.89543800 0.60406300
vt 0.91625000 0.60406300
vt 0.93706300 0.60406300
vt 0.95787500 0.60406300
vt 0.97868800 0.60406300
vt 0.99950000 0.60406300
vt 0.02131200 0.58325000
vt 0.00050000 0.58325000
vt 0.04212500 0.58325000
vt 0.06293700 0.58325000
vt 0.08375000 0.58325000
vt 0.10456200 0.58325000
vt 0.12537500 0.58325000
vt 0.14618700 0.58325000
vt 0.16700000 0.58325000
vt 0.18781200 0.58325000
vt 0.20862500 0.58325000
vt 0.22943700 0.58325000
vt 0.25025000 0.58325000
vt 0.27106200 0.58325000
vt 0.29187500 0.58325000
vt 0.31268700 0.58325000
vt 0.33350000 0.58325000
vt 0.35431200 0.58325000
vt 0.37512500 0.58325000
vt 0.39593700 0.58325000
vt 0.41675000 0.58325000
vt 0.43756200 0.58325000
vt 0.45837500 0.58325000
vt 0.47918700 0.58325000
vt 0.50000000 0.58325000
vt 0.52081300 0.58325000
vt 0.54162500 0.58325000
vt 0.56243800 0.58325000
vt 0.58325000 0.58325000
vt 0.60406300 0.58325000
vt 0.62487500 0.58325000
vt 0.64568800 0.58325000
vt 0.66650000 0.58325000
vt 0.68731300 0.58325000
vt 0.70812500 0.58325000
vt 0.72893800 0.58325000
vt 0.74975000 0.58325000
vt 0.77056300 0.58325000
vt 0.79137500 0.58325000
vt 0.81218800 0.58325000
vt 0.83300000 0.58325000
vt 0.85381300 0.58325000
vt 0.87462500 0.58325000
vt 0.89543800 0.58325000
vt 0.91625000 0.58325000
vt 0.93706300 0.58325000
vt 0.95787500 0.58325000
vt 0.97868800 0.58325000
vt 0.99950000 0.58325000
vt 0.02131200 0.56243700
vt 0.00050000 0.56243700
vt 0.04212500 0.56243700
vt 0.06293700 0.56243700
vt 0.08375000 0.56243700
vt 0.10456200 0.56243700
vt 0.12537500 0.56243700
vt 0.14618700 0.56243700
vt 0.16700000 0.56243800
vt 0.18781200 0.56243800
vt 0.20862500 0.56243800
vt 0.22943700 0.56243800
vt 0.25025000 0.56243800
vt 0.27106200 0.56243800
vt 0.29187500 0.56243800
vt 0.31268700 0.56243800
vt 0.33350000 0.56243800
vt 0.35431200 0.56243800
vt 0.37512500 0.56243800
vt 0.39593700 0.56243800
vt 0.41675000 0.56243800
vt 0.43756200 0.56243800
vt 0.45837500 0.56243800
vt 0.47918700 0.56243800
vt 0.50000000 0.56243800
vt 0.52081300 0.56243800
vt 0.54162500 0.56243800
vt 0.56243800 0.56243800
vt 0.58325000 0.56243800
vt 0.60406300 0.56243800
vt 0.62487500 0.56243800
vt 0.64568800 0.56243800
vt 0.66650000 0.56243800
vt 0.68731300 0.56243800
vt 0.70812500 0.56243800
vt 0.72893800 0.56243800
vt 0.74975000 0.56243800
vt 0.77056300 0.56243800
vt 0.79137500 0.56243800
vt 0.81218800 0.56243800
vt 0.83300000 0.56243800
vt 0.85381300 0.56243800
vt 0.87462500 0.56243800
vt 0.89543800 0.56243800
vt 0.91625000 0.56243800
vt 0.93706300 0.56243800
vt 0.95787500 0.56243800
vt 0.97868800 0.56243800
vt 0.99950000 0.56243800
vt 0.02131200 0.54162500
vt 0.00050000 0.54162500
vt 0.04212500 0.54162500
vt 0.06293700 0.54162500
vt 0.08375000 0.54162500
vt 0.10456200 0.54162500
vt 0.12537500 0.54162500
vt 0.14618700 0.54162500
vt 0.16700000 0.54162500
vt 0.18781200 0.54162500
vt 0.20862500 0.54162500
vt 0.22943700 0.54162500
vt 0.25025000 0.54162500
vt 0.27106200 0.54162500
vt 0.29187500 0.54162500
vt 0.31268700 0.54162500
vt 0.33350000 0.54162500
vt 0.35431200 0.54162500
vt 0.37512500 0.54162500
vt 0.39593700 0.54162500
vt 0.41675000 0.54162500
vt 0.43756200 0.54162500
vt 0.45837500 0.54162500
vt 0.47918700 0.54162500
vt 0.50000000 0.54162500
vt 0.52081300 0.54162500
vt 0.54162500 0.54162500
vt 0.56243800 0.54162500
vt 0.58325000 0.54162500
vt 0.60406300 0.54162500
vt 0.62487500 0.54162500
vt 0.64568800 0.54162500
vt 0.66650000 0.54162500
vt 0.68731300 0.54162500
vt 0.70812500 0.54162500
vt 0.72893800 0.54162500
vt 0.74975000 0.54162500
vt 0.77056300 0.54162500
vt 0.79137500 0.54162500
vt 0.81218800 0.54162500
vt 0.83300000 0.54162500
vt 0.85381300 0.54162500
vt 0.87462500 0.54162500
vt 0.89543800 0.54162500
vt 0.91625000 0.54162500
vt 0.93706300 0.54162500
vt 0.95787500 0.54162500
vt 0.97868800 0.54162500
vt 0.99950000 0.54162500
vt 0.02131200 0.52081200
vt 0.00050000 0.52081200
vt 0.04212500 0.52081200
vt 0.06293700 0.52081200
vt 0.08375000 0.52081200
vt 0.10456200 0.52081200
vt 0.12537500 0.52081200
vt 0.14618700 0.52081200
vt 0.16700000 0.52081200
vt 0.18781200 0.52081200
vt 0.20862500 0.52081200
vt 0.22943700 0.52081200
vt 0.25025000 0.52081200
vt 0.27106200 0.52081300
vt 0.29187500 0.52081300
vt 0.31268700 0.52081300
vt 0.33350000 0.52081300
vt 0.35431200 0.52081300
vt 0.37512500 0.52081300
vt 0.39593700 0.52081300
vt 0.41675000 0.52081300
vt 0.43756200 0.52081300
vt 0.45837500 0.52081300
vt 0.47918700 0.52081300
vt 0.50000000 0.52081300
vt 0.52081300 0.52081300
vt 0.54162500 0.52081300
vt 0.56243800 0.52081300
vt 0.58325000 0.52081300
vt 0.60406300 0.52081300
vt 0.62487500 0.52081300
vt 0.64568800 0.52081300
vt 0.66650000 0.52081300
vt 0.68731300 0.52081300
vt 0.70812500 0.52081300
vt 0.72893800 0.52081300
vt 0.74975000 0.52081300
vt 0.77056300 0.52081300
vt 0.79137500 0.52081300
vt 0.81218800 0.52081300
vt 0.83300000 0.52081300
vt 0.85381300 0.52081300
vt 0.87462500 0.52081300
vt 0.89543800 0.52081300
vt 0.91625000 0.52081300
vt 0.93706300 0.52081300
vt 0.95787500 0.52081300
vt 0.97868800 0.52081300
vt 0.99950000 0.52081300
vt 0.02131200 0.50000000
vt 0.00050000 0.50000000
vt 0.04212500 0.50000000
vt 0.06293700 0.50000000
vt 0.08375000 0.50000000
vt 0.10456200 0.50000000
vt 0.12537500 0.50000000
vt 0.14618700 0.50000000
vt 0.16700000 0.50000000
vt 0.18781200 0.50000000
vt 0.20862500 0.50000000
vt 0.22943700 0.50000000
vt 0.25025000 0.50000000
vt 0.27106200 0.50000000
vt 0.29187500 0.50000000
vt 0.31268700 0.50000000
vt 0.33350000 0.50000000
vt 0.35431200 0.50000000
vt 0.37512500 0.50000000
vt 0.39593700 0.50000000
vt 0.41675000 0.50000000
vt 0.43756200 0.50000000
vt 0.45837500 0.50000000
vt 0.47918700 0.50000000
vt 0.50000000 0.50000000
vt 0.52081300 0.50000000
vt 0.54162500 0.50000000
vt 0.56243800 0.50000000
vt 0.58325000 0.50000000
vt 0.60406300 0.50000000
vt 0.62487500 0.50000000
vt 0.64568800 0.50000000
vt 0.66650000 0.50000000
vt 0.68731300 0.50000000
vt 0.70812500 0.50000000
vt 0.72893800 0.50000000
vt 0.74975000 0.50000000
vt 0.77056300 0.50000000
vt 0.79137500 0.50000000
vt 0.81218800 0.50000000
vt 0.83300000 0.50000000
vt 0.85381300 0.50000000
vt 0.87462500 0.50000000
vt 0.89543800 0.50000000
vt 0.91625000 0.50000000
vt 0.93706300 0.50000000
vt 0.95787500 0.50000000
vt 0.97868800 0.50000000
vt 0.99950000 0.50000000
vt 0.02131200 0.47918700
vt 0.00050000 0.47918700
vt 0.04212500 0.47918700
vt 0.06293700 0.47918700
vt 0.08375000 0.47918700
vt 0.10456200 0.47918700
vt 0.12537500 0.47918700
vt 0.14618700 0.47918700
vt 0.16700000 0.47918700
vt 0.18781200 0.47918700
vt 0.20862500 0.47918700
vt 0.22943700 0.47918700
vt 0.25025000 0.47918700
vt 0.27106200 0.47918700
vt 0.29187500 0.47918700
vt 0.31268700 0.47918700
vt 0.33350000 0.47918700
vt 0.35431200 0.47918700
vt 0.37512500 0.47918700
vt 0.39593700 0.47918700
vt 0.41675000 0.47918700
vt 0.43756200 0.47918700
vt 0.45837500 0.47918700
vt 0.47918700 0.47918700
vt 0.50000000 0.47918700
vt 0.52081300 0.47918700
vt 0.54162500 0.47918700
vt 0.56243800 0.47918700
vt 0.58325000 0.47918700
vt 0.60406300 0.47918700
vt 0.62487500 0.47918700
vt 0.64568800 0.47918700
vt 0.66650000 0.47918700
vt 0.68731300 0.47918800
vt 0.70812500 0.47918800
vt 0.72893800 0.47918800
vt 0.74975000 0.47918800
vt 0.77056300 0.47918800
vt 0.79137500 0.47918800
vt 0.81218800 0.47918800
vt 0.83300000 0.47918800
vt 0.85381300 0.47918800
vt 0.87462500 0.47918800
vt 0.89543800 0.47918800
vt 0.91625000 0.47918800
vt 0.93706300 0.47918800
vt 0.95787500 0.47918800
vt 0.97868800 0.47918800
vt 0.99950000 0.47918800
vt 0.02131200 0.45837500
vt 0.00050000 0.45837500
vt 0.04212500 0.45837500
vt 0.06293700 0.45837500
vt 0.08375000 0.45837500
vt 0.10456200 0.45837500
vt 0.12537500 0.45837500
vt 0.14618700 0.45837500
vt 0.16700000 0.45837500
vt 0.18781200 0.45837500
vt 0.20862500 0.45837500
vt 0.22943700 0.45837500
vt 0.25025000 0.45837500
vt 0.27106200 0.45837500
vt 0.29187500 0.45837500
vt 0.31268700 0.45837500
vt 0.33350000 0.45837500
vt 0.35431200 0.45837500
vt 0.37512500 0.45837500
vt 0.39593700 0.45837500
vt 0.41675000 0.45837500
vt 0.43756200 0.45837500
vt 0.45837500 0.45837500
vt 0.47918700 0.45837500
vt 0.50000000 0.45837500
vt 0.52081300 0.45837500
vt 0.54162500 0.45837500
vt 0.56243800 0.45837500
vt 0.58325000 0.45837500
vt 0.60406300 0.45837500
vt 0.62487500 0.45837500
vt 0.64568800 0.45837500
vt 0.66650000 0.45837500
vt 0.68731300 0.45837500
vt 0.70812500 0.45837500
vt 0.72893800 0.45837500
vt 0.74975000 0.45837500
vt 0.77056300 0.45837500
vt 0.79137500 0.45837500
vt 0.81218800 0.45837500
vt 0.83300000 0.45837500
vt 0.85381300 0.45837500
vt 0.87462500 0.45837500
vt 0.89543800 0.45837500
vt 0.91625000 0.45837500
vt 0.93706300 0.45837500
vt 0.95787500 0.45837500
vt 0.97868800 0.45837500
vt 0.99950000 0.45837500
vt 0.02131200 0.43756200
vt 0.00050000 0.43756200
vt 0.04212500 0.43756200
vt 0.06293700 0.43756200
vt 0.08375000 0.43756200
vt 0.10456200 0.43756200
vt 0.12537500 0.43756200
vt 0.14618700 0.43756200
vt 0.16700000 0.43756200
vt 0.18781200 0.43756200
vt 0.20862500 0.43756200
vt 0.22943700 0.43756200
vt 0.25025000 0.43756200
vt 0.27106200 0.43756200
vt 0.29187500 0.43756200
vt 0.31268700 0.43756200
vt 0.33350000 0.43756200
vt 0.35431200 0.43756200
vt 0.37512500 0.43756200
vt 0.39593700 0.43756200
vt 0.41675000 0.43756200
vt 0.43756200 0.43756200
vt 0.45837500 0.43756200
vt 0.47918700 0.43756200
vt 0.50000000 0.43756200
vt 0.52081300 0.43756200
vt 0.54162500 0.43756200
vt 0.56243800 0.43756200
vt 0.58325000 0.43756200
vt 0.60406300 0.43756200
vt 0.62487500 0.43756200
vt 0.64568800 0.43756200
vt 0.66650000 0.43756200
vt 0.68731300 0.43756200
vt 0.70812500 0.43756200
vt 0.72893800 0.43756200
vt 0.74975000 0.43756200
vt 0.77056300 0.43756200
vt 0.79137500 0.43756300
vt 0.81218800 0.43756300
vt 0.83300000 0.43756300
vt 0.85381300 0.43756300
vt 0.87462500 0.43756300
vt 0.89543800 0.43756300
vt 0.91625000 0.43756300
vt 0.93706300 0.43756300
vt 0.95787500 0.43756300
vt 0.97868800 0.43756300
vt 0.99950000 0.43756300
vt 0.02131200 0.41675000
vt 0.00050000 0.41675000
vt 0.04212500 0.41675000
vt 0.06293700 0.41675000
vt 0.08375000 0.41675000
vt 0.10456200 0.41675000
vt 0.12537500 0.41675000
vt 0.14618700 0.41675000
vt 0.16700000 0.41675000
vt 0.18781200 0.41675000
vt 0.20862500 0.41675000
vt 0.22943700 0.41675000
vt 0.25025000 0.41675000
vt 0.27106200 0.41675000
vt 0.29187500 0.41675000
vt 0.31268700 0.41675000
vt 0.33350000 0.41675000
vt 0.35431200 0.41675000
vt 0.37512500 0.41675000
vt 0.39593700 0.41675000
vt 0.41675000 0.41675000
vt 0.43756200 0.41675000
vt 0.45837500 0.41675000
vt 0.47918700 0.41675000
vt 0.50000000 0.41675000
vt 0.52081300 0.41675000
vt 0.54162500 0.41675000
vt 0.56243800 0.41675000
vt 0.58325000 0.41675000
vt 0.60406300 0.41675000
vt 0.62487500 0.41675000
vt 0.64568800 0.41675000
vt 0.66650000 0.41675000
vt 0.68731300 0.41675000
vt 0.70812500 0.41675000
vt 0.72893800 0.41675000
vt 0.74975000 0.41675000
vt 0.77056300 0.41675000
vt 0.79137500 0.41675000
vt 0.81218800 0.41675000
vt 0.83300000 0.41675000
vt 0.85381300 0.41675000
vt 0.87462500 0.41675000
vt 0.89543800 0.41675000
vt 0.91625000 0.41675000
vt 0.93706300 0.41675000
vt 0.95787500 0.41675000
vt 0.97868800 0.41675000
vt 0.99950000 0.41675000
vt 0.02131200 0.39593700
vt 0.00050000 0.39593700
vt 0.04212500 0.39593700
vt 0.06293700 0.39593700
vt 0.08375000 0.39593700
vt 0.10456200 0.39593700
vt 0.12537500 0.39593700
vt 0.14618700 0.39593700
vt 0.16700000 0.39593700
vt 0.18781200 0.39593700
vt 0.20862500 0.39593700
vt 0.22943700 0.39593700
vt 0.25025000 0.39593700
vt 0.27106200 0.39593700
vt 0.29187500 0.39593700
vt 0.31268700 0.39593700
vt 0.33350000 0.39593700
vt 0.35431200 0.39593700
vt 0.37512500 0.39593700
vt 0.39593700 0.39593700
vt 0.41675000 0.39593700
vt 0.43756200 0.39593700
vt 0.45837500 0.39593700
vt 0.47918700 0.39593700
vt 0.50000000 0.39593700
vt 0.52081300 0.39593700
vt 0.54162500 0.39593700
vt 0.56243800 0.39593700
vt 0.58325000 0.39593700
vt 0.60406300 0.39593700
vt 0.62487500 0.39593700
vt 0.64568800 0.39593700
vt 0.66650000 0.39593700
vt 0.68731300 0.39593700
vt 0.70812500 0.39593700
vt 0.72893800 0.39593700
vt 0.74975000 0.39593700
vt 0.77056300 0.39593700
vt 0.79137500 0.39593700
vt 0.81218800 0.39593700
vt 0.83300000 0.39593700
vt 0.85381300 0.39593700
vt 0.87462500 0.39593700
vt 0.89543800 0.39593800
vt 0.91625000 0.39593800
vt 0.93706300 0.39593800
vt 0.95787500 0.39593800
vt 0.97868800 0.39593800
vt 0.99950000 0.39593800
vt 0.02131200 0.37512500
vt 0.00050000 0.37512500
vt 0.04212500 0.37512500
vt 0.06293700 0.37512500
vt 0.08375000 0.37512500
vt 0.10456200 0.37512500
vt 0.12537500 0.37512500
vt 0.14618700 0.37512500
vt 0.16700000 0.37512500
vt 0.18781200 0.37512500
vt 0.20862500 0.37512500
vt 0.22943700 0.37512500
vt 0.25025000 0.37512500
vt 0.27106200 0.37512500
vt 0.29187500 0.37512500
vt 0.31268700 0.37512500
vt 0.33350000 0.37512500
vt 0.35431200 0.37512500
vt 0.37512500 0.37512500
vt 0.39593700 0.37512500
vt 0.41675000 0.37512500
vt 0.43756200 0.37512500
vt 0.45837500 0.37512500
vt 0.47918800 0.37512500
vt 0.50000000 0.37512500
vt 0.52081300 0.37512500
vt 0.54162500 0.37512500
vt 0.56243800 0.37512500
vt 0.58325000 0.37512500
vt 0.60406300 0.37512500
vt 0.62487500 0.37512500
vt 0.64568800 0.37512500
vt 0.66650000 0.37512500
vt 0.68731300 0.37512500
vt 0.70812500 0.37512500
vt 0.72893800 0.37512500
vt 0.74975000 0.37512500
vt 0.77056300 0.37512500
vt 0.79137500 0.37512500
vt 0.81218800 0.37512500
vt 0.83300000 0.37512500
vt 0.85381300 0.37512500
vt 0.87462500 0.37512500
vt 0.89543800 0.37512500
vt 0.91625000 0.37512500
vt 0.93706300 0.37512500
vt 0.95787500 0.37512500
vt 0.97868800 0.37512500
vt 0.99950000 0.37512500
vt 0.02131200 0.35431200
vt 0.00050000 0.35431200
vt 0.04212500 0.35431200
vt 0.06293700 0.35431200
vt 0.08375000 0.35431200
vt 0.10456200 0.35431200
vt 0.12537500 0.35431200
vt 0.14618700 0.35431200
vt 0.16700000 0.35431200
vt 0.18781200 0.35431200
vt 0.20862500 0.35431200
vt 0.22943700 0.35431200
vt 0.25025000 0.35431200
vt 0.27106200 0.35431200
vt 0.29187500 0.35431200
vt 0.31268700 0.35431200
vt 0.33350000 0.35431200
vt 0.35431200 0.35431200
vt 0.37512500 0.35431200
vt 0.39593700 0.35431200
vt 0.41675000 0.35431200
vt 0.43756200 0.35431200
vt 0.45837500 0.35431200
vt 0.47918800 0.35431200
vt 0.50000000 0.35431200
vt 0.52081300 0.35431200
vt 0.54162500 0.35431200
vt 0.56243800 0.35431200
vt 0.58325000 0.35431200
vt 0.60406300 0.35431200
vt 0.62487500 0.35431200
vt 0.64568800 0.35431200
vt 0.66650000 0.35431200
vt 0.68731300 0.35431200
vt 0.70812500 0.35431200
vt 0.72893800 0.35431200
vt 0.74975000 0.35431200
vt 0.77056300 0.35431200
vt 0.79137500 0.35431200
vt 0.81218800 0.35431200
vt 0.83300000 0.35431200
vt 0.85381300 0.35431200
vt 0.87462500 0.35431200
vt 0.89543800 0.35431200
vt 0.91625000 0.35431200
vt 0.93706300 0.35431200
vt 0.95787500 0.35431200
vt 0.97868800 0.35431200
vt 0.99950000 0.35431200
vt 0.02131200 0.33350000
vt 0.00050000 0.33350000
vt 0.04212500 0.33350000
vt 0.06293700 0.33350000
vt 0.08375000 0.33350000
vt 0.10456200 0.33350000
vt 0.12537500 0.33350000
vt 0.14618700 0.33350000
vt 0.16700000 0.33350000
vt 0.18781200 0.33350000
vt 0.20862500 0.33350000
vt 0.22943700 0.33350000
vt 0.25025000 0.33350000
vt 0.27106200 0.33350000
vt 0.29187500 0.33350000
vt 0.31268700 0.33350000
vt 0.33350000 0.33350000
vt 0.35431200 0.33350000
vt 0.37512500 0.33350000
vt 0.39593700 0.33350000
vt 0.41675000 0.33350000
vt 0.43756200 0.33350000
vt 0.45837500 0.33350000
vt 0.47918800 0.33350000
vt 0.50000000 0.33350000
vt 0.52081300 0.33350000
vt 0.54162500 0.33350000
vt 0.56243800 0.33350000
vt 0.58325000 0.33350000
vt 0.60406300 0.33350000
vt 0.62487500 0.33350000
vt 0.64568800 0.33350000
vt 0.66650000 0.33350000
vt 0.68731300 0.33350000
vt 0.70812500 0.33350000
vt 0.72893800 0.33350000
vt 0.74975000 0.33350000
vt 0.77056300 0.33350000
vt 0.79137500 0.33350000
vt 0.81218800 0.33350000
vt 0.83300000 0.33350000
vt 0.85381300 0.33350000
vt 0.87462500 0.33350000
vt 0.89543800 0.33350000
vt 0.91625000 0.33350000
vt 0.93706300 0.33350000
vt 0.95787500 0.33350000
vt 0.97868800 0.33350000
vt 0.99950000 0.33350000
vt 0.02131200 0.31268700
vt 0.00050000 0.31268700
vt 0.04212500 0.31268700
vt 0.06293700 0.31268700
vt 0.08375000 0.31268700
vt 0.10456200 0.31268700
vt 0.12537500 0.31268700
vt 0.14618700 0.31268700
vt 0.16700000 0.31268700
vt 0.18781200 0.31268700
vt 0.20862500 0.31268700
vt 0.22943700 0.31268700
vt 0.25025000 0.31268700
vt 0.27106200 0.31268700
vt 0.29187500 0.31268700
vt 0.31268700 0.31268700
vt 0.33350000 0.31268700
vt 0.35431200 0.31268700
vt 0.37512500 0.31268700
vt 0.39593700 0.31268700
vt 0.41675000 0.31268700
vt 0.43756200 0.31268700
vt 0.45837500 0.31268700
vt 0.47918800 0.31268700
vt 0.50000000 0.31268700
vt 0.52081300 0.31268700
vt 0.54162500 0.31268700
vt 0.56243800 0.31268700
vt 0.58325000 0.31268700
vt 0.60406300 0.31268700
vt 0.62487500 0.31268700
vt 0.64568800 0.31268700
vt 0.66650000 0.31268700
vt 0.68731300 0.31268700
vt 0.70812500 0.31268700
vt 0.72893800 0.31268700
vt 0.74975000 0.31268700
vt 0.77056300 0.31268700
vt 0.79137500 0.31268700
vt 0.81218800 0.31268700
vt 0.83300000 0.31268700
vt 0.85381300 0.31268700
vt 0.87462500 0.31268700
vt 0.89543800 0.31268700
vt 0.91625000 0.31268700
vt 0.93706300 0.31268700
vt 0.95787500 0.31268700
vt 0.97868800 0.31268700
vt 0.99950000 0.31268700
vt 0.02131200 0.29187500
vt 0.00050000 0.29187500
vt 0.04212500 0.29187500
vt 0.06293700 0.29187500
vt 0.08375000 0.29187500
vt 0.10456200 0.29187500
vt 0.12537500 0.29187500
vt 0.14618700 0.29187500
vt 0.16700000 0.29187500
vt 0.18781200 0.29187500
vt 0.20862500 0.29187500
vt 0.22943700 0.29187500
vt 0.25025000 0.29187500
vt 0.27106200 0.29187500
vt 0.29187500 0.29187500
vt 0.31268700 0.29187500
vt 0.33350000 0.29187500
vt 0.35431200 0.29187500
vt 0.37512500 0.29187500
vt 0.39593700 0.29187500
vt 0.41675000 0.29187500
vt 0.43756200 0.29187500
vt 0.45837500 0.29187500
vt 0.47918800 0.29187500
vt 0.50000000 0.29187500
vt 0.52081300 0.29187500
vt 0.54162500 0.29187500
vt 0.56243800 0.29187500
vt 0.58325000 0.29187500
vt 0.60406300 0.29187500
vt 0.62487500 0.29187500
vt 0.64568800 0.29187500
vt 0.66650000 0.29187500
vt 0.68731300 0.29187500
vt 0.70812500 0.29187500
vt 0.72893800 0.29187500
vt 0.74975000 0.29187500
vt 0.77056300 0.29187500
vt 0.79137500 0.29187500
vt 0.81218800 0.29187500
vt 0.83300000 0.29187500
vt 0.85381300 0.29187500
vt 0.87462500 0.29187500
vt 0.89543800 0.29187500
vt 0.91625000 0.29187500
vt 0.93706300 0.29187500
vt 0.95787500 0.29187500
vt 0.97868800 0.29187500
vt 0.99950000 0.29187500
vt 0.02131200 0.27106200
vt 0.00050000 0.27106200
vt 0.04212500 0.27106200
vt 0.06293700 0.27106200
vt 0.08375000 0.27106200
vt 0.10456200 0.27106200
vt 0.12537500 0.27106200
vt 0.14618700 0.27106200
vt 0.16700000 0.27106200
vt 0.18781200 0.27106200
vt 0.20862500 0.27106200
vt 0.22943700 0.27106200
vt 0.25025000 0.27106200
vt 0.27106200 0.27106200
vt 0.29187500 0.27106200
vt 0.31268700 0.27106200
vt 0.33350000 0.27106200
vt 0.35431200 0.27106200
vt 0.37512500 0.27106200
vt 0.39593700 0.27106200
vt 0.41675000 0.27106200
vt 0.43756200 0.27106200
vt 0.45837500 0.27106200
vt 0.47918800 0.27106200
vt 0.50000000 0.27106200
vt 0.52081300 0.27106200
vt 0.54162500 0.27106200
vt 0.56243800 0.27106200
vt 0.58325000 0.27106200
vt 0.60406300 0.27106200
vt 0.62487500 0.27106200
vt 0.64568800 0.27106200
vt 0.66650000 0.27106200
vt 0.68731300 0.27106200
vt 0.70812500 0.27106200
vt 0.72893800 0.27106200
vt 0.74975000 0.27106200
vt 0.77056300 0.27106200
vt 0.79137500 0.27106200
vt 0.81218800 0.27106200
vt 0.83300000 0.27106200
vt 0.85381300 0.27106200
vt 0.87462500 0.27106200
vt 0.89543800 0.27106200
vt 0.91625000 0.27106200
vt 0.93706300 0.27106200
vt 0.95787500 0.27106200
vt 0.97868800 0.27106200
vt 0.99950000 0.27106200
vt 0.02131200 0.25025000
vt 0.00050000 0.25025000
vt 0.04212500 0.25025000
vt 0.06293700 0.25025000
vt 0.08375000 0.25025000
vt 0.10456200 0.25025000
vt 0.12537500 0.25025000
vt 0.14618700 0.25025000
vt 0.16700000 0.25025000
vt 0.18781200 0.25025000
vt 0.20862500 0.25025000
vt 0.22943700 0.25025000
vt 0.25025000 0.25025000
vt 0.27106200 0.25025000
vt 0.29187500 0.25025000
vt 0.31268700 0.25025000
vt 0.33350000 0.25025000
vt 0.35431200 0.25025000
vt 0.37512500 0.25025000
vt 0.39593700 0.25025000
vt 0.41675000 0.25025000
vt 0.43756200 0.25025000
vt 0.45837500 0.25025000
vt 0.47918800 0.25025000
vt 0.50000000 0.25025000
vt 0.52081300 0.25025000
vt 0.54162500 0.25025000
vt 0.56243800 0.25025000
vt 0.58325000 0.25025000
vt 0.60406300 0.25025000
vt 0.62487500 0.25025000
vt 0.64568800 0.25025000
vt 0.66650000 0.25025000
vt 0.68731300 0.25025000
vt 0.70812500 0.25025000
vt 0.72893800 0.25025000
vt 0.74975000 0.25025000
vt 0.77056300 0.25025000
vt 0.79137500 0.25025000
vt 0.81218800 0.25025000
vt 0.83300000 0.25025000
vt 0.85381300 0.25025000
vt 0.87462500 0.25025000
vt 0.89543800 0.25025000
vt 0.91625000 0.25025000
vt 0.93706300 0.25025000
vt 0.95787500 0.25025000
vt 0.97868800 0.25025000
vt 0.99950000 0.25025000
vt 0.02131200 0.22943700
vt 0.00050000 0.22943700
vt 0.04212500 0.22943700
vt 0.06293700 0.22943700
vt 0.08375000 0.22943700
vt 0.10456200 0.22943700
vt 0.12537500 0.22943700
vt 0.14618700 0.22943700
vt 0.16700000 0.22943700
vt 0.18781200 0.22943700
vt 0.20862500 0.22943700
vt 0.22943700 0.22943700
vt 0.25025000 0.22943700
vt 0.27106200 0.22943700
vt 0.29187500 0.22943700
vt 0.31268700 0.22943700
vt 0.33350000 0.22943700
vt 0.35431200 0.22943700
vt 0.37512500 0.22943700
vt 0.39593700 0.22943700
vt 0.41675000 0.22943700
vt 0.43756200 0.22943700
vt 0.45837500 0.22943700
vt 0.47918800 0.22943700
vt 0.50000000 0.22943700
vt 0.52081300 0.22943700
vt 0.54162500 0.22943700
vt 0.56243800 0.22943700
vt 0.58325000 0.22943700
vt 0.60406300 0.22943700
vt 0.62487500 0.22943700
vt 0.64568800 0.22943700
vt 0.66650000 0.22943700
vt 0.68731300 0.22943700
vt 0.70812500 0.22943700
vt 0.72893800 0.22943700
vt 0.74975000 0.22943700
vt 0.77056300 0.22943700
vt 0.79137500 0.22943700
vt 0.81218800 0.22943700
vt 0.83300000 0.22943700
vt 0.85381300 0.22943700
vt 0.87462500 0.22943700
vt 0.89543800 0.22943700
vt 0.91625000 0.22943700
vt 0.93706300 0.22943700
vt 0.95787500 0.22943700
vt 0.97868800 0.22943700
vt 0.99950000 0.22943700
vt 0.02131200 0.20862500
vt 0.00050000 0.20862500
vt 0.04212500 0.20862500
vt 0.06293700 0.20862500
vt 0.08375000 0.20862500
vt 0.10456200 0.20862500
vt 0.12537500 0.20862500
vt 0.14618700 0.20862500
vt 0.16700000 0.20862500
vt 0.18781200 0.20862500
vt 0.20862500 0.20862500
vt 0.22943700 0.20862500
vt 0.25025000 0.20862500
vt 0.27106200 0.20862500
vt 0.29187500 0.20862500
vt 0.31268700 0.20862500
vt 0.33350000 0.20862500
vt 0.35431200 0.20862500
vt 0.37512500 0.20862500
vt 0.39593700 0.20862500
vt 0.41675000 0.20862500
vt 0.43756200 0.20862500
vt 0.45837500 0.20862500
vt 0.47918800 0.20862500
vt 0.50000000 0.20862500
vt 0.52081300 0.20862500
vt 0.54162500 0.20862500
vt 0.56243800 0.20862500
vt 0.58325000 0.20862500
vt 0.60406300 0.20862500
vt 0.62487500 0.20862500
vt 0.64568800 0.20862500
vt 0.66650000 0.20862500
vt 0.68731300 0.20862500
vt 0.70812500 0.20862500
vt 0.72893800 0.20862500
vt 0.74975000 0.20862500
vt 0.77056300 0.20862500
vt 0.79137500 0.20862500
vt 0.81218800 0.20862500
vt 0.83300000 0.20862500
vt 0.85381300 0.20862500
vt 0.87462500 0.20862500
vt 0.89543800 0.20862500
vt 0.91625000 0.20862500
vt 0.93706300 0.20862500
vt 0.95787500 0.20862500
vt 0.97868800 0.20862500
vt 0.99950000 0.20862500
vt 0.02131200 0.18781200
vt 0.00050000 0.18781200
vt 0.04212500 0.18781200
vt 0.06293700 0.18781200
vt 0.08375000 0.18781200
vt 0.10456200 0.18781200
vt 0.12537500 0.18781200
vt 0.14618700 0.18781200
vt 0.16700000 0.18781200
vt 0.18781200 0.18781200
vt 0.20862500 0.18781200
vt 0.22943700 0.18781200
vt 0.25025000 0.18781200
vt 0.27106200 0.18781200
vt 0.29187500 0.18781200
vt 0.31268700 0.18781200
vt 0.33350000 0.18781200
vt 0.35431200 0.18781200
vt 0.37512500 0.18781200
vt 0.39593700 0.18781200
vt 0.41675000 0.18781200
vt 0.43756200 0.18781200
vt 0.45837500 0.18781200
vt 0.47918800 0.18781200
vt 0.50000000 0.18781200
vt 0.52081300 0.18781200
vt 0.54162500 0.18781200
vt 0.56243800 0.18781200
vt 0.58325000 0.18781200
vt 0.60406300 0.18781200
vt 0.62487500 0.18781200
vt 0.64568800 0.18781200
vt 0.66650000 0.18781200
vt 0.68731300 0.18781200
vt 0.70812500 0.18781200
vt 0.72893800 0.18781200
vt 0.74975000 0.18781200
vt 0.77056300 0.18781200
vt 0.79137500 0.18781200
vt 0.81218800 0.18781200
vt 0.83300000 0.18781200
vt 0.85381300 0.18781200
vt 0.87462500 0.18781200
vt 0.89543800 0.18781200
vt 0.91625000 0.18781200
vt 0.93706300 0.18781200
vt 0.95787500 0.18781200
vt 0.97868800 0.18781200
vt 0.99950000 0.18781200
vt 0.02131200 0.16700000
vt 0.00050000 0.16700000
vt 0.04212500 0.16700000
vt 0.06293700 0.16700000
vt 0.08375000 0.16700000
vt 0.10456200 0.16700000
vt 0.12537500 0.16700000
vt 0.14618700 0.16700000
vt 0.16700000 0.16700000
vt 0.18781200 0.16700000
vt 0.20862500 0.16700000
vt 0.22943700 0.16700000
vt 0.25025000 0.16700000
vt 0.27106200 0.16700000
vt 0.29187500 0.16700000
vt 0.31268700 0.16700000
vt 0.33350000 0.16700000
vt 0.35431200 0.16700000
vt 0.37512500 0.16700000
vt 0.39593700 0.16700000
vt 0.41675000 0.16700000
vt 0.43756200 0.16700000
vt 0.45837500 0.16700000
vt 0.47918800 0.16700000
vt 0.50000000 0.16700000
vt 0.52081300 0.16700000
vt 0.54162500 0.16700000
vt 0.56243800 0.16700000
vt 0.58325000 0.16700000
vt 0.60406300 0.16700000
vt 0.62487500 0.16700000
vt 0.64568800 0.16700000
vt 0.66650000 0.16700000
vt 0.68731300 0.16700000
vt 0.70812500 0.16700000
vt 0.72893800 0.16700000
vt 0.74975000 0.16700000
vt 0.77056300 0.16700000
vt 0.79137500 0.16700000
vt 0.81218800 0.16700000
vt 0.83300000 0.16700000
vt 0.85381300 0.16700000
vt 0.87462500 0.16700000
vt 0.89543800 0.16700000
vt 0.91625000 0.16700000
vt 0.93706300 0.16700000
vt 0.95787500 0.16700000
vt 0.97868800 0.16700000
vt 0.99950100 0.16700000
vt 0.02131200 0.14618700
vt 0.00050000 0.14618700
vt 0.04212500 0.14618700
vt 0.06293700 0.14618700
vt 0.08375000 0.14618700
vt 0.10456200 0.14618700
vt 0.12537500 0.14618700
vt 0.14618700 0.14618700
vt 0.16700000 0.14618700
vt 0.18781200 0.14618700
vt 0.20862500 0.14618700
vt 0.22943700 0.14618700
vt 0.25025000 0.14618700
vt 0.27106200 0.14618700
vt 0.29187500 0.14618700
vt 0.31268700 0.14618700
vt 0.33350000 0.14618700
vt 0.35431200 0.14618700
vt 0.37512500 0.14618700
vt 0.39593700 0.14618700
vt 0.41675000 0.14618700
vt 0.43756300 0.14618700
vt 0.45837500 0.14618700
vt 0.47918800 0.14618700
vt 0.50000000 0.14618700
vt 0.52081300 0.14618700
vt 0.54162500 0.14618700
vt 0.56243800 0.14618700
vt 0.58325000 0.14618700
vt 0.60406300 0.14618700
vt 0.62487500 0.14618700
vt 0.64568800 0.14618700
vt 0.66650000 0.14618700
vt 0.68731300 0.14618700
vt 0.70812500 0.14618700
vt 0.72893800 0.14618700
vt 0.74975000 0.14618700
vt 0.77056300 0.14618700
vt 0.79137500 0.14618700
vt 0.81218800 0.14618700
vt 0.83300000 0.14618700
vt 0.85381300 0.14618700
vt 0.87462500 0.14618700
vt 0.89543800 0.14618700
vt 0.91625000 0.14618700
vt 0.93706300 0.14618700
vt 0.95787500 0.14618700
vt 0.97868800 0.14618700
vt 0.99950100 0.14618700
vt 0.02131200 0.12537500
vt 0.00050000 0.12537500
vt 0.04212500 0.12537500
vt 0.06293700 0.12537500
vt 0.08375000 0.12537500
vt 0.10456200 0.12537500
vt 0.12537500 0.12537500
vt 0.14618700 0.12537500
vt 0.16700000 0.12537500
vt 0.18781200 0.12537500
vt 0.20862500 0.12537500
vt 0.22943700 0.12537500
vt 0.25025000 0.12537500
vt 0.27106200 0.12537500
vt 0.29187500 0.12537500
vt 0.31268700 0.12537500
vt 0.33350000 0.12537500
vt 0.35431200 0.12537500
vt 0.37512500 0.12537500
vt 0.39593700 0.12537500
vt 0.41675000 0.12537500
vt 0.43756300 0.12537500
vt 0.45837500 0.12537500
vt 0.47918800 0.12537500
vt 0.50000000 0.12537500
vt 0.52081300 0.12537500
vt 0.54162500 0.12537500
vt 0.56243800 0.12537500
vt 0.58325000 0.12537500
vt 0.60406300 0.12537500
vt 0.62487500 0.12537500
vt 0.64568800 0.12537500
vt 0.66650000 0.12537500
vt 0.68731300 0.12537500
vt 0.70812500 0.12537500
vt 0.72893800 0.12537500
vt 0.74975000 0.12537500
vt 0.77056300 0.12537500
vt 0.79137500 0.12537500
vt 0.81218800 0.12537500
vt 0.83300000 0.12537500
vt 0.85381300 0.12537500
vt 0.87462600 0.12537500
vt 0.89543800 0.12537500
vt 0.91625000 0.12537500
vt 0.93706300 0.12537500
vt 0.95787500 0.12537500
vt 0.97868800 0.12537500
vt 0.99950100 0.12537500
vt 0.02131200 0.10456200
vt 0.00050000 0.10456200
vt 0.04212500 0.10456200
vt 0.06293700 0.10456200
vt 0.08375000 0.10456200
vt 0.10456200 0.10456200
vt 0.12537500 0.10456200
vt 0.14618700 0.10456200
vt 0.16700000 0.10456200
vt 0.18781200 0.10456200
vt 0.20862500 0.10456200
vt 0.22943700 0.10456200
vt 0.25025000 0.10456200
vt 0.27106200 0.10456200
vt 0.29187500 0.10456200
vt 0.31268700 0.10456200
vt 0.33350000 0.10456200
vt 0.35431200 0.10456200
vt 0.37512500 0.10456200
vt 0.39593700 0.10456200
vt 0.41675000 0.10456200
vt 0.43756300 0.10456200
vt 0.45837500 0.10456200
vt 0.47918800 0.10456200
vt 0.50000000 0.10456200
vt 0.52081300 0.10456200
vt 0.54162500 0.10456200
vt 0.56243800 0.10456200
vt 0.58325000 0.10456200
vt 0.60406300 0.10456200
vt 0.62487500 0.10456200
vt 0.64568800 0.10456200
vt 0.66650000 0.10456200
vt 0.68731300 0.10456200
vt 0.70812500 0.10456200
vt 0.72893800 0.10456200
vt 0.74975000 0.10456200
vt 0.77056300 0.10456200
vt 0.79137500 0.10456200
vt 0.81218800 0.10456200
vt 0.83300000 0.10456200
vt 0.85381300 0.10456200
vt 0.87462500 0.10456200
vt 0.89543800 0.10456200
vt 0.91625000 0.10456200
vt 0.93706300 0.10456200
vt 0.95787500 0.10456200
vt 0.97868800 0.10456200
vt 0.99950100 0.10456200
vt 0.02131200 0.08375000
vt 0.00050000 0.08375000
vt 0.04212500 0.08375000
vt 0.06293700 0.08375000
vt 0.08375000 0.08375000
vt 0.10456200 0.08375000
vt 0.12537500 0.08375000
vt 0.14618700 0.08375000
vt 0.16700000 0.08375000
vt 0.18781200 0.08375000
vt 0.20862500 0.08375000
vt 0.22943700 0.08375000
vt 0.25025000 0.08375000
vt 0.27106200 0.08375000
vt 0.29187500 0.08375000
vt 0.31268700 0.08375000
vt 0.33350000 0.08375000
vt 0.35431200 0.08375000
vt 0.37512500 0.08375000
vt 0.39593700 0.08375000
vt 0.41675000 0.08375000
vt 0.43756300 0.08375000
vt 0.45837500 0.08375000
vt 0.47918800 0.08375000
vt 0.50000000 0.08375000
vt 0.52081300 0.08375000
vt 0.54162500 0.08375000
vt 0.56243800 0.08375000
vt 0.58325000 0.08375000
vt 0.60406300 0.08375000
vt 0.62487500 0.08375000
vt 0.64568800 0.08375000
vt 0.66650000 0.08375000
vt 0.68731300 0.08375000
vt 0.70812500 0.08375000
vt 0.72893800 0.08375000
vt 0.74975000 0.08375000
vt 0.77056300 0.08375000
vt 0.79137500 0.08375000
vt 0.81218800 0.08375000
vt 0.83300000 0.08375000
vt 0.85381300 0.08375000
vt 0.87462500 0.08375000
vt 0.89543800 0.08375000
vt 0.91625000 0.08375000
vt 0.93706300 0.08375000
vt 0.95787500 0.08375000
vt 0.97868800 0.08375000
vt 0.99950100 0.08375000
vt 0.02131200 0.06293700
vt 0.00050000 0.06293700
vt 0.04212500 0.06293700
vt 0.06293700 0.06293700
vt 0.08375000 0.06293700
vt 0.10456200 0.06293700
vt 0.12537500 0.06293700
vt 0.14618700 0.06293700
vt 0.16700000 0.06293700
vt 0.18781200 0.06293700
vt 0.20862500 0.06293700
vt 0.22943700 0.06293700
vt 0.25025000 0.06293700
vt 0.27106200 0.06293700
vt 0.29187500 0.06293700
vt 0.31268700 0.06293700
vt 0.33350000 0.06293700
vt 0.35431200 0.06293700
vt 0.37512500 0.06293700
vt 0.39593800 0.06293700
vt 0.41675000 0.06293700
vt 0.43756300 0.06293700
vt 0.45837500 0.06293700
vt 0.47918800 0.06293700
vt 0.50000000 0.06293700
vt 0.52081300 0.06293700
vt 0.54162500 0.06293700
vt 0.56243800 0.06293700
vt 0.58325000 0.06293700
vt 0.60406300 0.06293700
vt 0.62487500 0.06293700
vt 0.64568800 0.06293700
vt 0.66650000 0.06293700
vt 0.68731300 0.06293700
vt 0.70812500 0.06293700
vt 0.72893800 0.06293700
vt 0.74975000 0.06293700
vt 0.77056300 0.06293700
vt 0.79137500 0.06293700
vt 0.81218800 0.06293700
vt 0.83300000 0.06293700
vt 0.85381300 0.06293700
vt 0.87462500 0.06293700
vt 0.89543800 0.06293700
vt 0.91625000 0.06293700
vt 0.93706300 0.06293700
vt 0.95787500 0.06293700
vt 0.97868800 0.06293700
vt 0.99950100 0.06293700
vt 0.02131200 0.04212500
vt 0.00050000 0.04212500
vt 0.04212500 0.04212500
vt 0.06293700 0.04212500
vt 0.08375000 0.04212500
vt 0.10456200 0.04212500
vt 0.12537500 0.04212500
vt 0.14618700 0.04212500
vt 0.16700000 0.04212500
vt 0.18781200 0.04212500
vt 0.20862500 0.04212500
vt 0.22943700 0.04212500
vt 0.25025000 0.04212500
vt 0.27106200 0.04212500
vt 0.29187500 0.04212500
vt 0.31268700 0.04212500
vt 0.33350000 0.04212500
vt 0.35431200 0.04212500
vt 0.37512500 0.04212500
vt 0.39593800 0.04212500
vt 0.41675000 0.04212500
vt 0.43756300 0.04212500
vt 0.45837500 0.04212500
vt 0.47918800 0.04212500
vt 0.50000000 0.04212500
vt 0.52081300 0.04212500
vt 0.54162500 0.04212500
vt 0.56243800 0.04212500
vt 0.58325000 0.04212500
vt 0.60406300 0.04212500
vt 0.62487500 0.04212500
vt 0.64568800 0.04212500
vt 0.66650000 0.04212500
vt 0.68731300 0.04212500
vt 0.70812500 0.04212500
vt 0.72893800 0.04212500
vt 0.74975000 0.04212500
vt 0.77056300 0.04212500
vt 0.79137500 0.04212500
vt 0.81218800 0.04212500
vt 0.83300000 0.04212500
vt 0.85381300 0.04212500
vt 0.87462500 0.04212500
vt 0.89543800 0.04212500
vt 0.91625000 0.04212500
vt 0.93706300 0.04212500
vt 0.95787500 0.04212500
vt 0.97868800 0.04212500
vt 0.99950100 0.04212500
vt 0.02131200 0.02131200
vt 0.00050000 0.02131200
vt 0.04212500 0.02131200
vt 0.06293700 0.02131200
vt 0.08375000 0.02131200
vt 0.10456200 0.02131200
vt 0.12537500 0.02131200
vt 0.14618700 0.02131200
vt 0.16700000 0.02131200
vt 0.18781200 0.02131200
vt 0.20862500 0.02131200
vt 0.22943700 0.02131200
vt 0.25025000 0.02131200
vt 0.27106200 0.02131200
vt 0.29187500 0.02131200
vt 0.31268700 0.02131200
vt 0.33350000 0.02131200
vt 0.35431200 0.02131200
vt 0.37512500 0.02131200
vt 0.39593800 0.02131200
vt 0.41675000 0.02131200
vt 0.43756300 0.02131200
vt 0.45837500 0.02131200
vt 0.47918800 0.02131200
vt 0.50000000 0.02131200
vt 0.52081300 0.02131200
vt 0.54162500 0.02131200
vt 0.56243800 0.02131200
vt 0.58325000 0.02131200
vt 0.60406300 0.02131200
vt 0.62487500 0.02131200
vt 0.64568800 0.02131200
vt 0.66650000 0.02131200
vt 0.68731300 0.02131200
vt 0.70812500 0.02131200
vt 0.72893800 0.02131200
vt 0.74975000 0.02131200
vt 0.77056300 0.02131200
vt 0.79137500 0.02131200
vt 0.81218800 0.02131200
vt 0.83300000 0.02131200
vt 0.85381300 0.02131200
vt 0.87462500 0.02131200
vt 0.89543800 0.02131200
vt 0.91625000 0.02131200
vt 0.93706300 0.02131200
vt 0.95787500 0.02131200
vt 0.97868800 0.02131200
vt 0.99950100 0.02131200
vt 0.02131200 0.00049900
vt 0.00050000 0.00049900
vt 0.04212500 0.00049900
vt 0.06293700 0.00049900
vt 0.08375000 0.00049900
vt 0.10456200 0.00049900
vt 0.12537500 0.00049900
vt 0.14618700 0.00049900
vt 0.16700000 0.00049900
vt 0.18781200 0.00050000
vt 0.20862500 0.00050000
vt 0.22943700 0.00050000
vt 0.25025000 0.00050000
vt 0.27106200 0.00050000
vt 0.29187500 0.00050000
vt 0.31268700 0.00050000
vt 0.33350000 0.00050000
vt 0.35431200 0.00050000
vt 0.37512500 0.00050000
vt 0.39593800 0.00050000
vt 0.41675000 0.00050000
vt 0.43756300 0.00050000
vt 0.45837500 0.00050000
vt 0.47918800 0.00050000
vt 0.50000000 0.00050000
vt 0.52081300 0.00050000
vt 0.54162500 0.00050000
vt 0.56243800 0.00050000
vt 0.58325000 0.00050000
vt 0.60406300 0.00050000
vt 0.62487500 0.00050000
vt 0.64568800 0.00050000
vt 0.66650000 0.00050000
vt 0.68731300 0.00050000
vt 0.70812500 0.00050000
vt 0.72893800 0.00050000
vt 0.74975000 0.00050000
vt 0.77056300 0.00050000
vt 0.79137500 0.00050000
vt 0.81218800 0.00050000
vt 0.83300000 0.00050000
vt 0.85381300 0.00050000
vt 0.87462500 0.00050000
vt 0.89543800 0.00050000
vt 0.91625000 0.00050000
vt 0.93706300 0.00050000
vt 0.95787500 0.00050000
vt 0.97868800 0.00050000
vt 0.99950100 0.00050000
f 1/1/1 2/2/2 3/3/3
f 1/1/1 3/3/3 4/4/4
f 2/2/2 5/5/5 6/6/6
f 2/2/2 6/6/6 3/3/3
f 5/5/5 7/7/7 8/8/8
f 5/5/5 8/8/8 6/6/6
f 7/7/7 9/9/9 10/10/10
f 7/7/7 10/10/10 8/8/8
f 9/9/9 11/11/11 12/12/12
f 9/9/9 12/12/12 10/10/10
f 11/11/11 13/13/13 14/14/14
f 11/11/11 14/14/14 12/12/12
f 13/13/13 15/15/15 16/16/16
f 13/13/13 16/16/16 14/14/14
f 15/15/15 17/17/17 18/18/18
f 15/15/15 18/18/18 16/16/16
f 17/17/17 19/19/19 20/20/20
f 17/17/17 20/20/20 18/18/18
f 19/19/19 21/21/21 22/22/22
f 19/19/19 22/22/22 20/20/20
f 21/21/21 23/23/23 24/24/24
f 21/21/21 24/24/24 22/22/22
f 23/23/23 25/25/25 26/26/26
f 23/23/23 26/26/26 24/24/24
f 25/25/25 27/27/27 28/28/28
f 25/25/25 28/28/28 26/26/26
f 27/27/27 29/29/29 30/30/30
f 27/27/27 30/30/30 28/28/28
f 29/29/29 31/31/31 32/32/32
f 29/29/29 32/32/32 30/30/30
f 31/31/31 33/33/33 34/34/34
f 31/31/31 34/34/34 32/32/32
f 33/33/33 35/35/35 36/36/36
f 33/33/33 36/36/36 34/34/34
f 35/35/35 37/37/37 38/38/38
f 35/35/35 38/38/38 36/36/36
f 37/37/37 39/39/39 40/40/40
f 37/37/37 40/40/40 38/38/38
f 39/39/39 41/41/41 42/42/42
f 39/39/39 42/42/42 40/40/40
f 41/41/41 43/43/43 44/44/44
f 41/41/41 44/44/44 42/42/42
f 43/43/43 45/45/45 46/46/46
f 43/43/43 46/46/46 44/44/44
f 45/45/45 47/47/47 48/48/48
f 45/45/45 48/48/48 46/46/46
f 47/47/47 49/49/49 50/50/50
f 47/47/47 50/50/50 48/48/48
f 49/49/49 51/51/51 52/52/52
f 49/49/49 52/52/52 50/50/50
f 51/51/51 53/53/53 54/54/54
f 51/51/51 54/54/54 52/52/52
f 53/53/53 55/55/55 56/56/56
f 53/53/53 56/56/56 54/54/54
f 55/55/55 57/57/57 58/58/58
f 55/55/55 58/58/58 56/56/56
f 57/57/57 59/59/59 60/60/60
f 57/57/57 60/60/60 58/58/58
f 59/59/59 61/61/61 62/62/62
f 59/59/59 62/62/62 60/60/60
f 61/61/61 63/63/63 64/64/64
f 61/61/61 64/64/64 62/62/62
f 63/63/63 65/65/65 66/66/66
f 63/63/63 66/66/66 64/64/64
f 65/65/65 67/67/67 68/68/68
f 65/65/65 68/68/68 66/66/66
f 67/67/67 69/69/69 70/70/70
f 67/67/67 70/70/70 68/68/68
f 69/69/69 71/71/71 72/72/72
f 69/69/69 72/72/72 70/70/70
f 71/71/71 73/73/73 74/74/74
f 71/71/71 74/74/74 72/72/72
f 73/73/73 75/75/75 76/76/76
f 73/73/73 76/76/76 74/74/74
f 75/75/75 77/77/77 78/78/78
f 75/75/75 78/78/78 76/76/76
f 77/77/77 79/79/79 80/80/80
f 77/77/77 80/80/80 78/78/78
f 79/79/79 81/81/81 82/82/82
f 79/79/79 82/82/82 80/80/80
f 81/81/81 83/83/83 84/84/84
f 81/81/81 84/84/84 82/82/82
f 83/83/83 85/85/85 86/86/86
f 83/83/83 86/86/86 84/84/84
f 85/85/85 87/87/87 88/88/88
f 85/85/85 88/88/88 86/86/86
f 87/87/87 89/89/89 90/90/90
f 87/87/87 90/90/90 88/88/88
f 89/89/89 91/91/91 92/92/92
f 89/89/89 92/92/92 90/90/90
f 91/91/91 93/93/93 94/94/94
f 91/91/91 94/94/94 92/92/92
f 93/93/93 95/95/95 96/96/96
f 93/93/93 96/96/96 94/94/94
f 95/95/95 97/97/97 98/98/98
f 95/95/95 98/98/98 96/96/96
f 4/4/4 3/3/3 99/99/99
f 4/4/4 99/99/99 100/100/100
f 3/3/3 6/6/6 101/101/101
f 3/3/3 101/101/101 99/99/99
f 6/6/6 8/8/8 102/102/102
f 6/6/6 102/102/102 101/101/101
f 8/8/8 10/10/10 103/103/103
f 8/8/8 103/103/103 102/102/102
f 10/10/10 12/12/12 104/104/104
f 10/10/10 104/104/104 103/103/103
f 12/12/12 14/14/14 105/105/105
f 12/12/12 105/105/105 104/104/104
f 14/14/14 16/16/16 106/106/106
f 14/14/14 106/106/106 105/105/105
f 16/16/16 18/18/18 107/107/107
f 16/16/16 107/107/107 106/106/106
f 18/18/18 20/20/20 108/108/108
f 18/18/18 108/108/108 107/107/107
f 20/20/20 22/22/22 109/109/109
f 20/20/20 109/109/109 108/108/108
f 22/22/22 24/24/24 110/110/110
f 22/22/22 110/110/110 109/109/109
f 24/24/24 26/26/26 111/111/111
f 24/24/24 111/111/111 110/110/110
f 26/26/26 28/28/28 112/112/112
f 26/26/26 112/112/112 111/111/111
f 28/28/28 30/30/30 113/113/113
f 28/28/28 113/113/113 112/112/112
f 30/30/30 32/32/32 114/114/114
f 30/30/30 114/114/114 113/113/113
f 32/32/32 34/34/34 115/115/115
f 32/32/32 115/115/115 114/114/114
f 34/34/34 36/36/36 116/116/116
f 34/34/34 116/116/116 115/115/115
f 36/36/36 38/38/38 117/117/117
f 36/36/36 117/117/117 116/116/116
f 38/38/38 40/40/40 118/118/118
f 38/38/38 118/118/118 117/117/117
f 40/40/40 42/42/42 119/119/119
f 40/40/40 119/119/119 118/118/118
f 42/42/42 44/44/44 120/120/120
f 42/42/42 120/120/120 119/119/119
f 44/44/44 46/46/46 121/121/121
f 44/44/44 121/121/121 120/120/120
f 46/46/46 48/48/48 122/122/122
f 46/46/46 122/122/122 121/121/121
f 48/48/48 50/50/50 123/123/123
f 48/48/48 123/123/123 122/122/122
f 50/50/50 52/52/52 124/124/124
f 50/50/50 124/124/124 123/123/123
f 52/52/52 54/54/54 125/125/125
f 52/52/52 125/125/125 124/124/124
f 54/54/54 56/56/56 126/126/126
f 54/54/54 126/126/126 125/125/125
f 56/56/56 58/58/58 127/127/127
f 56/56/56 127/127/127 126/126/126
f 58/58/58 60/60/60 128/128/128
f 58/58/58 128/128/128 127/127/127
f 60/60/60 62/62/62 129/129/129
f 60/60/60 129/129/129 128/128/128
f 62/62/62 64/64/64 130/130/130
f 62/62/62 130/130/130 129/129/129
f 64/64/64 66/66/66 131/131/131
f 64/64/64 131/131/131 130/130/130
f 66/66/66 68/68/68 132/132/132
f 66/66/66 132/132/132 131/131/131
f 68/68/68 70/70/70 133/133/133
f 68/68/68 133/133/133 132/132/132
f 70/70/70 72/72/72 134/134/134
f 70/70/70 134/134/134 133/133/133
f 72/72/72 74/74/74 135/135/135
f 72/72/72 135/135/135 134/134/134
f 74/74/74 76/76/76 136/136/136
f 74/74/74 136/136/136 135/135/135
f 76/76/76 78/78/78 137/137/137
f 76/76/76 137/137/137 136/136/136
f 78/78/78 80/80/80 138/138/138
f 78/78/78 138/138/138 137/137/137
f 80/80/80 82/82/82 139/139/139
f 80/80/80 139/139/139 138/138/138
f 82/82/82 84/84/84 140/140/140
f 82/82/82 140/140/140 139/139/139
f 84/84/84 86/86/86 141/141/141
f 84/84/84 141/141/141 140/140/140
f 86/86/86 88/88/88 142/142/142
f 86/86/86 142/142/142 141/141/141
f 88/88/88 90/90/90 143/143/143
f 88/88/88 143/143/143 142/142/142
f 90/90/90 92/92/92 144/144/144
f 90/90/90 144/144/144 143/143/143
f 92/92/92 94/94/94 145/145/145
f 92/92/92 145/145/145 144/144/144
f 94/94/94 96/96/96 146/146/146
f 94/94/94 146/146/146 145/145/145
f 96/96/96 98/98/98 147/147/147
f 96/96/96 147/147/147 146/146/146
f 100/100/100 99/99/99 148/148/148
f 100/100/100 148/148/148 149/149/149
f 99/99/99 101/101/101 150/150/150
f 99/99/99 150/150/150 148/148/148
f 101/101/101 102/102/102 151/151/151
f 101/101/101 151/151/151 150/150/150
f 102/102/102 103/103/103 152/152/152
f 102/102/102 152/152/152 151/151/151
f 103/103/103 104/104/104 153/153/153
f 103/103/103 153/153/153 152/152/152
f 104/104/104 105/105/105 154/154/154
f 104/104/104 154/154/154 153/153/153
f 105/105/105 106/106/106 155/155/155
f 105/105/105 155/155/155 154/154/154
f 106/106/106 107/107/107 156/156/156
f 106/106/106 156/156/156 155/155/155
f 107/107/107 108/108/108 157/157/157
f 107/107/107 157/157/157 156/156/156
f 108/108/108 109/109/109 158/158/158
f 108/108/108 158/158/158 157/157/157
f 109/109/109 110/110/110 159/159/159
f 109/109/109 159/159/159 158/158/158
f 110/110/110 111/111/111 160/160/160
f 110/110/110 160/160/160 159/159/159
f 111/111/111 112/112/112 161/161/161
f 111/111/111 161/161/161 160/160/160
f 112/112/112 113/113/113 162/162/162
f 112/112/112 162/162/162 161/161/161
f 113/113/113 114/114/114 163/163/163
f 113/113/113 163/163/163 162/162/162
f 114/114/114 115/115/115 164/164/164
f 114/114/114 164/164/164 163/163/163
f 115/115/115 116/116/116 165/165/165
f 115/115/115 165/165/165 164/164/164
f 116/116/116 117/117/117 166/166/166
f 116/116/116 166/166/166 165/165/165
f 117/117/117 118/118/118 167/167/167
f 117/117/117 167/167/167 166/166/166
f 118/118/118 119/119/119 168/168/168
f 118/118/118 168/168/168 167/167/167
f 119/119/119 120/120/120 169/169/169
f 119/119/119 169/169/169 168/168/168
f 120/120/120 121/121/121 170/170/170
f 120/120/120 170/170/170 169/169/169
f 121/121/121 122/122/122 171/171/171
f 121/121/121 171/171/171 170/170/170
f 122/122/122 123/123/123 172/172/172
f 122/122/122 172/172/172 171/171/171
f 123/123/123 124/124/124 173/173/173
f 123/123/123 173/173/173 172/172/172
f 124/124/124 125/125/125 174/174/174
f 124/124/124 174/174/174 173/173/173
f 125/125/125 126/126/126 175/175/175
f 125/125/125 175/175/175 174/174/174
f 126/126/126 127/127/127 176/176/176
f 126/126/126 176/176/176 175/175/175
f 127/127/127 128/128/128 177/177/177
f 127/127/127 177/177/177 176/176/176
f 128/128/128 129/129/129 178/178/178
f 128/128/128 178/178/178 177/177/177
f 129/129/129 130/130/130 179/179/179
f 129/129/129 179/179/179 178/178/178
f 130/130/130 131/131/131 180/180/180
f 130/130/130 180/180/180 179/179/179
f 131/131/131 132/132/132 181/181/181
f 131/131/131 181/181/181 180/180/180
f 132/132/132 133/133/133 182/182/182
f 132/132/132 182/182/182 181/181/181
f 133/133/133 134/134/134 183/183/183
f 133/133/133 183/183/183 182/182/182
f 134/134/134 135/135/135 184/184/184
f 134/134/134 184/184/184 183/183/183
f 135/135/135 136/136/136 185/185/185
f 135/135/135 185/185/185 184/184/184
f 136/136/136 137/137/137 186/186/186
f 136/136/136 186/186/186 185/185/185
f 137/137/137 138/138/138 187/187/187
f 137/137/137 187/187/187 186/186/186
f 138/138/138 139/139/139 188/188/188
f 138/138/138 188/188/188 187/187/187
f 139/139/139 140/140/140 189/189/189
f 139/139/139 189/189/189 188/188/188
f 140/140/140 141/141/141 190/190/190
f 140/140/140 190/190/190 189/189/189
f 141/141/141 142/142/142 191/191/191
f 141/141/141 191/191/191 190/190/190
f 142/142/142 143/143/143 192/192/192
f 142/142/142 192/192/192 191/191/191
f 143/143/143 144/144/144 193/193/193
f 143/143/143 193/193/193 192/192/192
f 144/144/144 145/145/145 194/194/194
f 144/144/144 194/194/194 193/193/193
f 145/145/145 146/146/146 195/195/195
f 145/145/145 195/195/195 194/194/194
f 146/146/146 147/147/147 196/196/196
f 146/146/146 196/196/196 195/195/195
f 149/149/149 148/148/148 197/197/197
f 149/149/149 197/197/197 198/198/198
f 148/148/148 150/150/150 199/199/199
f 148/148/148 199/199/199 197/197/197
f 150/150/150 151/151/151 200/200/200
f 150/150/150 200/200/200 199/199/199
f 151/151/151 152/152/152 201/201/201
f 151/151/151 201/201/201 200/200/200
f 152/152/152 153/153/153 202/202/202
f 152/152/152 202/202/202 201/201/201
f 153/153/153 154/154/154 203/203/203
f 153/153/153 203/203/203 202/202/202
f 154/154/154 155/155/155 204/204/204
f 154/154/154 204/204/204 203/203/203
f 155/155/155 156/156/156 205/205/205
f 155/155/155 205/205/205 204/204/204
f 156/156/156 157/157/157 206/206/206
f 156/156/156 206/206/206 205/205/205
f 157/157/157 158/158/158 207/207/207
f 157/157/157 207/207/207 206/206/206
f 158/158/158 159/159/159 208/208/208
f 158/158/158 208/208/208 207/207/207
f 159/159/159 160/160/160 209/209/209
f 159/159/159 209/209/209 208/208/208
f 160/160/160 161/161/161 210/210/210
f 160/160/160 210/210/210 209/209/209
f 161/161/161 162/162/162 211/211/211
f 161/161/161 211/211/211 210/210/210
f 162/162/162 163/163/163 212/212/212
f 162/162/162 212/212/212 211/211/211
f 163/163/163 164/164/164 213/213/213
f 163/163/163 213/213/213 212/212/212
f 164/164/164 165/165/165 214/214/214
f 164/164/164 214/214/214 213/213/213
f 165/165/165 166/166/166 215/215/215
f 165/165/165 215/215/215 214/214/214
f 166/166/166 167/167/167 216/216/216
f 166/166/166 216/216/216 215/215/215
f 167/167/167 168/168/168 217/217/217
f 167/167/167 217/217/217 216/216/216
f 168/168/168 169/169/169 218/218/218
f 168/168/168 218/218/218 217/217/217
f 169/169/169 170/170/170 219/219/219
f 169/169/169 219/219/219 218/218/218
f 170/170/170 171/171/171 220/220/220
f 170/170/170 220/220/220 219/219/219
f 171/171/171 172/172/172 221/221/221
f 171/171/171 221/221/221 220/220/220
f 172/172/172 173/173/173 222/222/222
f 172/172/172 222/222/222 221/221/221
f 173/173/173 174/174/174 223/223/223
f 173/173/173 223/223/223 222/222/222
f 174/174/174 175/175/175 224/224/224
f 174/174/174 224/224/224 223/223/223
f 175/175/175 176/176/176 225/225/225
f 175/175/175 225/225/225 224/224/224
f 176/176/176 177/177/177 226/226/226
f 176/176/176 226/226/226 225/225/225
f 177/177/177 178/178/178 227/227/227
f 177/177/177 227/227/227 226/226/226
f 178/178/178 179/179/179 228/228/228
f 178/178/178 228/228/228 227/227/227
f 179/179/179 180/180/180 229/229/229
f 179/179/179 229/229/229 228/228/228
f 180/180/180 181/181/181 230/230/230
f 180/180/180 230/230/230 229/229/229
f 181/181/181 182/182/182 231/231/231
f 181/181/181 231/231/231 230/230/230
f 182/182/182 183/183/183 232/232/232
f 182/182/182 232/232/232 231/231/231
f 183/183/183 184/184/184 233/233/233
f 183/183/183 233/233/233 232/232/232
f 184/184/184 185/185/185 234/234/234
f 184/184/184 234/234/234 233/233/233
f 185/185/185 186/186/186 235/235/235
f 185/185/185 235/235/235 234/234/234
f 186/186/186 187/187/187 236/236/236
f 186/186/186 236/236/236 235/235/235
f 187/187/187 188/188/188 237/237/237
f 187/187/187 237/237/237 236/236/236
f 188/188/188 189/189/189 238/238/238
f 188/188/188 238/238/238 237/237/237
f 189/189/189 190/190/190 239/239/239
f 189/189/189 239/239/239 238/238/238
f 190/190/190 191/191/191 240/240/240
f 190/190/190 240/240/240 239/239/239
f 191/191/191 192/192/192 241/241/241
f 191/191/191 241/241/241 240/240/240
f 192/192/192 193/193/193 242/242/242
f 192/192/192 242/242/242 241/241/241
f 193/193/193 194/194/194 243/243/243
f 193/193/193 243/243/243 242/242/242
f 194/194/194 195/195/195 244/244/244
f 194/194/194 244/244/244 243/243/243
f 195/195/195 196/196/196 245/245/245
f 195/195/195 245/245/245 244/244/244
f 198/198/198 197/197/197 246/246/246
f 198/198/198 246/246/246 247/247/247
f 197/197/197 199/199/199 248/248/248
f 197/197/197 248/248/248 246/246/246
f 199/199/199 200/200/200 249/249/249
f 199/199/199 249/249/249 248/248/248
f 200/200/200 201/201/201 250/250/250
f 200/200/200 250/250/250 249/249/249
f 201/201/201 202/202/202 251/251/251
f 201/201/201 251/251/251 250/250/250
f 202/202/202 203/203/203 252/252/252
f 202/202/202 252/252/252 251/251/251
f 203/203/203 204/204/204 253/253/253
f 203/203/203 253/253/253 252/252/252
f 204/204/204 205/205/205 254/254/254
f 204/204/204 254/254/254 253/253/253
f 205/205/205 206/206/206 255/255/255
f 205/205/205 255/255/255 254/254/254
f 206/206/206 207/207/207 256/256/256
f 206/206/206 256/256/256 255/255/255
f 207/207/207 208/208/208 257/257/257
f 207/207/207 257/257/257 256/256/256
f 208/208/208 209/209/209 258/258/258
f 208/208/208 258/258/258 257/257/257
f 209/209/209 210/210/210 259/259/259
f 209/209/209 259/259/259 258/258/258
f 210/210/210 211/211/211 260/260/260
f 210/210/210 260/260/260 259/259/259
f 211/211/211 212/212/212 261/261/261
f 211/211/211 261/261/261 260/260/260
f 212/212/212 213/213/213 262/262/262
f 212/212/212 262/262/262 261/261/261
f 213/213/213 214/214/214 263/263/263
f 213/213/213 263/263/263 262/262/262
f 214/214/214 215/215/215 264/264/264
f 214/214/214 264/264/264 263/263/263
f 215/215/215 216/216/216 265/265/265
f 215/215/215 265/265/265 264/264/264
f 216/216/216 217/217/217 266/266/266
f 216/216/216 266/266/266 265/265/265
f 217/217/217 218/218/218 267/267/267
f 217/217/217 267/267/267 266/266/266
f 218/218/218 219/219/219 268/268/268
f 218/218/218 268/268/268 267/267/267
f 219/219/219 220/220/220 269/269/269
f 219/219/219 269/269/269 268/268/268
f 220/220/220 221/221/221 270/270/270
f 220/220/220 270/270/270 269/269/269
f 221/221/221 222/222/222 271/271/271
f 221/221/221 271/271/271 270/270/270
f 222/222/222 223/223/223 272/272/272
f 222/222/222 272/272/272 271/271/271
f 223/223/223 224/224/224 273/273/273
f 223/223/223 273/273/273 272/272/272
f 224/224/224 225/225/225 274/274/274
f 224/224/224 274/274/274 273/273/273
f 225/225/225 226/226/226 275/275/275
f 225/225/225 275/275/275 274/274/274
f 226/226/226 227/227/227 276/276/276
f 226/226/226 276/276/276 275/275/275
f 227/227/227 228/228/228 277/277/277
f 227/227/227 277/277/277 276/276/276
f 228/228/228 229/229/229 278/278/278
f 228/228/228 278/278/278 277/277/277
f 229/229/229 230/230/230 279/279/279
f 229/229/229 279/279/279 278/278/278
f 230/230/230 231/231/231 280/280/280
f 230/230/230 280/280/280 279/279/279
f 231/231/231 232/232/232 281/281/281
f 231/231/231 281/281/281 280/280/280
f 232/232/232 233/233/233 282/282/282
f 232/232/232 282/282/282 281/281/281
f 233/233/233 234/234/234 283/283/283
f 233/233/233 283/283/283 282/282/282
f 234/234/234 235/235/235 284/284/284
f 234/234/234 284/284/284 283/283/283
f 235/235/235 236/236/236 285/285/285
f 235/235/235 285/285/285 284/284/284
f 236/236/236 237/237/237 286/286/286
f 236/236/236 286/286/286 285/285/285
f 237/237/237 238/238/238 287/287/287
f 237/237/237 287/287/287 286/286/286
f 238/238/238 239/239/239 288/288/288
f 238/238/238 288/288/288 287/287/287
f 239/239/239 240/240/240 289/289/289
f 239/239/239 289/289/289 288/288/288
f 240/240/240 241/241/241 290/290/290
f 240/240/240 290/290/290 289/289/289
f 241/241/241 242/242/242 291/291/291
f 241/241/241 291/291/291 290/290/290
f 242/242/242 243/243/243 292/292/292
f 242/242/242 292/292/292 291/291/291
f 243/243/243 244/244/244 293/293/293
f 243/243/243 293/293/293 292/292/292
f 244/244/244 245/245/245 294/294/294
f 244/244/244 294/294/294 293/293/293
f 247/247/247 246/246/246 295/295/295
f 247/247/247 295/295/295 296/296/296
f 246/246/246 248/248/248 297/297/297
f 246/246/246 297/297/297 295/295/295
f 248/248/248 249/249/249 298/298/298
f 248/248/248 298/298/298 297/297/297
f 249/249/249 250/250/250 299/299/299
f 249/249/249 299/299/299 298/298/298
f 250/250/250 251/251/251 300/300/300
f 250/250/250 300/300/300 299/299/299
f 251/251/251 252/252/252 301/301/301
f 251/251/251 301/301/301 300/300/300
f 252/252/252 253/253/253 302/302/302
f 252/252/252 302/302/302 301/301/301
f 253/253/253 254/254/254 303/303/303
f 253/253/253 303/303/303 302/302/302
f 254/254/254 255/255/255 304/304/304
f 254/254/254 304/304/304 303/303/303
f 255/255/255 256/256/256 305/305/305
f 255/255/255 305/305/305 304/304/304
f 256/256/256 257/257/257 306/306/306
f 256/256/256 306/306/306 305/305/305
f 257/257/257 258/258/258 307/307/307
f 257/257/257 307/307/307 306/306/306
f 258/258/258 259/259/259 308/308/308
f 258/258/258 308/308/308 307/307/307
f 259/259/259 260/260/260 309/309/309
f 259/259/259 309/309/309 308/308/308
f 260/260/260 261/261/261 310/310/310
f 260/260/260 310/310/310 309/309/309
f 261/261/261 262/262/262 311/311/311
f 261/261/261 311/311/311 310/310/310
f 262/262/262 263/263/263 312/312/312
f 262/262/262 312/312/312 311/311/311
f 263/263/263 264/264/264 313/313/313
f 263/263/263 313/313/313 312/312/312
f 264/264/264 265/265/265 314/314/314
f 264/264/264 314/314/314 313/313/313
f 265/265/265 266/266/266 315/315/315
f 265/265/265 315/315/315 314/314/314
f 266/266/266 267/267/267 316/316/316
f 266/266/266 316/316/316 315/315/315
f 267/267/267 268/268/268 317/317/317
f 267/267/267 317/317/317 316/316/316
f 268/268/268 269/269/269 318/318/318
f 268/268/268 318/318/318 317/317/317
f 269/269/269 270/270/270 319/319/319
f 269/269/269 319/319/319 318/318/318
f 270/270/270 271/271/271 320/320/320
f 270/270/270 320/320/320 319/319/319
f 271/271/271 272/272/272 321/321/321
f 271/271/271 321/321/321 320/320/320
f 272/272/272 273/273/273 322/322/322
f 272/272/272 322/322/322 321/321/321
f 273/273/273 274/274/274 323/323/323
f 273/273/273 323/323/323 322/322/322
f 274/274/274 275/275/275 324/324/324
f 274/274/274 324/324/324 323/323/323
f 275/275/275 276/276/276 325/325/325
f 275/275/275 325/325/325 324/324/324
f 276/276/276 277/277/277 326/326/326
f 276/276/276 326/326/326 325/325/325
f 277/277/277 278/278/278 327/327/327
f 277/277/277 327/327/327 326/326/326
f 278/278/278 279/279/279 328/328/328
f 278/278/278 328/328/328 327/327/327
f 279/279/279 280/280/280 329/329/329
f 279/279/279 329/329/329 328/328/328
f 280/280/280 281/281/281 330/330/330
f 280/280/280 330/330/330 329/329/329
f 281/281/281 282/282/282 331/331/331
f 281/281/281 331/331/331 330/330/330
f 282/282/282 283/283/283 332/332/332
f 282/282/282 332/332/332 331/331/331
f 283/283/283 284/284/284 333/333/333
f 283/283/283 333/333/333 332/332/332
f 284/284/284 285/285/285 334/334/334
f 284/284/284 334/334/334 333/333/333
f 285/285/285 286/286/286 335/335/335
f 285/285/285 335/335/335 334/334/334
f 286/286/286 287/287/287 336/336/336
f 286/286/286 336/336/336 335/335/335
f 287/287/287 288/288/288 337/337/337
f 287/287/287 337/337/337 336/336/336
f 288/288/288 289/289/289 338/338/338
f 288/288/288 338/338/338 337/337/337
f 289/289/289 290/290/290 339/339/339
f 289/289/289 339/339/339 338/338/338
f 290/290/290 291/291/291 340/340/340
f 290/290/290 340/340/340 339/339/339
f 291/291/291 292/292/292 341/341/341
f 291/291/291 341/341/341 340/340/340
f 292/292/292 293/293/293 342/342/342
f 292/292/292 342/342/342 341/341/341
f 293/293/293 294/294/294 343/343/343
f 293/293/293 343/343/343 342/342/342
f 296/296/296 295/295/295 344/344/344
f 296/296/296 344/344/344 345/345/345
f 295/295/295 297/297/297 346/346/346
f 295/295/295 346/346/346 344/344/344
f 297/297/297 298/298/298 347/347/347
f 297/297/297 347/347/347 346/346/346
f 298/298/298 299/299/299 348/348/348
f 298/298/298 348/348/348 347/347/347
f 299/299/299 300/300/300 349/349/349
f 299/299/299 349/349/349 348/348/348
f 300/300/300 301/301/301 350/350/350
f 300/300/300 350/350/350 349/349/349
f 301/301/301 302/302/302 351/351/351
f 301/301/301 351/351/351 350/350/350
f 302/302/302 303/303/303 352/352/352
f 302/302/302 352/352/352 351/351/351
f 303/303/303 304/304/304 353/353/353
f 303/303/303 353/353/353 352/352/352
f 304/304/304 305/305/305 354/354/354
f 304/304/304 354/354/354 353/353/353
f 305/305/305 306/306/306 355/355/355
f 305/305/305 355/355/355 354/354/354
f 306/306/306 307/307/307 356/356/356
f 306/306/306 356/356/356 355/355/355
f 307/307/307 308/308/308 357/357/357
f 307/307/307 357/357/357 356/356/356
f 308/308/308 309/309/309 358/358/358
f 308/308/308 358/358/358 357/357/357
f 309/309/309 310/310/310 359/359/359
f 309/309/309 359/359/359 358/358/358
f 310/310/310 311/311/311 360/360/360
f 310/310/310 360/360/360 359/359/359
f 311/311/311 312/312/312 361/361/361
f 311/311/311 361/361/361 360/360/360
f 312/312/312 313/313/313 362/362/362
f 312/312/312 362/362/362 361/361/361
f 313/313/313 314/314/314 363/363/363
f 313/313/313 363/363/363 362/362/362
f 314/314/314 315/315/315 364/364/364
f 314/314/314 364/364/364 363/363/363
f 315/315/315 316/316/316 365/365/365
f 315/315/315 365/365/365 364/364/364
f 316/316/316 317/317/317 366/366/366
f 316/316/316 366/366/366 365/365/365
f 317/317/317 318/318/318 367/367/367
f 317/317/317 367/367/367 366/366/366
f 318/318/318 319/319/319 368/368/368
f 318/318/318 368/368/368 367/367/367
f 319/319/319 320/320/320 369/369/369
f 319/319/319 369/369/369 368/368/368
f 320/320/320 321/321/321 370/370/370
f 320/320/320 370/370/370 369/369/369
f 321/321/321 322/322/322 371/371/371
f 321/321/321 371/371/371 370/370/370
f 322/322/322 323/323/323 372/372/372
f 322/322/322 372/372/372 371/371/371
f 323/323/323 324/324/324 373/373/373
f 323/323/323 373/373/373 372/372/372
f 324/324/324 325/325/325 374/374/374
f 324/324/324 374/374/374 373/373/373
f 325/325/325 326/326/326 375/375/375
f 325/325/325 375/375/375 374/374/374
f 326/326/326 327/327/327 376/376/376
f 326/326/326 376/376/376 375/375/375
f 327/327/327 328/328/328 377/377/377
f 327/327/327 377/377/377 376/376/376
f 328/328/328 329/329/329 378/378/378
f 328/328/328 378/378/378 377/377/377
f 329/329/329 330/330/330 379/379/379
f 329/329/329 379/379/379 378/378/378
f 330/330/330 331/331/331 380/380/380
f 330/330/330 380/380/380 379/379/379
f 331/331/331 332/332/332 381/381/381
f 331/331/331 381/381/381 380/380/380
f 332/332/332 333/333/333 382/382/382
f 332/332/332 382/382/382 381/381/381
f 333/333/333 334/334/334 383/383/383
f 333/333/333 383/383/383 382/382/382
f 334/334/334 335/335/335 384/384/384
f 334/334/334 384/384/384 383/383/383
f 335/335/335 336/336/336 385/385/385
f 335/335/335 385/385/385 384/384/384
f 336/336/336 337/337/337 386/386/386
f 336/336/336 386/386/386 385/385/385
f 337/337/337 338/338/338 387/387/387
f 337/337/337 387/387/387 386/386/386
f 338/338/338 339/339/339 388/388/388
f 338/338/338 388/388/388 387/387/387
f 339/339/339 340/340/340 389/389/389
f 339/339/339 389/389/389 388/388/388
f 340/340/340 341/341/341 390/390/390
f 340/340/340 390/390/390 389/389/389
f 341/341/341 342/342/342 391/391/391
f 341/341/341 391/391/391 390/390/390
f 342/342/342 343/343/343 392/392/392
f 342/342/342 392/392/392 391/391/391
f 345/345/345 344/344/344 393/393/393
f 345/345/345 393/393/393 394/394/394
f 344/344/344 346/346/346 395/395/395
f 344/344/344 395/395/395 393/393/393
f 346/346/346 347/347/347 396/396/396
f 346/346/346 396/396/396 395/395/395
f 347/347/347 348/348/348 397/397/397
f 347/347/347 397/397/397 396/396/396
f 348/348/348 349/349/349 398/398/398
f 348/348/348 398/398/398 397/397/397
f 349/349/349 350/350/350 399/399/399
f 349/349/349 399/399/399 398/398/398
f 350/350/350 351/351/351 400/400/400
f 350/350/350 400/400/400 399/399/399
f 351/351/351 352/352/352 401/401/401
f 351/351/351 401/401/401 400/400/400
f 352/352/352 353/353/353 402/402/402
f 352/352/352 402/402/402 401/401/401
f 353/353/353 354/354/354 403/403/403
f 353/353/353 403/403/403 402/402/402
f 354/354/354 355/355/355 404/404/404
f 354/354/354 404/404/404 403/403/403
f 355/355/355 356/356/356 405/405/405
f 355/355/355 405/405/405 404/404/404
f 356/356/356 357/357/357 406/406/406
f 356/356/356 406/406/406 405/405/405
f 357/357/357 358/358/358 407/407/407
f 357/357/357 407/407/407 406/406/406
f 358/358/358 359/359/359 408/408/408
f 358/358/358 408/408/408 407/407/407
f 359/359/359 360/360/360 409/409/409
f 359/359/359 409/409/409 408/408/408
f 360/360/360 361/361/361 410/410/410
f 360/360/360 410/410/410 409/409/409
f 361/361/361 362/362/362 411/411/411
f 361/361/361 411/411/411 410/410/410
f 362/362/362 363/363/363 412/412/412
f 362/362/362 412/412/412 411/411/411
f 363/363/363 364/364/364 413/413/413
f 363/363/363 413/413/413 412/412/412
f 364/364/364 365/365/365 414/414/414
f 364/364/364 414/414/414 413/413/413
f 365/365/365 366/366/366 415/415/415
f 365/365/365 415/415/415 414/414/414
f 366/366/366 367/367/367 416/416/416
f 366/366/366 416/416/416 415/415/415
f 367/367/367 368/368/368 417/417/417
f 367/367/367 417/417/417 416/416/416
f 368/368/368 369/369/369 418/418/418
f 368/368/368 418/418/418 417/417/417
f 369/369/369 370/370/370 419/419/419
f 369/369/369 419/419/419 418/418/418
f 370/370/370 371/371/371 420/420/420
f 370/370/370 420/420/420 419/419/419
f 371/371/371 372/372/372 421/421/421
f 371/371/371 421/421/421 420/420/420
f 372/372/372 373/373/373 422/422/422
f 372/372/372 422/422/422 421/421/421
f 373/373/373 374/374/374 423/423/423
f 373/373/373 423/423/423 422/422/422
f 374/374/374 375/375/375 424/424/424
f 374/374/374 424/424/424 423/423/423
f 375/375/375 376/376/376 425/425/425
f 375/375/375 425/425/425 424/424/424
f 376/376/376 377/377/377 426/426/426
f 376/376/376 426/426/426 425/425/425
f 377/377/377 378/378/378 427/427/427
f 377/377/377 427/427/427 426/426/426
f 378/378/378 379/379/379 428/428/428
f 378/378/378 428/428/428 427/427/427
f 379/379/379 380/380/380 429/429/429
f 379/379/379 429/429/429 428/428/428
f 380/380/380 381/381/381 430/430/430
f 380/380/380 430/430/430 429/429/429
f 381/381/381 382/382/382 431/431/431
f 381/381/381 431/431/431 430/430/430
f 382/382/382 383/383/383 432/432/432
f 382/382/382 432/432/432 431/431/431
f 383/383/383 384/384/384 433/433/433
f 383/383/383 433/433/433 432/432/432
f 384/384/384 385/385/385 434/434/434
f 384/384/384 434/434/434 433/433/433
f 385/385/385 386/386/386 435/435/435
f 385/385/385 435/435/435 434/434/434
f 386/386/386 387/387/387 436/436/436
f 386/386/386 436/436/436 435/435/435
f 387/387/387 388/388/388 437/437/437
f 387/387/387 437/437/437 436/436/436
f 388/388/388 389/389/389 438/438/438
f 388/388/388 438/438/438 437/437/437
f 389/389/389 390/390/390 439/439/439
f 389/389/389 439/439/439 438/438/438
f 390/390/390 391/391/391 440/440/440
f 390/390/390 440/440/440 439/439/439
f 391/391/391 392/392/392 441/441/441
f 391/391/391 441/441/441 440/440/440
f 394/394/394 393/393/393 442/442/442
f 394/394/394 442/442/442 443/443/443
f 393/393/393 395/395/395 444/444/444
f 393/393/393 444/444/444 442/442/442
f 395/395/395 396/396/396 445/445/445
f 395/395/395 445/445/445 444/444/444
f 396/396/396 397/397/397 446/446/446
f 396/396/396 446/446/446 445/445/445
f 397/397/397 398/398/398 447/447/447
f 397/397/397 447/447/447 446/446/446
f 398/398/398 399/399/399 448/448/448
f 398/398/398 448/448/448 447/447/447
f 399/399/399 400/400/400 449/449/449
f 399/399/399 449/449/449 448/448/448
f 400/400/400 401/401/401 450/450/450
f 400/400/400 450/450/450 449/449/449
f 401/401/401 402/402/402 451/451/451
f 401/401/401 451/451/451 450/450/450
f 402/402/402 403/403/403 452/452/452
f 402/402/402 452/452/452 451/451/451
f 403/403/403 404/404/404 453/453/453
f 403/403/403 453/453/453 452/452/452
f 404/404/404 405/405/405 454/454/454
f 404/404/404 454/454/454 453/453/453
f 405/405/405 406/406/406 455/455/455
f 405/405/405 455/455/455 454/454/454
f 406/406/406 407/407/407 456/456/456
f 406/406/406 456/456/456 455/455/455
f 407/407/407 408/408/408 457/457/457
f 407/407/407 457/457/457 456/456/456
f 408/408/408 409/409/409 458/458/458
f 408/408/408 458/458/458 457/457/457
f 409/409/409 410/410/410 459/459/459
f 409/409/409 459/459/459 458/458/458
f 410/410/410 411/411/411 460/460/460
f 410/410/410 460/460/460 459/459/459
f 411/411/411 412/412/412 461/461/461
f 411/411/411 461/461/461 460/460/460
f 412/412/412 413/413/413 462/462/462
f 412/412/412 462/462/462 461/461/461
f 413/413/413 414/414/414 463/463/463
f 413/413/413 463/463/463 462/462/462
f 414/414/414 415/415/415 464/464/464
f 414/414/414 464/464/464 463/463/463
f 415/415/415 416/416/416 465/465/465
f 415/415/415 465/465/465 464/464/464
f 416/416/416 417/417/417 466/466/466
f 416/416/416 466/466/466 465/465/465
f 417/417/417 418/418/418 467/467/467
f 417/417/417 467/467/467 466/466/466
f 418/418/418 419/419/419 468/468/468
f 418/418/418 468/468/468 467/467/467
f 419/419/419 420/420/420 469/469/469
f 419/419/419 469/469/469 468/468/468
f 420/420/420 421/421/421 470/470/470
f 420/420/420 470/470/470 469/469/469
f 421/421/421 422/422/422 471/471/471
f 421/421/421 471/471/471 470/470/470
f 422/422/422 423/423/423 472/472/472
f 422/422/422 472/472/472 471/471/471
f 423/423/423 424/424/424 473/473/473
f 423/423/423 473/473/473 472/472/472
f 424/424/424 425/425/425 474/474/474
f 424/424/424 474/474/474 473/473/473
f 425/425/425 426/426/426 475/475/475
f 425/425/425 475/475/475 474/474/474
f 426/426/426 427/427/427 476/476/476
f 426/426/426 476/476/476 475/475/475
f 427/427/427 428/428/428 477/477/477
f 427/427/427 477/477/477 476/476/476
f 428/428/428 429/429/429 478/478/478
f 428/428/428 478/478/478 477/477/477
f 429/429/429 430/430/430 479/479/479
f 429/429/429 479/479/479 478/478/478
f 430/430/430 431/431/431 480/480/480
f 430/430/430 480/480/480 479/479/479
f 431/431/431 432/432/432 481/481/481
f 431/431/431 481/481/481 480/480/480
f 432/432/432 433/433/433 482/482/482
f 432/432/432 482/482/482 481/481/481
f 433/433/433 434/434/434 483/483/483
f 433/433/433 483/483/483 482/482/482
f 434/434/434 435/435/435 484/484/484
f 434/434/434 484/484/484 483/483/483
f 435/435/435 436/436/436 485/485/485
f 435/435/435 485/485/485 484/484/484
f 436/436/436 437/437/437 486/486/486
f 436/436/436 486/486/486 485/485/485
f 437/437/437 438/438/438 487/487/487
f 437/437/437 487/487/487 486/486/486
f 438/438/438 439/439/439 488/488/488
f 438/438/438 488/488/488 487/487/487
f 439/439/439 440/440/440 489/489/489
f 439/439/439 489/489/489 488/488/488
f 440/440/440 441/441/441 490/490/490
f 440/440/440 490/490/490 489/489/489
f 443/443/443 442/442/442 491/491/491
f 443/443/443 491/491/491 492/492/492
f 442/442/442 444/444/444 493/493/493
f 442/442/442 493/493/493 491/491/491
f 444/444/444 445/445/445 494/494/494
f 444/444/444 494/494/494 493/493/493
f 445/445/445 446/446/446 495/495/495
f 445/445/445 495/495/495 494/494/494
f 446/446/446 447/447/447 496/496/496
f 446/446/446 496/496/496 495/495/495
f 447/447/447 448/448/448 497/497/497
f 447/447/447 497/497/497 496/496/496
f 448/448/448 449/449/449 498/498/498
f 448/448/448 498/498/498 497/497/497
f 449/449/449 450/450/450 499/499/499
f 449/449/449 499/499/499 498/498/498
f 450/450/450 451/451/451 500/500/500
f 450/450/450 500/500/500 499/499/499
f 451/451/451 452/452/452 501/501/501
f 451/451/451 501/501/501 500/500/500
f 452/452/452 453/453/453 502/502/502
f 452/452/452 502/502/502 501/501/501
f 453/453/453 454/454/454 503/503/503
f 453/453/453 503/503/503 502/502/502
f 454/454/454 455/455/455 504/504/504
f 454/454/454 504/504/504 503/503/503
f 455/455/455 456/456/456 505/505/505
f 455/455/455 505/505/505 504/504/504
f 456/456/456 457/457/457 506/506/506
f 456/456/456 506/506/506 505/505/505
f 457/457/457 458/458/458 507/507/507
f 457/457/457 507/507/507 506/506/506
f 458/458/458 459/459/459 508/508/508
f 458/458/458 508/508/508 507/507/507
f 459/459/459 460/460/460 509/509/509
f 459/459/459 509/509/509 508/508/508
f 460/460/460 461/461/461 510/510/510
f 460/460/460 510/510/510 509/509/509
f 461/461/461 462/462/462 511/511/511
f 461/461/461 511/511/511 510/510/510
f 462/462/462 463/463/463 512/512/512
f 462/462/462 512/512/512 511/511/511
f 463/463/463 464/464/464 513/513/513
f 463/463/463 513/513/513 512/512/512
f 464/464/464 465/465/465 514/514/514
f 464/464/464 514/514/514 513/513/513
f 465/465/465 466/466/466 515/515/515
f 465/465/465 515/515/515 514/514/514
f 466/466/466 467/467/467 516/516/516
f 466/466/466 516/516/516 515/515/515
f 467/467/467 468/468/468 517/517/517
f 467/467/467 517/517/517 516/516/516
f 468/468/468 469/469/469 518/518/518
f 468/468/468 518/518/518 517/517/517
f 469/469/469 470/470/470 519/519/519
f 469/469/469 519/519/519 518/518/518
f 470/470/470 471/471/471 520/520/520
f 470/470/470 520/520/520 519/519/519
f 471/471/471 472/472/472 521/521/521
f 471/471/471 521/521/521 520/520/520
f 472/472/472 473/473/473 522/522/522
f 472/472/472 522/522/522 521/521/521
f 473/473/473 474/474/474 523/523/523
f 473/473/473 523/523/523 522/522/522
f 474/474/474 475/475/475 524/524/524
f 474/474/474 524/524/524 523/523/523
f 475/475/475 476/476/476 525/525/525
f 475/475/475 525/525/525 524/524/524
f 476/476/476 477/477/477 526/526/526
f 476/476/476 526/526/526 525/525/525
f 477/477/477 478/478/478 527/527/527
f 477/477/477 527/527/527 526/526/526
f 478/478/478 479/479/479 528/528/528
f 478/478/478 528/528/528 527/527/527
f 479/479/479 480/480/480 529/529/529
f 479/479/479 529/529/529 528/528/528
f 480/480/480 481/481/481 530/530/530
f 480/480/480 530/530/530 529/529/529
f 481/481/481 482/482/482 531/531/531
f 481/481/481 531/531/531 530/530/530
f 482/482/482 483/483/483 532/532/532
f 482/482/482 532/532/532 531/531/531
f 483/483/483 484/484/484 533/533/533
f 483/483/483 533/533/533 532/532/532
f 484/484/484 485/485/485 534/534/534
f 484/484/484 534/534/534 533/533/533
f 485/485/485 486/486/486 535/535/535
f 485/485/485 535/535/535 534/534/534
f 486/486/486 487/487/487 536/536/536
f 486/486/486 536/536/536 535/535/535
f 487/487/487 488/488/488 537/537/537
f 487/487/487 537/537/537 536/536/536
f 488/488/488 489/489/489 538/538/538
f 488/488/488 538/538/538 537/537/537
f 489/489/489 490/490/490 539/539/539
f 489/489/489 539/539/539 538/538/538
f 492/492/492 491/491/491 540/540/540
f 492/492/492 540/540/540 541/541/541
f 491/491/491 493/493/493 542/542/542
f 491/491/491 542/542/542 540/540/540
f 493/493/493 494/494/494 543/543/543
f 493/493/493 543/543/543 542/542/542
f 494/494/494 495/495/495 544/544/544
f 494/494/494 544/544/544 543/543/543
f 495/495/495 496/496/496 545/545/545
f 495/495/495 545/545/545 544/544/544
f 496/496/496 497/497/497 546/546/546
f 496/496/496 546/546/546 545/545/545
f 497/497/497 498/498/498 547/547/547
f 497/497/497 547/547/547 546/546/546
f 498/498/498 499/499/499 548/548/548
f 498/498/498 548/548/548 547/547/547
f 499/499/499 500/500/500 549/549/549
f 499/499/499 549/549/549 548/548/548
f 500/500/500 501/501/501 550/550/550
f 500/500/500 550/550/550 549/549/549
f 501/501/501 502/502/502 551/551/551
f 501/501/501 551/551/551 550/550/550
f 502/502/502 503/503/503 552/552/552
f 502/502/502 552/552/552 551/551/551
f 503/503/503 504/504/504 553/553/553
f 503/503/503 553/553/553 552/552/552
f 504/504/504 505/505/505 554/554/554
f 504/504/504 554/554/554 553/553/553
f 505/505/505 506/506/506 555/555/555
f 505/505/505 555/555/555 554/554/554
f 506/506/506 507/507/507 556/556/556
f 506/506/506 556/556/556 555/555/555
f 507/507/507 508/508/508 557/557/557
f 507/507/507 557/557/557 556/556/556
f 508/508/508 509/509/509 558/558/558
f 508/508/508 558/558/558 557/557/557
f 509/509/509 510/510/510 559/559/559
f 509/509/509 559/559/559 558/558/558
f 510/510/510 511/511/511 560/560/560
f 510/510/510 560/560/560 559/559/559
f 511/511/511 512/512/512 561/561/561
f 511/511/511 561/561/561 560/560/560
f 512/512/512 513/513/513 562/562/562
f 512/512/512 562/562/562 561/561/561
f 513/513/513 514/514/514 563/563/563
f 513/513/513 563/563/563 562/562/562
f 514/514/514 515/515/515 564/564/564
f 514/514/514 564/564/564 563/563/563
f 515/515/515 516/516/516 565/565/565
f 515/515/515 565/565/565 564/564/564
f 516/516/516 517/517/517 566/566/566
f 516/516/516 566/566/566 565/565/565
f 517/517/517 518/518/518 567/567/567
f 517/517/517 567/567/567 566/566/566
f 518/518/518 519/519/519 568/568/568
f 518/518/518 568/568/568 567/567/567
f 519/519/519 520/520/520 569/569/569
f 519/519/519 569/569/569 568/568/568
f 520/520/520 521/521/521 570/570/570
f 520/520/520 570/570/570 569/569/569
f 521/521/521 522/522/522 571/571/571
f 521/521/521 571/571/571 570/570/570
f 522/522/522 523/523/523 572/572/572
f 522/522/522 572/572/572 571/571/571
f 523/523/523 524/524/524 573/573/573
f 523/523/523 573/573/573 572/572/572
f 524/524/524 525/525/525 574/574/574
f 524/524/524 574/574/574 573/573/573
f 525/525/525 526/526/526 575/575/575
f 525/525/525 575/575/575 574/574/574
f 526/526/526 527/527/527 576/576/576
f 526/526/526 576/576/576 575/575/575
f 527/527/527 528/528/528 577/577/577
f 527/527/527 577/577/577 576/576/576
f 528/528/528 529/529/529 578/578/578
f 528/528/528 578/578/578 577/577/577
f 529/529/529 530/530/530 579/579/579
f 529/529/529 579/579/579 578/578/578
f 530/530/530 531/531/531 580/580/580
f 530/530/530 580/580/580 579/579/579
f 531/531/531 532/532/532 581/581/581
f 531/531/531 581/581/581 580/580/580
f 532/532/532 533/533/533 582/582/582
f 532/532/532 582/582/582 581/581/581
f 533/533/533 534/534/534 583/583/583
f 533/533/533 583/583/583 582/582/582
f 534/534/534 535/535/535 584/584/584
f 534/534/534 584/584/584 583/583/583
f 535/535/535 536/536/536 585/585/585
f 535/535/535 585/585/585 584/584/584
f 536/536/536 537/537/537 586/586/586
f 536/536/536 586/586/586 585/585/585
f 537/537/537 538/538/538 587/587/587
f 537/537/537 587/587/587 586/586/586
f 538/538/538 539/539/539 588/588/588
f 538/538/538 588/588/588 587/587/587
f 541/541/541 540/540/540 589/589/589
f 541/541/541 589/589/589 590/590/590
f 540/540/540 542/542/542 591/591/591
f 540/540/540 591/591/591 589/589/589
f 542/542/542 543/543/543 592/592/592
f 542/542/542 592/592/592 591/591/591
f 543/543/543 544/544/544 593/593/593
f 543/543/543 593/593/593 592/592/592
f 544/544/544 545/545/545 594/594/594
f 544/544/544 594/594/594 593/593/593
f 545/545/545 546/546/546 595/595/595
f 545/545/545 595/595/595 594/594/594
f 546/546/546 547/547/547 596/596/596
f 546/546/546 596/596/596 595/595/595
f 547/547/547 548/548/548 597/597/597
f 547/547/547 597/597/597 596/596/596
f 548/548/548 549/549/549 598/598/598
f 548/548/548 598/598/598 597/597/597
f 549/549/549 550/550/550 599/599/599
f 549/549/549 599/599/599 598/598/598
f 550/550/550 551/551/551 600/600/600
f 550/550/550 600/600/600 599/599/599
f 551/551/551 552/552/552 601/601/601
f 551/551/551 601/601/601 600/600/600
f 552/552/552 553/553/553 602/602/602
f 552/552/552 602/602/602 601/601/601
f 553/553/553 554/554/554 603/603/603
f 553/553/553 603/603/603 602/602/602
f 554/554/554 555/555/555 604/604/604
f 554/554/554 604/604/604 603/603/603
f 555/555/555 556/556/556 605/605/605
f 555/555/555 605/605/605 604/604/604
f 556/556/556 557/557/557 606/606/606
f 556/556/556 606/606/606 605/605/605
f 557/557/557 558/558/558 607/607/607
f 557/557/557 607/607/607 606/606/606
f 558/558/558 559/559/559 608/608/608
f 558/558/558 608/608/608 607/607/607
f 559/559/559 560/560/560 609/609/609
f 559/559/559 609/609/609 608/608/608
f 560/560/560 561/561/561 610/610/610
f 560/560/560 610/610/610 609/609/609
f 561/561/561 562/562/562 611/611/611
f 561/561/561 611/611/611 610/610/610
f 562/562/562 563/563/563 612/612/612
f 562/562/562 612/612/612 611/611/611
f 563/563/563 564/564/564 613/613/613
f 563/563/563 613/613/613 612/612/612
f 564/564/564 565/565/565 614/614/614
f 564/564/564 614/614/614 613/613/613
f 565/565/565 566/566/566 615/615/615
f 565/565/565 615/615/615 614/614/614
f 566/566/566 567/567/567 616/616/616
f 566/566/566 616/616/616 615/615/615
f 567/567/567 568/568/568 617/617/617
f 567/567/567 617/617/617 616/616/616
f 568/568/568 569/569/569 618/618/618
f 568/568/568 618/618/618 617/617/617
f 569/569/569 570/570/570 619/619/619
f 569/569/569 619/619/619 618/618/618
f 570/570/570 571/571/571 620/620/620
f 570/570/570 620/620/620 619/619/619
f 571/571/571 572/572/572 621/621/621
f 571/571/571 621/621/621 620/620/620
f 572/572/572 573/573/573 622/622/622
f 572/572/572 622/622/622 621/621/621
f 573/573/573 574/574/574 623/623/623
f 573/573/573 623/623/623 622/622/622
f 574/574/574 575/575/575 624/624/624
f 574/574/574 624/624/624 623/623/623
f 575/575/575 576/576/576 625/625/625
f 575/575/575 625/625/625 624/624/624
f 576/576/576 577/577/577 626/626/626
f 576/576/576 626/626/626 625/625/625
f 577/577/577 578/578/578 627/627/627
f 577/577/577 627/627/627 626/626/626
f 578/578/578 579/579/579 628/628/628
f 578/578/578 628/628/628 627/627/627
f 579/579/579 580/580/580 629/629/629
f 579/579/579 629/629/629 628/628/628
f 580/580/580 581/581/581 630/630/630
f 580/580/580 630/630/630 629/629/629
f 581/581/581 582/582/582 631/631/631
f 581/581/581 631/631/631 630/630/630
f 582/582/582 583/583/583 632/632/632
f 582/582/582 632/632/632 631/631/631
f 583/583/583 584/584/584 633/633/633
f 583/583/583 633/633/633 632/632/632
f 584/584/584 585/585/585 634/634/634
f 584/584/584 634/634/634 633/633/633
f 585/585/585 586/586/586 635/635/635
f 585/585/585 635/635/635 634/634/634
f 586/586/586 587/587/587 636/636/636
f 586/586/586 636/636/636 635/635/635
f 587/587/587 588/588/588 637/637/637
f 587/587/587 637/637/637 636/636/636
f 590/590/590 589/589/589 638/638/638
f 590/590/590 638/638/638 639/639/639
f 589/589/589 591/591/591 640/640/640
f 589/589/589 640/640/640 638/638/638
f 591/591/591 592/592/592 641/641/641
f 591/591/591 641/641/641 640/640/640
f 592/592/592 593/593/593 642/642/642
f 592/592/592 642/642/642 641/641/641
f 593/593/593 594/594/594 643/643/643
f 593/593/593 643/643/643 642/642/642
f 594/594/594 595/595/595 644/644/644
f 594/594/594 644/644/644 643/643/643
f 595/595/595 596/596/596 645/645/645
f 595/595/595 645/645/645 644/644/644
f 596/596/596 597/597/597 646/646/646
f 596/596/596 646/646/646 645/645/645
f 597/597/597 598/598/598 647/647/647
f 597/597/597 647/647/647 646/646/646
f 598/598/598 599/599/599 648/648/648
f 598/598/598 648/648/648 647/647/647
f 599/599/599 600/600/600 649/649/649
f 599/599/599 649/649/649 648/648/648
f 600/600/600 601/601/601 650/650/650
f 600/600/600 650/650/650 649/649/649
f 601/601/601 602/602/602 651/651/651
f 601/601/601 651/651/651 650/650/650
f 602/602/602 603/603/603 652/652/652
f 602/602/602 652/652/652 651/651/651
f 603/603/603 604/604/604 653/653/653
f 603/603/603 653/653/653 652/652/652
f 604/604/604 605/605/605 654/654/654
f 604/604/604 654/654/654 653/653/653
f 605/605/605 606/606/606 655/655/655
f 605/605/605 655/655/655 654/654/654
f 606/606/606 607/607/607 656/656/656
f 606/606/606 656/656/656 655/655/655
f 607/607/607 608/608/608 657/657/657
f 607/607/607 657/657/657 656/656/656
f 608/608/608 609/609/609 658/658/658
f 608/608/608 658/658/658 657/657/657
f 609/609/609 610/610/610 659/659/659
f 609/609/609 659/659/659 658/658/658
f 610/610/610 611/611/611 660/660/660
f 610/610/610 660/660/660 659/659/659
f 611/611/611 612/612/612 661/661/661
f 611/611/611 661/661/661 660/660/660
f 612/612/612 613/613/613 662/662/662
f 612/612/612 662/662/662 661/661/661
f 613/613/613 614/614/614 663/663/663
f 613/613/613 663/663/663 662/662/662
f 614/614/614 615/615/615 664/664/664
f 614/614/614 664/664/664 663/663/663
f 615/615/615 616/616/616 665/665/665
f 615/615/615 665/665/665 664/664/664
f 616/616/616 617/617/617 666/666/666
f 616/616/616 666/666/666 665/665/665
f 617/617/617 618/618/618 667/667/667
f 617/617/617 667/667/667 666/666/666
f 618/618/618 619/619/619 668/668/668
f 618/618/618 668/668/668 667/667/667
f 619/619/619 620/620/620 669/669/669
f 619/619/619 669/669/669 668/668/668
f 620/620/620 621/621/621 670/670/670
f 620/620/620 670/670/670 669/669/669
f 621/621/621 622/622/622 671/671/671
f 621/621/621 671/671/671 670/670/670
f 622/622/622 623/623/623 672/672/672
f 622/622/622 672/672/672 671/671/671
f 623/623/623 624/624/624 673/673/673
f 623/623/623 673/673/673 672/672/672
f 624/624/624 625/625/625 674/674/674
f 624/624/624 674/674/674 673/673/673
f 625/625/625 626/626/626 675/675/675
f 625/625/625 675/675/675 674/674/674
f 626/626/626 627/627/627 676/676/676
f 626/626/626 676/676/676 675/675/675
f 627/627/627 628/628/628 677/677/677
f 627/627/627 677/677/677 676/676/676
f 628/628/628 629/629/629 678/678/678
f 628/628/628 678/678/678 677/677/677
f 629/629/629 630/630/630 679/679/679
f 629/629/629 679/679/679 678/678/678
f 630/630/630 631/631/631 680/680/680
f 630/630/630 680/680/680 679/679/679
f 631/631/631 632/632/632 681/681/681
f 631/631/631 681/681/681 680/680/680
f 632/632/632 633/633/633 682/682/682
f 632/632/632 682/682/682 681/681/681
f 633/633/633 634/634/634 683/683/683
f 633/633/633 683/683/683 682/682/682
f 634/634/634 635/635/635 684/684/684
f 634/634/634 684/684/684 683/683/683
f 635/635/635 636/636/636 685/685/685
f 635/635/635 685/685/685 684/684/684
f 636/636/636 637/637/637 686/686/686
f 636/636/636 686/686/686 685/685/685
f 639/639/639 638/638/638 687/687/687
f 639/639/639 687/687/687 688/688/688
f 638/638/638 640/640/640 689/689/689
f 638/638/638 689/689/689 687/687/687
f 640/640/640 641/641/641 690/690/690
f 640/640/640 690/690/690 689/689/689
f 641/641/641 642/642/642 691/691/691
f 641/641/641 691/691/691 690/690/690
f 642/642/642 643/643/643 692/692/692
f 642/642/642 692/692/692 691/691/691
f 643/643/643 644/644/644 693/693/693
f 643/643/643 693/693/693 692/692/692
f 644/644/644 645/645/645 694/694/694
f 644/644/644 694/694/694 693/693/693
f 645/645/645 646/646/646 695/695/695
f 645/645/645 695/695/695 694/694/694
f 646/646/646 647/647/647 696/696/696
f 646/646/646 696/696/696 695/695/695
f 647/647/647 648/648/648 697/697/697
f 647/647/647 697/697/697 696/696/696
f 648/648/648 649/649/649 698/698/698
f 648/648/648 698/698/698 697/697/697
f 649/649/649 650/650/650 699/699/699
f 649/649/649 699/699/699 698/698/698
f 650/650/650 651/651/651 700/700/700
f 650/650/650 700/700/700 699/699/699
f 651/651/651 652/652/652 701/701/701
f 651/651/651 701/701/701 700/700/700
f 652/652/652 653/653/653 702/702/702
f 652/652/652 702/702/702 701/701/701
f 653/653/653 654/654/654 703/703/703
f 653/653/653 703/703/703 702/702/702
f 654/654/654 655/655/655 704/704/704
f 654/654/654 704/704/704 703/703/703
f 655/655/655 656/656/656 705/705/705
f 655/655/655 705/705/705 704/704/704
f 656/656/656 657/657/657 706/706/706
f 656/656/656 706/706/706 705/705/705
f 657/657/657 658/658/658 707/707/707
f 657/657/657 707/707/707 706/706/706
f 658/658/658 659/659/659 708/708/708
f 658/658/658 708/708/708 707/707/707
f 659/659/659 660/660/660 709/709/709
f 659/659/659 709/709/709 708/708/708
f 660/660/660 661/661/661 710/710/710
f 660/660/660 710/710/710 709/709/709
f 661/661/661 662/662/662 711/711/711
f 661/661/661 711/711/711 710/710/710
f 662/662/662 663/663/663 712/712/712
f 662/662/662 712/712/712 711/711/711
f 663/663/663 664/664/664 713/713/713
f 663/663/663 713/713/713 712/712/712
f 664/664/664 665/665/665 714/714/714
f 664/664/664 714/714/714 713/713/713
f 665/665/665 666/666/666 715/715/715
f 665/665/665 715/715/715 714/714/714
f 666/666/666 667/667/667 716/716/716
f 666/666/666 716/716/716 715/715/715
f 667/667/667 668/668/668 717/717/717
f 667/667/667 717/717/717 716/716/716
f 668/668/668 669/669/669 718/718/718
f 668/668/668 718/718/718 717/717/717
f 669/669/669 670/670/670 719/719/719
f 669/669/669 719/719/719 718/718/718
f 670/670/670 671/671/671 720/720/720
f 670/670/670 720/720/720 719/719/719
f 671/671/671 672/672/672 721/721/721
f 671/671/671 721/721/721 720/720/720
f 672/672/672 673/673/673 722/722/722
f 672/672/672 722/722/722 721/721/721
f 673/673/673 674/674/674 723/723/723
f 673/673/673 723/723/723 722/722/722
f 674/674/674 675/675/675 724/724/724
f 674/674/674 724/724/724 723/723/723
f 675/675/675 676/676/676 725/725/725
f 675/675/675 725/725/725 724/724/724
f 676/676/676 677/677/677 726/726/726
f 676/676/676 726/726/726 725/725/725
f 677/677/677 678/678/678 727/727/727
f 677/677/677 727/727/727 726/726/726
f 678/678/678 679/679/679 728/728/728
f 678/678/678 728/728/728 727/727/727
f 679/679/679 680/680/680 729/729/729
f 679/679/679 729/729/729 728/728/728
f 680/680/680 681/681/681 730/730/730
f 680/680/680 730/730/730 729/729/729
f 681/681/681 682/682/682 731/731/731
f 681/681/681 731/731/731 730/730/730
f 682/682/682 683/683/683 732/732/732
f 682/682/682 732/732/732 731/731/731
f 683/683/683 684/684/684 733/733/733
f 683/683/683 733/733/733 732/732/732
f 684/684/684 685/685/685 734/734/734
f 684/684/684 734/734/734 733/733/733
f 685/685/685 686/686/686 735/735/735
f 685/685/685 735/735/735 734/734/734
f 688/688/688 687/687/687 736/736/736
f 688/688/688 736/736/736 737/737/737
f 687/687/687 689/689/689 738/738/738
f 687/687/687 738/738/738 736/736/736
f 689/689/689 690/690/690 739/739/739
f 689/689/689 739/739/739 738/738/738
f 690/690/690 691/691/691 740/740/740
f 690/690/690 740/740/740 739/739/739
f 691/691/691 692/692/692 741/741/741
f 691/691/691 741/741/741 740/740/740
f 692/692/692 693/693/693 742/742/742
f 692/692/692 742/742/742 741/741/741
f 693/693/693 694/694/694 743/743/743
f 693/693/693 743/743/743 742/742/742
f 694/694/694 695/695/695 744/744/744
f 694/694/694 744/744/744 743/743/743
f 695/695/695 696/696/696 745/745/745
f 695/695/695 745/745/745 744/744/744
f 696/696/696 697/697/697 746/746/746
f 696/696/696 746/746/746 745/745/745
f 697/697/697 698/698/698 747/747/747
f 697/697/697 747/747/747 746/746/746
f 698/698/698 699/699/699 748/748/748
f 698/698/698 748/748/748 747/747/747
f 699/699/699 700/700/700 749/749/749
f 699/699/699 749/749/749 748/748/748
f 700/700/700 701/701/701 750/750/750
f 700/700/700 750/750/750 749/749/749
f 701/701/701 702/702/702 751/751/751
f 701/701/701 751/751/751 750/750/750
f 702/702/702 703/703/703 752/752/752
f 702/702/702 752/752/752 751/751/751
f 703/703/703 704/704/704 753/753/753
f 703/703/703 753/753/753 752/752/752
f 704/704/704 705/705/705 754/754/754
f 704/704/704 754/754/754 753/753/753
f 705/705/705 706/706/706 755/755/755
f 705/705/705 755/755/755 754/754/754
f 706/706/706 707/707/707 756/756/756
f 706/706/706 756/756/756 755/755/755
f 707/707/707 708/708/708 757/757/757
f 707/707/707 757/757/757 756/756/756
f 708/708/708 709/709/709 758/758/758
f 708/708/708 758/758/758 757/757/757
f 709/709/709 710/710/710 759/759/759
f 709/709/709 759/759/759 758/758/758
f 710/710/710 711/711/711 760/760/760
f 710/710/710 760/760/760 759/759/759
f 711/711/711 712/712/712 761/761/761
f 711/711/711 761/761/761 760/760/760
f 712/712/712 713/713/713 762/762/762
f 712/712/712 762/762/762 761/761/761
f 713/713/713 714/714/714 763/763/763
f 713/713/713 763/763/763 762/762/762
f 714/714/714 715/715/715 764/764/764
f 714/714/714 764/764/764 763/763/763
f 715/715/715 716/716/716 765/765/765
f 715/715/715 765/765/765 764/764/764
f 716/716/716 717/717/717 766/766/766
f 716/716/716 766/766/766 765/765/765
f 717/717/717 718/718/718 767/767/767
f 717/717/717 767/767/767 766/766/766
f 718/718/718 719/719/719 768/768/768
f 718/718/718 768/768/768 767/767/767
f 719/719/719 720/720/720 769/769/769
f 719/719/719 769/769/769 768/768/768
f 720/720/720 721/721/721 770/770/770
f 720/720/720 770/770/770 769/769/769
f 721/721/721 722/722/722 771/771/771
f 721/721/721 771/771/771 770/770/770
f 722/722/722 723/723/723 772/772/772
f 722/722/722 772/772/772 771/771/771
f 723/723/723 724/724/724 773/773/773
f 723/723/723 773/773/773 772/772/772
f 724/724/724 725/725/725 774/774/774
f 724/724/724 774/774/774 773/773/773
f 725/725/725 726/726/726 775/775/775
f 725/725/725 775/775/775 774/774/774
f 726/726/726 727/727/727 776/776/776
f 726/726/726 776/776/776 775/775/775
f 727/727/727 728/728/728 777/777/777
f 727/727/727 777/777/777 776/776/776
f 728/728/728 729/729/729 778/778/778
f 728/728/728 778/778/778 777/777/777
f 729/729/729 730/730/730 779/779/779
f 729/729/729 779/779/779 778/778/778
f 730/730/730 731/731/731 780/780/780
f 730/730/730 780/780/780 779/779/779
f 731/731/731 732/732/732 781/781/781
f 731/731/731 781/781/781 780/780/780
f 732/732/732 733/733/733 782/782/782
f 732/732/732 782/782/782 781/781/781
f 733/733/733 734/734/734 783/783/783
f 733/733/733 783/783/783 782/782/782
f 734/734/734 735/735/735 784/784/784
f 734/734/734 784/784/784 783/783/783
f 737/737/737 736/736/736 785/785/785
f 737/737/737 785/785/785 786/786/786
f 736/736/736 738/738/738 787/787/787
f 736/736/736 787/787/787 785/785/785
f 738/738/738 739/739/739 788/788/788
f 738/738/738 788/788/788 787/787/787
f 739/739/739 740/740/740 789/789/789
f 739/739/739 789/789/789 788/788/788
f 740/740/740 741/741/741 790/790/790
f 740/740/740 790/790/790 789/789/789
f 741/741/741 742/742/742 791/791/791
f 741/741/741 791/791/791 790/790/790
f 742/742/742 743/743/743 792/792/792
f 742/742/742 792/792/792 791/791/791
f 743/743/743 744/744/744 793/793/793
f 743/743/743 793/793/793 792/792/792
f 744/744/744 745/745/745 794/794/794
f 744/744/744 794/794/794 793/793/793
f 745/745/745 746/746/746 795/795/795
f 745/745/745 795/795/795 794/794/794
f 746/746/746 747/747/747 796/796/796
f 746/746/746 796/796/796 795/795/795
f 747/747/747 748/748/748 797/797/797
f 747/747/747 797/797/797 796/796/796
f 748/748/748 749/749/749 798/798/798
f 748/748/748 798/798/798 797/797/797
f 749/749/749 750/750/750 799/799/799
f 749/749/749 799/799/799 798/798/798
f 750/750/750 751/751/751 800/800/800
f 750/750/750 800/800/800 799/799/799
f 751/751/751 752/752/752 801/801/801
f 751/751/751 801/801/801 800/800/800
f 752/752/752 753/753/753 802/802/802
f 752/752/752 802/802/802 801/801/801
f 753/753/753 754/754/754 803/803/803
f 753/753/753 803/803/803 802/802/802
f 754/754/754 755/755/755 804/804/804
f 754/754/754 804/804/804 803/803/803
f 755/755/755 756/756/756 805/805/805
f 755/755/755 805/805/805 804/804/804
f 756/756/756 757/757/757 806/806/806
f 756/756/756 806/806/806 805/805/805
f 757/757/757 758/758/758 807/807/807
f 757/757/757 807/807/807 806/806/806
f 758/758/758 759/759/759 808/808/808
f 758/758/758 808/808/808 807/807/807
f 759/759/759 760/760/760 809/809/809
f 759/759/759 809/809/809 808/808/808
f 760/760/760 761/761/761 810/810/810
f 760/760/760 810/810/810 809/809/809
f 761/761/761 762/762/762 811/811/811
f 761/761/761 811/811/811 810/810/810
f 762/762/762 763/763/763 812/812/812
f 762/762/762 812/812/812 811/811/811
f 763/763/763 764/764/764 813/813/813
f 763/763/763 813/813/813 812/812/812
f 764/764/764 765/765/765 814/814/814
f 764/764/764 814/814/814 813/813/813
f 765/765/765 766/766/766 815/815/815
f 765/765/765 815/815/815 814/814/814
f 766/766/766 767/767/767 816/816/816
f 766/766/766 816/816/816 815/815/815
f 767/767/767 768/768/768 817/817/817
f 767/767/767 817/817/817 816/816/816
f 768/768/768 769/769/769 818/818/818
f 768/768/768 818/818/818 817/817/817
f 769/769/769 770/770/770 819/819/819
f 769/769/769 819/819/819 818/818/818
f 770/770/770 771/771/771 820/820/820
f 770/770/770 820/820/820 819/819/819
f 771/771/771 772/772/772 821/821/821
f 771/771/771 821/821/821 820/820/820
f 772/772/772 773/773/773 822/822/822
f 772/772/772 822/822/822 821/821/821
f 773/773/773 774/774/774 823/823/823
f 773/773/773 823/823/823 822/822/822
f 774/774/774 775/775/775 824/824/824
f 774/774/774 824/824/824 823/823/823
f 775/775/775 776/776/776 825/825/825
f 775/775/775 825/825/825 824/824/824
f 776/776/776 777/777/777 826/826/826
f 776/776/776 826/826/826 825/825/825
f 777/777/777 778/778/778 827/827/827
f 777/777/777 827/827/827 826/826/826
f 778/778/778 779/779/779 828/828/828
f 778/778/778 828/828/828 827/827/827
f 779/779/779 780/780/780 829/829/829
f 779/779/779 829/829/829 828/828/828
f 780/780/780 781/781/781 830/830/830
f 780/780/780 830/830/830 829/829/829
f 781/781/781 782/782/782 831/831/831
f 781/781/781 831/831/831 830/830/830
f 782/782/782 783/783/783 832/832/832
f 782/782/782 832/832/832 831/831/831
f 783/783/783 784/784/784 833/833/833
f 783/783/783 833/833/833 832/832/832
f 786/786/786 785/785/785 834/834/834
f 786/786/786 834/834/834 835/835/835
f 785/785/785 787/787/787 836/836/836
f 785/785/785 836/836/836 834/834/834
f 787/787/787 788/788/788 837/837/837
f 787/787/787 837/837/837 836/836/836
f 788/788/788 789/789/789 838/838/838
f 788/788/788 838/838/838 837/837/837
f 789/789/789 790/790/790 839/839/839
f 789/789/789 839/839/839 838/838/838
f 790/790/790 791/791/791 840/840/840
f 790/790/790 840/840/840 839/839/839
f 791/791/791 792/792/792 841/841/841
f 791/791/791 841/841/841 840/840/840
f 792/792/792 793/793/793 842/842/842
f 792/792/792 842/842/842 841/841/841
f 793/793/793 794/794/794 843/843/843
f 793/793/793 843/843/843 842/842/842
f 794/794/794 795/795/795 844/844/844
f 794/794/794 844/844/844 843/843/843
f 795/795/795 796/796/796 845/845/845
f 795/795/795 845/845/845 844/844/844
f 796/796/796 797/797/797 846/846/846
f 796/796/796 846/846/846 845/845/845
f 797/797/797 798/798/798 847/847/847
f 797/797/797 847/847/847 846/846/846
f 798/798/798 799/799/799 848/848/848
f 798/798/798 848/848/848 847/847/847
f 799/799/799 800/800/800 849/849/849
f 799/799/799 849/849/849 848/848/848
f 800/800/800 801/801/801 850/850/850
f 800/800/800 850/850/850 849/849/849
f 801/801/801 802/802/802 851/851/851
f 801/801/801 851/851/851 850/850/850
f 802/802/802 803/803/803 852/852/852
f 802/802/802 852/852/852 851/851/851
f 803/803/803 804/804/804 853/853/853
f 803/803/803 853/853/853 852/852/852
f 804/804/804 805/805/805 854/854/854
f 804/804/804 854/854/854 853/853/853
f 805/805/805 806/806/806 855/855/855
f 805/805/805 855/855/855 854/854/854
f 806/806/806 807/807/807 856/856/856
f 806/806/806 856/856/856 855/855/855
f 807/807/807 808/808/808 857/857/857
f 807/807/807 857/857/857 856/856/856
f 808/808/808 809/809/809 858/858/858
f 808/808/808 858/858/858 857/857/857
f 809/809/809 810/810/810 859/859/859
f 809/809/809 859/859/859 858/858/858
f 810/810/810 811/811/811 860/860/860
f 810/810/810 860/860/860 859/859/859
f 811/811/811 812/812/812 861/861/861
f 811/811/811 861/861/861 860/860/860
f 812/812/812 813/813/813 862/862/862
f 812/812/812 862/862/862 861/861/861
f 813/813/813 814/814/814 863/863/863
f 813/813/813 863/863/863 862/862/862
f 814/814/814 815/815/815 864/864/864
f 814/814/814 864/864/864 863/863/863
f 815/815/815 816/816/816 865/865/865
f 815/815/815 865/865/865 864/864/864
f 816/816/816 817/817/817 866/866/866
f 816/816/816 866/866/866 865/865/865
f 817/817/817 818/818/818 867/867/867
f 817/817/817 867/867/867 866/866/866
f 818/818/818 819/819/819 868/868/868
f 818/818/818 868/868/868 867/867/867
f 819/819/819 820/820/820 869/869/869
f 819/819/819 869/869/869 868/868/868
f 820/820/820 821/821/821 870/870/870
f 820/820/820 870/870/870 869/869/869
f 821/821/821 822/822/822 871/871/871
f 821/821/821 871/871/871 870/870/870
f 822/822/822 823/823/823 872/872/872
f 822/822/822 872/872/872 871/871/871
f 823/823/823 824/824/824 873/873/873
f 823/823/823 873/873/873 872/872/872
f 824/824/824 825/825/825 874/874/874
f 824/824/824 874/874/874 873/873/873
f 825/825/825 826/826/826 875/875/875
f 825/825/825 875/875/875 874/874/874
f 826/826/826 827/827/827 876/876/876
f 826/826/826 876/876/876 875/875/875
f 827/827/827 828/828/828 877/877/877
f 827/827/827 877/877/877 876/876/876
f 828/828/828 829/829/829 878/878/878
f 828/828/828 878/878/878 877/877/877
f 829/829/829 830/830/830 879/879/879
f 829/829/829 879/879/879 878/878/878
f 830/830/830 831/831/831 880/880/880
f 830/830/830 880/880/880 879/879/879
f 831/831/831 832/832/832 881/881/881
f 831/831/831 881/881/881 880/880/880
f 832/832/832 833/833/833 882/882/882
f 832/832/832 882/882/882 881/881/881
f 835/835/835 834/834/834 883/883/883
f 835/835/835 883/883/883 884/884/884
f 834/834/834 836/836/836 885/885/885
f 834/834/834 885/885/885 883/883/883
f 836/836/836 837/837/837 886/886/886
f 836/836/836 886/886/886 885/885/885
f 837/837/837 838/838/838 887/887/887
f 837/837/837 887/887/887 886/886/886
f 838/838/838 839/839/839 888/888/888
f 838/838/838 888/888/888 887/887/887
f 839/839/839 840/840/840 889/889/889
f 839/839/839 889/889/889 888/888/888
f 840/840/840 841/841/841 890/890/890
f 840/840/840 890/890/890 889/889/889
f 841/841/841 842/842/842 891/891/891
f 841/841/841 891/891/891 890/890/890
f 842/842/842 843/843/843 892/892/892
f 842/842/842 892/892/892 891/891/891
f 843/843/843 844/844/844 893/893/893
f 843/843/843 893/893/893 892/892/892
f 844/844/844 845/845/845 894/894/894
f 844/844/844 894/894/894 893/893/893
f 845/845/845 846/846/846 895/895/895
f 845/845/845 895/895/895 894/894/894
f 846/846/846 847/847/847 896/896/896
f 846/846/846 896/896/896 895/895/895
f 847/847/847 848/848/848 897/897/897
f 847/847/847 897/897/897 896/896/896
f 848/848/848 849/849/849 898/898/898
f 848/848/848 898/898/898 897/897/897
f 849/849/849 850/850/850 899/899/899
f 849/849/849 899/899/899 898/898/898
f 850/850/850 851/851/851 900/900/900
f 850/850/850 900/900/900 899/899/899
f 851/851/851 852/852/852 901/901/901
f 851/851/851 901/901/901 900/900/900
f 852/852/852 853/853/853 902/902/902
f 852/852/852 902/902/902 901/901/901
f 853/853/853 854/854/854 903/903/903
f 853/853/853 903/903/903 902/902/902
f 854/854/854 855/855/855 904/904/904
f 854/854/854 904/904/904 903/903/903
f 855/855/855 856/856/856 905/905/905
f 855/855/855 905/905/905 904/904/904
f 856/856/856 857/857/857 906/906/906
f 856/856/856 906/906/906 905/905/905
f 857/857/857 858/858/858 907/907/907
f 857/857/857 907/907/907 906/906/906
f 858/858/858 859/859/859 908/908/908
f 858/858/858 908/908/908 907/907/907
f 859/859/859 860/860/860 909/909/909
f 859/859/859 909/909/909 908/908/908
f 860/860/860 861/861/861 910/910/910
f 860/860/860 910/910/910 909/909/909
f 861/861/861 862/862/862 911/911/911
f 861/861/861 911/911/911 910/910/910
f 862/862/862 863/863/863 912/912/912
f 862/862/862 912/912/912 911/911/911
f 863/863/863 864/864/864 913/913/913
f 863/863/863 913/913/913 912/912/912
f 864/864/864 865/865/865 914/914/914
f 864/864/864 914/914/914 913/913/913
f 865/865/865 866/866/866 915/915/915
f 865/865/865 915/915/915 914/914/914
f 866/866/866 867/867/867 916/916/916
f 866/866/866 916/916/916 915/915/915
f 867/867/867 868/868/868 917/917/917
f 867/867/867 917/917/917 916/916/916
f 868/868/868 869/869/869 918/918/918
f 868/868/868 918/918/918 917/917/917
f 869/869/869 870/870/870 919/919/919
f 869/869/869 919/919/919 918/918/918
f 870/870/870 871/871/871 920/920/920
f 870/870/870 920/920/920 919/919/919
f 871/871/871 872/872/872 921/921/921
f 871/871/871 921/921/921 920/920/920
f 872/872/872 873/873/873 922/922/922
f 872/872/872 922/922/922 921/921/921
f 873/873/873 874/874/874 923/923/923
f 873/873/873 923/923/923 922/922/922
f 874/874/874 875/875/875 924/924/924
f 874/874/874 924/924/924 923/923/923
f 875/875/875 876/876/876 925/925/925
f 875/875/875 925/925/925 924/924/924
f 876/876/876 877/877/877 926/926/926
f 876/876/876 926/926/926 925/925/925
f 877/877/877 878/878/878 927/927/927
f 877/877/877 927/927/927 926/926/926
f 878/878/878 879/879/879 928/928/928
f 878/878/878 928/928/928 927/927/927
f 879/879/879 880/880/880 929/929/929
f 879/879/879 929/929/929 928/928/928
f 880/880/880 881/881/881 930/930/930
f 880/880/880 930/930/930 929/929/929
f 881/881/881 882/882/882 931/931/931
f 881/881/881 931/931/931 930/930/930
f 884/884/884 883/883/883 932/932/932
f 884/884/884 932/932/932 933/933/933
f 883/883/883 885/885/885 934/934/934
f 883/883/883 934/934/934 932/932/932
f 885/885/885 886/886/886 935/935/935
f 885/885/885 935/935/935 934/934/934
f 886/886/886 887/887/887 936/936/936
f 886/886/886 936/936/936 935/935/935
f 887/887/887 888/888/888 937/937/937
f 887/887/887 937/937/937 936/936/936
f 888/888/888 889/889/889 938/938/938
f 888/888/888 938/938/938 937/937/937
f 889/889/889 890/890/890 939/939/939
f 889/889/889 939/939/939 938/938/938
f 890/890/890 891/891/891 940/940/940
f 890/890/890 940/940/940 939/939/939
f 891/891/891 892/892/892 941/941/941
f 891/891/891 941/941/941 940/940/940
f 892/892/892 893/893/893 942/942/942
f 892/892/892 942/942/942 941/941/941
f 893/893/893 894/894/894 943/943/943
f 893/893/893 943/943/943 942/942/942
f 894/894/894 895/895/895 944/944/944
f 894/894/894 944/944/944 943/943/943
f 895/895/895 896/896/896 945/945/945
f 895/895/895 945/945/945 944/944/944
f 896/896/896 897/897/897 946/946/946
f 896/896/896 946/946/946 945/945/945
f 897/897/897 898/898/898 947/947/947
f 897/897/897 947/947/947 946/946/946
f 898/898/898 899/899/899 948/948/948
f 898/898/898 948/948/948 947/947/947
f 899/899/899 900/900/900 949/949/949
f 899/899/899 949/949/949 948/948/948
f 900/900/900 901/901/901 950/950/950
f 900/900/900 950/950/950 949/949/949
f 901/901/901 902/902/902 951/951/951
f 901/901/901 951/951/951 950/950/950
f 902/902/902 903/903/903 952/952/952
f 902/902/902 952/952/952 951/951/951
f 903/903/903 904/904/904 953/953/953
f 903/903/903 953/953/953 952/952/952
f 904/904/904 905/905/905 954/954/954
f 904/904/904 954/954/954 953/953/953
f 905/905/905 906/906/906 955/955/955
f 905/905/905 955/955/955 954/954/954
f 906/906/906 907/907/907 956/956/956
f 906/906/906 956/956/956 955/955/955
f 907/907/907 908/908/908 957/957/957
f 907/907/907 957/957/957 956/956/956
f 908/908/908 909/909/909 958/958/958
f 908/908/908 958/958/958 957/957/957
f 909/909/909 910/910/910 959/959/959
f 909/909/909 959/959/959 958/958/958
f 910/910/910 911/911/911 960/960/960
f 910/910/910 960/960/960 959/959/959
f 911/911/911 912/912/912 961/961/961
f 911/911/911 961/961/961 960/960/960
f 912/912/912 913/913/913 962/962/962
f 912/912/912 962/962/962 961/961/961
f 913/913/913 914/914/914 963/963/963
f 913/913/913 963/963/963 962/962/962
f 914/914/914 915/915/915 964/964/964
f 914/914/914 964/964/964 963/963/963
f 915/915/915 916/916/916 965/965/965
f 915/915/915 965/965/965 964/964/964
f 916/916/916 917/917/917 966/966/966
f 916/916/916 966/966/966 965/965/965
f 917/917/917 918/918/918 967/967/967
f 917/917/917 967/967/967 966/966/966
f 918/918/918 919/919/919 968/968/968
f 918/918/918 968/968/968 967/967/967
f 919/919/919 920/920/920 969/969/969
f 919/919/919 969/969/969 968/968/968
f 920/920/920 921/921/921 970/970/970
f 920/920/920 970/970/970 969/969/969
f 921/921/921 922/922/922 971/971/971
f 921/921/921 971/971/971 970/970/970
f 922/922/922 923/923/923 972/972/972
f 922/922/922 972/972/972 971/971/971
f 923/923/923 924/924/924 973/973/973
f 923/923/923 973/973/973 972/972/972
f 924/924/924 925/925/925 974/974/974
f 924/924/924 974/974/974 973/973/973
f 925/925/925 926/926/926 975/975/975
f 925/925/925 975/975/975 974/974/974
f 926/926/926 927/927/927 976/976/976
f 926/926/926 976/976/976 975/975/975
f 927/927/927 928/928/928 977/977/977
f 927/927/927 977/977/977 976/976/976
f 928/928/928 929/929/929 978/978/978
f 928/928/928 978/978/978 977/977/977
f 929/929/929 930/930/930 979/979/979
f 929/929/929 979/979/979 978/978/978
f 930/930/930 931/931/931 980/980/980
f 930/930/930 980/980/980 979/979/979
f 933/933/933 932/932/932 981/981/981
f 933/933/933 981/981/981 982/982/982
f 932/932/932 934/934/934 983/983/983
f 932/932/932 983/983/983 981/981/981
f 934/934/934 935/935/935 984/984/984
f 934/934/934 984/984/984 983/983/983
f 935/935/935 936/936/936 985/985/985
f 935/935/935 985/985/985 984/984/984
f 936/936/936 937/937/937 986/986/986
f 936/936/936 986/986/986 985/985/985
f 937/937/937 938/938/938 987/987/987
f 937/937/937 987/987/987 986/986/986
f 938/938/938 939/939/939 988/988/988
f 938/938/938 988/988/988 987/987/987
f 939/939/939 940/940/940 989/989/989
f 939/939/939 989/989/989 988/988/988
f 940/940/940 941/941/941 990/990/990
f 940/940/940 990/990/990 989/989/989
f 941/941/941 942/942/942 991/991/991
f 941/941/941 991/991/991 990/990/990
f 942/942/942 943/943/943 992/992/992
f 942/942/942 992/992/992 991/991/991
f 943/943/943 944/944/944 993/993/993
f 943/943/943 993/993/993 992/992/992
f 944/944/944 945/945/945 994/994/994
f 944/944/944 994/994/994 993/993/993
f 945/945/945 946/946/946 995/995/995
f 945/945/945 995/995/995 994/994/994
f 946/946/946 947/947/947 996/996/996
f 946/946/946 996/996/996 995/995/995
f 947/947/947 948/948/948 997/997/997
f 947/947/947 997/997/997 996/996/996
f 948/948/948 949/949/949 998/998/998
f 948/948/948 998/998/998 997/997/997
f 949/949/949 950/950/950 999/999/999
f 949/949/949 999/999/999 998/998/998
f 950/950/950 951/951/951 1000/1000/1000
f 950/950/950 1000/1000/1000 999/999/999
f 951/951/951 952/952/952 1001/1001/1001
f 951/951/951 1001/1001/1001 1000/1000/1000
f 952/952/952 953/953/953 1002/1002/1002
f 952/952/952 1002/1002/1002 1001/1001/1001
f 953/953/953 954/954/954 1003/1003/1003
f 953/953/953 1003/1003/1003 1002/1002/1002
f 954/954/954 955/955/955 1004/1004/1004
f 954/954/954 1004/1004/1004 1003/1003/1003
f 955/955/955 956/956/956 1005/1005/1005
f 955/955/955 1005/1005/1005 1004/1004/1004
f 956/956/956 957/957/957 1006/1006/1006
f 956/956/956 1006/1006/1006 1005/1005/1005
f 957/957/957 958/958/958 1007/1007/1007
f 957/957/957 1007/1007/1007 1006/1006/1006
f 958/958/958 959/959/959 1008/1008/1008
f 958/958/958 1008/1008/1008 1007/1007/1007
f 959/959/959 960/960/960 1009/1009/1009
f 959/959/959 1009/1009/1009 1008/1008/1008
f 960/960/960 961/961/961 1010/1010/1010
f 960/960/960 1010/1010/1010 1009/1009/1009
f 961/961/961 962/962/962 1011/1011/1011
f 961/961/961 1011/1011/1011 1010/1010/1010
f 962/962/962 963/963/963 1012/1012/1012
f 962/962/962 1012/1012/1012 1011/1011/1011
f 963/963/963 964/964/964 1013/1013/1013
f 963/963/963 1013/1013/1013 1012/1012/1012
f 964/964/964 965/965/965 1014/1014/1014
f 964/964/964 1014/1014/1014 1013/1013/1013
f 965/965/965 966/966/966 1015/1015/1015
f 965/965/965 1015/1015/1015 1014/1014/1014
f 966/966/966 967/967/967 1016/1016/1016
f 966/966/966 1016/1016/1016 1015/1015/1015
f 967/967/967 968/968/968 1017/1017/1017
f 967/967/967 1017/1017/1017 1016/1016/1016
f 968/968/968 969/969/969 1018/1018/1018
f 968/968/968 1018/1018/1018 1017/1017/1017
f 969/969/969 970/970/970 1019/1019/1019
f 969/969/969 1019/1019/1019 1018/1018/1018
f 970/970/970 971/971/971 1020/1020/1020
f 970/970/970 1020/1020/1020 1019/1019/1019
f 971/971/971 972/972/972 1021/1021/1021
f 971/971/971 1021/1021/1021 1020/1020/1020
f 972/972/972 973/973/973 1022/1022/1022
f 972/972/972 1022/1022/1022 1021/1021/1021
f 973/973/973 974/974/974 1023/1023/1023
f 973/973/973 1023/1023/1023 1022/1022/1022
f 974/974/974 975/975/975 1024/1024/1024
f 974/974/974 1024/1024/1024 1023/1023/1023
f 975/975/975 976/976/976 1025/1025/1025
f 975/975/975 1025/1025/1025 1024/1024/1024
f 976/976/976 977/977/977 1026/1026/1026
f 976/976/976 1026/1026/1026 1025/1025/1025
f 977/977/977 978/978/978 1027/1027/1027
f 977/977/977 1027/1027/1027 1026/1026/1026
f 978/978/978 979/979/979 1028/1028/1028
f 978/978/978 1028/1028/1028 1027/1027/1027
f 979/979/979 980/980/980 1029/1029/1029
f 979/979/979 1029/1029/1029 1028/1028/1028
f 982/982/982 981/981/981 1030/1030/1030
f 982/982/982 1030/1030/1030 1031/1031/1031
f 981/981/981 983/983/983 1032/1032/1032
f 981/981/981 1032/1032/1032 1030/1030/1030
f 983/983/983 984/984/984 1033/1033/1033
f 983/983/983 1033/1033/1033 1032/1032/1032
f 984/984/984 985/985/985 1034/1034/1034
f 984/984/984 1034/1034/1034 1033/1033/1033
f 985/985/985 986/986/986 1035/1035/1035
f 985/985/985 1035/1035/1035 1034/1034/1034
f 986/986/986 987/987/987 1036/1036/1036
f 986/986/986 1036/1036/1036 1035/1035/1035
f 987/987/987 988/988/988 1037/1037/1037
f 987/987/987 1037/1037/1037 1036/1036/1036
f 988/988/988 989/989/989 1038/1038/1038
f 988/988/988 1038/1038/1038 1037/1037/1037
f 989/989/989 990/990/990 1039/1039/1039
f 989/989/989 1039/1039/1039 1038/1038/1038
f 990/990/990 991/991/991 1040/1040/1040
f 990/990/990 1040/1040/1040 1039/1039/1039
f 991/991/991 992/992/992 1041/1041/1041
f 991/991/991 1041/1041/1041 1040/1040/1040
f 992/992/992 993/993/993 1042/1042/1042
f 992/992/992 1042/1042/1042 1041/1041/1041
f 993/993/993 994/994/994 1043/1043/1043
f 993/993/993 1043/1043/1043 1042/1042/1042
f 994/994/994 995/995/995 1044/1044/1044
f 994/994/994 1044/1044/1044 1043/1043/1043
f 995/995/995 996/996/996 1045/1045/1045
f 995/995/995 1045/1045/1045 1044/1044/1044
f 996/996/996 997/997/997 1046/1046/1046
f 996/996/996 1046/1046/1046 1045/1045/1045
f 997/997/997 998/998/998 1047/1047/1047
f 997/997/997 1047/1047/1047 1046/1046/1046
f 998/998/998 999/999/999 1048/1048/1048
f 998/998/998 1048/1048/1048 1047/1047/1047
f 999/999/999 1000/1000/1000 1049/1049/1049
f 999/999/999 1049/1049/1049 1048/1048/1048
f 1000/1000/1000 1001/1001/1001 1050/1050/1050
f 1000/1000/1000 1050/1050/1050 1049/1049/1049
f 1001/1001/1001 1002/1002/1002 1051/1051/1051
f 1001/1001/1001 1051/1051/1051 1050/1050/1050
f 1002/1002/1002 1003/1003/1003 1052/1052/1052
f 1002/1002/1002 1052/1052/1052 1051/1051/1051
f 1003/1003/1003 1004/1004/1004 1053/1053/1053
f 1003/1003/1003 1053/1053/1053 1052/1052/1052
f 1004/1004/1004 1005/1005/1005 1054/1054/1054
f 1004/1004/1004 1054/1054/1054 1053/1053/1053
f 1005/1005/1005 1006/1006/1006 1055/1055/1055
f 1005/1005/1005 1055/1055/1055 1054/1054/1054
f 1006/1006/1006 1007/1007/1007 1056/1056/1056
f 1006/1006/1006 1056/1056/1056 1055/1055/1055
f 1007/1007/1007 1008/1008/1008 1057/1057/1057
f 1007/1007/1007 1057/1057/1057 1056/1056/1056
f 1008/1008/1008 1009/1009/1009 1058/1058/1058
f 1008/1008/1008 1058/1058/1058 1057/1057/1057
f 1009/1009/1009 1010/1010/1010 1059/1059/1059
f 1009/1009/1009 1059/1059/1059 1058/1058/1058
f 1010/1010/1010 1011/1011/1011 1060/1060/1060
f 1010/1010/1010 1060/1060/1060 1059/1059/1059
f 1011/1011/1011 1012/1012/1012 1061/1061/1061
f 1011/1011/1011 1061/1061/1061 1060/1060/1060
f 1012/1012/1012 1013/1013/1013 1062/1062/1062
f 1012/1012/1012 1062/1062/1062 1061/1061/1061
f 1013/1013/1013 1014/1014/1014 1063/1063/1063
f 1013/1013/1013 1063/1063/1063 1062/1062/1062
f 1014/1014/1014 1015/1015/1015 1064/1064/1064
f 1014/1014/1014 1064/1064/1064 1063/1063/1063
f 1015/1015/1015 1016/1016/1016 1065/1065/1065
f 1015/1015/1015 1065/1065/1065 1064/1064/1064
f 1016/1016/1016 1017/1017/1017 1066/1066/1066
f 1016/1016/1016 1066/1066/1066 1065/1065/1065
f 1017/1017/1017 1018/1018/1018 1067/1067/1067
f 1017/1017/1017 1067/1067/1067 1066/1066/1066
f 1018/1018/1018 1019/1019/1019 1068/1068/1068
f 1018/1018/1018 1068/1068/1068 1067/1067/1067
f 1019/1019/1019 1020/1020/1020 1069/1069/1069
f 1019/1019/1019 1069/1069/1069 1068/1068/1068
f 1020/1020/1020 1021/1021/1021 1070/1070/1070
f 1020/1020/1020 1070/1070/1070 1069/1069/1069
f 1021/1021/1021 1022/1022/1022 1071/1071/1071
f 1021/1021/1021 1071/1071/1071 1070/1070/1070
f 1022/1022/1022 1023/1023/1023 1072/1072/1072
f 1022/1022/1022 1072/1072/1072 1071/1071/1071
f 1023/1023/1023 1024/1024/1024 1073/1073/1073
f 1023/1023/1023 1073/1073/1073 1072/1072/1072
f 1024/1024/1024 1025/1025/1025 1074/1074/1074
f 1024/1024/1024 1074/1074/1074 1073/1073/1073
f 1025/1025/1025 1026/1026/1026 1075/1075/1075
f 1025/1025/1025 1075/1075/1075 1074/1074/1074
f 1026/1026/1026 1027/1027/1027 1076/1076/1076
f 1026/1026/1026 1076/1076/1076 1075/1075/1075
f 1027/1027/1027 1028/1028/1028 1077/1077/1077
f 1027/1027/1027 1077/1077/1077 1076/1076/1076
f 1028/1028/1028 1029/1029/1029 1078/1078/1078
f 1028/1028/1028 1078/1078/1078 1077/1077/1077
f 1031/1031/1031 1030/1030/1030 1079/1079/1079
f 1031/1031/1031 1079/1079/1079 1080/1080/1080
f 1030/1030/1030 1032/1032/1032 1081/1081/1081
f 1030/1030/1030 1081/1081/1081 1079/1079/1079
f 1032/1032/1032 1033/1033/1033 1082/1082/1082
f 1032/1032/1032 1082/1082/1082 1081/1081/1081
f 1033/1033/1033 1034/1034/1034 1083/1083/1083
f 1033/1033/1033 1083/1083/1083 1082/1082/1082
f 1034/1034/1034 1035/1035/1035 1084/1084/1084
f 1034/1034/1034 1084/1084/1084 1083/1083/1083
f 1035/1035/1035 1036/1036/1036 1085/1085/1085
f 1035/1035/1035 1085/1085/1085 1084/1084/1084
f 1036/1036/1036 1037/1037/1037 1086/1086/1086
f 1036/1036/1036 1086/1086/1086 1085/1085/1085
f 1037/1037/1037 1038/1038/1038 1087/1087/1087
f 1037/1037/1037 1087/1087/1087 1086/1086/1086
f 1038/1038/1038 1039/1039/1039 1088/1088/1088
f 1038/1038/1038 1088/1088/1088 1087/1087/1087
f 1039/1039/1039 1040/1040/1040 1089/1089/1089
f 1039/1039/1039 1089/1089/1089 1088/1088/1088
f 1040/1040/1040 1041/1041/1041 1090/1090/1090
f 1040/1040/1040 1090/1090/1090 1089/1089/1089
f 1041/1041/1041 1042/1042/1042 1091/1091/1091
f 1041/1041/1041 1091/1091/1091 1090/1090/1090
f 1042/1042/1042 1043/1043/1043 1092/1092/1092
f 1042/1042/1042 1092/1092/1092 1091/1091/1091
f 1043/1043/1043 1044/1044/1044 1093/1093/1093
f 1043/1043/1043 1093/1093/1093 1092/1092/1092
f 1044/1044/1044 1045/1045/1045 1094/1094/1094
f 1044/1044/1044 1094/1094/1094 1093/1093/1093
f 1045/1045/1045 1046/1046/1046 1095/1095/1095
f 1045/1045/1045 1095/1095/1095 1094/1094/1094
f 1046/1046/1046 1047/1047/1047 1096/1096/1096
f 1046/1046/1046 1096/1096/1096 1095/1095/1095
f 1047/1047/1047 1048/1048/1048 1097/1097/1097
f 1047/1047/1047 1097/1097/1097 1096/1096/1096
f 1048/1048/1048 1049/1049/1049 1098/1098/1098
f 1048/1048/1048 1098/1098/1098 1097/1097/1097
f 1049/1049/1049 1050/1050/1050 1099/1099/1099
f 1049/1049/1049 1099/1099/1099 1098/1098/1098
f 1050/1050/1050 1051/1051/1051 1100/1100/1100
f 1050/1050/1050 1100/1100/1100 1099/1099/1099
f 1051/1051/1051 1052/1052/1052 1101/1101/1101
f 1051/1051/1051 1101/1101/1101 1100/1100/1100
f 1052/1052/1052 1053/1053/1053 1102/1102/1102
f 1052/1052/1052 1102/1102/1102 1101/1101/1101
f 1053/1053/1053 1054/1054/1054 1103/1103/1103
f 1053/1053/1053 1103/1103/1103 1102/1102/1102
f 1054/1054/1054 1055/1055/1055 1104/1104/1104
f 1054/1054/1054 1104/1104/1104 1103/1103/1103
f 1055/1055/1055 1056/1056/1056 1105/1105/1105
f 1055/1055/1055 1105/1105/1105 1104/1104/1104
f 1056/1056/1056 1057/1057/1057 1106/1106/1106
f 1056/1056/1056 1106/1106/1106 1105/1105/1105
f 1057/1057/1057 1058/1058/1058 1107/1107/1107
f 1057/1057/1057 1107/1107/1107 1106/1106/1106
f 1058/1058/1058 1059/1059/1059 1108/1108/1108
f 1058/1058/1058 1108/1108/1108 1107/1107/1107
f 1059/1059/1059 1060/1060/1060 1109/1109/1109
f 1059/1059/1059 1109/1109/1109 1108/1108/1108
f 1060/1060/1060 1061/1061/1061 1110/1110/1110
f 1060/1060/1060 1110/1110/1110 1109/1109/1109
f 1061/1061/1061 1062/1062/1062 1111/1111/1111
f 1061/1061/1061 1111/1111/1111 1110/1110/1110
f 1062/1062/1062 1063/1063/1063 1112/1112/1112
f 1062/1062/1062 1112/1112/1112 1111/1111/1111
f 1063/1063/1063 1064/1064/1064 1113/1113/1113
f 1063/1063/1063 1113/1113/1113 1112/1112/1112
f 1064/1064/1064 1065/1065/1065 1114/1114/1114
f 1064/1064/1064 1114/1114/1114 1113/1113/1113
f 1065/1065/1065 1066/1066/1066 1115/1115/1115
f 1065/1065/1065 1115/1115/1115 1114/1114/1114
f 1066/1066/1066 1067/1067/1067 1116/1116/1116
f 1066/1066/1066 1116/1116/1116 1115/1115/1115
f 1067/1067/1067 1068/1068/1068 1117/1117/1117
f 1067/1067/1067 1117/1117/1117 1116/1116/1116
f 1068/1068/1068 1069/1069/1069 1118/1118/1118
f 1068/1068/1068 1118/1118/1118 1117/1117/1117
f 1069/1069/1069 1070/1070/1070 1119/1119/1119
f 1069/1069/1069 1119/1119/1119 1118/1118/1118
f 1070/1070/1070 1071/1071/1071 1120/1120/1120
f 1070/1070/1070 1120/1120/1120 1119/1119/1119
f 1071/1071/1071 1072/1072/1072 1121/1121/1121
f 1071/1071/1071 1121/1121/1121 1120/1120/1120
f 1072/1072/1072 1073/1073/1073 1122/1122/1122
f 1072/1072/1072 1122/1122/1122 1121/1121/1121
f 1073/1073/1073 1074/1074/1074 1123/1123/1123
f 1073/1073/1073 1123/1123/1123 1122/1122/1122
f 1074/1074/1074 1075/1075/1075 1124/1124/1124
f 1074/1074/1074 1124/1124/1124 1123/1123/1123
f 1075/1075/1075 1076/1076/1076 1125/1125/1125
f 1075/1075/1075 1125/1125/1125 1124/1124/1124
f 1076/1076/1076 1077/1077/1077 1126/1126/1126
f 1076/1076/1076 1126/1126/1126 1125/1125/1125
f 1077/1077/1077 1078/1078/1078 1127/1127/1127
f 1077/1077/1077 1127/1127/1127 1126/1126/1126
f 1080/1080/1080 1079/1079/1079 1128/1128/1128
f 1080/1080/1080 1128/1128/1128 1129/1129/1129
f 1079/1079/1079 1081/1081/1081 1130/1130/1130
f 1079/1079/1079 1130/1130/1130 1128/1128/1128
f 1081/1081/1081 1082/1082/1082 1131/1131/1131
f 1081/1081/1081 1131/1131/1131 1130/1130/1130
f 1082/1082/1082 1083/1083/1083 1132/1132/1132
f 1082/1082/1082 1132/1132/1132 1131/1131/1131
f 1083/1083/1083 1084/1084/1084 1133/1133/1133
f 1083/1083/1083 1133/1133/1133 1132/1132/1132
f 1084/1084/1084 1085/1085/1085 1134/1134/1134
f 1084/1084/1084 1134/1134/1134 1133/1133/1133
f 1085/1085/1085 1086/1086/1086 1135/1135/1135
f 1085/1085/1085 1135/1135/1135 1134/1134/1134
f 1086/1086/1086 1087/1087/1087 1136/1136/1136
f 1086/1086/1086 1136/1136/1136 1135/1135/1135
f 1087/1087/1087 1088/1088/1088 1137/1137/1137
f 1087/1087/1087 1137/1137/1137 1136/1136/1136
f 1088/1088/1088 1089/1089/1089 1138/1138/1138
f 1088/1088/1088 1138/1138/1138 1137/1137/1137
f 1089/1089/1089 1090/1090/1090 1139/1139/1139
f 1089/1089/1089 1139/1139/1139 1138/1138/1138
f 1090/1090/1090 1091/1091/1091 1140/1140/1140
f 1090/1090/1090 1140/1140/1140 1139/1139/1139
f 1091/1091/1091 1092/1092/1092 1141/1141/1141
f 1091/1091/1091 1141/1141/1141 1140/1140/1140
f 1092/1092/1092 1093/1093/1093 1142/1142/1142
f 1092/1092/1092 1142/1142/1142 1141/1141/1141
f 1093/1093/1093 1094/1094/1094 1143/1143/1143
f 1093/1093/1093 1143/1143/1143 1142/1142/1142
f 1094/1094/1094 1095/1095/1095 1144/1144/1144
f 1094/1094/1094 1144/1144/1144 1143/1143/1143
f 1095/1095/1095 1096/1096/1096 1145/1145/1145
f 1095/1095/1095 1145/1145/1145 1144/1144/1144
f 1096/1096/1096 1097/1097/1097 1146/1146/1146
f 1096/1096/1096 1146/1146/1146 1145/1145/1145
f 1097/1097/1097 1098/1098/1098 1147/1147/1147
f 1097/1097/1097 1147/1147/1147 1146/1146/1146
f 1098/1098/1098 1099/1099/1099 1148/1148/1148
f 1098/1098/1098 1148/1148/1148 1147/1147/1147
f 1099/1099/1099 1100/1100/1100 1149/1149/1149
f 1099/1099/1099 1149/1149/1149 1148/1148/1148
f 1100/1100/1100 1101/1101/1101 1150/1150/1150
f 1100/1100/1100 1150/1150/1150 1149/1149/1149
f 1101/1101/1101 1102/1102/1102 1151/1151/1151
f 1101/1101/1101 1151/1151/1151 1150/1150/1150
f 1102/1102/1102 1103/1103/1103 1152/1152/1152
f 1102/1102/1102 1152/1152/1152 1151/1151/1151
f 1103/1103/1103 1104/1104/1104 1153/1153/1153
f 1103/1103/1103 1153/1153/1153 1152/1152/1152
f 1104/1104/1104 1105/1105/1105 1154/1154/1154
f 1104/1104/1104 1154/1154/1154 1153/1153/1153
f 1105/1105/1105 1106/1106/1106 1155/1155/1155
f 1105/1105/1105 1155/1155/1155 1154/1154/1154
f 1106/1106/1106 1107/1107/1107 1156/1156/1156
f 1106/1106/1106 1156/1156/1156 1155/1155/1155
f 1107/1107/1107 1108/1108/1108 1157/1157/1157
f 1107/1107/1107 1157/1157/1157 1156/1156/1156
f 1108/1108/1108 1109/1109/1109 1158/1158/1158
f 1108/1108/1108 1158/1158/1158 1157/1157/1157
f 1109/1109/1109 1110/1110/1110 1159/1159/1159
f 1109/1109/1109 1159/1159/1159 1158/1158/1158
f 1110/1110/1110 1111/1111/1111 1160/1160/1160
f 1110/1110/1110 1160/1160/1160 1159/1159/1159
f 1111/1111/1111 1112/1112/1112 1161/1161/1161
f 1111/1111/1111 1161/1161/1161 1160/1160/1160
f 1112/1112/1112 1113/1113/1113 1162/1162/1162
f 1112/1112/1112 1162/1162/1162 1161/1161/1161
f 1113/1113/1113 1114/1114/1114 1163/1163/1163
f 1113/1113/1113 1163/1163/1163 1162/1162/1162
f 1114/1114/1114 1115/1115/1115 1164/1164/1164
f 1114/1114/1114 1164/1164/1164 1163/1163/1163
f 1115/1115/1115 1116/1116/1116 1165/1165/1165
f 1115/1115/1115 1165/1165/1165 1164/1164/1164
f 1116/1116/1116 1117/1117/1117 1166/1166/1166
f 1116/1116/1116 1166/1166/1166 1165/1165/1165
f 1117/1117/1117 1118/1118/1118 1167/1167/1167
f 1117/1117/1117 1167/1167/1167 1166/1166/1166
f 1118/1118/1118 1119/1119/1119 1168/1168/1168
f 1118/1118/1118 1168/1168/1168 1167/1167/1167
f 1119/1119/1119 1120/1120/1120 1169/1169/1169
f 1119/1119/1119 1169/1169/1169 1168/1168/1168
f 1120/1120/1120 1121/1121/1121 1170/1170/1170
f 1120/1120/1120 1170/1170/1170 1169/1169/1169
f 1121/1121/1121 1122/1122/1122 1171/1171/1171
f 1121/1121/1121 1171/1171/1171 1170/1170/1170
f 1122/1122/1122 1123/1123/1123 1172/1172/1172
f 1122/1122/1122 1172/1172/1172 1171/1171/1171
f 1123/1123/1123 1124/1124/1124 1173/1173/1173
f 1123/1123/1123 1173/1173/1173 1172/1172/1172
f 1124/1124/1124 1125/1125/1125 1174/1174/1174
f 1124/1124/1124 1174/1174/1174 1173/1173/1173
f 1125/1125/1125 1126/1126/1126 1175/1175/1175
f 1125/1125/1125 1175/1175/1175 1174/1174/1174
f 1126/1126/1126 1127/1127/1127 1176/1176/1176
f 1126/1126/1126 1176/1176/1176 1175/1175/1175
f 1129/1129/1129 1128/1128/1128 1177/1177/1177
f 1129/1129/1129 1177/1177/1177 1178/1178/1178
f 1128/1128/1128 1130/1130/1130 1179/1179/1179
f 1128/1128/1128 1179/1179/1179 1177/1177/1177
f 1130/1130/1130 1131/1131/1131 1180/1180/1180
f 1130/1130/1130 1180/1180/1180 1179/1179/1179
f 1131/1131/1131 1132/1132/1132 1181/1181/1181
f 1131/1131/1131 1181/1181/1181 1180/1180/1180
f 1132/1132/1132 1133/1133/1133 1182/1182/1182
f 1132/1132/1132 1182/1182/1182 1181/1181/1181
f 1133/1133/1133 1134/1134/1134 1183/1183/1183
f 1133/1133/1133 1183/1183/1183 1182/1182/1182
f 1134/1134/1134 1135/1135/1135 1184/1184/1184
f 1134/1134/1134 1184/1184/1184 1183/1183/1183
f 1135/1135/1135 1136/1136/1136 1185/1185/1185
f 1135/1135/1135 1185/1185/1185 1184/1184/1184
f 1136/1136/1136 1137/1137/1137 1186/1186/1186
f 1136/1136/1136 1186/1186/1186 1185/1185/1185
f 1137/1137/1137 1138/1138/1138 1187/1187/1187
f 1137/1137/1137 1187/1187/1187 1186/1186/1186
f 1138/1138/1138 1139/1139/1139 1188/1188/1188
f 1138/1138/1138 1188/1188/1188 1187/1187/1187
f 1139/1139/1139 1140/1140/1140 1189/1189/1189
f 1139/1139/1139 1189/1189/1189 1188/1188/1188
f 1140/1140/1140 1141/1141/1141 1190/1190/1190
f 1140/1140/1140 1190/1190/1190 1189/1189/1189
f 1141/1141/1141 1142/1142/1142 1191/1191/1191
f 1141/1141/1141 1191/1191/1191 1190/1190/1190
f 1142/1142/1142 1143/1143/1143 1192/1192/1192
f 1142/1142/1142 1192/1192/1192 1191/1191/1191
f 1143/1143/1143 1144/1144/1144 1193/1193/1193
f 1143/1143/1143 1193/1193/1193 1192/1192/1192
f 1144/1144/1144 1145/1145/1145 1194/1194/1194
f 1144/1144/1144 1194/1194/1194 1193/1193/1193
f 1145/1145/1145 1146/1146/1146 1195/1195/1195
f 1145/1145/1145 1195/1195/1195 1194/1194/1194
f 1146/1146/1146 1147/1147/1147 1196/1196/1196
f 1146/1146/1146 1196/1196/1196 1195/1195/1195
f 1147/1147/1147 1148/1148/1148 1197/1197/1197
f 1147/1147/1147 1197/1197/1197 1196/1196/1196
f 1148/1148/1148 1149/1149/1149 1198/1198/1198
f 1148/1148/1148 1198/1198/1198 1197/1197/1197
f 1149/1149/1149 1150/1150/1150 1199/1199/1199
f 1149/1149/1149 1199/1199/1199 1198/1198/1198
f 1150/1150/1150 1151/1151/1151 1200/1200/1200
f 1150/1150/1150 1200/1200/1200 1199/1199/1199
f 1151/1151/1151 1152/1152/1152 1201/1201/1201
f 1151/1151/1151 1201/1201/1201 1200/1200/1200
f 1152/1152/1152 1153/1153/1153 1202/1202/1202
f 1152/1152/1152 1202/1202/1202 1201/1201/1201
f 1153/1153/1153 1154/1154/1154 1203/1203/1203
f 1153/1153/1153 1203/1203/1203 1202/1202/1202
f 1154/1154/1154 1155/1155/1155 1204/1204/1204
f 1154/1154/1154 1204/1204/1204 1203/1203/1203
f 1155/1155/1155 1156/1156/1156 1205/1205/1205
f 1155/1155/1155 1205/1205/1205 1204/1204/1204
f 1156/1156/1156 1157/1157/1157 1206/1206/1206
f 1156/1156/1156 1206/1206/1206 1205/1205/1205
f 1157/1157/1157 1158/1158/1158 1207/1207/1207
f 1157/1157/1157 1207/1207/1207 1206/1206/1206
f 1158/1158/1158 1159/1159/1159 1208/1208/1208
f 1158/1158/1158 1208/1208/1208 1207/1207/1207
f 1159/1159/1159 1160/1160/1160 1209/1209/1209
f 1159/1159/1159 1209/1209/1209 1208/1208/1208
f 1160/1160/1160 1161/1161/1161 1210/1210/1210
f 1160/1160/1160 1210/1210/1210 1209/1209/1209
f 1161/1161/1161 1162/1162/1162 1211/1211/1211
f 1161/1161/1161 1211/1211/1211 1210/1210/1210
f 1162/1162/1162 1163/1163/1163 1212/1212/1212
f 1162/1162/1162 1212/1212/1212 1211/1211/1211
f 1163/1163/1163 1164/1164/1164 1213/1213/1213
f 1163/1163/1163 1213/1213/1213 1212/1212/1212
f 1164/1164/1164 1165/1165/1165 1214/1214/1214
f 1164/1164/1164 1214/1214/1214 1213/1213/1213
f 1165/1165/1165 1166/1166/1166 1215/1215/1215
f 1165/1165/1165 1215/1215/1215 1214/1214/1214
f 1166/1166/1166 1167/1167/1167 1216/1216/1216
f 1166/1166/1166 1216/1216/1216 1215/1215/1215
f 1167/1167/1167 1168/1168/1168 1217/1217/1217
f 1167/1167/1167 1217/1217/1217 1216/1216/1216
f 1168/1168/1168 1169/1169/1169 1218/1218/1218
f 1168/1168/1168 1218/1218/1218 1217/1217/1217
f 1169/1169/1169 1170/1170/1170 1219/1219/1219
f 1169/1169/1169 1219/1219/1219 1218/1218/1218
f 1170/1170/1170 1171/1171/1171 1220/1220/1220
f 1170/1170/1170 1220/1220/1220 1219/1219/1219
f 1171/1171/1171 1172/1172/1172 1221/1221/1221
f 1171/1171/1171 1221/1221/1221 1220/1220/1220
f 1172/1172/1172 1173/1173/1173 1222/1222/1222
f 1172/1172/1172 1222/1222/1222 1221/1221/1221
f 1173/1173/1173 1174/1174/1174 1223/1223/1223
f 1173/1173/1173 1223/1223/1223 1222/1222/1222
f 1174/1174/1174 1175/1175/1175 1224/1224/1224
f 1174/1174/1174 1224/1224/1224 1223/1223/1223
f 1175/1175/1175 1176/1176/1176 1225/1225/1225
f 1175/1175/1175 1225/1225/1225 1224/1224/1224
f 1178/1178/1178 1177/1177/1177 1226/1226/1226
f 1178/1178/1178 1226/1226/1226 1227/1227/1227
f 1177/1177/1177 1179/1179/1179 1228/1228/1228
f 1177/1177/1177 1228/1228/1228 1226/1226/1226
f 1179/1179/1179 1180/1180/1180 1229/1229/1229
f 1179/1179/1179 1229/1229/1229 1228/1228/1228
f 1180/1180/1180 1181/1181/1181 1230/1230/1230
f 1180/1180/1180 1230/1230/1230 1229/1229/1229
f 1181/1181/1181 1182/1182/1182 1231/1231/1231
f 1181/1181/1181 1231/1231/1231 1230/1230/1230
f 1182/1182/1182 1183/1183/1183 1232/1232/1232
f 1182/1182/1182 1232/1232/1232 1231/1231/1231
f 1183/1183/1183 1184/1184/1184 1233/1233/1233
f 1183/1183/1183 1233/1233/1233 1232/1232/1232
f 1184/1184/1184 1185/1185/1185 1234/1234/1234
f 1184/1184/1184 1234/1234/1234 1233/1233/1233
f 1185/1185/1185 1186/1186/1186 1235/1235/1235
f 1185/1185/1185 1235/1235/1235 1234/1234/1234
f 1186/1186/1186 1187/1187/1187 1236/1236/1236
f 1186/1186/1186 1236/1236/1236 1235/1235/1235
f 1187/1187/1187 1188/1188/1188 1237/1237/1237
f 1187/1187/1187 1237/1237/1237 1236/1236/1236
f 1188/1188/1188 1189/1189/1189 1238/1238/1238
f 1188/1188/1188 1238/1238/1238 1237/1237/1237
f 1189/1189/1189 1190/1190/1190 1239/1239/1239
f 1189/1189/1189 1239/1239/1239 1238/1238/1238
f 1190/1190/1190 1191/1191/1191 1240/1240/1240
f 1190/1190/1190 1240/1240/1240 1239/1239/1239
f 1191/1191/1191 1192/1192/1192 1241/1241/1241
f 1191/1191/1191 1241/1241/1241 1240/1240/1240
f 1192/1192/1192 1193/1193/1193 1242/1242/1242
f 1192/1192/1192 1242/1242/1242 1241/1241/1241
f 1193/1193/1193 1194/1194/1194 1243/1243/1243
f 1193/1193/1193 1243/1243/1243 1242/1242/1242
f 1194/1194/1194 1195/1195/1195 1244/1244/1244
f 1194/1194/1194 1244/1244/1244 1243/1243/1243
f 1195/1195/1195 1196/1196/1196 1245/1245/1245
f 1195/1195/1195 1245/1245/1245 1244/1244/1244
f 1196/1196/1196 1197/1197/1197 1246/1246/1246
f 1196/1196/1196 1246/1246/1246 1245/1245/1245
f 1197/1197/1197 1198/1198/1198 1247/1247/1247
f 1197/1197/1197 1247/1247/1247 1246/1246/1246
f 1198/1198/1198 1199/1199/1199 1248/1248/1248
f 1198/1198/1198 1248/1248/1248 1247/1247/1247
f 1199/1199/1199 1200/1200/1200 1249/1249/1249
f 1199/1199/1199 1249/1249/1249 1248/1248/1248
f 1200/1200/1200 1201/1201/1201 1250/1250/1250
f 1200/1200/1200 1250/1250/1250 1249/1249/1249
f 1201/1201/1201 1202/1202/1202 1251/1251/1251
f 1201/1201/1201 1251/1251/1251 1250/1250/1250
f 1202/1202/1202 1203/1203/1203 1252/1252/1252
f 1202/1202/1202 1252/1252/1252 1251/1251/1251
f 1203/1203/1203 1204/1204/1204 1253/1253/1253
f 1203/1203/1203 1253/1253/1253 1252/1252/1252
f 1204/1204/1204 1205/1205/1205 1254/1254/1254
f 1204/1204/1204 1254/1254/1254 1253/1253/1253
f 1205/1205/1205 1206/1206/1206 1255/1255/1255
f 1205/1205/1205 1255/1255/1255 1254/1254/1254
f 1206/1206/1206 1207/1207/1207 1256/1256/1256
f 1206/1206/1206 1256/1256/1256 1255/1255/1255
f 1207/1207/1207 1208/1208/1208 1257/1257/1257
f 1207/1207/1207 1257/1257/1257 1256/1256/1256
f 1208/1208/1208 1209/1209/1209 1258/1258/1258
f 1208/1208/1208 1258/1258/1258 1257/1257/1257
f 1209/1209/1209 1210/1210/1210 1259/1259/1259
f 1209/1209/1209 1259/1259/1259 1258/1258/1258
f 1210/1210/1210 1211/1211/1211 1260/1260/1260
f 1210/1210/1210 1260/1260/1260 1259/1259/1259
f 1211/1211/1211 1212/1212/1212 1261/1261/1261
f 1211/1211/1211 1261/1261/1261 1260/1260/1260
f 1212/1212/1212 1213/1213/1213 1262/1262/1262
f 1212/1212/1212 1262/1262/1262 1261/1261/1261
f 1213/1213/1213 1214/1214/1214 1263/1263/1263
f 1213/1213/1213 1263/1263/1263 1262/1262/1262
f 1214/1214/1214 1215/1215/1215 1264/1264/1264
f 1214/1214/1214 1264/1264/1264 1263/1263/1263
f 1215/1215/1215 1216/1216/1216 1265/1265/1265
f 1215/1215/1215 1265/1265/1265 1264/1264/1264
f 1216/1216/1216 1217/1217/1217 1266/1266/1266
f 1216/1216/1216 1266/1266/1266 1265/1265/1265
f 1217/1217/1217 1218/1218/1218 1267/1267/1267
f 1217/1217/1217 1267/1267/1267 1266/1266/1266
f 1218/1218/1218 1219/1219/1219 1268/1268/1268
f 1218/1218/1218 1268/1268/1268 1267/1267/1267
f 1219/1219/1219 1220/1220/1220 1269/1269/1269
f 1219/1219/1219 1269/1269/1269 1268/1268/1268
f 1220/1220/1220 1221/1221/1221 1270/1270/1270
f 1220/1220/1220 1270/1270/1270 1269/1269/1269
f 1221/1221/1221 1222/1222/1222 1271/1271/1271
f 1221/1221/1221 1271/1271/1271 1270/1270/1270
f 1222/1222/1222 1223/1223/1223 1272/1272/1272
f 1222/1222/1222 1272/1272/1272 1271/1271/1271
f 1223/1223/1223 1224/1224/1224 1273/1273/1273
f 1223/1223/1223 1273/1273/1273 1272/1272/1272
f 1224/1224/1224 1225/1225/1225 1274/1274/1274
f 1224/1224/1224 1274/1274/1274 1273/1273/1273
f 1227/1227/1227 1226/1226/1226 1275/1275/1275
f 1227/1227/1227 1275/1275/1275 1276/1276/1276
f 1226/1226/1226 1228/1228/1228 1277/1277/1277
f 1226/1226/1226 1277/1277/1277 1275/1275/1275
f 1228/1228/1228 1229/1229/1229 1278/1278/1278
f 1228/1228/1228 1278/1278/1278 1277/1277/1277
f 1229/1229/1229 1230/1230/1230 1279/1279/1279
f 1229/1229/1229 1279/1279/1279 1278/1278/1278
f 1230/1230/1230 1231/1231/1231 1280/1280/1280
f 1230/1230/1230 1280/1280/1280 1279/1279/1279
f 1231/1231/1231 1232/1232/1232 1281/1281/1281
f 1231/1231/1231 1281/1281/1281 1280/1280/1280
f 1232/1232/1232 1233/1233/1233 1282/1282/1282
f 1232/1232/1232 1282/1282/1282 1281/1281/1281
f 1233/1233/1233 1234/1234/1234 1283/1283/1283
f 1233/1233/1233 1283/1283/1283 1282/1282/1282
f 1234/1234/1234 1235/1235/1235 1284/1284/1284
f 1234/1234/1234 1284/1284/1284 1283/1283/1283
f 1235/1235/1235 1236/1236/1236 1285/1285/1285
f 1235/1235/1235 1285/1285/1285 1284/1284/1284
f 1236/1236/1236 1237/1237/1237 1286/1286/1286
f 1236/1236/1236 1286/1286/1286 1285/1285/1285
f 1237/1237/1237 1238/1238/1238 1287/1287/1287
f 1237/1237/1237 1287/1287/1287 1286/1286/1286
f 1238/1238/1238 1239/1239/1239 1288/1288/1288
f 1238/1238/1238 1288/1288/1288 1287/1287/1287
f 1239/1239/1239 1240/1240/1240 1289/1289/1289
f 1239/1239/1239 1289/1289/1289 1288/1288/1288
f 1240/1240/1240 1241/1241/1241 1290/1290/1290
f 1240/1240/1240 1290/1290/1290 1289/1289/1289
f 1241/1241/1241 1242/1242/1242 1291/1291/1291
f 1241/1241/1241 1291/1291/1291 1290/1290/1290
f 1242/1242/1242 1243/1243/1243 1292/1292/1292
f 1242/1242/1242 1292/1292/1292 1291/1291/1291
f 1243/1243/1243 1244/1244/1244 1293/1293/1293
f 1243/1243/1243 1293/1293/1293 1292/1292/1292
f 1244/1244/1244 1245/1245/1245 1294/1294/1294
f 1244/1244/1244 1294/1294/1294 1293/1293/1293
f 1245/1245/1245 1246/1246/1246 1295/1295/1295
f 1245/1245/1245 1295/1295/1295 1294/1294/1294
f 1246/1246/1246 1247/1247/1247 1296/1296/1296
f 1246/1246/1246 1296/1296/1296 1295/1295/1295
f 1247/1247/1247 1248/1248/1248 1297/1297/1297
f 1247/1247/1247 1297/1297/1297 1296/1296/1296
f 1248/1248/1248 1249/1249/1249 1298/1298/1298
f 1248/1248/1248 1298/1298/1298 1297/1297/1297
f 1249/1249/1249 1250/1250/1250 1299/1299/1299
f 1249/1249/1249 1299/1299/1299 1298/1298/1298
f 1250/1250/1250 1251/1251/1251 1300/1300/1300
f 1250/1250/1250 1300/1300/1300 1299/1299/1299
f 1251/1251/1251 1252/1252/1252 1301/1301/1301
f 1251/1251/1251 1301/1301/1301 1300/1300/1300
f 1252/1252/1252 1253/1253/1253 1302/1302/1302
f 1252/1252/1252 1302/1302/1302 1301/1301/1301
f 1253/1253/1253 1254/1254/1254 1303/1303/1303
f 1253/1253/1253 1303/1303/1303 1302/1302/1302
f 1254/1254/1254 1255/1255/1255 1304/1304/1304
f 1254/1254/1254 1304/1304/1304 1303/1303/1303
f 1255/1255/1255 1256/1256/1256 1305/1305/1305
f 1255/1255/1255 1305/1305/1305 1304/1304/1304
f 1256/1256/1256 1257/1257/1257 1306/1306/1306
f 1256/1256/1256 1306/1306/1306 1305/1305/1305
f 1257/1257/1257 1258/1258/1258 1307/1307/1307
f 1257/1257/1257 1307/1307/1307 1306/1306/1306
f 1258/1258/1258 1259/1259/1259 1308/1308/1308
f 1258/1258/1258 1308/1308/1308 1307/1307/1307
f 1259/1259/1259 1260/1260/1260 1309/1309/1309
f 1259/1259/1259 1309/1309/1309 1308/1308/1308
f 1260/1260/1260 1261/1261/1261 1310/1310/1310
f 1260/1260/1260 1310/1310/1310 1309/1309/1309
f 1261/1261/1261 1262/1262/1262 1311/1311/1311
f 1261/1261/1261 1311/1311/1311 1310/1310/1310
f 1262/1262/1262 1263/1263/1263 1312/1312/1312
f 1262/1262/1262 1312/1312/1312 1311/1311/1311
f 1263/1263/1263 1264/1264/1264 1313/1313/1313
f 1263/1263/1263 1313/1313/1313 1312/1312/1312
f 1264/1264/1264 1265/1265/1265 1314/1314/1314
f 1264/1264/1264 1314/1314/1314 1313/1313/1313
f 1265/1265/1265 1266/1266/1266 1315/1315/1315
f 1265/1265/1265 1315/1315/1315 1314/1314/1314
f 1266/1266/1266 1267/1267/1267 1316/1316/1316
f 1266/1266/1266 1316/1316/1316 1315/1315/1315
f 1267/1267/1267 1268/1268/1268 1317/1317/1317
f 1267/1267/1267 1317/1317/1317 1316/1316/1316
f 1268/1268/1268 1269/1269/1269 1318/1318/1318
f 1268/1268/1268 1318/1318/1318 1317/1317/1317
f 1269/1269/1269 1270/1270/1270 1319/1319/1319
f 1269/1269/1269 1319/1319/1319 1318/1318/1318
f 1270/1270/1270 1271/1271/1271 1320/1320/1320
f 1270/1270/1270 1320/1320/1320 1319/1319/1319
f 1271/1271/1271 1272/1272/1272 1321/1321/1321
f 1271/1271/1271 1321/1321/1321 1320/1320/1320
f 1272/1272/1272 1273/1273/1273 1322/1322/1322
f 1272/1272/1272 1322/1322/1322 1321/1321/1321
f 1273/1273/1273 1274/1274/1274 1323/1323/1323
f 1273/1273/1273 1323/1323/1323 1322/1322/1322
f 1276/1276/1276 1275/1275/1275 1324/1324/1324
f 1276/1276/1276 1324/1324/1324 1325/1325/1325
f 1275/1275/1275 1277/1277/1277 1326/1326/1326
f 1275/1275/1275 1326/1326/1326 1324/1324/1324
f 1277/1277/1277 1278/1278/1278 1327/1327/1327
f 1277/1277/1277 1327/1327/1327 1326/1326/1326
f 1278/1278/1278 1279/1279/1279 1328/1328/1328
f 1278/1278/1278 1328/1328/1328 1327/1327/1327
f 1279/1279/1279 1280/1280/1280 1329/1329/1329
f 1279/1279/1279 1329/1329/1329 1328/1328/1328
f 1280/1280/1280 1281/1281/1281 1330/1330/1330
f 1280/1280/1280 1330/1330/1330 1329/1329/1329
f 1281/1281/1281 1282/1282/1282 1331/1331/1331
f 1281/1281/1281 1331/1331/1331 1330/1330/1330
f 1282/1282/1282 1283/1283/1283 1332/1332/1332
f 1282/1282/1282 1332/1332/1332 1331/1331/1331
f 1283/1283/1283 1284/1284/1284 1333/1333/1333
f 1283/1283/1283 1333/1333/1333 1332/1332/1332
f 1284/1284/1284 1285/1285/1285 1334/1334/1334
f 1284/1284/1284 1334/1334/1334 1333/1333/1333
f 1285/1285/1285 1286/1286/1286 1335/1335/1335
f 1285/1285/1285 1335/1335/1335 1334/1334/1334
f 1286/1286/1286 1287/1287/1287 1336/1336/1336
f 1286/1286/1286 1336/1336/1336 1335/1335/1335
f 1287/1287/1287 1288/1288/1288 1337/1337/1337
f 1287/1287/1287 1337/1337/1337 1336/1336/1336
f 1288/1288/1288 1289/1289/1289 1338/1338/1338
f 1288/1288/1288 1338/1338/1338 1337/1337/1337
f 1289/1289/1289 1290/1290/1290 1339/1339/1339
f 1289/1289/1289 1339/1339/1339 1338/1338/1338
f 1290/1290/1290 1291/1291/1291 1340/1340/1340
f 1290/1290/1290 1340/1340/1340 1339/1339/1339
f 1291/1291/1291 1292/1292/1292 1341/1341/1341
f 1291/1291/1291 1341/1341/1341 1340/1340/1340
f 1292/1292/1292 1293/1293/1293 1342/1342/1342
f 1292/1292/1292 1342/1342/1342 1341/1341/1341
f 1293/1293/1293 1294/1294/1294 1343/1343/1343
f 1293/1293/1293 1343/1343/1343 1342/1342/1342
f 1294/1294/1294 1295/1295/1295 1344/1344/1344
f 1294/1294/1294 1344/1344/1344 1343/1343/1343
f 1295/1295/1295 1296/1296/1296 1345/1345/1345
f 1295/1295/1295 1345/1345/1345 1344/1344/1344
f 1296/1296/1296 1297/1297/1297 1346/1346/1346
f 1296/1296/1296 1346/1346/1346 1345/1345/1345
f 1297/1297/1297 1298/1298/1298 1347/1347/1347
f 1297/1297/1297 1347/1347/1347 1346/1346/1346
f 1298/1298/1298 1299/1299/1299 1348/1348/1348
f 1298/1298/1298 1348/1348/1348 1347/1347/1347
f 1299/1299/1299 1300/1300/1300 1349/1349/1349
f 1299/1299/1299 1349/1349/1349 1348/1348/1348
f 1300/1300/1300 1301/1301/1301 1350/1350/1350
f 1300/1300/1300 1350/1350/1350 1349/1349/1349
f 1301/1301/1301 1302/1302/1302 1351/1351/1351
f 1301/1301/1301 1351/1351/1351 1350/1350/1350
f 1302/1302/1302 1303/1303/1303 1352/1352/1352
f 1302/1302/1302 1352/1352/1352 1351/1351/1351
f 1303/1303/1303 1304/1304/1304 1353/1353/1353
f 1303/1303/1303 1353/1353/1353 1352/1352/1352
f 1304/1304/1304 1305/1305/1305 1354/1354/1354
f 1304/1304/1304 1354/1354/1354 1353/1353/1353
f 1305/1305/1305 1306/1306/1306 1355/1355/1355
f 1305/1305/1305 1355/1355/1355 1354/1354/1354
f 1306/1306/1306 1307/1307/1307 1356/1356/1356
f 1306/1306/1306 1356/1356/1356 1355/1355/1355
f 1307/1307/1307 1308/1308/1308 1357/1357/1357
f 1307/1307/1307 1357/1357/1357 1356/1356/1356
f 1308/1308/1308 1309/1309/1309 1358/1358/1358
f 1308/1308/1308 1358/1358/1358 1357/1357/1357
f 1309/1309/1309 1310/1310/1310 1359/1359/1359
f 1309/1309/1309 1359/1359/1359 1358/1358/1358
f 1310/1310/1310 1311/1311/1311 1360/1360/1360
f 1310/1310/1310 1360/1360/1360 1359/1359/1359
f 1311/1311/1311 1312/1312/1312 1361/1361/1361
f 1311/1311/1311 1361/1361/1361 1360/1360/1360
f 1312/1312/1312 1313/1313/1313 1362/1362/1362
f 1312/1312/1312 1362/1362/1362 1361/1361/1361
f 1313/1313/1313 1314/1314/1314 1363/1363/1363
f 1313/1313/1313 1363/1363/1363 1362/1362/1362
f 1314/1314/1314 1315/1315/1315 1364/1364/1364
f 1314/1314/1314 1364/1364/1364 1363/1363/1363
f 1315/1315/1315 1316/1316/1316 1365/1365/1365
f 1315/1315/1315 1365/1365/1365 1364/1364/1364
f 1316/1316/1316 1317/1317/1317 1366/1366/1366
f 1316/1316/1316 1366/1366/1366 1365/1365/1365
f 1317/1317/1317 1318/1318/1318 1367/1367/1367
f 1317/1317/1317 1367/1367/1367 1366/1366/1366
f 1318/1318/1318 1319/1319/1319 1368/1368/1368
f 1318/1318/1318 1368/1368/1368 1367/1367/1367
f 1319/1319/1319 1320/1320/1320 1369/1369/1369
f 1319/1319/1319 1369/1369/1369 1368/1368/1368
f 1320/1320/1320 1321/1321/1321 1370/1370/1370
f 1320/1320/1320 1370/1370/1370 1369/1369/1369
f 1321/1321/1321 1322/1322/1322 1371/1371/1371
f 1321/1321/1321 1371/1371/1371 1370/1370/1370
f 1322/1322/1322 1323/1323/1323 1372/1372/1372
f 1322/1322/1322 1372/1372/1372 1371/1371/1371
f 1325/1325/1325 1324/1324/1324 1373/1373/1373
f 1325/1325/1325 1373/1373/1373 1374/1374/1374
f 1324/1324/1324 1326/1326/1326 1375/1375/1375
f 1324/1324/1324 1375/1375/1375 1373/1373/1373
f 1326/1326/1326 1327/1327/1327 1376/1376/1376
f 1326/1326/1326 1376/1376/1376 1375/1375/1375
f 1327/1327/1327 1328/1328/1328 1377/1377/1377
f 1327/1327/1327 1377/1377/1377 1376/1376/1376
f 1328/1328/1328 1329/1329/1329 1378/1378/1378
f 1328/1328/1328 1378/1378/1378 1377/1377/1377
f 1329/1329/1329 1330/1330/1330 1379/1379/1379
f 1329/1329/1329 1379/1379/1379 1378/1378/1378
f 1330/1330/1330 1331/1331/1331 1380/1380/1380
f 1330/1330/1330 1380/1380/1380 1379/1379/1379
f 1331/1331/1331 1332/1332/1332 1381/1381/1381
f 1331/1331/1331 1381/1381/1381 1380/1380/1380
f 1332/1332/1332 1333/1333/1333 1382/1382/1382
f 1332/1332/1332 1382/1382/1382 1381/1381/1381
f 1333/1333/1333 1334/1334/1334 1383/1383/1383
f 1333/1333/1333 1383/1383/1383 1382/1382/1382
f 1334/1334/1334 1335/1335/1335 1384/1384/1384
f 1334/1334/1334 1384/1384/1384 1383/1383/1383
f 1335/1335/1335 1336/1336/1336 1385/1385/1385
f 1335/1335/1335 1385/1385/1385 1384/1384/1384
f 1336/1336/1336 1337/1337/1337 1386/1386/1386
f 1336/1336/1336 1386/1386/1386 1385/1385/1385
f 1337/1337/1337 1338/1338/1338 1387/1387/1387
f 1337/1337/1337 1387/1387/1387 1386/1386/1386
f 1338/1338/1338 1339/1339/1339 1388/1388/1388
f 1338/1338/1338 1388/1388/1388 1387/1387/1387
f 1339/1339/1339 1340/1340/1340 1389/1389/1389
f 1339/1339/1339 1389/1389/1389 1388/1388/1388
f 1340/1340/1340 1341/1341/1341 1390/1390/1390
f 1340/1340/1340 1390/1390/1390 1389/1389/1389
f 1341/1341/1341 1342/1342/1342 1391/1391/1391
f 1341/1341/1341 1391/1391/1391 1390/1390/1390
f 1342/1342/1342 1343/1343/1343 1392/1392/1392
f 1342/1342/1342 1392/1392/1392 1391/1391/1391
f 1343/1343/1343 1344/1344/1344 1393/1393/1393
f 1343/1343/1343 1393/1393/1393 1392/1392/1392
f 1344/1344/1344 1345/1345/1345 1394/1394/1394
f 1344/1344/1344 1394/1394/1394 1393/1393/1393
f 1345/1345/1345 1346/1346/1346 1395/1395/1395
f 1345/1345/1345 1395/1395/1395 1394/1394/1394
f 1346/1346/1346 1347/1347/1347 1396/1396/1396
f 1346/1346/1346 1396/1396/1396 1395/1395/1395
f 1347/1347/1347 1348/1348/1348 1397/1397/1397
f 1347/1347/1347 1397/1397/1397 1396/1396/1396
f 1348/1348/1348 1349/1349/1349 1398/1398/1398
f 1348/1348/1348 1398/1398/1398 1397/1397/1397
f 1349/1349/1349 1350/1350/1350 1399/1399/1399
f 1349/1349/1349 1399/1399/1399 1398/1398/1398
f 1350/1350/1350 1351/1351/1351 1400/1400/1400
f 1350/1350/1350 1400/1400/1400 1399/1399/1399
f 1351/1351/1351 1352/1352/1352 1401/1401/1401
f 1351/1351/1351 1401/1401/1401 1400/1400/1400
f 1352/1352/1352 1353/1353/1353 1402/1402/1402
f 1352/1352/1352 1402/1402/1402 1401/1401/1401
f 1353/1353/1353 1354/1354/1354 1403/1403/1403
f 1353/1353/1353 1403/1403/1403 1402/1402/1402
f 1354/1354/1354 1355/1355/1355 1404/1404/1404
f 1354/1354/1354 1404/1404/1404 1403/1403/1403
f 1355/1355/1355 1356/1356/1356 1405/1405/1405
f 1355/1355/1355 1405/1405/1405 1404/1404/1404
f 1356/1356/1356 1357/1357/1357 1406/1406/1406
f 1356/1356/1356 1406/1406/1406 1405/1405/1405
f 1357/1357/1357 1358/1358/1358 1407/1407/1407
f 1357/1357/1357 1407/1407/1407 1406/1406/1406
f 1358/1358/1358 1359/1359/1359 1408/1408/1408
f 1358/1358/1358 1408/1408/1408 1407/1407/1407
f 1359/1359/1359 1360/1360/1360 1409/1409/1409
f 1359/1359/1359 1409/1409/1409 1408/1408/1408
f 1360/1360/1360 1361/1361/1361 1410/1410/1410
f 1360/1360/1360 1410/1410/1410 1409/1409/1409
f 1361/1361/1361 1362/1362/1362 1411/1411/1411
f 1361/1361/1361 1411/1411/1411 1410/1410/1410
f 1362/1362/1362 1363/1363/1363 1412/1412/1412
f 1362/1362/1362 1412/1412/1412 1411/1411/1411
f 1363/1363/1363 1364/1364/1364 1413/1413/1413
f 1363/1363/1363 1413/1413/1413 1412/1412/1412
f 1364/1364/1364 1365/1365/1365 1414/1414/1414
f 1364/1364/1364 1414/1414/1414 1413/1413/1413
f 1365/1365/1365 1366/1366/1366 1415/1415/1415
f 1365/1365/1365 1415/1415/1415 1414/1414/1414
f 1366/1366/1366 1367/1367/1367 1416/1416/1416
f 1366/1366/1366 1416/1416/1416 1415/1415/1415
f 1367/1367/1367 1368/1368/1368 1417/1417/1417
f 1367/1367/1367 1417/1417/1417 1416/1416/1416
f 1368/1368/1368 1369/1369/1369 1418/1418/1418
f 1368/1368/1368 1418/1418/1418 1417/1417/1417
f 1369/1369/1369 1370/1370/1370 1419/1419/1419
f 1369/1369/1369 1419/1419/1419 1418/1418/1418
f 1370/1370/1370 1371/1371/1371 1420/1420/1420
f 1370/1370/1370 1420/1420/1420 1419/1419/1419
f 1371/1371/1371 1372/1372/1372 1421/1421/1421
f 1371/1371/1371 1421/1421/1421 1420/1420/1420
f 1374/1374/1374 1373/1373/1373 1422/1422/1422
f 1374/1374/1374 1422/1422/1422 1423/1423/1423
f 1373/1373/1373 1375/1375/1375 1424/1424/1424
f 1373/1373/1373 1424/1424/1424 1422/1422/1422
f 1375/1375/1375 1376/1376/1376 1425/1425/1425
f 1375/1375/1375 1425/1425/1425 1424/1424/1424
f 1376/1376/1376 1377/1377/1377 1426/1426/1426
f 1376/1376/1376 1426/1426/1426 1425/1425/1425
f 1377/1377/1377 1378/1378/1378 1427/1427/1427
f 1377/1377/1377 1427/1427/1427 1426/1426/1426
f 1378/1378/1378 1379/1379/1379 1428/1428/1428
f 1378/1378/1378 1428/1428/1428 1427/1427/1427
f 1379/1379/1379 1380/1380/1380 1429/1429/1429
f 1379/1379/1379 1429/1429/1429 1428/1428/1428
f 1380/1380/1380 1381/1381/1381 1430/1430/1430
f 1380/1380/1380 1430/1430/1430 1429/1429/1429
f 1381/1381/1381 1382/1382/1382 1431/1431/1431
f 1381/1381/1381 1431/1431/1431 1430/1430/1430
f 1382/1382/1382 1383/1383/1383 1432/1432/1432
f 1382/1382/1382 1432/1432/1432 1431/1431/1431
f 1383/1383/1383 1384/1384/1384 1433/1433/1433
f 1383/1383/1383 1433/1433/1433 1432/1432/1432
f 1384/1384/1384 1385/1385/1385 1434/1434/1434
f 1384/1384/1384 1434/1434/1434 1433/1433/1433
f 1385/1385/1385 1386/1386/1386 1435/1435/1435
f 1385/1385/1385 1435/1435/1435 1434/1434/1434
f 1386/1386/1386 1387/1387/1387 1436/1436/1436
f 1386/1386/1386 1436/1436/1436 1435/1435/1435
f 1387/1387/1387 1388/1388/1388 1437/1437/1437
f 1387/1387/1387 1437/1437/1437 1436/1436/1436
f 1388/1388/1388 1389/1389/1389 1438/1438/1438
f 1388/1388/1388 1438/1438/1438 1437/1437/1437
f 1389/1389/1389 1390/1390/1390 1439/1439/1439
f 1389/1389/1389 1439/1439/1439 1438/1438/1438
f 1390/1390/1390 1391/1391/1391 1440/1440/1440
f 1390/1390/1390 1440/1440/1440 1439/1439/1439
f 1391/1391/1391 1392/1392/1392 1441/1441/1441
f 1391/1391/1391 1441/1441/1441 1440/1440/1440
f 1392/1392/1392 1393/1393/1393 1442/1442/1442
f 1392/1392/1392 1442/1442/1442 1441/1441/1441
f 1393/1393/1393 1394/1394/1394 1443/1443/1443
f 1393/1393/1393 1443/1443/1443 1442/1442/1442
f 1394/1394/1394 1395/1395/1395 1444/1444/1444
f 1394/1394/1394 1444/1444/1444 1443/1443/1443
f 1395/1395/1395 1396/1396/1396 1445/1445/1445
f 1395/1395/1395 1445/1445/1445 1444/1444/1444
f 1396/1396/1396 1397/1397/1397 1446/1446/1446
f 1396/1396/1396 1446/1446/1446 1445/1445/1445
f 1397/1397/1397 1398/1398/1398 1447/1447/1447
f 1397/1397/1397 1447/1447/1447 1446/1446/1446
f 1398/1398/1398 1399/1399/1399 1448/1448/1448
f 1398/1398/1398 1448/1448/1448 1447/1447/1447
f 1399/1399/1399 1400/1400/1400 1449/1449/1449
f 1399/1399/1399 1449/1449/1449 1448/1448/1448
f 1400/1400/1400 1401/1401/1401 1450/1450/1450
f 1400/1400/1400 1450/1450/1450 1449/1449/1449
f 1401/1401/1401 1402/1402/1402 1451/1451/1451
f 1401/1401/1401 1451/1451/1451 1450/1450/1450
f 1402/1402/1402 1403/1403/1403 1452/1452/1452
f 1402/1402/1402 1452/1452/1452 1451/1451/1451
f 1403/1403/1403 1404/1404/1404 1453/1453/1453
f 1403/1403/1403 1453/1453/1453 1452/1452/1452
f 1404/1404/1404 1405/1405/1405 1454/1454/1454
f 1404/1404/1404 1454/1454/1454 1453/1453/1453
f 1405/1405/1405 1406/1406/1406 1455/1455/1455
f 1405/1405/1405 1455/1455/1455 1454/1454/1454
f 1406/1406/1406 1407/1407/1407 1456/1456/1456
f 1406/1406/1406 1456/1456/1456 1455/1455/1455
f 1407/1407/1407 1408/1408/1408 1457/1457/1457
f 1407/1407/1407 1457/1457/1457 1456/1456/1456
f 1408/1408/1408 1409/1409/1409 1458/1458/1458
f 1408/1408/1408 1458/1458/1458 1457/1457/1457
f 1409/1409/1409 1410/1410/1410 1459/1459/1459
f 1409/1409/1409 1459/1459/1459 1458/1458/1458
f 1410/1410/1410 1411/1411/1411 1460/1460/1460
f 1410/1410/1410 1460/1460/1460 1459/1459/1459
f 1411/1411/1411 1412/1412/1412 1461/1461/1461
f 1411/1411/1411 1461/1461/1461 1460/1460/1460
f 1412/1412/1412 1413/1413/1413 1462/1462/1462
f 1412/1412/1412 1462/1462/1462 1461/1461/1461
f 1413/1413/1413 1414/1414/1414 1463/1463/1463
f 1413/1413/1413 1463/1463/1463 1462/1462/1462
f 1414/1414/1414 1415/1415/1415 1464/1464/1464
f 1414/1414/1414 1464/1464/1464 1463/1463/1463
f 1415/1415/1415 1416/1416/1416 1465/1465/1465
f 1415/1415/1415 1465/1465/1465 1464/1464/1464
f 1416/1416/1416 1417/1417/1417 1466/1466/1466
f 1416/1416/1416 1466/1466/1466 1465/1465/1465
f 1417/1417/1417 1418/1418/1418 1467/1467/1467
f 1417/1417/1417 1467/1467/1467 1466/1466/1466
f 1418/1418/1418 1419/1419/1419 1468/1468/1468
f 1418/1418/1418 1468/1468/1468 1467/1467/1467
f 1419/1419/1419 1420/1420/1420 1469/1469/1469
f 1419/1419/1419 1469/1469/1469 1468/1468/1468
f 1420/1420/1420 1421/1421/1421 1470/1470/1470
f 1420/1420/1420 1470/1470/1470 1469/1469/1469
f 1423/1423/1423 1422/1422/1422 1471/1471/1471
f 1423/1423/1423 1471/1471/1471 1472/1472/1472
f 1422/1422/1422 1424/1424/1424 1473/1473/1473
f 1422/1422/1422 1473/1473/1473 1471/1471/1471
f 1424/1424/1424 1425/1425/1425 1474/1474/1474
f 1424/1424/1424 1474/1474/1474 1473/1473/1473
f 1425/1425/1425 1426/1426/1426 1475/1475/1475
f 1425/1425/1425 1475/1475/1475 1474/1474/1474
f 1426/1426/1426 1427/1427/1427 1476/1476/1476
f 1426/1426/1426 1476/1476/1476 1475/1475/1475
f 1427/1427/1427 1428/1428/1428 1477/1477/1477
f 1427/1427/1427 1477/1477/1477 1476/1476/1476
f 1428/1428/1428 1429/1429/1429 1478/1478/1478
f 1428/1428/1428 1478/1478/1478 1477/1477/1477
f 1429/1429/1429 1430/1430/1430 1479/1479/1479
f 1429/1429/1429 1479/1479/1479 1478/1478/1478
f 1430/1430/1430 1431/1431/1431 1480/1480/1480
f 1430/1430/1430 1480/1480/1480 1479/1479/1479
f 1431/1431/1431 1432/1432/1432 1481/1481/1481
f 1431/1431/1431 1481/1481/1481 1480/1480/1480
f 1432/1432/1432 1433/1433/1433 1482/1482/1482
f 1432/1432/1432 1482/1482/1482 1481/1481/1481
f 1433/1433/1433 1434/1434/1434 1483/1483/1483
f 1433/1433/1433 1483/1483/1483 1482/1482/1482
f 1434/1434/1434 1435/1435/1435 1484/1484/1484
f 1434/1434/1434 1484/1484/1484 1483/1483/1483
f 1435/1435/1435 1436/1436/1436 1485/1485/1485
f 1435/1435/1435 1485/1485/1485 1484/1484/1484
f 1436/1436/1436 1437/1437/1437 1486/1486/1486
f 1436/1436/1436 1486/1486/1486 1485/1485/1485
f 1437/1437/1437 1438/1438/1438 1487/1487/1487
f 1437/1437/1437 1487/1487/1487 1486/1486/1486
f 1438/1438/1438 1439/1439/1439 1488/1488/1488
f 1438/1438/1438 1488/1488/1488 1487/1487/1487
f 1439/1439/1439 1440/1440/1440 1489/1489/1489
f 1439/1439/1439 1489/1489/1489 1488/1488/1488
f 1440/1440/1440 1441/1441/1441 1490/1490/1490
f 1440/1440/1440 1490/1490/1490 1489/1489/1489
f 1441/1441/1441 1442/1442/1442 1491/1491/1491
f 1441/1441/1441 1491/1491/1491 1490/1490/1490
f 1442/1442/1442 1443/1443/1443 1492/1492/1492
f 1442/1442/1442 1492/1492/1492 1491/1491/1491
f 1443/1443/1443 1444/1444/1444 1493/1493/1493
f 1443/1443/1443 1493/1493/1493 1492/1492/1492
f 1444/1444/1444 1445/1445/1445 1494/1494/1494
f 1444/1444/1444 1494/1494/1494 1493/1493/1493
f 1445/1445/1445 1446/1446/1446 1495/1495/1495
f 1445/1445/1445 1495/1495/1495 1494/1494/1494
f 1446/1446/1446 1447/1447/1447 1496/1496/1496
f 1446/1446/1446 1496/1496/1496 1495/1495/1495
f 1447/1447/1447 1448/1448/1448 1497/1497/1497
f 1447/1447/1447 1497/1497/1497 1496/1496/1496
f 1448/1448/1448 1449/1449/1449 1498/1498/1498
f 1448/1448/1448 1498/1498/1498 1497/1497/1497
f 1449/1449/1449 1450/1450/1450 1499/1499/1499
f 1449/1449/1449 1499/1499/1499 1498/1498/1498
f 1450/1450/1450 1451/1451/1451 1500/1500/1500
f 1450/1450/1450 1500/1500/1500 1499/1499/1499
f 1451/1451/1451 1452/1452/1452 1501/1501/1501
f 1451/1451/1451 1501/1501/1501 1500/1500/1500
f 1452/1452/1452 1453/1453/1453 1502/1502/1502
f 1452/1452/1452 1502/1502/1502 1501/1501/1501
f 1453/1453/1453 1454/1454/1454 1503/1503/1503
f 1453/1453/1453 1503/1503/1503 1502/1502/1502
f 1454/1454/1454 1455/1455/1455 1504/1504/1504
f 1454/1454/1454 1504/1504/1504 1503/1503/1503
f 1455/1455/1455 1456/1456/1456 1505/1505/1505
f 1455/1455/1455 1505/1505/1505 1504/1504/1504
f 1456/1456/1456 1457/1457/1457 1506/1506/1506
f 1456/1456/1456 1506/1506/1506 1505/1505/1505
f 1457/1457/1457 1458/1458/1458 1507/1507/1507
f 1457/1457/1457 1507/1507/1507 1506/1506/1506
f 1458/1458/1458 1459/1459/1459 1508/1508/1508
f 1458/1458/1458 1508/1508/1508 1507/1507/1507
f 1459/1459/1459 1460/1460/1460 1509/1509/1509
f 1459/1459/1459 1509/1509/1509 1508/1508/1508
f 1460/1460/1460 1461/1461/1461 1510/1510/1510
f 1460/1460/1460 1510/1510/1510 1509/1509/1509
f 1461/1461/1461 1462/1462/1462 1511/1511/1511
f 1461/1461/1461 1511/1511/1511 1510/1510/1510
f 1462/1462/1462 1463/1463/1463 1512/1512/1512
f 1462/1462/1462 1512/1512/1512 1511/1511/1511
f 1463/1463/1463 1464/1464/1464 1513/1513/1513
f 1463/1463/1463 1513/1513/1513 1512/1512/1512
f 1464/1464/1464 1465/1465/1465 1514/1514/1514
f 1464/1464/1464 1514/1514/1514 1513/1513/1513
f 1465/1465/1465 1466/1466/1466 1515/1515/1515
f 1465/1465/1465 1515/1515/1515 1514/1514/1514
f 1466/1466/1466 1467/1467/1467 1516/1516/1516
f 1466/1466/1466 1516/1516/1516 1515/1515/1515
f 1467/1467/1467 1468/1468/1468 1517/1517/1517
f 1467/1467/1467 1517/1517/1517 1516/1516/1516
f 1468/1468/1468 1469/1469/1469 1518/1518/1518
f 1468/1468/1468 1518/1518/1518 1517/1517/1517
f 1469/1469/1469 1470/1470/1470 1519/1519/1519
f 1469/1469/1469 1519/1519/1519 1518/1518/1518
f 1472/1472/1472 1471/1471/1471 1520/1520/1520
f 1472/1472/1472 1520/1520/1520 1521/1521/1521
f 1471/1471/1471 1473/1473/1473 1522/1522/1522
f 1471/1471/1471 1522/1522/1522 1520/1520/1520
f 1473/1473/1473 1474/1474/1474 1523/1523/1523
f 1473/1473/1473 1523/1523/1523 1522/1522/1522
f 1474/1474/1474 1475/1475/1475 1524/1524/1524
f 1474/1474/1474 1524/1524/1524 1523/1523/1523
f 1475/1475/1475 1476/1476/1476 1525/1525/1525
f 1475/1475/1475 1525/1525/1525 1524/1524/1524
f 1476/1476/1476 1477/1477/1477 1526/1526/1526
f 1476/1476/1476 1526/1526/1526 1525/1525/1525
f 1477/1477/1477 1478/1478/1478 1527/1527/1527
f 1477/1477/1477 1527/1527/1527 1526/1526/1526
f 1478/1478/1478 1479/1479/1479 1528/1528/1528
f 1478/1478/1478 1528/1528/1528 1527/1527/1527
f 1479/1479/1479 1480/1480/1480 1529/1529/1529
f 1479/1479/1479 1529/1529/1529 1528/1528/1528
f 1480/1480/1480 1481/1481/1481 1530/1530/1530
f 1480/1480/1480 1530/1530/1530 1529/1529/1529
f 1481/1481/1481 1482/1482/1482 1531/1531/1531
f 1481/1481/1481 1531/1531/1531 1530/1530/1530
f 1482/1482/1482 1483/1483/1483 1532/1532/1532
f 1482/1482/1482 1532/1532/1532 1531/1531/1531
f 1483/1483/1483 1484/1484/1484 1533/1533/1533
f 1483/1483/1483 1533/1533/1533 1532/1532/1532
f 1484/1484/1484 1485/1485/1485 1534/1534/1534
f 1484/1484/1484 1534/1534/1534 1533/1533/1533
f 1485/1485/1485 1486/1486/1486 1535/1535/1535
f 1485/1485/1485 1535/1535/1535 1534/1534/1534
f 1486/1486/1486 1487/1487/1487 1536/1536/1536
f 1486/1486/1486 1536/1536/1536 1535/1535/1535
f 1487/1487/1487 1488/1488/1488 1537/1537/1537
f 1487/1487/1487 1537/1537/1537 1536/1536/1536
f 1488/1488/1488 1489/1489/1489 1538/1538/1538
f 1488/1488/1488 1538/1538/1538 1537/1537/1537
f 1489/1489/1489 1490/1490/1490 1539/1539/1539
f 1489/1489/1489 1539/1539/1539 1538/1538/1538
f 1490/1490/1490 1491/1491/1491 1540/1540/1540
f 1490/1490/1490 1540/1540/1540 1539/1539/1539
f 1491/1491/1491 1492/1492/1492 1541/1541/1541
f 1491/1491/1491 1541/1541/1541 1540/1540/1540
f 1492/1492/1492 1493/1493/1493 1542/1542/1542
f 1492/1492/1492 1542/1542/1542 1541/1541/1541
f 1493/1493/1493 1494/1494/1494 1543/1543/1543
f 1493/1493/1493 1543/1543/1543 1542/1542/1542
f 1494/1494/1494 1495/1495/1495 1544/1544/1544
f 1494/1494/1494 1544/1544/1544 1543/1543/1543
f 1495/1495/1495 1496/1496/1496 1545/1545/1545
f 1495/1495/1495 1545/1545/1545 1544/1544/1544
f 1496/1496/1496 1497/1497/1497 1546/1546/1546
f 1496/1496/1496 1546/1546/1546 1545/1545/1545
f 1497/1497/1497 1498/1498/1498 1547/1547/1547
f 1497/1497/1497 1547/1547/1547 1546/1546/1546
f 1498/1498/1498 1499/1499/1499 1548/1548/1548
f 1498/1498/1498 1548/1548/1548 1547/1547/1547
f 1499/1499/1499 1500/1500/1500 1549/1549/1549
f 1499/1499/1499 1549/1549/1549 1548/1548/1548
f 1500/1500/1500 1501/1501/1501 1550/1550/1550
f 1500/1500/1500 1550/1550/1550 1549/1549/1549
f 1501/1501/1501 1502/1502/1502 1551/1551/1551
f 1501/1501/1501 1551/1551/1551 1550/1550/1550
f 1502/1502/1502 1503/1503/1503 1552/1552/1552
f 1502/1502/1502 1552/1552/1552 1551/1551/1551
f 1503/1503/1503 1504/1504/1504 1553/1553/1553
f 1503/1503/1503 1553/1553/1553 1552/1552/1552
f 1504/1504/1504 1505/1505/1505 1554/1554/1554
f 1504/1504/1504 1554/1554/1554 1553/1553/1553
f 1505/1505/1505 1506/1506/1506 1555/1555/1555
f 1505/1505/1505 1555/1555/1555 1554/1554/1554
f 1506/1506/1506 1507/1507/1507 1556/1556/1556
f 1506/1506/1506 1556/1556/1556 1555/1555/1555
f 1507/1507/1507 1508/1508/1508 1557/1557/1557
f 1507/1507/1507 1557/1557/1557 1556/1556/1556
f 1508/1508/1508 1509/1509/1509 1558/1558/1558
f 1508/1508/1508 1558/1558/1558 1557/1557/1557
f 1509/1509/1509 1510/1510/1510 1559/1559/1559
f 1509/1509/1509 1559/1559/1559 1558/1558/1558
f 1510/1510/1510 1511/1511/1511 1560/1560/1560
f 1510/1510/1510 1560/1560/1560 1559/1559/1559
f 1511/1511/1511 1512/1512/1512 1561/1561/1561
f 1511/1511/1511 1561/1561/1561 1560/1560/1560
f 1512/1512/1512 1513/1513/1513 1562/1562/1562
f 1512/1512/1512 1562/1562/1562 1561/1561/1561
f 1513/1513/1513 1514/1514/1514 1563/1563/1563
f 1513/1513/1513 1563/1563/1563 1562/1562/1562
f 1514/1514/1514 1515/1515/1515 1564/1564/1564
f 1514/1514/1514 1564/1564/1564 1563/1563/1563
f 1515/1515/1515 1516/1516/1516 1565/1565/1565
f 1515/1515/1515 1565/1565/1565 1564/1564/1564
f 1516/1516/1516 1517/1517/1517 1566/1566/1566
f 1516/1516/1516 1566/1566/1566 1565/1565/1565
f 1517/1517/1517 1518/1518/1518 1567/1567/1567
f 1517/1517/1517 1567/1567/1567 1566/1566/1566
f 1518/1518/1518 1519/1519/1519 1568/1568/1568
f 1518/1518/1518 1568/1568/1568 1567/1567/1567
f 1521/1521/1521 1520/1520/1520 1569/1569/1569
f 1521/1521/1521 1569/1569/1569 1570/1570/1570
f 1520/1520/1520 1522/1522/1522 1571/1571/1571
f 1520/1520/1520 1571/1571/1571 1569/1569/1569
f 1522/1522/1522 1523/1523/1523 1572/1572/1572
f 1522/1522/1522 1572/1572/1572 1571/1571/1571
f 1523/1523/1523 1524/1524/1524 1573/1573/1573
f 1523/1523/1523 1573/1573/1573 1572/1572/1572
f 1524/1524/1524 1525/1525/1525 1574/1574/1574
f 1524/1524/1524 1574/1574/1574 1573/1573/1573
f 1525/1525/1525 1526/1526/1526 1575/1575/1575
f 1525/1525/1525 1575/1575/1575 1574/1574/1574
f 1526/1526/1526 1527/1527/1527 1576/1576/1576
f 1526/1526/1526 1576/1576/1576 1575/1575/1575
f 1527/1527/1527 1528/1528/1528 1577/1577/1577
f 1527/1527/1527 1577/1577/1577 1576/1576/1576
f 1528/1528/1528 1529/1529/1529 1578/1578/1578
f 1528/1528/1528 1578/1578/1578 1577/1577/1577
f 1529/1529/1529 1530/1530/1530 1579/1579/1579
f 1529/1529/1529 1579/1579/1579 1578/1578/1578
f 1530/1530/1530 1531/1531/1531 1580/1580/1580
f 1530/1530/1530 1580/1580/1580 1579/1579/1579
f 1531/1531/1531 1532/1532/1532 1581/1581/1581
f 1531/1531/1531 1581/1581/1581 1580/1580/1580
f 1532/1532/1532 1533/1533/1533 1582/1582/1582
f 1532/1532/1532 1582/1582/1582 1581/1581/1581
f 1533/1533/1533 1534/1534/1534 1583/1583/1583
f 1533/1533/1533 1583/1583/1583 1582/1582/1582
f 1534/1534/1534 1535/1535/1535 1584/1584/1584
f 1534/1534/1534 1584/1584/1584 1583/1583/1583
f 1535/1535/1535 1536/1536/1536 1585/1585/1585
f 1535/1535/1535 1585/1585/1585 1584/1584/1584
f 1536/1536/1536 1537/1537/1537 1586/1586/1586
f 1536/1536/1536 1586/1586/1586 1585/1585/1585
f 1537/1537/1537 1538/1538/1538 1587/1587/1587
f 1537/1537/1537 1587/1587/1587 1586/1586/1586
f 1538/1538/1538 1539/1539/1539 1588/1588/1588
f 1538/1538/1538 1588/1588/1588 1587/1587/1587
f 1539/1539/1539 1540/1540/1540 1589/1589/1589
f 1539/1539/1539 1589/1589/1589 1588/1588/1588
f 1540/1540/1540 1541/1541/1541 1590/1590/1590
f 1540/1540/1540 1590/1590/1590 1589/1589/1589
f 1541/1541/1541 1542/1542/1542 1591/1591/1591
f 1541/1541/1541 1591/1591/1591 1590/1590/1590
f 1542/1542/1542 1543/1543/1543 1592/1592/1592
f 1542/1542/1542 1592/1592/1592 1591/1591/1591
f 1543/1543/1543 1544/1544/1544 1593/1593/1593
f 1543/1543/1543 1593/1593/1593 1592/1592/1592
f 1544/1544/1544 1545/1545/1545 1594/1594/1594
f 1544/1544/1544 1594/1594/1594 1593/1593/1593
f 1545/1545/1545 1546/1546/1546 1595/1595/1595
f 1545/1545/1545 1595/1595/1595 1594/1594/1594
f 1546/1546/1546 1547/1547/1547 1596/1596/1596
f 1546/1546/1546 1596/1596/1596 1595/1595/1595
f 1547/1547/1547 1548/1548/1548 1597/1597/1597
f 1547/1547/1547 1597/1597/1597 1596/1596/1596
f 1548/1548/1548 1549/1549/1549 1598/1598/1598
f 1548/1548/1548 1598/1598/1598 1597/1597/1597
f 1549/1549/1549 1550/1550/1550 1599/1599/1599
f 1549/1549/1549 1599/1599/1599 1598/1598/1598
f 1550/1550/1550 1551/1551/1551 1600/1600/1600
f 1550/1550/1550 1600/1600/1600 1599/1599/1599
f 1551/1551/1551 1552/1552/1552 1601/1601/1601
f 1551/1551/1551 1601/1601/1601 1600/1600/1600
f 1552/1552/1552 1553/1553/1553 1602/1602/1602
f 1552/1552/1552 1602/1602/1602 1601/1601/1601
f 1553/1553/1553 1554/1554/1554 1603/1603/1603
f 1553/1553/1553 1603/1603/1603 1602/1602/1602
f 1554/1554/1554 1555/1555/1555 1604/1604/1604
f 1554/1554/1554 1604/1604/1604 1603/1603/1603
f 1555/1555/1555 1556/1556/1556 1605/1605/1605
f 1555/1555/1555 1605/1605/1605 1604/1604/1604
f 1556/1556/1556 1557/1557/1557 1606/1606/1606
f 1556/1556/1556 1606/1606/1606 1605/1605/1605
f 1557/1557/1557 1558/1558/1558 1607/1607/1607
f 1557/1557/1557 1607/1607/1607 1606/1606/1606
f 1558/1558/1558 1559/1559/1559 1608/1608/1608
f 1558/1558/1558 1608/1608/1608 1607/1607/1607
f 1559/1559/1559 1560/1560/1560 1609/1609/1609
f 1559/1559/1559 1609/1609/1609 1608/1608/1608
f 1560/1560/1560 1561/1561/1561 1610/1610/1610
f 1560/1560/1560 1610/1610/1610 1609/1609/1609
f 1561/1561/1561 1562/1562/1562 1611/1611/1611
f 1561/1561/1561 1611/1611/1611 1610/1610/1610
f 1562/1562/1562 1563/1563/1563 1612/1612/1612
f 1562/1562/1562 1612/1612/1612 1611/1611/1611
f 1563/1563/1563 1564/1564/1564 1613/1613/1613
f 1563/1563/1563 1613/1613/1613 1612/1612/1612
f 1564/1564/1564 1565/1565/1565 1614/1614/1614
f 1564/1564/1564 1614/1614/1614 1613/1613/1613
f 1565/1565/1565 1566/1566/1566 1615/1615/1615
f 1565/1565/1565 1615/1615/1615 1614/1614/1614
f 1566/1566/1566 1567/1567/1567 1616/1616/1616
f 1566/1566/1566 1616/1616/1616 1615/1615/1615
f 1567/1567/1567 1568/1568/1568 1617/1617/1617
f 1567/1567/1567 1617/1617/1617 1616/1616/1616
f 1570/1570/1570 1569/1569/1569 1618/1618/1618
f 1570/1570/1570 1618/1618/1618 1619/1619/1619
f 1569/1569/1569 1571/1571/1571 1620/1620/1620
f 1569/1569/1569 1620/1620/1620 1618/1618/1618
f 1571/1571/1571 1572/1572/1572 1621/1621/1621
f 1571/1571/1571 1621/1621/1621 1620/1620/1620
f 1572/1572/1572 1573/1573/1573 1622/1622/1622
f 1572/1572/1572 1622/1622/1622 1621/1621/1621
f 1573/1573/1573 1574/1574/1574 1623/1623/1623
f 1573/1573/1573 1623/1623/1623 1622/1622/1622
f 1574/1574/1574 1575/1575/1575 1624/1624/1624
f 1574/1574/1574 1624/1624/1624 1623/1623/1623
f 1575/1575/1575 1576/1576/1576 1625/1625/1625
f 1575/1575/1575 1625/1625/1625 1624/1624/1624
f 1576/1576/1576 1577/1577/1577 1626/1626/1626
f 1576/1576/1576 1626/1626/1626 1625/1625/1625
f 1577/1577/1577 1578/1578/1578 1627/1627/1627
f 1577/1577/1577 1627/1627/1627 1626/1626/1626
f 1578/1578/1578 1579/1579/1579 1628/1628/1628
f 1578/1578/1578 1628/1628/1628 1627/1627/1627
f 1579/1579/1579 1580/1580/1580 1629/1629/1629
f 1579/1579/1579 1629/1629/1629 1628/1628/1628
f 1580/1580/1580 1581/1581/1581 1630/1630/1630
f 1580/1580/1580 1630/1630/1630 1629/1629/1629
f 1581/1581/1581 1582/1582/1582 1631/1631/1631
f 1581/1581/1581 1631/1631/1631 1630/1630/1630
f 1582/1582/1582 1583/1583/1583 1632/1632/1632
f 1582/1582/1582 1632/1632/1632 1631/1631/1631
f 1583/1583/1583 1584/1584/1584 1633/1633/1633
f 1583/1583/1583 1633/1633/1633 1632/1632/1632
f 1584/1584/1584 1585/1585/1585 1634/1634/1634
f 1584/1584/1584 1634/1634/1634 1633/1633/1633
f 1585/1585/1585 1586/1586/1586 1635/1635/1635
f 1585/1585/1585 1635/1635/1635 1634/1634/1634
f 1586/1586/1586 1587/1587/1587 1636/1636/1636
f 1586/1586/1586 1636/1636/1636 1635/1635/1635
f 1587/1587/1587 1588/1588/1588 1637/1637/1637
f 1587/1587/1587 1637/1637/1637 1636/1636/1636
f 1588/1588/1588 1589/1589/1589 1638/1638/1638
f 1588/1588/1588 1638/1638/1638 1637/1637/1637
f 1589/1589/1589 1590/1590/1590 1639/1639/1639
f 1589/1589/1589 1639/1639/1639 1638/1638/1638
f 1590/1590/1590 1591/1591/1591 1640/1640/1640
f 1590/1590/1590 1640/1640/1640 1639/1639/1639
f 1591/1591/1591 1592/1592/1592 1641/1641/1641
f 1591/1591/1591 1641/1641/1641 1640/1640/1640
f 1592/1592/1592 1593/1593/1593 1642/1642/1642
f 1592/1592/1592 1642/1642/1642 1641/1641/1641
f 1593/1593/1593 1594/1594/1594 1643/1643/1643
f 1593/1593/1593 1643/1643/1643 1642/1642/1642
f 1594/1594/1594 1595/1595/1595 1644/1644/1644
f 1594/1594/1594 1644/1644/1644 1643/1643/1643
f 1595/1595/1595 1596/1596/1596 1645/1645/1645
f 1595/1595/1595 1645/1645/1645 1644/1644/1644
f 1596/1596/1596 1597/1597/1597 1646/1646/1646
f 1596/1596/1596 1646/1646/1646 1645/1645/1645
f 1597/1597/1597 1598/1598/1598 1647/1647/1647
f 1597/1597/1597 1647/1647/1647 1646/1646/1646
f 1598/1598/1598 1599/1599/1599 1648/1648/1648
f 1598/1598/1598 1648/1648/1648 1647/1647/1647
f 1599/1599/1599 1600/1600/1600 1649/1649/1649
f 1599/1599/1599 1649/1649/1649 1648/1648/1648
f 1600/1600/1600 1601/1601/1601 1650/1650/1650
f 1600/1600/1600 1650/1650/1650 1649/1649/1649
f 1601/1601/1601 1602/1602/1602 1651/1651/1651
f 1601/1601/1601 1651/1651/1651 1650/1650/1650
f 1602/1602/1602 1603/1603/1603 1652/1652/1652
f 1602/1602/1602 1652/1652/1652 1651/1651/1651
f 1603/1603/1603 1604/1604/1604 1653/1653/1653
f 1603/1603/1603 1653/1653/1653 1652/1652/1652
f 1604/1604/1604 1605/1605/1605 1654/1654/1654
f 1604/1604/1604 1654/1654/1654 1653/1653/1653
f 1605/1605/1605 1606/1606/1606 1655/1655/1655
f 1605/1605/1605 1655/1655/1655 1654/1654/1654
f 1606/1606/1606 1607/1607/1607 1656/1656/1656
f 1606/1606/1606 1656/1656/1656 1655/1655/1655
f 1607/1607/1607 1608/1608/1608 1657/1657/1657
f 1607/1607/1607 1657/1657/1657 1656/1656/1656
f 1608/1608/1608 1609/1609/1609 1658/1658/1658
f 1608/1608/1608 1658/1658/1658 1657/1657/1657
f 1609/1609/1609 1610/1610/1610 1659/1659/1659
f 1609/1609/1609 1659/1659/1659 1658/1658/1658
f 1610/1610/1610 1611/1611/1611 1660/1660/1660
f 1610/1610/1610 1660/1660/1660 1659/1659/1659
f 1611/1611/1611 1612/1612/1612 1661/1661/1661
f 1611/1611/1611 1661/1661/1661 1660/1660/1660
f 1612/1612/1612 1613/1613/1613 1662/1662/1662
f 1612/1612/1612 1662/1662/1662 1661/1661/1661
f 1613/1613/1613 1614/1614/1614 1663/1663/1663
f 1613/1613/1613 1663/1663/1663 1662/1662/1662
f 1614/1614/1614 1615/1615/1615 1664/1664/1664
f 1614/1614/1614 1664/1664/1664 1663/1663/1663
f 1615/1615/1615 1616/1616/1616 1665/1665/1665
f 1615/1615/1615 1665/1665/1665 1664/1664/1664
f 1616/1616/1616 1617/1617/1617 1666/1666/1666
f 1616/1616/1616 1666/1666/1666 1665/1665/1665
f 1619/1619/1619 1618/1618/1618 1667/1667/1667
f 1619/1619/1619 1667/1667/1667 1668/1668/1668
f 1618/1618/1618 1620/1620/1620 1669/1669/1669
f 1618/1618/1618 1669/1669/1669 1667/1667/1667
f 1620/1620/1620 1621/1621/1621 1670/1670/1670
f 1620/1620/1620 1670/1670/1670 1669/1669/1669
f 1621/1621/1621 1622/1622/1622 1671/1671/1671
f 1621/1621/1621 1671/1671/1671 1670/1670/1670
f 1622/1622/1622 1623/1623/1623 1672/1672/1672
f 1622/1622/1622 1672/1672/1672 1671/1671/1671
f 1623/1623/1623 1624/1624/1624 1673/1673/1673
f 1623/1623/1623 1673/1673/1673 1672/1672/1672
f 1624/1624/1624 1625/1625/1625 1674/1674/1674
f 1624/1624/1624 1674/1674/1674 1673/1673/1673
f 1625/1625/1625 1626/1626/1626 1675/1675/1675
f 1625/1625/1625 1675/1675/1675 1674/1674/1674
f 1626/1626/1626 1627/1627/1627 1676/1676/1676
f 1626/1626/1626 1676/1676/1676 1675/1675/1675
f 1627/1627/1627 1628/1628/1628 1677/1677/1677
f 1627/1627/1627 1677/1677/1677 1676/1676/1676
f 1628/1628/1628 1629/1629/1629 1678/1678/1678
f 1628/1628/1628 1678/1678/1678 1677/1677/1677
f 1629/1629/1629 1630/1630/1630 1679/1679/1679
f 1629/1629/1629 1679/1679/1679 1678/1678/1678
f 1630/1630/1630 1631/1631/1631 1680/1680/1680
f 1630/1630/1630 1680/1680/1680 1679/1679/1679
f 1631/1631/1631 1632/1632/1632 1681/1681/1681
f 1631/1631/1631 1681/1681/1681 1680/1680/1680
f 1632/1632/1632 1633/1633/1633 1682/1682/1682
f 1632/1632/1632 1682/1682/1682 1681/1681/1681
f 1633/1633/1633 1634/1634/1634 1683/1683/1683
f 1633/1633/1633 1683/1683/1683 1682/1682/1682
f 1634/1634/1634 1635/1635/1635 1684/1684/1684
f 1634/1634/1634 1684/1684/1684 1683/1683/1683
f 1635/1635/1635 1636/1636/1636 1685/1685/1685
f 1635/1635/1635 1685/1685/1685 1684/1684/1684
f 1636/1636/1636 1637/1637/1637 1686/1686/1686
f 1636/1636/1636 1686/1686/1686 1685/1685/1685
f 1637/1637/1637 1638/1638/1638 1687/1687/1687
f 1637/1637/1637 1687/1687/1687 1686/1686/1686
f 1638/1638/1638 1639/1639/1639 1688/1688/1688
f 1638/1638/1638 1688/1688/1688 1687/1687/1687
f 1639/1639/1639 1640/1640/1640 1689/1689/1689
f 1639/1639/1639 1689/1689/1689 1688/1688/1688
f 1640/1640/1640 1641/1641/1641 1690/1690/1690
f 1640/1640/1640 1690/1690/1690 1689/1689/1689
f 1641/1641/1641 1642/1642/1642 1691/1691/1691
f 1641/1641/1641 1691/1691/1691 1690/1690/1690
f 1642/1642/1642 1643/1643/1643 1692/1692/1692
f 1642/1642/1642 1692/1692/1692 1691/1691/1691
f 1643/1643/1643 1644/1644/1644 1693/1693/1693
f 1643/1643/1643 1693/1693/1693 1692/1692/1692
f 1644/1644/1644 1645/1645/1645 1694/1694/1694
f 1644/1644/1644 1694/1694/1694 1693/1693/1693
f 1645/1645/1645 1646/1646/1646 1695/1695/1695
f 1645/1645/1645 1695/1695/1695 1694/1694/1694
f 1646/1646/1646 1647/1647/1647 1696/1696/1696
f 1646/1646/1646 1696/1696/1696 1695/1695/1695
f 1647/1647/1647 1648/1648/1648 1697/1697/1697
f 1647/1647/1647 1697/1697/1697 1696/1696/1696
f 1648/1648/1648 1649/1649/1649 1698/1698/1698
f 1648/1648/1648 1698/1698/1698 1697/1697/1697
f 1649/1649/1649 1650/1650/1650 1699/1699/1699
f 1649/1649/1649 1699/1699/1699 1698/1698/1698
f 1650/1650/1650 1651/1651/1651 1700/1700/1700
f 1650/1650/1650 1700/1700/1700 1699/1699/1699
f 1651/1651/1651 1652/1652/1652 1701/1701/1701
f 1651/1651/1651 1701/1701/1701 1700/1700/1700
f 1652/1652/1652 1653/1653/1653 1702/1702/1702
f 1652/1652/1652 1702/1702/1702 1701/1701/1701
f 1653/1653/1653 1654/1654/1654 1703/1703/1703
f 1653/1653/1653 1703/1703/1703 1702/1702/1702
f 1654/1654/1654 1655/1655/1655 1704/1704/1704
f 1654/1654/1654 1704/1704/1704 1703/1703/1703
f 1655/1655/1655 1656/1656/1656 1705/1705/1705
f 1655/1655/1655 1705/1705/1705 1704/1704/1704
f 1656/1656/1656 1657/1657/1657 1706/1706/1706
f 1656/1656/1656 1706/1706/1706 1705/1705/1705
f 1657/1657/1657 1658/1658/1658 1707/1707/1707
f 1657/1657/1657 1707/1707/1707 1706/1706/1706
f 1658/1658/1658 1659/1659/1659 1708/1708/1708
f 1658/1658/1658 1708/1708/1708 1707/1707/1707
f 1659/1659/1659 1660/1660/1660 1709/1709/1709
f 1659/1659/1659 1709/1709/1709 1708/1708/1708
f 1660/1660/1660 1661/1661/1661 1710/1710/1710
f 1660/1660/1660 1710/1710/1710 1709/1709/1709
f 1661/1661/1661 1662/1662/1662 1711/1711/1711
f 1661/1661/1661 1711/1711/1711 1710/1710/1710
f 1662/1662/1662 1663/1663/1663 1712/1712/1712
f 1662/1662/1662 1712/1712/1712 1711/1711/1711
f 1663/1663/1663 1664/1664/1664 1713/1713/1713
f 1663/1663/1663 1713/1713/1713 1712/1712/1712
f 1664/1664/1664 1665/1665/1665 1714/1714/1714
f 1664/1664/1664 1714/1714/1714 1713/1713/1713
f 1665/1665/1665 1666/1666/1666 1715/1715/1715
f 1665/1665/1665 1715/1715/1715 1714/1714/1714
f 1668/1668/1668 1667/1667/1667 1716/1716/1716
f 1668/1668/1668 1716/1716/1716 1717/1717/1717
f 1667/1667/1667 1669/1669/1669 1718/1718/1718
f 1667/1667/1667 1718/1718/1718 1716/1716/1716
f 1669/1669/1669 1670/1670/1670 1719/1719/1719
f 1669/1669/1669 1719/1719/1719 1718/1718/1718
f 1670/1670/1670 1671/1671/1671 1720/1720/1720
f 1670/1670/1670 1720/1720/1720 1719/1719/1719
f 1671/1671/1671 1672/1672/1672 1721/1721/1721
f 1671/1671/1671 1721/1721/1721 1720/1720/1720
f 1672/1672/1672 1673/1673/1673 1722/1722/1722
f 1672/1672/1672 1722/1722/1722 1721/1721/1721
f 1673/1673/1673 1674/1674/1674 1723/1723/1723
f 1673/1673/1673 1723/1723/1723 1722/1722/1722
f 1674/1674/1674 1675/1675/1675 1724/1724/1724
f 1674/1674/1674 1724/1724/1724 1723/1723/1723
f 1675/1675/1675 1676/1676/1676 1725/1725/1725
f 1675/1675/1675 1725/1725/1725 1724/1724/1724
f 1676/1676/1676 1677/1677/1677 1726/1726/1726
f 1676/1676/1676 1726/1726/1726 1725/1725/1725
f 1677/1677/1677 1678/1678/1678 1727/1727/1727
f 1677/1677/1677 1727/1727/1727 1726/1726/1726
f 1678/1678/1678 1679/1679/1679 1728/1728/1728
f 1678/1678/1678 1728/1728/1728 1727/1727/1727
f 1679/1679/1679 1680/1680/1680 1729/1729/1729
f 1679/1679/1679 1729/1729/1729 1728/1728/1728
f 1680/1680/1680 1681/1681/1681 1730/1730/1730
f 1680/1680/1680 1730/1730/1730 1729/1729/1729
f 1681/1681/1681 1682/1682/1682 1731/1731/1731
f 1681/1681/1681 1731/1731/1731 1730/1730/1730
f 1682/1682/1682 1683/1683/1683 1732/1732/1732
f 1682/1682/1682 1732/1732/1732 1731/1731/1731
f 1683/1683/1683 1684/1684/1684 1733/1733/1733
f 1683/1683/1683 1733/1733/1733 1732/1732/1732
f 1684/1684/1684 1685/1685/1685 1734/1734/1734
f 1684/1684/1684 1734/1734/1734 1733/1733/1733
f 1685/1685/1685 1686/1686/1686 1735/1735/1735
f 1685/1685/1685 1735/1735/1735 1734/1734/1734
f 1686/1686/1686 1687/1687/1687 1736/1736/1736
f 1686/1686/1686 1736/1736/1736 1735/1735/1735
f 1687/1687/1687 1688/1688/1688 1737/1737/1737
f 1687/1687/1687 1737/1737/1737 1736/1736/1736
f 1688/1688/1688 1689/1689/1689 1738/1738/1738
f 1688/1688/1688 1738/1738/1738 1737/1737/1737
f 1689/1689/1689 1690/1690/1690 1739/1739/1739
f 1689/1689/1689 1739/1739/1739 1738/1738/1738
f 1690/1690/1690 1691/1691/1691 1740/1740/1740
f 1690/1690/1690 1740/1740/1740 1739/1739/1739
f 1691/1691/1691 1692/1692/1692 1741/1741/1741
f 1691/1691/1691 1741/1741/1741 1740/1740/1740
f 1692/1692/1692 1693/1693/1693 1742/1742/1742
f 1692/1692/1692 1742/1742/1742 1741/1741/1741
f 1693/1693/1693 1694/1694/1694 1743/1743/1743
f 1693/1693/1693 1743/1743/1743 1742/1742/1742
f 1694/1694/1694 1695/1695/1695 1744/1744/1744
f 1694/1694/1694 1744/1744/1744 1743/1743/1743
f 1695/1695/1695 1696/1696/1696 1745/1745/1745
f 1695/1695/1695 1745/1745/1745 1744/1744/1744
f 1696/1696/1696 1697/1697/1697 1746/1746/1746
f 1696/1696/1696 1746/1746/1746 1745/1745/1745
f 1697/1697/1697 1698/1698/1698 1747/1747/1747
f 1697/1697/1697 1747/1747/1747 1746/1746/1746
f 1698/1698/1698 1699/1699/1699 1748/1748/1748
f 1698/1698/1698 1748/1748/1748 1747/1747/1747
f 1699/1699/1699 1700/1700/1700 1749/1749/1749
f 1699/1699/1699 1749/1749/1749 1748/1748/1748
f 1700/1700/1700 1701/1701/1701 1750/1750/1750
f 1700/1700/1700 1750/1750/1750 1749/1749/1749
f 1701/1701/1701 1702/1702/1702 1751/1751/1751
f 1701/1701/1701 1751/1751/1751 1750/1750/1750
f 1702/1702/1702 1703/1703/1703 1752/1752/1752
f 1702/1702/1702 1752/1752/1752 1751/1751/1751
f 1703/1703/1703 1704/1704/1704 1753/1753/1753
f 1703/1703/1703 1753/1753/1753 1752/1752/1752
f 1704/1704/1704 1705/1705/1705 1754/1754/1754
f 1704/1704/1704 1754/1754/1754 1753/1753/1753
f 1705/1705/1705 1706/1706/1706 1755/1755/1755
f 1705/1705/1705 1755/1755/1755 1754/1754/1754
f 1706/1706/1706 1707/1707/1707 1756/1756/1756
f 1706/1706/1706 1756/1756/1756 1755/1755/1755
f 1707/1707/1707 1708/1708/1708 1757/1757/1757
f 1707/1707/1707 1757/1757/1757 1756/1756/1756
f 1708/1708/1708 1709/1709/1709 1758/1758/1758
f 1708/1708/1708 1758/1758/1758 1757/1757/1757
f 1709/1709/1709 1710/1710/1710 1759/1759/1759
f 1709/1709/1709 1759/1759/1759 1758/1758/1758
f 1710/1710/1710 1711/1711/1711 1760/1760/1760
f 1710/1710/1710 1760/1760/1760 1759/1759/1759
f 1711/1711/1711 1712/1712/1712 1761/1761/1761
f 1711/1711/1711 1761/1761/1761 1760/1760/1760
f 1712/1712/1712 1713/1713/1713 1762/1762/1762
f 1712/1712/1712 1762/1762/1762 1761/1761/1761
f 1713/1713/1713 1714/1714/1714 1763/1763/1763
f 1713/1713/1713 1763/1763/1763 1762/1762/1762
f 1714/1714/1714 1715/1715/1715 1764/1764/1764
f 1714/1714/1714 1764/1764/1764 1763/1763/1763
f 1717/1717/1717 1716/1716/1716 1765/1765/1765
f 1717/1717/1717 1765/1765/1765 1766/1766/1766
f 1716/1716/1716 1718/1718/1718 1767/1767/1767
f 1716/1716/1716 1767/1767/1767 1765/1765/1765
f 1718/1718/1718 1719/1719/1719 1768/1768/1768
f 1718/1718/1718 1768/1768/1768 1767/1767/1767
f 1719/1719/1719 1720/1720/1720 1769/1769/1769
f 1719/1719/1719 1769/1769/1769 1768/1768/1768
f 1720/1720/1720 1721/1721/1721 1770/1770/1770
f 1720/1720/1720 1770/1770/1770 1769/1769/1769
f 1721/1721/1721 1722/1722/1722 1771/1771/1771
f 1721/1721/1721 1771/1771/1771 1770/1770/1770
f 1722/1722/1722 1723/1723/1723 1772/1772/1772
f 1722/1722/1722 1772/1772/1772 1771/1771/1771
f 1723/1723/1723 1724/1724/1724 1773/1773/1773
f 1723/1723/1723 1773/1773/1773 1772/1772/1772
f 1724/1724/1724 1725/1725/1725 1774/1774/1774
f 1724/1724/1724 1774/1774/1774 1773/1773/1773
f 1725/1725/1725 1726/1726/1726 1775/1775/1775
f 1725/1725/1725 1775/1775/1775 1774/1774/1774
f 1726/1726/1726 1727/1727/1727 1776/1776/1776
f 1726/1726/1726 1776/1776/1776 1775/1775/1775
f 1727/1727/1727 1728/1728/1728 1777/1777/1777
f 1727/1727/1727 1777/1777/1777 1776/1776/1776
f 1728/1728/1728 1729/1729/1729 1778/1778/1778
f 1728/1728/1728 1778/1778/1778 1777/1777/1777
f 1729/1729/1729 1730/1730/1730 1779/1779/1779
f 1729/1729/1729 1779/1779/1779 1778/1778/1778
f 1730/1730/1730 1731/1731/1731 1780/1780/1780
f 1730/1730/1730 1780/1780/1780 1779/1779/1779
f 1731/1731/1731 1732/1732/1732 1781/1781/1781
f 1731/1731/1731 1781/1781/1781 1780/1780/1780
f 1732/1732/1732 1733/1733/1733 1782/1782/1782
f 1732/1732/1732 1782/1782/1782 1781/1781/1781
f 1733/1733/1733 1734/1734/1734 1783/1783/1783
f 1733/1733/1733 1783/1783/1783 1782/1782/1782
f 1734/1734/1734 1735/1735/1735 1784/1784/1784
f 1734/1734/1734 1784/1784/1784 1783/1783/1783
f 1735/1735/1735 1736/1736/1736 1785/1785/1785
f 1735/1735/1735 1785/1785/1785 1784/1784/1784
f 1736/1736/1736 1737/1737/1737 1786/1786/1786
f 1736/1736/1736 1786/1786/1786 1785/1785/1785
f 1737/1737/1737 1738/1738/1738 1787/1787/1787
f 1737/1737/1737 1787/1787/1787 1786/1786/1786
f 1738/1738/1738 1739/1739/1739 1788/1788/1788
f 1738/1738/1738 1788/1788/1788 1787/1787/1787
f 1739/1739/1739 1740/1740/1740 1789/1789/1789
f 1739/1739/1739 1789/1789/1789 1788/1788/1788
f 1740/1740/1740 1741/1741/1741 1790/1790/1790
f 1740/1740/1740 1790/1790/1790 1789/1789/1789
f 1741/1741/1741 1742/1742/1742 1791/1791/1791
f 1741/1741/1741 1791/1791/1791 1790/1790/1790
f 1742/1742/1742 1743/1743/1743 1792/1792/1792
f 1742/1742/1742 1792/1792/1792 1791/1791/1791
f 1743/1743/1743 1744/1744/1744 1793/1793/1793
f 1743/1743/1743 1793/1793/1793 1792/1792/1792
f 1744/1744/1744 1745/1745/1745 1794/1794/1794
f 1744/1744/1744 1794/1794/1794 1793/1793/1793
f 1745/1745/1745 1746/1746/1746 1795/1795/1795
f 1745/1745/1745 1795/1795/1795 1794/1794/1794
f 1746/1746/1746 1747/1747/1747 1796/1796/1796
f 1746/1746/1746 1796/1796/1796 1795/1795/1795
f 1747/1747/1747 1748/1748/1748 1797/1797/1797
f 1747/1747/1747 1797/1797/1797 1796/1796/1796
f 1748/1748/1748 1749/1749/1749 1798/1798/1798
f 1748/1748/1748 1798/1798/1798 1797/1797/1797
f 1749/1749/1749 1750/1750/1750 1799/1799/1799
f 1749/1749/1749 1799/1799/1799 1798/1798/1798
f 1750/1750/1750 1751/1751/1751 1800/1800/1800
f 1750/1750/1750 1800/1800/1800 1799/1799/1799
f 1751/1751/1751 1752/1752/1752 1801/1801/1801
f 1751/1751/1751 1801/1801/1801 1800/1800/1800
f 1752/1752/1752 1753/1753/1753 1802/1802/1802
f 1752/1752/1752 1802/1802/1802 1801/1801/1801
f 1753/1753/1753 1754/1754/1754 1803/1803/1803
f 1753/1753/1753 1803/1803/1803 1802/1802/1802
f 1754/1754/1754 1755/1755/1755 1804/1804/1804
f 1754/1754/1754 1804/1804/1804 1803/1803/1803
f 1755/1755/1755 1756/1756/1756 1805/1805/1805
f 1755/1755/1755 1805/1805/1805 1804/1804/1804
f 1756/1756/1756 1757/1757/1757 1806/1806/1806
f 1756/1756/1756 1806/1806/1806 1805/1805/1805
f 1757/1757/1757 1758/1758/1758 1807/1807/1807
f 1757/1757/1757 1807/1807/1807 1806/1806/1806
f 1758/1758/1758 1759/1759/1759 1808/1808/1808
f 1758/1758/1758 1808/1808/1808 1807/1807/1807
f 1759/1759/1759 1760/1760/1760 1809/1809/1809
f 1759/1759/1759 1809/1809/1809 1808/1808/1808
f 1760/1760/1760 1761/1761/1761 1810/1810/1810
f 1760/1760/1760 1810/1810/1810 1809/1809/1809
f 1761/1761/1761 1762/1762/1762 1811/1811/1811
f 1761/1761/1761 1811/1811/1811 1810/1810/1810
f 1762/1762/1762 1763/1763/1763 1812/1812/1812
f 1762/1762/1762 1812/1812/1812 1811/1811/1811
f 1763/1763/1763 1764/1764/1764 1813/1813/1813
f 1763/1763/1763 1813/1813/1813 1812/1812/1812
f 1766/1766/1766 1765/1765/1765 1814/1814/1814
f 1766/1766/1766 1814/1814/1814 1815/1815/1815
f 1765/1765/1765 1767/1767/1767 1816/1816/1816
f 1765/1765/1765 1816/1816/1816 1814/1814/1814
f 1767/1767/1767 1768/1768/1768 1817/1817/1817
f 1767/1767/1767 1817/1817/1817 1816/1816/1816
f 1768/1768/1768 1769/1769/1769 1818/1818/1818
f 1768/1768/1768 1818/1818/1818 1817/1817/1817
f 1769/1769/1769 1770/1770/1770 1819/1819/1819
f 1769/1769/1769 1819/1819/1819 1818/1818/1818
f 1770/1770/1770 1771/1771/1771 1820/1820/1820
f 1770/1770/1770 1820/1820/1820 1819/1819/1819
f 1771/1771/1771 1772/1772/1772 1821/1821/1821
f 1771/1771/1771 1821/1821/1821 1820/1820/1820
f 1772/1772/1772 1773/1773/1773 1822/1822/1822
f 1772/1772/1772 1822/1822/1822 1821/1821/1821
f 1773/1773/1773 1774/1774/1774 1823/1823/1823
f 1773/1773/1773 1823/1823/1823 1822/1822/1822
f 1774/1774/1774 1775/1775/1775 1824/1824/1824
f 1774/1774/1774 1824/1824/1824 1823/1823/1823
f 1775/1775/1775 1776/1776/1776 1825/1825/1825
f 1775/1775/1775 1825/1825/1825 1824/1824/1824
f 1776/1776/1776 1777/1777/1777 1826/1826/1826
f 1776/1776/1776 1826/1826/1826 1825/1825/1825
f 1777/1777/1777 1778/1778/1778 1827/1827/1827
f 1777/1777/1777 1827/1827/1827 1826/1826/1826
f 1778/1778/1778 1779/1779/1779 1828/1828/1828
f 1778/1778/1778 1828/1828/1828 1827/1827/1827
f 1779/1779/1779 1780/1780/1780 1829/1829/1829
f 1779/1779/1779 1829/1829/1829 1828/1828/1828
f 1780/1780/1780 1781/1781/1781 1830/1830/1830
f 1780/1780/1780 1830/1830/1830 1829/1829/1829
f 1781/1781/1781 1782/1782/1782 1831/1831/1831
f 1781/1781/1781 1831/1831/1831 1830/1830/1830
f 1782/1782/1782 1783/1783/1783 1832/1832/1832
f 1782/1782/1782 1832/1832/1832 1831/1831/1831
f 1783/1783/1783 1784/1784/1784 1833/1833/1833
f 1783/1783/1783 1833/1833/1833 1832/1832/1832
f 1784/1784/1784 1785/1785/1785 1834/1834/1834
f 1784/1784/1784 1834/1834/1834 1833/1833/1833
f 1785/1785/1785 1786/1786/1786 1835/1835/1835
f 1785/1785/1785 1835/1835/1835 1834/1834/1834
f 1786/1786/1786 1787/1787/1787 1836/1836/1836
f 1786/1786/1786 1836/1836/1836 1835/1835/1835
f 1787/1787/1787 1788/1788/1788 1837/1837/1837
f 1787/1787/1787 1837/1837/1837 1836/1836/1836
f 1788/1788/1788 1789/1789/1789 1838/1838/1838
f 1788/1788/1788 1838/1838/1838 1837/1837/1837
f 1789/1789/1789 1790/1790/1790 1839/1839/1839
f 1789/1789/1789 1839/1839/1839 1838/1838/1838
f 1790/1790/1790 1791/1791/1791 1840/1840/1840
f 1790/1790/1790 1840/1840/1840 1839/1839/1839
f 1791/1791/1791 1792/1792/1792 1841/1841/1841
f 1791/1791/1791 1841/1841/1841 1840/1840/1840
f 1792/1792/1792 1793/1793/1793 1842/1842/1842
f 1792/1792/1792 1842/1842/1842 1841/1841/1841
f 1793/1793/1793 1794/1794/1794 1843/1843/1843
f 1793/1793/1793 1843/1843/1843 1842/1842/1842
f 1794/1794/1794 1795/1795/1795 1844/1844/1844
f 1794/1794/1794 1844/1844/1844 1843/1843/1843
f 1795/1795/1795 1796/1796/1796 1845/1845/1845
f 1795/1795/1795 1845/1845/1845 1844/1844/1844
f 1796/1796/1796 1797/1797/1797 1846/1846/1846
f 1796/1796/1796 1846/1846/1846 1845/1845/1845
f 1797/1797/1797 1798/1798/1798 1847/1847/1847
f 1797/1797/1797 1847/1847/1847 1846/1846/1846
f 1798/1798/1798 1799/1799/1799 1848/1848/1848
f 1798/1798/1798 1848/1848/1848 1847/1847/1847
f 1799/1799/1799 1800/1800/1800 1849/1849/1849
f 1799/1799/1799 1849/1849/1849 1848/1848/1848
f 1800/1800/1800 1801/1801/1801 1850/1850/1850
f 1800/1800/1800 1850/1850/1850 1849/1849/1849
f 1801/1801/1801 1802/1802/1802 1851/1851/1851
f 1801/1801/1801 1851/1851/1851 1850/1850/1850
f 1802/1802/1802 1803/1803/1803 1852/1852/1852
f 1802/1802/1802 1852/1852/1852 1851/1851/1851
f 1803/1803/1803 1804/1804/1804 1853/1853/1853
f 1803/1803/1803 1853/1853/1853 1852/1852/1852
f 1804/1804/1804 1805/1805/1805 1854/1854/1854
f 1804/1804/1804 1854/1854/1854 1853/1853/1853
f 1805/1805/1805 1806/1806/1806 1855/1855/1855
f 1805/1805/1805 1855/1855/1855 1854/1854/1854
f 1806/1806/1806 1807/1807/1807 1856/1856/1856
f 1806/1806/1806 1856/1856/1856 1855/1855/1855
f 1807/1807/1807 1808/1808/1808 1857/1857/1857
f 1807/1807/1807 1857/1857/1857 1856/1856/1856
f 1808/1808/1808 1809/1809/1809 1858/1858/1858
f 1808/1808/1808 1858/1858/1858 1857/1857/1857
f 1809/1809/1809 1810/1810/1810 1859/1859/1859
f 1809/1809/1809 1859/1859/1859 1858/1858/1858
f 1810/1810/1810 1811/1811/1811 1860/1860/1860
f 1810/1810/1810 1860/1860/1860 1859/1859/1859
f 1811/1811/1811 1812/1812/1812 1861/1861/1861
f 1811/1811/1811 1861/1861/1861 1860/1860/1860
f 1812/1812/1812 1813/1813/1813 1862/1862/1862
f 1812/1812/1812 1862/1862/1862 1861/1861/1861
f 1815/1815/1815 1814/1814/1814 1863/1863/1863
f 1815/1815/1815 1863/1863/1863 1864/1864/1864
f 1814/1814/1814 1816/1816/1816 1865/1865/1865
f 1814/1814/1814 1865/1865/1865 1863/1863/1863
f 1816/1816/1816 1817/1817/1817 1866/1866/1866
f 1816/1816/1816 1866/1866/1866 1865/1865/1865
f 1817/1817/1817 1818/1818/1818 1867/1867/1867
f 1817/1817/1817 1867/1867/1867 1866/1866/1866
f 1818/1818/1818 1819/1819/1819 1868/1868/1868
f 1818/1818/1818 1868/1868/1868 1867/1867/1867
f 1819/1819/1819 1820/1820/1820 1869/1869/1869
f 1819/1819/1819 1869/1869/1869 1868/1868/1868
f 1820/1820/1820 1821/1821/1821 1870/1870/1870
f 1820/1820/1820 1870/1870/1870 1869/1869/1869
f 1821/1821/1821 1822/1822/1822 1871/1871/1871
f 1821/1821/1821 1871/1871/1871 1870/1870/1870
f 1822/1822/1822 1823/1823/1823 1872/1872/1872
f 1822/1822/1822 1872/1872/1872 1871/1871/1871
f 1823/1823/1823 1824/1824/1824 1873/1873/1873
f 1823/1823/1823 1873/1873/1873 1872/1872/1872
f 1824/1824/1824 1825/1825/1825 1874/1874/1874
f 1824/1824/1824 1874/1874/1874 1873/1873/1873
f 1825/1825/1825 1826/1826/1826 1875/1875/1875
f 1825/1825/1825 1875/1875/1875 1874/1874/1874
f 1826/1826/1826 1827/1827/1827 1876/1876/1876
f 1826/1826/1826 1876/1876/1876 1875/1875/1875
f 1827/1827/1827 1828/1828/1828 1877/1877/1877
f 1827/1827/1827 1877/1877/1877 1876/1876/1876
f 1828/1828/1828 1829/1829/1829 1878/1878/1878
f 1828/1828/1828 1878/1878/1878 1877/1877/1877
f 1829/1829/1829 1830/1830/1830 1879/1879/1879
f 1829/1829/1829 1879/1879/1879 1878/1878/1878
f 1830/1830/1830 1831/1831/1831 1880/1880/1880
f 1830/1830/1830 1880/1880/1880 1879/1879/1879
f 1831/1831/1831 1832/1832/1832 1881/1881/1881
f 1831/1831/1831 1881/1881/1881 1880/1880/1880
f 1832/1832/1832 1833/1833/1833 1882/1882/1882
f 1832/1832/1832 1882/1882/1882 1881/1881/1881
f 1833/1833/1833 1834/1834/1834 1883/1883/1883
f 1833/1833/1833 1883/1883/1883 1882/1882/1882
f 1834/1834/1834 1835/1835/1835 1884/1884/1884
f 1834/1834/1834 1884/1884/1884 1883/1883/1883
f 1835/1835/1835 1836/1836/1836 1885/1885/1885
f 1835/1835/1835 1885/1885/1885 1884/1884/1884
f 1836/1836/1836 1837/1837/1837 1886/1886/1886
f 1836/1836/1836 1886/1886/1886 1885/1885/1885
f 1837/1837/1837 1838/1838/1838 1887/1887/1887
f 1837/1837/1837 1887/1887/1887 1886/1886/1886
f 1838/1838/1838 1839/1839/1839 1888/1888/1888
f 1838/1838/1838 1888/1888/1888 1887/1887/1887
f 1839/1839/1839 1840/1840/1840 1889/1889/1889
f 1839/1839/1839 1889/1889/1889 1888/1888/1888
f 1840/1840/1840 1841/1841/1841 1890/1890/1890
f 1840/1840/1840 1890/1890/1890 1889/1889/1889
f 1841/1841/1841 1842/1842/1842 1891/1891/1891
f 1841/1841/1841 1891/1891/1891 1890/1890/1890
f 1842/1842/1842 1843/1843/1843 1892/1892/1892
f 1842/1842/1842 1892/1892/1892 1891/1891/1891
f 1843/1843/1843 1844/1844/1844 1893/1893/1893
f 1843/1843/1843 1893/1893/1893 1892/1892/1892
f 1844/1844/1844 1845/1845/1845 1894/1894/1894
f 1844/1844/1844 1894/1894/1894 1893/1893/1893
f 1845/1845/1845 1846/1846/1846 1895/1895/1895
f 1845/1845/1845 1895/1895/1895 1894/1894/1894
f 1846/1846/1846 1847/1847/1847 1896/1896/1896
f 1846/1846/1846 1896/1896/1896 1895/1895/1895
f 1847/1847/1847 1848/1848/1848 1897/1897/1897
f 1847/1847/1847 1897/1897/1897 1896/1896/1896
f 1848/1848/1848 1849/1849/1849 1898/1898/1898
f 1848/1848/1848 1898/1898/1898 1897/1897/1897
f 1849/1849/1849 1850/1850/1850 1899/1899/1899
f 1849/1849/1849 1899/1899/1899 1898/1898/1898
f 1850/1850/1850 1851/1851/1851 1900/1900/1900
f 1850/1850/1850 1900/1900/1900 1899/1899/1899
f 1851/1851/1851 1852/1852/1852 1901/1901/1901
f 1851/1851/1851 1901/1901/1901 1900/1900/1900
f 1852/1852/1852 1853/1853/1853 1902/1902/1902
f 1852/1852/1852 1902/1902/1902 1901/1901/1901
f 1853/1853/1853 1854/1854/1854 1903/1903/1903
f 1853/1853/1853 1903/1903/1903 1902/1902/1902
f 1854/1854/1854 1855/1855/1855 1904/1904/1904
f 1854/1854/1854 1904/1904/1904 1903/1903/1903
f 1855/1855/1855 1856/1856/1856 1905/1905/1905
f 1855/1855/1855 1905/1905/1905 1904/1904/1904
f 1856/1856/1856 1857/1857/1857 1906/1906/1906
f 1856/1856/1856 1906/1906/1906 1905/1905/1905
f 1857/1857/1857 1858/1858/1858 1907/1907/1907
f 1857/1857/1857 1907/1907/1907 1906/1906/1906
f 1858/1858/1858 1859/1859/1859 1908/1908/1908
f 1858/1858/1858 1908/1908/1908 1907/1907/1907
f 1859/1859/1859 1860/1860/1860 1909/1909/1909
f 1859/1859/1859 1909/1909/1909 1908/1908/1908
f 1860/1860/1860 1861/1861/1861 1910/1910/1910
f 1860/1860/1860 1910/1910/1910 1909/1909/1909
f 1861/1861/1861 1862/1862/1862 1911/1911/1911
f 1861/1861/1861 1911/1911/1911 1910/1910/1910
f 1864/1864/1864 1863/1863/1863 1912/1912/1912
f 1864/1864/1864 1912/1912/1912 1913/1913/1913
f 1863/1863/1863 1865/1865/1865 1914/1914/1914
f 1863/1863/1863 1914/1914/1914 1912/1912/1912
f 1865/1865/1865 1866/1866/1866 1915/1915/1915
f 1865/1865/1865 1915/1915/1915 1914/1914/1914
f 1866/1866/1866 1867/1867/1867 1916/1916/1916
f 1866/1866/1866 1916/1916/1916 1915/1915/1915
f 1867/1867/1867 1868/1868/1868 1917/1917/1917
f 1867/1867/1867 1917/1917/1917 1916/1916/1916
f 1868/1868/1868 1869/1869/1869 1918/1918/1918
f 1868/1868/1868 1918/1918/1918 1917/1917/1917
f 1869/1869/1869 1870/1870/1870 1919/1919/1919
f 1869/1869/1869 1919/1919/1919 1918/1918/1918
f 1870/1870/1870 1871/1871/1871 1920/1920/1920
f 1870/1870/1870 1920/1920/1920 1919/1919/1919
f 1871/1871/1871 1872/1872/1872 1921/1921/1921
f 1871/1871/1871 1921/1921/1921 1920/1920/1920
f 1872/1872/1872 1873/1873/1873 1922/1922/1922
f 1872/1872/1872 1922/1922/1922 1921/1921/1921
f 1873/1873/1873 1874/1874/1874 1923/1923/1923
f 1873/1873/1873 1923/1923/1923 1922/1922/1922
f 1874/1874/1874 1875/1875/1875 1924/1924/1924
f 1874/1874/1874 1924/1924/1924 1923/1923/1923
f 1875/1875/1875 1876/1876/1876 1925/1925/1925
f 1875/1875/1875 1925/1925/1925 1924/1924/1924
f 1876/1876/1876 1877/1877/1877 1926/1926/1926
f 1876/1876/1876 1926/1926/1926 1925/1925/1925
f 1877/1877/1877 1878/1878/1878 1927/1927/1927
f 1877/1877/1877 1927/1927/1927 1926/1926/1926
f 1878/1878/1878 1879/1879/1879 1928/1928/1928
f 1878/1878/1878 1928/1928/1928 1927/1927/1927
f 1879/1879/1879 1880/1880/1880 1929/1929/1929
f 1879/1879/1879 1929/1929/1929 1928/1928/1928
f 1880/1880/1880 1881/1881/1881 1930/1930/1930
f 1880/1880/1880 1930/1930/1930 1929/1929/1929
f 1881/1881/1881 1882/1882/1882 1931/1931/1931
f 1881/1881/1881 1931/1931/1931 1930/1930/1930
f 1882/1882/1882 1883/1883/1883 1932/1932/1932
f 1882/1882/1882 1932/1932/1932 1931/1931/1931
f 1883/1883/1883 1884/1884/1884 1933/1933/1933
f 1883/1883/1883 1933/1933/1933 1932/1932/1932
f 1884/1884/1884 1885/1885/1885 1934/1934/1934
f 1884/1884/1884 1934/1934/1934 1933/1933/1933
f 1885/1885/1885 1886/1886/1886 1935/1935/1935
f 1885/1885/1885 1935/1935/1935 1934/1934/1934
f 1886/1886/1886 1887/1887/1887 1936/1936/1936
f 1886/1886/1886 1936/1936/1936 1935/1935/1935
f 1887/1887/1887 1888/1888/1888 1937/1937/1937
f 1887/1887/1887 1937/1937/1937 1936/1936/1936
f 1888/1888/1888 1889/1889/1889 1938/1938/1938
f 1888/1888/1888 1938/1938/1938 1937/1937/1937
f 1889/1889/1889 1890/1890/1890 1939/1939/1939
f 1889/1889/1889 1939/1939/1939 1938/1938/1938
f 1890/1890/1890 1891/1891/1891 1940/1940/1940
f 1890/1890/1890 1940/1940/1940 1939/1939/1939
f 1891/1891/1891 1892/1892/1892 1941/1941/1941
f 1891/1891/1891 1941/1941/1941 1940/1940/1940
f 1892/1892/1892 1893/1893/1893 1942/1942/1942
f 1892/1892/1892 1942/1942/1942 1941/1941/1941
f 1893/1893/1893 1894/1894/1894 1943/1943/1943
f 1893/1893/1893 1943/1943/1943 1942/1942/1942
f 1894/1894/1894 1895/1895/1895 1944/1944/1944
f 1894/1894/1894 1944/1944/1944 1943/1943/1943
f 1895/1895/1895 1896/1896/1896 1945/1945/1945
f 1895/1895/1895 1945/1945/1945 1944/1944/1944
f 1896/1896/1896 1897/1897/1897 1946/1946/1946
f 1896/1896/1896 1946/1946/1946 1945/1945/1945
f 1897/1897/1897 1898/1898/1898 1947/1947/1947
f 1897/1897/1897 1947/1947/1947 1946/1946/1946
f 1898/1898/1898 1899/1899/1899 1948/1948/1948
f 1898/1898/1898 1948/1948/1948 1947/1947/1947
f 1899/1899/1899 1900/1900/1900 1949/1949/1949
f 1899/1899/1899 1949/1949/1949 1948/1948/1948
f 1900/1900/1900 1901/1901/1901 1950/1950/1950
f 1900/1900/1900 1950/1950/1950 1949/1949/1949
f 1901/1901/1901 1902/1902/1902 1951/1951/1951
f 1901/1901/1901 1951/1951/1951 1950/1950/1950
f 1902/1902/1902 1903/1903/1903 1952/1952/1952
f 1902/1902/1902 1952/1952/1952 1951/1951/1951
f 1903/1903/1903 1904/1904/1904 1953/1953/1953
f 1903/1903/1903 1953/1953/1953 1952/1952/1952
f 1904/1904/1904 1905/1905/1905 1954/1954/1954
f 1904/1904/1904 1954/1954/1954 1953/1953/1953
f 1905/1905/1905 1906/1906/1906 1955/1955/1955
f 1905/1905/1905 1955/1955/1955 1954/1954/1954
f 1906/1906/1906 1907/1907/1907 1956/1956/1956
f 1906/1906/1906 1956/1956/1956 1955/1955/1955
f 1907/1907/1907 1908/1908/1908 1957/1957/1957
f 1907/1907/1907 1957/1957/1957 1956/1956/1956
f 1908/1908/1908 1909/1909/1909 1958/1958/1958
f 1908/1908/1908 1958/1958/1958 1957/1957/1957
f 1909/1909/1909 1910/1910/1910 1959/1959/1959
f 1909/1909/1909 1959/1959/1959 1958/1958/1958
f 1910/1910/1910 1911/1911/1911 1960/1960/1960
f 1910/1910/1910 1960/1960/1960 1959/1959/1959
f 1913/1913/1913 1912/1912/1912 1961/1961/1961
f 1913/1913/1913 1961/1961/1961 1962/1962/1962
f 1912/1912/1912 1914/1914/1914 1963/1963/1963
f 1912/1912/1912 1963/1963/1963 1961/1961/1961
f 1914/1914/1914 1915/1915/1915 1964/1964/1964
f 1914/1914/1914 1964/1964/1964 1963/1963/1963
f 1915/1915/1915 1916/1916/1916 1965/1965/1965
f 1915/1915/1915 1965/1965/1965 1964/1964/1964
f 1916/1916/1916 1917/1917/1917 1966/1966/1966
f 1916/1916/1916 1966/1966/1966 1965/1965/1965
f 1917/1917/1917 1918/1918/1918 1967/1967/1967
f 1917/1917/1917 1967/1967/1967 1966/1966/1966
f 1918/1918/1918 1919/1919/1919 1968/1968/1968
f 1918/1918/1918 1968/1968/1968 1967/1967/1967
f 1919/1919/1919 1920/1920/1920 1969/1969/1969
f 1919/1919/1919 1969/1969/1969 1968/1968/1968
f 1920/1920/1920 1921/1921/1921 1970/1970/1970
f 1920/1920/1920 1970/1970/1970 1969/1969/1969
f 1921/1921/1921 1922/1922/1922 1971/1971/1971
f 1921/1921/1921 1971/1971/1971 1970/1970/1970
f 1922/1922/1922 1923/1923/1923 1972/1972/1972
f 1922/1922/1922 1972/1972/1972 1971/1971/1971
f 1923/1923/1923 1924/1924/1924 1973/1973/1973
f 1923/1923/1923 1973/1973/1973 1972/1972/1972
f 1924/1924/1924 1925/1925/1925 1974/1974/1974
f 1924/1924/1924 1974/1974/1974 1973/1973/1973
f 1925/1925/1925 1926/1926/1926 1975/1975/1975
f 1925/1925/1925 1975/1975/1975 1974/1974/1974
f 1926/1926/1926 1927/1927/1927 1976/1976/1976
f 1926/1926/1926 1976/1976/1976 1975/1975/1975
f 1927/1927/1927 1928/1928/1928 1977/1977/1977
f 1927/1927/1927 1977/1977/1977 1976/1976/1976
f 1928/1928/1928 1929/1929/1929 1978/1978/1978
f 1928/1928/1928 1978/1978/1978 1977/1977/1977
f 1929/1929/1929 1930/1930/1930 1979/1979/1979
f 1929/1929/1929 1979/1979/1979 1978/1978/1978
f 1930/1930/1930 1931/1931/1931 1980/1980/1980
f 1930/1930/1930 1980/1980/1980 1979/1979/1979
f 1931/1931/1931 1932/1932/1932 1981/1981/1981
f 1931/1931/1931 1981/1981/1981 1980/1980/1980
f 1932/1932/1932 1933/1933/1933 1982/1982/1982
f 1932/1932/1932 1982/1982/1982 1981/1981/1981
f 1933/1933/1933 1934/1934/1934 1983/1983/1983
f 1933/1933/1933 1983/1983/1983 1982/1982/1982
f 1934/1934/1934 1935/1935/1935 1984/1984/1984
f 1934/1934/1934 1984/1984/1984 1983/1983/1983
f 1935/1935/1935 1936/1936/1936 1985/1985/1985
f 1935/1935/1935 1985/1985/1985 1984/1984/1984
f 1936/1936/1936 1937/1937/1937 1986/1986/1986
f 1936/1936/1936 1986/1986/1986 1985/1985/1985
f 1937/1937/1937 1938/1938/1938 1987/1987/1987
f 1937/1937/1937 1987/1987/1987 1986/1986/1986
f 1938/1938/1938 1939/1939/1939 1988/1988/1988
f 1938/1938/1938 1988/1988/1988 1987/1987/1987
f 1939/1939/1939 1940/1940/1940 1989/1989/1989
f 1939/1939/1939 1989/1989/1989 1988/1988/1988
f 1940/1940/1940 1941/1941/1941 1990/1990/1990
f 1940/1940/1940 1990/1990/1990 1989/1989/1989
f 1941/1941/1941 1942/1942/1942 1991/1991/1991
f 1941/1941/1941 1991/1991/1991 1990/1990/1990
f 1942/1942/1942 1943/1943/1943 1992/1992/1992
f 1942/1942/1942 1992/1992/1992 1991/1991/1991
f 1943/1943/1943 1944/1944/1944 1993/1993/1993
f 1943/1943/1943 1993/1993/1993 1992/1992/1992
f 1944/1944/1944 1945/1945/1945 1994/1994/1994
f 1944/1944/1944 1994/1994/1994 1993/1993/1993
f 1945/1945/1945 1946/1946/1946 1995/1995/1995
f 1945/1945/1945 1995/1995/1995 1994/1994/1994
f 1946/1946/1946 1947/1947/1947 1996/1996/1996
f 1946/1946/1946 1996/1996/1996 1995/1995/1995
f 1947/1947/1947 1948/1948/1948 1997/1997/1997
f 1947/1947/1947 1997/1997/1997 1996/1996/1996
f 1948/1948/1948 1949/1949/1949 1998/1998/1998
f 1948/1948/1948 1998/1998/1998 1997/1997/1997
f 1949/1949/1949 1950/1950/1950 1999/1999/1999
f 1949/1949/1949 1999/1999/1999 1998/1998/1998
f 1950/1950/1950 1951/1951/1951 2000/2000/2000
f 1950/1950/1950 2000/2000/2000 1999/1999/1999
f 1951/1951/1951 1952/1952/1952 2001/2001/2001
f 1951/1951/1951 2001/2001/2001 2000/2000/2000
f 1952/1952/1952 1953/1953/1953 2002/2002/2002
f 1952/1952/1952 2002/2002/2002 2001/2001/2001
f 1953/1953/1953 1954/1954/1954 2003/2003/2003
f 1953/1953/1953 2003/2003/2003 2002/2002/2002
f 1954/1954/1954 1955/1955/1955 2004/2004/2004
f 1954/1954/1954 2004/2004/2004 2003/2003/2003
f 1955/1955/1955 1956/1956/1956 2005/2005/2005
f 1955/1955/1955 2005/2005/2005 2004/2004/2004
f 1956/1956/1956 1957/1957/1957 2006/2006/2006
f 1956/1956/1956 2006/2006/2006 2005/2005/2005
f 1957/1957/1957 1958/1958/1958 2007/2007/2007
f 1957/1957/1957 2007/2007/2007 2006/2006/2006
f 1958/1958/1958 1959/1959/1959 2008/2008/2008
f 1958/1958/1958 2008/2008/2008 2007/2007/2007
f 1959/1959/1959 1960/1960/1960 2009/2009/2009
f 1959/1959/1959 2009/2009/2009 2008/2008/2008
f 1962/1962/1962 1961/1961/1961 2010/2010/2010
f 1962/1962/1962 2010/2010/2010 2011/2011/2011
f 1961/1961/1961 1963/1963/1963 2012/2012/2012
f 1961/1961/1961 2012/2012/2012 2010/2010/2010
f 1963/1963/1963 1964/1964/1964 2013/2013/2013
f 1963/1963/1963 2013/2013/2013 2012/2012/2012
f 1964/1964/1964 1965/1965/1965 2014/2014/2014
f 1964/1964/1964 2014/2014/2014 2013/2013/2013
f 1965/1965/1965 1966/1966/1966 2015/2015/2015
f 1965/1965/1965 2015/2015/2015 2014/2014/2014
f 1966/1966/1966 1967/1967/1967 2016/2016/2016
f 1966/1966/1966 2016/2016/2016 2015/2015/2015
f 1967/1967/1967 1968/1968/1968 2017/2017/2017
f 1967/1967/1967 2017/2017/2017 2016/2016/2016
f 1968/1968/1968 1969/1969/1969 2018/2018/2018
f 1968/1968/1968 2018/2018/2018 2017/2017/2017
f 1969/1969/1969 1970/1970/1970 2019/2019/2019
f 1969/1969/1969 2019/2019/2019 2018/2018/2018
f 1970/1970/1970 1971/1971/1971 2020/2020/2020
f 1970/1970/1970 2020/2020/2020 2019/2019/2019
f 1971/1971/1971 1972/1972/1972 2021/2021/2021
f 1971/1971/1971 2021/2021/2021 2020/2020/2020
f 1972/1972/1972 1973/1973/1973 2022/2022/2022
f 1972/1972/1972 2022/2022/2022 2021/2021/2021
f 1973/1973/1973 1974/1974/1974 2023/2023/2023
f 1973/1973/1973 2023/2023/2023 2022/2022/2022
f 1974/1974/1974 1975/1975/1975 2024/2024/2024
f 1974/1974/1974 2024/2024/2024 2023/2023/2023
f 1975/1975/1975 1976/1976/1976 2025/2025/2025
f 1975/1975/1975 2025/2025/2025 2024/2024/2024
f 1976/1976/1976 1977/1977/1977 2026/2026/2026
f 1976/1976/1976 2026/2026/2026 2025/2025/2025
f 1977/1977/1977 1978/1978/1978 2027/2027/2027
f 1977/1977/1977 2027/2027/2027 2026/2026/2026
f 1978/1978/1978 1979/1979/1979 2028/2028/2028
f 1978/1978/1978 2028/2028/2028 2027/2027/2027
f 1979/1979/1979 1980/1980/1980 2029/2029/2029
f 1979/1979/1979 2029/2029/2029 2028/2028/2028
f 1980/1980/1980 1981/1981/1981 2030/2030/2030
f 1980/1980/1980 2030/2030/2030 2029/2029/2029
f 1981/1981/1981 1982/1982/1982 2031/2031/2031
f 1981/1981/1981 2031/2031/2031 2030/2030/2030
f 1982/1982/1982 1983/1983/1983 2032/2032/2032
f 1982/1982/1982 2032/2032/2032 2031/2031/2031
f 1983/1983/1983 1984/1984/1984 2033/2033/2033
f 1983/1983/1983 2033/2033/2033 2032/2032/2032
f 1984/1984/1984 1985/1985/1985 2034/2034/2034
f 1984/1984/1984 2034/2034/2034 2033/2033/2033
f 1985/1985/1985 1986/1986/1986 2035/2035/2035
f 1985/1985/1985 2035/2035/2035 2034/2034/2034
f 1986/1986/1986 1987/1987/1987 2036/2036/2036
f 1986/1986/1986 2036/2036/2036 2035/2035/2035
f 1987/1987/1987 1988/1988/1988 2037/2037/2037
f 1987/1987/1987 2037/2037/2037 2036/2036/2036
f 1988/1988/1988 1989/1989/1989 2038/2038/2038
f 1988/1988/1988 2038/2038/2038 2037/2037/2037
f 1989/1989/1989 1990/1990/1990 2039/2039/2039
f 1989/1989/1989 2039/2039/2039 2038/2038/2038
f 1990/1990/1990 1991/1991/1991 2040/2040/2040
f 1990/1990/1990 2040/2040/2040 2039/2039/2039
f 1991/1991/1991 1992/1992/1992 2041/2041/2041
f 1991/1991/1991 2041/2041/2041 2040/2040/2040
f 1992/1992/1992 1993/1993/1993 2042/2042/2042
f 1992/1992/1992 2042/2042/2042 2041/2041/2041
f 1993/1993/1993 1994/1994/1994 2043/2043/2043
f 1993/1993/1993 2043/2043/2043 2042/2042/2042
f 1994/1994/1994 1995/1995/1995 2044/2044/2044
f 1994/1994/1994 2044/2044/2044 2043/2043/2043
f 1995/1995/1995 1996/1996/1996 2045/2045/2045
f 1995/1995/1995 2045/2045/2045 2044/2044/2044
f 1996/1996/1996 1997/1997/1997 2046/2046/2046
f 1996/1996/1996 2046/2046/2046 2045/2045/2045
f 1997/1997/1997 1998/1998/1998 2047/2047/2047
f 1997/1997/1997 2047/2047/2047 2046/2046/2046
f 1998/1998/1998 1999/1999/1999 2048/2048/2048
f 1998/1998/1998 2048/2048/2048 2047/2047/2047
f 1999/1999/1999 2000/2000/2000 2049/2049/2049
f 1999/1999/1999 2049/2049/2049 2048/2048/2048
f 2000/2000/2000 2001/2001/2001 2050/2050/2050
f 2000/2000/2000 2050/2050/2050 2049/2049/2049
f 2001/2001/2001 2002/2002/2002 2051/2051/2051
f 2001/2001/2001 2051/2051/2051 2050/2050/2050
f 2002/2002/2002 2003/2003/2003 2052/2052/2052
f 2002/2002/2002 2052/2052/2052 2051/2051/2051
f 2003/2003/2003 2004/2004/2004 2053/2053/2053
f 2003/2003/2003 2053/2053/2053 2052/2052/2052
f 2004/2004/2004 2005/2005/2005 2054/2054/2054
f 2004/2004/2004 2054/2054/2054 2053/2053/2053
f 2005/2005/2005 2006/2006/2006 2055/2055/2055
f 2005/2005/2005 2055/2055/2055 2054/2054/2054
f 2006/2006/2006 2007/2007/2007 2056/2056/2056
f 2006/2006/2006 2056/2056/2056 2055/2055/2055
f 2007/2007/2007 2008/2008/2008 2057/2057/2057
f 2007/2007/2007 2057/2057/2057 2056/2056/2056
f 2008/2008/2008 2009/2009/2009 2058/2058/2058
f 2008/2008/2008 2058/2058/2058 2057/2057/2057
f 2011/2011/2011 2010/2010/2010 2059/2059/2059
f 2011/2011/2011 2059/2059/2059 2060/2060/2060
f 2010/2010/2010 2012/2012/2012 2061/2061/2061
f 2010/2010/2010 2061/2061/2061 2059/2059/2059
f 2012/2012/2012 2013/2013/2013 2062/2062/2062
f 2012/2012/2012 2062/2062/2062 2061/2061/2061
f 2013/2013/2013 2014/2014/2014 2063/2063/2063
f 2013/2013/2013 2063/2063/2063 2062/2062/2062
f 2014/2014/2014 2015/2015/2015 2064/2064/2064
f 2014/2014/2014 2064/2064/2064 2063/2063/2063
f 2015/2015/2015 2016/2016/2016 2065/2065/2065
f 2015/2015/2015 2065/2065/2065 2064/2064/2064
f 2016/2016/2016 2017/2017/2017 2066/2066/2066
f 2016/2016/2016 2066/2066/2066 2065/2065/2065
f 2017/2017/2017 2018/2018/2018 2067/2067/2067
f 2017/2017/2017 2067/2067/2067 2066/2066/2066
f 2018/2018/2018 2019/2019/2019 2068/2068/2068
f 2018/2018/2018 2068/2068/2068 2067/2067/2067
f 2019/2019/2019 2020/2020/2020 2069/2069/2069
f 2019/2019/2019 2069/2069/2069 2068/2068/2068
f 2020/2020/2020 2021/2021/2021 2070/2070/2070
f 2020/2020/2020 2070/2070/2070 2069/2069/2069
f 2021/2021/2021 2022/2022/2022 2071/2071/2071
f 2021/2021/2021 2071/2071/2071 2070/2070/2070
f 2022/2022/2022 2023/2023/2023 2072/2072/2072
f 2022/2022/2022 2072/2072/2072 2071/2071/2071
f 2023/2023/2023 2024/2024/2024 2073/2073/2073
f 2023/2023/2023 2073/2073/2073 2072/2072/2072
f 2024/2024/2024 2025/2025/2025 2074/2074/2074
f 2024/2024/2024 2074/2074/2074 2073/2073/2073
f 2025/2025/2025 2026/2026/2026 2075/2075/2075
f 2025/2025/2025 2075/2075/2075 2074/2074/2074
f 2026/2026/2026 2027/2027/2027 2076/2076/2076
f 2026/2026/2026 2076/2076/2076 2075/2075/2075
f 2027/2027/2027 2028/2028/2028 2077/2077/2077
f 2027/2027/2027 2077/2077/2077 2076/2076/2076
f 2028/2028/2028 2029/2029/2029 2078/2078/2078
f 2028/2028/2028 2078/2078/2078 2077/2077/2077
f 2029/2029/2029 2030/2030/2030 2079/2079/2079
f 2029/2029/2029 2079/2079/2079 2078/2078/2078
f 2030/2030/2030 2031/2031/2031 2080/2080/2080
f 2030/2030/2030 2080/2080/2080 2079/2079/2079
f 2031/2031/2031 2032/2032/2032 2081/2081/2081
f 2031/2031/2031 2081/2081/2081 2080/2080/2080
f 2032/2032/2032 2033/2033/2033 2082/2082/2082
f 2032/2032/2032 2082/2082/2082 2081/2081/2081
f 2033/2033/2033 2034/2034/2034 2083/2083/2083
f 2033/2033/2033 2083/2083/2083 2082/2082/2082
f 2034/2034/2034 2035/2035/2035 2084/2084/2084
f 2034/2034/2034 2084/2084/2084 2083/2083/2083
f 2035/2035/2035 2036/2036/2036 2085/2085/2085
f 2035/2035/2035 2085/2085/2085 2084/2084/2084
f 2036/2036/2036 2037/2037/2037 2086/2086/2086
f 2036/2036/2036 2086/2086/2086 2085/2085/2085
f 2037/2037/2037 2038/2038/2038 2087/2087/2087
f 2037/2037/2037 2087/2087/2087 2086/2086/2086
f 2038/2038/2038 2039/2039/2039 2088/2088/2088
f 2038/2038/2038 2088/2088/2088 2087/2087/2087
f 2039/2039/2039 2040/2040/2040 2089/2089/2089
f 2039/2039/2039 2089/2089/2089 2088/2088/2088
f 2040/2040/2040 2041/2041/2041 2090/2090/2090
f 2040/2040/2040 2090/2090/2090 2089/2089/2089
f 2041/2041/2041 2042/2042/2042 2091/2091/2091
f 2041/2041/2041 2091/2091/2091 2090/2090/2090
f 2042/2042/2042 2043/2043/2043 2092/2092/2092
f 2042/2042/2042 2092/2092/2092 2091/2091/2091
f 2043/2043/2043 2044/2044/2044 2093/2093/2093
f 2043/2043/2043 2093/2093/2093 2092/2092/2092
f 2044/2044/2044 2045/2045/2045 2094/2094/2094
f 2044/2044/2044 2094/2094/2094 2093/2093/2093
f 2045/2045/2045 2046/2046/2046 2095/2095/2095
f 2045/2045/2045 2095/2095/2095 2094/2094/2094
f 2046/2046/2046 2047/2047/2047 2096/2096/2096
f 2046/2046/2046 2096/2096/2096 2095/2095/2095
f 2047/2047/2047 2048/2048/2048 2097/2097/2097
f 2047/2047/2047 2097/2097/2097 2096/2096/2096
f 2048/2048/2048 2049/2049/2049 2098/2098/2098
f 2048/2048/2048 2098/2098/2098 2097/2097/2097
f 2049/2049/2049 2050/2050/2050 2099/2099/2099
f 2049/2049/2049 2099/2099/2099 2098/2098/2098
f 2050/2050/2050 2051/2051/2051 2100/2100/2100
f 2050/2050/2050 2100/2100/2100 2099/2099/2099
f 2051/2051/2051 2052/2052/2052 2101/2101/2101
f 2051/2051/2051 2101/2101/2101 2100/2100/2100
f 2052/2052/2052 2053/2053/2053 2102/2102/2102
f 2052/2052/2052 2102/2102/2102 2101/2101/2101
f 2053/2053/2053 2054/2054/2054 2103/2103/2103
f 2053/2053/2053 2103/2103/2103 2102/2102/2102
f 2054/2054/2054 2055/2055/2055 2104/2104/2104
f 2054/2054/2054 2104/2104/2104 2103/2103/2103
f 2055/2055/2055 2056/2056/2056 2105/2105/2105
f 2055/2055/2055 2105/2105/2105 2104/2104/2104
f 2056/2056/2056 2057/2057/2057 2106/2106/2106
f 2056/2056/2056 2106/2106/2106 2105/2105/2105
f 2057/2057/2057 2058/2058/2058 2107/2107/2107
f 2057/2057/2057 2107/2107/2107 2106/2106/2106
f 2060/2060/2060 2059/2059/2059 2108/2108/2108
f 2060/2060/2060 2108/2108/2108 2109/2109/2109
f 2059/2059/2059 2061/2061/2061 2110/2110/2110
f 2059/2059/2059 2110/2110/2110 2108/2108/2108
f 2061/2061/2061 2062/2062/2062 2111/2111/2111
f 2061/2061/2061 2111/2111/2111 2110/2110/2110
f 2062/2062/2062 2063/2063/2063 2112/2112/2112
f 2062/2062/2062 2112/2112/2112 2111/2111/2111
f 2063/2063/2063 2064/2064/2064 2113/2113/2113
f 2063/2063/2063 2113/2113/2113 2112/2112/2112
f 2064/2064/2064 2065/2065/2065 2114/2114/2114
f 2064/2064/2064 2114/2114/2114 2113/2113/2113
f 2065/2065/2065 2066/2066/2066 2115/2115/2115
f 2065/2065/2065 2115/2115/2115 2114/2114/2114
f 2066/2066/2066 2067/2067/2067 2116/2116/2116
f 2066/2066/2066 2116/2116/2116 2115/2115/2115
f 2067/2067/2067 2068/2068/2068 2117/2117/2117
f 2067/2067/2067 2117/2117/2117 2116/2116/2116
f 2068/2068/2068 2069/2069/2069 2118/2118/2118
f 2068/2068/2068 2118/2118/2118 2117/2117/2117
f 2069/2069/2069 2070/2070/2070 2119/2119/2119
f 2069/2069/2069 2119/2119/2119 2118/2118/2118
f 2070/2070/2070 2071/2071/2071 2120/2120/2120
f 2070/2070/2070 2120/2120/2120 2119/2119/2119
f 2071/2071/2071 2072/2072/2072 2121/2121/2121
f 2071/2071/2071 2121/2121/2121 2120/2120/2120
f 2072/2072/2072 2073/2073/2073 2122/2122/2122
f 2072/2072/2072 2122/2122/2122 2121/2121/2121
f 2073/2073/2073 2074/2074/2074 2123/2123/2123
f 2073/2073/2073 2123/2123/2123 2122/2122/2122
f 2074/2074/2074 2075/2075/2075 2124/2124/2124
f 2074/2074/2074 2124/2124/2124 2123/2123/2123
f 2075/2075/2075 2076/2076/2076 2125/2125/2125
f 2075/2075/2075 2125/2125/2125 2124/2124/2124
f 2076/2076/2076 2077/2077/2077 2126/2126/2126
f 2076/2076/2076 2126/2126/2126 2125/2125/2125
f 2077/2077/2077 2078/2078/2078 2127/2127/2127
f 2077/2077/2077 2127/2127/2127 2126/2126/2126
f 2078/2078/2078 2079/2079/2079 2128/2128/2128
f 2078/2078/2078 2128/2128/2128 2127/2127/2127
f 2079/2079/2079 2080/2080/2080 2129/2129/2129
f 2079/2079/2079 2129/2129/2129 2128/2128/2128
f 2080/2080/2080 2081/2081/2081 2130/2130/2130
f 2080/2080/2080 2130/2130/2130 2129/2129/2129
f 2081/2081/2081 2082/2082/2082 2131/2131/2131
f 2081/2081/2081 2131/2131/2131 2130/2130/2130
f 2082/2082/2082 2083/2083/2083 2132/2132/2132
f 2082/2082/2082 2132/2132/2132 2131/2131/2131
f 2083/2083/2083 2084/2084/2084 2133/2133/2133
f 2083/2083/2083 2133/2133/2133 2132/2132/2132
f 2084/2084/2084 2085/2085/2085 2134/2134/2134
f 2084/2084/2084 2134/2134/2134 2133/2133/2133
f 2085/2085/2085 2086/2086/2086 2135/2135/2135
f 2085/2085/2085 2135/2135/2135 2134/2134/2134
f 2086/2086/2086 2087/2087/2087 2136/2136/2136
f 2086/2086/2086 2136/2136/2136 2135/2135/2135
f 2087/2087/2087 2088/2088/2088 2137/2137/2137
f 2087/2087/2087 2137/2137/2137 2136/2136/2136
f 2088/2088/2088 2089/2089/2089 2138/2138/2138
f 2088/2088/2088 2138/2138/2138 2137/2137/2137
f 2089/2089/2089 2090/2090/2090 2139/2139/2139
f 2089/2089/2089 2139/2139/2139 2138/2138/2138
f 2090/2090/2090 2091/2091/2091 2140/2140/2140
f 2090/2090/2090 2140/2140/2140 2139/2139/2139
f 2091/2091/2091 2092/2092/2092 2141/2141/2141
f 2091/2091/2091 2141/2141/2141 2140/2140/2140
f 2092/2092/2092 2093/2093/2093 2142/2142/2142
f 2092/2092/2092 2142/2142/2142 2141/2141/2141
f 2093/2093/2093 2094/2094/2094 2143/2143/2143
f 2093/2093/2093 2143/2143/2143 2142/2142/2142
f 2094/2094/2094 2095/2095/2095 2144/2144/2144
f 2094/2094/2094 2144/2144/2144 2143/2143/2143
f 2095/2095/2095 2096/2096/2096 2145/2145/2145
f 2095/2095/2095 2145/2145/2145 2144/2144/2144
f 2096/2096/2096 2097/2097/2097 2146/2146/2146
f 2096/2096/2096 2146/2146/2146 2145/2145/2145
f 2097/2097/2097 2098/2098/2098 2147/2147/2147
f 2097/2097/2097 2147/2147/2147 2146/2146/2146
f 2098/2098/2098 2099/2099/2099 2148/2148/2148
f 2098/2098/2098 2148/2148/2148 2147/2147/2147
f 2099/2099/2099 2100/2100/2100 2149/2149/2149
f 2099/2099/2099 2149/2149/2149 2148/2148/2148
f 2100/2100/2100 2101/2101/2101 2150/2150/2150
f 2100/2100/2100 2150/2150/2150 2149/2149/2149
f 2101/2101/2101 2102/2102/2102 2151/2151/2151
f 2101/2101/2101 2151/2151/2151 2150/2150/2150
f 2102/2102/2102 2103/2103/2103 2152/2152/2152
f 2102/2102/2102 2152/2152/2152 2151/2151/2151
f 2103/2103/2103 2104/2104/2104 2153/2153/2153
f 2103/2103/2103 2153/2153/2153 2152/2152/2152
f 2104/2104/2104 2105/2105/2105 2154/2154/2154
f 2104/2104/2104 2154/2154/2154 2153/2153/2153
f 2105/2105/2105 2106/2106/2106 2155/2155/2155
f 2105/2105/2105 2155/2155/2155 2154/2154/2154
f 2106/2106/2106 2107/2107/2107 2156/2156/2156
f 2106/2106/2106 2156/2156/2156 2155/2155/2155
f 2109/2109/2109 2108/2108/2108 2157/2157/2157
f 2109/2109/2109 2157/2157/2157 2158/2158/2158
f 2108/2108/2108 2110/2110/2110 2159/2159/2159
f 2108/2108/2108 2159/2159/2159 2157/2157/2157
f 2110/2110/2110 2111/2111/2111 2160/2160/2160
f 2110/2110/2110 2160/2160/2160 2159/2159/2159
f 2111/2111/2111 2112/2112/2112 2161/2161/2161
f 2111/2111/2111 2161/2161/2161 2160/2160/2160
f 2112/2112/2112 2113/2113/2113 2162/2162/2162
f 2112/2112/2112 2162/2162/2162 2161/2161/2161
f 2113/2113/2113 2114/2114/2114 2163/2163/2163
f 2113/2113/2113 2163/2163/2163 2162/2162/2162
f 2114/2114/2114 2115/2115/2115 2164/2164/2164
f 2114/2114/2114 2164/2164/2164 2163/2163/2163
f 2115/2115/2115 2116/2116/2116 2165/2165/2165
f 2115/2115/2115 2165/2165/2165 2164/2164/2164
f 2116/2116/2116 2117/2117/2117 2166/2166/2166
f 2116/2116/2116 2166/2166/2166 2165/2165/2165
f 2117/2117/2117 2118/2118/2118 2167/2167/2167
f 2117/2117/2117 2167/2167/2167 2166/2166/2166
f 2118/2118/2118 2119/2119/2119 2168/2168/2168
f 2118/2118/2118 2168/2168/2168 2167/2167/2167
f 2119/2119/2119 2120/2120/2120 2169/2169/2169
f 2119/2119/2119 2169/2169/2169 2168/2168/2168
f 2120/2120/2120 2121/2121/2121 2170/2170/2170
f 2120/2120/2120 2170/2170/2170 2169/2169/2169
f 2121/2121/2121 2122/2122/2122 2171/2171/2171
f 2121/2121/2121 2171/2171/2171 2170/2170/2170
f 2122/2122/2122 2123/2123/2123 2172/2172/2172
f 2122/2122/2122 2172/2172/2172 2171/2171/2171
f 2123/2123/2123 2124/2124/2124 2173/2173/2173
f 2123/2123/2123 2173/2173/2173 2172/2172/2172
f 2124/2124/2124 2125/2125/2125 2174/2174/2174
f 2124/2124/2124 2174/2174/2174 2173/2173/2173
f 2125/2125/2125 2126/2126/2126 2175/2175/2175
f 2125/2125/2125 2175/2175/2175 2174/2174/2174
f 2126/2126/2126 2127/2127/2127 2176/2176/2176
f 2126/2126/2126 2176/2176/2176 2175/2175/2175
f 2127/2127/2127 2128/2128/2128 2177/2177/2177
f 2127/2127/2127 2177/2177/2177 2176/2176/2176
f 2128/2128/2128 2129/2129/2129 2178/2178/2178
f 2128/2128/2128 2178/2178/2178 2177/2177/2177
f 2129/2129/2129 2130/2130/2130 2179/2179/2179
f 2129/2129/2129 2179/2179/2179 2178/2178/2178
f 2130/2130/2130 2131/2131/2131 2180/2180/2180
f 2130/2130/2130 2180/2180/2180 2179/2179/2179
f 2131/2131/2131 2132/2132/2132 2181/2181/2181
f 2131/2131/2131 2181/2181/2181 2180/2180/2180
f 2132/2132/2132 2133/2133/2133 2182/2182/2182
f 2132/2132/2132 2182/2182/2182 2181/2181/2181
f 2133/2133/2133 2134/2134/2134 2183/2183/2183
f 2133/2133/2133 2183/2183/2183 2182/2182/2182
f 2134/2134/2134 2135/2135/2135 2184/2184/2184
f 2134/2134/2134 2184/2184/2184 2183/2183/2183
f 2135/2135/2135 2136/2136/2136 2185/2185/2185
f 2135/2135/2135 2185/2185/2185 2184/2184/2184
f 2136/2136/2136 2137/2137/2137 2186/2186/2186
f 2136/2136/2136 2186/2186/2186 2185/2185/2185
f 2137/2137/2137 2138/2138/2138 2187/2187/2187
f 2137/2137/2137 2187/2187/2187 2186/2186/2186
f 2138/2138/2138 2139/2139/2139 2188/2188/2188
f 2138/2138/2138 2188/2188/2188 2187/2187/2187
f 2139/2139/2139 2140/2140/2140 2189/2189/2189
f 2139/2139/2139 2189/2189/2189 2188/2188/2188
f 2140/2140/2140 2141/2141/2141 2190/2190/2190
f 2140/2140/2140 2190/2190/2190 2189/2189/2189
f 2141/2141/2141 2142/2142/2142 2191/2191/2191
f 2141/2141/2141 2191/2191/2191 2190/2190/2190
f 2142/2142/2142 2143/2143/2143 2192/2192/2192
f 2142/2142/2142 2192/2192/2192 2191/2191/2191
f 2143/2143/2143 2144/2144/2144 2193/2193/2193
f 2143/2143/2143 2193/2193/2193 2192/2192/2192
f 2144/2144/2144 2145/2145/2145 2194/2194/2194
f 2144/2144/2144 2194/2194/2194 2193/2193/2193
f 2145/2145/2145 2146/2146/2146 2195/2195/2195
f 2145/2145/2145 2195/2195/2195 2194/2194/2194
f 2146/2146/2146 2147/2147/2147 2196/2196/2196
f 2146/2146/2146 2196/2196/2196 2195/2195/2195
f 2147/2147/2147 2148/2148/2148 2197/2197/2197
f 2147/2147/2147 2197/2197/2197 2196/2196/2196
f 2148/2148/2148 2149/2149/2149 2198/2198/2198
f 2148/2148/2148 2198/2198/2198 2197/2197/2197
f 2149/2149/2149 2150/2150/2150 2199/2199/2199
f 2149/2149/2149 2199/2199/2199 2198/2198/2198
f 2150/2150/2150 2151/2151/2151 2200/2200/2200
f 2150/2150/2150 2200/2200/2200 2199/2199/2199
f 2151/2151/2151 2152/2152/2152 2201/2201/2201
f 2151/2151/2151 2201/2201/2201 2200/2200/2200
f 2152/2152/2152 2153/2153/2153 2202/2202/2202
f 2152/2152/2152 2202/2202/2202 2201/2201/2201
f 2153/2153/2153 2154/2154/2154 2203/2203/2203
f 2153/2153/2153 2203/2203/2203 2202/2202/2202
f 2154/2154/2154 2155/2155/2155 2204/2204/2204
f 2154/2154/2154 2204/2204/2204 2203/2203/2203
f 2155/2155/2155 2156/2156/2156 2205/2205/2205
f 2155/2155/2155 2205/2205/2205 2204/2204/2204
f 2158/2158/2158 2157/2157/2157 2206/2206/2206
f 2158/2158/2158 2206/2206/2206 2207/2207/2207
f 2157/2157/2157 2159/2159/2159 2208/2208/2208
f 2157/2157/2157 2208/2208/2208 2206/2206/2206
f 2159/2159/2159 2160/2160/2160 2209/2209/2209
f 2159/2159/2159 2209/2209/2209 2208/2208/2208
f 2160/2160/2160 2161/2161/2161 2210/2210/2210
f 2160/2160/2160 2210/2210/2210 2209/2209/2209
f 2161/2161/2161 2162/2162/2162 2211/2211/2211
f 2161/2161/2161 2211/2211/2211 2210/2210/2210
f 2162/2162/2162 2163/2163/2163 2212/2212/2212
f 2162/2162/2162 2212/2212/2212 2211/2211/2211
f 2163/2163/2163 2164/2164/2164 2213/2213/2213
f 2163/2163/2163 2213/2213/2213 2212/2212/2212
f 2164/2164/2164 2165/2165/2165 2214/2214/2214
f 2164/2164/2164 2214/2214/2214 2213/2213/2213
f 2165/2165/2165 2166/2166/2166 2215/2215/2215
f 2165/2165/2165 2215/2215/2215 2214/2214/2214
f 2166/2166/2166 2167/2167/2167 2216/2216/2216
f 2166/2166/2166 2216/2216/2216 2215/2215/2215
f 2167/2167/2167 2168/2168/2168 2217/2217/2217
f 2167/2167/2167 2217/2217/2217 2216/2216/2216
f 2168/2168/2168 2169/2169/2169 2218/2218/2218
f 2168/2168/2168 2218/2218/2218 2217/2217/2217
f 2169/2169/2169 2170/2170/2170 2219/2219/2219
f 2169/2169/2169 2219/2219/2219 2218/2218/2218
f 2170/2170/2170 2171/2171/2171 2220/2220/2220
f 2170/2170/2170 2220/2220/2220 2219/2219/2219
f 2171/2171/2171 2172/2172/2172 2221/2221/2221
f 2171/2171/2171 2221/2221/2221 2220/2220/2220
f 2172/2172/2172 2173/2173/2173 2222/2222/2222
f 2172/2172/2172 2222/2222/2222 2221/2221/2221
f 2173/2173/2173 2174/2174/2174 2223/2223/2223
f 2173/2173/2173 2223/2223/2223 2222/2222/2222
f 2174/2174/2174 2175/2175/2175 2224/2224/2224
f 2174/2174/2174 2224/2224/2224 2223/2223/2223
f 2175/2175/2175 2176/2176/2176 2225/2225/2225
f 2175/2175/2175 2225/2225/2225 2224/2224/2224
f 2176/2176/2176 2177/2177/2177 2226/2226/2226
f 2176/2176/2176 2226/2226/2226 2225/2225/2225
f 2177/2177/2177 2178/2178/2178 2227/2227/2227
f 2177/2177/2177 2227/2227/2227 2226/2226/2226
f 2178/2178/2178 2179/2179/2179 2228/2228/2228
f 2178/2178/2178 2228/2228/2228 2227/2227/2227
f 2179/2179/2179 2180/2180/2180 2229/2229/2229
f 2179/2179/2179 2229/2229/2229 2228/2228/2228
f 2180/2180/2180 2181/2181/2181 2230/2230/2230
f 2180/2180/2180 2230/2230/2230 2229/2229/2229
f 2181/2181/2181 2182/2182/2182 2231/2231/2231
f 2181/2181/2181 2231/2231/2231 2230/2230/2230
f 2182/2182/2182 2183/2183/2183 2232/2232/2232
f 2182/2182/2182 2232/2232/2232 2231/2231/2231
f 2183/2183/2183 2184/2184/2184 2233/2233/2233
f 2183/2183/2183 2233/2233/2233 2232/2232/2232
f 2184/2184/2184 2185/2185/2185 2234/2234/2234
f 2184/2184/2184 2234/2234/2234 2233/2233/2233
f 2185/2185/2185 2186/2186/2186 2235/2235/2235
f 2185/2185/2185 2235/2235/2235 2234/2234/2234
f 2186/2186/2186 2187/2187/2187 2236/2236/2236
f 2186/2186/2186 2236/2236/2236 2235/2235/2235
f 2187/2187/2187 2188/2188/2188 2237/2237/2237
f 2187/2187/2187 2237/2237/2237 2236/2236/2236
f 2188/2188/2188 2189/2189/2189 2238/2238/2238
f 2188/2188/2188 2238/2238/2238 2237/2237/2237
f 2189/2189/2189 2190/2190/2190 2239/2239/2239
f 2189/2189/2189 2239/2239/2239 2238/2238/2238
f 2190/2190/2190 2191/2191/2191 2240/2240/2240
f 2190/2190/2190 2240/2240/2240 2239/2239/2239
f 2191/2191/2191 2192/2192/2192 2241/2241/2241
f 2191/2191/2191 2241/2241/2241 2240/2240/2240
f 2192/2192/2192 2193/2193/2193 2242/2242/2242
f 2192/2192/2192 2242/2242/2242 2241/2241/2241
f 2193/2193/2193 2194/2194/2194 2243/2243/2243
f 2193/2193/2193 2243/2243/2243 2242/2242/2242
f 2194/2194/2194 2195/2195/2195 2244/2244/2244
f 2194/2194/2194 2244/2244/2244 2243/2243/2243
f 2195/2195/2195 2196/2196/2196 2245/2245/2245
f 2195/2195/2195 2245/2245/2245 2244/2244/2244
f 2196/2196/2196 2197/2197/2197 2246/2246/2246
f 2196/2196/2196 2246/2246/2246 2245/2245/2245
f 2197/2197/2197 2198/2198/2198 2247/2247/2247
f 2197/2197/2197 2247/2247/2247 2246/2246/2246
f 2198/2198/2198 2199/2199/2199 2248/2248/2248
f 2198/2198/2198 2248/2248/2248 2247/2247/2247
f 2199/2199/2199 2200/2200/2200 2249/2249/2249
f 2199/2199/2199 2249/2249/2249 2248/2248/2248
f 2200/2200/2200 2201/2201/2201 2250/2250/2250
f 2200/2200/2200 2250/2250/2250 2249/2249/2249
f 2201/2201/2201 2202/2202/2202 2251/2251/2251
f 2201/2201/2201 2251/2251/2251 2250/2250/2250
f 2202/2202/2202 2203/2203/2203 2252/2252/2252
f 2202/2202/2202 2252/2252/2252 2251/2251/2251
f 2203/2203/2203 2204/2204/2204 2253/2253/2253
f 2203/2203/2203 2253/2253/2253 2252/2252/2252
f 2204/2204/2204 2205/2205/2205 2254/2254/2254
f 2204/2204/2204 2254/2254/2254 2253/2253/2253
f 2207/2207/2207 2206/2206/2206 2255/2255/2255
f 2207/2207/2207 2255/2255/2255 2256/2256/2256
f 2206/2206/2206 2208/2208/2208 2257/2257/2257
f 2206/2206/2206 2257/2257/2257 2255/2255/2255
f 2208/2208/2208 2209/2209/2209 2258/2258/2258
f 2208/2208/2208 2258/2258/2258 2257/2257/2257
f 2209/2209/2209 2210/2210/2210 2259/2259/2259
f 2209/2209/2209 2259/2259/2259 2258/2258/2258
f 2210/2210/2210 2211/2211/2211 2260/2260/2260
f 2210/2210/2210 2260/2260/2260 2259/2259/2259
f 2211/2211/2211 2212/2212/2212 2261/2261/2261
f 2211/2211/2211 2261/2261/2261 2260/2260/2260
f 2212/2212/2212 2213/2213/2213 2262/2262/2262
f 2212/2212/2212 2262/2262/2262 2261/2261/2261
f 2213/2213/2213 2214/2214/2214 2263/2263/2263
f 2213/2213/2213 2263/2263/2263 2262/2262/2262
f 2214/2214/2214 2215/2215/2215 2264/2264/2264
f 2214/2214/2214 2264/2264/2264 2263/2263/2263
f 2215/2215/2215 2216/2216/2216 2265/2265/2265
f 2215/2215/2215 2265/2265/2265 2264/2264/2264
f 2216/2216/2216 2217/2217/2217 2266/2266/2266
f 2216/2216/2216 2266/2266/2266 2265/2265/2265
f 2217/2217/2217 2218/2218/2218 2267/2267/2267
f 2217/2217/2217 2267/2267/2267 2266/2266/2266
f 2218/2218/2218 2219/2219/2219 2268/2268/2268
f 2218/2218/2218 2268/2268/2268 2267/2267/2267
f 2219/2219/2219 2220/2220/2220 2269/2269/2269
f 2219/2219/2219 2269/2269/2269 2268/2268/2268
f 2220/2220/2220 2221/2221/2221 2270/2270/2270
f 2220/2220/2220 2270/2270/2270 2269/2269/2269
f 2221/2221/2221 2222/2222/2222 2271/2271/2271
f 2221/2221/2221 2271/2271/2271 2270/2270/2270
f 2222/2222/2222 2223/2223/2223 2272/2272/2272
f 2222/2222/2222 2272/2272/2272 2271/2271/2271
f 2223/2223/2223 2224/2224/2224 2273/2273/2273
f 2223/2223/2223 2273/2273/2273 2272/2272/2272
f 2224/2224/2224 2225/2225/2225 2274/2274/2274
f 2224/2224/2224 2274/2274/2274 2273/2273/2273
f 2225/2225/2225 2226/2226/2226 2275/2275/2275
f 2225/2225/2225 2275/2275/2275 2274/2274/2274
f 2226/2226/2226 2227/2227/2227 2276/2276/2276
f 2226/2226/2226 2276/2276/2276 2275/2275/2275
f 2227/2227/2227 2228/2228/2228 2277/2277/2277
f 2227/2227/2227 2277/2277/2277 2276/2276/2276
f 2228/2228/2228 2229/2229/2229 2278/2278/2278
f 2228/2228/2228 2278/2278/2278 2277/2277/2277
f 2229/2229/2229 2230/2230/2230 2279/2279/2279
f 2229/2229/2229 2279/2279/2279 2278/2278/2278
f 2230/2230/2230 2231/2231/2231 2280/2280/2280
f 2230/2230/2230 2280/2280/2280 2279/2279/2279
f 2231/2231/2231 2232/2232/2232 2281/2281/2281
f 2231/2231/2231 2281/2281/2281 2280/2280/2280
f 2232/2232/2232 2233/2233/2233 2282/2282/2282
f 2232/2232/2232 2282/2282/2282 2281/2281/2281
f 2233/2233/2233 2234/2234/2234 2283/2283/2283
f 2233/2233/2233 2283/2283/2283 2282/2282/2282
f 2234/2234/2234 2235/2235/2235 2284/2284/2284
f 2234/2234/2234 2284/2284/2284 2283/2283/2283
f 2235/2235/2235 2236/2236/2236 2285/2285/2285
f 2235/2235/2235 2285/2285/2285 2284/2284/2284
f 2236/2236/2236 2237/2237/2237 2286/2286/2286
f 2236/2236/2236 2286/2286/2286 2285/2285/2285
f 2237/2237/2237 2238/2238/2238 2287/2287/2287
f 2237/2237/2237 2287/2287/2287 2286/2286/2286
f 2238/2238/2238 2239/2239/2239 2288/2288/2288
f 2238/2238/2238 2288/2288/2288 2287/2287/2287
f 2239/2239/2239 2240/2240/2240 2289/2289/2289
f 2239/2239/2239 2289/2289/2289 2288/2288/2288
f 2240/2240/2240 2241/2241/2241 2290/2290/2290
f 2240/2240/2240 2290/2290/2290 2289/2289/2289
f 2241/2241/2241 2242/2242/2242 2291/2291/2291
f 2241/2241/2241 2291/2291/2291 2290/2290/2290
f 2242/2242/2242 2243/2243/2243 2292/2292/2292
f 2242/2242/2242 2292/2292/2292 2291/2291/2291
f 2243/2243/2243 2244/2244/2244 2293/2293/2293
f 2243/2243/2243 2293/2293/2293 2292/2292/2292
f 2244/2244/2244 2245/2245/2245 2294/2294/2294
f 2244/2244/2244 2294/2294/2294 2293/2293/2293
f 2245/2245/2245 2246/2246/2246 2295/2295/2295
f 2245/2245/2245 2295/2295/2295 2294/2294/2294
f 2246/2246/2246 2247/2247/2247 2296/2296/2296
f 2246/2246/2246 2296/2296/2296 2295/2295/2295
f 2247/2247/2247 2248/2248/2248 2297/2297/2297
f 2247/2247/2247 2297/2297/2297 2296/2296/2296
f 2248/2248/2248 2249/2249/2249 2298/2298/2298
f 2248/2248/2248 2298/2298/2298 2297/2297/2297
f 2249/2249/2249 2250/2250/2250 2299/2299/2299
f 2249/2249/2249 2299/2299/2299 2298/2298/2298
f 2250/2250/2250 2251/2251/2251 2300/2300/2300
f 2250/2250/2250 2300/2300/2300 2299/2299/2299
f 2251/2251/2251 2252/2252/2252 2301/2301/2301
f 2251/2251/2251 2301/2301/2301 2300/2300/2300
f 2252/2252/2252 2253/2253/2253 2302/2302/2302
f 2252/2252/2252 2302/2302/2302 2301/2301/2301
f 2253/2253/2253 2254/2254/2254 2303/2303/2303
f 2253/2253/2253 2303/2303/2303 2302/2302/2302
f 2256/2256/2256 2255/2255/2255 2304/2304/2304
f 2256/2256/2256 2304/2304/2304 2305/2305/2305
f 2255/2255/2255 2257/2257/2257 2306/2306/2306
f 2255/2255/2255 2306/2306/2306 2304/2304/2304
f 2257/2257/2257 2258/2258/2258 2307/2307/2307
f 2257/2257/2257 2307/2307/2307 2306/2306/2306
f 2258/2258/2258 2259/2259/2259 2308/2308/2308
f 2258/2258/2258 2308/2308/2308 2307/2307/2307
f 2259/2259/2259 2260/2260/2260 2309/2309/2309
f 2259/2259/2259 2309/2309/2309 2308/2308/2308
f 2260/2260/2260 2261/2261/2261 2310/2310/2310
f 2260/2260/2260 2310/2310/2310 2309/2309/2309
f 2261/2261/2261 2262/2262/2262 2311/2311/2311
f 2261/2261/2261 2311/2311/2311 2310/2310/2310
f 2262/2262/2262 2263/2263/2263 2312/2312/2312
f 2262/2262/2262 2312/2312/2312 2311/2311/2311
f 2263/2263/2263 2264/2264/2264 2313/2313/2313
f 2263/2263/2263 2313/2313/2313 2312/2312/2312
f 2264/2264/2264 2265/2265/2265 2314/2314/2314
f 2264/2264/2264 2314/2314/2314 2313/2313/2313
f 2265/2265/2265 2266/2266/2266 2315/2315/2315
f 2265/2265/2265 2315/2315/2315 2314/2314/2314
f 2266/2266/2266 2267/2267/2267 2316/2316/2316
f 2266/2266/2266 2316/2316/2316 2315/2315/2315
f 2267/2267/2267 2268/2268/2268 2317/2317/2317
f 2267/2267/2267 2317/2317/2317 2316/2316/2316
f 2268/2268/2268 2269/2269/2269 2318/2318/2318
f 2268/2268/2268 2318/2318/2318 2317/2317/2317
f 2269/2269/2269 2270/2270/2270 2319/2319/2319
f 2269/2269/2269 2319/2319/2319 2318/2318/2318
f 2270/2270/2270 2271/2271/2271 2320/2320/2320
f 2270/2270/2270 2320/2320/2320 2319/2319/2319
f 2271/2271/2271 2272/2272/2272 2321/2321/2321
f 2271/2271/2271 2321/2321/2321 2320/2320/2320
f 2272/2272/2272 2273/2273/2273 2322/2322/2322
f 2272/2272/2272 2322/2322/2322 2321/2321/2321
f 2273/2273/2273 2274/2274/2274 2323/2323/2323
f 2273/2273/2273 2323/2323/2323 2322/2322/2322
f 2274/2274/2274 2275/2275/2275 2324/2324/2324
f 2274/2274/2274 2324/2324/2324 2323/2323/2323
f 2275/2275/2275 2276/2276/2276 2325/2325/2325
f 2275/2275/2275 2325/2325/2325 2324/2324/2324
f 2276/2276/2276 2277/2277/2277 2326/2326/2326
f 2276/2276/2276 2326/2326/2326 2325/2325/2325
f 2277/2277/2277 2278/2278/2278 2327/2327/2327
f 2277/2277/2277 2327/2327/2327 2326/2326/2326
f 2278/2278/2278 2279/2279/2279 2328/2328/2328
f 2278/2278/2278 2328/2328/2328 2327/2327/2327
f 2279/2279/2279 2280/2280/2280 2329/2329/2329
f 2279/2279/2279 2329/2329/2329 2328/2328/2328
f 2280/2280/2280 2281/2281/2281 2330/2330/2330
f 2280/2280/2280 2330/2330/2330 2329/2329/2329
f 2281/2281/2281 2282/2282/2282 2331/2331/2331
f 2281/2281/2281 2331/2331/2331 2330/2330/2330
f 2282/2282/2282 2283/2283/2283 2332/2332/2332
f 2282/2282/2282 2332/2332/2332 2331/2331/2331
f 2283/2283/2283 2284/2284/2284 2333/2333/2333
f 2283/2283/2283 2333/2333/2333 2332/2332/2332
f 2284/2284/2284 2285/2285/2285 2334/2334/2334
f 2284/2284/2284 2334/2334/2334 2333/2333/2333
f 2285/2285/2285 2286/2286/2286 2335/2335/2335
f 2285/2285/2285 2335/2335/2335 2334/2334/2334
f 2286/2286/2286 2287/2287/2287 2336/2336/2336
f 2286/2286/2286 2336/2336/2336 2335/2335/2335
f 2287/2287/2287 2288/2288/2288 2337/2337/2337
f 2287/2287/2287 2337/2337/2337 2336/2336/2336
f 2288/2288/2288 2289/2289/2289 2338/2338/2338
f 2288/2288/2288 2338/2338/2338 2337/2337/2337
f 2289/2289/2289 2290/2290/2290 2339/2339/2339
f 2289/2289/2289 2339/2339/2339 2338/2338/2338
f 2290/2290/2290 2291/2291/2291 2340/2340/2340
f 2290/2290/2290 2340/2340/2340 2339/2339/2339
f 2291/2291/2291 2292/2292/2292 2341/2341/2341
f 2291/2291/2291 2341/2341/2341 2340/2340/2340
f 2292/2292/2292 2293/2293/2293 2342/2342/2342
f 2292/2292/2292 2342/2342/2342 2341/2341/2341
f 2293/2293/2293 2294/2294/2294 2343/2343/2343
f 2293/2293/2293 2343/2343/2343 2342/2342/2342
f 2294/2294/2294 2295/2295/2295 2344/2344/2344
f 2294/2294/2294 2344/2344/2344 2343/2343/2343
f 2295/2295/2295 2296/2296/2296 2345/2345/2345
f 2295/2295/2295 2345/2345/2345 2344/2344/2344
f 2296/2296/2296 2297/2297/2297 2346/2346/2346
f 2296/2296/2296 2346/2346/2346 2345/2345/2345
f 2297/2297/2297 2298/2298/2298 2347/2347/2347
f 2297/2297/2297 2347/2347/2347 2346/2346/2346
f 2298/2298/2298 2299/2299/2299 2348/2348/2348
f 2298/2298/2298 2348/2348/2348 2347/2347/2347
f 2299/2299/2299 2300/2300/2300 2349/2349/2349
f 2299/2299/2299 2349/2349/2349 2348/2348/2348
f 2300/2300/2300 2301/2301/2301 2350/2350/2350
f 2300/2300/2300 2350/2350/2350 2349/2349/2349
f 2301/2301/2301 2302/2302/2302 2351/2351/2351
f 2301/2301/2301 2351/2351/2351 2350/2350/2350
f 2302/2302/2302 2303/2303/2303 2352/2352/2352
f 2302/2302/2302 2352/2352/2352 2351/2351/2351
f 2305/2305/2305 2304/2304/2304 2353/2353/2353
f 2305/2305/2305 2353/2353/2353 2354/2354/2354
f 2304/2304/2304 2306/2306/2306 2355/2355/2355
f 2304/2304/2304 2355/2355/2355 2353/2353/2353
f 2306/2306/2306 2307/2307/2307 2356/2356/2356
f 2306/2306/2306 2356/2356/2356 2355/2355/2355
f 2307/2307/2307 2308/2308/2308 2357/2357/2357
f 2307/2307/2307 2357/2357/2357 2356/2356/2356
f 2308/2308/2308 2309/2309/2309 2358/2358/2358
f 2308/2308/2308 2358/2358/2358 2357/2357/2357
f 2309/2309/2309 2310/2310/2310 2359/2359/2359
f 2309/2309/2309 2359/2359/2359 2358/2358/2358
f 2310/2310/2310 2311/2311/2311 2360/2360/2360
f 2310/2310/2310 2360/2360/2360 2359/2359/2359
f 2311/2311/2311 2312/2312/2312 2361/2361/2361
f 2311/2311/2311 2361/2361/2361 2360/2360/2360
f 2312/2312/2312 2313/2313/2313 2362/2362/2362
f 2312/2312/2312 2362/2362/2362 2361/2361/2361
f 2313/2313/2313 2314/2314/2314 2363/2363/2363
f 2313/2313/2313 2363/2363/2363 2362/2362/2362
f 2314/2314/2314 2315/2315/2315 2364/2364/2364
f 2314/2314/2314 2364/2364/2364 2363/2363/2363
f 2315/2315/2315 2316/2316/2316 2365/2365/2365
f 2315/2315/2315 2365/2365/2365 2364/2364/2364
f 2316/2316/2316 2317/2317/2317 2366/2366/2366
f 2316/2316/2316 2366/2366/2366 2365/2365/2365
f 2317/2317/2317 2318/2318/2318 2367/2367/2367
f 2317/2317/2317 2367/2367/2367 2366/2366/2366
f 2318/2318/2318 2319/2319/2319 2368/2368/2368
f 2318/2318/2318 2368/2368/2368 2367/2367/2367
f 2319/2319/2319 2320/2320/2320 2369/2369/2369
f 2319/2319/2319 2369/2369/2369 2368/2368/2368
f 2320/2320/2320 2321/2321/2321 2370/2370/2370
f 2320/2320/2320 2370/2370/2370 2369/2369/2369
f 2321/2321/2321 2322/2322/2322 2371/2371/2371
f 2321/2321/2321 2371/2371/2371 2370/2370/2370
f 2322/2322/2322 2323/2323/2323 2372/2372/2372
f 2322/2322/2322 2372/2372/2372 2371/2371/2371
f 2323/2323/2323 2324/2324/2324 2373/2373/2373
f 2323/2323/2323 2373/2373/2373 2372/2372/2372
f 2324/2324/2324 2325/2325/2325 2374/2374/2374
f 2324/2324/2324 2374/2374/2374 2373/2373/2373
f 2325/2325/2325 2326/2326/2326 2375/2375/2375
f 2325/2325/2325 2375/2375/2375 2374/2374/2374
f 2326/2326/2326 2327/2327/2327 2376/2376/2376
f 2326/2326/2326 2376/2376/2376 2375/2375/2375
f 2327/2327/2327 2328/2328/2328 2377/2377/2377
f 2327/2327/2327 2377/2377/2377 2376/2376/2376
f 2328/2328/2328 2329/2329/2329 2378/2378/2378
f 2328/2328/2328 2378/2378/2378 2377/2377/2377
f 2329/2329/2329 2330/2330/2330 2379/2379/2379
f 2329/2329/2329 2379/2379/2379 2378/2378/2378
f 2330/2330/2330 2331/2331/2331 2380/2380/2380
f 2330/2330/2330 2380/2380/2380 2379/2379/2379
f 2331/2331/2331 2332/2332/2332 2381/2381/2381
f 2331/2331/2331 2381/2381/2381 2380/2380/2380
f 2332/2332/2332 2333/2333/2333 2382/2382/2382
f 2332/2332/2332 2382/2382/2382 2381/2381/2381
f 2333/2333/2333 2334/2334/2334 2383/2383/2383
f 2333/2333/2333 2383/2383/2383 2382/2382/2382
f 2334/2334/2334 2335/2335/2335 2384/2384/2384
f 2334/2334/2334 2384/2384/2384 2383/2383/2383
f 2335/2335/2335 2336/2336/2336 2385/2385/2385
f 2335/2335/2335 2385/2385/2385 2384/2384/2384
f 2336/2336/2336 2337/2337/2337 2386/2386/2386
f 2336/2336/2336 2386/2386/2386 2385/2385/2385
f 2337/2337/2337 2338/2338/2338 2387/2387/2387
f 2337/2337/2337 2387/2387/2387 2386/2386/2386
f 2338/2338/2338 2339/2339/2339 2388/2388/2388
f 2338/2338/2338 2388/2388/2388 2387/2387/2387
f 2339/2339/2339 2340/2340/2340 2389/2389/2389
f 2339/2339/2339 2389/2389/2389 2388/2388/2388
f 2340/2340/2340 2341/2341/2341 2390/2390/2390
f 2340/2340/2340 2390/2390/2390 2389/2389/2389
f 2341/2341/2341 2342/2342/2342 2391/2391/2391
f 2341/2341/2341 2391/2391/2391 2390/2390/2390
f 2342/2342/2342 2343/2343/2343 2392/2392/2392
f 2342/2342/2342 2392/2392/2392 2391/2391/2391
f 2343/2343/2343 2344/2344/2344 2393/2393/2393
f 2343/2343/2343 2393/2393/2393 2392/2392/2392
f 2344/2344/2344 2345/2345/2345 2394/2394/2394
f 2344/2344/2344 2394/2394/2394 2393/2393/2393
f 2345/2345/2345 2346/2346/2346 2395/2395/2395
f 2345/2345/2345 2395/2395/2395 2394/2394/2394
f 2346/2346/2346 2347/2347/2347 2396/2396/2396
f 2346/2346/2346 2396/2396/2396 2395/2395/2395
f 2347/2347/2347 2348/2348/2348 2397/2397/2397
f 2347/2347/2347 2397/2397/2397 2396/2396/2396
f 2348/2348/2348 2349/2349/2349 2398/2398/2398
f 2348/2348/2348 2398/2398/2398 2397/2397/2397
f 2349/2349/2349 2350/2350/2350 2399/2399/2399
f 2349/2349/2349 2399/2399/2399 2398/2398/2398
f 2350/2350/2350 2351/2351/2351 2400/2400/2400
f 2350/2350/2350 2400/2400/2400 2399/2399/2399
f 2351/2351/2351 2352/2352/2352 2401/2401/2401
f 2351/2351/2351 2401/2401/2401 2400/2400/2400