# https://github.com/mikedh/trimesh
mtllib material.mtl
usemtl material_0
v -0.13114105 0.08164780 -0.06477265
v -0.11639878 0.08649612 -0.06477265
v -0.12494911 0.07671179 -0.06477265
v -0.12212405 0.09197083 -0.06477265
v -0.13646856 0.08589478 -0.06477265
v -0.12704754 0.09667821 -0.06477265
v -0.14179607 0.09014489 -0.06408988
v -0.13197415 0.10138559 -0.06408988
v -0.14422023 0.09207732 -0.06213238
v -0.13421666 0.10353100 -0.06213238
v -0.14591150 0.09342721 -0.05886259
v -0.13577952 0.10502496 -0.05886259
v -0.14655043 0.09393772 -0.05509794
v -0.13637147 0.10558872 -0.05509794
v -0.14655043 0.09393772 -0.03306753
v -0.13637147 0.10558872 -0.03306753
v -0.14596475 0.09346793 -0.02902100
v -0.13582650 0.10507194 -0.02902100
v -0.14429540 0.09213683 -0.02559148
v -0.13428243 0.10359678 -0.02559148
v -0.13197415 0.10138559 -0.02334584
v -0.14179607 0.09014489 -0.02334584
v -0.12924619 0.09877978 -0.02249707
v -0.13884574 0.08779276 -0.02249707
v -0.13801263 0.08712878 -0.01898924
v -0.12847572 0.09804376 -0.01898924
v -0.13633075 0.08578516 -0.01587918
v -0.12691913 0.09655607 -0.01587918
v -0.12388110 0.09364645 -0.01298209
v -0.13303903 0.08316368 -0.01298209
v -0.12034508 0.09026703 -0.01192974
v -0.12921487 0.08011313 -0.01192974
v -0.11637685 0.08647420 -0.01289440
v -0.12492405 0.07668986 -0.01289440
v -0.11368021 0.08389657 -0.01545949
v -0.12200504 0.07436280 -0.01545949
v -0.12008200 0.07282812 -0.01890468
v -0.11190124 0.08219277 -0.01890468
v -0.11949005 0.07235832 -0.02253779
v -0.11135314 0.08167286 -0.02253779
v -0.11949005 0.07235832 -0.05509794
v -0.11135314 0.08167286 -0.05509794
v -0.12015716 0.07288763 -0.05886259
v -0.11197015 0.08225854 -0.05886259
v -0.12187662 0.07425944 -0.06213238
v -0.11355806 0.08378069 -0.06213238
v -0.12494911 0.07671179 -0.06477265
v -0.11639878 0.08649612 -0.06477265
v -0.12212405 0.09197083 -0.06477265
v -0.10700594 0.09547553 -0.06477265
v -0.11639878 0.08649612 -0.06477265
v -0.11221757 0.10144197 -0.06477265
v -0.12704754 0.09667821 -0.06477265
v -0.11669945 0.10657216 -0.06477265
v -0.13197415 0.10138559 -0.06408988
v -0.12118446 0.11170236 -0.06408988
v -0.13421666 0.10353100 -0.06213238
v -0.12322338 0.11403882 -0.06213238
v -0.12464530 0.11566746 -0.05886259
v -0.13577952 0.10502496 -0.05886259
v -0.12518400 0.11628446 -0.05509794
v -0.13637147 0.10558872 -0.05509794
v -0.12518400 0.11628446 -0.03306753
v -0.13637147 0.10558872 -0.03306753
v -0.13582650 0.10507194 -0.02902100
v -0.12469228 0.11571757 -0.02902100
v -0.13428243 0.10359678 -0.02559148
v -0.12328602 0.11411086 -0.02559148
v -0.12118446 0.11170236 -0.02334584
v -0.13197415 0.10138559 -0.02334584
v -0.11870079 0.10886165 -0.02249707
v -0.12924619 0.09877978 -0.02249707
v -0.12847572 0.09804376 -0.01898924
v -0.11799922 0.10805986 -0.01898924
v -0.12691913 0.09655607 -0.01587918
v -0.11658356 0.10643749 -0.01587918
v -0.11381489 0.10327105 -0.01298209
v -0.12388110 0.09364645 -0.01298209
v -0.11059834 0.09958470 -0.01192974
v -0.12034508 0.09026703 -0.01192974
v -0.10698402 0.09545047 -0.01289440
v -0.11637685 0.08647420 -0.01289440
v -0.10453167 0.09264108 -0.01545949
v -0.11368021 0.08389657 -0.01545949
v -0.11190124 0.08219277 -0.01890468
v -0.10291244 0.09078694 -0.01890468
v -0.11135314 0.08167286 -0.02253779
v -0.10241445 0.09022005 -0.02253779
v -0.10241445 0.09022005 -0.05509794
v -0.11135314 0.08167286 -0.05509794
v -0.10297508 0.09085898 -0.05886259
v -0.11197015 0.08225854 -0.05886259
v -0.10442205 0.09251580 -0.06213238
v -0.11355806 0.08378069 -0.06213238
v -0.11639878 0.08649612 -0.06477265
v -0.10700594 0.09547553 -0.06477265
v -0.11221757 0.10144197 -0.06477265
v -0.09684577 0.10357798 -0.06477265
v -0.10700594 0.09547553 -0.06477265
v -0.10150304 0.10998603 -0.06477265
v -0.11669945 0.10657216 -0.06477265
v -0.10550572 0.11549833 -0.06477265
v -0.12118446 0.11170236 -0.06408988
v -0.10951154 0.12101063 -0.06408988
v -0.12322338 0.11403882 -0.06213238
v -0.11133435 0.12351935 -0.06213238
v -0.11260594 0.12527013 -0.05886259
v -0.12464530 0.11566746 -0.05886259
v -0.11308827 0.12593098 -0.05509794
v -0.12518400 0.11628446 -0.05509794
v -0.11308827 0.12593098 -0.03306753
v -0.12518400 0.11628446 -0.03306753
v -0.12469228 0.11571757 -0.02902100
v -0.11264666 0.12532338 -0.02902100
v -0.12328602 0.11411086 -0.02559148
v -0.11139073 0.12359765 -0.02559148
v -0.10951154 0.12101063 -0.02334584
v -0.12118446 0.11170236 -0.02334584
v -0.10729409 0.11796007 -0.02249707
v -0.11870079 0.10886165 -0.02249707
v -0.11799922 0.10805986 -0.01898924
v -0.10666769 0.11709564 -0.01898924
v -0.11658356 0.10643749 -0.01587918
v -0.10540237 0.11535426 -0.01587918
v -0.10293123 0.11194979 -0.01298209
v -0.11381489 0.10327105 -0.01298209
v -0.10005293 0.10799409 -0.01192974
v -0.11059834 0.09958470 -0.01192974
v -0.09682698 0.10355293 -0.01289440
v -0.10698402 0.09545047 -0.01289440
v -0.09463459 0.10053369 -0.01545949
v -0.10453167 0.09264108 -0.01545949
v -0.10291244 0.09078694 -0.01890468
v -0.09318761 0.09854175 -0.01890468
v -0.10241445 0.09022005 -0.02253779
v -0.09274287 0.09793101 -0.02253779
v -0.09274287 0.09793101 -0.05509794
v -0.10241445 0.09022005 -0.05509794
v -0.09324399 0.09862005 -0.05886259
v -0.10297508 0.09085898 -0.05886259
v -0.09453750 0.10039902 -0.06213238
v -0.10442205 0.09251580 -0.06213238
v -0.10700594 0.09547553 -0.06477265
v -0.09684577 0.10357798 -0.06477265
v -0.10150304 0.10998603 -0.06477265
v -0.08600283 0.11073771 -0.06477265
v -0.09684577 0.10357798 -0.06477265
v -0.09006502 0.11753726 -0.06477265
v -0.10550572 0.11549833 -0.06477265
v -0.09355719 0.12338468 -0.06477265
v -0.10951154 0.12101063 -0.06408988
v -0.09705249 0.12923523 -0.06408988
v -0.11133435 0.12351935 -0.06213238
v -0.09864354 0.13189742 -0.06213238
v -0.09975226 0.13375469 -0.05886259
v -0.11260594 0.12527013 -0.05886259
v -0.10017195 0.13445626 -0.05509794
v -0.11308827 0.12593098 -0.05509794
v -0.10017195 0.13445626 -0.03306753
v -0.11308827 0.12593098 -0.03306753
v -0.11264666 0.12532338 -0.02902100
v -0.09978671 0.13381107 -0.02902100
v -0.11139073 0.12359765 -0.02559148
v -0.09869365 0.13197885 -0.02559148
v -0.09705249 0.12923523 -0.02334584
v -0.10951154 0.12101063 -0.02334584
v -0.09512005 0.12599676 -0.02249707
v -0.10729409 0.11796007 -0.02249707
v -0.10666769 0.11709564 -0.01898924
v -0.09457195 0.12508221 -0.01898924
v -0.10540237 0.11535426 -0.01587918
v -0.09346636 0.12323434 -0.01587918
v -0.09130842 0.11962316 -0.01298209
v -0.10293123 0.11194979 -0.01298209
v -0.08879970 0.11542316 -0.01192974
v -0.10005293 0.10799409 -0.01192974
v -0.08598404 0.11070952 -0.01289440
v -0.09682698 0.10355293 -0.01289440
v -0.08407039 0.10750550 -0.01545949
v -0.09463459 0.10053369 -0.01545949
v -0.09318761 0.09854175 -0.01890468
v -0.08280820 0.10539454 -0.01890468
v -0.09274287 0.09793101 -0.02253779
v -0.08241984 0.10474308 -0.02253779
v -0.08241984 0.10474308 -0.05509794
v -0.09274287 0.09793101 -0.05509794
v -0.08285832 0.10547597 -0.05886259
v -0.09324399 0.09862005 -0.05886259
v -0.08398583 0.10736456 -0.06213238
v -0.09453750 0.10039902 -0.06213238
v -0.09684577 0.10357798 -0.06477265
v -0.08600283 0.11073771 -0.06477265
v 0.03916708 0.12200347 -0.06477265
v 0.05455141 0.12403300 -0.06477265
v 0.05111561 0.11689520 -0.06477265
v 0.04194828 0.12942002 -0.06477265
v 0.05750800 0.13016856 -0.06477265
v 0.04434426 0.13579675 -0.06477265
v 0.06046460 0.13630726 -0.06408988
v 0.04673709 0.14217661 -0.06408988
v 0.06181135 0.13910413 -0.06213238
v 0.04782703 0.14507996 -0.06213238
v 0.04858497 0.14710322 -0.05886259
v 0.06274782 0.14105222 -0.05886259
v 0.04887311 0.14787056 -0.05509794
v 0.06310173 0.14178824 -0.05509794
v 0.06310173 0.14178824 -0.03306753
v 0.04887311 0.14787056 -0.03306753
v 0.06277914 0.14111173 -0.02902100
v 0.04861002 0.14716900 -0.02902100
v 0.06185207 0.13918869 -0.02559148
v 0.04786148 0.14516766 -0.02559148
v 0.04673709 0.14217661 -0.02334584
v 0.06046460 0.13630726 -0.02334584
v 0.04541226 0.13864372 -0.02249707
v 0.05882657 0.13290905 -0.02249707
v 0.05836617 0.13195066 -0.01898924
v 0.04503643 0.13764462 -0.01898924
v 0.05742970 0.13000883 -0.01587918
v 0.04428162 0.13563075 -0.01587918
v 0.04280332 0.13169071 -0.01298209
v 0.05560689 0.12621913 -0.01298209
v 0.04108386 0.12711174 -0.01192974
v 0.05348340 0.12181242 -0.01192974
v 0.03915455 0.12197215 -0.01289440
v 0.05109995 0.11686701 -0.01289440
v 0.03784225 0.11847998 -0.01545949
v 0.04948072 0.11350325 -0.01545949
v 0.04841271 0.11128581 -0.01890468
v 0.03697782 0.11617484 -0.01890468
v 0.04808698 0.11060617 -0.02253779
v 0.03671160 0.11546701 -0.02253779
v 0.04808698 0.11060617 -0.05509794
v 0.03671160 0.11546701 -0.05509794
v 0.03701227 0.11626254 -0.05886259
v 0.04845656 0.11137350 -0.05886259
v 0.03778587 0.11832338 -0.06213238
v 0.04940868 0.11335605 -0.06213238
v 0.05111561 0.11689520 -0.06477265
v 0.03916708 0.12200347 -0.06477265
v 0.05111561 0.11689520 -0.06477265
v 0.06662209 0.11753726 -0.06477265
v 0.06255990 0.11073771 -0.06477265
v 0.05455141 0.12403300 -0.06477265
v 0.07011425 0.12338468 -0.06477265
v 0.05750800 0.13016856 -0.06477265
v 0.07360955 0.12923523 -0.06408988
v 0.06046460 0.13630726 -0.06408988
v 0.07520060 0.13189742 -0.06213238
v 0.06181135 0.13910413 -0.06213238
v 0.06274782 0.14105222 -0.05886259
v 0.07630933 0.13375469 -0.05886259
v 0.06310173 0.14178824 -0.05509794
v 0.07672901 0.13445626 -0.05509794
v 0.07672901 0.13445626 -0.03306753
v 0.06310173 0.14178824 -0.03306753
v 0.07634378 0.13381107 -0.02902100
v 0.06277914 0.14111173 -0.02902100
v 0.07525072 0.13197885 -0.02559148
v 0.06185207 0.13918869 -0.02559148
v 0.06046460 0.13630726 -0.02334584
v 0.07360955 0.12923523 -0.02334584
v 0.05882657 0.13290905 -0.02249707
v 0.07167399 0.12599676 -0.02249707
v 0.07112902 0.12508221 -0.01898924
v 0.05836617 0.13195066 -0.01898924
v 0.07002343 0.12323434 -0.01587918
v 0.05742970 0.13000883 -0.01587918
v 0.05560689 0.12621913 -0.01298209
v 0.06786549 0.11962316 -0.01298209
v 0.05348340 0.12181242 -0.01192974
v 0.06535676 0.11542316 -0.01192974
v 0.05109995 0.11686701 -0.01289440
v 0.06254111 0.11070952 -0.01289440
v 0.04948072 0.11350325 -0.01545949
v 0.06062746 0.10750550 -0.01545949
v 0.05936527 0.10539454 -0.01890468
v 0.04841271 0.11128581 -0.01890468
v 0.05897690 0.10474308 -0.02253779
v 0.04808698 0.11060617 -0.02253779
v 0.05897690 0.10474308 -0.05509794
v 0.04808698 0.11060617 -0.05509794
v 0.04845656 0.11137350 -0.05886259
v 0.05941538 0.10547597 -0.05886259
v 0.04940868 0.11335605 -0.06213238
v 0.06054290 0.10736456 -0.06213238
v 0.06255990 0.11073771 -0.06477265
v 0.05111561 0.11689520 -0.06477265
v 0.12144754 0.04333419 -0.06477265
v 0.13354641 0.03361563 -0.06477265
v 0.12601398 0.03116642 -0.06477265
v 0.12873255 0.04644739 -0.06477265
v 0.14002650 0.03572033 -0.06477265
v 0.13499652 0.04912524 -0.06477265
v 0.14650658 0.03782502 -0.06408988
v 0.14126050 0.05179995 -0.06408988
v 0.14945691 0.03878341 -0.06213238
v 0.14411374 0.05302143 -0.06213238
v 0.14610255 0.05387020 -0.05886259
v 0.15151150 0.03945052 -0.05886259
v 0.14685423 0.05419279 -0.05509794
v 0.15229136 0.03970422 -0.05509794
v 0.14685423 0.05419279 -0.03306753
v 0.15229136 0.03970422 -0.03306753
v 0.14616519 0.05389839 -0.02902100
v 0.15157727 0.03947245 -0.02902100
v 0.14420144 0.05305901 -0.02559461
v 0.14954774 0.03881160 -0.02559461
v 0.14126050 0.05179995 -0.02334584
v 0.14650658 0.03782502 -0.02334584
v 0.13779339 0.05031852 -0.02249707
v 0.14292045 0.03665992 -0.02249707
v 0.13681308 0.04989884 -0.01898924
v 0.14190569 0.03633106 -0.01898924
v 0.13483366 0.04905320 -0.01587918
v 0.13985737 0.03566395 -0.01587918
v 0.13096252 0.04739951 -0.01298209
v 0.13585782 0.03436418 -0.01298209
v 0.12646499 0.04547647 -0.01192974
v 0.13120369 0.03285456 -0.01192974
v 0.12141622 0.04332166 -0.01289440
v 0.12598266 0.03115702 -0.01289440
v 0.11798670 0.04185276 -0.01545949
v 0.12243412 0.03000445 -0.01545949
v 0.11572227 0.04088497 -0.01890468
v 0.12009452 0.02924337 -0.01890468
v 0.11502697 0.04059057 -0.02253779
v 0.11937417 0.02900848 -0.02253779
v 0.11502697 0.04059057 -0.05509794
v 0.11937417 0.02900848 -0.05509794
v 0.11580996 0.04092256 -0.05886259
v 0.12018535 0.02927156 -0.05886259
v 0.11783323 0.04178699 -0.06213238
v 0.12227752 0.02995120 -0.06213238
v 0.12601398 0.03116642 -0.06477265
v 0.12144754 0.04333419 -0.06477265
v 0.12601398 0.03116642 -0.06477265
v 0.13719205 0.02040177 -0.06477265
v 0.12947170 0.01864159 -0.06477265
v 0.13354641 0.03361563 -0.06477265
v 0.14383499 0.02191765 -0.06477265
v 0.14002650 0.03572033 -0.06477265
v 0.15047794 0.02343354 -0.06408988
v 0.14650658 0.03782502 -0.06408988
v 0.15350344 0.02412571 -0.06213238
v 0.14945691 0.03878341 -0.06213238
v 0.15151150 0.03945052 -0.05886259
v 0.15560814 0.02460490 -0.05886259
v 0.15229136 0.03970422 -0.05509794
v 0.15640680 0.02478969 -0.05509794
v 0.15229136 0.03970422 -0.03306753
v 0.15640680 0.02478969 -0.03306753
v 0.15157727 0.03947245 -0.02902100
v 0.15567704 0.02462056 -0.02902100
v 0.14954774 0.03881160 -0.02559461
v 0.15359427 0.02414763 -0.02559461
v 0.14650658 0.03782502 -0.02334584
v 0.15047794 0.02343354 -0.02334584
v 0.14292045 0.03665992 -0.02249707
v 0.14680099 0.02259416 -0.02249707
v 0.14190569 0.03633106 -0.01898924
v 0.14576117 0.02235926 -0.01898924
v 0.13985737 0.03566395 -0.01587918
v 0.14366273 0.02188007 -0.01587918
v 0.13585782 0.03436418 -0.01298209
v 0.13955983 0.02094361 -0.01298209
v 0.13120369 0.03285456 -0.01192974
v 0.13479294 0.01985367 -0.01192974
v 0.12598266 0.03115702 -0.01289440
v 0.12944038 0.01863220 -0.01289440
v 0.12243412 0.03000445 -0.01545949
v 0.12580101 0.01780222 -0.01545949
v 0.12009452 0.02924337 -0.01890468
v 0.12340190 0.01725412 -0.01890468
v 0.11937417 0.02900848 -0.02253779
v 0.12266589 0.01708813 -0.02253779
v 0.11937417 0.02900848 -0.05509794
v 0.12266589 0.01708813 -0.05509794
v 0.12018535 0.02927156 -0.05886259
v 0.12349586 0.01727605 -0.05886259
v 0.12227752 0.02995120 -0.06213238
v 0.12563814 0.01776464 -0.06213238
v 0.12947170 0.01864159 -0.06477265
v 0.12601398 0.03116642 -0.06477265
v 0.12873255 -0.07361738 -0.06477265
v 0.11580996 -0.08221469 -0.06477265
v 0.12144754 -0.07050419 -0.06477265
v 0.12278490 -0.08596681 -0.06477265
v 0.13499652 -0.07629523 -0.06477265
v 0.12878266 -0.08919589 -0.06477265
v 0.14126050 -0.07897308 -0.06408988
v 0.13478355 -0.09242497 -0.06408988
v 0.14411374 -0.08019456 -0.06213238
v 0.13751464 -0.09389388 -0.06213238
v 0.14610255 -0.08104333 -0.05886259
v 0.13941889 -0.09491804 -0.05886259
v 0.14685423 -0.08136592 -0.05509794
v 0.14013925 -0.09530640 -0.05509794
v 0.14685423 -0.08136592 -0.03306753
v 0.14013925 -0.09530640 -0.03306753
v 0.14616519 -0.08106838 -0.02902100
v 0.13947840 -0.09495249 -0.02902100
v 0.14420144 -0.08022901 -0.02559461
v 0.13759921 -0.09393772 -0.02559461
v 0.13478355 -0.09242497 -0.02334584
v 0.14126050 -0.07897308 -0.02334584
v 0.13146364 -0.09063661 -0.02249707
v 0.13779339 -0.07749165 -0.02249707
v 0.13681308 -0.07707197 -0.01898924
v 0.13052404 -0.09013236 -0.01898924
v 0.13483366 -0.07622633 -0.01587918
v 0.12862606 -0.08911133 -0.01587918
v 0.12492405 -0.08711625 -0.01298209
v 0.13096252 -0.07457264 -0.01298209
v 0.12061443 -0.08479858 -0.01192974
v 0.12646499 -0.07264960 -0.01192974
v 0.11578178 -0.08219903 -0.01289440
v 0.12141622 -0.07049166 -0.01289440
v 0.11249632 -0.08042946 -0.01545949
v 0.11798670 -0.06902589 -0.01545949
v 0.11572227 -0.06805810 -0.01890468
v 0.11032898 -0.07926436 -0.01890468
v 0.11502697 -0.06776057 -0.02253779
v 0.10966187 -0.07890418 -0.02253779
v 0.11502697 -0.06776057 -0.05509794
v 0.10966187 -0.07890418 -0.05509794
v 0.11580996 -0.06809569 -0.05886259
v 0.11041042 -0.07930821 -0.05886259
v 0.11783323 -0.06896012 -0.06213238
v 0.11234912 -0.08035116 -0.06213238
v 0.12144754 -0.07050419 -0.06477265
v 0.11580996 -0.08221469 -0.06477265
v 0.12278490 -0.08596681 -0.06477265
v 0.10914509 -0.09337083 -0.06477265
v 0.11580996 -0.08221469 -0.06477265
v 0.11575359 -0.09773369 -0.06477265
v 0.12878266 -0.08919589 -0.06477265
v 0.12144128 -0.10148582 -0.06477265
v 0.13478355 -0.09242497 -0.06408988
v 0.12712584 -0.10523794 -0.06408988
v 0.13751464 -0.09389388 -0.06213238
v 0.12971599 -0.10694800 -0.06213238
v 0.13941889 -0.09491804 -0.05886259
v 0.13152002 -0.10813816 -0.05886259
v 0.14013925 -0.09530640 -0.05509794
v 0.13220279 -0.10858916 -0.05509794
v 0.14013925 -0.09530640 -0.03306753
v 0.13220279 -0.10858916 -0.03306753
v 0.13947840 -0.09495249 -0.02902100
v 0.13157639 -0.10817574 -0.02902100
v 0.13759921 -0.09393772 -0.02559461
v 0.12979429 -0.10700125 -0.02559461
v 0.12712584 -0.10523794 -0.02334584
v 0.13478355 -0.09242497 -0.02334584
v 0.12397819 -0.10316143 -0.02249707
v 0.13146364 -0.09063661 -0.02249707
v 0.13052404 -0.09013236 -0.01898924
v 0.12308870 -0.10257262 -0.01898924
v 0.12862606 -0.08911133 -0.01587918
v 0.12129094 -0.10138872 -0.01587918
v 0.11777998 -0.09907105 -0.01298209
v 0.12492405 -0.08711625 -0.01298209
v 0.11369900 -0.09637441 -0.01192974
v 0.12061443 -0.08479858 -0.01192974
v 0.10911690 -0.09335204 -0.01289440
v 0.11578178 -0.08219903 -0.01289440
v 0.10600371 -0.09129433 -0.01545949
v 0.11249632 -0.08042946 -0.01545949
v 0.11032898 -0.07926436 -0.01890468
v 0.10394912 -0.08993817 -0.01890468
v 0.10966187 -0.07890418 -0.02253779
v 0.10331646 -0.08952162 -0.02253779
v 0.10966187 -0.07890418 -0.05509794
v 0.10331646 -0.08952162 -0.05509794
v 0.11041042 -0.07930821 -0.05886259
v 0.10402742 -0.08999142 -0.05886259
v 0.11234912 -0.08035116 -0.06213238
v 0.10586590 -0.09120350 -0.06213238
v 0.11580996 -0.08221469 -0.06477265
v 0.10914509 -0.09337083 -0.06477265
v 0.11575359 -0.09773369 -0.06477265
v 0.10150617 -0.10388179 -0.06477265
v 0.10914509 -0.09337083 -0.06477265
v 0.10769811 -0.10882093 -0.06477265
v 0.12144128 -0.10148582 -0.06477265
v 0.11302563 -0.11306791 -0.06477265
v 0.12712584 -0.10523794 -0.06408988
v 0.11835314 -0.11731488 -0.06408988
v 0.12971599 -0.10694800 -0.06213238
v 0.12077730 -0.11925045 -0.06213238
v 0.13152002 -0.10813816 -0.05886259
v 0.12246857 -0.12059721 -0.05886259
v 0.13220279 -0.10858916 -0.05509794
v 0.12310750 -0.12110772 -0.05509794
v 0.13220279 -0.10858916 -0.03306753
v 0.12310750 -0.12110772 -0.03306753
v 0.13157639 -0.10817574 -0.02902100
v 0.12252181 -0.12064106 -0.02902100
v 0.12979429 -0.10700125 -0.02559461
v 0.12085246 -0.11930996 -0.02559461
v 0.11835314 -0.11731488 -0.02334584
v 0.12712584 -0.10523794 -0.02334584
v 0.11540281 -0.11496589 -0.02249707
v 0.12397819 -0.10316143 -0.02249707
v 0.12308870 -0.10257262 -0.01898924
v 0.11456970 -0.11429878 -0.01898924
v 0.12129094 -0.10138872 -0.01587918
v 0.11288782 -0.11295829 -0.01587918
v 0.10959610 -0.11033368 -0.01298209
v 0.11777998 -0.09907105 -0.01298209
v 0.10577194 -0.10728626 -0.01192974
v 0.11369900 -0.09637441 -0.01192974
v 0.10148112 -0.10386299 -0.01289440
v 0.10911690 -0.09335204 -0.01289440
v 0.09856210 -0.10153593 -0.01545949
v 0.10600371 -0.09129433 -0.01545949
v 0.10394912 -0.08993817 -0.01890468
v 0.09663906 -0.10000125 -0.01890468
v 0.10331646 -0.08952162 -0.02253779
v 0.09604712 -0.09952832 -0.02253779
v 0.10331646 -0.08952162 -0.05509794
v 0.09604712 -0.09952832 -0.05509794
v 0.10402742 -0.08999142 -0.05886259
v 0.09671423 -0.10006076 -0.05886259
v 0.10586590 -0.09120350 -0.06213238
v 0.09843369 -0.10143257 -0.06213238
v 0.10914509 -0.09337083 -0.06477265
v 0.10150617 -0.10388179 -0.06477265
v 0.10769811 -0.10882093 -0.06477265
v 0.09295585 -0.11366925 -0.06477265
v 0.10150617 -0.10388179 -0.06477265
v 0.09868112 -0.11914083 -0.06477265
v 0.11302563 -0.11306791 -0.06477265
v 0.10360461 -0.12385134 -0.06477265
v 0.11835314 -0.11731488 -0.06408988
v 0.10853122 -0.12855872 -0.06408988
v 0.12077730 -0.11925045 -0.06213238
v 0.11077373 -0.13070100 -0.06213238
v 0.12246857 -0.12059721 -0.05886259
v 0.11233346 -0.13219496 -0.05886259
v 0.12310750 -0.12110772 -0.05509794
v 0.11292540 -0.13276185 -0.05509794
v 0.12310750 -0.12110772 -0.03306753
v 0.11292540 -0.13276185 -0.03306753
v 0.12252181 -0.12064106 -0.02902100
v 0.11238357 -0.13224507 -0.02902100
v 0.12085246 -0.11930996 -0.02559461
v 0.11083950 -0.13076677 -0.02559461
v 0.10853122 -0.12855872 -0.02334584
v 0.11835314 -0.11731488 -0.02334584
v 0.10580326 -0.12595291 -0.02249707
v 0.11540281 -0.11496589 -0.02249707
v 0.11456970 -0.11429878 -0.01898924
v 0.10503279 -0.12521376 -0.01898924
v 0.11288782 -0.11295829 -0.01587918
v 0.10347619 -0.12372606 -0.01587918
v 0.10043503 -0.12081958 -0.01298209
v 0.10959610 -0.11033368 -0.01298209
v 0.09690215 -0.11744016 -0.01192974
v 0.10577194 -0.10728626 -0.01192974
v 0.09293392 -0.11364733 -0.01289440
v 0.10148112 -0.10386299 -0.01289440
v 0.09023728 -0.11106657 -0.01545949
v 0.09856210 -0.10153593 -0.01545949
v 0.09663906 -0.10000125 -0.01890468
v 0.08845518 -0.10936590 -0.01890468
v 0.09604712 -0.09952832 -0.02253779
v 0.08791021 -0.10884286 -0.02253779
v 0.09604712 -0.09952832 -0.05509794
v 0.08791021 -0.10884286 -0.05509794
v 0.09671423 -0.10006076 -0.05886259
v 0.08852408 -0.10943167 -0.05886259
v 0.09843369 -0.10143257 -0.06213238
v 0.09011513 -0.11095382 -0.06213238
v 0.10150617 -0.10388179 -0.06477265
v 0.09295585 -0.11366925 -0.06477265
v 0.09868112 -0.11914083 -0.06477265
v 0.08356301 -0.12264866 -0.06477265
v 0.09295585 -0.11366925 -0.06477265
v 0.08877464 -0.12861510 -0.06477265
v 0.10360461 -0.12385134 -0.06477265
v 0.09325652 -0.13374529 -0.06477265
v 0.10853122 -0.12855872 -0.06408988
v 0.09773839 -0.13887549 -0.06408988
v 0.11077373 -0.13070100 -0.06213238
v 0.09978045 -0.14121195 -0.06213238
v 0.10120237 -0.14284059 -0.05886259
v 0.11233346 -0.13219496 -0.05886259
v 0.10174107 -0.14345446 -0.05509794
v 0.11292540 -0.13276185 -0.05509794
v 0.10174107 -0.14345446 -0.03306753
v 0.11292540 -0.13276185 -0.03306753
v 0.11238357 -0.13224507 -0.02902100
v 0.10124935 -0.14289070 -0.02902100
v 0.11083950 -0.13076677 -0.02559461
v 0.09984309 -0.14128086 -0.02559461
v 0.09773839 -0.13887549 -0.02334584
v 0.10853122 -0.12855872 -0.02334584
v 0.09525786 -0.13603478 -0.02249707
v 0.10580326 -0.12595291 -0.02249707
v 0.10503279 -0.12521376 -0.01898924
v 0.09455629 -0.13523299 -0.01898924
v 0.10347619 -0.12372606 -0.01587918
v 0.09314063 -0.13361062 -0.01587918
v 0.09037195 -0.13044105 -0.01298209
v 0.10043503 -0.12081958 -0.01298209
v 0.08715540 -0.12675783 -0.01192974
v 0.09690215 -0.11744016 -0.01192974
v 0.08354109 -0.12262360 -0.01289440
v 0.09293392 -0.11364733 -0.01289440
v 0.08108561 -0.11981421 -0.01545949
v 0.09023728 -0.11106657 -0.01545949
v 0.08845518 -0.10936590 -0.01890468
v 0.07946637 -0.11796007 -0.01890468
v 0.08791021 -0.10884286 -0.02253779
v 0.07897152 -0.11739005 -0.02253779
v 0.07897152 -0.11739005 -0.05509794
v 0.08791021 -0.10884286 -0.05509794
v 0.07952901 -0.11803211 -0.05886259
v 0.08852408 -0.10943167 -0.05886259
v 0.08097912 -0.11968893 -0.06213238
v 0.09011513 -0.11095382 -0.06213238
v 0.09295585 -0.11366925 -0.06477265
v 0.08356301 -0.12264866 -0.06477265
v 0.07806011 -0.13715916 -0.06477265
v 0.06255990 -0.13791084 -0.06477265
v 0.07340284 -0.13075111 -0.06477265
v 0.06662209 -0.14471039 -0.06477265
v 0.08206279 -0.14267146 -0.06477265
v 0.07011425 -0.15055781 -0.06477265
v 0.08606860 -0.14818376 -0.06408988
v 0.07360955 -0.15640523 -0.06408988
v 0.08789142 -0.15069248 -0.06213238
v 0.07520060 -0.15907055 -0.06213238
v 0.07630933 -0.16092469 -0.05886259
v 0.08916301 -0.15244013 -0.05886259
v 0.07672901 -0.16162939 -0.05509794
v 0.08964533 -0.15310411 -0.05509794
v 0.07672901 -0.16162939 -0.03306753
v 0.08964533 -0.15310411 -0.03306753
v 0.08920372 -0.15249651 -0.02902100
v 0.07634378 -0.16098420 -0.02902100
v 0.08794780 -0.15076765 -0.02559461
v 0.07525072 -0.15915198 -0.02559148
v 0.07360955 -0.15640523 -0.02334584
v 0.08606860 -0.14818376 -0.02334584
v 0.07167399 -0.15316989 -0.02249707
v 0.08385116 -0.14513007 -0.02249707
v 0.08322476 -0.14426877 -0.01898924
v 0.07112902 -0.15225221 -0.01898924
v 0.08195943 -0.14252739 -0.01587918
v 0.07002343 -0.15040434 -0.01587918
v 0.06786549 -0.14679316 -0.01298209
v 0.07948516 -0.13912292 -0.01298209
v 0.06535676 -0.14259316 -0.01192974
v 0.07661000 -0.13516722 -0.01192974
v 0.06254111 -0.13788265 -0.01289440
v 0.07338405 -0.13072606 -0.01289440
v 0.06062746 -0.13467863 -0.01545949
v 0.07119166 -0.12770682 -0.01545949
v 0.06974468 -0.12571488 -0.01890468
v 0.05936527 -0.13256453 -0.01890468
v 0.06929994 -0.12510414 -0.02253779
v 0.05897690 -0.13191621 -0.02253779
v 0.05897690 -0.13191621 -0.05509794
v 0.06929994 -0.12510414 -0.05509794
v 0.05941538 -0.13264910 -0.05886259
v 0.06980106 -0.12579318 -0.05886259
v 0.06054290 -0.13453456 -0.06213238
v 0.07109457 -0.12757215 -0.06213238
v 0.07340284 -0.13075111 -0.06477265
v 0.06255990 -0.13791084 -0.06477265
v 0.05455141 -0.15120300 -0.06477265
v 0.03916708 -0.14917660 -0.06477265
v 0.05111561 -0.14406833 -0.06477265
v 0.04194828 -0.15659002 -0.06477265
v 0.05750800 -0.15734169 -0.06477265
v 0.04434426 -0.16296988 -0.06477265
v 0.06046460 -0.16348039 -0.06408988
v 0.04673709 -0.16934660 -0.06408988
v 0.06181135 -0.16627726 -0.06213238
v 0.04782703 -0.17225309 -0.06213238
v 0.04858497 -0.17427635 -0.05886259
v 0.06274782 -0.16822222 -0.05886259
v 0.04887311 -0.17504369 -0.05509794
v 0.06310173 -0.16896137 -0.05509794
v 0.04887311 -0.17504369 -0.03306753
v 0.06310173 -0.16896137 -0.03306753
v 0.06277914 -0.16828486 -0.02902100
v 0.04861002 -0.17434213 -0.02902100
v 0.06185207 -0.16636182 -0.02559148
v 0.04786148 -0.17234079 -0.02559148
v 0.04673709 -0.16934660 -0.02334584
v 0.06046460 -0.16348039 -0.02334584
v 0.04541226 -0.16581685 -0.02249707
v 0.05882657 -0.16008218 -0.02249707
v 0.05836617 -0.15912066 -0.01898924
v 0.04503643 -0.16481775 -0.01898924
v 0.05742970 -0.15718196 -0.01587918
v 0.04428162 -0.16280388 -0.01587918
v 0.04280332 -0.15886384 -0.01298209
v 0.05560689 -0.15339226 -0.01298209
v 0.04108386 -0.15428487 -0.01192974
v 0.05348340 -0.14898555 -0.01192974
v 0.03915455 -0.14914528 -0.01289440
v 0.05109995 -0.14403701 -0.01289440
v 0.03784225 -0.14564998 -0.01545949
v 0.04948072 -0.14067638 -0.01545949
v 0.04841271 -0.13845894 -0.01890468
v 0.03697782 -0.14334797 -0.01890468
v 0.04808698 -0.13777616 -0.02253779
v 0.03671160 -0.14264014 -0.02253779
v 0.03671160 -0.14264014 -0.05509794
v 0.04808698 -0.13777616 -0.05509794
v 0.03701227 -0.14343567 -0.05886259
v 0.04845656 -0.13854350 -0.05886259
v 0.03778587 -0.14549651 -0.06213238
v 0.04940868 -0.14052605 -0.06213238
v 0.05111561 -0.14406833 -0.06477265
v 0.03916708 -0.14917660 -0.06477265
v 0.04194828 -0.15659002 -0.06477265
v 0.02680825 -0.15319181 -0.06477265
v 0.03916708 -0.14917660 -0.06477265
v 0.02891295 -0.16082760 -0.06477265
v 0.04434426 -0.16296988 -0.06477265
v 0.03072637 -0.16739224 -0.06477265
v 0.04673709 -0.16934660 -0.06408988
v 0.03253979 -0.17396002 -0.06408988
v 0.04782703 -0.17225309 -0.06213238
v 0.03336350 -0.17695107 -0.06213238
v 0.03393979 -0.17903384 -0.05886259
v 0.04858497 -0.17427635 -0.05886259
v 0.03415590 -0.17982624 -0.05509794
v 0.04887311 -0.17504369 -0.05509794
v 0.03415590 -0.17982624 -0.03306753
v 0.04887311 -0.17504369 -0.03306753
v 0.04861002 -0.17434213 -0.02902100
v 0.03395858 -0.17910275 -0.02902100
v 0.04786148 -0.17234079 -0.02559148
v 0.03338856 -0.17704190 -0.02559148
v 0.03253979 -0.17396002 -0.02334584
v 0.04673709 -0.16934660 -0.02334584
v 0.03153442 -0.17032692 -0.02249707
v 0.04541226 -0.16581685 -0.02249707
v 0.04503643 -0.16481775 -0.01898924
v 0.03125254 -0.16929649 -0.01898924
v 0.04428162 -0.16280388 -0.01587918
v 0.03067939 -0.16722312 -0.01587918
v 0.02956127 -0.16316719 -0.01298209
v 0.04280332 -0.15886384 -0.01298209
v 0.02825836 -0.15845042 -0.01192974
v 0.04108386 -0.15428487 -0.01192974
v 0.02679886 -0.15316049 -0.01289440
v 0.03915455 -0.14914528 -0.01289440
v 0.02580602 -0.14956183 -0.01545949
v 0.03784225 -0.14564998 -0.01545949
v 0.03697782 -0.14334797 -0.01890468
v 0.02515143 -0.14719092 -0.01890468
v 0.03671160 -0.14264014 -0.02253779
v 0.02495098 -0.14646117 -0.02253779
v 0.02495098 -0.14646117 -0.05509794
v 0.03671160 -0.14264014 -0.05509794
v 0.02517649 -0.14728175 -0.05886259
v 0.03701227 -0.14343567 -0.05886259
v 0.02576217 -0.14940210 -0.06213238
v 0.03778587 -0.14549651 -0.06213238
v 0.03916708 -0.14917660 -0.06477265
v 0.02680825 -0.15319181 -0.06477265
v 0.02891295 -0.16082760 -0.06477265
v 0.01413623 -0.15608263 -0.06477265
v 0.02680825 -0.15319181 -0.06477265
v 0.01555189 -0.16387502 -0.06477265
v 0.03072637 -0.16739224 -0.06477265
v 0.01676710 -0.17058061 -0.06477265
v 0.03253979 -0.17396002 -0.06408988
v 0.01798544 -0.17728306 -0.06408988
v 0.03336350 -0.17695107 -0.06213238
v 0.01853980 -0.18033675 -0.06213238
v 0.01892504 -0.18246337 -0.05886259
v 0.03393979 -0.17903384 -0.05886259
v 0.01907224 -0.18326829 -0.05509794
v 0.03415590 -0.17982624 -0.05509794
v 0.01907224 -0.18326829 -0.03306753
v 0.03415590 -0.17982624 -0.03306753
v 0.03395858 -0.17910275 -0.02902100
v 0.01893757 -0.18252914 -0.02902100
v 0.03338856 -0.17704190 -0.02559148
v 0.01855546 -0.18042758 -0.02559148
v 0.01798544 -0.17728306 -0.02334584
v 0.03253979 -0.17396002 -0.02334584
v 0.01731207 -0.17357166 -0.02249707
v 0.03153442 -0.17032692 -0.02249707
v 0.03125254 -0.16929649 -0.01898924
v 0.01712101 -0.17252244 -0.01898924
v 0.03067939 -0.16722312 -0.01587918
v 0.01673578 -0.17040522 -0.01587918
v 0.01598410 -0.16626473 -0.01298209
v 0.02956127 -0.16316719 -0.01298209
v 0.01511341 -0.16145086 -0.01192974
v 0.02825836 -0.15845042 -0.01192974
v 0.01413310 -0.15605131 -0.01289440
v 0.02679886 -0.15316049 -0.01289440
v 0.01346598 -0.15238062 -0.01545949
v 0.02580602 -0.14956183 -0.01545949
v 0.02515143 -0.14719092 -0.01890468
v 0.01302751 -0.14995647 -0.01890468
v 0.02495098 -0.14646117 -0.02253779
v 0.01288970 -0.14921418 -0.02253779
v 0.01288970 -0.14921418 -0.05509794
v 0.02495098 -0.14646117 -0.05509794
v 0.01304317 -0.15005043 -0.05886259
v 0.02517649 -0.14728175 -0.05886259
v 0.01343466 -0.15221463 -0.06213238
v 0.02576217 -0.14940210 -0.06213238
v 0.02680825 -0.15319181 -0.06477265
v 0.01413623 -0.15608263 -0.06477265
v -0.05025119 -0.15319181 -0.06477265
v -0.06539122 -0.15659002 -0.06477265
v -0.06261001 -0.14917660 -0.06477265
v -0.05235588 -0.16082760 -0.06477265
v -0.06778719 -0.16296988 -0.06477265
v -0.05416930 -0.16739224 -0.06477265
v -0.07018003 -0.16934660 -0.06408988
v -0.05598272 -0.17396002 -0.06408988
v -0.07126996 -0.17225309 -0.06213238
v -0.05680644 -0.17695107 -0.06213238
v -0.05738272 -0.17903384 -0.05886259
v -0.07203103 -0.17427635 -0.05886259
v -0.05760196 -0.17982624 -0.05509794
v -0.07231604 -0.17504369 -0.05509794
v -0.07231604 -0.17504369 -0.03306753
v -0.05760196 -0.17982624 -0.03306753
v -0.07205296 -0.17434213 -0.02902100
v -0.05740151 -0.17910275 -0.02902100
v -0.07130441 -0.17234079 -0.02559148
v -0.05683149 -0.17704190 -0.02559148
v -0.05598272 -0.17396002 -0.02334584
v -0.07018003 -0.16934660 -0.02334584
v -0.05497736 -0.17032692 -0.02249707
v -0.06885520 -0.16581685 -0.02249707
v -0.06847936 -0.16481775 -0.01898924
v -0.05469548 -0.16929649 -0.01898924
v -0.06772455 -0.16280388 -0.01587918
v -0.05412232 -0.16722312 -0.01587918
v -0.05300420 -0.16316719 -0.01298209
v -0.06624625 -0.15886384 -0.01298209
v -0.05170130 -0.15845042 -0.01192974
v -0.06452679 -0.15428487 -0.01192974
v -0.05024179 -0.15316049 -0.01289440
v -0.06259748 -0.14914528 -0.01289440
v -0.04924895 -0.14956183 -0.01545949
v -0.06128518 -0.14564998 -0.01545949
v -0.06042075 -0.14334797 -0.01890468
v -0.04859436 -0.14719092 -0.01890468
v -0.06015453 -0.14264014 -0.02253779
v -0.04839392 -0.14646117 -0.02253779
v -0.06015453 -0.14264014 -0.05509794
v -0.04839392 -0.14646117 -0.05509794
v -0.04861942 -0.14728175 -0.05886259
v -0.06045520 -0.14343567 -0.05886259
v -0.04920510 -0.14940210 -0.06213238
v -0.06122880 -0.14549651 -0.06213238
v -0.06261001 -0.14917660 -0.06477265
v -0.05025119 -0.15319181 -0.06477265
v -0.06261001 -0.14917660 -0.06477265
v -0.07799434 -0.15120300 -0.06477265
v -0.07455855 -0.14406833 -0.06477265
v -0.06539122 -0.15659002 -0.06477265
v -0.08095093 -0.15734169 -0.06477265
v -0.06778719 -0.16296988 -0.06477265
v -0.08390753 -0.16348039 -0.06408988
v -0.07018003 -0.16934660 -0.06408988
v -0.08525429 -0.16627726 -0.06213238
v -0.07126996 -0.17225309 -0.06213238
v -0.07203103 -0.17427635 -0.05886259
v -0.08619075 -0.16822222 -0.05886259
v -0.07231604 -0.17504369 -0.05509794
v -0.08654780 -0.16896137 -0.05509794
v -0.08654780 -0.16896137 -0.03306753
v -0.07231604 -0.17504369 -0.03306753
v -0.08622207 -0.16828486 -0.02902100
v -0.07205296 -0.17434213 -0.02902100
v -0.08529500 -0.16636182 -0.02559148
v -0.07130441 -0.17234079 -0.02559148
v -0.07018003 -0.16934660 -0.02334584
v -0.08390753 -0.16348039 -0.02334584
v -0.06885520 -0.16581685 -0.02249707
v -0.08226950 -0.16008218 -0.02249707
v -0.08180910 -0.15912066 -0.01898924
v -0.06847936 -0.16481775 -0.01898924
v -0.08087263 -0.15718196 -0.01587918
v -0.06772455 -0.16280388 -0.01587918
v -0.06624625 -0.15886384 -0.01298209
v -0.07904982 -0.15339226 -0.01298209
v -0.06452679 -0.15428487 -0.01192974
v -0.07692633 -0.14898555 -0.01192974
v -0.06259748 -0.14914528 -0.01289440
v -0.07454289 -0.14403701 -0.01289440
v -0.06128518 -0.14564998 -0.01545949
v -0.07292365 -0.14067638 -0.01545949
v -0.07185877 -0.13845894 -0.01890468
v -0.06042075 -0.14334797 -0.01890468
v -0.07152991 -0.13777616 -0.02253779
v -0.06015453 -0.14264014 -0.02253779
v -0.07152991 -0.13777616 -0.05509794
v -0.06015453 -0.14264014 -0.05509794
v -0.06045520 -0.14343567 -0.05886259
v -0.07189949 -0.13854350 -0.05886259
v -0.06122880 -0.14549651 -0.06213238
v -0.07285161 -0.14052605 -0.06213238
v -0.07455855 -0.14406833 -0.06477265
v -0.06261001 -0.14917660 -0.06477265
v -0.08600283 -0.13791084 -0.06477265
v -0.10150304 -0.13715916 -0.06477265
v -0.09684577 -0.13075111 -0.06477265
v -0.09006502 -0.14471039 -0.06477265
v -0.10550572 -0.14267146 -0.06477265
v -0.09355719 -0.15055781 -0.06477265
v -0.10951154 -0.14818376 -0.06408988
v -0.09705249 -0.15640523 -0.06408988
v -0.11133435 -0.15069248 -0.06213238
v -0.09864354 -0.15907055 -0.06213238
v -0.09975226 -0.16092469 -0.05886259
v -0.11260594 -0.15244013 -0.05886259
v -0.10017195 -0.16162939 -0.05509794
v -0.11308827 -0.15310411 -0.05509794
v -0.11308827 -0.15310411 -0.03306753
v -0.10017195 -0.16162939 -0.03306753
v -0.11264666 -0.15249651 -0.02902100
v -0.09978671 -0.16098420 -0.02902100
v -0.11139073 -0.15076765 -0.02559148
v -0.09869365 -0.15915198 -0.02559148
v -0.09705249 -0.15640523 -0.02334584
v -0.10951154 -0.14818376 -0.02334584
v -0.09512005 -0.15316989 -0.02249707
v -0.10729409 -0.14513007 -0.02249707
v -0.10666769 -0.14426877 -0.01898924
v -0.09457195 -0.15225221 -0.01898924
v -0.10540237 -0.14252739 -0.01587918
v -0.09346636 -0.15040434 -0.01587918
v -0.09130842 -0.14679316 -0.01298209
v -0.10293123 -0.13912292 -0.01298209
v -0.08879970 -0.14259316 -0.01192974
v -0.10005293 -0.13516722 -0.01192974
v -0.08598404 -0.13788265 -0.01289440
v -0.09682698 -0.13072606 -0.01289440
v -0.08407039 -0.13467863 -0.01545949
v -0.09463459 -0.12770682 -0.01545949
v -0.09318761 -0.12571488 -0.01890468
v -0.08280820 -0.13256453 -0.01890468
v -0.09274287 -0.12510414 -0.02253779
v -0.08241984 -0.13191621 -0.02253779
v -0.09274287 -0.12510414 -0.05509794
v -0.08241984 -0.13191621 -0.05509794
v -0.08285832 -0.13264910 -0.05886259
v -0.09324399 -0.12579318 -0.05886259
v -0.08398583 -0.13453456 -0.06213238
v -0.09453750 -0.12757215 -0.06213238
v -0.09684577 -0.13075111 -0.06477265
v -0.08600283 -0.13791084 -0.06477265
v -0.09684577 -0.13075111 -0.06477265
v -0.11221757 -0.12861510 -0.06477265
v -0.10700594 -0.12264866 -0.06477265
v -0.10150304 -0.13715916 -0.06477265
v -0.11669945 -0.13374529 -0.06477265
v -0.10550572 -0.14267146 -0.06477265
v -0.12118446 -0.13887549 -0.06408988
v -0.10951154 -0.14818376 -0.06408988
v -0.12322338 -0.14121195 -0.06213238
v -0.11133435 -0.15069248 -0.06213238
v -0.11260594 -0.15244013 -0.05886259
v -0.12464530 -0.14284059 -0.05886259
v -0.11308827 -0.15310411 -0.05509794
v -0.12518400 -0.14345446 -0.05509794
v -0.12518400 -0.14345446 -0.03306753
v -0.11308827 -0.15310411 -0.03306753
v -0.12469228 -0.14289070 -0.02902100
v -0.11264666 -0.15249651 -0.02902100
v -0.12328602 -0.14128086 -0.02559148
v -0.11139073 -0.15076765 -0.02559148
v -0.10951154 -0.14818376 -0.02334584
v -0.12118446 -0.13887549 -0.02334584
v -0.10729409 -0.14513007 -0.02249707
v -0.11870079 -0.13603478 -0.02249707
v -0.11799922 -0.13523299 -0.01898924
v -0.10666769 -0.14426877 -0.01898924
v -0.11658356 -0.13361062 -0.01587918
v -0.10540237 -0.14252739 -0.01587918
v -0.10293123 -0.13912292 -0.01298209
v -0.11381489 -0.13044105 -0.01298209
v -0.10005293 -0.13516722 -0.01192974
v -0.11059834 -0.12675783 -0.01192974
v -0.09682698 -0.13072606 -0.01289440
v -0.10698402 -0.12262360 -0.01289440
v -0.09463459 -0.12770682 -0.01545949
v -0.10453167 -0.11981421 -0.01545949
v -0.10291244 -0.11796007 -0.01890468
v -0.09318761 -0.12571488 -0.01890468
v -0.10241445 -0.11739005 -0.02253779
v -0.09274287 -0.12510414 -0.02253779
v -0.10241445 -0.11739005 -0.05509794
v -0.09274287 -0.12510414 -0.05509794
v -0.09324399 -0.12579318 -0.05886259
v -0.10297508 -0.11803211 -0.05886259
v -0.09453750 -0.12757215 -0.06213238
v -0.10442205 -0.11968893 -0.06213238
v -0.10700594 -0.12264866 -0.06477265
v -0.09684577 -0.13075111 -0.06477265
v -0.10700594 -0.12264866 -0.06477265
v -0.12212405 -0.11914083 -0.06477265
v -0.11639878 -0.11366925 -0.06477265
v -0.11221757 -0.12861510 -0.06477265
v -0.12704754 -0.12385134 -0.06477265
v -0.11669945 -0.13374529 -0.06477265
v -0.13197415 -0.12855872 -0.06408988
v -0.12118446 -0.13887549 -0.06408988
v -0.13421666 -0.13070100 -0.06213238
v -0.12322338 -0.14121195 -0.06213238
v -0.12464530 -0.14284059 -0.05886259
v -0.13577952 -0.13219496 -0.05886259
v -0.12518400 -0.14345446 -0.05509794
v -0.13637147 -0.13276185 -0.05509794
v -0.13637147 -0.13276185 -0.03306753
v -0.12518400 -0.14345446 -0.03306753
v -0.13582650 -0.13224507 -0.02902100
v -0.12469228 -0.14289070 -0.02902100
v -0.13428243 -0.13076677 -0.02559148
v -0.12328602 -0.14128086 -0.02559148
v -0.12118446 -0.13887549 -0.02334584
v -0.13197415 -0.12855872 -0.02334584
v -0.11870079 -0.13603478 -0.02249707
v -0.12924619 -0.12595291 -0.02249707
v -0.12847572 -0.12521376 -0.01898924
v -0.11799922 -0.13523299 -0.01898924
v -0.12691913 -0.12372606 -0.01587918
v -0.11658356 -0.13361062 -0.01587918
v -0.11381489 -0.13044105 -0.01298209
v -0.12388110 -0.12081958 -0.01298209
v -0.11059834 -0.12675783 -0.01192974
v -0.12034508 -0.11744016 -0.01192974
v -0.10698402 -0.12262360 -0.01289440
v -0.11637685 -0.11364733 -0.01289440
v -0.10453167 -0.11981421 -0.01545949
v -0.11368021 -0.11106657 -0.01545949
v -0.11190124 -0.10936590 -0.01890468
v -0.10291244 -0.11796007 -0.01890468
v -0.11135314 -0.10884286 -0.02253779
v -0.10241445 -0.11739005 -0.02253779
v -0.11135314 -0.10884286 -0.05509794
v -0.10241445 -0.11739005 -0.05509794
v -0.10297508 -0.11803211 -0.05886259
v -0.11197015 -0.10943167 -0.05886259
v -0.10442205 -0.11968893 -0.06213238
v -0.11355806 -0.11095382 -0.06213238
v -0.11639878 -0.11366925 -0.06477265
v -0.10700594 -0.12264866 -0.06477265
v -0.11639878 -0.11366925 -0.06477265
v -0.13114105 -0.10882093 -0.06477265
v -0.12494911 -0.10388179 -0.06477265
v -0.12212405 -0.11914083 -0.06477265
v -0.13646856 -0.11306791 -0.06477265
v -0.12704754 -0.12385134 -0.06477265
v -0.14179607 -0.11731488 -0.06408988
v -0.13197415 -0.12855872 -0.06408988
v -0.14422023 -0.11925045 -0.06213238
v -0.13421666 -0.13070100 -0.06213238
v -0.13577952 -0.13219496 -0.05886259
v -0.14591150 -0.12059721 -0.05886259
v -0.13637147 -0.13276185 -0.05509794
v -0.14655043 -0.12110772 -0.05509794
v -0.13637147 -0.13276185 -0.03306753
v -0.14655043 -0.12110772 -0.03306753
v -0.13582650 -0.13224507 -0.02902100
v -0.14596475 -0.12064106 -0.02902100
v -0.13428243 -0.13076677 -0.02559148
v -0.14429540 -0.11930996 -0.02559148
v -0.13197415 -0.12855872 -0.02334584
v -0.14179607 -0.11731488 -0.02334584
v -0.12924619 -0.12595291 -0.02249707
v -0.13884574 -0.11496589 -0.02249707
v -0.12847572 -0.12521376 -0.01898924
v -0.13801263 -0.11429878 -0.01898924
v -0.12691913 -0.12372606 -0.01587918
v -0.13633075 -0.11295829 -0.01587918
v -0.12388110 -0.12081958 -0.01298209
v -0.13303903 -0.11033368 -0.01298209
v -0.12034508 -0.11744016 -0.01192974
v -0.12921487 -0.10728626 -0.01192974
v -0.11637685 -0.11364733 -0.01289440
v -0.12492405 -0.10386299 -0.01289440
v -0.11368021 -0.11106657 -0.01545949
v -0.12200504 -0.10153593 -0.01545949
v -0.11190124 -0.10936590 -0.01890468
v -0.12008200 -0.10000125 -0.01890468
v -0.11135314 -0.10884286 -0.02253779
v -0.11949005 -0.09952832 -0.02253779
v -0.11135314 -0.10884286 -0.05509794
v -0.11949005 -0.09952832 -0.05509794
v -0.11197015 -0.10943167 -0.05886259
v -0.12015716 -0.10006076 -0.05886259
v -0.11355806 -0.11095382 -0.06213238
v -0.12187662 -0.10143257 -0.06213238
v -0.12494911 -0.10388179 -0.06477265
v -0.11639878 -0.11366925 -0.06477265
v -0.15523543 -0.03302682 -0.06477265
v -0.16431193 -0.02043936 -0.06477265
v -0.15640053 -0.02008231 -0.06477265
v -0.16308419 -0.03408856 -0.06477265
v -0.17111774 -0.02074316 -0.06477265
v -0.16983363 -0.03500310 -0.06477265
v -0.17792355 -0.02105009 -0.06408988
v -0.17658620 -0.03591764 -0.06408988
v -0.18102422 -0.02119103 -0.06213238
v -0.17966181 -0.03633420 -0.06213238
v -0.18180409 -0.03662547 -0.05886259
v -0.18318216 -0.02128499 -0.05886259
v -0.18261527 -0.03673509 -0.05509794
v -0.18400274 -0.02132258 -0.05509794
v -0.18261527 -0.03673509 -0.03306753
v -0.18400274 -0.02132258 -0.03306753
v -0.18186986 -0.03663487 -0.02902100
v -0.18325107 -0.02128812 -0.02902100
v -0.17975264 -0.03634672 -0.02559148
v -0.18111818 -0.02119416 -0.02559148
v -0.17658620 -0.03591764 -0.02334584
v -0.17792355 -0.02105009 -0.02334584
v -0.17284973 -0.03541339 -0.02249707
v -0.17415577 -0.02088097 -0.02249707
v -0.17179112 -0.03526932 -0.01898924
v -0.17309090 -0.02083399 -0.01898924
v -0.16965824 -0.03498118 -0.01587918
v -0.17093922 -0.02073689 -0.01587918
v -0.16548956 -0.03441429 -0.01298209
v -0.16673922 -0.02054897 -0.01298209
v -0.16064124 -0.03375970 -0.01192974
v -0.16185019 -0.02032974 -0.01192974
v -0.15520098 -0.03302055 -0.01289440
v -0.15636608 -0.02008231 -0.01289440
v -0.15150523 -0.03252257 -0.01545949
v -0.15263901 -0.01991631 -0.01545949
v -0.14906541 -0.03219058 -0.01890468
v -0.15018040 -0.01980356 -0.01890468
v -0.14831687 -0.03209035 -0.02253779
v -0.14942559 -0.01976911 -0.02253779
v -0.14831687 -0.03209035 -0.05509794
v -0.14942559 -0.01976911 -0.05509794
v -0.14915937 -0.03220310 -0.05886259
v -0.15027436 -0.01980983 -0.05886259
v -0.15133924 -0.03249751 -0.06213238
v -0.15247302 -0.01990692 -0.06213238
v -0.15640053 -0.02008231 -0.06477265
v -0.15523543 -0.03302682 -0.06477265
v -0.16431193 -0.02043936 -0.06477265
v -0.15640053 -0.00708769 -0.06477265
v -0.15640053 -0.02008231 -0.06477265
v -0.16431193 -0.00673377 -0.06477265
v -0.17111774 -0.02074316 -0.06477265
v -0.17111774 -0.00642684 -0.06477265
v -0.17792355 -0.02105009 -0.06408988
v -0.17792355 -0.00612304 -0.06408988
v -0.18102422 -0.02119103 -0.06213238
v -0.18102422 -0.00598210 -0.06213238
v -0.18318216 -0.02128499 -0.05886259
v -0.18318216 -0.00588501 -0.05886259
v -0.18400274 -0.02132258 -0.05509794
v -0.18400274 -0.00585055 -0.05509794
v -0.18400274 -0.02132258 -0.03306753
v -0.18400274 -0.00585055 -0.03306753
v -0.18325107 -0.02128812 -0.02902100
v -0.18325107 -0.00588187 -0.02902100
v -0.18111818 -0.02119416 -0.02559148
v -0.18111818 -0.00597897 -0.02559148
v -0.17792355 -0.00612304 -0.02334584
v -0.17792355 -0.02105009 -0.02334584
v -0.17415577 -0.00629216 -0.02249707
v -0.17415577 -0.02088097 -0.02249707
v -0.17309090 -0.02083399 -0.01898924
v -0.17309090 -0.00633914 -0.01898924
v -0.17093922 -0.02073689 -0.01587918
v -0.17093922 -0.00643624 -0.01587918
v -0.16673922 -0.00662416 -0.01298209
v -0.16673922 -0.02054897 -0.01298209
v -0.16185019 -0.00684339 -0.01192974
v -0.16185019 -0.02032974 -0.01192974
v -0.15636608 -0.00709082 -0.01289440
v -0.15636608 -0.02008231 -0.01289440
v -0.15263901 -0.00725682 -0.01545949
v -0.15263901 -0.01991631 -0.01545949
v -0.15018040 -0.01980356 -0.01890468
v -0.15018040 -0.00736644 -0.01890468
v -0.14942559 -0.01976911 -0.02253779
v -0.14942559 -0.00740089 -0.02253779
v -0.14942559 -0.01976911 -0.05509794
v -0.14942559 -0.00740089 -0.05509794
v -0.15027436 -0.01980983 -0.05886259
v -0.15027436 -0.00736330 -0.05886259
v -0.15247302 -0.01990692 -0.06213238
v -0.15247302 -0.00726621 -0.06213238
v -0.15640053 -0.02008231 -0.06477265
v -0.15640053 -0.00708769 -0.06477265
v -0.16308419 0.00691856 -0.06477265
v -0.15291463 0.01864159 -0.06477265
v -0.15523543 0.00585369 -0.06477265
v -0.16063498 0.02040177 -0.06477265
v -0.16983363 0.00783310 -0.06477265
v -0.16727793 0.02191765 -0.06477265
v -0.17658620 0.00874764 -0.06408988
v -0.17392087 0.02343354 -0.06408988
v -0.17966181 0.00916420 -0.06213238
v -0.17694637 0.02412571 -0.06213238
v -0.18180409 0.00945234 -0.05886259
v -0.17905420 0.02460490 -0.05886259
v -0.18261527 0.00956196 -0.05509794
v -0.17985286 0.02478969 -0.05509794
v -0.18261527 0.00956196 -0.03306753
v -0.17985286 0.02478969 -0.03306753
v -0.18186986 0.00946174 -0.02902100
v -0.17911997 0.02462056 -0.02902100
v -0.17975264 0.00917673 -0.02559148
v -0.17703720 0.02414763 -0.02559148
v -0.17392087 0.02343354 -0.02334584
v -0.17658620 0.00874764 -0.02334584
v -0.17024392 0.02259416 -0.02249707
v -0.17284973 0.00824026 -0.02249707
v -0.17179112 0.00809619 -0.01898924
v -0.16920410 0.02235926 -0.01898924
v -0.16965824 0.00780805 -0.01587918
v -0.16710567 0.02188007 -0.01587918
v -0.16300276 0.02094361 -0.01298209
v -0.16548956 0.00724429 -0.01298209
v -0.15823588 0.01985367 -0.01192974
v -0.16064124 0.00658657 -0.01192974
v -0.15288331 0.01863220 -0.01289440
v -0.15520098 0.00585055 -0.01289440
v -0.14924394 0.01780222 -0.01545949
v -0.15150523 0.00534944 -0.01545949
v -0.14906541 0.00501745 -0.01890468
v -0.14684484 0.01725412 -0.01890468
v -0.14831687 0.00491722 -0.02253779
v -0.14610882 0.01708813 -0.02253779
v -0.14831687 0.00491722 -0.05509794
v -0.14610882 0.01708813 -0.05509794
v -0.14915937 0.00502997 -0.05886259
v -0.14693879 0.01727605 -0.05886259
v -0.15133924 0.00532751 -0.06213238
v -0.14908107 0.01776464 -0.06213238
v -0.15523543 0.00585369 -0.06477265
v -0.15291463 0.01864159 -0.06477265
v -0.12494911 -0.10388179 -0.06477265
v -0.13919965 -0.09773369 -0.06477265
v -0.13258802 -0.09337083 -0.06477265
v -0.13114105 -0.10882093 -0.06477265
v -0.14488421 -0.10148582 -0.06477265
v -0.13646856 -0.11306791 -0.06477265
v -0.15056877 -0.10523794 -0.06408988
v -0.14179607 -0.11731488 -0.06408988
v -0.15315892 -0.10694800 -0.06213238
v -0.14422023 -0.11925045 -0.06213238
v -0.14591150 -0.12059721 -0.05886259
v -0.15496295 -0.10813816 -0.05886259
v -0.14655043 -0.12110772 -0.05509794
v -0.15564572 -0.10858916 -0.05509794
v -0.14655043 -0.12110772 -0.03306753
v -0.15564572 -0.10858916 -0.03306753
v -0.14596475 -0.12064106 -0.02902100
v -0.15501932 -0.10817574 -0.02902100
v -0.14429540 -0.11930996 -0.02559148
v -0.15323722 -0.10700125 -0.02559148
v -0.14179607 -0.11731488 -0.02334584
v -0.15056877 -0.10523794 -0.02334584
v -0.13884574 -0.11496589 -0.02249707
v -0.14742112 -0.10316143 -0.02249707
v -0.13801263 -0.11429878 -0.01898924
v -0.14653164 -0.10257262 -0.01898924
v -0.13633075 -0.11295829 -0.01587918
v -0.14473701 -0.10138872 -0.01587918
v -0.13303903 -0.11033368 -0.01298209
v -0.14122605 -0.09907105 -0.01298209
v -0.12921487 -0.10728626 -0.01192974
v -0.13714194 -0.09637441 -0.01192974
v -0.12492405 -0.10386299 -0.01289440
v -0.13255984 -0.09335204 -0.01289440
v -0.12200504 -0.10153593 -0.01545949
v -0.12944664 -0.09129433 -0.01545949
v -0.12008200 -0.10000125 -0.01890468
v -0.12739206 -0.08993817 -0.01890468
v -0.11949005 -0.09952832 -0.02253779
v -0.12675939 -0.08952162 -0.02253779
v -0.11949005 -0.09952832 -0.05509794
v -0.12675939 -0.08952162 -0.05509794
v -0.12015716 -0.10006076 -0.05886259
v -0.12747036 -0.08999142 -0.05886259
v -0.12187662 -0.10143257 -0.06213238
v -0.12930883 -0.09120350 -0.06213238
v -0.13258802 -0.09337083 -0.06477265
v -0.12494911 -0.10388179 -0.06477265
v -0.16431193 -0.00673377 -0.06477265
v -0.15523543 0.00585369 -0.06477265
v -0.15640053 -0.00708769 -0.06477265
v -0.16308419 0.00691856 -0.06477265
v -0.17111774 -0.00642684 -0.06477265
v -0.16983363 0.00783310 -0.06477265
v -0.17792355 -0.00612304 -0.06408988
v -0.17658620 0.00874764 -0.06408988
v -0.18102422 -0.00598210 -0.06213238
v -0.17966181 0.00916420 -0.06213238
v -0.18318216 -0.00588501 -0.05886259
v -0.18180409 0.00945234 -0.05886259
v -0.18400274 -0.00585055 -0.05509794
v -0.18261527 0.00956196 -0.05509794
v -0.18400274 -0.00585055 -0.03306753
v -0.18261527 0.00956196 -0.03306753
v -0.18325107 -0.00588187 -0.02902100
v -0.18186986 0.00946174 -0.02902100
v -0.18111818 -0.00597897 -0.02559148
v -0.17975264 0.00917673 -0.02559148
v -0.17658620 0.00874764 -0.02334584
v -0.17792355 -0.00612304 -0.02334584
v -0.17284973 0.00824026 -0.02249707
v -0.17415577 -0.00629216 -0.02249707
v -0.17309090 -0.00633914 -0.01898924
v -0.17179112 0.00809619 -0.01898924
v -0.17093922 -0.00643624 -0.01587918
v -0.16965824 0.00780805 -0.01587918
v -0.16548956 0.00724429 -0.01298209
v -0.16673922 -0.00662416 -0.01298209
v -0.16064124 0.00658657 -0.01192974
v -0.16185019 -0.00684339 -0.01192974
v -0.15520098 0.00585055 -0.01289440
v -0.15636608 -0.00709082 -0.01289440
v -0.15150523 0.00534944 -0.01545949
v -0.15263901 -0.00725682 -0.01545949
v -0.15018040 -0.00736644 -0.01890468
v -0.14906541 0.00501745 -0.01890468
v -0.14942559 -0.00740089 -0.02253779
v -0.14831687 0.00491722 -0.02253779
v -0.14942559 -0.00740089 -0.05509794
v -0.14831687 0.00491722 -0.05509794
v -0.15027436 -0.00736330 -0.05886259
v -0.14915937 0.00502997 -0.05886259
v -0.15247302 -0.00726621 -0.06213238
v -0.15133924 0.00532751 -0.06213238
v -0.15640053 -0.00708769 -0.06477265
v -0.15523543 0.00585369 -0.06477265
v -0.16063498 0.02040177 -0.06477265
v -0.14945691 0.03116642 -0.06477265
v -0.15291463 0.01864159 -0.06477265
v -0.15698934 0.03361563 -0.06477265
v -0.16727793 0.02191765 -0.06477265
v -0.16346943 0.03572033 -0.06477265
v -0.17392087 0.02343354 -0.06408988
v -0.16994951 0.03782502 -0.06408988
v -0.17694637 0.02412571 -0.06213238
v -0.17289985 0.03878341 -0.06213238
v -0.17905420 0.02460490 -0.05886259
v -0.17495443 0.03945052 -0.05886259
v -0.17985286 0.02478969 -0.05509794
v -0.17573429 0.03970422 -0.05509794
v -0.17985286 0.02478969 -0.03306753
v -0.17573429 0.03970422 -0.03306753
v -0.17911997 0.02462056 -0.02902100
v -0.17502020 0.03947245 -0.02902100
v -0.17703720 0.02414763 -0.02559148
v -0.17299067 0.03881160 -0.02559148
v -0.16994951 0.03782502 -0.02334584
v -0.17392087 0.02343354 -0.02334584
v -0.16636339 0.03665992 -0.02249707
v -0.17024392 0.02259416 -0.02249707
v -0.16920410 0.02235926 -0.01898924
v -0.16534862 0.03633106 -0.01898924
v -0.16710567 0.02188007 -0.01587918
v -0.16330030 0.03566395 -0.01587918
v -0.15930075 0.03436418 -0.01298209
v -0.16300276 0.02094361 -0.01298209
v -0.15464662 0.03285456 -0.01192974
v -0.15823588 0.01985367 -0.01192974
v -0.14942559 0.03115702 -0.01289440
v -0.15288331 0.01863220 -0.01289440
v -0.14587705 0.03000445 -0.01545949
v -0.14924394 0.01780222 -0.01545949
v -0.14684484 0.01725412 -0.01890468
v -0.14353746 0.02924337 -0.01890468
v -0.14610882 0.01708813 -0.02253779
v -0.14281710 0.02900848 -0.02253779
v -0.14610882 0.01708813 -0.05509794
v -0.14281710 0.02900848 -0.05509794
v -0.14693879 0.01727605 -0.05886259
v -0.14362828 0.02927156 -0.05886259
v -0.14908107 0.01776464 -0.06213238
v -0.14572045 0.02995120 -0.06213238
v -0.15291463 0.01864159 -0.06477265
v -0.14945691 0.03116642 -0.06477265
v -0.15217548 0.04644739 -0.06477265
v -0.13925290 0.05504156 -0.06477265
v -0.14489047 0.04333419 -0.06477265
v -0.14622783 0.05879368 -0.06477265
v -0.15843946 0.04912524 -0.06477265
v -0.15222559 0.06202276 -0.06477265
v -0.16470343 0.05179995 -0.06408988
v -0.15822648 0.06525184 -0.06408988
v -0.16755667 0.05302143 -0.06213238
v -0.16095757 0.06672075 -0.06213238
v -0.16954549 0.05387020 -0.05886259
v -0.16286182 0.06774491 -0.05886259
v -0.17029716 0.05419279 -0.05509794
v -0.16358218 0.06813327 -0.05509794
v -0.17029716 0.05419279 -0.03306753
v -0.16358218 0.06813327 -0.03306753
v -0.16960813 0.05389839 -0.02902100
v -0.16292133 0.06777936 -0.02902100
v -0.16764437 0.05305901 -0.02559148
v -0.16104214 0.06676773 -0.02559148
v -0.15822648 0.06525184 -0.02334584
v -0.16470343 0.05179995 -0.02334584
v -0.15490657 0.06346348 -0.02249707
v -0.16123632 0.05031852 -0.02249707
v -0.16025601 0.04989884 -0.01898924
v -0.15396698 0.06295923 -0.01898924
v -0.15827659 0.04905320 -0.01587918
v -0.15206899 0.06193820 -0.01587918
v -0.14836698 0.05994626 -0.01298209
v -0.15440859 0.04739951 -0.01298209
v -0.14405737 0.05762858 -0.01192974
v -0.14990792 0.04547647 -0.01192974
v -0.13922471 0.05502590 -0.01289440
v -0.14486229 0.04332166 -0.01289440
v -0.13593925 0.05325633 -0.01545949
v -0.14142963 0.04185276 -0.01545949
v -0.13916520 0.04088497 -0.01890468
v -0.13377192 0.05209123 -0.01890468
v -0.13846990 0.04059057 -0.02253779
v -0.13310480 0.05173418 -0.02253779
v -0.13846990 0.04059057 -0.05509794
v -0.13310480 0.05173418 -0.05509794
v -0.13925290 0.04092256 -0.05886259
v -0.13385335 0.05213508 -0.05886259
v -0.14127616 0.04178699 -0.06213238
v -0.13579205 0.05317803 -0.06213238
v -0.14489047 0.04333419 -0.06477265
v -0.13925290 0.05504156 -0.06477265
v -0.14622783 0.05879368 -0.06477265
v -0.13258802 0.06619770 -0.06477265
v -0.13925290 0.05504156 -0.06477265
v -0.13919965 0.07056056 -0.06477265
v -0.15222559 0.06202276 -0.06477265
v -0.14488421 0.07431269 -0.06477265
v -0.15822648 0.06525184 -0.06408988
v -0.15056877 0.07806794 -0.06408988
v -0.16095757 0.06672075 -0.06213238
v -0.15315892 0.07977487 -0.06213238
v -0.16286182 0.06774491 -0.05886259
v -0.15496295 0.08096816 -0.05886259
v -0.16358218 0.06813327 -0.05509794
v -0.15564572 0.08141917 -0.05509794
v -0.16358218 0.06813327 -0.03306753
v -0.15564572 0.08141917 -0.03306753
v -0.16292133 0.06777936 -0.02902100
v -0.15501932 0.08100574 -0.02902100
v -0.16104214 0.06676773 -0.02559148
v -0.15323722 0.07982812 -0.02559148
v -0.15056877 0.07806794 -0.02334584
v -0.15822648 0.06525184 -0.02334584
v -0.14742112 0.07598830 -0.02249707
v -0.15490657 0.06346348 -0.02249707
v -0.15396698 0.06295923 -0.01898924
v -0.14653164 0.07540262 -0.01898924
v -0.15206899 0.06193820 -0.01587918
v -0.14473701 0.07421559 -0.01587918
v -0.14122605 0.07189792 -0.01298209
v -0.14836698 0.05994626 -0.01298209
v -0.13714194 0.06920441 -0.01192974
v -0.14405737 0.05762858 -0.01192974
v -0.13255984 0.06617891 -0.01289440
v -0.13922471 0.05502590 -0.01289440
v -0.12944664 0.06412433 -0.01545949
v -0.13593925 0.05325633 -0.01545949
v -0.13377192 0.05209123 -0.01890468
v -0.12739206 0.06276818 -0.01890468
v -0.13310480 0.05173418 -0.02253779
v -0.12675939 0.06235162 -0.02253779
v -0.13310480 0.05173418 -0.05509794
v -0.12675939 0.06235162 -0.05509794
v -0.13385335 0.05213508 -0.05886259
v -0.12747036 0.06281829 -0.05886259
v -0.13579205 0.05317803 -0.06213238
v -0.12930883 0.06403037 -0.06213238
v -0.13925290 0.05504156 -0.06477265
v -0.13258802 0.06619770 -0.06477265
v -0.13919965 0.07056056 -0.06477265
v -0.12494911 0.07671179 -0.06477265
v -0.13258802 0.06619770 -0.06477265
v -0.13114105 0.08164780 -0.06477265
v -0.14488421 0.07431269 -0.06477265
v -0.13646856 0.08589478 -0.06477265
v -0.15056877 0.07806794 -0.06408988
v -0.14179607 0.09014489 -0.06408988
v -0.15315892 0.07977487 -0.06213238
v -0.14422023 0.09207732 -0.06213238
v -0.15496295 0.08096816 -0.05886259
v -0.14591150 0.09342721 -0.05886259
v -0.15564572 0.08141917 -0.05509794
v -0.14655043 0.09393772 -0.05509794
v -0.15564572 0.08141917 -0.03306753
v -0.14655043 0.09393772 -0.03306753
v -0.15501932 0.08100574 -0.02902100
v -0.14596475 0.09346793 -0.02902100
v -0.15323722 0.07982812 -0.02559148
v -0.14429540 0.09213683 -0.02559148
v -0.14179607 0.09014489 -0.02334584
v -0.15056877 0.07806794 -0.02334584
v -0.13884574 0.08779276 -0.02249707
v -0.14742112 0.07598830 -0.02249707
v -0.14653164 0.07540262 -0.01898924
v -0.13801263 0.08712878 -0.01898924
v -0.14473701 0.07421559 -0.01587918
v -0.13633075 0.08578516 -0.01587918
v -0.13303903 0.08316368 -0.01298209
v -0.14122605 0.07189792 -0.01298209
v -0.12921487 0.08011313 -0.01192974
v -0.13714194 0.06920441 -0.01192974
v -0.12492405 0.07668986 -0.01289440
v -0.13255984 0.06617891 -0.01289440
v -0.12200504 0.07436280 -0.01545949
v -0.12944664 0.06412433 -0.01545949
v -0.12739206 0.06276818 -0.01890468
v -0.12008200 0.07282812 -0.01890468
v -0.12675939 0.06235162 -0.02253779
v -0.11949005 0.07235832 -0.02253779
v -0.12675939 0.06235162 -0.05509794
v -0.11949005 0.07235832 -0.05509794
v -0.12747036 0.06281829 -0.05886259
v -0.12015716 0.07288763 -0.05886259
v -0.12930883 0.06403037 -0.06213238
v -0.12187662 0.07425944 -0.06213238
v -0.13258802 0.06619770 -0.06477265
v -0.12494911 0.07671179 -0.06477265
v -0.07799434 0.12403300 -0.06477265
v -0.06261001 0.12200347 -0.06477265
v -0.07455855 0.11689520 -0.06477265
v -0.06539122 0.12942002 -0.06477265
v -0.08095093 0.13016856 -0.06477265
v -0.06778719 0.13579675 -0.06477265
v -0.08390753 0.13630726 -0.06408988
v -0.07018003 0.14217661 -0.06408988
v -0.08525429 0.13910413 -0.06213238
v -0.07126996 0.14507996 -0.06213238
v -0.07203103 0.14710322 -0.05886259
v -0.08619075 0.14105222 -0.05886259
v -0.07231604 0.14787056 -0.05509794
v -0.08654780 0.14178824 -0.05509794
v -0.07231604 0.14787056 -0.03306753
v -0.08654780 0.14178824 -0.03306753
v -0.08622207 0.14111173 -0.02902100
v -0.07205296 0.14716900 -0.02902100
v -0.08529500 0.13918869 -0.02559148
v -0.07130441 0.14516766 -0.02559148
v -0.07018003 0.14217661 -0.02334584
v -0.08390753 0.13630726 -0.02334584
v -0.06885520 0.13864372 -0.02249707
v -0.08226950 0.13290905 -0.02249707
v -0.08180910 0.13195066 -0.01898924
v -0.06847936 0.13764462 -0.01898924
v -0.08087263 0.13000883 -0.01587918
v -0.06772455 0.13563075 -0.01587918
v -0.06624625 0.13169071 -0.01298209
v -0.07904982 0.12621913 -0.01298209
v -0.06452679 0.12711174 -0.01192974
v -0.07692633 0.12181242 -0.01192974
v -0.06259748 0.12197215 -0.01289440
v -0.07454289 0.11686701 -0.01289440
v -0.06128518 0.11847998 -0.01545949
v -0.07292365 0.11350325 -0.01545949
v -0.07185877 0.11128581 -0.01890468
v -0.06042075 0.11617484 -0.01890468
v -0.07152991 0.11060617 -0.02253779
v -0.06015453 0.11546701 -0.02253779
v -0.06015453 0.11546701 -0.05509794
v -0.07152991 0.11060617 -0.05509794
v -0.06045520 0.11626254 -0.05886259
v -0.07189949 0.11137350 -0.05886259
v -0.06122880 0.11832338 -0.06213238
v -0.07285161 0.11335605 -0.06213238
v -0.07455855 0.11689520 -0.06477265
v -0.06261001 0.12200347 -0.06477265
v -0.01172147 0.13123657 -0.06477265
v 0.00197159 0.13854350 -0.06477265
v 0.00126063 0.13065402 -0.06477265
v -0.01172147 0.13915737 -0.06477265
v 0.00258232 0.14532739 -0.06477265
v -0.01172147 0.14597258 -0.06477265
v 0.00319306 0.15211441 -0.06408988
v -0.01172147 0.15278465 -0.06408988
v 0.00346868 0.15520568 -0.06213238
v -0.01172147 0.15588532 -0.06213238
v 0.00366286 0.15735735 -0.05886259
v -0.01172147 0.15804952 -0.05886259
v 0.00373803 0.15817167 -0.05509794
v -0.01172147 0.15886697 -0.05509794
v 0.00373803 0.15817167 -0.03306753
v -0.01172147 0.15886697 -0.03306753
v 0.00366912 0.15742626 -0.02902100
v -0.01172147 0.15811843 -0.02902100
v 0.00347807 0.15529964 -0.02559148
v -0.01172147 0.15598241 -0.02559148
v -0.01172147 0.15278465 -0.02334584
v 0.00319306 0.15211441 -0.02334584
v -0.01172147 0.14901374 -0.02249707
v 0.00285481 0.14835915 -0.02249707
v 0.00275772 0.14729741 -0.01898924
v -0.01172147 0.14794573 -0.01898924
v 0.00256353 0.14515200 -0.01587918
v -0.01172147 0.14579405 -0.01587918
v -0.01172147 0.14158779 -0.01298209
v 0.00218769 0.14096140 -0.01298209
v -0.01172147 0.13669563 -0.01192974
v 0.00174922 0.13609115 -0.01192974
v -0.01172147 0.13120525 -0.01289440
v 0.00125749 0.13062270 -0.01289440
v -0.01172147 0.12747505 -0.01545949
v 0.00092237 0.12690503 -0.01545949
v 0.00070313 0.12445582 -0.01890468
v -0.01172147 0.12501331 -0.01890468
v 0.00063423 0.12370101 -0.02253779
v -0.01172147 0.12425537 -0.02253779
v 0.00063423 0.12370101 -0.05509794
v -0.01172147 0.12425537 -0.05509794
v 0.00070940 0.12454978 -0.05886259
v -0.01172147 0.12510727 -0.05886259
v 0.00090671 0.12673904 -0.06213238
v -0.01172147 0.12730593 -0.06213238
v 0.00126063 0.13065402 -0.06477265
v -0.01172147 0.13123657 -0.06477265
v 0.00126063 0.13065402 -0.06477265
v 0.01555189 0.13670502 -0.06477265
v 0.01413623 0.12890950 -0.06477265
v 0.00197159 0.13854350 -0.06477265
v 0.01676710 0.14340748 -0.06477265
v 0.00258232 0.14532739 -0.06477265
v 0.01798544 0.15010993 -0.06408988
v 0.00319306 0.15211441 -0.06408988
v 0.01853980 0.15316362 -0.06213238
v 0.00346868 0.15520568 -0.06213238
v 0.00366286 0.15735735 -0.05886259
v 0.01892504 0.15529024 -0.05886259
v 0.00373803 0.15817167 -0.05509794
v 0.01907224 0.15609516 -0.05509794
v 0.01907224 0.15609516 -0.03306753
v 0.00373803 0.15817167 -0.03306753
v 0.01893757 0.15535915 -0.02902100
v 0.00366912 0.15742626 -0.02902100
v 0.01855546 0.15325758 -0.02559148
v 0.00347807 0.15529964 -0.02559148
v 0.00319306 0.15211441 -0.02334584
v 0.01798544 0.15010993 -0.02334584
v 0.00285481 0.14835915 -0.02249707
v 0.01731207 0.14639853 -0.02249707
v 0.01712101 0.14534931 -0.01898924
v 0.00275772 0.14729741 -0.01898924
v 0.01673578 0.14323209 -0.01587918
v 0.00256353 0.14515200 -0.01587918
v 0.00218769 0.14096140 -0.01298209
v 0.01598410 0.13909160 -0.01298209
v 0.00174922 0.13609115 -0.01192974
v 0.01511341 0.13428086 -0.01192974
v 0.00125749 0.13062270 -0.01289440
v 0.01413310 0.12887818 -0.01289440
v 0.00092237 0.12690503 -0.01545949
v 0.01346598 0.12520749 -0.01545949
v 0.01302751 0.12278647 -0.01890468
v 0.00070313 0.12445582 -0.01890468
v 0.01288970 0.12204105 -0.02253779
v 0.00063423 0.12370101 -0.02253779
v 0.01288970 0.12204105 -0.05509794
v 0.00063423 0.12370101 -0.05509794
v 0.00070940 0.12454978 -0.05886259
v 0.01304317 0.12287729 -0.05886259
v 0.00090671 0.12673904 -0.06213238
v 0.01343466 0.12504463 -0.06213238
v 0.01413623 0.12890950 -0.06477265
v 0.00126063 0.13065402 -0.06477265
v 0.02680825 0.12601868 -0.06477265
v 0.04194828 0.12942002 -0.06477265
v 0.03916708 0.12200347 -0.06477265
v 0.02891295 0.13365447 -0.06477265
v 0.04434426 0.13579675 -0.06477265
v 0.03072637 0.14022225 -0.06477265
v 0.04673709 0.14217661 -0.06408988
v 0.03253979 0.14679003 -0.06408988
v 0.04782703 0.14507996 -0.06213238
v 0.03336350 0.14977794 -0.06213238
v 0.03393979 0.15186385 -0.05886259
v 0.04858497 0.14710322 -0.05886259
v 0.03415590 0.15265311 -0.05509794
v 0.04887311 0.14787056 -0.05509794
v 0.04887311 0.14787056 -0.03306753
v 0.03415590 0.15265311 -0.03306753
v 0.04861002 0.14716900 -0.02902100
v 0.03395858 0.15192962 -0.02902100
v 0.04786148 0.14516766 -0.02559148
v 0.03338856 0.14987190 -0.02559148
v 0.03253979 0.14679003 -0.02334584
v 0.04673709 0.14217661 -0.02334584
v 0.03153442 0.14315379 -0.02249707
v 0.04541226 0.13864372 -0.02249707
v 0.04503643 0.13764462 -0.01898924
v 0.03125254 0.14212649 -0.01898924
v 0.04428162 0.13563075 -0.01587918
v 0.03067939 0.14004999 -0.01587918
v 0.02956127 0.13599406 -0.01298209
v 0.04280332 0.13169071 -0.01298209
v 0.02825836 0.13128042 -0.01192974
v 0.04108386 0.12711174 -0.01192974
v 0.02679886 0.12598736 -0.01289440
v 0.03915455 0.12197215 -0.01289440
v 0.02580602 0.12238870 -0.01545949
v 0.03784225 0.11847998 -0.01545949
v 0.03697782 0.11617484 -0.01890468
v 0.02515143 0.12001779 -0.01890468
v 0.03671160 0.11546701 -0.02253779
v 0.02495098 0.11928804 -0.02253779
v 0.03671160 0.11546701 -0.05509794
v 0.02495098 0.11928804 -0.05509794
v 0.02517649 0.12010862 -0.05886259
v 0.03701227 0.11626254 -0.05886259
v 0.02576217 0.12222897 -0.06213238
v 0.03778587 0.11832338 -0.06213238
v 0.03916708 0.12200347 -0.06477265
v 0.02680825 0.12601868 -0.06477265
v 0.07340284 0.10357798 -0.06477265
v 0.08877464 0.10144197 -0.06477265
v 0.08356301 0.09547553 -0.06477265
v 0.07806011 0.10998603 -0.06477265
v 0.09325652 0.10657216 -0.06477265
v 0.08206279 0.11549833 -0.06477265
v 0.09773839 0.11170236 -0.06408988
v 0.08606860 0.12101063 -0.06408988
v 0.09978045 0.11403882 -0.06213238
v 0.08789142 0.12351935 -0.06213238
v 0.08916301 0.12527013 -0.05886259
v 0.10120237 0.11566746 -0.05886259
v 0.08964533 0.12593098 -0.05509794
v 0.10174107 0.11628446 -0.05509794
v 0.10174107 0.11628446 -0.03306753
v 0.08964533 0.12593098 -0.03306753
v 0.10124935 0.11571757 -0.02902100
v 0.08920372 0.12532338 -0.02902100
v 0.09984309 0.11411086 -0.02559461
v 0.08794780 0.12359765 -0.02559461
v 0.08606860 0.12101063 -0.02334584
v 0.09773839 0.11170236 -0.02334584
v 0.08385116 0.11796007 -0.02249707
v 0.09525786 0.10886165 -0.02249707
v 0.09455629 0.10805986 -0.01898924
v 0.08322476 0.11709564 -0.01898924
v 0.09314063 0.10643749 -0.01587918
v 0.08195943 0.11535426 -0.01587918
v 0.07948516 0.11194979 -0.01298209
v 0.09037195 0.10327105 -0.01298209
v 0.07661000 0.10799409 -0.01192974
v 0.08715540 0.09958470 -0.01192974
v 0.07338405 0.10355293 -0.01289440
v 0.08354109 0.09545047 -0.01289440
v 0.07119166 0.10053369 -0.01545949
v 0.08108561 0.09264108 -0.01545949
v 0.07946637 0.09078694 -0.01890468
v 0.06974468 0.09854175 -0.01890468
v 0.07897152 0.09022005 -0.02253779
v 0.06929994 0.09793101 -0.02253779
v 0.07897152 0.09022005 -0.05509794
v 0.06929994 0.09793101 -0.05509794
v 0.06980106 0.09862005 -0.05886259
v 0.07952901 0.09085898 -0.05886259
v 0.07109457 0.10039902 -0.06213238
v 0.08097912 0.09251580 -0.06213238
v 0.08356301 0.09547553 -0.06477265
v 0.07340284 0.10357798 -0.06477265
v 0.08356301 0.09547553 -0.06477265
v 0.09868112 0.09197083 -0.06477265
v 0.09295585 0.08649612 -0.06477265
v 0.08877464 0.10144197 -0.06477265
v 0.10360461 0.09667821 -0.06477265
v 0.09325652 0.10657216 -0.06477265
v 0.10853122 0.10138559 -0.06408988
v 0.09773839 0.11170236 -0.06408988
v 0.11077373 0.10353100 -0.06213238
v 0.09978045 0.11403882 -0.06213238
v 0.10120237 0.11566746 -0.05886259
v 0.11233346 0.10502496 -0.05886259
v 0.10174107 0.11628446 -0.05509794
v 0.11292540 0.10558872 -0.05509794
v 0.11292540 0.10558872 -0.03306753
v 0.10174107 0.11628446 -0.03306753
v 0.11238357 0.10507194 -0.02902100
v 0.10124935 0.11571757 -0.02902100
v 0.11083950 0.10359678 -0.02559461
v 0.09984309 0.11411086 -0.02559461
v 0.09773839 0.11170236 -0.02334584
v 0.10853122 0.10138559 -0.02334584
v 0.09525786 0.10886165 -0.02249707
v 0.10580326 0.09877978 -0.02249707
v 0.10503279 0.09804376 -0.01898924
v 0.09455629 0.10805986 -0.01898924
v 0.10347619 0.09655607 -0.01587918
v 0.09314063 0.10643749 -0.01587918
v 0.09037195 0.10327105 -0.01298209
v 0.10043503 0.09364645 -0.01298209
v 0.08715540 0.09958470 -0.01192974
v 0.09690215 0.09026703 -0.01192974
v 0.08354109 0.09545047 -0.01289440
v 0.09293392 0.08647420 -0.01289440
v 0.08108561 0.09264108 -0.01545949
v 0.09023728 0.08389657 -0.01545949
v 0.08845518 0.08219277 -0.01890468
v 0.07946637 0.09078694 -0.01890468
v 0.08791021 0.08167286 -0.02253779
v 0.07897152 0.09022005 -0.02253779
v 0.08791021 0.08167286 -0.05509794
v 0.07897152 0.09022005 -0.05509794
v 0.07952901 0.09085898 -0.05886259
v 0.08852408 0.08225854 -0.05886259
v 0.08097912 0.09251580 -0.06213238
v 0.09011513 0.08378069 -0.06213238
v 0.09295585 0.08649612 -0.06477265
v 0.08356301 0.09547553 -0.06477265
v 0.09295585 0.08649612 -0.06477265
v 0.10769811 0.08164780 -0.06477265
v 0.10150617 0.07671179 -0.06477265
v 0.09868112 0.09197083 -0.06477265
v 0.11302563 0.08589478 -0.06477265
v 0.10360461 0.09667821 -0.06477265
v 0.11835314 0.09014489 -0.06408988
v 0.10853122 0.10138559 -0.06408988
v 0.12077730 0.09207732 -0.06213238
v 0.11077373 0.10353100 -0.06213238
v 0.11233346 0.10502496 -0.05886259
v 0.12246857 0.09342721 -0.05886259
v 0.11292540 0.10558872 -0.05509794
v 0.12310750 0.09393772 -0.05509794
v 0.11292540 0.10558872 -0.03306753
v 0.12310750 0.09393772 -0.03306753
v 0.11238357 0.10507194 -0.02902100
v 0.12252181 0.09346793 -0.02902100
v 0.11083950 0.10359678 -0.02559461
v 0.12085246 0.09213683 -0.02559461
v 0.10853122 0.10138559 -0.02334584
v 0.11835314 0.09014489 -0.02334584
v 0.10580326 0.09877978 -0.02249707
v 0.11540281 0.08779276 -0.02249707
v 0.10503279 0.09804376 -0.01898924
v 0.11456970 0.08712878 -0.01898924
v 0.10347619 0.09655607 -0.01587918
v 0.11288782 0.08578516 -0.01587918
v 0.10043503 0.09364645 -0.01298209
v 0.10959610 0.08316368 -0.01298209
v 0.09690215 0.09026703 -0.01192974
v 0.10577194 0.08011313 -0.01192974
v 0.09293392 0.08647420 -0.01289440
v 0.10148112 0.07668986 -0.01289440
v 0.09023728 0.08389657 -0.01545949
v 0.09856210 0.07436280 -0.01545949
v 0.08845518 0.08219277 -0.01890468
v 0.09663906 0.07282812 -0.01890468
v 0.08791021 0.08167286 -0.02253779
v 0.09604712 0.07235832 -0.02253779
v 0.08791021 0.08167286 -0.05509794
v 0.09604712 0.07235832 -0.05509794
v 0.08852408 0.08225854 -0.05886259
v 0.09671423 0.07288763 -0.05886259
v 0.09011513 0.08378069 -0.06213238
v 0.09843369 0.07425944 -0.06213238
v 0.10150617 0.07671179 -0.06477265
v 0.09295585 0.08649612 -0.06477265
v 0.10914509 0.06619770 -0.06477265
v 0.12278490 0.05879368 -0.06477265
v 0.11580996 0.05504156 -0.06477265
v 0.11575359 0.07056056 -0.06477265
v 0.12878266 0.06202276 -0.06477265
v 0.12144128 0.07431269 -0.06477265
v 0.13478355 0.06525184 -0.06408988
v 0.12712584 0.07806794 -0.06408988
v 0.13751464 0.06672075 -0.06213238
v 0.12971599 0.07977487 -0.06213238
v 0.13152002 0.08096816 -0.05886259
v 0.13941889 0.06774491 -0.05886259
v 0.13220279 0.08141917 -0.05509794
v 0.14013925 0.06813327 -0.05509794
v 0.13220279 0.08141917 -0.03306753
v 0.14013925 0.06813327 -0.03306753
v 0.13157639 0.08100574 -0.02902100
v 0.13947840 0.06777936 -0.02902100
v 0.12979429 0.07982812 -0.02559461
v 0.13759921 0.06676773 -0.02559461
v 0.12712584 0.07806794 -0.02334584
v 0.13478355 0.06525184 -0.02334584
v 0.12397819 0.07598830 -0.02249707
v 0.13146364 0.06346348 -0.02249707
v 0.12308870 0.07540262 -0.01898924
v 0.13052404 0.06295923 -0.01898924
v 0.12129094 0.07421559 -0.01587918
v 0.12862606 0.06193820 -0.01587918
v 0.11777998 0.07189792 -0.01298209
v 0.12492405 0.05994626 -0.01298209
v 0.11369900 0.06920441 -0.01192974
v 0.12061443 0.05762858 -0.01192974
v 0.10911690 0.06617891 -0.01289440
v 0.11578178 0.05502590 -0.01289440
v 0.10600371 0.06412433 -0.01545949
v 0.11249632 0.05325633 -0.01545949
v 0.10394912 0.06276818 -0.01890468
v 0.11032898 0.05209123 -0.01890468
v 0.10331646 0.06235162 -0.02253779
v 0.10966187 0.05173418 -0.02253779
v 0.10331646 0.06235162 -0.05509794
v 0.10966187 0.05173418 -0.05509794
v 0.10402742 0.06281829 -0.05886259
v 0.11041042 0.05213508 -0.05886259
v 0.10586590 0.06403037 -0.06213238
v 0.11234912 0.05317803 -0.06213238
v 0.11580996 0.05504156 -0.06477265
v 0.10914509 0.06619770 -0.06477265
v 0.11580996 0.05504156 -0.06477265
v 0.12873255 0.04644739 -0.06477265
v 0.12144754 0.04333419 -0.06477265
v 0.12278490 0.05879368 -0.06477265
v 0.13499652 0.04912524 -0.06477265
v 0.12878266 0.06202276 -0.06477265
v 0.14126050 0.05179995 -0.06408988
v 0.13478355 0.06525184 -0.06408988
v 0.14411374 0.05302143 -0.06213238
v 0.13751464 0.06672075 -0.06213238
v 0.13941889 0.06774491 -0.05886259
v 0.14610255 0.05387020 -0.05886259
v 0.14013925 0.06813327 -0.05509794
v 0.14685423 0.05419279 -0.05509794
v 0.14013925 0.06813327 -0.03306753
v 0.14685423 0.05419279 -0.03306753
v 0.13947840 0.06777936 -0.02902100
v 0.14616519 0.05389839 -0.02902100
v 0.13759921 0.06676773 -0.02559461
v 0.14420144 0.05305901 -0.02559461
v 0.13478355 0.06525184 -0.02334584
v 0.14126050 0.05179995 -0.02334584
v 0.13146364 0.06346348 -0.02249707
v 0.13779339 0.05031852 -0.02249707
v 0.13052404 0.06295923 -0.01898924
v 0.13681308 0.04989884 -0.01898924
v 0.12862606 0.06193820 -0.01587918
v 0.13483366 0.04905320 -0.01587918
v 0.12492405 0.05994626 -0.01298209
v 0.13096252 0.04739951 -0.01298209
v 0.12061443 0.05762858 -0.01192974
v 0.12646499 0.04547647 -0.01192974
v 0.11578178 0.05502590 -0.01289440
v 0.12141622 0.04332166 -0.01289440
v 0.11249632 0.05325633 -0.01545949
v 0.11798670 0.04185276 -0.01545949
v 0.11032898 0.05209123 -0.01890468
v 0.11572227 0.04088497 -0.01890468
v 0.10966187 0.05173418 -0.02253779
v 0.11502697 0.04059057 -0.02253779
v 0.10966187 0.05173418 -0.05509794
v 0.11502697 0.04059057 -0.05509794
v 0.11041042 0.05213508 -0.05886259
v 0.11580996 0.04092256 -0.05886259
v 0.11234912 0.05317803 -0.06213238
v 0.11783323 0.04178699 -0.06213238
v 0.12144754 0.04333419 -0.06477265
v 0.11580996 0.05504156 -0.06477265
v 0.12947170 0.01864159 -0.06477265
v 0.13964126 0.00691856 -0.06477265
v 0.13179250 0.00585369 -0.06477265
v 0.13719205 0.02040177 -0.06477265
v 0.14639070 0.00783310 -0.06477265
v 0.14383499 0.02191765 -0.06477265
v 0.15314326 0.00874764 -0.06408988
v 0.15047794 0.02343354 -0.06408988
v 0.15621574 0.00916420 -0.06213238
v 0.15350344 0.02412571 -0.06213238
v 0.15560814 0.02460490 -0.05886259
v 0.15835802 0.00945234 -0.05886259
v 0.15640680 0.02478969 -0.05509794
v 0.15917234 0.00956196 -0.05509794
v 0.15640680 0.02478969 -0.03306753
v 0.15917234 0.00956196 -0.03306753
v 0.15567704 0.02462056 -0.02902100
v 0.15842693 0.00946174 -0.02902100
v 0.15359427 0.02414763 -0.02559461
v 0.15630970 0.00917673 -0.02559461
v 0.15047794 0.02343354 -0.02334584
v 0.15314326 0.00874764 -0.02334584
v 0.14680099 0.02259416 -0.02249707
v 0.14940680 0.00824026 -0.02249707
v 0.14576117 0.02235926 -0.01898924
v 0.14834819 0.00809619 -0.01898924
v 0.14366273 0.02188007 -0.01587918
v 0.14621531 0.00780805 -0.01587918
v 0.13955983 0.02094361 -0.01298209
v 0.14204663 0.00724429 -0.01298209
v 0.13479294 0.01985367 -0.01192974
v 0.13719831 0.00658657 -0.01192974
v 0.12944038 0.01863220 -0.01289440
v 0.13175805 0.00585055 -0.01289440
v 0.12580101 0.01780222 -0.01545949
v 0.12806230 0.00534944 -0.01545949
v 0.12340190 0.01725412 -0.01890468
v 0.12562248 0.00501745 -0.01890468
v 0.12266589 0.01708813 -0.02253779
v 0.12487394 0.00491722 -0.02253779
v 0.12266589 0.01708813 -0.05509794
v 0.12487394 0.00491722 -0.05509794
v 0.12349586 0.01727605 -0.05886259
v 0.12571644 0.00502997 -0.05886259
v 0.12563814 0.01776464 -0.06213238
v 0.12789631 0.00532751 -0.06213238
v 0.13179250 0.00585369 -0.06477265
v 0.12947170 0.01864159 -0.06477265
v 0.13179250 0.00585369 -0.06477265
v 0.14086900 -0.00673377 -0.06477265
v 0.13295760 -0.00708769 -0.06477265
v 0.13964126 0.00691856 -0.06477265
v 0.14767481 -0.00642684 -0.06477265
v 0.14639070 0.00783310 -0.06477265
v 0.15448062 -0.00612304 -0.06408988
v 0.15314326 0.00874764 -0.06408988
v 0.15758129 -0.00598210 -0.06213238
v 0.15621574 0.00916420 -0.06213238
v 0.15835802 0.00945234 -0.05886259
v 0.15973923 -0.00588501 -0.05886259
v 0.15917234 0.00956196 -0.05509794
v 0.16055981 -0.00585055 -0.05509794
v 0.15917234 0.00956196 -0.03306753
v 0.16055981 -0.00585055 -0.03306753
v 0.15842693 0.00946174 -0.02902100
v 0.15980813 -0.00588187 -0.02902100
v 0.15630970 0.00917673 -0.02559461
v 0.15767525 -0.00597897 -0.02559461
v 0.15314326 0.00874764 -0.02334584
v 0.15448062 -0.00612304 -0.02334584
v 0.14940680 0.00824026 -0.02249707
v 0.15071284 -0.00629216 -0.02249707
v 0.14834819 0.00809619 -0.01898924
v 0.14964796 -0.00633914 -0.01898924
v 0.14621531 0.00780805 -0.01587918
v 0.14749629 -0.00643624 -0.01587918
v 0.14204663 0.00724429 -0.01298209
v 0.14329629 -0.00662416 -0.01298209
v 0.13719831 0.00658657 -0.01192974
v 0.13840726 -0.00684339 -0.01192974
v 0.13175805 0.00585055 -0.01289440
v 0.13292315 -0.00709082 -0.01289440
v 0.12806230 0.00534944 -0.01545949
v 0.12919608 -0.00725682 -0.01545949
v 0.12562248 0.00501745 -0.01890468
v 0.12673747 -0.00736644 -0.01890468
v 0.12487394 0.00491722 -0.02253779
v 0.12598266 -0.00740089 -0.02253779
v 0.12487394 0.00491722 -0.05509794
v 0.12598266 -0.00740089 -0.05509794
v 0.12571644 0.00502997 -0.05886259
v 0.12683143 -0.00736330 -0.05886259
v 0.12789631 0.00532751 -0.06213238
v 0.12903009 -0.00726621 -0.06213238
v 0.13295760 -0.00708769 -0.06477265
v 0.13179250 0.00585369 -0.06477265
v 0.13295760 -0.00708769 -0.06477265
v 0.14086900 -0.02043936 -0.06477265
v 0.13295760 -0.02008231 -0.06477265
v 0.14086900 -0.00673377 -0.06477265
v 0.14767481 -0.02074316 -0.06477265
v 0.14767481 -0.00642684 -0.06477265
v 0.15448062 -0.02105009 -0.06408988
v 0.15448062 -0.00612304 -0.06408988
v 0.15758129 -0.02119103 -0.06213238
v 0.15758129 -0.00598210 -0.06213238
v 0.15973923 -0.00588501 -0.05886259
v 0.15973923 -0.02128499 -0.05886259
v 0.16055981 -0.00585055 -0.05509794
v 0.16055981 -0.02132258 -0.05509794
v 0.16055981 -0.00585055 -0.03306753
v 0.16055981 -0.02132258 -0.03306753
v 0.15980813 -0.00588187 -0.02902100
v 0.15980813 -0.02128812 -0.02902100
v 0.15767525 -0.00597897 -0.02559461
v 0.15767525 -0.02119416 -0.02559461
v 0.15448062 -0.00612304 -0.02334584
v 0.15448062 -0.02105009 -0.02334584
v 0.15071284 -0.00629216 -0.02249707
v 0.15071284 -0.02088097 -0.02249707
v 0.14964796 -0.00633914 -0.01898924
v 0.14964796 -0.02083399 -0.01898924
v 0.14749629 -0.00643624 -0.01587918
v 0.14749629 -0.02073689 -0.01587918
v 0.14329629 -0.00662416 -0.01298209
v 0.14329629 -0.02054897 -0.01298209
v 0.13840726 -0.00684339 -0.01192974
v 0.13840726 -0.02032974 -0.01192974
v 0.13292315 -0.00709082 -0.01289440
v 0.13292315 -0.02008231 -0.01289440
v 0.12919608 -0.00725682 -0.01545949
v 0.12919608 -0.01991631 -0.01545949
v 0.12673747 -0.00736644 -0.01890468
v 0.12673747 -0.01980356 -0.01890468
v 0.12598266 -0.00740089 -0.02253779
v 0.12598266 -0.01976911 -0.02253779
v 0.12598266 -0.00740089 -0.05509794
v 0.12598266 -0.01976911 -0.05509794
v 0.12683143 -0.00736330 -0.05886259
v 0.12683143 -0.01980983 -0.05886259
v 0.12903009 -0.00726621 -0.06213238
v 0.12903009 -0.01990692 -0.06213238
v 0.13295760 -0.02008231 -0.06477265
v 0.13295760 -0.00708769 -0.06477265
v 0.13964126 -0.03408856 -0.06477265
v 0.12947170 -0.04581159 -0.06477265
v 0.13179250 -0.03302682 -0.06477265
v 0.13719205 -0.04757490 -0.06477265
v 0.14639070 -0.03500310 -0.06477265
v 0.14383499 -0.04909078 -0.06477265
v 0.15314326 -0.03591764 -0.06408988
v 0.15047794 -0.05060667 -0.06408988
v 0.15621574 -0.03633420 -0.06213238
v 0.15350344 -0.05129884 -0.06213238
v 0.15835802 -0.03662547 -0.05886259
v 0.15560814 -0.05177803 -0.05886259
v 0.15917234 -0.03673509 -0.05509794
v 0.15640680 -0.05195969 -0.05509794
v 0.15917234 -0.03673509 -0.03306753
v 0.15640680 -0.05195969 -0.03306753
v 0.15842693 -0.03663487 -0.02902100
v 0.15567704 -0.05179369 -0.02902100
v 0.15630970 -0.03634672 -0.02559461
v 0.15359427 -0.05131763 -0.02559461
v 0.15047794 -0.05060667 -0.02334584
v 0.15314326 -0.03591764 -0.02334584
v 0.14680099 -0.04976729 -0.02249707
v 0.14940680 -0.03541339 -0.02249707
v 0.14834819 -0.03526932 -0.01898924
v 0.14576117 -0.04952926 -0.01898924
v 0.14621531 -0.03498118 -0.01587918
v 0.14366273 -0.04905007 -0.01587918
v 0.13955983 -0.04811674 -0.01298209
v 0.14204663 -0.03441429 -0.01298209
v 0.13479294 -0.04702680 -0.01192974
v 0.13719831 -0.03375970 -0.01192974
v 0.12944038 -0.04580533 -0.01289440
v 0.13175805 -0.03302055 -0.01289440
v 0.12580101 -0.04497535 -0.01545949
v 0.12806230 -0.03252257 -0.01545949
v 0.12562248 -0.03219058 -0.01890468
v 0.12340190 -0.04442725 -0.01890468
v 0.12487394 -0.03209035 -0.02253779
v 0.12266589 -0.04425813 -0.02253779
v 0.12487394 -0.03209035 -0.05509794
v 0.12266589 -0.04425813 -0.05509794
v 0.12571644 -0.03220310 -0.05886259
v 0.12349586 -0.04444918 -0.05886259
v 0.12789631 -0.03249751 -0.06213238
v 0.12563814 -0.04493777 -0.06213238
v 0.13179250 -0.03302682 -0.06477265
v 0.12947170 -0.04581159 -0.06477265
v 0.13719205 -0.04757490 -0.06477265
v 0.12601398 -0.05833955 -0.06477265
v 0.12947170 -0.04581159 -0.06477265
v 0.13354641 -0.06078563 -0.06477265
v 0.14383499 -0.04909078 -0.06477265
v 0.14002650 -0.06289346 -0.06477265
v 0.15047794 -0.05060667 -0.06408988
v 0.14650658 -0.06499815 -0.06408988
v 0.15350344 -0.05129884 -0.06213238
v 0.14945691 -0.06595654 -0.06213238
v 0.15560814 -0.05177803 -0.05886259
v 0.15151150 -0.06662365 -0.05886259
v 0.15640680 -0.05195969 -0.05509794
v 0.15229136 -0.06687735 -0.05509794
v 0.15640680 -0.05195969 -0.03306753
v 0.15229136 -0.06687735 -0.03306753
v 0.15567704 -0.05179369 -0.02902100
v 0.15157727 -0.06664558 -0.02902100
v 0.15359427 -0.05131763 -0.02559461
v 0.14954774 -0.06598473 -0.02559461
v 0.14650658 -0.06499815 -0.02334584
v 0.15047794 -0.05060667 -0.02334584
v 0.14292045 -0.06383305 -0.02249707
v 0.14680099 -0.04976729 -0.02249707
v 0.14576117 -0.04952926 -0.01898924
v 0.14190569 -0.06350106 -0.01898924
v 0.14366273 -0.04905007 -0.01587918
v 0.13985737 -0.06283708 -0.01587918
v 0.13585782 -0.06153731 -0.01298209
v 0.13955983 -0.04811674 -0.01298209
v 0.13120369 -0.06002455 -0.01192974
v 0.13479294 -0.04702680 -0.01192974
v 0.12598266 -0.05833015 -0.01289440
v 0.12944038 -0.04580533 -0.01289440
v 0.12243412 -0.05717758 -0.01545949
v 0.12580101 -0.04497535 -0.01545949
v 0.12340190 -0.04442725 -0.01890468
v 0.12009452 -0.05641650 -0.01890468
v 0.12266589 -0.04425813 -0.02253779
v 0.11937417 -0.05618161 -0.02253779
v 0.12266589 -0.04425813 -0.05509794
v 0.11937417 -0.05618161 -0.05509794
v 0.12349586 -0.04444918 -0.05886259
v 0.12018535 -0.05644469 -0.05886259
v 0.12563814 -0.04493777 -0.06213238
v 0.12227752 -0.05712433 -0.06213238
v 0.12947170 -0.04581159 -0.06477265
v 0.12601398 -0.05833955 -0.06477265
v 0.13354641 -0.06078563 -0.06477265
v 0.12144754 -0.07050419 -0.06477265
v 0.12601398 -0.05833955 -0.06477265
v 0.12873255 -0.07361738 -0.06477265
v 0.14002650 -0.06289346 -0.06477265
v 0.13499652 -0.07629523 -0.06477265
v 0.14650658 -0.06499815 -0.06408988
v 0.14126050 -0.07897308 -0.06408988
v 0.14945691 -0.06595654 -0.06213238
v 0.14411374 -0.08019456 -0.06213238
v 0.15151150 -0.06662365 -0.05886259
v 0.14610255 -0.08104333 -0.05886259
v 0.15229136 -0.06687735 -0.05509794
v 0.14685423 -0.08136592 -0.05509794
v 0.15229136 -0.06687735 -0.03306753
v 0.14685423 -0.08136592 -0.03306753
v 0.15157727 -0.06664558 -0.02902100
v 0.14616519 -0.08106838 -0.02902100
v 0.14954774 -0.06598473 -0.02559461
v 0.14420144 -0.08022901 -0.02559461
v 0.14126050 -0.07897308 -0.02334584
v 0.14650658 -0.06499815 -0.02334584
v 0.13779339 -0.07749165 -0.02249707
v 0.14292045 -0.06383305 -0.02249707
v 0.14190569 -0.06350106 -0.01898924
v 0.13681308 -0.07707197 -0.01898924
v 0.13985737 -0.06283708 -0.01587918
v 0.13483366 -0.07622633 -0.01587918
v 0.13096252 -0.07457264 -0.01298209
v 0.13585782 -0.06153731 -0.01298209
v 0.12646499 -0.07264960 -0.01192974
v 0.13120369 -0.06002455 -0.01192974
v 0.12141622 -0.07049166 -0.01289440
v 0.12598266 -0.05833015 -0.01289440
v 0.11798670 -0.06902589 -0.01545949
v 0.12243412 -0.05717758 -0.01545949
v 0.12009452 -0.05641650 -0.01890468
v 0.11572227 -0.06805810 -0.01890468
v 0.11937417 -0.05618161 -0.02253779
v 0.11502697 -0.06776057 -0.02253779
v 0.11937417 -0.05618161 -0.05509794
v 0.11502697 -0.06776057 -0.05509794
v 0.12018535 -0.05644469 -0.05886259
v 0.11580996 -0.06809569 -0.05886259
v 0.12227752 -0.05712433 -0.06213238
v 0.11783323 -0.06896012 -0.06213238
v 0.12601398 -0.05833955 -0.06477265
v 0.12144754 -0.07050419 -0.06477265
v 0.06662209 -0.14471039 -0.06477265
v 0.05111561 -0.14406833 -0.06477265
v 0.06255990 -0.13791084 -0.06477265
v 0.05455141 -0.15120300 -0.06477265
v 0.07011425 -0.15055781 -0.06477265
v 0.05750800 -0.15734169 -0.06477265
v 0.07360955 -0.15640523 -0.06408988
v 0.06046460 -0.16348039 -0.06408988
v 0.07520060 -0.15907055 -0.06213238
v 0.06181135 -0.16627726 -0.06213238
v 0.06274782 -0.16822222 -0.05886259
v 0.07630933 -0.16092469 -0.05886259
v 0.06310173 -0.16896137 -0.05509794
v 0.07672901 -0.16162939 -0.05509794
v 0.06310173 -0.16896137 -0.03306753
v 0.07672901 -0.16162939 -0.03306753
v 0.07634378 -0.16098420 -0.02902100
v 0.06277914 -0.16828486 -0.02902100
v 0.07525072 -0.15915198 -0.02559148
v 0.06185207 -0.16636182 -0.02559148
v 0.06046460 -0.16348039 -0.02334584
v 0.07360955 -0.15640523 -0.02334584
v 0.05882657 -0.16008218 -0.02249707
v 0.07167399 -0.15316989 -0.02249707
v 0.07112902 -0.15225221 -0.01898924
v 0.05836617 -0.15912066 -0.01898924
v 0.07002343 -0.15040434 -0.01587918
v 0.05742970 -0.15718196 -0.01587918
v 0.05560689 -0.15339226 -0.01298209
v 0.06786549 -0.14679316 -0.01298209
v 0.05348340 -0.14898555 -0.01192974
v 0.06535676 -0.14259316 -0.01192974
v 0.05109995 -0.14403701 -0.01289440
v 0.06254111 -0.13788265 -0.01289440
v 0.04948072 -0.14067638 -0.01545949
v 0.06062746 -0.13467863 -0.01545949
v 0.05936527 -0.13256453 -0.01890468
v 0.04841271 -0.13845894 -0.01890468
v 0.05897690 -0.13191621 -0.02253779
v 0.04808698 -0.13777616 -0.02253779
v 0.04808698 -0.13777616 -0.05509794
v 0.05897690 -0.13191621 -0.05509794
v 0.04845656 -0.13854350 -0.05886259
v 0.05941538 -0.13264910 -0.05886259
v 0.04940868 -0.14052605 -0.06213238
v 0.06054290 -0.13453456 -0.06213238
v 0.06255990 -0.13791084 -0.06477265
v 0.05111561 -0.14406833 -0.06477265
v 0.01555189 -0.16387502 -0.06477265
v 0.00126063 -0.15782715 -0.06477265
v 0.01413623 -0.15608263 -0.06477265
v 0.00197159 -0.16571663 -0.06477265
v 0.01676710 -0.17058061 -0.06477265
v 0.00258232 -0.17250052 -0.06477265
v 0.01798544 -0.17728306 -0.06408988
v 0.00319306 -0.17928754 -0.06408988
v 0.01853980 -0.18033675 -0.06213238
v 0.00346868 -0.18237568 -0.06213238
v 0.00366286 -0.18453048 -0.05886259
v 0.01892504 -0.18246337 -0.05886259
v 0.00373803 -0.18534480 -0.05509794
v 0.01907224 -0.18326829 -0.05509794
v 0.00373803 -0.18534480 -0.03306753
v 0.01907224 -0.18326829 -0.03306753
v 0.01893757 -0.18252914 -0.02902100
v 0.00366912 -0.18459939 -0.02902100
v 0.01855546 -0.18042758 -0.02559148
v 0.00347807 -0.18246964 -0.02559148
v 0.00319306 -0.17928754 -0.02334584
v 0.01798544 -0.17728306 -0.02334584
v 0.00285481 -0.17552915 -0.02249707
v 0.01731207 -0.17357166 -0.02249707
v 0.01712101 -0.17252244 -0.01898924
v 0.00275772 -0.17446741 -0.01898924
v 0.01673578 -0.17040522 -0.01587918
v 0.00256353 -0.17232513 -0.01587918
v 0.00218769 -0.16813453 -0.01298209
v 0.01598410 -0.16626473 -0.01298209
v 0.00174922 -0.16326115 -0.01192974
v 0.01511341 -0.16145086 -0.01192974
v 0.00125749 -0.15779583 -0.01289440
v 0.01413310 -0.15605131 -0.01289440
v 0.00092237 -0.15407816 -0.01545949
v 0.01346598 -0.15238062 -0.01545949
v 0.01302751 -0.14995647 -0.01890468
v 0.00070313 -0.15162582 -0.01890468
v 0.01288970 -0.14921418 -0.02253779
v 0.00063423 -0.15087414 -0.02253779
v 0.00063423 -0.15087414 -0.05509794
v 0.01288970 -0.14921418 -0.05509794
v 0.00070940 -0.15172291 -0.05886259
v 0.01304317 -0.15005043 -0.05886259
v 0.00090671 -0.15391217 -0.06213238
v 0.01343466 -0.15221463 -0.06213238
v 0.01413623 -0.15608263 -0.06477265
v 0.00126063 -0.15782715 -0.06477265
v 0.00197159 -0.16571663 -0.06477265
v -0.01172147 -0.15840970 -0.06477265
v 0.00126063 -0.15782715 -0.06477265
v -0.01172147 -0.16633050 -0.06477265
v 0.00258232 -0.17250052 -0.06477265
v -0.01172147 -0.17314257 -0.06477265
v 0.00319306 -0.17928754 -0.06408988
v -0.01172147 -0.17995778 -0.06408988
v 0.00346868 -0.18237568 -0.06213238
v -0.01172147 -0.18305845 -0.06213238
v -0.01172147 -0.18521952 -0.05886259
v 0.00366286 -0.18453048 -0.05886259
v -0.01172147 -0.18604010 -0.05509794
v 0.00373803 -0.18534480 -0.05509794
v -0.01172147 -0.18604010 -0.03306753
v 0.00373803 -0.18534480 -0.03306753
v -0.01172147 -0.18528842 -0.02902100
v 0.00366912 -0.18459939 -0.02902100
v -0.01172147 -0.18315241 -0.02559148
v 0.00347807 -0.18246964 -0.02559148
v -0.01172147 -0.17995778 -0.02334584
v 0.00319306 -0.17928754 -0.02334584
v -0.01172147 -0.17618373 -0.02249707
v 0.00285481 -0.17552915 -0.02249707
v -0.01172147 -0.17511886 -0.01898924
v 0.00275772 -0.17446741 -0.01898924
v -0.01172147 -0.17296718 -0.01587918
v 0.00256353 -0.17232513 -0.01587918
v -0.01172147 -0.16875779 -0.01298209
v 0.00218769 -0.16813453 -0.01298209
v -0.01172147 -0.16386563 -0.01192974
v 0.00174922 -0.16326115 -0.01192974
v -0.01172147 -0.15837838 -0.01289440
v 0.00125749 -0.15779583 -0.01289440
v -0.01172147 -0.15464505 -0.01545949
v 0.00092237 -0.15407816 -0.01545949
v -0.01172147 -0.15218331 -0.01890468
v 0.00070313 -0.15162582 -0.01890468
v -0.01172147 -0.15142850 -0.02253779
v 0.00063423 -0.15087414 -0.02253779
v -0.01172147 -0.15142850 -0.05509794
v 0.00063423 -0.15087414 -0.05509794
v -0.01172147 -0.15228040 -0.05886259
v 0.00070940 -0.15172291 -0.05886259
v -0.01172147 -0.15447906 -0.06213238
v 0.00090671 -0.15391217 -0.06213238
v 0.00126063 -0.15782715 -0.06477265
v -0.01172147 -0.15840970 -0.06477265
v -0.02470356 -0.15782715 -0.06477265
v -0.03899482 -0.16387502 -0.06477265
v -0.03758229 -0.15608263 -0.06477265
v -0.02541452 -0.16571663 -0.06477265
v -0.04021316 -0.17058061 -0.06477265
v -0.02602526 -0.17250052 -0.06477265
v -0.04142837 -0.17728306 -0.06408988
v -0.02663599 -0.17928754 -0.06408988
v -0.04198274 -0.18033675 -0.06213238
v -0.02691161 -0.18237568 -0.06213238
v -0.02710579 -0.18453048 -0.05886259
v -0.04236797 -0.18246337 -0.05886259
v -0.02718096 -0.18534480 -0.05509794
v -0.04251517 -0.18326829 -0.05509794
v -0.04251517 -0.18326829 -0.03306753
v -0.02718096 -0.18534480 -0.03306753
v -0.04238050 -0.18252914 -0.02902100
v -0.02711206 -0.18459939 -0.02902100
v -0.04199840 -0.18042758 -0.02559148
v -0.02692100 -0.18246964 -0.02559148
v -0.02663599 -0.17928754 -0.02334584
v -0.04142837 -0.17728306 -0.02334584
v -0.02629774 -0.17552915 -0.02249707
v -0.04075500 -0.17357166 -0.02249707
v -0.04056395 -0.17252244 -0.01898924
v -0.02620065 -0.17446741 -0.01898924
v -0.04017871 -0.17040522 -0.01587918
v -0.02600960 -0.17232513 -0.01587918
v -0.02563063 -0.16813453 -0.01298209
v -0.03943017 -0.16626473 -0.01298209
v -0.02519215 -0.16326115 -0.01192974
v -0.03855634 -0.16145086 -0.01192974
v -0.02470043 -0.15779583 -0.01289440
v -0.03757603 -0.15605131 -0.01289440
v -0.02436530 -0.15407816 -0.01545949
v -0.03690892 -0.15238062 -0.01545949
v -0.03647044 -0.14995647 -0.01890468
v -0.02414606 -0.15162582 -0.01890468
v -0.03633576 -0.14921418 -0.02253779
v -0.02407716 -0.15087414 -0.02253779
v -0.03633576 -0.14921418 -0.05509794
v -0.02407716 -0.15087414 -0.05509794
v -0.02415546 -0.15172291 -0.05886259
v -0.03648610 -0.15005043 -0.05886259
v -0.02434964 -0.15391217 -0.06213238
v -0.03687760 -0.15221463 -0.06213238
v -0.03758229 -0.15608263 -0.06477265
v -0.02470356 -0.15782715 -0.06477265
v -0.03758229 -0.15608263 -0.06477265
v -0.05235588 -0.16082760 -0.06477265
v -0.05025119 -0.15319181 -0.06477265
v -0.03899482 -0.16387502 -0.06477265
v -0.05416930 -0.16739224 -0.06477265
v -0.04021316 -0.17058061 -0.06477265
v -0.05598272 -0.17396002 -0.06408988
v -0.04142837 -0.17728306 -0.06408988
v -0.05680644 -0.17695107 -0.06213238
v -0.04198274 -0.18033675 -0.06213238
v -0.04236797 -0.18246337 -0.05886259
v -0.05738272 -0.17903384 -0.05886259
v -0.04251517 -0.18326829 -0.05509794
v -0.05760196 -0.17982624 -0.05509794
v -0.05760196 -0.17982624 -0.03306753
v -0.04251517 -0.18326829 -0.03306753
v -0.05740151 -0.17910275 -0.02902100
v -0.04238050 -0.18252914 -0.02902100
v -0.05683149 -0.17704190 -0.02559148
v -0.04199840 -0.18042758 -0.02559148
v -0.04142837 -0.17728306 -0.02334584
v -0.05598272 -0.17396002 -0.02334584
v -0.04075500 -0.17357166 -0.02249707
v -0.05497736 -0.17032692 -0.02249707
v -0.05469548 -0.16929649 -0.01898924
v -0.04056395 -0.17252244 -0.01898924
v -0.05412232 -0.16722312 -0.01587918
v -0.04017871 -0.17040522 -0.01587918
v -0.03943017 -0.16626473 -0.01298209
v -0.05300420 -0.16316719 -0.01298209
v -0.03855634 -0.16145086 -0.01192974
v -0.05170130 -0.15845042 -0.01192974
v -0.03757603 -0.15605131 -0.01289440
v -0.05024179 -0.15316049 -0.01289440
v -0.03690892 -0.15238062 -0.01545949
v -0.04924895 -0.14956183 -0.01545949
v -0.04859436 -0.14719092 -0.01890468
v -0.03647044 -0.14995647 -0.01890468
v -0.04839392 -0.14646117 -0.02253779
v -0.03633576 -0.14921418 -0.02253779
v -0.04839392 -0.14646117 -0.05509794
v -0.03633576 -0.14921418 -0.05509794
v -0.03648610 -0.15005043 -0.05886259
v -0.04861942 -0.14728175 -0.05886259
v -0.03687760 -0.15221463 -0.06213238
v -0.04920510 -0.14940210 -0.06213238
v -0.05025119 -0.15319181 -0.06477265
v -0.03758229 -0.15608263 -0.06477265
v -0.07455855 -0.14406833 -0.06477265
v -0.09006502 -0.14471039 -0.06477265
v -0.08600283 -0.13791084 -0.06477265
v -0.07799434 -0.15120300 -0.06477265
v -0.09355719 -0.15055781 -0.06477265
v -0.08095093 -0.15734169 -0.06477265
v -0.09705249 -0.15640523 -0.06408988
v -0.08390753 -0.16348039 -0.06408988
v -0.09864354 -0.15907055 -0.06213238
v -0.08525429 -0.16627726 -0.06213238
v -0.08619075 -0.16822222 -0.05886259
v -0.09975226 -0.16092469 -0.05886259
v -0.08654780 -0.16896137 -0.05509794
v -0.10017195 -0.16162939 -0.05509794
v -0.10017195 -0.16162939 -0.03306753
v -0.08654780 -0.16896137 -0.03306753
v -0.09978671 -0.16098420 -0.02902100
v -0.08622207 -0.16828486 -0.02902100
v -0.09869365 -0.15915198 -0.02559148
v -0.08529500 -0.16636182 -0.02559148
v -0.08390753 -0.16348039 -0.02334584
v -0.09705249 -0.15640523 -0.02334584
v -0.08226950 -0.16008218 -0.02249707
v -0.09512005 -0.15316989 -0.02249707
v -0.09457195 -0.15225221 -0.01898924
v -0.08180910 -0.15912066 -0.01898924
v -0.09346636 -0.15040434 -0.01587918
v -0.08087263 -0.15718196 -0.01587918
v -0.07904982 -0.15339226 -0.01298209
v -0.09130842 -0.14679316 -0.01298209
v -0.07692633 -0.14898555 -0.01192974
v -0.08879970 -0.14259316 -0.01192974
v -0.07454289 -0.14403701 -0.01289440
v -0.08598404 -0.13788265 -0.01289440
v -0.07292365 -0.14067638 -0.01545949
v -0.08407039 -0.13467863 -0.01545949
v -0.08280820 -0.13256453 -0.01890468
v -0.07185877 -0.13845894 -0.01890468
v -0.08241984 -0.13191621 -0.02253779
v -0.07152991 -0.13777616 -0.02253779
v -0.08241984 -0.13191621 -0.05509794
v -0.07152991 -0.13777616 -0.05509794
v -0.07189949 -0.13854350 -0.05886259
v -0.08285832 -0.13264910 -0.05886259
v -0.07285161 -0.14052605 -0.06213238
v -0.08398583 -0.13453456 -0.06213238
v -0.08600283 -0.13791084 -0.06477265
v -0.07455855 -0.14406833 -0.06477265
v -0.01172147 -0.15840970 -0.06477265
v -0.02541452 -0.16571663 -0.06477265
v -0.02470356 -0.15782715 -0.06477265
v -0.01172147 -0.16633050 -0.06477265
v -0.02602526 -0.17250052 -0.06477265
v -0.01172147 -0.17314257 -0.06477265
v -0.02663599 -0.17928754 -0.06408988
v -0.01172147 -0.17995778 -0.06408988
v -0.02691161 -0.18237568 -0.06213238
v -0.01172147 -0.18305845 -0.06213238
v -0.01172147 -0.18521952 -0.05886259
v -0.02710579 -0.18453048 -0.05886259
v -0.01172147 -0.18604010 -0.05509794
v -0.02718096 -0.18534480 -0.05509794
v -0.02718096 -0.18534480 -0.03306753
v -0.01172147 -0.18604010 -0.03306753
v -0.02711206 -0.18459939 -0.02902100
v -0.01172147 -0.18528842 -0.02902100
v -0.02692100 -0.18246964 -0.02559148
v -0.01172147 -0.18315241 -0.02559148
v -0.01172147 -0.17995778 -0.02334584
v -0.02663599 -0.17928754 -0.02334584
v -0.01172147 -0.17618373 -0.02249707
v -0.02629774 -0.17552915 -0.02249707
v -0.02620065 -0.17446741 -0.01898924
v -0.01172147 -0.17511886 -0.01898924
v -0.02600960 -0.17232513 -0.01587918
v -0.01172147 -0.17296718 -0.01587918
v -0.01172147 -0.16875779 -0.01298209
v -0.02563063 -0.16813453 -0.01298209
v -0.01172147 -0.16386563 -0.01192974
v -0.02519215 -0.16326115 -0.01192974
v -0.01172147 -0.15837838 -0.01289440
v -0.02470043 -0.15779583 -0.01289440
v -0.01172147 -0.15464505 -0.01545949
v -0.02436530 -0.15407816 -0.01545949
v -0.02414606 -0.15162582 -0.01890468
v -0.01172147 -0.15218331 -0.01890468
v -0.02407716 -0.15087414 -0.02253779
v -0.01172147 -0.15142850 -0.02253779
v -0.02407716 -0.15087414 -0.05509794
v -0.01172147 -0.15142850 -0.05509794
v -0.01172147 -0.15228040 -0.05886259
v -0.02415546 -0.15172291 -0.05886259
v -0.01172147 -0.15447906 -0.06213238
v -0.02434964 -0.15391217 -0.06213238
v -0.02470356 -0.15782715 -0.06477265
v -0.01172147 -0.15840970 -0.06477265
v 0.08877464 -0.12861510 -0.06477265
v 0.07340284 -0.13075111 -0.06477265
v 0.08356301 -0.12264866 -0.06477265
v 0.07806011 -0.13715916 -0.06477265
v 0.09325652 -0.13374529 -0.06477265
v 0.08206279 -0.14267146 -0.06477265
v 0.09773839 -0.13887549 -0.06408988
v 0.08606860 -0.14818376 -0.06408988
v 0.09978045 -0.14121195 -0.06213238
v 0.08789142 -0.15069248 -0.06213238
v 0.08916301 -0.15244013 -0.05886259
v 0.10120237 -0.14284059 -0.05886259
v 0.08964533 -0.15310411 -0.05509794
v 0.10174107 -0.14345446 -0.05509794
v 0.08964533 -0.15310411 -0.03306753
v 0.10174107 -0.14345446 -0.03306753
v 0.10124935 -0.14289070 -0.02902100
v 0.08920372 -0.15249651 -0.02902100
v 0.09984309 -0.14128086 -0.02559461
v 0.08794780 -0.15076765 -0.02559461
v 0.08606860 -0.14818376 -0.02334584
v 0.09773839 -0.13887549 -0.02334584
v 0.08385116 -0.14513007 -0.02249707
v 0.09525786 -0.13603478 -0.02249707
v 0.09455629 -0.13523299 -0.01898924
v 0.08322476 -0.14426877 -0.01898924
v 0.09314063 -0.13361062 -0.01587918
v 0.08195943 -0.14252739 -0.01587918
v 0.07948516 -0.13912292 -0.01298209
v 0.09037195 -0.13044105 -0.01298209
v 0.07661000 -0.13516722 -0.01192974
v 0.08715540 -0.12675783 -0.01192974
v 0.07338405 -0.13072606 -0.01289440
v 0.08354109 -0.12262360 -0.01289440
v 0.07119166 -0.12770682 -0.01545949
v 0.08108561 -0.11981421 -0.01545949
v 0.07946637 -0.11796007 -0.01890468
v 0.06974468 -0.12571488 -0.01890468
v 0.07897152 -0.11739005 -0.02253779
v 0.06929994 -0.12510414 -0.02253779
v 0.06929994 -0.12510414 -0.05509794
v 0.07897152 -0.11739005 -0.05509794
v 0.06980106 -0.12579318 -0.05886259
v 0.07952901 -0.11803211 -0.05886259
v 0.07109457 -0.12757215 -0.06213238
v 0.08097912 -0.11968893 -0.06213238
v 0.08356301 -0.12264866 -0.06477265
v 0.07340284 -0.13075111 -0.06477265
v 0.14086900 -0.02043936 -0.06477265
v 0.13179250 -0.03302682 -0.06477265
v 0.13295760 -0.02008231 -0.06477265
v 0.13964126 -0.03408856 -0.06477265
v 0.14767481 -0.02074316 -0.06477265
v 0.14639070 -0.03500310 -0.06477265
v 0.15448062 -0.02105009 -0.06408988
v 0.15314326 -0.03591764 -0.06408988
v 0.15758129 -0.02119103 -0.06213238
v 0.15621574 -0.03633420 -0.06213238
v 0.15973923 -0.02128499 -0.05886259
v 0.15835802 -0.03662547 -0.05886259
v 0.16055981 -0.02132258 -0.05509794
v 0.15917234 -0.03673509 -0.05509794
v 0.16055981 -0.02132258 -0.03306753
v 0.15917234 -0.03673509 -0.03306753
v 0.15980813 -0.02128812 -0.02902100
v 0.15842693 -0.03663487 -0.02902100
v 0.15767525 -0.02119416 -0.02559461
v 0.15630970 -0.03634672 -0.02559461
v 0.15314326 -0.03591764 -0.02334584
v 0.15448062 -0.02105009 -0.02334584
v 0.14940680 -0.03541339 -0.02249707
v 0.15071284 -0.02088097 -0.02249707
v 0.14964796 -0.02083399 -0.01898924
v 0.14834819 -0.03526932 -0.01898924
v 0.14749629 -0.02073689 -0.01587918
v 0.14621531 -0.03498118 -0.01587918
v 0.14204663 -0.03441429 -0.01298209
v 0.14329629 -0.02054897 -0.01298209
v 0.13719831 -0.03375970 -0.01192974
v 0.13840726 -0.02032974 -0.01192974
v 0.13175805 -0.03302055 -0.01289440
v 0.13292315 -0.02008231 -0.01289440
v 0.12806230 -0.03252257 -0.01545949
v 0.12919608 -0.01991631 -0.01545949
v 0.12673747 -0.01980356 -0.01890468
v 0.12562248 -0.03219058 -0.01890468
v 0.12598266 -0.01976911 -0.02253779
v 0.12487394 -0.03209035 -0.02253779
v 0.12598266 -0.01976911 -0.05509794
v 0.12487394 -0.03209035 -0.05509794
v 0.12683143 -0.01980983 -0.05886259
v 0.12571644 -0.03220310 -0.05886259
v 0.12903009 -0.01990692 -0.06213238
v 0.12789631 -0.03249751 -0.06213238
v 0.13295760 -0.02008231 -0.06477265
v 0.13179250 -0.03302682 -0.06477265
v 0.10150617 0.07671179 -0.06477265
v 0.11575359 0.07056056 -0.06477265
v 0.10914509 0.06619770 -0.06477265
v 0.10769811 0.08164780 -0.06477265
v 0.12144128 0.07431269 -0.06477265
v 0.11302563 0.08589478 -0.06477265
v 0.12712584 0.07806794 -0.06408988
v 0.11835314 0.09014489 -0.06408988
v 0.12971599 0.07977487 -0.06213238
v 0.12077730 0.09207732 -0.06213238
v 0.12246857 0.09342721 -0.05886259
v 0.13152002 0.08096816 -0.05886259
v 0.12310750 0.09393772 -0.05509794
v 0.13220279 0.08141917 -0.05509794
v 0.12310750 0.09393772 -0.03306753
v 0.13220279 0.08141917 -0.03306753
v 0.12252181 0.09346793 -0.02902100
v 0.13157639 0.08100574 -0.02902100
v 0.12085246 0.09213683 -0.02559461
v 0.12979429 0.07982812 -0.02559461
v 0.11835314 0.09014489 -0.02334584
v 0.12712584 0.07806794 -0.02334584
v 0.11540281 0.08779276 -0.02249707
v 0.12397819 0.07598830 -0.02249707
v 0.11456970 0.08712878 -0.01898924
v 0.12308870 0.07540262 -0.01898924
v 0.11288782 0.08578516 -0.01587918
v 0.12129094 0.07421559 -0.01587918
v 0.10959610 0.08316368 -0.01298209
v 0.11777998 0.07189792 -0.01298209
v 0.10577194 0.08011313 -0.01192974
v 0.11369900 0.06920441 -0.01192974
v 0.10148112 0.07668986 -0.01289440
v 0.10911690 0.06617891 -0.01289440
v 0.09856210 0.07436280 -0.01545949
v 0.10600371 0.06412433 -0.01545949
v 0.09663906 0.07282812 -0.01890468
v 0.10394912 0.06276818 -0.01890468
v 0.09604712 0.07235832 -0.02253779
v 0.10331646 0.06235162 -0.02253779
v 0.09604712 0.07235832 -0.05509794
v 0.10331646 0.06235162 -0.05509794
v 0.09671423 0.07288763 -0.05886259
v 0.10402742 0.06281829 -0.05886259
v 0.09843369 0.07425944 -0.06213238
v 0.10586590 0.06403037 -0.06213238
v 0.10914509 0.06619770 -0.06477265
v 0.10150617 0.07671179 -0.06477265
v 0.06255990 0.11073771 -0.06477265
v 0.07806011 0.10998603 -0.06477265
v 0.07340284 0.10357798 -0.06477265
v 0.06662209 0.11753726 -0.06477265
v 0.08206279 0.11549833 -0.06477265
v 0.07011425 0.12338468 -0.06477265
v 0.08606860 0.12101063 -0.06408988
v 0.07360955 0.12923523 -0.06408988
v 0.08789142 0.12351935 -0.06213238
v 0.07520060 0.13189742 -0.06213238
v 0.07630933 0.13375469 -0.05886259
v 0.08916301 0.12527013 -0.05886259
v 0.07672901 0.13445626 -0.05509794
v 0.08964533 0.12593098 -0.05509794
v 0.08964533 0.12593098 -0.03306753
v 0.07672901 0.13445626 -0.03306753
v 0.08920372 0.12532338 -0.02902100
v 0.07634378 0.13381107 -0.02902100
v 0.08794780 0.12359765 -0.02559461
v 0.07525072 0.13197885 -0.02559148
v 0.07360955 0.12923523 -0.02334584
v 0.08606860 0.12101063 -0.02334584
v 0.07167399 0.12599676 -0.02249707
v 0.08385116 0.11796007 -0.02249707
v 0.08322476 0.11709564 -0.01898924
v 0.07112902 0.12508221 -0.01898924
v 0.08195943 0.11535426 -0.01587918
v 0.07002343 0.12323434 -0.01587918
v 0.06786549 0.11962316 -0.01298209
v 0.07948516 0.11194979 -0.01298209
v 0.06535676 0.11542316 -0.01192974
v 0.07661000 0.10799409 -0.01192974
v 0.06254111 0.11070952 -0.01289440
v 0.07338405 0.10355293 -0.01289440
v 0.06062746 0.10750550 -0.01545949
v 0.07119166 0.10053369 -0.01545949
v 0.06974468 0.09854175 -0.01890468
v 0.05936527 0.10539454 -0.01890468
v 0.06929994 0.09793101 -0.02253779
v 0.05897690 0.10474308 -0.02253779
v 0.06929994 0.09793101 -0.05509794
v 0.05897690 0.10474308 -0.05509794
v 0.05941538 0.10547597 -0.05886259
v 0.06980106 0.09862005 -0.05886259
v 0.06054290 0.10736456 -0.06213238
v 0.07109457 0.10039902 -0.06213238
v 0.07340284 0.10357798 -0.06477265
v 0.06255990 0.11073771 -0.06477265
v 0.01413623 0.12890950 -0.06477265
v 0.02891295 0.13365447 -0.06477265
v 0.02680825 0.12601868 -0.06477265
v 0.01555189 0.13670502 -0.06477265
v 0.03072637 0.14022225 -0.06477265
v 0.01676710 0.14340748 -0.06477265
v 0.03253979 0.14679003 -0.06408988
v 0.01798544 0.15010993 -0.06408988
v 0.03336350 0.14977794 -0.06213238
v 0.01853980 0.15316362 -0.06213238
v 0.01892504 0.15529024 -0.05886259
v 0.03393979 0.15186385 -0.05886259
v 0.01907224 0.15609516 -0.05509794
v 0.03415590 0.15265311 -0.05509794
v 0.03415590 0.15265311 -0.03306753
v 0.01907224 0.15609516 -0.03306753
v 0.03395858 0.15192962 -0.02902100
v 0.01893757 0.15535915 -0.02902100
v 0.03338856 0.14987190 -0.02559148
v 0.01855546 0.15325758 -0.02559148
v 0.01798544 0.15010993 -0.02334584
v 0.03253979 0.14679003 -0.02334584
v 0.01731207 0.14639853 -0.02249707
v 0.03153442 0.14315379 -0.02249707
v 0.03125254 0.14212649 -0.01898924
v 0.01712101 0.14534931 -0.01898924
v 0.03067939 0.14004999 -0.01587918
v 0.01673578 0.14323209 -0.01587918
v 0.01598410 0.13909160 -0.01298209
v 0.02956127 0.13599406 -0.01298209
v 0.01511341 0.13428086 -0.01192974
v 0.02825836 0.13128042 -0.01192974
v 0.01413310 0.12887818 -0.01289440
v 0.02679886 0.12598736 -0.01289440
v 0.01346598 0.12520749 -0.01545949
v 0.02580602 0.12238870 -0.01545949
v 0.02515143 0.12001779 -0.01890468
v 0.01302751 0.12278647 -0.01890468
v 0.02495098 0.11928804 -0.02253779
v 0.01288970 0.12204105 -0.02253779
v 0.02495098 0.11928804 -0.05509794
v 0.01288970 0.12204105 -0.05509794
v 0.01304317 0.12287729 -0.05886259
v 0.02517649 0.12010862 -0.05886259
v 0.01343466 0.12504463 -0.06213238
v 0.02576217 0.12222897 -0.06213238
v 0.02680825 0.12601868 -0.06477265
v 0.01413623 0.12890950 -0.06477265
v -0.09006502 0.11753726 -0.06477265
v -0.07455855 0.11689520 -0.06477265
v -0.08600283 0.11073771 -0.06477265
v -0.07799434 0.12403300 -0.06477265
v -0.09355719 0.12338468 -0.06477265
v -0.08095093 0.13016856 -0.06477265
v -0.09705249 0.12923523 -0.06408988
v -0.08390753 0.13630726 -0.06408988
v -0.09864354 0.13189742 -0.06213238
v -0.08525429 0.13910413 -0.06213238
v -0.08619075 0.14105222 -0.05886259
v -0.09975226 0.13375469 -0.05886259
v -0.08654780 0.14178824 -0.05509794
v -0.10017195 0.13445626 -0.05509794
v -0.08654780 0.14178824 -0.03306753
v -0.10017195 0.13445626 -0.03306753
v -0.09978671 0.13381107 -0.02902100
v -0.08622207 0.14111173 -0.02902100
v -0.09869365 0.13197885 -0.02559148
v -0.08529500 0.13918869 -0.02559148
v -0.08390753 0.13630726 -0.02334584
v -0.09705249 0.12923523 -0.02334584
v -0.08226950 0.13290905 -0.02249707
v -0.09512005 0.12599676 -0.02249707
v -0.09457195 0.12508221 -0.01898924
v -0.08180910 0.13195066 -0.01898924
v -0.09346636 0.12323434 -0.01587918
v -0.08087263 0.13000883 -0.01587918
v -0.07904982 0.12621913 -0.01298209
v -0.09130842 0.11962316 -0.01298209
v -0.07692633 0.12181242 -0.01192974
v -0.08879970 0.11542316 -0.01192974
v -0.07454289 0.11686701 -0.01289440
v -0.08598404 0.11070952 -0.01289440
v -0.07292365 0.11350325 -0.01545949
v -0.08407039 0.10750550 -0.01545949
v -0.08280820 0.10539454 -0.01890468
v -0.07185877 0.11128581 -0.01890468
v -0.08241984 0.10474308 -0.02253779
v -0.07152991 0.11060617 -0.02253779
v -0.07152991 0.11060617 -0.05509794
v -0.08241984 0.10474308 -0.05509794
v -0.07189949 0.11137350 -0.05886259
v -0.08285832 0.10547597 -0.05886259
v -0.07285161 0.11335605 -0.06213238
v -0.08398583 0.10736456 -0.06213238
v -0.08600283 0.11073771 -0.06477265
v -0.07455855 0.11689520 -0.06477265
v -0.15698934 0.03361563 -0.06477265
v -0.14489047 0.04333419 -0.06477265
v -0.14945691 0.03116642 -0.06477265
v -0.15217548 0.04644739 -0.06477265
v -0.16346943 0.03572033 -0.06477265
v -0.15843946 0.04912524 -0.06477265
v -0.16994951 0.03782502 -0.06408988
v -0.16470343 0.05179995 -0.06408988
v -0.17289985 0.03878341 -0.06213238
v -0.16755667 0.05302143 -0.06213238
v -0.17495443 0.03945052 -0.05886259
v -0.16954549 0.05387020 -0.05886259
v -0.17573429 0.03970422 -0.05509794
v -0.17029716 0.05419279 -0.05509794
v -0.17573429 0.03970422 -0.03306753
v -0.17029716 0.05419279 -0.03306753
v -0.17502020 0.03947245 -0.02902100
v -0.16960813 0.05389839 -0.02902100
v -0.17299067 0.03881160 -0.02559148
v -0.16764437 0.05305901 -0.02559148
v -0.16470343 0.05179995 -0.02334584
v -0.16994951 0.03782502 -0.02334584
v -0.16123632 0.05031852 -0.02249707
v -0.16636339 0.03665992 -0.02249707
v -0.16534862 0.03633106 -0.01898924
v -0.16025601 0.04989884 -0.01898924
v -0.16330030 0.03566395 -0.01587918
v -0.15827659 0.04905320 -0.01587918
v -0.15440859 0.04739951 -0.01298209
v -0.15930075 0.03436418 -0.01298209
v -0.14990792 0.04547647 -0.01192974
v -0.15464662 0.03285456 -0.01192974
v -0.14486229 0.04332166 -0.01289440
v -0.14942559 0.03115702 -0.01289440
v -0.14142963 0.04185276 -0.01545949
v -0.14587705 0.03000445 -0.01545949
v -0.14353746 0.02924337 -0.01890468
v -0.13916520 0.04088497 -0.01890468
v -0.14281710 0.02900848 -0.02253779
v -0.13846990 0.04059057 -0.02253779
v -0.14281710 0.02900848 -0.05509794
v -0.13846990 0.04059057 -0.05509794
v -0.14362828 0.02927156 -0.05886259
v -0.13925290 0.04092256 -0.05886259
v -0.14572045 0.02995120 -0.06213238
v -0.14127616 0.04178699 -0.06213238
v -0.14945691 0.03116642 -0.06477265
v -0.14489047 0.04333419 -0.06477265
v -0.13258802 -0.09337083 -0.06477265
v -0.14622783 -0.08596681 -0.06477265
v -0.13925290 -0.08221469 -0.06477265
v -0.13919965 -0.09773369 -0.06477265
v -0.15222559 -0.08919589 -0.06477265
v -0.14488421 -0.10148582 -0.06477265
v -0.15822648 -0.09242497 -0.06408988
v -0.15056877 -0.10523794 -0.06408988
v -0.16095757 -0.09389388 -0.06213238
v -0.15315892 -0.10694800 -0.06213238
v -0.15496295 -0.10813816 -0.05886259
v -0.16286182 -0.09491804 -0.05886259
v -0.15564572 -0.10858916 -0.05509794
v -0.16358218 -0.09530640 -0.05509794
v -0.15564572 -0.10858916 -0.03306753
v -0.16358218 -0.09530640 -0.03306753
v -0.15501932 -0.10817574 -0.02902100
v -0.16292133 -0.09495249 -0.02902100
v -0.15323722 -0.10700125 -0.02559148
v -0.16104214 -0.09393772 -0.02559148
v -0.15056877 -0.10523794 -0.02334584
v -0.15822648 -0.09242497 -0.02334584
v -0.14742112 -0.10316143 -0.02249707
v -0.15490657 -0.09063661 -0.02249707
v -0.14653164 -0.10257262 -0.01898924
v -0.15396698 -0.09013236 -0.01898924
v -0.14473701 -0.10138872 -0.01587918
v -0.15206899 -0.08911133 -0.01587918
v -0.14122605 -0.09907105 -0.01298209
v -0.14836698 -0.08711625 -0.01298209
v -0.13714194 -0.09637441 -0.01192974
v -0.14405737 -0.08479858 -0.01192974
v -0.13255984 -0.09335204 -0.01289440
v -0.13922471 -0.08219903 -0.01289440
v -0.12944664 -0.09129433 -0.01545949
v -0.13593925 -0.08042946 -0.01545949
v -0.12739206 -0.08993817 -0.01890468
v -0.13377192 -0.07926436 -0.01890468
v -0.12675939 -0.08952162 -0.02253779
v -0.13310480 -0.07890418 -0.02253779
v -0.12675939 -0.08952162 -0.05509794
v -0.13310480 -0.07890418 -0.05509794
v -0.12747036 -0.08999142 -0.05886259
v -0.13385335 -0.07930821 -0.05886259
v -0.12930883 -0.09120350 -0.06213238
v -0.13579205 -0.08035116 -0.06213238
v -0.13925290 -0.08221469 -0.06477265
v -0.13258802 -0.09337083 -0.06477265
v -0.06539122 0.12942002 -0.06477265
v -0.05025119 0.12601868 -0.06477265
v -0.06261001 0.12200347 -0.06477265
v -0.05235588 0.13365447 -0.06477265
v -0.06778719 0.13579675 -0.06477265
v -0.05416930 0.14022225 -0.06477265
v -0.07018003 0.14217661 -0.06408988
v -0.05598272 0.14679003 -0.06408988
v -0.07126996 0.14507996 -0.06213238
v -0.05680644 0.14977794 -0.06213238
v -0.05738272 0.15186385 -0.05886259
v -0.07203103 0.14710322 -0.05886259
v -0.05760196 0.15265311 -0.05509794
v -0.07231604 0.14787056 -0.05509794
v -0.05760196 0.15265311 -0.03306753
v -0.07231604 0.14787056 -0.03306753
v -0.07205296 0.14716900 -0.02902100
v -0.05740151 0.15192962 -0.02902100
v -0.07130441 0.14516766 -0.02559148
v -0.05683149 0.14987190 -0.02559148
v -0.05598272 0.14679003 -0.02334584
v -0.07018003 0.14217661 -0.02334584
v -0.05497736 0.14315379 -0.02249707
v -0.06885520 0.13864372 -0.02249707
v -0.06847936 0.13764462 -0.01898924
v -0.05469548 0.14212649 -0.01898924
v -0.06772455 0.13563075 -0.01587918
v -0.05412232 0.14004999 -0.01587918
v -0.05300420 0.13599406 -0.01298209
v -0.06624625 0.13169071 -0.01298209
v -0.05170130 0.13128042 -0.01192974
v -0.06452679 0.12711174 -0.01192974
v -0.05024179 0.12598736 -0.01289440
v -0.06259748 0.12197215 -0.01289440
v -0.04924895 0.12238870 -0.01545949
v -0.06128518 0.11847998 -0.01545949
v -0.06042075 0.11617484 -0.01890468
v -0.04859436 0.12001779 -0.01890468
v -0.06015453 0.11546701 -0.02253779
v -0.04839392 0.11928804 -0.02253779
v -0.04839392 0.11928804 -0.05509794
v -0.06015453 0.11546701 -0.05509794
v -0.04861942 0.12010862 -0.05886259
v -0.06045520 0.11626254 -0.05886259
v -0.04920510 0.12222897 -0.06213238
v -0.06122880 0.11832338 -0.06213238
v -0.06261001 0.12200347 -0.06477265
v -0.05025119 0.12601868 -0.06477265
v -0.05235588 0.13365447 -0.06477265
v -0.03758229 0.12890950 -0.06477265
v -0.05025119 0.12601868 -0.06477265
v -0.03899482 0.13670502 -0.06477265
v -0.05416930 0.14022225 -0.06477265
v -0.04021316 0.14340748 -0.06477265
v -0.05598272 0.14679003 -0.06408988
v -0.04142837 0.15010993 -0.06408988
v -0.05680644 0.14977794 -0.06213238
v -0.04198274 0.15316362 -0.06213238
v -0.04236797 0.15529024 -0.05886259
v -0.05738272 0.15186385 -0.05886259
v -0.04251517 0.15609516 -0.05509794
v -0.05760196 0.15265311 -0.05509794
v -0.04251517 0.15609516 -0.03306753
v -0.05760196 0.15265311 -0.03306753
v -0.05740151 0.15192962 -0.02902100
v -0.04238050 0.15535915 -0.02902100
v -0.05683149 0.14987190 -0.02559148
v -0.04199840 0.15325758 -0.02559148
v -0.04142837 0.15010993 -0.02334584
v -0.05598272 0.14679003 -0.02334584
v -0.04075500 0.14639853 -0.02249707
v -0.05497736 0.14315379 -0.02249707
v -0.05469548 0.14212649 -0.01898924
v -0.04056395 0.14534931 -0.01898924
v -0.05412232 0.14004999 -0.01587918
v -0.04017871 0.14323209 -0.01587918
v -0.03943017 0.13909160 -0.01298209
v -0.05300420 0.13599406 -0.01298209
v -0.03855634 0.13428086 -0.01192974
v -0.05170130 0.13128042 -0.01192974
v -0.03757603 0.12887818 -0.01289440
v -0.05024179 0.12598736 -0.01289440
v -0.03690892 0.12520749 -0.01545949
v -0.04924895 0.12238870 -0.01545949
v -0.04859436 0.12001779 -0.01890468
v -0.03647044 0.12278647 -0.01890468
v -0.04839392 0.11928804 -0.02253779
v -0.03633576 0.12204105 -0.02253779
v -0.03633576 0.12204105 -0.05509794
v -0.04839392 0.11928804 -0.05509794
v -0.03648610 0.12287729 -0.05886259
v -0.04861942 0.12010862 -0.05886259
v -0.03687760 0.12504463 -0.06213238
v -0.04920510 0.12222897 -0.06213238
v -0.05025119 0.12601868 -0.06477265
v -0.03758229 0.12890950 -0.06477265
v -0.03899482 0.13670502 -0.06477265
v -0.02470356 0.13065402 -0.06477265
v -0.03758229 0.12890950 -0.06477265
v -0.02541452 0.13854350 -0.06477265
v -0.04021316 0.14340748 -0.06477265
v -0.02602526 0.14532739 -0.06477265
v -0.04142837 0.15010993 -0.06408988
v -0.02663599 0.15211441 -0.06408988
v -0.04198274 0.15316362 -0.06213238
v -0.02691161 0.15520568 -0.06213238
v -0.02710579 0.15735735 -0.05886259
v -0.04236797 0.15529024 -0.05886259
v -0.02718096 0.15817167 -0.05509794
v -0.04251517 0.15609516 -0.05509794
v -0.02718096 0.15817167 -0.03306753
v -0.04251517 0.15609516 -0.03306753
v -0.04238050 0.15535915 -0.02902100
v -0.02711206 0.15742626 -0.02902100
v -0.04199840 0.15325758 -0.02559148
v -0.02692100 0.15529964 -0.02559148
v -0.02663599 0.15211441 -0.02334584
v -0.04142837 0.15010993 -0.02334584
v -0.02629774 0.14835915 -0.02249707
v -0.04075500 0.14639853 -0.02249707
v -0.04056395 0.14534931 -0.01898924
v -0.02620065 0.14729741 -0.01898924
v -0.04017871 0.14323209 -0.01587918
v -0.02600960 0.14515200 -0.01587918
v -0.02563063 0.14096140 -0.01298209
v -0.03943017 0.13909160 -0.01298209
v -0.02519215 0.13609115 -0.01192974
v -0.03855634 0.13428086 -0.01192974
v -0.02470043 0.13062270 -0.01289440
v -0.03757603 0.12887818 -0.01289440
v -0.02436530 0.12690503 -0.01545949
v -0.03690892 0.12520749 -0.01545949
v -0.03647044 0.12278647 -0.01890468
v -0.02414606 0.12445582 -0.01890468
v -0.03633576 0.12204105 -0.02253779
v -0.02407716 0.12370101 -0.02253779
v -0.02407716 0.12370101 -0.05509794
v -0.03633576 0.12204105 -0.05509794
v -0.02415546 0.12454978 -0.05886259
v -0.03648610 0.12287729 -0.05886259
v -0.02434964 0.12673904 -0.06213238
v -0.03687760 0.12504463 -0.06213238
v -0.03758229 0.12890950 -0.06477265
v -0.02470356 0.13065402 -0.06477265
v -0.02541452 0.13854350 -0.06477265
v -0.01172147 0.13123657 -0.06477265
v -0.02470356 0.13065402 -0.06477265
v -0.01172147 0.13915737 -0.06477265
v -0.02602526 0.14532739 -0.06477265
v -0.01172147 0.14597258 -0.06477265
v -0.02663599 0.15211441 -0.06408988
v -0.01172147 0.15278465 -0.06408988
v -0.02691161 0.15520568 -0.06213238
v -0.01172147 0.15588532 -0.06213238
v -0.01172147 0.15804952 -0.05886259
v -0.02710579 0.15735735 -0.05886259
v -0.01172147 0.15886697 -0.05509794
v -0.02718096 0.15817167 -0.05509794
v -0.01172147 0.15886697 -0.03306753
v -0.02718096 0.15817167 -0.03306753
v -0.02711206 0.15742626 -0.02902100
v -0.01172147 0.15811843 -0.02902100
v -0.02692100 0.15529964 -0.02559148
v -0.01172147 0.15598241 -0.02559148
v -0.01172147 0.15278465 -0.02334584
v -0.02663599 0.15211441 -0.02334584
v -0.01172147 0.14901374 -0.02249707
v -0.02629774 0.14835915 -0.02249707
v -0.02620065 0.14729741 -0.01898924
v -0.01172147 0.14794573 -0.01898924
v -0.02600960 0.14515200 -0.01587918
v -0.01172147 0.14579405 -0.01587918
v -0.01172147 0.14158779 -0.01298209
v -0.02563063 0.14096140 -0.01298209
v -0.01172147 0.13669563 -0.01192974
v -0.02519215 0.13609115 -0.01192974
v -0.01172147 0.13120525 -0.01289440
v -0.02470043 0.13062270 -0.01289440
v -0.01172147 0.12747505 -0.01545949
v -0.02436530 0.12690503 -0.01545949
v -0.02414606 0.12445582 -0.01890468
v -0.01172147 0.12501331 -0.01890468
v -0.02407716 0.12370101 -0.02253779
v -0.01172147 0.12425537 -0.02253779
v -0.01172147 0.12425537 -0.05509794
v -0.02407716 0.12370101 -0.05509794
v -0.01172147 0.12510727 -0.05886259
v -0.02415546 0.12454978 -0.05886259
v -0.01172147 0.12730593 -0.06213238
v -0.02434964 0.12673904 -0.06213238
v -0.02470356 0.13065402 -0.06477265
v -0.01172147 0.13123657 -0.06477265
v -0.13925290 -0.08221469 -0.06477265
v -0.15217548 -0.07361738 -0.06477265
v -0.14489047 -0.07050419 -0.06477265
v -0.14622783 -0.08596681 -0.06477265
v -0.15843946 -0.07629523 -0.06477265
v -0.15222559 -0.08919589 -0.06477265
v -0.16470343 -0.07897308 -0.06408988
v -0.15822648 -0.09242497 -0.06408988
v -0.16755667 -0.08019456 -0.06213238
v -0.16095757 -0.09389388 -0.06213238
v -0.16286182 -0.09491804 -0.05886259
v -0.16954549 -0.08104333 -0.05886259
v -0.16358218 -0.09530640 -0.05509794
v -0.17029716 -0.08136592 -0.05509794
v -0.16358218 -0.09530640 -0.03306753
v -0.17029716 -0.08136592 -0.03306753
v -0.16292133 -0.09495249 -0.02902100
v -0.16960813 -0.08106838 -0.02902100
v -0.16104214 -0.09393772 -0.02559148
v -0.16764437 -0.08022901 -0.02559148
v -0.15822648 -0.09242497 -0.02334584
v -0.16470343 -0.07897308 -0.02334584
v -0.15490657 -0.09063661 -0.02249707
v -0.16123632 -0.07749165 -0.02249707
v -0.15396698 -0.09013236 -0.01898924
v -0.16025601 -0.07707197 -0.01898924
v -0.15206899 -0.08911133 -0.01587918
v -0.15827659 -0.07622633 -0.01587918
v -0.14836698 -0.08711625 -0.01298209
v -0.15440859 -0.07457264 -0.01298209
v -0.14405737 -0.08479858 -0.01192974
v -0.14990792 -0.07264960 -0.01192974
v -0.13922471 -0.08219903 -0.01289440
v -0.14486229 -0.07049166 -0.01289440
v -0.13593925 -0.08042946 -0.01545949
v -0.14142963 -0.06902589 -0.01545949
v -0.13377192 -0.07926436 -0.01890468
v -0.13916520 -0.06805810 -0.01890468
v -0.13310480 -0.07890418 -0.02253779
v -0.13846990 -0.06776057 -0.02253779
v -0.13310480 -0.07890418 -0.05509794
v -0.13846990 -0.06776057 -0.05509794
v -0.13385335 -0.07930821 -0.05886259
v -0.13925290 -0.06809569 -0.05886259
v -0.13579205 -0.08035116 -0.06213238
v -0.14127616 -0.06896012 -0.06213238
v -0.14489047 -0.07050419 -0.06477265
v -0.13925290 -0.08221469 -0.06477265
v -0.14489047 -0.07050419 -0.06477265
v -0.15698934 -0.06078563 -0.06477265
v -0.14945691 -0.05833955 -0.06477265
v -0.15217548 -0.07361738 -0.06477265
v -0.16346943 -0.06289346 -0.06477265
v -0.15843946 -0.07629523 -0.06477265
v -0.16994951 -0.06499815 -0.06408988
v -0.16470343 -0.07897308 -0.06408988
v -0.17289985 -0.06595654 -0.06213238
v -0.16755667 -0.08019456 -0.06213238
v -0.16954549 -0.08104333 -0.05886259
v -0.17495443 -0.06662365 -0.05886259
v -0.17029716 -0.08136592 -0.05509794
v -0.17573429 -0.06687735 -0.05509794
v -0.17029716 -0.08136592 -0.03306753
v -0.17573429 -0.06687735 -0.03306753
v -0.16960813 -0.08106838 -0.02902100
v -0.17502020 -0.06664558 -0.02902100
v -0.16764437 -0.08022901 -0.02559148
v -0.17299067 -0.06598473 -0.02559148
v -0.16470343 -0.07897308 -0.02334584
v -0.16994951 -0.06499815 -0.02334584
v -0.16123632 -0.07749165 -0.02249707
v -0.16636339 -0.06383305 -0.02249707
v -0.16025601 -0.07707197 -0.01898924
v -0.16534862 -0.06350106 -0.01898924
v -0.15827659 -0.07622633 -0.01587918
v -0.16330030 -0.06283708 -0.01587918
v -0.15440859 -0.07457264 -0.01298209
v -0.15930075 -0.06153731 -0.01298209
v -0.14990792 -0.07264960 -0.01192974
v -0.15464662 -0.06002455 -0.01192974
v -0.14486229 -0.07049166 -0.01289440
v -0.14942559 -0.05833015 -0.01289440
v -0.14142963 -0.06902589 -0.01545949
v -0.14587705 -0.05717758 -0.01545949
v -0.13916520 -0.06805810 -0.01890468
v -0.14353746 -0.05641650 -0.01890468
v -0.13846990 -0.06776057 -0.02253779
v -0.14281710 -0.05618161 -0.02253779
v -0.13846990 -0.06776057 -0.05509794
v -0.14281710 -0.05618161 -0.05509794
v -0.13925290 -0.06809569 -0.05886259
v -0.14362828 -0.05644469 -0.05886259
v -0.14127616 -0.06896012 -0.06213238
v -0.14572045 -0.05712433 -0.06213238
v -0.14945691 -0.05833955 -0.06477265
v -0.14489047 -0.07050419 -0.06477265
v -0.14945691 -0.05833955 -0.06477265
v -0.16063498 -0.04757490 -0.06477265
v -0.15291463 -0.04581159 -0.06477265
v -0.15698934 -0.06078563 -0.06477265
v -0.16727793 -0.04909078 -0.06477265
v -0.16346943 -0.06289346 -0.06477265
v -0.17392087 -0.05060667 -0.06408988
v -0.16994951 -0.06499815 -0.06408988
v -0.17694637 -0.05129884 -0.06213238
v -0.17289985 -0.06595654 -0.06213238
v -0.17495443 -0.06662365 -0.05886259
v -0.17905420 -0.05177803 -0.05886259
v -0.17573429 -0.06687735 -0.05509794
v -0.17985286 -0.05195969 -0.05509794
v -0.17573429 -0.06687735 -0.03306753
v -0.17985286 -0.05195969 -0.03306753
v -0.17502020 -0.06664558 -0.02902100
v -0.17911997 -0.05179369 -0.02902100
v -0.17299067 -0.06598473 -0.02559148
v -0.17703720 -0.05131763 -0.02559148
v -0.16994951 -0.06499815 -0.02334584
v -0.17392087 -0.05060667 -0.02334584
v -0.16636339 -0.06383305 -0.02249707
v -0.17024392 -0.04976729 -0.02249707
v -0.16534862 -0.06350106 -0.01898924
v -0.16920410 -0.04952926 -0.01898924
v -0.16330030 -0.06283708 -0.01587918
v -0.16710567 -0.04905007 -0.01587918
v -0.15930075 -0.06153731 -0.01298209
v -0.16300276 -0.04811674 -0.01298209
v -0.15464662 -0.06002455 -0.01192974
v -0.15823588 -0.04702680 -0.01192974
v -0.14942559 -0.05833015 -0.01289440
v -0.15288331 -0.04580533 -0.01289440
v -0.14587705 -0.05717758 -0.01545949
v -0.14924394 -0.04497535 -0.01545949
v -0.14353746 -0.05641650 -0.01890468
v -0.14684484 -0.04442725 -0.01890468
v -0.14281710 -0.05618161 -0.02253779
v -0.14610882 -0.04425813 -0.02253779
v -0.14281710 -0.05618161 -0.05509794
v -0.14610882 -0.04425813 -0.05509794
v -0.14362828 -0.05644469 -0.05886259
v -0.14693879 -0.04444918 -0.05886259
v -0.14572045 -0.05712433 -0.06213238
v -0.14908107 -0.04493777 -0.06213238
v -0.15291463 -0.04581159 -0.06477265
v -0.14945691 -0.05833955 -0.06477265
v -0.15291463 -0.04581159 -0.06477265
v -0.16308419 -0.03408856 -0.06477265
v -0.15523543 -0.03302682 -0.06477265
v -0.16063498 -0.04757490 -0.06477265
v -0.16983363 -0.03500310 -0.06477265
v -0.16727793 -0.04909078 -0.06477265
v -0.17658620 -0.03591764 -0.06408988
v -0.17392087 -0.05060667 -0.06408988
v -0.17966181 -0.03633420 -0.06213238
v -0.17694637 -0.05129884 -0.06213238
v -0.17905420 -0.05177803 -0.05886259
v -0.18180409 -0.03662547 -0.05886259
v -0.17985286 -0.05195969 -0.05509794
v -0.18261527 -0.03673509 -0.05509794
v -0.17985286 -0.05195969 -0.03306753
v -0.18261527 -0.03673509 -0.03306753
v -0.17911997 -0.05179369 -0.02902100
v -0.18186986 -0.03663487 -0.02902100
v -0.17703720 -0.05131763 -0.02559148
v -0.17975264 -0.03634672 -0.02559148
v -0.17392087 -0.05060667 -0.02334584
v -0.17658620 -0.03591764 -0.02334584
v -0.17024392 -0.04976729 -0.02249707
v -0.17284973 -0.03541339 -0.02249707
v -0.16920410 -0.04952926 -0.01898924
v -0.17179112 -0.03526932 -0.01898924
v -0.16710567 -0.04905007 -0.01587918
v -0.16965824 -0.03498118 -0.01587918
v -0.16300276 -0.04811674 -0.01298209
v -0.16548956 -0.03441429 -0.01298209
v -0.15823588 -0.04702680 -0.01192974
v -0.16064124 -0.03375970 -0.01192974
v -0.15288331 -0.04580533 -0.01289440
v -0.15520098 -0.03302055 -0.01289440
v -0.14924394 -0.04497535 -0.01545949
v -0.15150523 -0.03252257 -0.01545949
v -0.14684484 -0.04442725 -0.01890468
v -0.14906541 -0.03219058 -0.01890468
v -0.14610882 -0.04425813 -0.02253779
v -0.14831687 -0.03209035 -0.02253779
v -0.14610882 -0.04425813 -0.05509794
v -0.14831687 -0.03209035 -0.05509794
v -0.14693879 -0.04444918 -0.05886259
v -0.14915937 -0.03220310 -0.05886259
v -0.14908107 -0.04493777 -0.06213238
v -0.15133924 -0.03249751 -0.06213238
v -0.15523543 -0.03302682 -0.06477265
v -0.15291463 -0.04581159 -0.06477265
v 0.01012728 -0.04546394 -0.25931610
v 0.01306822 -0.04225992 -0.25694518
v 0.00993623 -0.04519146 -0.25717069
v 0.01349104 -0.04231943 -0.25907807
v 0.01538589 -0.03870824 -0.25626554
v 0.00982035 -0.04505678 -0.26143019
v 0.01597784 -0.03850466 -0.25834518
v 0.01326240 -0.04183397 -0.26118276
v -0.05035767 0.03579863 -0.47863671
v 0.01672952 -0.03477447 -0.25517561
v -0.04691249 0.03902457 -0.47838928
v -0.05111875 0.03682905 -0.48039062
v 0.01580871 -0.03792838 -0.26043422
v 0.01742168 -0.03428588 -0.25717695
v -0.04775499 0.03997983 -0.48014946
v -0.05222121 0.03832301 -0.48152127
v -0.04908609 0.04125768 -0.48129577
v -0.04436305 0.04293016 -0.47764074
v -0.04526819 0.04379459 -0.47941971
v -0.04676841 0.04481249 -0.48061612
v 0.01728701 -0.03360623 -0.25923467
v -0.04288475 0.04725544 -0.47644118
v -0.04382435 0.04801651 -0.47824834
v -0.04542166 0.04874627 -0.47952306
v -0.04257781 0.05169973 -0.47487206
v -0.04352054 0.05235745 -0.47671367
v -0.04514291 0.05278966 -0.47809487
v 0.01759708 -0.02916507 -0.25766867
v -0.04345790 0.05596550 -0.47303985
v -0.04438184 0.05652299 -0.47492530
v -0.04594470 0.05667020 -0.47642866
v 0.01772236 -0.02994494 -0.25564541
v 0.01701139 -0.03073420 -0.25374742
v 0.01671386 -0.02490244 -0.25583646
v 0.01686106 -0.02578566 -0.25385704
v 0.01620647 -0.02685680 -0.25208121
v -0.04547177 0.05975834 -0.47106982
v 0.01469999 -0.02111273 -0.25386644
v 0.01489417 -0.02208365 -0.25193400
v 0.01437739 -0.02340848 -0.25028971
v -0.04634873 0.06022500 -0.47300226
v -0.04777691 0.06012165 -0.47463716
v -0.05051427 0.06290912 -0.47284253
v -0.04928653 0.06321605 -0.47107296
v -0.05396886 0.06484155 -0.47116378
v -0.04848161 0.06282142 -0.46909667
v -0.05299481 0.06528943 -0.46927520
v -0.05790576 0.06578741 -0.46971994
v 0.01169641 -0.01805278 -0.25189642
v -0.05227758 0.06494491 -0.46725506
v -0.05721986 0.06630732 -0.46772486
v 0.01195950 -0.01909260 -0.25000783
v 0.01164003 -0.02062414 -0.24849508
v 0.00818858 -0.01869171 -0.24681947
v 0.00825436 -0.01702236 -0.24820694
v 0.00425481 -0.01774585 -0.24537875
v 0.00790044 -0.01592929 -0.25005481
v 0.00403243 -0.01600759 -0.24665973
v 0.00010492 -0.01784920 -0.24426690
v -0.05660599 0.06598473 -0.46566714
v 0.00357516 -0.01488947 -0.24846689
v -0.00042125 -0.01611721 -0.24546958
v -0.00397293 -0.01899551 -0.24356533
v -0.00098188 -0.01500536 -0.24724855
v -0.00479977 -0.01734808 -0.24471164
v -0.00770626 -0.02110960 -0.24331477
v -0.06116616 0.06586884 -0.46444567
v -0.00546689 -0.01626441 -0.24647495
v -0.00880872 -0.01961564 -0.24444542
v -0.06167668 0.06619457 -0.46653157
v -0.06205565 0.06568406 -0.46861121
v -0.06565430 0.06460665 -0.46367207
v -0.06605833 0.06496370 -0.46577676
v -0.06613976 0.06453462 -0.46790652
v -0.00956979 -0.01858522 -0.24620246
v -0.06976034 0.06228585 -0.46339959
v -0.07006728 0.06269614 -0.46551055
v -0.06987622 0.06242366 -0.46765596
v -0.07300821 0.05948898 -0.46788146
v -0.07343103 0.05954536 -0.46575171
v -0.07532902 0.05593418 -0.46856110
v -0.07320240 0.05906303 -0.46364388
v -0.07592096 0.05573060 -0.46648146
v -0.07667264 0.05200040 -0.46965417
v -0.01301185 -0.02180803 -0.24644676
v -0.07575183 0.05515431 -0.46439243
v -0.07736481 0.05150868 -0.46765283
v -0.01216934 -0.02276016 -0.24468658
v -0.01083825 -0.02404114 -0.24354027
v -0.01556128 -0.02571049 -0.24719530
v -0.01465614 -0.02657492 -0.24541634
v -0.01315592 -0.02759282 -0.24421992
v -0.07723013 0.05083217 -0.46559198
v -0.01703958 -0.03003264 -0.24839486
v -0.01609999 -0.03079371 -0.24658770
v -0.01449954 -0.03152346 -0.24530985
v -0.01734652 -0.03447693 -0.24996398
v -0.01640066 -0.03513464 -0.24811924
v -0.01478142 -0.03556686 -0.24673803
v -0.07754020 0.04638475 -0.46716424
v -0.01646330 -0.03873643 -0.25179306
v -0.01553936 -0.03929392 -0.24990761
v -0.01397963 -0.03944426 -0.24840425
v -0.01214742 -0.04289258 -0.25019575
v -0.01357560 -0.04299593 -0.25183065
v -0.00941319 -0.04567692 -0.25199038
v -0.01063780 -0.04598698 -0.25375682
v -0.00596174 -0.04760935 -0.25366599
v -0.01445256 -0.04252927 -0.25376308
v -0.00693266 -0.04805723 -0.25555458
v -0.00202483 -0.04855521 -0.25510671
v -0.01144585 -0.04558922 -0.25573624
v -0.07665698 0.04212211 -0.46899645
v -0.07464311 0.03832927 -0.47096647
v -0.07766548 0.04716774 -0.46918750
v -0.07695452 0.04795387 -0.47108235
v -0.07680418 0.04300220 -0.47097586
v -0.07615273 0.04407334 -0.47274857
v -0.07483729 0.03930019 -0.47289891
v -0.07431738 0.04062502 -0.47454007
v -0.07158316 0.03783755 -0.47633783
v -0.07189949 0.03630914 -0.47482508
v -0.06812857 0.03590511 -0.47801344
v -0.07163640 0.03526619 -0.47293962
v -0.06819121 0.03423576 -0.47662597
v -0.06419167 0.03495925 -0.47945729
v -0.00764988 -0.04771271 -0.25757785
v -0.06784043 0.03314270 -0.47478123
v -0.06396616 0.03321787 -0.47817631
v -0.06003865 0.03506261 -0.48056914
v -0.00271074 -0.04907512 -0.25710178
v -0.05951247 0.03333062 -0.47936959
v -0.05595767 0.03620892 -0.48127384
v -0.06351202 0.03210288 -0.47636602
v -0.00332774 -0.04874940 -0.25916263
v -0.05894872 0.03221563 -0.47758749
v -0.05512769 0.03456149 -0.48012440
v -0.05222121 0.03832301 -0.48152127
v -0.05111875 0.03682905 -0.48039062
v 0.00123244 -0.04863665 -0.26038098
v -0.05446371 0.03347782 -0.47836109
v -0.05035767 0.03579863 -0.47863671
v 0.00174295 -0.04896237 -0.25829507
v 0.00212192 -0.04844873 -0.25621856
v 0.00571744 -0.04737759 -0.26115458
v 0.00982035 -0.04505678 -0.26143019
v 0.00612147 -0.04773150 -0.25904988
v 0.00620290 -0.04730242 -0.25692326
v 0.01012728 -0.04546394 -0.25931610
v 0.00993623 -0.04519146 -0.25717069
v -0.05271293 -0.04339996 -0.22701590
v -0.05634917 -0.04478743 -0.22666825
v -0.05336438 -0.04531674 -0.22622038
v -0.05606729 -0.04280802 -0.22751702
v -0.05936214 -0.04489079 -0.22722888
v -0.05210219 -0.04195298 -0.22851926
v -0.05944983 -0.04292390 -0.22814655
v -0.06226862 -0.04561741 -0.22787720
v -0.05570398 -0.04131719 -0.22905483
v -0.05162926 -0.04119191 -0.23049554
v -0.06271337 -0.04374135 -0.22887631
v -0.06494021 -0.04693911 -0.22858816
v -0.05933395 -0.04143934 -0.22973134
v -0.05531248 -0.04054046 -0.23104677
v -0.00977963 -0.00087696 -0.46279198
v -0.06283551 -0.04231943 -0.23051434
v -0.01346598 -0.00022550 -0.46334321
v -0.00951028 -0.00092080 -0.46494679
v -0.05903015 -0.04066887 -0.23173894
v -0.01310894 -0.00028501 -0.46548549
v -0.00948836 -0.00176018 -0.46695126
v -0.01718365 -0.00035391 -0.46403538
v -0.01270178 -0.00274049 -0.46894634
v -0.00971699 -0.00326666 -0.46849846
v -0.01284272 -0.00116823 -0.46745238
v -0.01571475 -0.00284385 -0.46950696
v -0.01673891 -0.00040716 -0.46616200
v -0.01622527 -0.00128098 -0.46808191
v -0.01861810 -0.00357047 -0.47015528
v -0.02076978 -0.00125280 -0.46483717
v -0.01948880 -0.00210156 -0.46881166
v -0.02129282 -0.00489217 -0.47086625
v -0.02024361 -0.00128725 -0.46694500
v -0.02248924 -0.00358613 -0.46961032
v -0.02361363 -0.00674943 -0.47160853
v -0.02346329 -0.00287830 -0.46780003
v -0.02406776 -0.00288456 -0.46571412
v -0.02509819 -0.00567203 -0.47044343
v -0.02548655 -0.00906397 -0.47234454
v -0.02626329 -0.00511767 -0.46869578
v -0.02693353 -0.00517718 -0.46662867
v -0.02719975 -0.00826845 -0.47127340
v -0.02682391 -0.01172930 -0.47304924
v -0.02851832 -0.00790514 -0.46958526
v -0.02924494 -0.00803042 -0.46754007
v -0.03013129 -0.01112169 -0.47043403
v -0.02870311 -0.01126263 -0.47206266
v -0.02953935 -0.01452303 -0.47277989
v -0.02756933 -0.01463265 -0.47368817
v -0.02967715 -0.01790871 -0.47339063
v -0.02769147 -0.01764562 -0.47423313
v -0.03103331 -0.01462012 -0.47120137
v -0.02910713 -0.02126933 -0.47387295
v -0.02718409 -0.02063667 -0.47465908
v -0.03118051 -0.01825323 -0.47185909
v -0.03089550 -0.01132214 -0.46841077
v -0.03181943 -0.01490513 -0.46919690
v -0.03056664 -0.02186128 -0.47237586
v -0.02785434 -0.02446083 -0.47420181
v -0.02606910 -0.02347738 -0.47495349
v -0.03196977 -0.01862593 -0.46987027
v -0.02597514 -0.02733913 -0.47436154
v -0.02439662 -0.02604248 -0.47509443
v -0.02922302 -0.02528454 -0.47272665
v -0.02355099 -0.02978208 -0.47434902
v -0.02223555 -0.02821608 -0.47508503
v -0.02720602 -0.02837581 -0.47290204
v -0.02460333 -0.03099729 -0.47288638
v -0.02068522 -0.03168319 -0.47416110
v -0.01968611 -0.02990736 -0.47491904
v -0.02153085 -0.03303621 -0.47268593
v -0.01750938 -0.03295791 -0.47381031
v -0.01685793 -0.03104427 -0.47460584
v -0.01387001 -0.03157044 -0.47415796
v -0.01811699 -0.03440489 -0.47231009
v -0.01415502 -0.03354986 -0.47330920
v -0.01086017 -0.03146709 -0.47360047
v -0.01859305 -0.03516596 -0.47033068
v -0.01077247 -0.03343397 -0.47267967
v -0.00795368 -0.03074046 -0.47294902
v -0.01451833 -0.03504068 -0.47177139
v -0.00750894 -0.03261653 -0.47194991
v -0.00528210 -0.02941877 -0.47223806
v -0.01088836 -0.03491854 -0.47109488
v -0.01490670 -0.03581742 -0.46977945
v -0.00450537 -0.03113196 -0.47115126
v -0.00295816 -0.02756150 -0.47149891
v -0.00738366 -0.03404158 -0.47031188
v -0.01118903 -0.03568901 -0.46908728
v -0.00189642 -0.02904606 -0.47032128
v -0.00108837 -0.02525009 -0.47075976
v -0.00416398 -0.03244740 -0.46945685
v 0.00020515 -0.02644964 -0.46949130
v 0.00024899 -0.02258164 -0.47005506
v -0.00136398 -0.03020803 -0.46856423
v 0.00089418 -0.02742056 -0.46767162
v 0.00170850 -0.02345546 -0.46869891
v 0.00250716 -0.02420714 -0.46682285
v 0.00254474 -0.02019506 -0.46798168
v 0.00099754 -0.01967828 -0.46941613
v 0.00340604 -0.02070557 -0.46605551
v 0.00268255 -0.01680938 -0.46737095
v 0.00111969 -0.01666531 -0.46887117
v 0.00211253 -0.01344876 -0.46689175
v 0.00061230 -0.01367426 -0.46844522
v 0.00355324 -0.01707247 -0.46539779
v 0.00085973 -0.01025726 -0.46656289
v -0.00050268 -0.01083355 -0.46815081
v 0.00294250 -0.01346442 -0.46488102
v 0.00359709 -0.01741699 -0.46325238
v -0.00101946 -0.00737896 -0.46640003
v -0.00217830 -0.00826845 -0.46800987
v 0.00159575 -0.01004115 -0.46453023
v -0.00344362 -0.00493601 -0.46641256
v -0.00433624 -0.00609485 -0.46801927
v -0.00042125 -0.00694988 -0.46435797
v 0.00297069 -0.01372437 -0.46272308
v 0.00159575 -0.01021655 -0.46236290
v -0.00302393 -0.00432841 -0.46437050
v -0.00630939 -0.00303490 -0.46660048
v -0.00688568 -0.00440358 -0.46818526
v -0.00948836 -0.00176018 -0.46695126
v -0.00971699 -0.00326666 -0.46849846
v -0.00609642 -0.00228948 -0.46457095
v -0.00951028 -0.00092080 -0.46494679
v -0.00047136 -0.00705324 -0.46218751
v -0.00313669 -0.00436599 -0.46220003
v -0.00628433 -0.00228009 -0.46240675
v -0.00977963 -0.00087696 -0.46279198
v -0.04025388 -0.05053150 -0.23006959
v -0.04232099 -0.04736819 -0.22989107
v -0.04498631 -0.04468094 -0.22990673
v -0.04813396 -0.04259191 -0.23011031
v -0.05162926 -0.04119191 -0.23049554
v -0.04301316 -0.04798206 -0.22792731
v -0.04869146 -0.04332166 -0.22814029
v -0.05210219 -0.04195298 -0.22851926
v -0.04561897 -0.04536059 -0.22793984
v -0.04953396 -0.04467468 -0.22666512
v -0.05271293 -0.04339996 -0.22701590
v -0.05336438 -0.04531674 -0.22622038
v -0.05053306 -0.04645052 -0.22591031
v -0.04798363 -0.04814179 -0.22574432
v -0.04667132 -0.04657580 -0.22648033
v -0.04582569 -0.05031852 -0.22573179
v -0.04424403 -0.04901875 -0.22646467
v -0.04415007 -0.05288049 -0.22587586
v -0.04236484 -0.05189705 -0.22662754
v -0.04303822 -0.05572120 -0.22616714
v -0.04099616 -0.05107333 -0.22809957
v -0.04111204 -0.05508854 -0.22695640
v -0.04253083 -0.05871225 -0.22659622
v -0.03965254 -0.05449660 -0.22845035
v -0.03887894 -0.05403933 -0.23042977
v -0.03825254 -0.05773194 -0.23095595
v -0.03904180 -0.05810465 -0.22896713
v -0.04054202 -0.05844916 -0.22743559
v -0.04265298 -0.06172522 -0.22714118
v 0.00344675 -0.02113779 -0.46392576
v -0.04067983 -0.06183484 -0.22804633
v -0.04339840 -0.06462858 -0.22777698
v 0.00252595 -0.02472078 -0.46471502
v -0.03840287 -0.06145274 -0.23162932
v 0.00087226 -0.02801250 -0.46558258
v -0.03932368 -0.06503574 -0.23241858
v -0.03918900 -0.06173775 -0.22962485
v -0.04008788 -0.06523932 -0.23039532
v -0.04097737 -0.06832746 -0.23328614
v -0.00143602 -0.03086574 -0.46649399
v -0.04151920 -0.06509524 -0.22876355
v -0.04170086 -0.06845274 -0.23124409
v -0.04302256 -0.06808942 -0.22955595
v -0.04473575 -0.06729703 -0.22848167
v -0.04512412 -0.07068584 -0.23038592
v -0.04660555 -0.06960844 -0.22922082
v -0.04328564 -0.07118070 -0.23419755
v -0.04395589 -0.07124020 -0.23213357
v -0.04773307 -0.07277488 -0.23121590
v -0.04892949 -0.07146571 -0.22995997
v -0.04675589 -0.07347958 -0.23302619
v -0.05073351 -0.07425944 -0.23201456
v -0.05160107 -0.07278741 -0.23067093
v -0.04615454 -0.07347644 -0.23511209
v -0.05399704 -0.07507689 -0.23274431
v -0.05450756 -0.07351403 -0.23132239
v -0.04997870 -0.07507376 -0.23388435
v -0.05737959 -0.07518964 -0.23337384
v -0.05751740 -0.07361738 -0.23188301
v -0.06050531 -0.07309121 -0.23232776
v -0.05348027 -0.07595072 -0.23466735
v -0.04945253 -0.07510508 -0.23599218
v -0.00430492 -0.03316149 -0.46740853
v -0.00760290 -0.03479326 -0.46828549
v -0.05303865 -0.07600396 -0.23679397
v -0.05675633 -0.07613237 -0.23748301
v -0.05711337 -0.07607286 -0.23534073
v -0.06044268 -0.07548092 -0.23803424
v -0.06071203 -0.07543707 -0.23587943
v -0.06073395 -0.07459770 -0.23387496
v -0.06333350 -0.07195430 -0.23264096
v -0.02208835 -0.03376597 -0.47071591
v -0.06391292 -0.07332298 -0.23422574
v -0.06588607 -0.07026302 -0.23280695
v -0.02523600 -0.03167693 -0.47092262
v -0.06393484 -0.07408092 -0.23842261
v -0.02790132 -0.02898968 -0.47093515
v -0.06708562 -0.07199188 -0.23862618
v -0.06412276 -0.07406839 -0.23625840
v -0.06719837 -0.07202947 -0.23645572
v -0.06975094 -0.06930464 -0.23864184
v -0.06677556 -0.07142499 -0.23441366
v -0.06804401 -0.06808942 -0.23281948
v -0.06980106 -0.06940799 -0.23647138
v -0.06920285 -0.06897891 -0.23442619
v -0.06971649 -0.06552433 -0.23267541
v -0.07181492 -0.06614133 -0.23846332
v -0.07108204 -0.06610061 -0.23426646
v -0.07083148 -0.06268361 -0.23238413
v -0.07181806 -0.06631672 -0.23629912
v -0.07233483 -0.06290912 -0.23393760
v -0.07133886 -0.05969256 -0.23195505
v -0.07316168 -0.06289346 -0.23594520
v -0.07319300 -0.06263350 -0.23810314
v -0.02996530 -0.02582638 -0.47075976
v -0.03134337 -0.02232168 -0.47039958
v -0.07381940 -0.05894089 -0.23757384
v -0.07377555 -0.05928541 -0.23542842
v -0.07366906 -0.05522008 -0.23690046
v -0.07290486 -0.05954849 -0.23345527
v -0.07121671 -0.05667959 -0.23141008
v -0.07276705 -0.05616595 -0.23284453
v -0.07047130 -0.05377624 -0.23077116
v -0.07362835 -0.05565230 -0.23477384
v -0.07192768 -0.05290241 -0.23212731
v -0.07042432 -0.04990823 -0.23133805
v -0.06913394 -0.05111092 -0.23006959
v -0.07272633 -0.05215387 -0.23400337
v -0.06832276 -0.04731181 -0.23050807
v -0.06726101 -0.04879638 -0.22933044
v -0.07111336 -0.04893732 -0.23315460
v -0.07274513 -0.05163709 -0.23611433
v -0.07109457 -0.04834537 -0.23524677
v -0.06885833 -0.04614985 -0.23226512
v -0.06878316 -0.04549213 -0.23433223
v -0.06571381 -0.04522591 -0.22967496
v -0.06605833 -0.04391048 -0.23137250
v -0.06261941 -0.04156775 -0.23254073
v -0.06591739 -0.04319951 -0.23341769
v -0.07316794 0.04210019 -0.47564253
v -0.07158316 0.03783755 -0.47633783
v -0.07431738 0.04062502 -0.47454007
v -0.07615273 0.04407334 -0.47274857
v -0.07073126 0.03961965 -0.47723984
v -0.06812857 0.03590511 -0.47801344
v -0.07479658 0.04517267 -0.47404521
v -0.07695452 0.04795387 -0.47108235
v -0.07155497 0.04350645 -0.47603089
v -0.06765564 0.03790019 -0.47873380
v -0.06419167 0.03495925 -0.47945729
v -0.06947220 0.04138609 -0.47739957
v -0.06414782 0.03705768 -0.48001791
v -0.06003865 0.03506261 -0.48056914
v -0.06684446 0.03991406 -0.47867429
v -0.06045207 0.03714851 -0.48100762
v -0.05595767 0.03620892 -0.48127384
v -0.06385028 0.03919370 -0.47977362
v -0.06145744 0.05092300 -0.47606848
v -0.06069010 0.03927513 -0.48061926
v -0.05681896 0.03817267 -0.48163402
v -0.05349279 0.04005187 -0.48185639
v -0.05222121 0.03832301 -0.48152127
v -0.05758317 0.04014896 -0.48115483
v -0.05474246 0.04175567 -0.48134275
v -0.05235588 0.04398564 -0.48117362
v -0.05070219 0.04266394 -0.48165594
v -0.04908609 0.04125768 -0.48129577
v -0.05059257 0.04669168 -0.48065371
v -0.04863821 0.04583038 -0.48105147
v -0.04676841 0.04481249 -0.48061612
v -0.04956841 0.04968586 -0.47982373
v -0.04743866 0.04933195 -0.48007742
v -0.04542166 0.04874627 -0.47952306
v -0.04935544 0.05276461 -0.47873693
v -0.04719123 0.05293373 -0.47880584
v -0.04514291 0.05278966 -0.47809487
v -0.04996617 0.05571494 -0.47746848
v -0.04790533 0.05638832 -0.47732127
v -0.04594470 0.05667020 -0.47642866
v -0.05135991 0.05834268 -0.47610606
v -0.04953709 0.05946080 -0.47572709
v -0.04777691 0.06012165 -0.47463716
v -0.05051427 0.06290912 -0.47284253
v -0.05197378 0.06194133 -0.47412665
v -0.05396886 0.06484155 -0.47116378
v -0.05344268 0.06046303 -0.47473738
v -0.05504939 0.06366079 -0.47263582
v -0.05790576 0.06578741 -0.46971994
v -0.05607042 0.06193194 -0.47346266
v -0.05855409 0.06450330 -0.47135170
v -0.06205565 0.06568406 -0.46861121
v -0.05906773 0.06265229 -0.47236334
v -0.06224983 0.06440934 -0.47036200
v -0.06613976 0.06453462 -0.46790652
v -0.06222478 0.06257399 -0.47151770
v -0.06588294 0.06338831 -0.46973247
v -0.06987622 0.06242366 -0.46765596
v -0.06533171 0.06170017 -0.47098213
v -0.06920911 0.06150912 -0.46951323
v -0.07300821 0.05948898 -0.46788146
v -0.06817555 0.06009346 -0.47079421
v -0.07199971 0.05889704 -0.46971054
v -0.07406369 0.05573060 -0.47031815
v -0.07532902 0.05593418 -0.46856110
v -0.07055900 0.05786035 -0.47096334
v -0.07232231 0.05515431 -0.47148325
v -0.07334647 0.05216013 -0.47231322
v -0.07526324 0.05222904 -0.47128906
v -0.07667264 0.05200040 -0.46965417
v -0.07355944 0.04908452 -0.47340002
v -0.07551380 0.04862725 -0.47256065
v -0.07294870 0.04613105 -0.47466848
v -0.00941319 -0.04567692 -0.25199038
v -0.01038724 -0.04223173 -0.24910582
v -0.01214742 -0.04289258 -0.25019575
v -0.01397963 -0.03944426 -0.24840425
v -0.00795368 -0.04470913 -0.25070313
v -0.00596174 -0.04760935 -0.25366599
v -0.01201900 -0.03915925 -0.24751164
v -0.01478142 -0.03556686 -0.24673803
v -0.00856442 -0.04111048 -0.24872685
v -0.00488120 -0.04642859 -0.25219396
v -0.00202483 -0.04855521 -0.25510671
v -0.00648478 -0.04323083 -0.25009239
v -0.00137651 -0.04727110 -0.25347807
v 0.00212192 -0.04844873 -0.25621856
v -0.00385704 -0.04469974 -0.25136711
v 0.00231611 -0.04717714 -0.25446778
v 0.00620290 -0.04730242 -0.25692326
v -0.00086599 -0.04542009 -0.25246331
v 0.00594608 -0.04615611 -0.25509418
v 0.00993623 -0.04519146 -0.25717069
v 0.00229105 -0.04533866 -0.25330895
v 0.00152371 -0.03370019 -0.24876443
v 0.00539485 -0.04446797 -0.25384452
v 0.00926912 -0.04427692 -0.25531342
v 0.00823556 -0.04286126 -0.25403243
v 0.01205972 -0.04166797 -0.25511610
v 0.01306822 -0.04225992 -0.25694518
v 0.01061587 -0.04063128 -0.25386331
v 0.01412057 -0.03850466 -0.25450850
v 0.01538589 -0.03870824 -0.25626554
v 0.01237918 -0.03792838 -0.25334653
v 0.01532012 -0.03500623 -0.25353758
v 0.01672952 -0.03477447 -0.25517561
v 0.01340334 -0.03493733 -0.25251655
v 0.01556755 -0.03140758 -0.25226913
v 0.01701139 -0.03073420 -0.25374742
v 0.01361632 -0.03186172 -0.25142975
v 0.01485345 -0.02795613 -0.25078456
v 0.01620647 -0.02685680 -0.25208121
v 0.01300558 -0.02891138 -0.25016130
v 0.01322482 -0.02488365 -0.24919038
v 0.01437739 -0.02340848 -0.25028971
v 0.01164003 -0.02062414 -0.24849508
v 0.01161185 -0.02628991 -0.24879888
v 0.01078813 -0.02240624 -0.24759307
v 0.00818858 -0.01869171 -0.24681947
v 0.00953221 -0.02417269 -0.24743334
v 0.00771565 -0.02068678 -0.24610224
v 0.00425481 -0.01774585 -0.24537875
v 0.00690760 -0.02270378 -0.24616175
v 0.00421409 -0.01984428 -0.24481813
v 0.00010492 -0.01784920 -0.24426690
v 0.00391342 -0.02198343 -0.24506242
v 0.00052148 -0.01993824 -0.24382842
v -0.00397293 -0.01899551 -0.24356533
v 0.00075638 -0.02206173 -0.24421678
v -0.00311163 -0.02095927 -0.24320202
v -0.00770626 -0.02110960 -0.24331477
v -0.00234743 -0.02293555 -0.24368435
v -0.00643467 -0.02283846 -0.24298278
v -0.00922214 -0.02544740 -0.24318010
v -0.01083825 -0.02404114 -0.24354027
v -0.00518501 -0.02453913 -0.24349329
v -0.00756845 -0.02677224 -0.24366555
v -0.00933176 -0.02947201 -0.24418233
v -0.01128612 -0.02861071 -0.24378770
v -0.01315592 -0.02759282 -0.24421992
v -0.01035592 -0.03246306 -0.24501231
v -0.01248254 -0.03210914 -0.24475862
v -0.01449954 -0.03152346 -0.24530985
v -0.01056889 -0.03553867 -0.24609598
v -0.01273310 -0.03570780 -0.24602707
v -0.00995816 -0.03848900 -0.24736443
v -0.02478186 -0.01244652 -0.47324342
v -0.02756933 -0.01463265 -0.47368817
v -0.02682391 -0.01172930 -0.47304924
v -0.02548655 -0.00906397 -0.47234454
v -0.02542078 -0.01492706 -0.47378839
v -0.02769147 -0.01764562 -0.47423313
v -0.02363868 -0.01016643 -0.47264208
v -0.02361363 -0.00674943 -0.47160853
v -0.02552414 -0.01750155 -0.47425506
v -0.02718409 -0.02063667 -0.47465908
v -0.02203824 -0.00819015 -0.47200942
v -0.02129282 -0.00489217 -0.47086625
v -0.02508879 -0.02006038 -0.47461837
v -0.02606910 -0.02347738 -0.47495349
v -0.02005255 -0.00660223 -0.47137676
v -0.01861810 -0.00357047 -0.47015528
v -0.02413667 -0.02248768 -0.47486893
v -0.02439662 -0.02604248 -0.47509443
v -0.01776934 -0.00547472 -0.47076915
v -0.01571475 -0.00284385 -0.46950696
v -0.02270848 -0.02467694 -0.47499107
v -0.02223555 -0.02821608 -0.47508503
v -0.01528567 -0.00485145 -0.47021479
v -0.01270178 -0.00274049 -0.46894634
v -0.02086061 -0.02653734 -0.47498168
v -0.01968611 -0.02990736 -0.47491904
v -0.01271431 -0.00476375 -0.46973560
v -0.00971699 -0.00326666 -0.46849846
v -0.01868388 -0.02798432 -0.47484074
v -0.01685793 -0.03104427 -0.47460584
v -0.01016174 -0.00521476 -0.46935349
v -0.01626285 -0.02895210 -0.47457452
v -0.00774384 -0.00618568 -0.46908728
v -0.00688568 -0.00440358 -0.46818526
v -0.01371341 -0.02940311 -0.47419242
v -0.01387001 -0.03157044 -0.47415796
v -0.00556398 -0.00762952 -0.46894634
v -0.00433624 -0.00609485 -0.46801927
v -0.01113892 -0.02931541 -0.47371322
v -0.01086017 -0.03146709 -0.47360047
v -0.00371924 -0.00948992 -0.46893381
v -0.00217830 -0.00826845 -0.46800987
v -0.00865525 -0.02869528 -0.47315886
v -0.00795368 -0.03074046 -0.47294902
v -0.00228792 -0.01168232 -0.46905909
v -0.00050268 -0.01083355 -0.46815081
v -0.00637203 -0.02756463 -0.47255125
v -0.00528210 -0.02941877 -0.47223806
v -0.00133579 -0.01410961 -0.46930652
v 0.00061230 -0.01367426 -0.46844522
v -0.00438635 -0.02597671 -0.47191546
v -0.00295816 -0.02756150 -0.47149891
v -0.00090045 -0.01666531 -0.46967296
v 0.00111969 -0.01666531 -0.46887117
v -0.00278590 -0.02400043 -0.47128593
v -0.00108837 -0.02525009 -0.47075976
v -0.00100693 -0.01923980 -0.47013962
v 0.00099754 -0.01967828 -0.46941613
v -0.00164273 -0.02172347 -0.47068459
v 0.00024899 -0.02258164 -0.47005506
v -0.01321229 -0.01708500 -0.47196244
v -0.06857645 -0.05463440 -0.23014163
v -0.06913394 -0.05111092 -0.23006959
v -0.07047130 -0.05377624 -0.23077116
v -0.07121671 -0.05667959 -0.23141008
v -0.06743327 -0.05235745 -0.22954029
v -0.06726101 -0.04879638 -0.22933044
v -0.06921537 -0.05711807 -0.23068973
v -0.07133886 -0.05969256 -0.23195505
v -0.06583596 -0.05038116 -0.22891076
v -0.06494021 -0.04693911 -0.22858816
v -0.06931873 -0.05969256 -0.23115326
v -0.07083148 -0.06268361 -0.23238413
v -0.06385028 -0.04879324 -0.22827810
v -0.06226862 -0.04561741 -0.22787720
v -0.06888652 -0.06225140 -0.23151970
v -0.06971649 -0.06552433 -0.23267541
v -0.06156706 -0.04766260 -0.22767049
v -0.05936214 -0.04489079 -0.22722888
v -0.06793439 -0.06467869 -0.23177026
v -0.06804401 -0.06808942 -0.23281948
v -0.05908339 -0.04704246 -0.22711613
v -0.05634917 -0.04478743 -0.22666825
v -0.06650307 -0.06686795 -0.23189241
v -0.06588607 -0.07026302 -0.23280695
v -0.05650890 -0.04695477 -0.22663693
v -0.05336438 -0.04531674 -0.22622038
v -0.06465833 -0.06872835 -0.23188301
v -0.06333350 -0.07195430 -0.23264096
v -0.05395633 -0.04740577 -0.22625483
v -0.05053306 -0.04645052 -0.22591031
v -0.06247847 -0.07017220 -0.23174207
v -0.06050531 -0.07309121 -0.23232776
v -0.05153843 -0.04837356 -0.22598548
v -0.06006057 -0.07114311 -0.23147272
v -0.05751740 -0.07361738 -0.23188301
v -0.04935857 -0.04982054 -0.22584454
v -0.04798363 -0.04814179 -0.22574432
v -0.05750800 -0.07159412 -0.23109062
v -0.04751383 -0.05168094 -0.22583514
v -0.04582569 -0.05031852 -0.22573179
v -0.05493351 -0.07150642 -0.23061456
v -0.05450756 -0.07351403 -0.23132239
v -0.04608251 -0.05387020 -0.22595729
v -0.04415007 -0.05288049 -0.22587586
v -0.05244984 -0.07088316 -0.23005706
v -0.05160107 -0.07278741 -0.23067093
v -0.04513038 -0.05629749 -0.22620785
v -0.04303822 -0.05572120 -0.22616714
v -0.05016662 -0.06975564 -0.22944946
v -0.04892949 -0.07146571 -0.22995997
v -0.04469817 -0.05885632 -0.22657429
v -0.04253083 -0.05871225 -0.22659622
v -0.04818094 -0.06816772 -0.22881680
v -0.04660555 -0.06960844 -0.22922082
v -0.04480153 -0.06143082 -0.22703783
v -0.04265298 -0.06172522 -0.22714118
v -0.04658363 -0.06619144 -0.22818727
v -0.04473575 -0.06729703 -0.22848167
v -0.04544045 -0.06391135 -0.22758593
v -0.04339840 -0.06462858 -0.22777698
v -0.05701002 -0.05927288 -0.22886378
vn 0.00000000 0.00000000 -1.00000000
vn 0.00000000 0.00000000 -1.00000000
vn 0.00000000 0.00000000 -1.00000000
vn 0.00000000 0.00000000 -1.00000000
vn -0.03930121 0.03150097 -0.99873075
vn -0.03929821 0.03929821 -0.99845446
vn -0.25951052 0.20450829 -0.94383825
vn -0.23611196 0.22821156 -0.94454784
vn -0.55100935 0.44090748 -0.70851202
vn -0.50532762 0.48952675 -0.71063884
vn -0.72301050 0.57360833 -0.38500559
vn -0.66808446 0.63668519 -0.38509104
vn -0.77687995 0.61998400 -0.10989716
vn -0.71839890 0.68679895 -0.11049983
vn -0.77811047 0.62100835 0.09430127
vn -0.71953862 0.68793692 0.09490509
vn -0.72974836 0.58065891 0.36097446
vn -0.67493265 0.64353113 0.36101746
vn -0.56710110 0.45690089 0.68530133
vn -0.52720202 0.50350193 0.68450262
vn -0.29859603 0.28289623 0.91148787
vn -0.32249752 0.25169806 0.91249298
vn -0.48771159 0.46411103 0.73941758
vn -0.52752319 0.41721834 0.74003253
vn -0.70390617 0.56150492 0.43500382
vn -0.65299189 0.62159228 0.43269462
vn -0.55107899 0.44088319 0.70847298
vn -0.51118465 0.48758536 0.70777875
vn -0.29210183 0.27630173 0.91560574
vn -0.31539338 0.25239470 0.91478081
vn -0.01569927 0.01569927 0.99975350
vn -0.01569927 0.01569927 0.99975350
vn 0.26739639 -0.25949650 0.92798747
vn 0.29079250 -0.23579392 0.92727609
vn 0.50440912 -0.48080869 0.71721297
vn 0.54439429 -0.43389545 0.71789247
vn 0.71788429 -0.56808756 0.40239119
vn 0.66290585 -0.63130557 0.40250355
vn 0.77755863 -0.62046699 0.10209457
vn 0.71899028 -0.68739070 0.10269861
vn 0.77692811 -0.61992243 -0.10990398
vn 0.71839890 -0.68679895 -0.11049983
vn 0.71471810 -0.57331452 -0.40061015
vn 0.65956847 -0.63606959 -0.40048085
vn 0.55107899 -0.44088319 -0.70847298
vn 0.51118465 -0.48758536 -0.70777875
vn 0.43498711 -0.34798969 -0.83047540
vn 0.40289964 -0.38699966 -0.82939927
vn 0.00000000 0.00000000 -1.00000000
vn 0.00000000 0.00000000 -1.00000000
vn 0.00000000 0.00000000 -1.00000000
vn 0.00000000 0.00000000 -1.00000000
vn -0.03929821 0.03929821 -0.99845446
vn -0.03150097 0.03930121 -0.99873075
vn -0.23610657 0.22830635 -0.94452628
vn -0.21989420 0.25139337 -0.94257515
vn -0.50532762 0.48952675 -0.71063884
vn -0.46539781 0.52849751 -0.70999666
vn -0.60730900 0.69411029 -0.38650573
vn -0.66812700 0.63662573 -0.38511556
vn -0.65389884 0.74849867 -0.11029980
vn -0.71839890 0.68679895 -0.11049983
vn -0.65498586 0.74968381 0.09469796
vn -0.71958684 0.68788742 0.09489826
vn -0.67493265 0.64353113 0.36101746
vn -0.61429177 0.70099061 0.36229515
vn -0.52710326 0.50360312 0.68450424
vn -0.47942875 0.55013299 0.68374101
vn -0.26768788 0.30708609 0.91325863
vn -0.29859603 0.28289623 0.91148787
vn -0.44178193 0.50487935 0.74156967
vn -0.48771159 0.46411103 0.73941758
vn -0.65303248 0.62153091 0.43272152
vn -0.59209489 0.67889414 0.43419625
vn -0.51118465 0.48758536 0.70777875
vn -0.46348821 0.53418641 0.70698201
vn -0.26829126 0.29989023 0.91547018
vn -0.29201036 0.27630980 0.91563248
vn -0.01569927 0.01569927 0.99975350
vn -0.01569927 0.01569927 0.99975350
vn 0.24370969 -0.28301126 0.92763690
vn 0.26739639 -0.25949650 0.92798747
vn 0.45660713 -0.52750824 0.71641119
vn 0.50440912 -0.48080869 0.71721297
vn 0.66290585 -0.63130557 0.40250355
vn 0.59857831 -0.69307489 0.40168545
vn 0.71899028 -0.68739070 0.10269861
vn 0.65449106 -0.74908977 0.10249860
vn 0.65389884 -0.74849867 -0.11029980
vn 0.71839890 -0.68679895 -0.11049983
vn 0.60360089 -0.68980102 -0.39980059
vn 0.65956847 -0.63606959 -0.40048085
vn 0.46539781 -0.52849751 -0.70999666
vn 0.51118465 -0.48758536 -0.70777875
vn 0.40289964 -0.38699966 -0.82939927
vn 0.37109726 -0.41839691 -0.82899388
vn 0.00000000 0.00000000 -1.00000000
vn 0.00000000 0.00000000 -1.00000000
vn 0.00000000 0.00000000 -1.00000000
vn 0.00000000 0.00000000 -1.00000000
vn -0.03150085 0.03940106 -0.99872682
vn -0.03150085 0.03940106 -0.99872682
vn -0.21989420 0.25139337 -0.94257515
vn -0.19658974 0.26728605 -0.94335075
vn -0.46539781 0.52849751 -0.70999666
vn -0.41129110 0.56938768 -0.71178459
vn -0.54231296 0.74671785 -0.38510921
vn -0.60730900 0.69411029 -0.38650573
vn -0.58360077 0.80450106 -0.11040015
vn -0.65389884 0.74849867 -0.11029980
vn -0.58458309 0.80577670 0.09479726
vn -0.65498586 0.74968381 0.09469796
vn -0.61429177 0.70099061 0.36229515
vn -0.54940115 0.75350157 0.36110075
vn -0.47942875 0.55013299 0.68374101
vn -0.42550293 0.59090407 0.68540472
vn -0.24370203 0.33020275 0.91190760
vn -0.26768788 0.30708609 0.91325863
vn -0.39408526 0.54387965 0.74087228
vn -0.44178193 0.50487935 0.74156967
vn -0.59209489 0.67889414 0.43419625
vn -0.52700948 0.73151316 0.43260778
vn -0.46348821 0.53418641 0.70698201
vn -0.41589025 0.57288656 0.70628343
vn -0.23689715 0.32379611 0.91598899
vn -0.26829126 0.29989023 0.91547018
vn -0.01569997 0.02359996 0.99959820
vn -0.01569927 0.01569927 0.99975350
vn 0.22029501 -0.29899322 0.92847895
vn 0.24370969 -0.28301126 0.92763690
vn 0.40892760 -0.56623822 0.71564830
vn 0.45660713 -0.52750824 0.71641119
vn 0.59857831 -0.69307489 0.40168545
vn 0.53660424 -0.74170586 0.40240318
vn 0.65449106 -0.74908977 0.10249860
vn 0.58413342 -0.80514606 0.10260587
vn 0.58360077 -0.80450106 -0.11040015
vn 0.65389884 -0.74849867 -0.11029980
vn 0.53653302 -0.74174566 -0.40242477
vn 0.60360089 -0.68980102 -0.39980059
vn 0.41777559 -0.56756684 -0.70945855
vn 0.46539781 -0.52849751 -0.70999666
vn 0.37109726 -0.41839691 -0.82899388
vn 0.33160740 -0.45011004 -0.82911850
vn 0.00000000 0.00000000 -1.00000000
vn 0.00000000 0.00000000 -1.00000000
vn 0.00000000 0.00000000 -1.00000000
vn 0.00000000 0.00000000 -1.00000000
vn -0.03140107 0.03930133 -0.99873389
vn -0.02360016 0.04720031 -0.99860661
vn -0.19649360 0.26729130 -0.94336929
vn -0.17299814 0.28299695 -0.94338983
vn -0.41129110 0.56938768 -0.71178459
vn -0.36200563 0.60600943 -0.70831102
vn -0.47137992 0.79346620 -0.38498360
vn -0.54231296 0.74671785 -0.38510921
vn -0.51248284 0.85157149 -0.11039630
vn -0.58360077 0.80450106 -0.11040015
vn -0.50988755 0.85507912 0.09409770
vn -0.58458309 0.80577670 0.09479726
vn -0.54940115 0.75350157 0.36110075
vn -0.47867251 0.80035404 0.36097927
vn -0.42542103 0.59092921 0.68543389
vn -0.37138471 0.62417430 0.68737169
vn -0.21210200 0.35340333 0.91110857
vn -0.24370203 0.33020275 0.91190760
vn -0.34670769 0.57531277 0.74081644
vn -0.39410669 0.54380923 0.74091257
vn -0.52700948 0.73151316 0.43260778
vn -0.46489551 0.77209255 0.43329582
vn -0.41589025 0.57288656 0.70628343
vn -0.36200563 0.60600943 0.70831102
vn -0.20510488 0.34710826 0.91512177
vn -0.23689715 0.32379611 0.91598899
vn -0.01569997 0.02359996 0.99959820
vn -0.01569997 0.02359996 0.99959820
vn 0.18870691 -0.32231181 0.92763398
vn 0.22029501 -0.29899322 0.92847895
vn 0.35488860 -0.59928075 0.71757694
vn 0.40889834 -0.56619770 0.71569709
vn 0.53660424 -0.74170586 0.40240318
vn 0.47137574 -0.78565956 0.40067938
vn 0.58413342 -0.80514606 0.10260587
vn 0.51297152 -0.85225268 0.10259430
vn 0.51252648 -0.85154400 -0.11040570
vn 0.58366670 -0.80445411 -0.11039370
vn 0.47141277 -0.78562129 -0.40071086
vn 0.53653302 -0.74174566 -0.40242477
vn 0.36200563 -0.60600943 -0.70831102
vn 0.41777559 -0.56756684 -0.70945855
vn 0.33160740 -0.45011004 -0.82911850
vn 0.28420722 -0.48161223 -0.82902106
vn 0.00000000 0.00000000 -1.00000000
vn 0.00000000 0.00000000 -1.00000000
vn 0.00000000 0.00000000 -1.00000000
vn 0.00000000 0.00000000 -1.00000000
vn 0.02360016 0.04720031 -0.99860661
vn 0.01569941 0.04719821 -0.99876216
vn 0.14160273 0.29890576 -0.94371819
vn 0.11799982 0.30689954 -0.94439860
vn 0.30811993 0.63204089 -0.71104600
vn 0.24419759 0.66169347 -0.70889300
vn 0.32230606 0.86471625 -0.38520724
vn 0.40022171 0.83184512 -0.38452086
vn 0.34730678 0.93121817 -0.11050216
vn 0.43190029 0.89520060 -0.10990007
vn 0.43261175 0.89662435 0.09440256
vn 0.34778493 0.93275957 0.09489589
vn 0.40108576 0.84157012 0.36178715
vn 0.32998872 0.87207019 0.36138765
vn 0.31570415 0.65500860 0.68650901
vn 0.25908565 0.68296216 0.68296216
vn 0.14150262 0.38520715 0.91191692
vn 0.18069552 0.36929085 0.91157742
vn 0.23619546 0.62978788 0.73998576
vn 0.29130959 0.60621997 0.74002437
vn 0.39360615 0.81091266 0.43300676
vn 0.31549074 0.84397523 0.43378727
vn 0.30658865 0.63677642 0.70747381
vn 0.25160164 0.66040430 0.70750461
vn 0.14199273 0.37848063 0.91465320
vn 0.17359599 0.36299161 0.91547885
vn 0.00789992 0.02359977 0.99969027
vn 0.00789992 0.02359977 0.99969027
vn -0.13379633 -0.34619051 0.92857454
vn -0.16489949 -0.33769895 0.92669713
vn -0.24409764 -0.65349369 0.71649308
vn -0.29920954 -0.63002010 0.71662286
vn -0.39369097 -0.82688104 0.40159079
vn -0.32248348 -0.85735608 0.40117945
vn -0.43222626 -0.89595444 0.10220621
vn -0.34751259 -0.93203377 0.10270372
vn -0.43190029 -0.89520060 -0.10990007
vn -0.34721883 -0.93125051 -0.11050599
vn -0.32248348 -0.85735608 -0.40117945
vn -0.40029385 -0.82428733 -0.40039385
vn -0.24419759 -0.66169347 -0.70889300
vn -0.30660817 -0.63671697 -0.70751886
vn -0.24448945 -0.50467821 -0.82796426
vn -0.19759457 -0.52178565 -0.82987717
vn 0.00000000 0.00000000 -1.00000000
vn 0.00000000 0.00000000 -1.00000000
vn 0.00000000 0.00000000 -1.00000000
vn 0.00000000 0.00000000 -1.00000000
vn 0.02360016 0.04720031 -0.99860661
vn 0.02360027 0.04710053 -0.99861132
vn 0.17290113 0.28300184 -0.94340615
vn 0.14160696 0.29881469 -0.94374639
vn 0.36200563 0.60600943 -0.70831102
vn 0.30809803 0.63199595 -0.71109544
vn 0.40022171 0.83184512 -0.38452086
vn 0.47137992 0.79346620 -0.38498360
vn 0.43190029 0.89520060 -0.10990007
vn 0.51248284 0.85157149 -0.11039630
vn 0.50988755 0.85507912 0.09409770
vn 0.43261175 0.89662435 0.09440256
vn 0.47859542 0.80039235 0.36099655
vn 0.40111951 0.84154094 0.36181760
vn 0.37138471 0.62417430 0.68737169
vn 0.31568247 0.65496363 0.68656188
vn 0.18069552 0.36929085 0.91157742
vn 0.21199900 0.35349833 0.91109569
vn 0.29130959 0.60621997 0.74002437
vn 0.34679567 0.57529282 0.74079075
vn 0.46481712 0.77212844 0.43331596
vn 0.39369065 0.81088074 0.43298972
vn 0.36200563 0.60600943 0.70831102
vn 0.30660817 0.63671697 0.70751886
vn 0.17359599 0.36299161 0.91547885
vn 0.20510488 0.34710826 0.91512177
vn 0.00789992 0.02359977 0.99969027
vn 0.01579995 0.02359992 0.99959662
vn -0.16489949 -0.33769895 0.92669713
vn -0.18870691 -0.32231181 0.92763398
vn -0.29930059 -0.63000124 0.71660142
vn -0.35488860 -0.59928075 0.71757694
vn -0.47141277 -0.78562129 0.40071086
vn -0.39372353 -0.82684941 0.40162400
vn -0.51289783 -0.85229639 0.10259957
vn -0.43218754 -0.89597416 0.10219705
vn -0.51248284 -0.85157149 -0.11039630
vn -0.43190029 -0.89520060 -0.10990007
vn -0.40037782 -0.82425433 -0.40037782
vn -0.47141277 -0.78562129 -0.40071086
vn -0.30658865 -0.63677642 -0.70747381
vn -0.36200563 -0.60600943 -0.70831102
vn -0.28429914 -0.48159854 -0.82899749
vn -0.24448945 -0.50467821 -0.82796426
vn 0.00000000 0.00000000 -1.00000000
vn 0.00000000 0.00000000 -1.00000000
vn 0.00000000 0.00000000 -1.00000000
vn 0.00000000 0.00000000 -1.00000000
vn 0.04719821 0.01569941 -0.99876216
vn 0.04720031 0.02360016 -0.99860661
vn 0.31460194 0.10220063 -0.94370581
vn 0.30630794 0.13350346 -0.94252442
vn 0.66970494 0.22060163 -0.70910523
vn 0.64729769 0.27629901 -0.71039746
vn 0.84902776 0.36161182 -0.38521260
vn 0.87702798 0.28440907 -0.38721235
vn 0.91273245 0.39341399 -0.11020392
vn 0.94522790 0.30720907 -0.11030326
vn 0.91418829 0.39409495 0.09459879
vn 0.94676326 0.30768806 0.09469632
vn 0.85623221 0.36921389 0.36131359
vn 0.88633529 0.29021156 0.36081437
vn 0.67008819 0.28379500 0.68588791
vn 0.69238849 0.22819621 0.68448862
vn 0.37760353 0.15730147 0.91250853
vn 0.38601883 0.12600615 0.91384458
vn 0.62008292 0.26679265 0.73777968
vn 0.63892135 0.20510685 0.74142477
vn 0.82817860 0.35489083 0.43378879
vn 0.85822077 0.27560667 0.43301048
vn 0.65182460 0.27481037 0.70682668
vn 0.67398470 0.21949502 0.70538398
vn 0.37080287 0.15780122 0.91520708
vn 0.37929501 0.12649834 0.91658795
vn 0.02349981 0.00799993 0.99969183
vn 0.02349981 0.00799993 0.99969183
vn -0.34549428 -0.14919753 0.92648465
vn -0.35381987 -0.11790662 0.92785210
vn -0.64368897 -0.27469529 0.71428776
vn -0.66272628 -0.21300845 0.71792847
vn -0.84157012 -0.36178715 0.40108576
vn -0.87159734 -0.28269914 0.40049878
vn -0.91347878 -0.39379085 0.10239762
vn -0.94601017 -0.30750331 0.10250110
vn -0.91273245 -0.39341399 -0.11020392
vn -0.94522790 -0.30720907 -0.11030326
vn -0.84154094 -0.36181760 -0.40111951
vn -0.87159734 -0.28269914 -0.40049878
vn -0.64729769 -0.27629901 -0.71039746
vn -0.66970494 -0.22060163 -0.70910523
vn -0.52968534 -0.17389519 -0.83017703
vn -0.51331675 -0.22110721 -0.82922706
vn 0.00000000 0.00000000 -1.00000000
vn 0.00000000 0.00000000 -1.00000000
vn 0.00000000 0.00000000 -1.00000000
vn 0.00000000 0.00000000 -1.00000000
vn 0.04719784 0.00789964 -0.99885432
vn 0.04719821 0.01569941 -0.99876216
vn 0.32250547 0.07080120 -0.94391600
vn 0.31460194 0.10220063 -0.94370581
vn 0.68629707 0.15779933 -0.70999697
vn 0.66970494 0.22060163 -0.70910523
vn 0.87702798 0.28440907 -0.38721235
vn 0.89919600 0.20509909 -0.38649828
vn 0.94522790 0.30720907 -0.11030326
vn 0.96910714 0.22060163 -0.11030081
vn 0.94676326 0.30768806 0.09469632
vn 0.97068865 0.22089742 0.09469889
vn 0.88633529 0.29021156 0.36081437
vn 0.91001601 0.20400359 0.36090635
vn 0.69238849 0.22819621 0.68448862
vn 0.70910489 0.16550114 0.68540472
vn 0.38601396 0.12610456 0.91383306
vn 0.40067938 0.09429515 0.91135309
vn 0.63892135 0.20510685 0.74142477
vn 0.65442990 0.14980685 0.74113387
vn 0.85822077 0.27560667 0.43301048
vn 0.88010656 0.19650146 0.43220322
vn 0.67398470 0.21949502 0.70538398
vn 0.69045640 0.15689009 0.70615541
vn 0.37929981 0.12639994 0.91659954
vn 0.39429039 0.08679788 0.91487770
vn 0.02359979 0.00779993 0.99969106
vn 0.02359979 0.00779993 0.99969106
vn -0.35381987 -0.11790662 0.92785210
vn -0.36181145 -0.08650274 0.92822937
vn -0.66272628 -0.21300845 0.71792847
vn -0.67828187 -0.15769578 0.71768081
vn -0.87159734 -0.28269914 0.40049878
vn -0.89208385 -0.20519628 0.40259271
vn -0.94603926 -0.30741276 0.10250425
vn -0.96991702 -0.22080388 0.10250180
vn -0.94522790 -0.30720907 -0.11030326
vn -0.96910714 -0.22060163 -0.11030081
vn -0.87159734 -0.28269914 -0.40049878
vn -0.89206554 -0.20529207 -0.40258445
vn -0.66970494 -0.22060163 -0.70910523
vn -0.68629707 -0.15779933 -0.70999697
vn -0.54480007 -0.12630002 -0.82900011
vn -0.52968534 -0.17389519 -0.83017703
vn 0.00000000 0.00000000 -1.00000000
vn 0.00000000 0.00000000 -1.00000000
vn 0.00000000 0.00000000 -1.00000000
vn 0.00000000 0.00000000 -1.00000000
vn 0.04710064 -0.02350032 -0.99861367
vn 0.04720031 -0.02360016 -0.99860661
vn 0.30630794 -0.13350346 -0.94252442
vn 0.29100088 -0.15730047 -0.94370284
vn 0.64729769 -0.27629901 -0.71039746
vn 0.62251068 -0.33090568 -0.70921216
vn 0.84902776 -0.36161182 -0.38521260
vn 0.81339795 -0.43429890 -0.38699902
vn 0.91273245 -0.39341399 -0.11020392
vn 0.87435969 -0.47257821 -0.11029491
vn 0.91418829 -0.39409495 0.09459879
vn 0.87573234 -0.47341748 0.09470350
vn 0.85623221 -0.36921389 0.36131359
vn 0.82045738 -0.44177705 0.36288115
vn 0.67008819 -0.28379500 0.68588791
vn 0.64369895 -0.34539944 0.68289889
vn 0.36139726 -0.19639851 0.91149309
vn 0.37760353 -0.15730147 0.91250853
vn 0.59181495 -0.31560797 0.74171873
vn 0.62000482 -0.26690208 0.73780574
vn 0.82817860 -0.35489083 0.43378879
vn 0.79497917 -0.42498886 0.43288866
vn 0.65180668 -0.27490282 0.70680725
vn 0.62091040 -0.33790566 0.70731184
vn 0.35511322 -0.18940705 0.91543409
vn 0.37080287 -0.15780122 0.91520708
vn 0.02359977 -0.00789992 0.99969027
vn 0.02359977 -0.00789992 0.99969027
vn -0.33029579 0.17299779 0.92788817
vn -0.34549428 0.14919753 0.92648465
vn -0.61420725 0.33070391 0.71650846
vn -0.64368897 0.27469529 0.71428776
vn -0.84157012 0.36178715 0.40108576
vn -0.80562314 0.43441248 0.40281157
vn -0.91351475 0.39370636 0.10240165
vn -0.87508457 0.47299166 0.10249819
vn -0.91273245 0.39341399 -0.11020392
vn -0.87433614 0.47261953 -0.11030456
vn -0.84157012 0.36178715 -0.40108576
vn -0.80835330 0.43167506 -0.40027688
vn -0.64729769 0.27629901 -0.71039746
vn -0.62249007 0.33099472 -0.70918869
vn -0.51331675 0.22110721 -0.82922706
vn -0.48981118 0.26860613 -0.82941893
vn 0.00000000 0.00000000 -1.00000000
vn 0.00000000 0.00000000 -1.00000000
vn 0.00000000 0.00000000 -1.00000000
vn 0.00000000 0.00000000 -1.00000000
vn 0.04720031 -0.02360016 -0.99860661
vn 0.03930133 -0.03140107 -0.99873389
vn 0.29100088 -0.15730047 -0.94370284
vn 0.27540951 -0.18100625 -0.94413259
vn 0.62249007 -0.33099472 -0.70918869
vn 0.58541509 -0.38770999 -0.71201835
vn 0.81339795 -0.43429890 -0.38699902
vn 0.76928320 -0.51018886 -0.38459160
vn 0.87433614 -0.47261953 -0.11030456
vn 0.82698893 -0.55129262 -0.11029852
vn 0.87575565 -0.47337603 0.09469520
vn 0.83078895 -0.54859270 0.09399875
vn 0.82045738 -0.44177705 0.36288115
vn 0.77919859 -0.51159908 0.36209935
vn 0.64369895 -0.34539944 0.68289889
vn 0.60688916 -0.40189282 0.68568776
vn 0.33840403 -0.22820271 0.91291086
vn 0.36139016 -0.19649465 0.91147518
vn 0.55981410 -0.37060934 0.74111867
vn 0.59181495 -0.31560797 0.74171873
vn 0.79497917 -0.42498886 0.43288866
vn 0.75401243 -0.49480815 0.43200712
vn 0.62088941 -0.33799424 0.70728794
vn 0.58879257 -0.39249504 0.70659108
vn 0.33900273 -0.22080178 0.91450737
vn 0.35511322 -0.18940705 0.91543409
vn 0.02359996 -0.01569997 0.99959820
vn 0.02359977 -0.00789992 0.99969027
vn -0.31429412 0.20429618 0.92708267
vn -0.33029579 0.17299779 0.92788817
vn -0.58217674 0.38548460 0.71587140
vn -0.61420725 0.33070391 0.71650846
vn -0.80562314 0.43441248 0.40281157
vn -0.76430130 0.50430086 0.40190069
vn -0.87508457 0.47299166 0.10249819
vn -0.82766823 0.55177882 0.10249607
vn -0.87435969 0.47257821 -0.11029491
vn -0.82698893 0.55129262 -0.11029852
vn -0.80838819 0.43159370 -0.40029415
vn -0.76430130 0.50430086 -0.40190069
vn -0.62249007 0.33099472 -0.70918869
vn -0.59060506 0.38590331 -0.70870607
vn -0.48981118 0.26860613 -0.82941893
vn -0.46600327 0.30810216 -0.82940582
vn 0.00000000 0.00000000 -1.00000000
vn 0.00000000 0.00000000 -1.00000000
vn 0.00000000 0.00000000 -1.00000000
vn 0.00000000 0.00000000 -1.00000000
vn 0.03940118 -0.03140094 -0.99872996
vn 0.03940118 -0.03140094 -0.99872996
vn 0.27538351 -0.18098916 -0.94414345
vn 0.25960378 -0.20450298 -0.94381376
vn 0.58541509 -0.38770999 -0.71201835
vn 0.55110328 -0.44080262 -0.70850422
vn 0.76924237 -0.51022810 -0.38462119
vn 0.72292129 -0.57371690 -0.38501134
vn 0.82698893 -0.55129262 -0.11029852
vn 0.77687995 -0.61998400 -0.10989716
vn 0.83078895 -0.54859270 0.09399875
vn 0.77811047 -0.62100835 0.09430127
vn 0.77919859 -0.51159908 0.36209935
vn 0.72974836 -0.58065891 0.36097446
vn 0.60688916 -0.40189282 0.68568776
vn 0.56710110 -0.45690089 0.68530133
vn 0.32249752 -0.25169806 0.91249298
vn 0.33840403 -0.22820271 0.91291086
vn 0.52750118 -0.41730093 0.74000165
vn 0.55981410 -0.37060934 0.74111867
vn 0.75401243 -0.49480815 0.43200712
vn 0.70390617 -0.56150492 0.43500382
vn 0.58879257 -0.39249504 0.70659108
vn 0.55110328 -0.44080262 0.70850422
vn 0.31540134 -0.25230107 0.91480389
vn 0.33901021 -0.22070665 0.91452756
vn 0.01569927 -0.01569927 0.99975350
vn 0.02359996 -0.01569997 0.99959820
vn -0.29079250 0.23579392 0.92727609
vn -0.31429412 0.20429618 0.92708267
vn -0.54439429 0.43389545 0.71789247
vn -0.58217674 0.38548460 0.71587140
vn -0.76430130 0.50430086 0.40190069
vn -0.71788429 0.56808756 0.40239119
vn -0.82766823 0.55177882 0.10249607
vn -0.77751908 0.62051523 0.10210251
vn -0.82698893 0.55129262 -0.11029852
vn -0.77687995 0.61998400 -0.10989716
vn -0.76430130 0.50430086 -0.40190069
vn -0.71467713 0.57338165 -0.40058718
vn -0.59060506 0.38590331 -0.70870607
vn -0.55110328 0.44080262 -0.70850422
vn -0.46609591 0.30799729 -0.82939271
vn -0.43498711 0.34798969 -0.83047540
vn 0.00000000 0.00000000 -1.00000000
vn 0.00000000 0.00000000 -1.00000000
vn 0.00000000 0.00000000 -1.00000000
vn 0.00000000 0.00000000 -1.00000000
vn 0.03930121 -0.03150097 -0.99873075
vn 0.03929821 -0.03929821 -0.99845446
vn 0.25960378 -0.20450298 -0.94381376
vn 0.23610657 -0.22830635 -0.94452628
vn 0.55100935 -0.44090748 -0.70851202
vn 0.50530288 -0.48960279 -0.71060405
vn 0.72301050 -0.57360833 -0.38500559
vn 0.66808446 -0.63668519 -0.38509104
vn 0.77687995 -0.61998400 -0.10989716
vn 0.71839890 -0.68679895 -0.11049983
vn 0.77811047 -0.62100835 0.09430127
vn 0.71958684 -0.68788742 0.09489826
vn 0.72979073 -0.58059263 0.36099542
vn 0.67493265 -0.64353113 0.36101746
vn 0.56710110 -0.45690089 0.68530133
vn 0.52710326 -0.50360312 0.68450424
vn 0.29859603 -0.28289623 0.91148787
vn 0.32249752 -0.25169806 0.91249298
vn 0.48771159 -0.46411103 0.73941758
vn 0.52752319 -0.41721834 0.74003253
vn 0.70390617 -0.56150492 0.43500382
vn 0.65303248 -0.62153091 0.43272152
vn 0.55110328 -0.44080262 0.70850422
vn 0.51118465 -0.48758536 0.70777875
vn 0.29210183 -0.27630173 0.91560574
vn 0.31539338 -0.25239470 0.91478081
vn 0.01569927 -0.01569927 0.99975350
vn 0.01569927 -0.01569927 0.99975350
vn -0.26739639 0.25949650 0.92798747
vn -0.29070096 0.23580078 0.92730305
vn -0.50440912 0.48080869 0.71721297
vn -0.54439429 0.43389545 0.71789247
vn -0.71788429 0.56808756 0.40239119
vn -0.66290585 0.63130557 0.40250355
vn -0.77755863 0.62046699 0.10209457
vn -0.71899028 0.68739070 0.10269861
vn -0.77692811 0.61992243 -0.10990398
vn -0.71839890 0.68679895 -0.11049983
vn -0.71471810 0.57331452 -0.40061015
vn -0.65961042 0.63601005 -0.40050633
vn -0.55107899 0.44088319 -0.70847298
vn -0.51118465 0.48758536 -0.70777875
vn -0.43498711 0.34798969 -0.83047540
vn -0.40289964 0.38699966 -0.82939927
vn 0.00000000 0.00000000 -1.00000000
vn 0.00000000 0.00000000 -1.00000000
vn 0.00000000 0.00000000 -1.00000000
vn 0.00000000 0.00000000 -1.00000000
vn 0.03929821 -0.03929821 -0.99845446
vn 0.03150097 -0.03930121 -0.99873075
vn 0.23610657 -0.22830635 -0.94452628
vn 0.21999489 -0.25129416 -0.94257811
vn 0.50532762 -0.48952675 -0.71063884
vn 0.46539781 -0.52849751 -0.70999666
vn 0.60730900 -0.69411029 -0.38650573
vn 0.66812700 -0.63662573 -0.38511556
vn 0.65389884 -0.74849867 -0.11029980
vn 0.71839890 -0.68679895 -0.11049983
vn 0.65498586 -0.74968381 0.09469796
vn 0.71958684 -0.68788742 0.09489826
vn 0.67493265 -0.64353113 0.36101746
vn 0.61429177 -0.70099061 0.36229515
vn 0.52710326 -0.50360312 0.68450424
vn 0.47942875 -0.55013299 0.68374101
vn 0.26769609 -0.30699552 0.91328668
vn 0.29859603 -0.28289623 0.91148787
vn 0.44178193 -0.50487935 0.74156967
vn 0.48771159 -0.46411103 0.73941758
vn 0.65303248 -0.62153091 0.43272152
vn 0.59209489 -0.67889414 0.43419625
vn 0.51118465 -0.48758536 0.70777875
vn 0.46348821 -0.53418641 0.70698201
vn 0.26829126 -0.29989023 0.91547018
vn 0.29201036 -0.27630980 0.91563248
vn 0.01569925 -0.01579924 0.99975193
vn 0.01579922 -0.01579922 0.99975035
vn -0.24370969 0.28301126 0.92763690
vn -0.26739639 0.25949650 0.92798747
vn -0.45660713 0.52750824 0.71641119
vn -0.50440912 0.48080869 0.71721297
vn -0.66290585 0.63130557 0.40250355
vn -0.59857831 0.69307489 0.40168545
vn -0.71899028 0.68739070 0.10269861
vn -0.65449106 0.74908977 0.10249860
vn -0.65389884 0.74849867 -0.11029980
vn -0.71839890 0.68679895 -0.11049983
vn -0.60360089 0.68980102 -0.39980059
vn -0.65956847 0.63606959 -0.40048085
vn -0.46539781 0.52849751 -0.70999666
vn -0.51118465 0.48758536 -0.70777875
vn -0.40289964 0.38699966 -0.82939927
vn -0.37109726 0.41839691 -0.82899388
vn 0.00000000 0.00000000 -1.00000000
vn 0.00000000 0.00000000 -1.00000000
vn 0.00000000 0.00000000 -1.00000000
vn 0.00000000 0.00000000 -1.00000000
vn 0.03150097 -0.03930121 -0.99873075
vn 0.02360016 -0.04720031 -0.99860661
vn 0.19649360 -0.26729130 -0.94336929
vn 0.17299814 -0.28299695 -0.94338983
vn 0.41120801 -0.56941109 -0.71181387
vn 0.36209252 -0.60598749 -0.70828537
vn 0.47137992 -0.79346620 -0.38498360
vn 0.54231296 -0.74671785 -0.38510921
vn 0.51248284 -0.85157149 -0.11039630
vn 0.58360077 -0.80450106 -0.11040015
vn 0.50988755 -0.85507912 0.09409770
vn 0.58458309 -0.80577670 0.09479726
vn 0.54940115 -0.75350157 0.36110075
vn 0.47867251 -0.80035404 0.36097927
vn 0.42542103 -0.59092921 0.68543389
vn 0.37129850 -0.62419748 0.68739722
vn 0.21210200 -0.35340333 0.91110857
vn 0.24370203 -0.33020275 0.91190760
vn 0.34679567 -0.57529282 0.74079075
vn 0.39408526 -0.54387965 0.74087228
vn 0.52700948 -0.73151316 0.43260778
vn 0.46489551 -0.77209255 0.43329582
vn 0.41589025 -0.57288656 0.70628343
vn 0.36200563 -0.60600943 0.70831102
vn 0.20510488 -0.34710826 0.91512177
vn 0.23689715 -0.32379611 0.91598899
vn 0.01569997 -0.02359996 0.99959820
vn 0.01569997 -0.02359996 0.99959820
vn -0.18870691 0.32231181 0.92763398
vn -0.22029501 0.29899322 0.92847895
vn -0.35488860 0.59928075 0.71757694
vn -0.40892760 0.56623822 0.71564830
vn -0.53660424 0.74170586 0.40240318
vn -0.47137574 0.78565956 0.40067938
vn -0.58413342 0.80514606 0.10260587
vn -0.51297152 0.85225268 0.10259430
vn -0.51252648 0.85154400 -0.11040570
vn -0.58366670 0.80445411 -0.11039370
vn -0.47141277 0.78562129 -0.40071086
vn -0.53653302 0.74174566 -0.40242477
vn -0.36200563 0.60600943 -0.70831102
vn -0.41777559 0.56756684 -0.70945855
vn -0.33160740 0.45011004 -0.82911850
vn -0.28420722 0.48161223 -0.82902106
vn 0.00000000 0.00000000 -1.00000000
vn 0.00000000 0.00000000 -1.00000000
vn 0.00000000 0.00000000 -1.00000000
vn 0.00000000 0.00000000 -1.00000000
vn 0.02360016 -0.04720031 -0.99860661
vn 0.01569941 -0.04719821 -0.99876216
vn 0.14160273 -0.29890576 -0.94371819
vn 0.11799982 -0.30689954 -0.94439860
vn 0.30811993 -0.63204089 -0.71104600
vn 0.24419759 -0.66169347 -0.70889300
vn 0.32230606 -0.86471625 -0.38520724
vn 0.40022171 -0.83184512 -0.38452086
vn 0.34718650 -0.93126378 -0.11049570
vn 0.43190029 -0.89520060 -0.10990007
vn 0.34781737 -0.93274657 0.09490474
vn 0.43261175 -0.89662435 0.09440256
vn 0.40108576 -0.84157012 0.36178715
vn 0.32998872 -0.87207019 0.36138765
vn 0.31568247 -0.65496363 0.68656188
vn 0.25908565 -0.68296216 0.68296216
vn 0.14150262 -0.38520715 0.91191692
vn 0.18069552 -0.36929085 0.91157742
vn 0.23619546 -0.62978788 0.73998576
vn 0.29130959 -0.60621997 0.74002437
vn 0.39360615 -0.81091266 0.43300676
vn 0.31549074 -0.84397523 0.43378727
vn 0.30658865 -0.63677642 0.70747381
vn 0.25160164 -0.66040430 0.70750461
vn 0.14199273 -0.37848063 0.91465320
vn 0.17359599 -0.36299161 0.91547885
vn 0.00789992 -0.02359977 0.99969027
vn 0.00789992 -0.02359977 0.99969027
vn -0.13379633 0.34619051 0.92857454
vn -0.16489949 0.33769895 0.92669713
vn -0.24409764 0.65349369 0.71649308
vn -0.29920954 0.63002010 0.71662286
vn -0.39372353 0.82684941 0.40162400
vn -0.32248348 0.85735608 0.40117945
vn -0.43230758 0.89591571 0.10220179
vn -0.34751259 0.93203377 0.10270372
vn -0.34718650 0.93126378 -0.11049570
vn -0.43190029 0.89520060 -0.10990007
vn -0.32248348 0.85735608 -0.40117945
vn -0.40029385 0.82428733 -0.40039385
vn -0.24419759 0.66169347 -0.70889300
vn -0.30660817 0.63671697 -0.70751886
vn -0.24448945 0.50467821 -0.82796426
vn -0.19760487 0.52171287 -0.82992047
vn 0.00000000 0.00000000 -1.00000000
vn 0.00000000 0.00000000 -1.00000000
vn 0.00000000 0.00000000 -1.00000000
vn 0.00000000 0.00000000 -1.00000000
vn 0.01569941 -0.04719821 -0.99876216
vn 0.01569941 -0.04719821 -0.99876216
vn 0.11799982 -0.30689954 -0.94439860
vn 0.08639632 -0.32208628 -0.94275983
vn 0.24419759 -0.66169347 -0.70889300
vn 0.18929820 -0.67839353 -0.70989323
vn 0.24410091 -0.88970332 -0.38580144
vn 0.32230606 -0.86471625 -0.38520724
vn 0.26679113 -0.95746816 -0.10989635
vn 0.34721883 -0.93125051 -0.11050599
vn 0.26729696 -0.95898908 0.09429893
vn 0.34778493 -0.93275957 0.09489589
vn 0.32998872 -0.87207019 0.36138765
vn 0.25191300 -0.89744632 0.36211869
vn 0.25908565 -0.68296216 0.68296216
vn 0.19690523 -0.70111861 0.68531819
vn 0.11010513 -0.39341832 0.91274251
vn 0.14150262 -0.38520715 0.91191692
vn 0.18129446 -0.64648023 0.74107734
vn 0.23619546 -0.62978788 0.73998576
vn 0.31549074 -0.84397523 0.43378727
vn 0.23700634 -0.86892326 0.43451163
vn 0.25160164 -0.66040430 0.70750461
vn 0.18830218 -0.68260790 0.70610817
vn 0.11050622 -0.38672177 0.91555155
vn 0.14189475 -0.37848601 0.91466618
vn 0.00769996 -0.02349986 0.99969419
vn 0.00779995 -0.02349985 0.99969341
vn -0.10210407 0.36131439 0.92683692
vn -0.13379633 0.34619051 0.92857454
vn -0.18929183 0.67027107 0.71756902
vn -0.24409764 0.65349369 0.71649308
vn -0.32248348 0.85735608 0.40117945
vn -0.24429849 0.88249455 0.40189752
vn -0.34751259 0.93203377 0.10270372
vn -0.26711148 0.95824118 0.10210439
vn -0.26688400 0.95744262 -0.10989341
vn -0.34721883 0.93125051 -0.11050599
vn -0.24429849 0.88249455 -0.40189752
vn -0.32248348 0.85735608 -0.40117945
vn -0.18929820 0.67839353 -0.70989323
vn -0.24419759 0.66169347 -0.70889300
vn -0.19769674 0.52189140 -0.82978633
vn -0.15020549 0.53741966 -0.82983036
vn 0.00000000 0.00000000 -1.00000000
vn 0.00000000 0.00000000 -1.00000000
vn 0.00000000 0.00000000 -1.00000000
vn 0.00000000 0.00000000 -1.00000000
vn 0.01569941 -0.04719821 -0.99876216
vn 0.00789964 -0.04719784 -0.99885432
vn 0.08640446 -0.32211664 -0.94274871
vn 0.06290053 -0.32270273 -0.94440800
vn 0.18929820 -0.67839353 -0.70989323
vn 0.12610316 -0.69351736 -0.70931775
vn 0.16569094 -0.90725040 -0.38657887
vn 0.24410091 -0.88970332 -0.38580144
vn 0.18120731 -0.97723940 -0.11030445
vn 0.26679113 -0.95746816 -0.10989635
vn 0.18160036 -0.97880191 0.09470019
vn 0.26729696 -0.95898908 0.09429893
vn 0.25191300 -0.89744632 0.36211869
vn 0.16470697 -0.91793887 0.36091528
vn 0.19700135 -0.70110480 0.68530469
vn 0.13380407 -0.71632179 0.68482083
vn 0.07090069 -0.40150388 0.91310883
vn 0.11020392 -0.39341399 0.91273245
vn 0.11810079 -0.66170441 0.74040494
vn 0.18129446 -0.64648023 0.74107734
vn 0.23700634 -0.86892326 0.43451163
vn 0.15719586 -0.88797661 0.43218862
vn 0.18830218 -0.68260790 0.70610817
vn 0.12540250 -0.69761392 0.70541408
vn 0.07110077 -0.39480429 0.91600996
vn 0.11050622 -0.38672177 0.91555155
vn 0.00779993 -0.02359979 0.99969106
vn 0.00779993 -0.02359979 0.99969106
vn -0.06289878 0.36929285 0.92718204
vn -0.10210407 0.36131439 0.92683692
vn -0.12610628 0.68553412 0.71703569
vn -0.18929183 0.67027107 0.71756902
vn -0.24429849 0.88249455 0.40189752
vn -0.16579859 0.90019236 0.40269658
vn -0.26708588 0.95824935 0.10209460
vn -0.18140941 0.97805076 0.10250532
vn -0.18130402 0.97722168 -0.11030245
vn -0.26688400 0.95744262 -0.10989341
vn -0.16459374 0.90166571 -0.39988479
vn -0.24429849 0.88249455 -0.40189752
vn -0.12610316 0.69351736 -0.70931775
vn -0.18929820 0.67839353 -0.70989323
vn -0.15019742 0.53749077 -0.82978576
vn -0.10249607 0.55177882 -0.82766823
vn 0.00000000 0.00000000 -1.00000000
vn 0.00000000 0.00000000 -1.00000000
vn 0.00000000 0.00000000 -1.00000000
vn 0.00000000 0.00000000 -1.00000000
vn -0.01569941 -0.04719821 -0.99876216
vn -0.01569941 -0.04719821 -0.99876216
vn -0.11799982 -0.30689954 -0.94439860
vn -0.08640446 -0.32211664 -0.94274871
vn -0.24419759 -0.66169347 -0.70889300
vn -0.18929820 -0.67839353 -0.70989323
vn -0.24410091 -0.88970332 -0.38580144
vn -0.32230606 -0.86471625 -0.38520724
vn -0.26679113 -0.95746816 -0.10989635
vn -0.34721883 -0.93125051 -0.11050599
vn -0.34778493 -0.93275957 0.09489589
vn -0.26729696 -0.95898908 0.09429893
vn -0.32998872 -0.87207019 0.36138765
vn -0.25191300 -0.89744632 0.36211869
vn -0.25908565 -0.68296216 0.68296216
vn -0.19690523 -0.70111861 0.68531819
vn -0.11020392 -0.39341399 0.91273245
vn -0.14150262 -0.38520715 0.91191692
vn -0.18129446 -0.64648023 0.74107734
vn -0.23619546 -0.62978788 0.73998576
vn -0.31549074 -0.84397523 0.43378727
vn -0.23700634 -0.86892326 0.43451163
vn -0.25160164 -0.66040430 0.70750461
vn -0.18830218 -0.68260790 0.70610817
vn -0.11050622 -0.38672177 0.91555155
vn -0.14189475 -0.37848601 0.91466618
vn -0.00769996 -0.02349986 0.99969419
vn -0.00769996 -0.02349986 0.99969419
vn 0.10210407 0.36131439 0.92683692
vn 0.13379170 0.34627852 0.92854239
vn 0.18929183 0.67027107 0.71756902
vn 0.24409764 0.65349369 0.71649308
vn 0.32248348 0.85735608 0.40117945
vn 0.24429849 0.88249455 0.40189752
vn 0.34751259 0.93203377 0.10270372
vn 0.26708588 0.95824935 0.10209460
vn 0.34730678 0.93121817 -0.11050216
vn 0.26679113 0.95746816 -0.10989635
vn 0.24429849 0.88249455 -0.40189752
vn 0.32248348 0.85735608 -0.40117945
vn 0.18929820 0.67839353 -0.70989323
vn 0.24419759 0.66169347 -0.70889300
vn 0.19760487 0.52171287 -0.82992047
vn 0.15020549 0.53741966 -0.82983036
vn 0.00000000 0.00000000 -1.00000000
vn 0.00000000 0.00000000 -1.00000000
vn 0.00000000 0.00000000 -1.00000000
vn 0.00000000 0.00000000 -1.00000000
vn -0.02360016 -0.04720031 -0.99860661
vn -0.01569941 -0.04719821 -0.99876216
vn -0.14160696 -0.29881469 -0.94374639
vn -0.11799982 -0.30689954 -0.94439860
vn -0.30811993 -0.63204089 -0.71104600
vn -0.24419759 -0.66169347 -0.70889300
vn -0.32230606 -0.86471625 -0.38520724
vn -0.40022171 -0.83184512 -0.38452086
vn -0.34730678 -0.93121817 -0.11050216
vn -0.43190029 -0.89520060 -0.10990007
vn -0.43261175 -0.89662435 0.09440256
vn -0.34778493 -0.93275957 0.09489589
vn -0.40108576 -0.84157012 0.36178715
vn -0.32998872 -0.87207019 0.36138765
vn -0.31568247 -0.65496363 0.68656188
vn -0.25908565 -0.68296216 0.68296216
vn -0.14150262 -0.38520715 0.91191692
vn -0.18069552 -0.36929085 0.91157742
vn -0.23619546 -0.62978788 0.73998576
vn -0.29130959 -0.60621997 0.74002437
vn -0.39360615 -0.81091266 0.43300676
vn -0.31549074 -0.84397523 0.43378727
vn -0.30660817 -0.63671697 0.70751886
vn -0.25160164 -0.66040430 0.70750461
vn -0.14199273 -0.37848063 0.91465320
vn -0.17359599 -0.36299161 0.91547885
vn -0.00789992 -0.02359977 0.99969027
vn -0.00789992 -0.02359977 0.99969027
vn 0.13379633 0.34619051 0.92857454
vn 0.16489949 0.33769895 0.92669713
vn 0.24409764 0.65349369 0.71649308
vn 0.29920954 0.63002010 0.71662286
vn 0.39369097 0.82688104 0.40159079
vn 0.32249642 0.85739047 0.40109554
vn 0.43222626 0.89595444 0.10220621
vn 0.34751259 0.93203377 0.10270372
vn 0.43190029 0.89520060 -0.10990007
vn 0.34721883 0.93125051 -0.11050599
vn 0.32248348 0.85735608 -0.40117945
vn 0.40037782 0.82425433 -0.40037782
vn 0.24419759 0.66169347 -0.70889300
vn 0.30660817 0.63671697 -0.70751886
vn 0.24448945 0.50467821 -0.82796426
vn 0.19761096 0.52182895 -0.82984604
vn 0.00000000 0.00000000 -1.00000000
vn 0.00000000 0.00000000 -1.00000000
vn 0.00000000 0.00000000 -1.00000000
vn 0.00000000 0.00000000 -1.00000000
vn -0.03150097 -0.03930121 -0.99873075
vn -0.02360016 -0.04720031 -0.99860661
vn -0.19649360 -0.26729130 -0.94336929
vn -0.17299814 -0.28299695 -0.94338983
vn -0.41129110 -0.56938768 -0.71178459
vn -0.36200563 -0.60600943 -0.70831102
vn -0.47137992 -0.79346620 -0.38498360
vn -0.54231296 -0.74671785 -0.38510921
vn -0.51252648 -0.85154400 -0.11040570
vn -0.58360077 -0.80450106 -0.11040015
vn -0.58458309 -0.80577670 0.09479726
vn -0.50988755 -0.85507912 0.09409770
vn -0.54940115 -0.75350157 0.36110075
vn -0.47867251 -0.80035404 0.36097927
vn -0.42542103 -0.59092921 0.68543389
vn -0.37138471 -0.62417430 0.68737169
vn -0.21210200 -0.35340333 0.91110857
vn -0.24370203 -0.33020275 0.91190760
vn -0.34670769 -0.57531277 0.74081644
vn -0.39410669 -0.54380923 0.74091257
vn -0.52700948 -0.73151316 0.43260778
vn -0.46489551 -0.77209255 0.43329582
vn -0.41589025 -0.57288656 0.70628343
vn -0.36200563 -0.60600943 0.70831102
vn -0.20510488 -0.34710826 0.91512177
vn -0.23689715 -0.32379611 0.91598899
vn -0.01569997 -0.02359996 0.99959820
vn -0.01579995 -0.02359992 0.99959662
vn 0.18870691 0.32231181 0.92763398
vn 0.22029501 0.29899322 0.92847895
vn 0.35488860 0.59928075 0.71757694
vn 0.40892760 0.56623822 0.71564830
vn 0.53660424 0.74170586 0.40240318
vn 0.47137574 0.78565956 0.40067938
vn 0.58413342 0.80514606 0.10260587
vn 0.51289783 0.85229639 0.10259957
vn 0.58360077 0.80450106 -0.11040015
vn 0.51248284 0.85157149 -0.11039630
vn 0.47141277 0.78562129 -0.40071086
vn 0.53653302 0.74174566 -0.40242477
vn 0.36200563 0.60600943 -0.70831102
vn 0.41777559 0.56756684 -0.70945855
vn 0.33160740 0.45011004 -0.82911850
vn 0.28420722 0.48161223 -0.82902106
vn 0.00000000 0.00000000 -1.00000000
vn 0.00000000 0.00000000 -1.00000000
vn 0.00000000 0.00000000 -1.00000000
vn 0.00000000 0.00000000 -1.00000000
vn -0.03150085 -0.03940106 -0.99872682
vn -0.03150097 -0.03930121 -0.99873075
vn -0.21989420 -0.25139337 -0.94257515
vn -0.19649360 -0.26729130 -0.94336929
vn -0.46539781 -0.52849751 -0.70999666
vn -0.41129110 -0.56938768 -0.71178459
vn -0.54231296 -0.74671785 -0.38510921
vn -0.60730900 -0.69411029 -0.38650573
vn -0.58360077 -0.80450106 -0.11040015
vn -0.65389884 -0.74849867 -0.11029980
vn -0.65498586 -0.74968381 0.09469796
vn -0.58458309 -0.80577670 0.09479726
vn -0.61429177 -0.70099061 0.36229515
vn -0.54940115 -0.75350157 0.36110075
vn -0.47942875 -0.55013299 0.68374101
vn -0.42550293 -0.59090407 0.68540472
vn -0.24370203 -0.33020275 0.91190760
vn -0.26768788 -0.30708609 0.91325863
vn -0.39408526 -0.54387965 0.74087228
vn -0.44178193 -0.50487935 0.74156967
vn -0.59209489 -0.67889414 0.43419625
vn -0.52700948 -0.73151316 0.43260778
vn -0.46348821 -0.53418641 0.70698201
vn -0.41589025 -0.57288656 0.70628343
vn -0.23689715 -0.32379611 0.91598899
vn -0.26829126 -0.29989023 0.91547018
vn -0.01569997 -0.02359996 0.99959820
vn -0.01569925 -0.01579924 0.99975193
vn 0.22029501 0.29899322 0.92847895
vn 0.24370969 0.28301126 0.92763690
vn 0.40898161 0.56617454 0.71566782
vn 0.45660713 0.52750824 0.71641119
vn 0.59857831 0.69307489 0.40168545
vn 0.53660424 0.74170586 0.40240318
vn 0.65449106 0.74908977 0.10249860
vn 0.58413342 0.80514606 0.10260587
vn 0.65389884 0.74849867 -0.11029980
vn 0.58366670 0.80445411 -0.11039370
vn 0.53653302 0.74174566 -0.40242477
vn 0.60360089 0.68980102 -0.39980059
vn 0.41777559 0.56756684 -0.70945855
vn 0.46539781 0.52849751 -0.70999666
vn 0.37109726 0.41839691 -0.82899388
vn 0.33160740 0.45011004 -0.82911850
vn 0.00000000 0.00000000 -1.00000000
vn 0.00000000 0.00000000 -1.00000000
vn 0.00000000 0.00000000 -1.00000000
vn 0.00000000 0.00000000 -1.00000000
vn -0.03929821 -0.03929821 -0.99845446
vn -0.03150097 -0.03930121 -0.99873075
vn -0.23610657 -0.22830635 -0.94452628
vn -0.21989420 -0.25139337 -0.94257515
vn -0.50532762 -0.48952675 -0.71063884
vn -0.46539781 -0.52849751 -0.70999666
vn -0.60730900 -0.69411029 -0.38650573
vn -0.66812700 -0.63662573 -0.38511556
vn -0.65389884 -0.74849867 -0.11029980
vn -0.71839890 -0.68679895 -0.11049983
vn -0.71958684 -0.68788742 0.09489826
vn -0.65498586 -0.74968381 0.09469796
vn -0.67493265 -0.64353113 0.36101746
vn -0.61429177 -0.70099061 0.36229515
vn -0.52710326 -0.50360312 0.68450424
vn -0.47942875 -0.55013299 0.68374101
vn -0.26769609 -0.30699552 0.91328668
vn -0.29859603 -0.28289623 0.91148787
vn -0.44178193 -0.50487935 0.74156967
vn -0.48771159 -0.46411103 0.73941758
vn -0.65303248 -0.62153091 0.43272152
vn -0.59209489 -0.67889414 0.43419625
vn -0.51118465 -0.48758536 0.70777875
vn -0.46348821 -0.53418641 0.70698201
vn -0.26829126 -0.29989023 0.91547018
vn -0.29201036 -0.27630980 0.91563248
vn -0.01569925 -0.01579924 0.99975193
vn -0.01569927 -0.01569927 0.99975350
vn 0.24370969 0.28301126 0.92763690
vn 0.26739639 0.25949650 0.92798747
vn 0.45660713 0.52750824 0.71641119
vn 0.50440912 0.48080869 0.71721297
vn 0.66290585 0.63130557 0.40250355
vn 0.59857831 0.69307489 0.40168545
vn 0.71899028 0.68739070 0.10269861
vn 0.65449106 0.74908977 0.10249860
vn 0.71839890 0.68679895 -0.11049983
vn 0.65389884 0.74849867 -0.11029980
vn 0.60360089 0.68980102 -0.39980059
vn 0.65956847 0.63606959 -0.40048085
vn 0.46539781 0.52849751 -0.70999666
vn 0.51118465 0.48758536 -0.70777875
vn 0.40289964 0.38699966 -0.82939927
vn 0.37108173 0.41847940 -0.82895919
vn 0.00000000 0.00000000 -1.00000000
vn 0.00000000 0.00000000 -1.00000000
vn 0.00000000 0.00000000 -1.00000000
vn 0.00000000 0.00000000 -1.00000000
vn -0.03930121 -0.03150097 -0.99873075
vn -0.03929821 -0.03929821 -0.99845446
vn -0.25951052 -0.20450829 -0.94383825
vn -0.23611196 -0.22821156 -0.94454784
vn -0.55107899 -0.44088319 -0.70847298
vn -0.50530288 -0.48960279 -0.71060405
vn -0.66808446 -0.63668519 -0.38509104
vn -0.72298266 -0.57358624 -0.38509076
vn -0.71839890 -0.68679895 -0.11049983
vn -0.77692811 -0.61992243 -0.10990398
vn -0.71953862 -0.68793692 0.09490509
vn -0.77811047 -0.62100835 0.09430127
vn -0.67493265 -0.64353113 0.36101746
vn -0.72979073 -0.58059263 0.36099542
vn -0.52710326 -0.50360312 0.68450424
vn -0.56710110 -0.45690089 0.68530133
vn -0.29859603 -0.28289623 0.91148787
vn -0.32249752 -0.25169806 0.91249298
vn -0.48771159 -0.46411103 0.73941758
vn -0.52752319 -0.41721834 0.74003253
vn -0.65299189 -0.62159228 0.43269462
vn -0.70390617 -0.56150492 0.43500382
vn -0.51118465 -0.48758536 0.70777875
vn -0.55110328 -0.44080262 0.70850422
vn -0.29210183 -0.27630173 0.91560574
vn -0.31539338 -0.25239470 0.91478081
vn -0.01569927 -0.01569927 0.99975350
vn -0.01569927 -0.01569927 0.99975350
vn 0.26739639 0.25949650 0.92798747
vn 0.29079250 0.23579392 0.92727609
vn 0.50440912 0.48080869 0.71721297
vn 0.54432392 0.43391907 0.71793155
vn 0.66290585 0.63130557 0.40250355
vn 0.71792507 0.56801983 0.40241405
vn 0.71899028 0.68739070 0.10269861
vn 0.77755863 0.62046699 0.10209457
vn 0.71839890 0.68679895 -0.11049983
vn 0.77687995 0.61998400 -0.10989716
vn 0.65961042 0.63601005 -0.40050633
vn 0.71471810 0.57331452 -0.40061015
vn 0.51118465 0.48758536 -0.70777875
vn 0.55107899 0.44088319 -0.70847298
vn 0.43498711 0.34798969 -0.83047540
vn 0.40289964 0.38699966 -0.82939927
vn 0.00000000 0.00000000 -1.00000000
vn 0.00000000 0.00000000 -1.00000000
vn 0.00000000 0.00000000 -1.00000000
vn 0.00000000 0.00000000 -1.00000000
vn -0.05499925 0.00000000 -0.99848640
vn -0.04719784 -0.00789964 -0.99885432
vn -0.33031416 -0.01570067 -0.94374045
vn -0.33000005 -0.04720001 -0.94280015
vn -0.70279266 -0.03159967 -0.71069258
vn -0.69597173 -0.09489614 -0.71177108
vn -0.91383306 -0.12610456 -0.38601396
vn -0.92166348 -0.03939844 -0.38598471
vn -0.98483627 -0.13390493 -0.11030406
vn -0.99277259 -0.04729869 -0.11029695
vn -0.98641840 -0.13420250 0.09470177
vn -0.99437703 -0.04739890 0.09469781
vn -0.92319126 -0.12629880 0.36299656
vn -0.93099545 -0.03939981 0.36289823
vn -0.72333205 -0.09430418 0.68403031
vn -0.72991613 -0.03140069 0.68281509
vn -0.40841659 -0.05500223 0.91113701
vn -0.40899974 -0.01569999 0.91239943
vn -0.66821781 -0.08650231 0.73891969
vn -0.67036357 -0.03159828 0.74135972
vn -0.89279498 -0.11849933 0.43459756
vn -0.89995955 -0.03949822 0.43418049
vn -0.69998818 -0.09439841 0.70788805
vn -0.70675815 -0.03139814 0.70675815
vn -0.39521052 -0.05530147 0.91692442
vn -0.40241016 -0.01580040 0.91532312
vn -0.02360051 0.00000000 0.99972147
vn -0.02360051 -0.00010000 0.99972146
vn 0.36959704 0.04719962 0.92799258
vn 0.36999969 0.01569999 0.92889921
vn 0.69205147 0.09439338 0.71564981
vn 0.69886494 0.03139842 0.71456415
vn 0.90681019 0.12620142 0.40220452
vn 0.91470307 0.03940013 0.40220135
vn 0.98566711 0.13399553 0.10249658
vn 0.99360770 0.04730037 0.10250079
vn 0.98483627 0.13390493 -0.11030406
vn 0.99277259 0.04729869 -0.11029695
vn 0.90685810 0.12610808 -0.40212577
vn 0.91470307 0.03940013 -0.40220135
vn 0.69998818 0.09439841 -0.70788805
vn 0.70279266 0.03159967 -0.71069258
vn 0.55997846 0.02369909 -0.82816815
vn 0.55338872 0.07109855 -0.82988308
vn 0.00000000 0.00000000 -1.00000000
vn 0.00000000 0.00000000 -1.00000000
vn 0.00000000 0.00000000 -1.00000000
vn 0.00000000 0.00000000 -1.00000000
vn -0.05499925 0.00000000 -0.99848640
vn -0.05499925 0.00000000 -0.99848640
vn -0.33031416 -0.01570067 -0.94374045
vn -0.33031416 0.01570067 -0.94374045
vn -0.70279266 -0.03159967 -0.71069258
vn -0.70279266 0.03159967 -0.71069258
vn -0.92166348 -0.03939844 -0.38598471
vn -0.92166348 0.03939844 -0.38598471
vn -0.99277259 -0.04729869 -0.11029695
vn -0.99277259 0.04729869 -0.11029695
vn -0.99437703 -0.04739890 0.09469781
vn -0.99438173 0.04729913 0.09469826
vn -0.93099178 -0.03949965 0.36289680
vn -0.93099178 0.03949965 0.36289680
vn -0.72991613 -0.03140069 0.68281509
vn -0.72991613 0.03140069 0.68281509
vn -0.40899974 0.01569999 0.91239943
vn -0.40899974 -0.01569999 0.91239943
vn -0.67036569 0.03149839 0.74136205
vn -0.67041327 -0.03160063 0.74131467
vn -0.89995955 -0.03949822 0.43418049
vn -0.89995955 0.03949822 0.43418049
vn -0.70675815 -0.03139814 0.70675815
vn -0.70675815 0.03139814 0.70675815
vn -0.40241016 0.01580040 0.91532312
vn -0.40241016 -0.01580040 0.91532312
vn -0.02370045 0.00000000 0.99971910
vn -0.02370045 0.00000000 0.99971910
vn 0.36999969 -0.01569999 0.92889921
vn 0.36999969 0.01569999 0.92889921
vn 0.69886494 -0.03139842 0.71456415
vn 0.69886494 0.03139842 0.71456415
vn 0.91470307 0.03940013 0.40220135
vn 0.91470307 -0.03940013 0.40220135
vn 0.99360770 0.04730037 0.10250079
vn 0.99360770 -0.04730037 0.10250079
vn 0.99277259 0.04729869 -0.11029695
vn 0.99277259 -0.04729869 -0.11029695
vn 0.91470307 0.03940013 -0.40220135
vn 0.91470307 -0.03940013 -0.40220135
vn 0.70279266 0.03159967 -0.71069258
vn 0.70279266 -0.03159967 -0.71069258
vn 0.55997846 0.02369909 -0.82816815
vn 0.55997846 -0.02369909 -0.82816815
vn 0.00000000 0.00000000 -1.00000000
vn 0.00000000 0.00000000 -1.00000000
vn 0.00000000 0.00000000 -1.00000000
vn 0.00000000 0.00000000 -1.00000000
vn -0.04719784 0.00789964 -0.99885432
vn -0.04719784 0.00789964 -0.99885432
vn -0.33000005 0.04720001 -0.94280015
vn -0.32250547 0.07080120 -0.94391600
vn -0.69597173 0.09489614 -0.71177108
vn -0.68629707 0.15779933 -0.70999697
vn -0.91383306 0.12610456 -0.38601396
vn -0.89919600 0.20509909 -0.38649828
vn -0.98482308 0.13400314 -0.11030258
vn -0.96910714 0.22060163 -0.11030081
vn -0.98643164 0.13410430 0.09470304
vn -0.97066720 0.22099253 0.09469680
vn -0.92320292 0.12620040 0.36300115
vn -0.91001601 0.20400359 0.36090635
vn -0.72333205 0.09430418 0.68403031
vn -0.70910489 0.16550114 0.68540472
vn -0.40067938 0.09429515 0.91135309
vn -0.40841659 0.05500223 0.91113701
vn -0.65442990 0.14980685 0.74113387
vn -0.66821781 0.08650231 0.73891969
vn -0.89279498 0.11849933 0.43459756
vn -0.88010656 0.19650146 0.43220322
vn -0.69998818 0.09439841 0.70788805
vn -0.69045640 0.15689009 0.70615541
vn -0.39429039 0.08679788 0.91487770
vn -0.39520834 0.05540117 0.91691934
vn -0.02359979 0.00779993 0.99969106
vn -0.02360051 0.00000000 0.99972147
vn 0.36181145 -0.08650274 0.92822937
vn 0.36959704 -0.04719962 0.92799258
vn 0.67828187 -0.15769578 0.71768081
vn 0.69210099 -0.09440014 0.71560103
vn 0.90681019 -0.12620142 0.40220452
vn 0.89206554 -0.20529207 0.40258445
vn 0.98565390 -0.13409373 0.10249521
vn 0.96991702 -0.22080388 0.10250180
vn 0.98482308 -0.13400314 -0.11030258
vn 0.96910714 -0.22060163 -0.11030081
vn 0.90681019 -0.12620142 -0.40220452
vn 0.89206554 -0.20529207 -0.40258445
vn 0.69998818 -0.09439841 -0.70788805
vn 0.68629707 -0.15779933 -0.70999697
vn 0.55361537 -0.07120198 -0.82972303
vn 0.54480007 -0.12630002 -0.82900011
vn 0.00000000 0.00000000 -1.00000000
vn 0.00000000 0.00000000 -1.00000000
vn 0.00000000 0.00000000 -1.00000000
vn 0.00000000 0.00000000 -1.00000000
vn -0.03940118 -0.03140094 -0.99872996
vn -0.03940118 -0.03140094 -0.99872996
vn -0.27538351 -0.18098916 -0.94414345
vn -0.25960378 -0.20450298 -0.94381376
vn -0.58543779 -0.38762502 -0.71204596
vn -0.55107899 -0.44088319 -0.70847298
vn -0.72289345 -0.57369481 -0.38509651
vn -0.76924237 -0.51022810 -0.38462119
vn -0.77692811 -0.61992243 -0.10990398
vn -0.82698893 -0.55129262 -0.11029852
vn -0.77811047 -0.62100835 0.09430127
vn -0.83078895 -0.54859270 0.09399875
vn -0.72974836 -0.58065891 0.36097446
vn -0.77919859 -0.51159908 0.36209935
vn -0.56719485 -0.45679585 0.68529377
vn -0.60688916 -0.40189282 0.68568776
vn -0.32249752 -0.25169806 0.91249298
vn -0.33840403 -0.22820271 0.91291086
vn -0.52750118 -0.41730093 0.74000165
vn -0.55977262 -0.37058187 0.74116374
vn -0.70390617 -0.56150492 0.43500382
vn -0.75401243 -0.49480815 0.43200712
vn -0.55100935 -0.44090748 0.70851202
vn -0.58879257 -0.39249504 0.70659108
vn -0.31540134 -0.25230107 0.91480389
vn -0.33901021 -0.22070665 0.91452756
vn -0.01569927 -0.01569927 0.99975350
vn -0.02359996 -0.01569997 0.99959820
vn 0.29079250 0.23579392 0.92727609
vn 0.31429412 0.20429618 0.92708267
vn 0.54439429 0.43389545 0.71789247
vn 0.58211063 0.38550704 0.71591308
vn 0.71792507 0.56801983 0.40241405
vn 0.76430130 0.50430086 0.40190069
vn 0.77755863 0.62046699 0.10209457
vn 0.82766823 0.55177882 0.10249607
vn 0.77687995 0.61998400 -0.10989716
vn 0.82698893 0.55129262 -0.11029852
vn 0.71467713 0.57338165 -0.40058718
vn 0.76430130 0.50430086 -0.40190069
vn 0.55110328 0.44080262 -0.70850422
vn 0.59062785 0.38581819 -0.70873342
vn 0.46601763 0.30801165 -0.82943137
vn 0.43498711 0.34798969 -0.83047540
vn 0.00000000 0.00000000 -1.00000000
vn 0.00000000 0.00000000 -1.00000000
vn 0.00000000 0.00000000 -1.00000000
vn 0.00000000 0.00000000 -1.00000000
vn -0.05499925 0.00000000 -0.99848640
vn -0.04719784 0.00789964 -0.99885432
vn -0.33031416 0.01570067 -0.94374045
vn -0.33000005 0.04720001 -0.94280015
vn -0.70279266 0.03159967 -0.71069258
vn -0.69597173 0.09489614 -0.71177108
vn -0.92166348 0.03939844 -0.38598471
vn -0.91384458 0.12600615 -0.38601883
vn -0.99277259 0.04729869 -0.11029695
vn -0.98483627 0.13390493 -0.11030406
vn -0.99437703 0.04739890 0.09469781
vn -0.98641840 0.13420250 0.09470177
vn -0.93099545 0.03939981 0.36289823
vn -0.92319126 0.12629880 0.36299656
vn -0.72991613 0.03140069 0.68281509
vn -0.72333205 0.09430418 0.68403031
vn -0.40841659 0.05500223 0.91113701
vn -0.40899974 0.01569999 0.91239943
vn -0.66821781 0.08650231 0.73891969
vn -0.67036357 0.03159828 0.74135972
vn -0.89995955 0.03949822 0.43418049
vn -0.89279498 0.11849933 0.43459756
vn -0.70675815 0.03139814 0.70675815
vn -0.69998818 0.09439841 0.70788805
vn -0.39521052 0.05530147 0.91692442
vn -0.40241016 0.01580040 0.91532312
vn -0.02360051 0.00000000 0.99972147
vn -0.02360051 0.00010000 0.99972146
vn 0.36959704 -0.04719962 0.92799258
vn 0.36999969 -0.01569999 0.92889921
vn 0.69199936 -0.09439991 0.71569934
vn 0.69886494 -0.03139842 0.71456415
vn 0.91470307 -0.03940013 0.40220135
vn 0.90681019 -0.12620142 0.40220452
vn 0.99360770 -0.04730037 0.10250079
vn 0.98566711 -0.13399553 0.10249658
vn 0.99277259 -0.04729869 -0.11029695
vn 0.98483627 -0.13390493 -0.11030406
vn 0.91470307 -0.03940013 -0.40220135
vn 0.90681019 -0.12620142 -0.40220452
vn 0.70279266 -0.03159967 -0.71069258
vn 0.69998818 -0.09439841 -0.70788805
vn 0.55997846 -0.02369909 -0.82816815
vn 0.55331934 -0.07110248 -0.82992900
vn 0.00000000 0.00000000 -1.00000000
vn 0.00000000 0.00000000 -1.00000000
vn 0.00000000 0.00000000 -1.00000000
vn 0.00000000 0.00000000 -1.00000000
vn -0.04719784 0.00789964 -0.99885432
vn -0.04719821 0.01569941 -0.99876216
vn -0.32250547 0.07080120 -0.94391600
vn -0.31460194 0.10220063 -0.94370581
vn -0.68629707 0.15779933 -0.70999697
vn -0.66970494 0.22060163 -0.70910523
vn -0.89919600 0.20509909 -0.38649828
vn -0.87702798 0.28440907 -0.38721235
vn -0.96910714 0.22060163 -0.11030081
vn -0.94522790 0.30720907 -0.11030326
vn -0.97066720 0.22099253 0.09469680
vn -0.94676326 0.30768806 0.09469632
vn -0.91001601 0.20400359 0.36090635
vn -0.88633529 0.29021156 0.36081437
vn -0.70911662 0.16540388 0.68541606
vn -0.69238849 0.22819621 0.68448862
vn -0.38601396 0.12610456 0.91383306
vn -0.40067938 0.09429515 0.91135309
vn -0.63892135 0.20510685 0.74142477
vn -0.65442990 0.14980685 0.74113387
vn -0.88010656 0.19650146 0.43220322
vn -0.85822077 0.27560667 0.43301048
vn -0.69050515 0.15690117 0.70610527
vn -0.67398470 0.21949502 0.70538398
vn -0.37929981 0.12639994 0.91659954
vn -0.39429381 0.08669864 0.91488564
vn -0.02359979 0.00779993 0.99969106
vn -0.02359977 0.00789992 0.99969027
vn 0.35381987 -0.11790662 0.92785210
vn 0.36181145 -0.08650274 0.92822937
vn 0.66272628 -0.21300845 0.71792847
vn 0.67828187 -0.15769578 0.71768081
vn 0.89206554 -0.20529207 0.40258445
vn 0.87159734 -0.28269914 0.40049878
vn 0.96991702 -0.22080388 0.10250180
vn 0.94601017 -0.30750331 0.10250110
vn 0.96910714 -0.22060163 -0.11030081
vn 0.94522790 -0.30720907 -0.11030326
vn 0.89206554 -0.20529207 -0.40258445
vn 0.87159734 -0.28269914 -0.40049878
vn 0.68629707 -0.15779933 -0.70999697
vn 0.66970494 -0.22060163 -0.70910523
vn 0.54480007 -0.12630002 -0.82900011
vn 0.52972932 -0.17390963 -0.83014595
vn 0.00000000 0.00000000 -1.00000000
vn 0.00000000 0.00000000 -1.00000000
vn 0.00000000 0.00000000 -1.00000000
vn 0.00000000 0.00000000 -1.00000000
vn -0.04720031 0.02360016 -0.99860661
vn -0.04710064 0.02350032 -0.99861367
vn -0.30630794 0.13350346 -0.94252442
vn -0.29100088 0.15730047 -0.94370284
vn -0.64729769 0.27629901 -0.71039746
vn -0.62251068 0.33090568 -0.70921216
vn -0.84902776 0.36161182 -0.38521260
vn -0.81339795 0.43429890 -0.38699902
vn -0.91273245 0.39341399 -0.11020392
vn -0.87435969 0.47257821 -0.11029491
vn -0.91418829 0.39409495 0.09459879
vn -0.87573234 0.47341748 0.09470350
vn -0.85623221 0.36921389 0.36131359
vn -0.82045738 0.44177705 0.36288115
vn -0.67008819 0.28379500 0.68588791
vn -0.64369895 0.34539944 0.68289889
vn -0.36139016 0.19649465 0.91147518
vn -0.37760353 0.15730147 0.91250853
vn -0.59181495 0.31560797 0.74171873
vn -0.62000482 0.26690208 0.73780574
vn -0.82817860 0.35489083 0.43378879
vn -0.79497917 0.42498886 0.43288866
vn -0.65180668 0.27490282 0.70680725
vn -0.62091040 0.33790566 0.70731184
vn -0.35511322 0.18940705 0.91543409
vn -0.37080287 0.15780122 0.91520708
vn -0.02359977 0.00789992 0.99969027
vn -0.02359977 0.00789992 0.99969027
vn 0.33029579 -0.17299779 0.92788817
vn 0.34549428 -0.14919753 0.92648465
vn 0.61420725 -0.33070391 0.71650846
vn 0.64368897 -0.27469529 0.71428776
vn 0.84157012 -0.36178715 0.40108576
vn 0.80562314 -0.43441248 0.40281157
vn 0.91351475 -0.39370636 0.10240165
vn 0.87508457 -0.47299166 0.10249819
vn 0.91273245 -0.39341399 -0.11020392
vn 0.87433614 -0.47261953 -0.11030456
vn 0.84157012 -0.36178715 -0.40108576
vn 0.80835330 -0.43167506 -0.40027688
vn 0.64729769 -0.27629901 -0.71039746
vn 0.62249007 -0.33099472 -0.70918869
vn 0.51331675 -0.22110721 -0.82922706
vn 0.48981118 -0.26860613 -0.82941893
vn 0.00000000 0.00000000 -1.00000000
vn 0.00000000 0.00000000 -1.00000000
vn 0.00000000 0.00000000 -1.00000000
vn 0.00000000 0.00000000 -1.00000000
vn -0.04720031 0.02360016 -0.99860661
vn -0.03930133 0.03140107 -0.99873389
vn -0.29100088 0.15730047 -0.94370284
vn -0.27538351 0.18098916 -0.94414345
vn -0.62249007 0.33099472 -0.70918869
vn -0.58550351 0.38760232 -0.71200427
vn -0.81339795 0.43429890 -0.38699902
vn -0.76928320 0.51018886 -0.38459160
vn -0.87433614 0.47261953 -0.11030456
vn -0.82698893 0.55129262 -0.11029852
vn -0.87575565 0.47337603 0.09469520
vn -0.83078895 0.54859270 0.09399875
vn -0.82042469 0.44181330 0.36291092
vn -0.77919859 0.51159908 0.36209935
vn -0.64369895 0.34539944 0.68289889
vn -0.60688916 0.40189282 0.68568776
vn -0.33839630 0.22829750 0.91289002
vn -0.36148419 0.19639141 0.91146014
vn -0.55981410 0.37060934 0.74111867
vn -0.59181495 0.31560797 0.74171873
vn -0.79490857 0.42510458 0.43290467
vn -0.75401243 0.49480815 0.43200712
vn -0.62088941 0.33799424 0.70728794
vn -0.58879257 0.39249504 0.70659108
vn -0.33900273 0.22080178 0.91450737
vn -0.35511322 0.18940705 0.91543409
vn -0.02359996 0.01569997 0.99959820
vn -0.02359977 0.00789992 0.99969027
vn 0.31429412 -0.20429618 0.92708267
vn 0.33029579 -0.17299779 0.92788817
vn 0.58217674 -0.38548460 0.71587140
vn 0.61420725 -0.33070391 0.71650846
vn 0.80562314 -0.43441248 0.40281157
vn 0.76430130 -0.50430086 0.40190069
vn 0.87508457 -0.47299166 0.10249819
vn 0.82766823 -0.55177882 0.10249607
vn 0.87433614 -0.47261953 -0.11030456
vn 0.82698893 -0.55129262 -0.11029852
vn 0.80835330 -0.43167506 -0.40027688
vn 0.76430130 -0.50430086 -0.40190069
vn 0.62249007 -0.33099472 -0.70918869
vn 0.59060506 -0.38590331 -0.70870607
vn 0.48977055 -0.26858385 -0.82945013
vn 0.46600327 -0.30810216 -0.82940582
vn 0.00000000 0.00000000 -1.00000000
vn 0.00000000 0.00000000 -1.00000000
vn 0.00000000 0.00000000 -1.00000000
vn 0.00000000 0.00000000 -1.00000000
vn -0.03940118 0.03140094 -0.99872996
vn -0.03940118 0.03140094 -0.99872996
vn -0.27538351 0.18098916 -0.94414345
vn -0.25960378 0.20450298 -0.94381376
vn -0.58541509 0.38770999 -0.71201835
vn -0.55110328 0.44080262 -0.70850422
vn -0.76924237 0.51022810 -0.38462119
vn -0.72289345 0.57369481 -0.38509651
vn -0.82698893 0.55129262 -0.11029852
vn -0.77687995 0.61998400 -0.10989716
vn -0.83078895 0.54859270 0.09399875
vn -0.77811047 0.62100835 0.09430127
vn -0.77919859 0.51159908 0.36209935
vn -0.72974836 0.58065891 0.36097446
vn -0.60688916 0.40189282 0.68568776
vn -0.56710110 0.45690089 0.68530133
vn -0.32249752 0.25169806 0.91249298
vn -0.33840403 0.22820271 0.91291086
vn -0.52750118 0.41730093 0.74000165
vn -0.55981410 0.37060934 0.74111867
vn -0.75401243 0.49480815 0.43200712
vn -0.70390617 0.56150492 0.43500382
vn -0.58879257 0.39249504 0.70659108
vn -0.55110328 0.44080262 0.70850422
vn -0.31540134 0.25230107 0.91480389
vn -0.33901021 0.22070665 0.91452756
vn -0.01569927 0.01569927 0.99975350
vn -0.02359996 0.01569997 0.99959820
vn 0.29079250 -0.23579392 0.92727609
vn 0.31429412 -0.20429618 0.92708267
vn 0.54439429 -0.43389545 0.71789247
vn 0.58211063 -0.38550704 0.71591308
vn 0.76430130 -0.50430086 0.40190069
vn 0.71788429 -0.56808756 0.40239119
vn 0.82766823 -0.55177882 0.10249607
vn 0.77755863 -0.62046699 0.10209457
vn 0.82698893 -0.55129262 -0.11029852
vn 0.77687995 -0.61998400 -0.10989716
vn 0.76430130 -0.50430086 -0.40190069
vn 0.71467713 -0.57338165 -0.40058718
vn 0.59062785 -0.38581819 -0.70873342
vn 0.55107899 -0.44088319 -0.70847298
vn 0.46601763 -0.30801165 -0.82943137
vn 0.43498711 -0.34798969 -0.83047540
vn 0.00000000 0.00000000 -1.00000000
vn 0.00000000 0.00000000 -1.00000000
vn 0.00000000 0.00000000 -1.00000000
vn 0.00000000 0.00000000 -1.00000000
vn -0.02360016 0.04720031 -0.99860661
vn -0.01569941 0.04719821 -0.99876216
vn -0.14160273 0.29890576 -0.94371819
vn -0.11799982 0.30689954 -0.94439860
vn -0.30811993 0.63204089 -0.71104600
vn -0.24419759 0.66169347 -0.70889300
vn -0.32230606 0.86471625 -0.38520724
vn -0.40022171 0.83184512 -0.38452086
vn -0.34718650 0.93126378 -0.11049570
vn -0.43190029 0.89520060 -0.10990007
vn -0.34781737 0.93274657 0.09490474
vn -0.43261175 0.89662435 0.09440256
vn -0.40108576 0.84157012 0.36178715
vn -0.32998872 0.87207019 0.36138765
vn -0.31570415 0.65500860 0.68650901
vn -0.25908565 0.68296216 0.68296216
vn -0.14150262 0.38520715 0.91191692
vn -0.18069552 0.36929085 0.91157742
vn -0.23619546 0.62978788 0.73998576
vn -0.29130959 0.60621997 0.74002437
vn -0.39360615 0.81091266 0.43300676
vn -0.31549074 0.84397523 0.43378727
vn -0.30660817 0.63671697 0.70751886
vn -0.25160164 0.66040430 0.70750461
vn -0.14199273 0.37848063 0.91465320
vn -0.17359599 0.36299161 0.91547885
vn -0.00789992 0.02359977 0.99969027
vn -0.00789992 0.02359977 0.99969027
vn 0.13379633 -0.34619051 0.92857454
vn 0.16489949 -0.33769895 0.92669713
vn 0.24409764 -0.65349369 0.71649308
vn 0.29920954 -0.63002010 0.71662286
vn 0.39369097 -0.82688104 0.40159079
vn 0.32248348 -0.85735608 0.40117945
vn 0.43230758 -0.89591571 0.10220179
vn 0.34751259 -0.93203377 0.10270372
vn 0.34730678 -0.93121817 -0.11050216
vn 0.43190029 -0.89520060 -0.10990007
vn 0.32248348 -0.85735608 -0.40117945
vn 0.40029385 -0.82428733 -0.40039385
vn 0.24419759 -0.66169347 -0.70889300
vn 0.30660817 -0.63671697 -0.70751886
vn 0.24448945 -0.50467821 -0.82796426
vn 0.19760487 -0.52171287 -0.82992047
vn 0.00000000 0.00000000 -1.00000000
vn 0.00000000 0.00000000 -1.00000000
vn 0.00000000 0.00000000 -1.00000000
vn 0.00000000 0.00000000 -1.00000000
vn 0.00789964 0.04719784 -0.99885432
vn 0.00000000 0.05499925 -0.99848640
vn 0.03149956 0.33019540 -0.94338686
vn 0.00000000 0.33038160 -0.94384744
vn 0.06310326 0.70173626 -0.70963667
vn 0.00000000 0.70314549 -0.71104600
vn 0.07860156 0.91951829 -0.38510766
vn 0.00000000 0.92237719 -0.38629045
vn 0.08639736 0.99016980 -0.10999665
vn 0.00000000 0.99388739 -0.11039860
vn 0.08659580 0.99175188 0.09449541
vn 0.00000000 0.99549637 0.09479965
vn 0.08650274 0.92822937 0.36181145
vn 0.00000000 0.93170972 0.36320379
vn 0.06310202 0.72512316 0.68572191
vn 0.00000000 0.73026337 0.68316573
vn 0.00000000 0.40901283 0.91252863
vn 0.03930080 0.40870829 0.91181850
vn 0.00000000 0.67071429 0.74171581
vn 0.06299655 0.66936337 0.74025949
vn 0.07879621 0.89785686 0.43317919
vn 0.00000000 0.90067715 0.43448898
vn 0.06270137 0.70571543 0.70571543
vn 0.00000000 0.70710678 0.70710678
vn 0.00000000 0.40250736 0.91541675
vn 0.03940013 0.40220135 0.91470307
vn 0.00010000 0.02370045 0.99971910
vn 0.00010000 0.02370045 0.99971910
vn 0.00000000 -0.37001092 0.92902741
vn -0.03149933 -0.36979219 0.92858038
vn 0.00000000 -0.69921306 0.71491335
vn -0.06309991 -0.69379903 0.71739899
vn -0.07860086 -0.91260997 0.40120438
vn 0.00000000 -0.91541675 0.40250736
vn -0.08649965 -0.99099599 0.10219959
vn 0.00000000 -0.99472246 0.10260232
vn -0.08639736 -0.99016980 -0.10999665
vn 0.00000000 -0.99388739 -0.11039860
vn -0.07870024 -0.91260279 -0.40120123
vn 0.00000000 -0.91541675 -0.40250736
vn -0.06310326 -0.70173626 -0.70963667
vn 0.00000000 -0.70314549 -0.71104600
vn -0.04719999 -0.55049991 -0.83349986
vn 0.00000000 -0.56018023 -0.82837076
vn 0.00000000 0.00000000 -1.00000000
vn 0.00000000 0.00000000 -1.00000000
vn 0.00000000 0.00000000 -1.00000000
vn 0.00000000 0.00000000 -1.00000000
vn 0.00789964 0.04719784 -0.99885432
vn 0.00789964 0.04719784 -0.99885432
vn 0.06300014 0.32270070 -0.94440205
vn 0.03139966 0.33019644 -0.94338983
vn 0.12610316 0.69351736 -0.70931775
vn 0.06310326 0.70173626 -0.70963667
vn 0.07860156 0.91951829 -0.38510766
vn 0.16569094 0.90725040 -0.38657887
vn 0.08639736 0.99016980 -0.10999665
vn 0.18120731 0.97723940 -0.11030445
vn 0.18150365 0.97881968 0.09470190
vn 0.08659662 0.99176124 0.09439631
vn 0.16480426 0.91792375 0.36090934
vn 0.08650274 0.92822937 0.36181145
vn 0.13380407 0.71632179 0.68482083
vn 0.06300241 0.72512774 0.68572623
vn 0.03930080 0.40870829 0.91181850
vn 0.07090069 0.40150388 0.91310883
vn 0.06300122 0.66941292 0.74021429
vn 0.11819939 0.66169660 0.74039619
vn 0.15719586 0.88797661 0.43218862
vn 0.07869684 0.89786393 0.43318260
vn 0.12540250 0.69761392 0.70541408
vn 0.06270137 0.70571543 0.70571543
vn 0.03940013 0.40220135 0.91470307
vn 0.07110077 0.39480429 0.91600996
vn 0.00000000 0.02360051 0.99972147
vn 0.00779993 0.02359979 0.99969106
vn -0.03149933 -0.36979219 0.92858038
vn -0.06279918 -0.36929517 0.92718787
vn -0.06309991 -0.69379903 0.71739899
vn -0.12609723 -0.68548496 0.71708427
vn -0.16579859 -0.90019236 0.40269658
vn -0.07870024 -0.91260279 0.40120123
vn -0.18139167 -0.97805510 0.10249529
vn -0.08649965 -0.99099599 0.10219959
vn -0.18130402 -0.97722168 -0.11030245
vn -0.08639736 -0.99016980 -0.10999665
vn -0.07870024 -0.91260279 -0.40120123
vn -0.16459374 -0.90166571 -0.39988479
vn -0.06309883 -0.70178701 -0.70958687
vn -0.12610316 -0.69351736 -0.70931775
vn -0.10249607 -0.55177882 -0.82766823
vn -0.04719999 -0.55049991 -0.83349986
vn 0.00000000 0.00000000 -1.00000000
vn 0.00000000 0.00000000 -1.00000000
vn 0.00000000 0.00000000 -1.00000000
vn 0.00000000 0.00000000 -1.00000000
vn 0.01569948 0.04709844 -0.99876687
vn 0.01569941 0.04719821 -0.99876216
vn 0.11799982 0.30689954 -0.94439860
vn 0.08639632 0.32208628 -0.94275983
vn 0.24419759 0.66169347 -0.70889300
vn 0.18929820 0.67839353 -0.70989323
vn 0.24410091 0.88970332 -0.38580144
vn 0.32230606 0.86471625 -0.38520724
vn 0.26679113 0.95746816 -0.10989635
vn 0.34721883 0.93125051 -0.11050599
vn 0.34778493 0.93275957 0.09489589
vn 0.26729696 0.95898908 0.09429893
vn 0.32998872 0.87207019 0.36138765
vn 0.25191300 0.89744632 0.36211869
vn 0.25908565 0.68296216 0.68296216
vn 0.19690523 0.70111861 0.68531819
vn 0.11020392 0.39341399 0.91273245
vn 0.14150262 0.38520715 0.91191692
vn 0.18129446 0.64648023 0.74107734
vn 0.23619546 0.62978788 0.73998576
vn 0.31549074 0.84397523 0.43378727
vn 0.23700634 0.86892326 0.43451163
vn 0.25160164 0.66040430 0.70750461
vn 0.18830218 0.68260790 0.70610817
vn 0.11050622 0.38672177 0.91555155
vn 0.14189475 0.37848601 0.91466618
vn 0.00769996 0.02349986 0.99969419
vn 0.00769996 0.02349986 0.99969419
vn -0.10210407 -0.36131439 0.92683692
vn -0.13379633 -0.34619051 0.92857454
vn -0.18929183 -0.67027107 0.71756902
vn -0.24409764 -0.65349369 0.71649308
vn -0.32248348 -0.85735608 0.40117945
vn -0.24429849 -0.88249455 0.40189752
vn -0.34751259 -0.93203377 0.10270372
vn -0.26708588 -0.95824935 0.10209460
vn -0.34730678 -0.93121817 -0.11050216
vn -0.26679113 -0.95746816 -0.10989635
vn -0.24429849 -0.88249455 -0.40189752
vn -0.32249642 -0.85739047 -0.40109554
vn -0.18929820 -0.67839353 -0.70989323
vn -0.24419759 -0.66169347 -0.70889300
vn -0.19760487 -0.52171287 -0.82992047
vn -0.15019303 -0.53737506 -0.82986149
vn 0.00000000 0.00000000 -1.00000000
vn 0.00000000 0.00000000 -1.00000000
vn 0.00000000 0.00000000 -1.00000000
vn 0.00000000 0.00000000 -1.00000000
vn 0.03150085 0.03940106 -0.99872682
vn 0.03150085 0.03940106 -0.99872682
vn 0.21989420 0.25139337 -0.94257515
vn 0.19658974 0.26728605 -0.94335075
vn 0.46539781 0.52849751 -0.70999666
vn 0.41120801 0.56941109 -0.71181387
vn 0.54231296 0.74671785 -0.38510921
vn 0.60730900 0.69411029 -0.38650573
vn 0.58360077 0.80450106 -0.11040015
vn 0.65389884 0.74849867 -0.11029980
vn 0.65498586 0.74968381 0.09469796
vn 0.58458309 0.80577670 0.09479726
vn 0.61429177 0.70099061 0.36229515
vn 0.54947096 0.75346018 0.36108092
vn 0.47942875 0.55013299 0.68374101
vn 0.42550293 0.59090407 0.68540472
vn 0.24370203 0.33020275 0.91190760
vn 0.26768788 0.30708609 0.91325863
vn 0.39410669 0.54380923 0.74091257
vn 0.44178193 0.50487935 0.74156967
vn 0.59209489 0.67889414 0.43419625
vn 0.52700948 0.73151316 0.43260778
vn 0.46348821 0.53418641 0.70698201
vn 0.41589025 0.57288656 0.70628343
vn 0.23689715 0.32379611 0.91598899
vn 0.26829126 0.29989023 0.91547018
vn 0.01569997 0.02359996 0.99959820
vn 0.01569925 0.01579924 0.99975193
vn -0.22029501 -0.29899322 0.92847895
vn -0.24370969 -0.28301126 0.92763690
vn -0.40901088 -0.56621506 0.71561904
vn -0.45660713 -0.52750824 0.71641119
vn -0.59857831 -0.69307489 0.40168545
vn -0.53660424 -0.74170586 0.40240318
vn -0.65449106 -0.74908977 0.10249860
vn -0.58413342 -0.80514606 0.10260587
vn -0.65389884 -0.74849867 -0.11029980
vn -0.58366670 -0.80445411 -0.11039370
vn -0.53660424 -0.74170586 -0.40240318
vn -0.60360089 -0.68980102 -0.39980059
vn -0.41779930 -0.56749905 -0.70949882
vn -0.46539781 -0.52849751 -0.70999666
vn -0.37109726 -0.41839691 -0.82899388
vn -0.33169640 -0.45009511 -0.82909100
vn 0.00000000 0.00000000 -1.00000000
vn 0.00000000 0.00000000 -1.00000000
vn 0.00000000 0.00000000 -1.00000000
vn 0.00000000 0.00000000 -1.00000000
vn 0.03929821 0.03929821 -0.99845446
vn 0.03150097 0.03930121 -0.99873075
vn 0.23610657 0.22830635 -0.94452628
vn 0.21989420 0.25139337 -0.94257515
vn 0.50532762 0.48952675 -0.71063884
vn 0.46539781 0.52849751 -0.70999666
vn 0.60730900 0.69411029 -0.38650573
vn 0.66812700 0.63662573 -0.38511556
vn 0.65389884 0.74849867 -0.11029980
vn 0.71839890 0.68679895 -0.11049983
vn 0.71958684 0.68788742 0.09489826
vn 0.65498586 0.74968381 0.09469796
vn 0.67493265 0.64353113 0.36101746
vn 0.61429177 0.70099061 0.36229515
vn 0.52720202 0.50350193 0.68450262
vn 0.47940238 0.55020273 0.68370339
vn 0.26769609 0.30699552 0.91328668
vn 0.29859603 0.28289623 0.91148787
vn 0.44178193 0.50487935 0.74156967
vn 0.48771159 0.46411103 0.73941758
vn 0.65303248 0.62153091 0.43272152
vn 0.59209489 0.67889414 0.43419625
vn 0.51118465 0.48758536 0.70777875
vn 0.46348821 0.53418641 0.70698201
vn 0.26829126 0.29989023 0.91547018
vn 0.29201036 0.27630980 0.91563248
vn 0.01569927 0.01569927 0.99975350
vn 0.01579922 0.01579922 0.99975035
vn -0.24370969 -0.28301126 0.92763690
vn -0.26739639 -0.25949650 0.92798747
vn -0.45660713 -0.52750824 0.71641119
vn -0.50440912 -0.48080869 0.71721297
vn -0.66290585 -0.63130557 0.40250355
vn -0.59857831 -0.69307489 0.40168545
vn -0.71899028 -0.68739070 0.10269861
vn -0.65449106 -0.74908977 0.10249860
vn -0.71839890 -0.68679895 -0.11049983
vn -0.65389884 -0.74849867 -0.11029980
vn -0.60360089 -0.68980102 -0.39980059
vn -0.65956847 -0.63606959 -0.40048085
vn -0.46539781 -0.52849751 -0.70999666
vn -0.51118465 -0.48758536 -0.70777875
vn -0.40289964 -0.38699966 -0.82939927
vn -0.37108173 -0.41847940 -0.82895919
vn 0.00000000 0.00000000 -1.00000000
vn 0.00000000 0.00000000 -1.00000000
vn 0.00000000 0.00000000 -1.00000000
vn 0.00000000 0.00000000 -1.00000000
vn 0.03930121 0.03150097 -0.99873075
vn 0.03929821 0.03929821 -0.99845446
vn 0.25960378 0.20450298 -0.94381376
vn 0.23610657 0.22830635 -0.94452628
vn 0.55107899 0.44088319 -0.70847298
vn 0.50530288 0.48960279 -0.71060405
vn 0.66808446 0.63668519 -0.38509104
vn 0.72298266 0.57358624 -0.38509076
vn 0.71839890 0.68679895 -0.11049983
vn 0.77692811 0.61992243 -0.10990398
vn 0.71953862 0.68793692 0.09490509
vn 0.77811047 0.62100835 0.09430127
vn 0.67493265 0.64353113 0.36101746
vn 0.72970161 0.58070128 0.36100080
vn 0.52710326 0.50360312 0.68450424
vn 0.56710110 0.45690089 0.68530133
vn 0.29859603 0.28289623 0.91148787
vn 0.32249752 0.25169806 0.91249298
vn 0.48771159 0.46411103 0.73941758
vn 0.52752319 0.41721834 0.74003253
vn 0.65299189 0.62159228 0.43269462
vn 0.70390617 0.56150492 0.43500382
vn 0.51118465 0.48758536 0.70777875
vn 0.55110328 0.44080262 0.70850422
vn 0.29210183 0.27630173 0.91560574
vn 0.31539338 0.25239470 0.91478081
vn 0.01569927 0.01569927 0.99975350
vn 0.01569927 0.01569927 0.99975350
vn -0.26739639 -0.25949650 0.92798747
vn -0.29079250 -0.23579392 0.92727609
vn -0.50440912 -0.48080869 0.71721297
vn -0.54432392 -0.43391907 0.71793155
vn -0.66290585 -0.63130557 0.40250355
vn -0.71792507 -0.56801983 0.40241405
vn -0.71899028 -0.68739070 0.10269861
vn -0.77755863 -0.62046699 0.10209457
vn -0.71839890 -0.68679895 -0.11049983
vn -0.77687995 -0.61998400 -0.10989716
vn -0.65961042 -0.63601005 -0.40050633
vn -0.71471810 -0.57331452 -0.40061015
vn -0.51118465 -0.48758536 -0.70777875
vn -0.55107899 -0.44088319 -0.70847298
vn -0.43498711 -0.34798969 -0.83047540
vn -0.40289964 -0.38699966 -0.82939927
vn 0.00000000 0.00000000 -1.00000000
vn 0.00000000 0.00000000 -1.00000000
vn 0.00000000 0.00000000 -1.00000000
vn 0.00000000 0.00000000 -1.00000000
vn 0.04720031 0.02360016 -0.99860661
vn 0.03930133 0.03140107 -0.99873389
vn 0.29100088 0.15730047 -0.94370284
vn 0.27538351 0.18098916 -0.94414345
vn 0.62251068 0.33090568 -0.70921216
vn 0.58541509 0.38770999 -0.71201835
vn 0.76924237 0.51022810 -0.38462119
vn 0.81339795 0.43429890 -0.38699902
vn 0.82698893 0.55129262 -0.11029852
vn 0.87433614 0.47261953 -0.11030456
vn 0.83078114 0.54858754 0.09409786
vn 0.87575565 0.47337603 0.09469520
vn 0.77919859 0.51159908 0.36209935
vn 0.82045738 0.44177705 0.36288115
vn 0.60688916 0.40189282 0.68568776
vn 0.64369895 0.34539944 0.68289889
vn 0.33840403 0.22820271 0.91291086
vn 0.36139726 0.19639851 0.91149309
vn 0.55981410 0.37060934 0.74111867
vn 0.59181495 0.31560797 0.74171873
vn 0.75401243 0.49480815 0.43200712
vn 0.79497917 0.42498886 0.43288866
vn 0.58879257 0.39249504 0.70659108
vn 0.62088941 0.33799424 0.70728794
vn 0.33900273 0.22080178 0.91450737
vn 0.35511322 0.18940705 0.91543409
vn 0.02359996 0.01569997 0.99959820
vn 0.02359977 0.00789992 0.99969027
vn -0.31429412 -0.20429618 0.92708267
vn -0.33029579 -0.17299779 0.92788817
vn -0.58217674 -0.38548460 0.71587140
vn -0.61420725 -0.33070391 0.71650846
vn -0.76430130 -0.50430086 0.40190069
vn -0.80562314 -0.43441248 0.40281157
vn -0.82766823 -0.55177882 0.10249607
vn -0.87508457 -0.47299166 0.10249819
vn -0.82698893 -0.55129262 -0.11029852
vn -0.87433614 -0.47261953 -0.11030456
vn -0.76430130 -0.50430086 -0.40190069
vn -0.80838819 -0.43159370 -0.40029415
vn -0.59060506 -0.38590331 -0.70870607
vn -0.62249007 -0.33099472 -0.70918869
vn -0.48977055 -0.26858385 -0.82945013
vn -0.46600327 -0.30810216 -0.82940582
vn 0.00000000 0.00000000 -1.00000000
vn 0.00000000 0.00000000 -1.00000000
vn 0.00000000 0.00000000 -1.00000000
vn 0.00000000 0.00000000 -1.00000000
vn 0.04710064 0.02350032 -0.99861367
vn 0.04710064 0.02350032 -0.99861367
vn 0.30630794 0.13350346 -0.94252442
vn 0.29100088 0.15730047 -0.94370284
vn 0.64729769 0.27629901 -0.71039746
vn 0.62251068 0.33090568 -0.70921216
vn 0.81339409 0.43439684 -0.38689719
vn 0.84902776 0.36161182 -0.38521260
vn 0.87433614 0.47261953 -0.11030456
vn 0.91273245 0.39341399 -0.11020392
vn 0.87575565 0.47337603 0.09469520
vn 0.91422432 0.39401048 0.09460252
vn 0.82045738 0.44177705 0.36288115
vn 0.85623221 0.36921389 0.36131359
vn 0.64369895 0.34539944 0.68289889
vn 0.67008819 0.28379500 0.68588791
vn 0.36139016 0.19649465 0.91147518
vn 0.37760353 0.15730147 0.91250853
vn 0.59181495 0.31560797 0.74171873
vn 0.62000482 0.26690208 0.73780574
vn 0.79494236 0.42502265 0.43292307
vn 0.82817860 0.35489083 0.43378879
vn 0.62088941 0.33799424 0.70728794
vn 0.65180668 0.27490282 0.70680725
vn 0.35511322 0.18940705 0.91543409
vn 0.37080287 0.15780122 0.91520708
vn 0.02359977 0.00789992 0.99969027
vn 0.02359977 0.00789992 0.99969027
vn -0.33029579 -0.17299779 0.92788817
vn -0.34549428 -0.14919753 0.92648465
vn -0.61420725 -0.33070391 0.71650846
vn -0.64368897 -0.27469529 0.71428776
vn -0.80562314 -0.43441248 0.40281157
vn -0.84157012 -0.36178715 0.40108576
vn -0.87508457 -0.47299166 0.10249819
vn -0.91347878 -0.39379085 0.10239762
vn -0.87433614 -0.47261953 -0.11030456
vn -0.91273245 -0.39341399 -0.11020392
vn -0.80838819 -0.43159370 -0.40029415
vn -0.84157012 -0.36178715 -0.40108576
vn -0.62251068 -0.33090568 -0.70921216
vn -0.64729769 -0.27629901 -0.71039746
vn -0.51331675 -0.22110721 -0.82922706
vn -0.48981118 -0.26860613 -0.82941893
vn 0.00000000 0.00000000 -1.00000000
vn 0.00000000 0.00000000 -1.00000000
vn 0.00000000 0.00000000 -1.00000000
vn 0.00000000 0.00000000 -1.00000000
vn 0.04719784 0.00789964 -0.99885432
vn 0.04719784 0.00789964 -0.99885432
vn 0.33000005 0.04720001 -0.94280015
vn 0.32250547 0.07080120 -0.94391600
vn 0.69597173 0.09489614 -0.71177108
vn 0.68629707 0.15779933 -0.70999697
vn 0.89919600 0.20509909 -0.38649828
vn 0.91383306 0.12610456 -0.38601396
vn 0.96910714 0.22060163 -0.11030081
vn 0.98483627 0.13390493 -0.11030406
vn 0.97066720 0.22099253 0.09469680
vn 0.98641840 0.13420250 0.09470177
vn 0.91001601 0.20400359 0.36090635
vn 0.92320292 0.12620040 0.36300115
vn 0.70911662 0.16540388 0.68541606
vn 0.72332523 0.09440329 0.68402386
vn 0.40067938 0.09429515 0.91135309
vn 0.40841659 0.05500223 0.91113701
vn 0.65442990 0.14980685 0.74113387
vn 0.66821781 0.08650231 0.73891969
vn 0.88010656 0.19650146 0.43220322
vn 0.89279498 0.11849933 0.43459756
vn 0.69045640 0.15689009 0.70615541
vn 0.69998818 0.09439841 0.70788805
vn 0.39429381 0.08669864 0.91488564
vn 0.39520834 0.05540117 0.91691934
vn 0.02359979 0.00779993 0.99969106
vn 0.02360051 0.00000000 0.99972147
vn -0.36181145 -0.08650274 0.92822937
vn -0.36959704 -0.04719962 0.92799258
vn -0.67827117 -0.15779329 0.71766949
vn -0.69210099 -0.09440014 0.71560103
vn -0.89208385 -0.20519628 0.40259271
vn -0.90681019 -0.12620142 0.40220452
vn -0.96991702 -0.22080388 0.10250180
vn -0.98565390 -0.13409373 0.10249521
vn -0.96910714 -0.22060163 -0.11030081
vn -0.98483627 -0.13390493 -0.11030406
vn -0.89206554 -0.20529207 -0.40258445
vn -0.90681019 -0.12620142 -0.40220452
vn -0.68629707 -0.15779933 -0.70999697
vn -0.69998818 -0.09439841 -0.70788805
vn -0.55331934 -0.07110248 -0.82992900
vn -0.54479319 -0.12639842 -0.82898964
vn 0.00000000 0.00000000 -1.00000000
vn 0.00000000 0.00000000 -1.00000000
vn 0.00000000 0.00000000 -1.00000000
vn 0.00000000 0.00000000 -1.00000000
vn 0.05499925 0.00000000 -0.99848640
vn 0.04719784 0.00789964 -0.99885432
vn 0.33031416 0.01570067 -0.94374045
vn 0.33000161 0.04710023 -0.94280460
vn 0.70279266 0.03159967 -0.71069258
vn 0.69597173 0.09489614 -0.71177108
vn 0.91383306 0.12610456 -0.38601396
vn 0.92166348 0.03939844 -0.38598471
vn 0.98483627 0.13390493 -0.11030406
vn 0.99277259 0.04729869 -0.11029695
vn 0.98641840 0.13420250 0.09470177
vn 0.99437703 0.04739890 0.09469781
vn 0.92319126 0.12629880 0.36299656
vn 0.93099545 0.03939981 0.36289823
vn 0.72333205 0.09430418 0.68403031
vn 0.72991613 0.03140069 0.68281509
vn 0.40841659 0.05500223 0.91113701
vn 0.40899974 0.01569999 0.91239943
vn 0.66821781 0.08650231 0.73891969
vn 0.67036357 0.03159828 0.74135972
vn 0.89279498 0.11849933 0.43459756
vn 0.89995955 0.03949822 0.43418049
vn 0.69998818 0.09439841 0.70788805
vn 0.70675815 0.03139814 0.70675815
vn 0.39521052 0.05530147 0.91692442
vn 0.40241016 0.01580040 0.91532312
vn 0.02360051 0.00000000 0.99972147
vn 0.02360051 0.00000000 0.99972147
vn -0.36959704 -0.04719962 0.92799258
vn -0.36999969 -0.01569999 0.92889921
vn -0.69210099 -0.09440014 0.71560103
vn -0.69886494 -0.03139842 0.71456415
vn -0.90681019 -0.12620142 0.40220452
vn -0.91470307 -0.03940013 0.40220135
vn -0.98566711 -0.13399553 0.10249658
vn -0.99360770 -0.04730037 0.10250079
vn -0.98483627 -0.13390493 -0.11030406
vn -0.99277259 -0.04729869 -0.11029695
vn -0.90682163 -0.12610301 -0.40220959
vn -0.91470307 -0.03940013 -0.40220135
vn -0.69998818 -0.09439841 -0.70788805
vn -0.70279266 -0.03159967 -0.71069258
vn -0.55997846 -0.02369909 -0.82816815
vn -0.55338872 -0.07109855 -0.82988308
vn 0.00000000 0.00000000 -1.00000000
vn 0.00000000 0.00000000 -1.00000000
vn 0.00000000 0.00000000 -1.00000000
vn 0.00000000 0.00000000 -1.00000000
vn 0.05499925 0.00000000 -0.99848640
vn 0.05499925 0.00000000 -0.99848640
vn 0.33031416 -0.01570067 -0.94374045
vn 0.33031416 0.01570067 -0.94374045
vn 0.70279266 -0.03159967 -0.71069258
vn 0.70279266 0.03159967 -0.71069258
vn 0.92166348 0.03939844 -0.38598471
vn 0.92166348 -0.03939844 -0.38598471
vn 0.99277259 0.04729869 -0.11029695
vn 0.99277259 -0.04729869 -0.11029695
vn 0.99437703 0.04739890 0.09469781
vn 0.99438173 -0.04729913 0.09469826
vn 0.93099178 0.03949965 0.36289680
vn 0.93099178 -0.03949965 0.36289680
vn 0.72991613 0.03140069 0.68281509
vn 0.72991613 -0.03140069 0.68281509
vn 0.40899974 0.01569999 0.91239943
vn 0.40899974 -0.01569999 0.91239943
vn 0.67036569 0.03149839 0.74136205
vn 0.67036569 -0.03149839 0.74136205
vn 0.89995955 0.03949822 0.43418049
vn 0.89995955 -0.03949822 0.43418049
vn 0.70675815 0.03139814 0.70675815
vn 0.70675815 -0.03139814 0.70675815
vn 0.40241016 0.01580040 0.91532312
vn 0.40241016 -0.01580040 0.91532312
vn 0.02370045 0.00000000 0.99971910
vn 0.02370045 0.00000000 0.99971910
vn -0.36999969 -0.01569999 0.92889921
vn -0.36999969 0.01569999 0.92889921
vn -0.69886494 -0.03139842 0.71456415
vn -0.69886494 0.03139842 0.71456415
vn -0.91470307 -0.03940013 0.40220135
vn -0.91470307 0.03940013 0.40220135
vn -0.99360770 -0.04730037 0.10250079
vn -0.99360770 0.04730037 0.10250079
vn -0.99277259 -0.04729869 -0.11029695
vn -0.99277259 0.04729869 -0.11029695
vn -0.91470307 -0.03940013 -0.40220135
vn -0.91470307 0.03940013 -0.40220135
vn -0.70279266 -0.03159967 -0.71069258
vn -0.70279266 0.03159967 -0.71069258
vn -0.55997846 0.02369909 -0.82816815
vn -0.55997846 -0.02369909 -0.82816815
vn 0.00000000 0.00000000 -1.00000000
vn 0.00000000 0.00000000 -1.00000000
vn 0.00000000 0.00000000 -1.00000000
vn 0.00000000 0.00000000 -1.00000000
vn 0.04719784 -0.00789964 -0.99885432
vn 0.04719784 -0.00789964 -0.99885432
vn 0.33000005 -0.04720001 -0.94280015
vn 0.32250547 -0.07080120 -0.94391600
vn 0.69597173 -0.09489614 -0.71177108
vn 0.68629707 -0.15779933 -0.70999697
vn 0.91383306 -0.12610456 -0.38601396
vn 0.89919600 -0.20509909 -0.38649828
vn 0.98482308 -0.13400314 -0.11030258
vn 0.96910714 -0.22060163 -0.11030081
vn 0.98643164 -0.13410430 0.09470304
vn 0.97066720 -0.22099253 0.09469680
vn 0.92320292 -0.12620040 0.36300115
vn 0.91001601 -0.20400359 0.36090635
vn 0.72333205 -0.09430418 0.68403031
vn 0.70910489 -0.16550114 0.68540472
vn 0.40067938 -0.09429515 0.91135309
vn 0.40841659 -0.05500223 0.91113701
vn 0.65442990 -0.14980685 0.74113387
vn 0.66821781 -0.08650231 0.73891969
vn 0.89283378 -0.11850448 0.43451644
vn 0.88010656 -0.19650146 0.43220322
vn 0.69998818 -0.09439841 0.70788805
vn 0.69045640 -0.15689009 0.70615541
vn 0.39429381 -0.08669864 0.91488564
vn 0.39521052 -0.05530147 0.91692442
vn 0.02359977 -0.00789992 0.99969027
vn 0.02360051 0.00000000 0.99972147
vn -0.36181145 0.08650274 0.92822937
vn -0.36959704 0.04719962 0.92799258
vn -0.67828187 0.15769578 0.71768081
vn -0.69210099 0.09440014 0.71560103
vn -0.90681019 0.12620142 0.40220452
vn -0.89206554 0.20529207 0.40258445
vn -0.98565390 0.13409373 0.10249521
vn -0.96991702 0.22080388 0.10250180
vn -0.98483627 0.13390493 -0.11030406
vn -0.96910714 0.22060163 -0.11030081
vn -0.90681019 0.12620142 -0.40220452
vn -0.89206554 0.20529207 -0.40258445
vn -0.69998818 0.09439841 -0.70788805
vn -0.68629707 0.15779933 -0.70999697
vn -0.55361537 0.07120198 -0.82972303
vn -0.54480007 0.12630002 -0.82900011
vn 0.00000000 0.00000000 -1.00000000
vn 0.00000000 0.00000000 -1.00000000
vn 0.00000000 0.00000000 -1.00000000
vn 0.00000000 0.00000000 -1.00000000
vn 0.04719784 -0.00789964 -0.99885432
vn 0.04719821 -0.01569941 -0.99876216
vn 0.32250547 -0.07080120 -0.94391600
vn 0.31460194 -0.10220063 -0.94370581
vn 0.68629707 -0.15779933 -0.70999697
vn 0.66970494 -0.22060163 -0.70910523
vn 0.89919600 -0.20509909 -0.38649828
vn 0.87702798 -0.28440907 -0.38721235
vn 0.96910714 -0.22060163 -0.11030081
vn 0.94522790 -0.30720907 -0.11030326
vn 0.97066720 -0.22099253 0.09469680
vn 0.94676326 -0.30768806 0.09469632
vn 0.91001601 -0.20400359 0.36090635
vn 0.88633529 -0.29021156 0.36081437
vn 0.70911662 -0.16540388 0.68541606
vn 0.69238849 -0.22819621 0.68448862
vn 0.38601396 -0.12610456 0.91383306
vn 0.40067938 -0.09429515 0.91135309
vn 0.63892135 -0.20510685 0.74142477
vn 0.65442990 -0.14980685 0.74113387
vn 0.88010656 -0.19650146 0.43220322
vn 0.85822077 -0.27560667 0.43301048
vn 0.69050515 -0.15690117 0.70610527
vn 0.67398470 -0.21949502 0.70538398
vn 0.37929981 -0.12639994 0.91659954
vn 0.39429039 -0.08679788 0.91487770
vn 0.02359979 -0.00779993 0.99969106
vn 0.02359979 -0.00779993 0.99969106
vn -0.35381987 0.11790662 0.92785210
vn -0.36181145 0.08650274 0.92822937
vn -0.66272628 0.21300845 0.71792847
vn -0.67828187 0.15769578 0.71768081
vn -0.89206554 0.20529207 0.40258445
vn -0.87159734 0.28269914 0.40049878
vn -0.96991702 0.22080388 0.10250180
vn -0.94601017 0.30750331 0.10250110
vn -0.96910714 0.22060163 -0.11030081
vn -0.94522790 0.30720907 -0.11030326
vn -0.89206554 0.20529207 -0.40258445
vn -0.87159734 0.28269914 -0.40049878
vn -0.68629707 0.15779933 -0.70999697
vn -0.66970494 0.22060163 -0.70910523
vn -0.54480007 0.12630002 -0.82900011
vn -0.52972932 0.17390963 -0.83014595
vn 0.00000000 0.00000000 -1.00000000
vn 0.00000000 0.00000000 -1.00000000
vn 0.00000000 0.00000000 -1.00000000
vn 0.00000000 0.00000000 -1.00000000
vn 0.04719821 -0.01569941 -0.99876216
vn 0.04720031 -0.02360016 -0.99860661
vn 0.31460194 -0.10220063 -0.94370581
vn 0.30630794 -0.13350346 -0.94252442
vn 0.66970494 -0.22060163 -0.70910523
vn 0.64729769 -0.27629901 -0.71039746
vn 0.87702798 -0.28440907 -0.38721235
vn 0.84902776 -0.36161182 -0.38521260
vn 0.94522790 -0.30720907 -0.11030326
vn 0.91273245 -0.39341399 -0.11020392
vn 0.94676326 -0.30768806 0.09469632
vn 0.91422432 -0.39401048 0.09460252
vn 0.88633529 -0.29021156 0.36081437
vn 0.85623221 -0.36921389 0.36131359
vn 0.69238849 -0.22819621 0.68448862
vn 0.67008819 -0.28379500 0.68588791
vn 0.37760353 -0.15730147 0.91250853
vn 0.38601883 -0.12600615 0.91384458
vn 0.62006637 -0.26688553 0.73775999
vn 0.63892135 -0.20510685 0.74142477
vn 0.85822077 -0.27560667 0.43301048
vn 0.82817860 -0.35489083 0.43378879
vn 0.67398470 -0.21949502 0.70538398
vn 0.65180668 -0.27490282 0.70680725
vn 0.37080287 -0.15780122 0.91520708
vn 0.37929501 -0.12649834 0.91658795
vn 0.02349981 -0.00799993 0.99969183
vn 0.02349981 -0.00799993 0.99969183
vn -0.34549428 0.14919753 0.92648465
vn -0.35381987 0.11790662 0.92785210
vn -0.64361271 0.27480543 0.71431411
vn -0.66272628 0.21300845 0.71792847
vn -0.87159734 0.28269914 0.40049878
vn -0.84157012 0.36178715 0.40108576
vn -0.94601017 0.30750331 0.10250110
vn -0.91351475 0.39370636 0.10240165
vn -0.94522790 0.30720907 -0.11030326
vn -0.91273245 0.39341399 -0.11020392
vn -0.87159734 0.28269914 -0.40049878
vn -0.84157012 0.36178715 -0.40108576
vn -0.66970494 0.22060163 -0.70910523
vn -0.64729769 0.27629901 -0.71039746
vn -0.52968534 0.17389519 -0.83017703
vn -0.51331675 0.22110721 -0.82922706
vn 0.00000000 0.00000000 -1.00000000
vn 0.00000000 0.00000000 -1.00000000
vn 0.00000000 0.00000000 -1.00000000
vn 0.00000000 0.00000000 -1.00000000
vn 0.02360016 -0.04720031 -0.99860661
vn 0.02360027 -0.04710053 -0.99861132
vn 0.17290113 -0.28300184 -0.94340615
vn 0.14160696 -0.29881469 -0.94374639
vn 0.36200563 -0.60600943 -0.70831102
vn 0.30809803 -0.63199595 -0.71109544
vn 0.40022171 -0.83184512 -0.38452086
vn 0.47137992 -0.79346620 -0.38498360
vn 0.43190029 -0.89520060 -0.10990007
vn 0.51248284 -0.85157149 -0.11039630
vn 0.43261175 -0.89662435 0.09440256
vn 0.50988755 -0.85507912 0.09409770
vn 0.47859542 -0.80039235 0.36099655
vn 0.40108576 -0.84157012 0.36178715
vn 0.37138471 -0.62417430 0.68737169
vn 0.31568247 -0.65496363 0.68656188
vn 0.18069552 -0.36929085 0.91157742
vn 0.21199900 -0.35349833 0.91109569
vn 0.29130959 -0.60621997 0.74002437
vn 0.34679567 -0.57529282 0.74079075
vn 0.46481712 -0.77212844 0.43331596
vn 0.39360615 -0.81091266 0.43300676
vn 0.36200563 -0.60600943 0.70831102
vn 0.30658865 -0.63677642 0.70747381
vn 0.17359599 -0.36299161 0.91547885
vn 0.20510488 -0.34710826 0.91512177
vn 0.00789992 -0.02359977 0.99969027
vn 0.01579995 -0.02359992 0.99959662
vn -0.16489949 0.33769895 0.92669713
vn -0.18870691 0.32231181 0.92763398
vn -0.29930059 0.63000124 0.71660142
vn -0.35480119 0.59930201 0.71760241
vn -0.47141277 0.78562129 0.40071086
vn -0.39372353 0.82684941 0.40162400
vn -0.51289783 0.85229639 0.10259957
vn -0.43230758 0.89591571 0.10220179
vn -0.43190029 0.89520060 -0.10990007
vn -0.51248284 0.85157149 -0.11039630
vn -0.40037782 0.82425433 -0.40037782
vn -0.47141277 0.78562129 -0.40071086
vn -0.30658865 0.63677642 -0.70747381
vn -0.36200563 0.60600943 -0.70831102
vn -0.28420722 0.48161223 -0.82902106
vn -0.24448945 0.50467821 -0.82796426
vn 0.00000000 0.00000000 -1.00000000
vn 0.00000000 0.00000000 -1.00000000
vn 0.00000000 0.00000000 -1.00000000
vn 0.00000000 0.00000000 -1.00000000
vn 0.00789964 -0.04719784 -0.99885432
vn 0.00789964 -0.04719784 -0.99885432
vn 0.06300014 -0.32270070 -0.94440205
vn 0.03139966 -0.33019644 -0.94338983
vn 0.12610316 -0.69351736 -0.70931775
vn 0.06310326 -0.70173626 -0.70963667
vn 0.07860156 -0.91951829 -0.38510766
vn 0.16569094 -0.90725040 -0.38657887
vn 0.08639736 -0.99016980 -0.10999665
vn 0.18130402 -0.97722168 -0.11030245
vn 0.08659580 -0.99175188 0.09449541
vn 0.18150365 -0.97881968 0.09470190
vn 0.16480426 -0.91792375 0.36090934
vn 0.08650274 -0.92822937 0.36181145
vn 0.13380407 -0.71632179 0.68482083
vn 0.06300241 -0.72512774 0.68572623
vn 0.03930080 -0.40870829 0.91181850
vn 0.07090069 -0.40150388 0.91310883
vn 0.06300122 -0.66941292 0.74021429
vn 0.11819939 -0.66169660 0.74039619
vn 0.15719586 -0.88797661 0.43218862
vn 0.07869684 -0.89786393 0.43318260
vn 0.12540250 -0.69761392 0.70541408
vn 0.06270137 -0.70571543 0.70571543
vn 0.03949998 -0.40219976 0.91469946
vn 0.07110077 -0.39480429 0.91600996
vn 0.00000000 -0.02360051 0.99972147
vn 0.00789992 -0.02359977 0.99969027
vn -0.03149817 0.36987851 0.92854604
vn -0.06279918 0.36929517 0.92718787
vn -0.06309991 0.69379903 0.71739899
vn -0.12609723 0.68548496 0.71708427
vn -0.16579859 0.90019236 0.40269658
vn -0.07870024 0.91260279 0.40120123
vn -0.18140941 0.97805076 0.10250532
vn -0.08649965 0.99099599 0.10219959
vn -0.08639736 0.99016980 -0.10999665
vn -0.18130402 0.97722168 -0.11030245
vn -0.07870024 0.91260279 -0.40120123
vn -0.16459374 0.90166571 -0.39988479
vn -0.06309883 0.70178701 -0.70958687
vn -0.12610316 0.69351736 -0.70931775
vn -0.10249607 0.55177882 -0.82766823
vn -0.04719999 0.55049991 -0.83349986
vn 0.00000000 0.00000000 -1.00000000
vn 0.00000000 0.00000000 -1.00000000
vn 0.00000000 0.00000000 -1.00000000
vn 0.00000000 0.00000000 -1.00000000
vn 0.00789964 -0.04719784 -0.99885432
vn 0.00000000 -0.05499925 -0.99848640
vn 0.03149956 -0.33019540 -0.94338686
vn 0.00000000 -0.33038160 -0.94384744
vn 0.06309883 -0.70178701 -0.70958687
vn 0.00000000 -0.70314549 -0.71104600
vn 0.00000000 -0.92237719 -0.38629045
vn 0.07860156 -0.91951829 -0.38510766
vn 0.00000000 -0.99388739 -0.11039860
vn 0.08639736 -0.99016980 -0.10999665
vn 0.00000000 -0.99549637 0.09479965
vn 0.08659580 -0.99175188 0.09449541
vn 0.00000000 -0.93170972 0.36320379
vn 0.08660199 -0.92822133 0.36180831
vn 0.00000000 -0.73026337 0.68316573
vn 0.06300241 -0.72512774 0.68572623
vn 0.00000000 -0.40901283 0.91252863
vn 0.03930080 -0.40870829 0.91181850
vn 0.00000000 -0.67071429 0.74171581
vn 0.06299655 -0.66936337 0.74025949
vn 0.00000000 -0.90067715 0.43448898
vn 0.07879621 -0.89785686 0.43317919
vn 0.00000000 -0.70710678 0.70710678
vn 0.06280098 -0.70571100 0.70571100
vn 0.00000000 -0.40250736 0.91541675
vn 0.03940013 -0.40220135 0.91470307
vn 0.00010000 -0.02370045 0.99971910
vn 0.00010000 -0.02370045 0.99971910
vn 0.00000000 0.37001092 0.92902741
vn -0.03149933 0.36979219 0.92858038
vn 0.00000000 0.69921306 0.71491335
vn -0.06309991 0.69379903 0.71739899
vn 0.00000000 0.91541675 0.40250736
vn -0.07870024 0.91260279 0.40120123
vn 0.00000000 0.99472246 0.10260232
vn -0.08649965 0.99099599 0.10219959
vn 0.00000000 0.99388739 -0.11039860
vn -0.08639736 0.99016980 -0.10999665
vn 0.00000000 0.91541675 -0.40250736
vn -0.07870024 0.91260279 -0.40120123
vn 0.00000000 0.70314549 -0.71104600
vn -0.06310326 0.70173626 -0.70963667
vn -0.04719999 0.55049991 -0.83349986
vn 0.00000000 0.56018023 -0.82837076
vn 0.00000000 0.00000000 -1.00000000
vn 0.00000000 0.00000000 -1.00000000
vn 0.00000000 0.00000000 -1.00000000
vn 0.00000000 0.00000000 -1.00000000
vn -0.00789964 -0.04719784 -0.99885432
vn -0.00789964 -0.04719784 -0.99885432
vn -0.06300014 -0.32270070 -0.94440205
vn -0.03139966 -0.33019644 -0.94338983
vn -0.12610316 -0.69351736 -0.70931775
vn -0.06310326 -0.70173626 -0.70963667
vn -0.07860156 -0.91951829 -0.38510766
vn -0.16569094 -0.90725040 -0.38657887
vn -0.08639736 -0.99016980 -0.10999665
vn -0.18120731 -0.97723940 -0.11030445
vn -0.18150365 -0.97881968 0.09470190
vn -0.08659662 -0.99176124 0.09439631
vn -0.16480426 -0.91792375 0.36090934
vn -0.08650274 -0.92822937 0.36181145
vn -0.13380407 -0.71632179 0.68482083
vn -0.06300241 -0.72512774 0.68572623
vn -0.03930080 -0.40870829 0.91181850
vn -0.07090069 -0.40150388 0.91310883
vn -0.06299655 -0.66936337 0.74025949
vn -0.11819939 -0.66169660 0.74039619
vn -0.15719586 -0.88797661 0.43218862
vn -0.07869684 -0.89786393 0.43318260
vn -0.12540250 -0.69761392 0.70541408
vn -0.06270137 -0.70571543 0.70571543
vn -0.03940013 -0.40220135 0.91470307
vn -0.07110077 -0.39480429 0.91600996
vn 0.00000000 -0.02360051 0.99972147
vn -0.00779993 -0.02359979 0.99969106
vn 0.03149933 0.36979219 0.92858038
vn 0.06289878 0.36929285 0.92718204
vn 0.06309991 0.69379903 0.71739899
vn 0.12610628 0.68553412 0.71703569
vn 0.16579859 0.90019236 0.40269658
vn 0.07870024 0.91260279 0.40120123
vn 0.18139167 0.97805510 0.10249529
vn 0.08649965 0.99099599 0.10219959
vn 0.18130402 0.97722168 -0.11030245
vn 0.08639736 0.99016980 -0.10999665
vn 0.07870024 0.91260279 -0.40120123
vn 0.16459374 0.90166571 -0.39988479
vn 0.06309883 0.70178701 -0.70958687
vn 0.12610316 0.69351736 -0.70931775
vn 0.10249607 0.55177882 -0.82766823
vn 0.04719999 0.55049991 -0.83349986
vn 0.00000000 0.00000000 -1.00000000
vn 0.00000000 0.00000000 -1.00000000
vn 0.00000000 0.00000000 -1.00000000
vn 0.00000000 0.00000000 -1.00000000
vn -0.01569941 -0.04719821 -0.99876216
vn -0.00789964 -0.04719784 -0.99885432
vn -0.08640446 -0.32211664 -0.94274871
vn -0.06290053 -0.32270273 -0.94440800
vn -0.18929820 -0.67839353 -0.70989323
vn -0.12610316 -0.69351736 -0.70931775
vn -0.16569094 -0.90725040 -0.38657887
vn -0.24410091 -0.88970332 -0.38580144
vn -0.18130402 -0.97722168 -0.11030245
vn -0.26679113 -0.95746816 -0.10989635
vn -0.26729696 -0.95898908 0.09429893
vn -0.18160036 -0.97880191 0.09470019
vn -0.25191300 -0.89744632 0.36211869
vn -0.16480426 -0.91792375 0.36090934
vn -0.19700135 -0.70110480 0.68530469
vn -0.13380407 -0.71632179 0.68482083
vn -0.07090353 -0.40142000 0.91314548
vn -0.11020392 -0.39341399 0.91273245
vn -0.11810079 -0.66170441 0.74040494
vn -0.18129446 -0.64648023 0.74107734
vn -0.23700634 -0.86892326 0.43451163
vn -0.15719586 -0.88797661 0.43218862
vn -0.18830218 -0.68260790 0.70610817
vn -0.12540250 -0.69761392 0.70541408
vn -0.07110077 -0.39480429 0.91600996
vn -0.11050622 -0.38672177 0.91555155
vn -0.00779993 -0.02359979 0.99969106
vn -0.00779993 -0.02359979 0.99969106
vn 0.06279918 0.36929517 0.92718787
vn 0.10210407 0.36131439 0.92683692
vn 0.12610628 0.68553412 0.71703569
vn 0.18929183 0.67027107 0.71756902
vn 0.24429849 0.88249455 0.40189752
vn 0.16579859 0.90019236 0.40269658
vn 0.26699302 0.95827494 0.10209733
vn 0.18140941 0.97805076 0.10250532
vn 0.26679113 0.95746816 -0.10989635
vn 0.18130402 0.97722168 -0.11030245
vn 0.16459374 0.90166571 -0.39988479
vn 0.24429849 0.88249455 -0.40189752
vn 0.12610316 0.69351736 -0.70931775
vn 0.18929820 0.67839353 -0.70989323
vn 0.15010775 0.53742773 -0.82984282
vn 0.10249607 0.55177882 -0.82766823
vn 0.00000000 0.00000000 -1.00000000
vn 0.00000000 0.00000000 -1.00000000
vn 0.00000000 0.00000000 -1.00000000
vn 0.00000000 0.00000000 -1.00000000
vn -0.02360016 -0.04720031 -0.99860661
vn -0.02360027 -0.04710053 -0.99861132
vn -0.17290113 -0.28300184 -0.94340615
vn -0.14160696 -0.29881469 -0.94374639
vn -0.36200563 -0.60600943 -0.70831102
vn -0.30811993 -0.63204089 -0.71104600
vn -0.40018841 -0.83187592 -0.38448887
vn -0.47137992 -0.79346620 -0.38498360
vn -0.43190029 -0.89520060 -0.10990007
vn -0.51248284 -0.85157149 -0.11039630
vn -0.50988755 -0.85507912 0.09409770
vn -0.43261175 -0.89662435 0.09440256
vn -0.47859542 -0.80039235 0.36099655
vn -0.40111951 -0.84154094 0.36181760
vn -0.37138471 -0.62417430 0.68737169
vn -0.31568247 -0.65496363 0.68656188
vn -0.18069552 -0.36929085 0.91157742
vn -0.21199900 -0.35349833 0.91109569
vn -0.29130959 -0.60621997 0.74002437
vn -0.34679567 -0.57529282 0.74079075
vn -0.46481712 -0.77212844 0.43331596
vn -0.39360615 -0.81091266 0.43300676
vn -0.36200563 -0.60600943 0.70831102
vn -0.30658865 -0.63677642 0.70747381
vn -0.17359599 -0.36299161 0.91547885
vn -0.20510488 -0.34710826 0.91512177
vn -0.00789992 -0.02359977 0.99969027
vn -0.01579995 -0.02359992 0.99959662
vn 0.16489949 0.33769895 0.92669713
vn 0.18870691 0.32231181 0.92763398
vn 0.29930059 0.63000124 0.71660142
vn 0.35488860 0.59928075 0.71757694
vn 0.47141277 0.78562129 0.40071086
vn 0.39372353 0.82684941 0.40162400
vn 0.51289783 0.85229639 0.10259957
vn 0.43218754 0.89597416 0.10219705
vn 0.51248284 0.85157149 -0.11039630
vn 0.43190029 0.89520060 -0.10990007
vn 0.40037782 0.82425433 -0.40037782
vn 0.47141277 0.78562129 -0.40071086
vn 0.30658865 0.63677642 -0.70747381
vn 0.36200563 0.60600943 -0.70831102
vn 0.28429914 0.48159854 -0.82899749
vn 0.24448945 0.50467821 -0.82796426
vn 0.00000000 0.00000000 -1.00000000
vn 0.00000000 0.00000000 -1.00000000
vn 0.00000000 0.00000000 -1.00000000
vn 0.00000000 0.00000000 -1.00000000
vn -0.00789964 -0.04719784 -0.99885432
vn 0.00000000 -0.05499925 -0.99848640
vn -0.03149956 -0.33019540 -0.94338686
vn 0.00000000 -0.33038160 -0.94384744
vn -0.06310326 -0.70173626 -0.70963667
vn 0.00000000 -0.70314549 -0.71104600
vn 0.00000000 -0.92237719 -0.38629045
vn -0.07860156 -0.91951829 -0.38510766
vn 0.00000000 -0.99388739 -0.11039860
vn -0.08639736 -0.99016980 -0.10999665
vn -0.08659662 -0.99176124 0.09439631
vn 0.00000000 -0.99549637 0.09479965
vn -0.08650274 -0.92822937 0.36181145
vn 0.00000000 -0.93170972 0.36320379
vn -0.06310202 -0.72512316 0.68572191
vn 0.00000000 -0.73026337 0.68316573
vn 0.00000000 -0.40901283 0.91252863
vn -0.03930080 -0.40870829 0.91181850
vn 0.00000000 -0.67071429 0.74171581
vn -0.06299655 -0.66936337 0.74025949
vn -0.07879621 -0.89785686 0.43317919
vn 0.00000000 -0.90067715 0.43448898
vn -0.06270137 -0.70571543 0.70571543
vn 0.00000000 -0.70710678 0.70710678
vn 0.00000000 -0.40250736 0.91541675
vn -0.03940013 -0.40220135 0.91470307
vn -0.00010000 -0.02370045 0.99971910
vn -0.00010000 -0.02370045 0.99971910
vn 0.00000000 0.37001092 0.92902741
vn 0.03149817 0.36987851 0.92854604
vn 0.00000000 0.69921306 0.71491335
vn 0.06309991 0.69379903 0.71739899
vn 0.07860086 0.91260997 0.40120438
vn 0.00000000 0.91541675 0.40250736
vn 0.08649965 0.99099599 0.10219959
vn 0.00000000 0.99472246 0.10260232
vn 0.08639736 0.99016980 -0.10999665
vn 0.00000000 0.99388739 -0.11039860
vn 0.00000000 0.91541675 -0.40250736
vn 0.07870024 0.91260279 -0.40120123
vn 0.00000000 0.70314549 -0.71104600
vn 0.06310326 0.70173626 -0.70963667
vn 0.04719999 0.55049991 -0.83349986
vn 0.00000000 0.56018023 -0.82837076
vn 0.00000000 0.00000000 -1.00000000
vn 0.00000000 0.00000000 -1.00000000
vn 0.00000000 0.00000000 -1.00000000
vn 0.00000000 0.00000000 -1.00000000
vn 0.03150085 -0.03940106 -0.99872682
vn 0.03150085 -0.03940106 -0.99872682
vn 0.21989420 -0.25139337 -0.94257515
vn 0.19649360 -0.26729130 -0.94336929
vn 0.46539781 -0.52849751 -0.70999666
vn 0.41129110 -0.56938768 -0.71178459
vn 0.54231296 -0.74671785 -0.38510921
vn 0.60730900 -0.69411029 -0.38650573
vn 0.58360077 -0.80450106 -0.11040015
vn 0.65389884 -0.74849867 -0.11029980
vn 0.58458309 -0.80577670 0.09479726
vn 0.65498586 -0.74968381 0.09469796
vn 0.61429177 -0.70099061 0.36229515
vn 0.54947096 -0.75346018 0.36108092
vn 0.47939597 -0.55009538 0.68379425
vn 0.42550293 -0.59090407 0.68540472
vn 0.24370203 -0.33020275 0.91190760
vn 0.26768788 -0.30708609 0.91325863
vn 0.39410669 -0.54380923 0.74091257
vn 0.44178193 -0.50487935 0.74156967
vn 0.59209489 -0.67889414 0.43419625
vn 0.52700948 -0.73151316 0.43260778
vn 0.46348821 -0.53418641 0.70698201
vn 0.41589025 -0.57288656 0.70628343
vn 0.23689715 -0.32379611 0.91598899
vn 0.26829126 -0.29989023 0.91547018
vn 0.01569997 -0.02359996 0.99959820
vn 0.01569925 -0.01579924 0.99975193
vn -0.22029501 0.29899322 0.92847895
vn -0.24370969 0.28301126 0.92763690
vn -0.40901088 0.56621506 0.71561904
vn -0.45660713 0.52750824 0.71641119
vn -0.59857831 0.69307489 0.40168545
vn -0.53660424 0.74170586 0.40240318
vn -0.65449106 0.74908977 0.10249860
vn -0.58413342 0.80514606 0.10260587
vn -0.58360077 0.80450106 -0.11040015
vn -0.65389884 0.74849867 -0.11029980
vn -0.53653302 0.74174566 -0.40242477
vn -0.60360089 0.68980102 -0.39980059
vn -0.41779930 0.56749905 -0.70949882
vn -0.46539781 0.52849751 -0.70999666
vn -0.37109726 0.41839691 -0.82899388
vn -0.33169640 0.45009511 -0.82909100
vn 0.00000000 0.00000000 -1.00000000
vn 0.00000000 0.00000000 -1.00000000
vn 0.00000000 0.00000000 -1.00000000
vn 0.00000000 0.00000000 -1.00000000
vn 0.05499925 0.00000000 -0.99848640
vn 0.04719784 -0.00789964 -0.99885432
vn 0.33031416 -0.01570067 -0.94374045
vn 0.33000005 -0.04720001 -0.94280015
vn 0.70279266 -0.03159967 -0.71069258
vn 0.69597173 -0.09489614 -0.71177108
vn 0.92166348 -0.03939844 -0.38598471
vn 0.91384458 -0.12600615 -0.38601883
vn 0.99277259 -0.04729869 -0.11029695
vn 0.98483627 -0.13390493 -0.11030406
vn 0.99437703 -0.04739890 0.09469781
vn 0.98641840 -0.13420250 0.09470177
vn 0.93099545 -0.03939981 0.36289823
vn 0.92319126 -0.12629880 0.36299656
vn 0.72991613 -0.03140069 0.68281509
vn 0.72333205 -0.09430418 0.68403031
vn 0.40841659 -0.05500223 0.91113701
vn 0.40899974 -0.01569999 0.91239943
vn 0.66821781 -0.08650231 0.73891969
vn 0.67041327 -0.03160063 0.74131467
vn 0.89995955 -0.03949822 0.43418049
vn 0.89279498 -0.11849933 0.43459756
vn 0.70675815 -0.03139814 0.70675815
vn 0.69998818 -0.09439841 0.70788805
vn 0.39521052 -0.05530147 0.91692442
vn 0.40241016 -0.01580040 0.91532312
vn 0.02360051 0.00000000 0.99972147
vn 0.02360051 -0.00010000 0.99972146
vn -0.36959704 0.04719962 0.92799258
vn -0.36999969 0.01569999 0.92889921
vn -0.69210099 0.09440014 0.71560103
vn -0.69886494 0.03139842 0.71456415
vn -0.91470307 0.03940013 0.40220135
vn -0.90681019 0.12620142 0.40220452
vn -0.99360770 0.04730037 0.10250079
vn -0.98566711 0.13399553 0.10249658
vn -0.99277259 0.04729869 -0.11029695
vn -0.98483627 0.13390493 -0.11030406
vn -0.91469946 0.03949998 -0.40219976
vn -0.90681019 0.12620142 -0.40220452
vn -0.70279266 0.03159967 -0.71069258
vn -0.69998818 0.09439841 -0.70788805
vn -0.55997846 0.02369909 -0.82816815
vn -0.55331934 0.07110248 -0.82992900
vn 0.00000000 0.00000000 -1.00000000
vn 0.00000000 0.00000000 -1.00000000
vn 0.00000000 0.00000000 -1.00000000
vn 0.00000000 0.00000000 -1.00000000
vn 0.03940118 0.03140094 -0.99872996
vn 0.03940118 0.03140094 -0.99872996
vn 0.27538351 0.18098916 -0.94414345
vn 0.25960378 0.20450298 -0.94381376
vn 0.58543779 0.38762502 -0.71204596
vn 0.55107899 0.44088319 -0.70847298
vn 0.72301050 0.57360833 -0.38500559
vn 0.76928320 0.51018886 -0.38459160
vn 0.77692811 0.61992243 -0.10990398
vn 0.82698893 0.55129262 -0.11029852
vn 0.77811047 0.62100835 0.09430127
vn 0.83078114 0.54858754 0.09409786
vn 0.72977470 0.58067987 0.36088749
vn 0.77919859 0.51159908 0.36209935
vn 0.56719485 0.45679585 0.68529377
vn 0.60688916 0.40189282 0.68568776
vn 0.32249752 0.25169806 0.91249298
vn 0.33840403 0.22820271 0.91291086
vn 0.52752319 0.41721834 0.74003253
vn 0.55981410 0.37060934 0.74111867
vn 0.70390617 0.56150492 0.43500382
vn 0.75401243 0.49480815 0.43200712
vn 0.55110328 0.44080262 0.70850422
vn 0.58879257 0.39249504 0.70659108
vn 0.31540134 0.25230107 0.91480389
vn 0.33901021 0.22070665 0.91452756
vn 0.01569927 0.01569927 0.99975350
vn 0.02359996 0.01569997 0.99959820
vn -0.29079250 -0.23579392 0.92727609
vn -0.31429412 -0.20429618 0.92708267
vn -0.54439429 -0.43389545 0.71789247
vn -0.58217674 -0.38548460 0.71587140
vn -0.71792507 -0.56801983 0.40241405
vn -0.76430130 -0.50430086 0.40190069
vn -0.77755863 -0.62046699 0.10209457
vn -0.82766823 -0.55177882 0.10249607
vn -0.77687995 -0.61998400 -0.10989716
vn -0.82698893 -0.55129262 -0.11029852
vn -0.71467713 -0.57338165 -0.40058718
vn -0.76430130 -0.50430086 -0.40190069
vn -0.55110328 -0.44080262 -0.70850422
vn -0.59060506 -0.38590331 -0.70870607
vn -0.46609591 -0.30799729 -0.82939271
vn -0.43498711 -0.34798969 -0.83047540
vn 0.00000000 0.00000000 -1.00000000
vn 0.00000000 0.00000000 -1.00000000
vn 0.00000000 0.00000000 -1.00000000
vn 0.00000000 0.00000000 -1.00000000
vn 0.03140107 0.03930133 -0.99873389
vn 0.02360016 0.04720031 -0.99860661
vn 0.19649360 0.26729130 -0.94336929
vn 0.17299814 0.28299695 -0.94338983
vn 0.41120801 0.56941109 -0.71181387
vn 0.36200563 0.60600943 -0.70831102
vn 0.47137992 0.79346620 -0.38498360
vn 0.54231296 0.74671785 -0.38510921
vn 0.51248284 0.85157149 -0.11039630
vn 0.58360077 0.80450106 -0.11040015
vn 0.58458309 0.80577670 0.09479726
vn 0.50988755 0.85507912 0.09409770
vn 0.54940115 0.75350157 0.36110075
vn 0.47867251 0.80035404 0.36097927
vn 0.42542103 0.59092921 0.68543389
vn 0.37129850 0.62419748 0.68739722
vn 0.21210200 0.35340333 0.91110857
vn 0.24370203 0.33020275 0.91190760
vn 0.34679567 0.57529282 0.74079075
vn 0.39410669 0.54380923 0.74091257
vn 0.52700948 0.73151316 0.43260778
vn 0.46489551 0.77209255 0.43329582
vn 0.41589025 0.57288656 0.70628343
vn 0.36200563 0.60600943 0.70831102
vn 0.20510488 0.34710826 0.91512177
vn 0.23689715 0.32379611 0.91598899
vn 0.01569997 0.02359996 0.99959820
vn 0.01579995 0.02359992 0.99959662
vn -0.18870691 -0.32231181 0.92763398
vn -0.22029501 -0.29899322 0.92847895
vn -0.35488860 -0.59928075 0.71757694
vn -0.40892760 -0.56623822 0.71564830
vn -0.53660424 -0.74170586 0.40240318
vn -0.47137574 -0.78565956 0.40067938
vn -0.58413342 -0.80514606 0.10260587
vn -0.51289783 -0.85229639 0.10259957
vn -0.58360077 -0.80450106 -0.11040015
vn -0.51248284 -0.85157149 -0.11039630
vn -0.47141277 -0.78562129 -0.40071086
vn -0.53660424 -0.74170586 -0.40240318
vn -0.36200563 -0.60600943 -0.70831102
vn -0.41777559 -0.56756684 -0.70945855
vn -0.33169640 -0.45009511 -0.82909100
vn -0.28420722 -0.48161223 -0.82902106
vn 0.00000000 0.00000000 -1.00000000
vn 0.00000000 0.00000000 -1.00000000
vn 0.00000000 0.00000000 -1.00000000
vn 0.00000000 0.00000000 -1.00000000
vn 0.01569941 0.04719821 -0.99876216
vn 0.00789964 0.04719784 -0.99885432
vn 0.08639632 0.32208628 -0.94275983
vn 0.06290053 0.32270273 -0.94440800
vn 0.18929820 0.67839353 -0.70989323
vn 0.12610316 0.69351736 -0.70931775
vn 0.16569094 0.90725040 -0.38657887
vn 0.24410091 0.88970332 -0.38580144
vn 0.18130402 0.97722168 -0.11030245
vn 0.26688400 0.95744262 -0.10989341
vn 0.26729696 0.95898908 0.09429893
vn 0.18160036 0.97880191 0.09470019
vn 0.25191300 0.89744632 0.36211869
vn 0.16470697 0.91793887 0.36091528
vn 0.19700135 0.70110480 0.68530469
vn 0.13380407 0.71632179 0.68482083
vn 0.07090069 0.40150388 0.91310883
vn 0.11020392 0.39341399 0.91273245
vn 0.11810079 0.66170441 0.74040494
vn 0.18129446 0.64648023 0.74107734
vn 0.23700634 0.86892326 0.43451163
vn 0.15719586 0.88797661 0.43218862
vn 0.18830218 0.68260790 0.70610817
vn 0.12540250 0.69761392 0.70541408
vn 0.07110077 0.39480429 0.91600996
vn 0.11050195 0.38680682 0.91551614
vn 0.00779993 0.02359979 0.99969106
vn 0.00779993 0.02359979 0.99969106
vn -0.06279918 -0.36929517 0.92718787
vn -0.10210407 -0.36131439 0.92683692
vn -0.12610628 -0.68553412 0.71703569
vn -0.18929183 -0.67027107 0.71756902
vn -0.24429849 -0.88249455 0.40189752
vn -0.16579859 -0.90019236 0.40269658
vn -0.26699302 -0.95827494 0.10209733
vn -0.18140941 -0.97805076 0.10250532
vn -0.26679113 -0.95746816 -0.10989635
vn -0.18130402 -0.97722168 -0.11030245
vn -0.16459374 -0.90166571 -0.39988479
vn -0.24429849 -0.88249455 -0.40189752
vn -0.12610316 -0.69351736 -0.70931775
vn -0.18929820 -0.67839353 -0.70989323
vn -0.15010775 -0.53742773 -0.82984282
vn -0.10249607 -0.55177882 -0.82766823
vn 0.00000000 0.00000000 -1.00000000
vn 0.00000000 0.00000000 -1.00000000
vn 0.00000000 0.00000000 -1.00000000
vn 0.00000000 0.00000000 -1.00000000
vn -0.02360016 0.04720031 -0.99860661
vn -0.02360027 0.04710053 -0.99861132
vn -0.17290113 0.28300184 -0.94340615
vn -0.14160696 0.29881469 -0.94374639
vn -0.36200563 0.60600943 -0.70831102
vn -0.30809803 0.63199595 -0.71109544
vn -0.40022171 0.83184512 -0.38452086
vn -0.47137992 0.79346620 -0.38498360
vn -0.43190029 0.89520060 -0.10990007
vn -0.51248284 0.85157149 -0.11039630
vn -0.43261175 0.89662435 0.09440256
vn -0.50988755 0.85507912 0.09409770
vn -0.47861270 0.80042124 0.36090958
vn -0.40111951 0.84154094 0.36181760
vn -0.37138471 0.62417430 0.68737169
vn -0.31568247 0.65496363 0.68656188
vn -0.18069552 0.36929085 0.91157742
vn -0.21199900 0.35349833 0.91109569
vn -0.29130959 0.60621997 0.74002437
vn -0.34679567 0.57529282 0.74079075
vn -0.46481712 0.77212844 0.43331596
vn -0.39360615 0.81091266 0.43300676
vn -0.36200563 0.60600943 0.70831102
vn -0.30660817 0.63671697 0.70751886
vn -0.17359599 0.36299161 0.91547885
vn -0.20510488 0.34710826 0.91512177
vn -0.00789992 0.02359977 0.99969027
vn -0.01579995 0.02359992 0.99959662
vn 0.16489949 -0.33769895 0.92669713
vn 0.18870691 -0.32231181 0.92763398
vn 0.29930059 -0.63000124 0.71660142
vn 0.35488860 -0.59928075 0.71757694
vn 0.47141277 -0.78562129 0.40071086
vn 0.39372353 -0.82684941 0.40162400
vn 0.51289783 -0.85229639 0.10259957
vn 0.43230758 -0.89591571 0.10220179
vn 0.43190029 -0.89520060 -0.10990007
vn 0.51248284 -0.85157149 -0.11039630
vn 0.40037782 -0.82425433 -0.40037782
vn 0.47141277 -0.78562129 -0.40071086
vn 0.30658865 -0.63677642 -0.70747381
vn 0.36200563 -0.60600943 -0.70831102
vn 0.28429914 -0.48159854 -0.82899749
vn 0.24448945 -0.50467821 -0.82796426
vn 0.00000000 0.00000000 -1.00000000
vn 0.00000000 0.00000000 -1.00000000
vn 0.00000000 0.00000000 -1.00000000
vn 0.00000000 0.00000000 -1.00000000
vn -0.04719821 0.01569941 -0.99876216
vn -0.04720031 0.02360016 -0.99860661
vn -0.31460194 0.10220063 -0.94370581
vn -0.30630794 0.13350346 -0.94252442
vn -0.66970494 0.22060163 -0.70910523
vn -0.64729769 0.27629901 -0.71039746
vn -0.87700303 0.28450098 -0.38720134
vn -0.84902776 0.36161182 -0.38521260
vn -0.94522790 0.30720907 -0.11030326
vn -0.91273245 0.39341399 -0.11020392
vn -0.94676326 0.30768806 0.09469632
vn -0.91422432 0.39401048 0.09460252
vn -0.88633529 0.29021156 0.36081437
vn -0.85623221 0.36921389 0.36131359
vn -0.69238849 0.22819621 0.68448862
vn -0.67008819 0.28379500 0.68588791
vn -0.37760353 0.15730147 0.91250853
vn -0.38601883 0.12600615 0.91384458
vn -0.62000482 0.26690208 0.73780574
vn -0.63892135 0.20510685 0.74142477
vn -0.85822077 0.27560667 0.43301048
vn -0.82817860 0.35489083 0.43378879
vn -0.67398470 0.21949502 0.70538398
vn -0.65180668 0.27490282 0.70680725
vn -0.37080287 0.15780122 0.91520708
vn -0.37929501 0.12649834 0.91658795
vn -0.02349981 0.00799993 0.99969183
vn -0.02339986 0.00799995 0.99969418
vn 0.34549428 -0.14919753 0.92648465
vn 0.35381570 -0.11800523 0.92784116
vn 0.64363040 -0.27471298 0.71433374
vn 0.66272628 -0.21300845 0.71792847
vn 0.87159734 -0.28269914 0.40049878
vn 0.84157012 -0.36178715 0.40108576
vn 0.94601017 -0.30750331 0.10250110
vn 0.91351475 -0.39370636 0.10240165
vn 0.94522790 -0.30720907 -0.11030326
vn 0.91273245 -0.39341399 -0.11020392
vn 0.87159734 -0.28269914 -0.40049878
vn 0.84157012 -0.36178715 -0.40108576
vn 0.66970494 -0.22060163 -0.70910523
vn 0.64729769 -0.27629901 -0.71039746
vn 0.52968534 -0.17389519 -0.83017703
vn 0.51331675 -0.22110721 -0.82922706
vn 0.00000000 0.00000000 -1.00000000
vn 0.00000000 0.00000000 -1.00000000
vn 0.00000000 0.00000000 -1.00000000
vn 0.00000000 0.00000000 -1.00000000
vn -0.04720031 -0.02360016 -0.99860661
vn -0.03930133 -0.03140107 -0.99873389
vn -0.29100088 -0.15730047 -0.94370284
vn -0.27538351 -0.18098916 -0.94414345
vn -0.62251068 -0.33090568 -0.70921216
vn -0.58541509 -0.38770999 -0.71201835
vn -0.76924237 -0.51022810 -0.38462119
vn -0.81339795 -0.43429890 -0.38699902
vn -0.82698893 -0.55129262 -0.11029852
vn -0.87433614 -0.47261953 -0.11030456
vn -0.83078895 -0.54859270 0.09399875
vn -0.87575565 -0.47337603 0.09469520
vn -0.77919859 -0.51159908 0.36209935
vn -0.82045738 -0.44177705 0.36288115
vn -0.60688916 -0.40189282 0.68568776
vn -0.64369895 -0.34539944 0.68289889
vn -0.33839630 -0.22829750 0.91289002
vn -0.36148419 -0.19639141 0.91146014
vn -0.55981410 -0.37060934 0.74111867
vn -0.59181495 -0.31560797 0.74171873
vn -0.75401243 -0.49480815 0.43200712
vn -0.79494236 -0.42502265 0.43292307
vn -0.58879257 -0.39249504 0.70659108
vn -0.62088941 -0.33799424 0.70728794
vn -0.33900273 -0.22080178 0.91450737
vn -0.35511322 -0.18940705 0.91543409
vn -0.02359996 -0.01569997 0.99959820
vn -0.02359977 -0.00789992 0.99969027
vn 0.31429412 0.20429618 0.92708267
vn 0.33029579 0.17299779 0.92788817
vn 0.58217674 0.38548460 0.71587140
vn 0.61420725 0.33070391 0.71650846
vn 0.76430130 0.50430086 0.40190069
vn 0.80562314 0.43441248 0.40281157
vn 0.82766823 0.55177882 0.10249607
vn 0.87508457 0.47299166 0.10249819
vn 0.82698893 0.55129262 -0.11029852
vn 0.87433614 0.47261953 -0.11030456
vn 0.76430130 0.50430086 -0.40190069
vn 0.80838819 0.43159370 -0.40029415
vn 0.59062785 0.38581819 -0.70873342
vn 0.62249007 0.33099472 -0.70918869
vn 0.48977055 0.26858385 -0.82945013
vn 0.46600327 0.30810216 -0.82940582
vn 0.00000000 0.00000000 -1.00000000
vn 0.00000000 0.00000000 -1.00000000
vn 0.00000000 0.00000000 -1.00000000
vn 0.00000000 0.00000000 -1.00000000
vn -0.01569948 0.04709844 -0.99876687
vn -0.01569941 0.04719821 -0.99876216
vn -0.11799982 0.30689954 -0.94439860
vn -0.08640446 0.32211664 -0.94274871
vn -0.24419759 0.66169347 -0.70889300
vn -0.18929820 0.67839353 -0.70989323
vn -0.24410091 0.88970332 -0.38580144
vn -0.32230606 0.86471625 -0.38520724
vn -0.26679113 0.95746816 -0.10989635
vn -0.34721883 0.93125051 -0.11050599
vn -0.26729696 0.95898908 0.09429893
vn -0.34778493 0.93275957 0.09489589
vn -0.32998872 0.87207019 0.36138765
vn -0.25191300 0.89744632 0.36211869
vn -0.25908565 0.68296216 0.68296216
vn -0.19690523 0.70111861 0.68531819
vn -0.11010513 0.39341832 0.91274251
vn -0.14150262 0.38520715 0.91191692
vn -0.18129446 0.64648023 0.74107734
vn -0.23619546 0.62978788 0.73998576
vn -0.31549074 0.84397523 0.43378727
vn -0.23700634 0.86892326 0.43451163
vn -0.25160164 0.66040430 0.70750461
vn -0.18830218 0.68260790 0.70610817
vn -0.11050622 0.38672177 0.91555155
vn -0.14189475 0.37848601 0.91466618
vn -0.00769996 0.02349986 0.99969419
vn -0.00750002 0.02320006 0.99970271
vn 0.10210407 -0.36131439 0.92683692
vn 0.13379633 -0.34619051 0.92857454
vn 0.18929183 -0.67027107 0.71756902
vn 0.24409764 -0.65349369 0.71649308
vn 0.32248348 -0.85735608 0.40117945
vn 0.24429849 -0.88249455 0.40189752
vn 0.34751259 -0.93203377 0.10270372
vn 0.26699302 -0.95827494 0.10209733
vn 0.26688400 -0.95744262 -0.10989341
vn 0.34721883 -0.93125051 -0.11050599
vn 0.24429849 -0.88249455 -0.40189752
vn 0.32248348 -0.85735608 -0.40117945
vn 0.18929820 -0.67839353 -0.70989323
vn 0.24419759 -0.66169347 -0.70889300
vn 0.19769674 -0.52189140 -0.82978633
vn 0.15020549 -0.53741966 -0.82983036
vn 0.00000000 0.00000000 -1.00000000
vn 0.00000000 0.00000000 -1.00000000
vn 0.00000000 0.00000000 -1.00000000
vn 0.00000000 0.00000000 -1.00000000
vn -0.01569941 0.04719821 -0.99876216
vn -0.00789964 0.04719784 -0.99885432
vn -0.08639632 0.32208628 -0.94275983
vn -0.06290053 0.32270273 -0.94440800
vn -0.18929820 0.67839353 -0.70989323
vn -0.12610316 0.69351736 -0.70931775
vn -0.16569094 0.90725040 -0.38657887
vn -0.24410091 0.88970332 -0.38580144
vn -0.18120731 0.97723940 -0.11030445
vn -0.26679113 0.95746816 -0.10989635
vn -0.18160036 0.97880191 0.09470019
vn -0.26729696 0.95898908 0.09429893
vn -0.25191300 0.89744632 0.36211869
vn -0.16470697 0.91793887 0.36091528
vn -0.19700135 0.70110480 0.68530469
vn -0.13380407 0.71632179 0.68482083
vn -0.07090353 0.40142000 0.91314548
vn -0.11020392 0.39341399 0.91273245
vn -0.11810079 0.66170441 0.74040494
vn -0.18129446 0.64648023 0.74107734
vn -0.23700634 0.86892326 0.43451163
vn -0.15719586 0.88797661 0.43218862
vn -0.18830218 0.68260790 0.70610817
vn -0.12540250 0.69761392 0.70541408
vn -0.07110077 0.39480429 0.91600996
vn -0.11050622 0.38672177 0.91555155
vn -0.00779993 0.02359979 0.99969106
vn -0.00779993 0.02359979 0.99969106
vn 0.06289878 -0.36929285 0.92718204
vn 0.10210407 -0.36131439 0.92683692
vn 0.12610628 -0.68553412 0.71703569
vn 0.18929183 -0.67027107 0.71756902
vn 0.24429849 -0.88249455 0.40189752
vn 0.16579859 -0.90019236 0.40269658
vn 0.26708588 -0.95824935 0.10209460
vn 0.18140941 -0.97805076 0.10250532
vn 0.18130402 -0.97722168 -0.11030245
vn 0.26688400 -0.95744262 -0.10989341
vn 0.16459374 -0.90166571 -0.39988479
vn 0.24429849 -0.88249455 -0.40189752
vn 0.12610316 -0.69351736 -0.70931775
vn 0.18929820 -0.67839353 -0.70989323
vn 0.15019742 -0.53749077 -0.82978576
vn 0.10249607 -0.55177882 -0.82766823
vn 0.00000000 0.00000000 -1.00000000
vn 0.00000000 0.00000000 -1.00000000
vn 0.00000000 0.00000000 -1.00000000
vn 0.00000000 0.00000000 -1.00000000
vn -0.00789964 0.04719784 -0.99885432
vn -0.00789964 0.04719784 -0.99885432
vn -0.06300014 0.32270070 -0.94440205
vn -0.03139966 0.33019644 -0.94338983
vn -0.12610316 0.69351736 -0.70931775
vn -0.06310326 0.70173626 -0.70963667
vn -0.07860156 0.91951829 -0.38510766
vn -0.16569094 0.90725040 -0.38657887
vn -0.08639736 0.99016980 -0.10999665
vn -0.18130402 0.97722168 -0.11030245
vn -0.08659580 0.99175188 0.09449541
vn -0.18150365 0.97881968 0.09470190
vn -0.16480426 0.91792375 0.36090934
vn -0.08650274 0.92822937 0.36181145
vn -0.13380407 0.71632179 0.68482083
vn -0.06300241 0.72512774 0.68572623
vn -0.03930080 0.40870829 0.91181850
vn -0.07090069 0.40150388 0.91310883
vn -0.06299655 0.66936337 0.74025949
vn -0.11819939 0.66169660 0.74039619
vn -0.15719586 0.88797661 0.43218862
vn -0.07869684 0.89786393 0.43318260
vn -0.12540250 0.69761392 0.70541408
vn -0.06270137 0.70571543 0.70571543
vn -0.03949998 0.40219976 0.91469946
vn -0.07110077 0.39480429 0.91600996
vn 0.00000000 0.02360051 0.99972147
vn -0.00779993 0.02359979 0.99969106
vn 0.03149817 -0.36987851 0.92854604
vn 0.06279918 -0.36929517 0.92718787
vn 0.06309991 -0.69379903 0.71739899
vn 0.12610628 -0.68553412 0.71703569
vn 0.16579859 -0.90019236 0.40269658
vn 0.07870024 -0.91260279 0.40120123
vn 0.18140941 -0.97805076 0.10250532
vn 0.08649965 -0.99099599 0.10219959
vn 0.08639736 -0.99016980 -0.10999665
vn 0.18130402 -0.97722168 -0.11030245
vn 0.07870024 -0.91260279 -0.40120123
vn 0.16459374 -0.90166571 -0.39988479
vn 0.06309883 -0.70178701 -0.70958687
vn 0.12610316 -0.69351736 -0.70931775
vn 0.10249607 -0.55177882 -0.82766823
vn 0.04719999 -0.55049991 -0.83349986
vn 0.00000000 0.00000000 -1.00000000
vn 0.00000000 0.00000000 -1.00000000
vn 0.00000000 0.00000000 -1.00000000
vn 0.00000000 0.00000000 -1.00000000
vn -0.00789964 0.04719784 -0.99885432
vn 0.00000000 0.05499925 -0.99848640
vn -0.03149956 0.33019540 -0.94338686
vn 0.00000000 0.33038160 -0.94384744
vn -0.06310326 0.70173626 -0.70963667
vn 0.00000000 0.70314549 -0.71104600
vn 0.00000000 0.92237719 -0.38629045
vn -0.07860156 0.91951829 -0.38510766
vn 0.00000000 0.99388739 -0.11039860
vn -0.08639736 0.99016980 -0.10999665
vn 0.00000000 0.99549637 0.09479965
vn -0.08659580 0.99175188 0.09449541
vn -0.08649961 0.92819578 0.36189835
vn 0.00000000 0.93170972 0.36320379
vn -0.06310202 0.72512316 0.68572191
vn 0.00000000 0.73026337 0.68316573
vn 0.00000000 0.40901283 0.91252863
vn -0.03930080 0.40870829 0.91181850
vn 0.00000000 0.67071429 0.74171581
vn -0.06299655 0.66936337 0.74025949
vn -0.07879621 0.89785686 0.43317919
vn 0.00000000 0.90067715 0.43448898
vn -0.06270137 0.70571543 0.70571543
vn 0.00000000 0.70710678 0.70710678
vn 0.00000000 0.40250736 0.91541675
vn -0.03940013 0.40220135 0.91470307
vn -0.00010000 0.02370045 0.99971910
vn -0.00010000 0.02370045 0.99971910
vn 0.00000000 -0.37001092 0.92902741
vn 0.03149817 -0.36987851 0.92854604
vn 0.00000000 -0.69921306 0.71491335
vn 0.06309991 -0.69379903 0.71739899
vn 0.07860086 -0.91260997 0.40120438
vn 0.00000000 -0.91541675 0.40250736
vn 0.08649965 -0.99099599 0.10219959
vn 0.00000000 -0.99472246 0.10260232
vn 0.00000000 -0.99388739 -0.11039860
vn 0.08639736 -0.99016980 -0.10999665
vn 0.00000000 -0.91541675 -0.40250736
vn 0.07870024 -0.91260279 -0.40120123
vn 0.00000000 -0.70314549 -0.71104600
vn 0.06310326 -0.70173626 -0.70963667
vn 0.04719999 -0.55049991 -0.83349986
vn 0.00000000 -0.56018023 -0.82837076
vn 0.00000000 0.00000000 -1.00000000
vn 0.00000000 0.00000000 -1.00000000
vn 0.00000000 0.00000000 -1.00000000
vn 0.00000000 0.00000000 -1.00000000
vn -0.04720031 -0.02360016 -0.99860661
vn -0.04710064 -0.02350032 -0.99861367
vn -0.30630794 -0.13350346 -0.94252442
vn -0.29100088 -0.15730047 -0.94370284
vn -0.64729769 -0.27629901 -0.71039746
vn -0.62251068 -0.33090568 -0.70921216
vn -0.81339795 -0.43429890 -0.38699902
vn -0.84902776 -0.36161182 -0.38521260
vn -0.87433614 -0.47261953 -0.11030456
vn -0.91274251 -0.39341832 -0.11010513
vn -0.87575565 -0.47337603 0.09469520
vn -0.91422432 -0.39401048 0.09460252
vn -0.82042469 -0.44181330 0.36291092
vn -0.85623221 -0.36921389 0.36131359
vn -0.64369895 -0.34539944 0.68289889
vn -0.67008819 -0.28379500 0.68588791
vn -0.36139016 -0.19649465 0.91147518
vn -0.37760353 -0.15730147 0.91250853
vn -0.59181495 -0.31560797 0.74171873
vn -0.62000482 -0.26690208 0.73780574
vn -0.79497917 -0.42498886 0.43288866
vn -0.82817860 -0.35489083 0.43378879
vn -0.62088941 -0.33799424 0.70728794
vn -0.65180668 -0.27490282 0.70680725
vn -0.35511322 -0.18940705 0.91543409
vn -0.37080287 -0.15780122 0.91520708
vn -0.02359977 -0.00789992 0.99969027
vn -0.02359977 -0.00789992 0.99969027
vn 0.33029579 0.17299779 0.92788817
vn 0.34549428 0.14919753 0.92648465
vn 0.61420725 0.33070391 0.71650846
vn 0.64368897 0.27469529 0.71428776
vn 0.80562314 0.43441248 0.40281157
vn 0.84157012 0.36178715 0.40108576
vn 0.87508457 0.47299166 0.10249819
vn 0.91347878 0.39379085 0.10239762
vn 0.87433614 0.47261953 -0.11030456
vn 0.91273245 0.39341399 -0.11020392
vn 0.80838819 0.43159370 -0.40029415
vn 0.84157012 0.36178715 -0.40108576
vn 0.62251068 0.33090568 -0.70921216
vn 0.64729769 0.27629901 -0.71039746
vn 0.51331675 0.22110721 -0.82922706
vn 0.48977055 0.26858385 -0.82945013
vn 0.00000000 0.00000000 -1.00000000
vn 0.00000000 0.00000000 -1.00000000
vn 0.00000000 0.00000000 -1.00000000
vn 0.00000000 0.00000000 -1.00000000
vn -0.04719821 -0.01569941 -0.99876216
vn -0.04720031 -0.02360016 -0.99860661
vn -0.31460194 -0.10220063 -0.94370581
vn -0.30630794 -0.13350346 -0.94252442
vn -0.66970494 -0.22060163 -0.70910523
vn -0.64729769 -0.27629901 -0.71039746
vn -0.84902776 -0.36161182 -0.38521260
vn -0.87702798 -0.28440907 -0.38721235
vn -0.91273245 -0.39341399 -0.11020392
vn -0.94522790 -0.30720907 -0.11030326
vn -0.91418829 -0.39409495 0.09459879
vn -0.94676326 -0.30768806 0.09469632
vn -0.85623221 -0.36921389 0.36131359
vn -0.88633529 -0.29021156 0.36081437
vn -0.67008819 -0.28379500 0.68588791
vn -0.69238849 -0.22819621 0.68448862
vn -0.37760353 -0.15730147 0.91250853
vn -0.38601883 -0.12600615 0.91384458
vn -0.62008292 -0.26679265 0.73777968
vn -0.63892135 -0.20510685 0.74142477
vn -0.82817860 -0.35489083 0.43378879
vn -0.85822077 -0.27560667 0.43301048
vn -0.65182460 -0.27481037 0.70682668
vn -0.67398470 -0.21949502 0.70538398
vn -0.37080287 -0.15780122 0.91520708
vn -0.37929501 -0.12649834 0.91658795
vn -0.02339986 -0.00799995 0.99969418
vn -0.02349981 -0.00799993 0.99969183
vn 0.34549428 0.14919753 0.92648465
vn 0.35381570 0.11800523 0.92784116
vn 0.64368897 0.27469529 0.71428776
vn 0.66272628 0.21300845 0.71792847
vn 0.84154094 0.36181760 0.40111951
vn 0.87159734 0.28269914 0.40049878
vn 0.91347878 0.39379085 0.10239762
vn 0.94601017 0.30750331 0.10250110
vn 0.91273245 0.39341399 -0.11020392
vn 0.94522790 0.30720907 -0.11030326
vn 0.84157012 0.36178715 -0.40108576
vn 0.87159734 0.28269914 -0.40049878
vn 0.64729769 0.27629901 -0.71039746
vn 0.66970494 0.22060163 -0.70910523
vn 0.52968534 0.17389519 -0.83017703
vn 0.51331675 0.22110721 -0.82922706
vn 0.00000000 0.00000000 -1.00000000
vn 0.00000000 0.00000000 -1.00000000
vn 0.00000000 0.00000000 -1.00000000
vn 0.00000000 0.00000000 -1.00000000
vn -0.04719784 -0.00789964 -0.99885432
vn -0.04719821 -0.01569941 -0.99876216
vn -0.32250547 -0.07080120 -0.94391600
vn -0.31460194 -0.10220063 -0.94370581
vn -0.68629707 -0.15779933 -0.70999697
vn -0.66970494 -0.22060163 -0.70910523
vn -0.87702798 -0.28440907 -0.38721235
vn -0.89919600 -0.20509909 -0.38649828
vn -0.94522790 -0.30720907 -0.11030326
vn -0.96910714 -0.22060163 -0.11030081
vn -0.94676326 -0.30768806 0.09469632
vn -0.97068865 -0.22089742 0.09469889
vn -0.88633529 -0.29021156 0.36081437
vn -0.91001601 -0.20400359 0.36090635
vn -0.69238849 -0.22819621 0.68448862
vn -0.70910489 -0.16550114 0.68540472
vn -0.38601396 -0.12610456 0.91383306
vn -0.40067938 -0.09429515 0.91135309
vn -0.63892135 -0.20510685 0.74142477
vn -0.65442990 -0.14980685 0.74113387
vn -0.85822077 -0.27560667 0.43301048
vn -0.88010656 -0.19650146 0.43220322
vn -0.67398470 -0.21949502 0.70538398
vn -0.69045640 -0.15689009 0.70615541
vn -0.37929981 -0.12639994 0.91659954
vn -0.39429039 -0.08679788 0.91487770
vn -0.02359979 -0.00779993 0.99969106
vn -0.02359979 -0.00779993 0.99969106
vn 0.35381987 0.11790662 0.92785210
vn 0.36181145 0.08650274 0.92822937
vn 0.66272628 0.21300845 0.71792847
vn 0.67828187 0.15769578 0.71768081
vn 0.87159734 0.28269914 0.40049878
vn 0.89208385 0.20519628 0.40259271
vn 0.94603926 0.30741276 0.10250425
vn 0.96991702 0.22080388 0.10250180
vn 0.94522790 0.30720907 -0.11030326
vn 0.96910714 0.22060163 -0.11030081
vn 0.87159734 0.28269914 -0.40049878
vn 0.89206554 0.20529207 -0.40258445
vn 0.66970494 0.22060163 -0.70910523
vn 0.68629707 0.15779933 -0.70999697
vn 0.54480007 0.12630002 -0.82900011
vn 0.52972932 0.17390963 -0.83014595
vn 0.00000000 0.00000000 -1.00000000
vn 0.00000000 0.00000000 -1.00000000
vn 0.00000000 0.00000000 -1.00000000
vn 0.00000000 0.00000000 -1.00000000
vn -0.04719784 -0.00789964 -0.99885432
vn -0.04719784 -0.00789964 -0.99885432
vn -0.33000161 -0.04710023 -0.94280460
vn -0.32250547 -0.07080120 -0.94391600
vn -0.69597173 -0.09489614 -0.71177108
vn -0.68629707 -0.15779933 -0.70999697
vn -0.89919600 -0.20509909 -0.38649828
vn -0.91383306 -0.12610456 -0.38601396
vn -0.96910714 -0.22060163 -0.11030081
vn -0.98483627 -0.13390493 -0.11030406
vn -0.97066720 -0.22099253 0.09469680
vn -0.98641840 -0.13420250 0.09470177
vn -0.91001601 -0.20400359 0.36090635
vn -0.92320292 -0.12620040 0.36300115
vn -0.70911662 -0.16540388 0.68541606
vn -0.72332523 -0.09440329 0.68402386
vn -0.40067938 -0.09429515 0.91135309
vn -0.40841659 -0.05500223 0.91113701
vn -0.65442990 -0.14980685 0.74113387
vn -0.66821781 -0.08650231 0.73891969
vn -0.88010656 -0.19650146 0.43220322
vn -0.89279498 -0.11849933 0.43459756
vn -0.69050515 -0.15690117 0.70610527
vn -0.69998818 -0.09439841 0.70788805
vn -0.39429381 -0.08669864 0.91488564
vn -0.39520834 -0.05540117 0.91691934
vn -0.02359977 -0.00789992 0.99969027
vn -0.02360051 0.00000000 0.99972147
vn 0.36181145 0.08650274 0.92822937
vn 0.36959704 0.04719962 0.92799258
vn 0.67827117 0.15779329 0.71766949
vn 0.69210099 0.09440014 0.71560103
vn 0.89208385 0.20519628 0.40259271
vn 0.90681019 0.12620142 0.40220452
vn 0.96991702 0.22080388 0.10250180
vn 0.98565390 0.13409373 0.10249521
vn 0.96910714 0.22060163 -0.11030081
vn 0.98483627 0.13390493 -0.11030406
vn 0.89206554 0.20529207 -0.40258445
vn 0.90681019 0.12620142 -0.40220452
vn 0.68630790 0.15770182 -0.71000817
vn 0.69998818 0.09439841 -0.70788805
vn 0.55327342 0.07109658 -0.82996012
vn 0.54480007 0.12630002 -0.82900011
vn 0.59173306 -0.80474496 -0.04730264
vn 0.69798106 -0.62748298 0.34509064
vn 0.56093629 -0.75844907 0.33182147
vn 0.76328808 -0.64528992 -0.03149951
vn 0.79289451 -0.47889668 0.37679739
vn 0.55759302 -0.76179046 -0.32979587
vn 0.89756474 -0.44088268 0.00000000
vn 0.74681403 -0.58171093 -0.32230606
vn 0.51281530 -0.69432071 -0.50491506
vn 0.85396953 -0.30838900 0.41908505
vn 0.70098951 -0.51979222 -0.48829269
vn 0.40130932 -0.55081279 -0.73181699
vn 0.88772444 -0.36921017 -0.27500757
vn 0.97351426 -0.21980322 0.06290092
vn 0.57690401 -0.38720269 -0.71920500
vn 0.20429613 -0.29059449 -0.93478229
vn 0.34761123 -0.15800510 -0.92422985
vn 0.83485989 -0.30718524 -0.45677805
vn 0.70989323 -0.18929820 -0.67839353
vn 0.44090849 -0.00790015 -0.89751729
vn 0.96956889 -0.13399570 -0.20489343
vn 0.92007574 -0.07079813 -0.38528984
vn 0.78104233 0.03940214 -0.62323378
vn 0.50280375 0.16500123 -0.84850633
vn 0.93687037 0.18099428 -0.29919054
vn 0.80006533 0.25888878 -0.54117655
vn 0.51846929 0.33778000 -0.78555348
vn 0.98584129 0.11040462 -0.12620529
vn 0.88920781 0.40920359 -0.20460180
vn 0.75719842 0.48119900 -0.44169908
vn 0.48159508 0.51309476 -0.71049275
vn 0.98880551 0.00790004 0.14900083
vn 0.86752607 -0.12620379 0.48111446
vn 0.93768165 0.34669322 -0.02359954
vn 0.94452628 0.22830635 0.23610657
vn 0.83383031 0.03930143 0.55062002
vn 0.77870238 0.62140190 -0.08650026
vn 0.82582069 0.55841399 0.07870197
vn 0.84029740 0.42409869 0.33769895
vn 0.75552364 0.18100566 0.62961970
vn 0.65168562 0.67528510 -0.34539238
vn 0.40050633 0.65961042 -0.63601005
vn 0.28340096 0.77930263 -0.55890188
vn 0.49639404 0.83528997 -0.23639716
vn 0.13389502 0.86666773 -0.48058211
vn 0.60622760 0.79513620 0.01570071
vn 0.30790575 0.93951754 -0.15000280
vn -0.03929932 0.90448425 -0.42469260
vn 0.66107855 0.72407650 0.19669362
vn 0.40251125 0.90772537 0.11840331
vn 0.08670010 0.99370120 -0.07100009
vn 0.68630597 0.58370508 0.43390378
vn 0.63518718 0.31369367 0.70578575
vn 0.48191614 0.39501323 0.78212619
vn 0.48961499 0.68702103 0.53691644
vn 0.30629134 0.43198778 0.84827600
vn 0.45591896 0.84113498 0.29091210
vn 0.26690208 0.73780574 0.62000482
vn 0.13360708 0.42422249 0.89564749
vn 0.16480000 0.96499998 0.20400000
vn 0.21260182 0.89770769 0.38590331
vn 0.03940103 0.73361912 0.67841768
vn -0.03939844 0.38598471 0.92166348
vn -0.03939856 0.89216735 0.44998353
vn -0.19679361 0.66927826 0.71647672
vn -0.20429019 0.29068604 0.93475512
vn -0.08630408 0.95764523 0.27471298
vn -0.28320012 0.82580034 0.48770020
vn -0.40130932 0.55081279 0.73181699
vn -0.14910326 0.98882163 0.00000000
vn -0.22079601 0.89888378 -0.37849317
vn -0.33079309 0.88958141 0.31499342
vn -0.38610674 0.92191610 0.03150055
vn -0.39407508 0.85114617 -0.34677807
vn -0.51281530 0.69432071 0.50491506
vn -0.55761710 0.76172336 0.32991012
vn -0.59179804 0.80469734 0.04729984
vn -0.56093629 0.75844907 -0.33182147
vn -0.69802486 0.62742235 -0.34511229
vn -0.76328808 0.64528992 0.03149951
vn -0.79289451 0.47889668 -0.37679739
vn -0.74681403 0.58171093 0.32230606
vn -0.89756474 0.44088268 0.00000000
vn -0.85396953 0.30838900 -0.41908505
vn -0.70098951 0.51979222 0.48829269
vn -0.88772444 0.36921017 0.27500757
vn -0.97351426 0.21980322 -0.06290092
vn -0.57690401 0.38720269 0.71920500
vn -0.34761123 0.15800510 0.92422985
vn -0.83485989 0.30718524 0.45677805
vn -0.70989323 0.18929820 0.67839353
vn -0.44090849 0.00790015 0.89751729
vn -0.96954902 0.13399295 0.20498922
vn -0.92007574 0.07079813 0.38528984
vn -0.78099057 -0.03949952 0.62329248
vn -0.50280375 -0.16500123 0.84850633
vn -0.93687037 -0.18099428 0.29919054
vn -0.80008604 -0.25879549 0.54119056
vn -0.51839617 -0.33779751 0.78559420
vn -0.98584129 -0.11040462 0.12620529
vn -0.88922600 -0.40921196 0.20450598
vn -0.75716497 -0.48117774 0.44177956
vn -0.48159508 -0.51309476 0.71049275
vn -0.40050633 -0.65961042 0.63601005
vn -0.65168562 -0.67528510 0.34539238
vn -0.28340096 -0.77930263 0.55890188
vn -0.49639404 -0.83528997 0.23639716
vn -0.13389502 -0.86666773 0.48058211
vn -0.77870238 -0.62140190 0.08650026
vn -0.30790575 -0.93951754 0.15000280
vn 0.03929932 -0.90448425 0.42469260
vn -0.60622760 -0.79513620 -0.01570071
vn -0.93771194 -0.34660441 0.02370030
vn -0.82582069 -0.55841399 -0.07870197
vn -0.98879077 -0.00789993 -0.14909861
vn -0.86752607 0.12620379 -0.48111446
vn -0.94452554 -0.22820617 -0.23620639
vn -0.83383031 -0.03930143 -0.55062002
vn -0.84029740 -0.42409869 -0.33769895
vn -0.75552364 -0.18100566 -0.62961970
vn -0.63518718 -0.31369367 -0.70578575
vn -0.68626591 -0.58377100 -0.43387845
vn -0.48191614 -0.39501323 -0.78212619
vn -0.66107855 -0.72407650 -0.19669362
vn -0.48961499 -0.68702103 -0.53691644
vn -0.30629134 -0.43198778 -0.84827600
vn -0.40259505 -0.90768883 -0.11839854
vn -0.45591896 -0.84113498 -0.29091210
vn -0.26688553 -0.73775999 -0.62006637
vn -0.13360708 -0.42422249 -0.89564749
vn -0.08670010 -0.99370120 0.07100009
vn -0.03940103 -0.73361912 -0.67841768
vn 0.03939844 -0.38598471 -0.92166348
vn -0.21261003 -0.89774233 -0.38581819
vn -0.16480000 -0.96499998 -0.20400000
vn 0.03939856 -0.89216735 -0.44998353
vn 0.19680678 -0.66922305 -0.71652467
vn 0.20419437 -0.29069198 -0.93477421
vn 0.40130932 -0.55081279 -0.73181699
vn 0.08629581 -0.95765352 -0.27468667
vn 0.28320012 -0.82580034 -0.48770020
vn 0.51281530 -0.69432071 -0.50491506
vn 0.14910326 -0.98882163 0.00000000
vn 0.22079601 -0.89888378 0.37849317
vn 0.33070403 -0.88961083 -0.31500384
vn 0.55759302 -0.76179046 -0.32979587
vn 0.38610674 -0.92191610 -0.03150055
vn 0.39399061 -0.85117971 0.34679173
vn 0.59173306 -0.80474496 -0.04730264
vn 0.56100482 -0.75840652 0.33180285
vn 0.05520116 0.55931176 0.82711739
vn -0.14179363 0.23638938 0.96125680
vn -0.06280131 0.21980460 0.97352038
vn -0.09479726 0.58458309 0.80577670
vn -0.22120767 0.22910794 0.94793287
vn 0.15780647 0.81303334 0.56042298
vn -0.24440541 0.57551273 0.78041726
vn -0.29999600 0.20529726 0.93158759
vn -0.02370116 0.84374142 0.53622632
vn 0.22780532 0.92682163 0.29850697
vn -0.37840496 0.54400713 0.74890982
vn -0.37658449 0.17259289 0.91016252
vn -0.21989028 0.84056286 0.49507812
vn 0.02359896 0.96095750 0.27568781
vn 0.25951160 0.95944288 0.11010492
vn -0.40118796 0.79437617 0.45608632
vn 0.05530218 0.99533923 0.07900311
vn 0.29239176 0.94037350 -0.17379510
vn -0.18139972 0.95449852 0.23669963
vn 0.11000366 0.97433242 -0.19640654
vn 0.29920585 0.79511554 -0.52751031
vn -0.14129811 0.98918674 0.03929947
vn 0.18119788 0.54369364 -0.81949042
vn 0.25939376 0.52658734 -0.80958054
vn 0.14989907 0.82019489 -0.55209656
vn 0.09420162 0.53400916 -0.84021442
vn -0.08660317 0.96783540 -0.23620864
vn 0.00000000 0.81210867 -0.58350623
vn 0.02349958 0.51779065 -0.85518455
vn -0.34681272 0.93793440 0.00000000
vn -0.13429840 0.78219066 -0.60839273
vn -0.05520174 0.48091519 -0.87502763
vn -0.26760997 0.92093432 -0.28331056
vn -0.26009945 0.71729847 -0.64639862
vn -0.11849933 0.43459756 -0.89279498
vn -0.44200431 0.83660815 -0.32360315
vn -0.52659834 0.84879733 -0.04729985
vn -0.37630374 0.62710624 -0.68200679
vn -0.17310697 0.36981489 -0.91283675
vn -0.58232023 0.72392515 -0.36991285
vn -0.68403031 0.72333205 -0.09430418
vn -0.47280528 0.51220572 -0.71700800
vn -0.20529726 0.29999600 -0.93158759
vn -0.70628343 0.57288656 -0.41589025
vn -0.81039163 0.56649415 -0.14949846
vn -0.78856907 0.40208423 -0.46528175
vn -0.53359197 0.38449421 -0.75328866
vn -0.57551273 0.24440541 -0.78041726
vn -0.22120767 0.22910794 -0.94793287
vn -0.57568604 0.09459771 -0.81218031
vn -0.22890497 0.14210308 -0.96302089
vn -0.83353480 0.22800952 -0.50322101
vn -0.55380215 -0.05540021 -0.83080322
vn -0.21229546 0.06289866 -0.97517916
vn -0.84357354 0.03159901 -0.53608319
vn -0.90213333 0.38431420 -0.19610725
vn -0.95311987 0.18900394 -0.23630493
vn -0.80941221 -0.15720237 -0.56580853
vn -0.49488239 -0.18849329 -0.84826982
vn -0.18089576 -0.01569963 -0.98337696
vn -0.96108631 -0.01579977 -0.27579607
vn -0.41810934 -0.31530705 -0.85191904
vn -0.13429823 -0.07899896 -0.98778700
vn -0.74139162 -0.33129625 -0.58359340
vn -0.31548715 -0.41808297 -0.85186530
vn -0.07889714 -0.14979456 -0.98556422
vn -0.63727203 -0.49567824 -0.59007410
vn -0.49567824 -0.63727203 -0.59007410
vn -0.18901131 -0.50403017 -0.84275044
vn -0.00790032 -0.18850767 -0.98203994
vn -0.33129625 -0.74139162 -0.58359340
vn -0.05510146 -0.55931485 -0.82712196
vn 0.06280131 -0.21980460 -0.97352038
vn 0.14180726 -0.23641210 -0.96124920
vn -0.15790398 -0.81302050 -0.56041413
vn 0.09479726 -0.58458309 -0.80577670
vn 0.22120767 -0.22910794 -0.94793287
vn -0.22780532 -0.92682163 -0.29850697
vn 0.24440541 -0.57551273 -0.78041726
vn 0.30000216 -0.20520148 -0.93160671
vn 0.02370116 -0.84374142 -0.53622632
vn 0.37840496 -0.54400713 -0.74890982
vn 0.37658449 -0.17259289 -0.91016252
vn 0.21989028 -0.84056286 -0.49507812
vn -0.02359896 -0.96095750 -0.27568781
vn 0.51019576 -0.47889602 -0.71439407
vn 0.44049800 -0.12579943 -0.88889596
vn 0.40108576 -0.79437180 -0.45618380
vn 0.18139972 -0.95449852 -0.23669963
vn 0.62380160 -0.38690099 -0.67910175
vn 0.49001210 -0.06320156 -0.86942147
vn 0.57288656 -0.70628343 -0.41589025
vn 0.71797264 -0.27608948 -0.63897565
vn 0.52712981 0.00790045 -0.84974805
vn 0.71558712 -0.59758924 -0.36169349
vn 0.83580035 -0.44940019 -0.31540013
vn 0.78047296 -0.14979481 -0.60697897
vn 0.92098089 -0.27549428 -0.27549428
vn 0.81847753 -0.00789978 -0.57448423
vn 0.54351364 0.08660217 -0.83492095
vn 0.96718259 -0.09439830 -0.23589575
vn 0.82366035 0.14139319 -0.54917356
vn 0.55069648 0.16519895 -0.81819478
vn 0.79702459 0.29190901 -0.52871631
vn 0.53331314 0.25100618 -0.80781990
vn 0.97587985 0.09449805 -0.19679594
vn 0.74062273 0.42551306 -0.52001596
vn 0.50313267 0.32232093 -0.80185207
vn 0.94340615 0.28300184 -0.17290113
vn 0.99508887 0.04739947 0.08689903
vn 0.66301616 0.55251346 -0.50511231
vn 0.45758224 0.39448469 -0.79686907
vn 0.87309442 0.46409703 -0.14939905
vn 0.55860756 0.65300884 -0.51140692
vn 0.39338376 0.44848148 -0.80256687
vn 0.76750480 0.62500391 -0.14250089
vn 0.96049430 0.25199851 0.11809930
vn 0.88631970 0.44310985 0.13450299
vn 0.62987147 0.76366541 -0.14169358
vn 0.43362289 0.74113913 -0.51252706
vn 0.32931288 0.50181963 -0.79983129
vn 0.29918206 0.79515232 -0.52746837
vn 0.25939376 0.52658734 -0.80958054
vn 0.46409010 0.87308137 -0.14949681
vn 0.29238668 0.94035715 -0.17389208
vn 0.77069444 0.62129552 0.14149898
vn 0.62128672 0.77068353 0.14159697
vn 0.44948308 0.88316675 0.13409495
vn 0.25951160 0.95944288 0.11010492
vn 0.85254204 0.41042024 0.32361596
vn 0.73240505 0.59070407 0.33860233
vn 0.58879072 0.73798837 0.32969480
vn 0.41701046 0.84972131 0.32260809
vn 0.22780532 0.92682163 0.29850697
vn 0.63727203 0.49567824 0.59007410
vn 0.33129625 0.74139162 0.58359340
vn 0.15790398 0.81302050 0.56041413
vn 0.49567824 0.63727203 0.59007410
vn 0.18900179 0.50410476 0.84270796
vn 0.05520116 0.55931176 0.82711739
vn -0.06280131 0.21980460 0.97352038
vn 0.00790032 0.18850767 0.98203994
vn 0.07889714 0.14979456 0.98556422
vn 0.31548715 0.41808297 0.85186530
vn 0.13439643 0.07899790 0.98777373
vn 0.41809616 0.31539710 0.85189217
vn 0.18099248 0.01569935 0.98335917
vn 0.49480688 0.18850262 0.84831180
vn 0.21229546 -0.06289866 0.97517916
vn 0.74139162 0.33129625 0.58359340
vn 0.55380215 0.05540021 0.83080322
vn 0.22890497 -0.14210308 0.96302089
vn 0.80941221 0.15720237 0.56580853
vn 0.92512843 0.22140681 0.30840948
vn 0.96111433 0.01570023 0.27570411
vn 0.84357354 -0.03159901 0.53608319
vn 0.57568604 -0.09459771 0.81218031
vn 0.22120767 -0.22910794 0.94793287
vn 0.98592628 -0.15780421 0.05520147
vn 0.57546781 -0.24438633 0.78045635
vn 0.20529726 -0.29999600 0.93158759
vn 0.93532236 -0.35370846 0.00790019
vn 0.95311987 -0.18900394 0.23630493
vn 0.84301352 -0.53580859 -0.04730076
vn 0.90213333 -0.38431420 0.19610725
vn 0.83353480 -0.22800952 0.50322101
vn 0.78857404 -0.40218676 0.46518469
vn 0.81039163 -0.56649415 0.14949846
vn 0.71569934 -0.69199936 -0.09439991
vn 0.53359197 -0.38449421 0.75328866
vn 0.70628343 -0.57288656 0.41589025
vn 0.47280528 -0.51220572 0.71700800
vn 0.17310697 -0.36981489 0.91283675
vn 0.37630374 -0.62710624 0.68200679
vn 0.11850448 -0.43451644 0.89283378
vn 0.68402386 -0.72332523 0.09440329
vn 0.58229961 -0.72399952 0.36979975
vn 0.26009945 -0.71729847 0.64639862
vn 0.05520174 -0.48091519 0.87502763
vn 0.44200431 -0.83660815 0.32360315
vn 0.13429840 -0.78219066 0.60839273
vn -0.02349958 -0.51779065 0.85518455
vn 0.52660083 -0.84880134 0.04720007
vn 0.00000000 -0.81210867 0.58350623
vn -0.09420162 -0.53400916 0.84021442
vn 0.26760997 -0.92093432 0.28331056
vn -0.14989907 -0.82019489 0.55209656
vn -0.18119788 -0.54369364 0.81949042
vn -0.25939376 -0.52658734 0.80958054
vn 0.08659479 -0.96784173 0.23618578
vn 0.34681272 -0.93793440 0.00000000
vn 0.55877147 -0.81845821 -0.13379317
vn 0.37820142 -0.90620340 -0.18910071
vn 0.14129811 -0.98918674 -0.03929947
vn -0.05530218 -0.99533923 -0.07900311
vn -0.11000366 -0.97433242 0.19640654
vn -0.25951160 -0.95944288 -0.11010492
vn -0.29229523 -0.94038464 0.17389716
vn -0.29920585 -0.79511554 0.52751031
vn -0.32931288 -0.50181963 0.79983129
vn -0.41701046 -0.84972131 -0.32260809
vn -0.43370409 -0.74110698 0.51250483
vn -0.39338376 -0.44848148 0.80256687
vn -0.58879072 -0.73798837 -0.32969480
vn -0.44948308 -0.88316675 -0.13409495
vn -0.73240505 -0.59070407 -0.33860233
vn -0.62129552 -0.77069444 -0.14149898
vn -0.46409703 -0.87309442 0.14939905
vn -0.62987147 -0.76366541 0.14169358
vn -0.77069444 -0.62129552 -0.14149898
vn -0.55860756 -0.65300884 0.51140692
vn -0.45758224 -0.39448469 0.79686907
vn -0.76750480 -0.62500391 0.14250089
vn -0.66301616 -0.55251346 0.50511231
vn -0.50309233 -0.32229508 0.80188777
vn -0.88631970 -0.44310985 -0.13450299
vn -0.74062273 -0.42551306 0.52001596
vn -0.53331314 -0.25100618 0.80781990
vn -0.87309442 -0.46409703 0.14939905
vn -0.79702459 -0.29190901 0.52871631
vn -0.55069648 -0.16519895 0.81819478
vn -0.94340615 -0.28300184 0.17290113
vn -0.96049430 -0.25199851 -0.11809930
vn -0.85247946 -0.41049011 -0.32369220
vn -0.92512843 -0.22140681 -0.30840948
vn -0.99508887 -0.04739947 -0.08689903
vn -0.97587985 -0.09449805 0.19679594
vn -0.98592628 0.15780421 -0.05520147
vn -0.82377263 -0.14109531 0.54908175
vn -0.54351364 -0.08660217 0.83492095
vn -0.81847753 0.00789978 0.57448423
vn -0.52712981 -0.00790045 0.84974805
vn -0.96718259 0.09439830 0.23589575
vn -0.78047296 0.14979481 0.60697897
vn -0.71787831 0.27609166 0.63908069
vn -0.49001210 0.06320156 0.86942147
vn -0.92098089 0.27549428 0.27549428
vn -0.62380160 0.38690099 0.67910175
vn -0.44049800 0.12579943 0.88889596
vn -0.83580035 0.44940019 0.31540013
vn -0.93532309 0.35370873 -0.00780019
vn -0.84301352 0.53580859 0.04730076
vn -0.71558712 0.59758924 0.36169349
vn -0.71569934 0.69199936 0.09439991
vn -0.51019576 0.47889602 0.71439407
vn -0.57288656 0.70628343 0.41589025
vn -0.37828711 0.90616913 0.18909356
vn -0.55877147 0.81845821 0.13379317
vn -0.54387365 0.07879618 -0.83545952
vn -0.63518718 -0.31369367 -0.70578575
vn -0.75552364 -0.18100566 -0.62961970
vn -0.83383031 -0.03930143 -0.55062002
vn -0.48761337 0.00790022 -0.87302393
vn -0.48191614 -0.39501323 -0.78212619
vn -0.59755915 0.15728925 -0.78624625
vn -0.86752607 0.12620379 -0.48111446
vn -0.32990105 0.27490088 -0.90310288
vn -0.40220135 -0.03940013 -0.91470307
vn -0.30629134 -0.43198778 -0.84827600
vn -0.32179827 0.25899861 -0.91069511
vn -0.30850464 -0.06330095 -0.94911426
vn -0.13360708 -0.42422249 -0.89564749
vn -0.30010636 0.23690502 -0.92401958
vn -0.20490503 -0.05520136 -0.97722400
vn 0.03939844 -0.38598471 -0.92166348
vn -0.27631079 0.23680925 -0.93143638
vn -0.25220615 0.33880826 -0.90642210
vn -0.24310672 0.23530651 -0.94102602
vn -0.11029990 -0.03149997 -0.99339906
vn -0.01579995 0.02359992 -0.99959662
vn 0.20420030 -0.29060043 -0.93480138
vn -0.21290279 0.24440321 -0.94601241
vn -0.19690377 0.26000498 -0.94531810
vn -0.17329404 0.27579052 -0.94546749
vn 0.05519859 0.09469758 -0.99397459
vn 0.34761123 -0.15800510 -0.92422985
vn -0.15690289 0.29820550 -0.94151737
vn 0.11030445 0.18120731 -0.97723940
vn 0.44090849 -0.00790015 -0.89751729
vn -0.14999366 0.33148600 -0.93146065
vn 0.14909993 0.27469988 -0.94989957
vn 0.50280375 0.16500123 -0.84850633
vn -0.14109986 0.35279964 -0.92499905
vn 0.15780122 0.37080287 -0.91520708
vn 0.51846929 0.33778000 -0.78555348
vn -0.15730147 0.37760353 -0.91250853
vn 0.13399504 0.46508279 -0.87506761
vn 0.48159508 0.51309476 -0.71049275
vn -0.16519206 0.39328109 -0.90445651
vn 0.08670142 0.54350893 -0.83491371
vn 0.40050633 0.65961042 -0.63601005
vn 0.28340096 0.77930263 -0.55890188
vn 0.02359910 0.61487668 -0.78827010
vn 0.13399322 0.86665613 -0.48057567
vn -0.18119680 0.41759262 -0.89038426
vn -0.05510028 0.66140332 -0.74800375
vn -0.03929932 0.90448425 -0.42469260
vn -0.20399004 0.43147892 -0.87875708
vn -0.14920331 0.68331516 -0.71471586
vn -0.22079601 0.89888378 -0.37849317
vn -0.22870471 0.44170909 -0.86751786
vn -0.26040016 0.67870043 -0.68670043
vn -0.39407508 0.85114617 -0.34677807
vn -0.25269615 0.44219326 -0.86058688
vn -0.35420826 0.65331524 -0.66911561
vn -0.56089375 0.75849154 -0.33179630
vn -0.28380176 0.42570265 -0.85920534
vn -0.44739514 0.60429343 -0.65929283
vn -0.69802486 0.62742235 -0.34511229
vn -0.30630776 0.41621054 -0.85612169
vn -0.52059673 0.52859668 -0.67049579
vn -0.57446947 0.44857616 -0.68466361
vn -0.79289451 0.47889668 -0.37679739
vn -0.32349118 0.39448925 -0.86007656
vn -0.34759818 0.37129806 -0.86099550
vn -0.35508795 0.34718822 -0.86797055
vn -0.60938399 0.34829085 -0.71228129
vn -0.85396953 0.30838900 -0.41908505
vn -0.35300467 0.32160426 -0.87861163
vn -0.61529274 0.24459711 -0.74939115
vn -0.34621176 0.29901015 -0.88923020
vn -0.28340096 -0.77930263 0.55890188
vn -0.08660217 -0.54351364 0.83492095
vn -0.40048085 -0.65956847 0.63606959
vn -0.48159508 -0.51309476 0.71049275
vn -0.02359910 -0.61487668 0.78827010
vn -0.13389502 -0.86666773 0.48058211
vn -0.13400677 -0.46512349 0.87504419
vn -0.51846929 -0.33778000 0.78555348
vn 0.16519206 -0.39328109 0.90445651
vn 0.05510028 -0.66140332 0.74800375
vn 0.03929932 -0.90448425 0.42469260
vn 0.18119680 -0.41759262 0.89038426
vn 0.14920331 -0.68331516 0.71471586
vn 0.22079601 -0.89888378 0.37849317
vn 0.20400796 -0.43151684 0.87873430
vn 0.26040016 -0.67870043 0.68670043
vn 0.39399061 -0.85117971 0.34679173
vn 0.22870471 -0.44170909 0.86751786
vn 0.35420826 -0.65331524 0.66911561
vn 0.56089375 -0.75849154 0.33179630
vn 0.25269615 -0.44219326 0.86058688
vn 0.25220615 -0.33880826 0.90642210
vn 0.28380176 -0.42570265 0.85920534
vn 0.44739514 -0.60429343 0.65929283
vn 0.30629501 -0.41629322 0.85608605
vn 0.52062425 -0.52852461 0.67053123
vn 0.69802486 -0.62742235 0.34511229
vn 0.32349118 -0.39448925 0.86007656
vn 0.57449523 -0.44849628 0.68469432
vn 0.79289451 -0.47889668 0.37679739
vn 0.34759818 -0.37129806 0.86099550
vn 0.60940521 -0.34820298 0.71230609
vn 0.85396953 -0.30838900 0.41908505
vn 0.35508795 -0.34718822 0.86797055
vn 0.61530778 -0.24450309 0.74940948
vn 0.86755081 -0.12619284 0.48107272
vn 0.35299332 -0.32169391 0.87858337
vn 0.59761553 -0.15720408 0.78622043
vn 0.83383031 0.03930143 0.55062002
vn 0.34621176 -0.29901015 0.88923020
vn 0.54380323 -0.07880047 0.83550496
vn 0.75552364 0.18100566 0.62961970
vn 0.63518718 0.31369367 0.70578575
vn 0.32990105 -0.27490088 0.90310288
vn 0.48761337 -0.00790022 0.87302393
vn 0.48191614 0.39501323 0.78212619
vn 0.32178994 -0.25909190 0.91067152
vn 0.40219976 0.03949998 0.91469946
vn 0.30629134 0.43198778 0.84827600
vn 0.30010636 -0.23690502 0.92401958
vn 0.30850464 0.06330095 0.94911426
vn 0.13360142 0.42430450 0.89560949
vn 0.27631079 -0.23680925 0.93143638
vn 0.20490503 0.05520136 0.97722400
vn -0.03939844 0.38598471 0.92166348
vn 0.24311244 -0.23521204 0.94104816
vn 0.11029990 0.03149997 0.99339906
vn -0.20420030 0.29060043 0.93480138
vn 0.21290279 -0.24440321 0.94601241
vn 0.01569997 -0.02359996 0.99959820
vn -0.05519859 -0.09469758 0.99397459
vn -0.34757910 0.15799050 0.92424443
vn 0.19690377 -0.26000498 0.94531810
vn 0.17329404 -0.27579052 0.94546749
vn 0.15690289 -0.29820550 0.94151737
vn -0.11030245 -0.18130402 0.97722168
vn -0.44090849 0.00790015 0.89751729
vn 0.14999366 -0.33148600 0.93146065
vn -0.14909993 -0.27469988 0.94989957
vn -0.50280375 -0.16500123 0.84850633
vn 0.14109986 -0.35279964 0.92499905
vn -0.15780122 -0.37080287 0.91520708
vn 0.15730147 -0.37760353 0.91250853
vn 0.07869822 0.20459536 -0.97567788
vn -0.22120767 0.22910794 -0.94793287
vn -0.20529726 0.29999600 -0.93158759
vn -0.17310057 0.36990121 -0.91280298
vn 0.07060263 0.18050671 -0.98103649
vn -0.22890497 0.14210308 -0.96302089
vn 0.08669597 0.22858938 -0.96965494
vn -0.11849933 0.43459756 -0.89279498
vn 0.07080108 0.16520253 -0.98371507
vn -0.21229546 0.06289866 -0.97517916
vn 0.10210470 0.23571086 -0.96644453
vn -0.05520174 0.48091519 -0.87502763
vn 0.07890022 0.14210039 -0.98670271
vn -0.18099248 -0.01569935 -0.98335917
vn 0.11789700 0.25929341 -0.95857562
vn 0.02349958 0.51779065 -0.85518455
vn 0.07849770 0.12559632 -0.98897102
vn -0.13429823 -0.07899896 -0.98778700
vn 0.13430423 0.26070822 -0.95603012
vn 0.09420162 0.53400916 -0.84021442
vn 0.09429852 0.10219839 -0.99028444
vn -0.07879776 -0.14979574 -0.98557199
vn 0.15709239 0.26718706 -0.95075394
vn 0.18119788 0.54369364 -0.81949042
vn 0.10989660 0.09419708 -0.98946938
vn -0.00780032 -0.18850781 -0.98204071
vn 0.17329404 0.27579052 -0.94546749
vn 0.25939376 0.52658734 -0.80958054
vn 0.12559632 0.07849770 -0.98897102
vn 0.06280131 -0.21980460 -0.97352038
vn 0.19649360 0.26729130 -0.94336929
vn 0.14999561 0.06309815 -0.98667114
vn 0.22109761 0.26059718 -0.93978985
vn 0.32931288 0.50181963 -0.79983129
vn 0.17300192 0.06290070 -0.98291090
vn 0.14179363 -0.23638938 -0.96125680
vn 0.23650066 0.25230070 -0.93830261
vn 0.39341533 0.44851748 -0.80253128
vn 0.18950057 0.07110022 -0.97930296
vn 0.22120767 -0.22910794 -0.94793287
vn 0.25280068 0.22910061 -0.94000251
vn 0.45758224 0.39448469 -0.79686907
vn 0.21179167 0.07059722 -0.97476167
vn 0.29999600 -0.20529726 -0.93158759
vn 0.26841040 0.21310825 -0.93943639
vn 0.50309233 0.32229508 -0.80188777
vn 0.22879351 0.07889776 -0.97027247
vn 0.37661877 -0.17260860 -0.91014536
vn 0.26769581 0.18899704 -0.94478520
vn 0.53331314 0.25100618 -0.80781990
vn 0.24329201 0.09419691 -0.96536829
vn 0.44049245 -0.12589784 -0.88888477
vn 0.28300184 0.17290113 -0.94340615
vn 0.55069648 0.16519895 -0.81819478
vn 0.26679113 0.10989635 -0.95746816
vn 0.49001210 -0.06320156 -0.86942147
vn 0.27478823 0.14919361 -0.94985930
vn 0.54351364 0.08660217 -0.83492095
vn 0.26839795 0.12629904 -0.95499272
vn 0.52720202 0.00790003 -0.84970325
vn 0.17339133 0.17349132 -0.96945150
vn -0.26830515 -0.12630243 0.95501835
vn -0.49001210 0.06320156 0.86942147
vn -0.52720202 -0.00790003 0.84970325
vn -0.54351364 -0.08660217 0.83492095
vn -0.26679113 -0.10989635 0.95746816
vn -0.44049245 0.12589784 0.88888477
vn -0.27469988 -0.14909993 0.94989957
vn -0.55069648 -0.16519895 0.81819478
vn -0.24329201 -0.09419691 0.96536829
vn -0.37661877 0.17260860 0.91014536
vn -0.28299695 -0.17299814 0.94338983
vn -0.53331314 -0.25100618 0.80781990
vn -0.22879351 -0.07889776 0.97027247
vn -0.29999600 0.20529726 0.93158759
vn -0.26769581 -0.18899704 0.94478520
vn -0.50309233 -0.32229508 0.80188777
vn -0.21209735 -0.07069912 0.97468782
vn -0.22120767 0.22910794 0.94793287
vn -0.26840468 -0.21320371 0.93941636
vn -0.45758224 -0.39448469 0.79686907
vn -0.18959833 -0.07099937 0.97929136
vn -0.14179363 0.23638938 0.96125680
vn -0.25280647 -0.22900586 0.94002405
vn -0.39341533 -0.44851748 0.80253128
vn -0.17300192 -0.06290070 0.98291090
vn -0.06280131 0.21980460 0.97352038
vn -0.23650066 -0.25230070 0.93830261
vn -0.32929635 -0.50189444 0.79979115
vn -0.14999561 -0.06309815 0.98667114
vn 0.00790017 0.18860411 0.98202142
vn -0.22109761 -0.26059718 0.93978985
vn -0.25939376 -0.52658734 0.80958054
vn -0.12559632 -0.07849770 0.98897102
vn -0.19649360 -0.26729130 0.94336929
vn -0.18119788 -0.54369364 0.81949042
vn -0.10989660 -0.09419708 0.98946938
vn 0.07889714 0.14979456 0.98556422
vn -0.17329404 -0.27579052 0.94546749
vn -0.09429948 -0.10209944 0.99029456
vn 0.13429823 0.07899896 0.98778700
vn -0.15709659 -0.26709420 0.95077934
vn -0.09420162 -0.53400916 0.84021442
vn -0.07849770 -0.12559632 0.98897102
vn 0.18089576 0.01569963 0.98337696
vn -0.13430073 -0.26080142 0.95600520
vn -0.02349958 -0.51779065 0.85518455
vn -0.07890022 -0.14210039 0.98670271
vn 0.21229546 -0.06289866 0.97517916
vn -0.11789700 -0.25929341 0.95857562
vn 0.05519691 -0.48087311 0.87505106
vn -0.07079991 -0.16529980 0.98369881
vn 0.22890497 -0.14210308 0.96302089
vn -0.10210470 -0.23571086 0.96644453
vn 0.11849933 -0.43459756 0.89279498
vn -0.07060263 -0.18050671 0.98103649
vn 0.22120767 -0.22910794 0.94793287
vn -0.08669597 -0.22858938 0.96965494
vn 0.17310057 -0.36990121 0.91280298
vn -0.07869822 -0.20459536 0.97567788
vn 0.20529726 -0.29999600 0.93158759
vn -0.17339133 -0.17349132 0.96945150
vt -0.13855000 0.00043700
vt -0.15820300 0.01127600
vt -0.13855000 0.01127600
vt -0.15820300 0.00043900
vt -0.13855000 -0.00820900
vt -0.15820300 -0.00820900
vt -0.13855000 -0.01689100
vt -0.15820300 -0.01689100
vt -0.13855000 -0.02154500
vt -0.15820300 -0.02154500
vt -0.13855000 -0.02653500
vt -0.15820300 -0.02653500
vt -0.13855000 -0.03140300
vt -0.15820300 -0.03140300
vt -0.13855000 -0.05938700
vt -0.15820300 -0.05938700
vt -0.13855000 -0.06457500
vt -0.15820300 -0.06457500
vt -0.13855000 -0.06970200
vt -0.15820300 -0.06970200
vt -0.15820300 -0.07470700
vt -0.13855000 -0.07470700
vt -0.15820300 -0.07959000
vt -0.13855000 -0.07959000
vt -0.13855000 -0.08422900
vt -0.15820300 -0.08422900
vt -0.13855000 -0.08905000
vt -0.15820300 -0.08905000
vt -0.15820300 -0.09552000
vt -0.13855000 -0.09552000
vt -0.15820300 -0.10186800
vt -0.13855000 -0.10186800
vt -0.15820300 -0.10894800
vt -0.13855000 -0.10894800
vt -0.15820300 -0.11468500
vt -0.13855000 -0.11468500
vt -0.13855000 -0.12005600
vt -0.15820300 -0.12005600
vt -0.13855000 -0.12481700
vt -0.15820300 -0.12481700
vt -0.13855000 -0.16613800
vt -0.15820300 -0.16613800
vt -0.13855000 -0.17102100
vt -0.15820300 -0.17102100
vt -0.13855000 -0.17602500
vt -0.15820300 -0.17602500
vt -0.13855000 -0.18200700
vt -0.15820300 -0.18200700
vt -0.15820300 0.00043900
vt -0.17773400 0.01127600
vt -0.15820300 0.01127600
vt -0.17773400 0.00043700
vt -0.15820300 -0.00820900
vt -0.17773400 -0.00820900
vt -0.15820300 -0.01689100
vt -0.17773400 -0.01689100
vt -0.15820300 -0.02154500
vt -0.17773400 -0.02154500
vt -0.17773400 -0.02653500
vt -0.15820300 -0.02653500
vt -0.17773400 -0.03140300
vt -0.15820300 -0.03140300
vt -0.17773400 -0.05938700
vt -0.15820300 -0.05938700
vt -0.15820300 -0.06457500
vt -0.17773400 -0.06457500
vt -0.15820300 -0.06970200
vt -0.17773400 -0.06970200
vt -0.17773400 -0.07470700
vt -0.15820300 -0.07470700
vt -0.17773400 -0.07959000
vt -0.15820300 -0.07959000
vt -0.15820300 -0.08422900
vt -0.17773400 -0.08422900
vt -0.15820300 -0.08905000
vt -0.17773400 -0.08905000
vt -0.17773400 -0.09552000
vt -0.15820300 -0.09552000
vt -0.17773400 -0.10186800
vt -0.15820300 -0.10186800
vt -0.17773400 -0.10894800
vt -0.15820300 -0.10894800
vt -0.17773400 -0.11468500
vt -0.15820300 -0.11468500
vt -0.15820300 -0.12005600
vt -0.17773400 -0.12005600
vt -0.15820300 -0.12481700
vt -0.17773400 -0.12481700
vt -0.17773400 -0.16613800
vt -0.15820300 -0.16613800
vt -0.17773400 -0.17102100
vt -0.15820300 -0.17102100
vt -0.17773400 -0.17602500
vt -0.15820300 -0.17602500
vt -0.15820300 -0.18200700
vt -0.17773400 -0.18200700
vt -0.17773400 0.00043700
vt -0.19738800 0.01127600
vt -0.17773400 0.01127600
vt -0.19738800 0.00043800
vt -0.17773400 -0.00820900
vt -0.19738800 -0.00820900
vt -0.17773400 -0.01689100
vt -0.19738800 -0.01689100
vt -0.17773400 -0.02154500
vt -0.19738800 -0.02154500
vt -0.19738800 -0.02653500
vt -0.17773400 -0.02653500
vt -0.19738800 -0.03140300
vt -0.17773400 -0.03140300
vt -0.19738800 -0.05938700
vt -0.17773400 -0.05938700
vt -0.17773400 -0.06457500
vt -0.19738800 -0.06457500
vt -0.17773400 -0.06970200
vt -0.19738800 -0.06970200
vt -0.19738800 -0.07470700
vt -0.17773400 -0.07470700
vt -0.19738800 -0.07959000
vt -0.17773400 -0.07959000
vt -0.17773400 -0.08422900
vt -0.19738800 -0.08422900
vt -0.17773400 -0.08905000
vt -0.19738800 -0.08905000
vt -0.19738800 -0.09552000
vt -0.17773400 -0.09552000
vt -0.19738800 -0.10186800
vt -0.17773400 -0.10186800
vt -0.19738800 -0.10894800
vt -0.17773400 -0.10894800
vt -0.19738800 -0.11468500
vt -0.17773400 -0.11468500
vt -0.17773400 -0.12005600
vt -0.19738800 -0.12005600
vt -0.17773400 -0.12481700
vt -0.19738800 -0.12481700
vt -0.19738800 -0.16613800
vt -0.17773400 -0.16613800
vt -0.19738800 -0.17102100
vt -0.17773400 -0.17102100
vt -0.19738800 -0.17602500
vt -0.17773400 -0.17602500
vt -0.17773400 -0.18200700
vt -0.19738800 -0.18200700
vt -0.19738800 0.00043800
vt -0.21704100 0.01127600
vt -0.19738800 0.01127600
vt -0.21704100 0.00043700
vt -0.19738800 -0.00820900
vt -0.21704100 -0.00820900
vt -0.19738800 -0.01689100
vt -0.21704100 -0.01689100
vt -0.19738800 -0.02154500
vt -0.21704100 -0.02154500
vt -0.21704100 -0.02653500
vt -0.19738800 -0.02653500
vt -0.21704100 -0.03140300
vt -0.19738800 -0.03140300
vt -0.21704100 -0.05938700
vt -0.19738800 -0.05938700
vt -0.19738800 -0.06457500
vt -0.21704100 -0.06457500
vt -0.19738800 -0.06970200
vt -0.21704100 -0.06970200
vt -0.21704100 -0.07470700
vt -0.19738800 -0.07470700
vt -0.21704100 -0.07959000
vt -0.19738800 -0.07959000
vt -0.19738800 -0.08422900
vt -0.21704100 -0.08422900
vt -0.19738800 -0.08905000
vt -0.21704100 -0.08905000
vt -0.21704100 -0.09552000
vt -0.19738800 -0.09552000
vt -0.21704100 -0.10186800
vt -0.19738800 -0.10186800
vt -0.21704100 -0.10894800
vt -0.19738800 -0.10894800
vt -0.21704100 -0.11468500
vt -0.19738800 -0.11468500
vt -0.19738800 -0.12005600
vt -0.21704100 -0.12005600
vt -0.19738800 -0.12481700
vt -0.21704100 -0.12481700
vt -0.21704100 -0.16613800
vt -0.19738800 -0.16613800
vt -0.21704100 -0.17102100
vt -0.19738800 -0.17102100
vt -0.21704100 -0.17602500
vt -0.19738800 -0.17602500
vt -0.19738800 -0.18200700
vt -0.21704100 -0.18200700
vt 0.96142600 0.01127600
vt 0.94140600 0.00043900
vt 0.94140600 0.01127600
vt 0.96142600 0.00043700
vt 0.94140600 -0.00820900
vt 0.96142600 -0.00820900
vt 0.94140600 -0.01689100
vt 0.96142600 -0.01689100
vt 0.94140600 -0.02154500
vt 0.96142600 -0.02154500
vt 0.96142600 -0.02653500
vt 0.94140600 -0.02653500
vt 0.96142600 -0.03140300
vt 0.94140600 -0.03140300
vt 0.94140600 -0.05938700
vt 0.96142600 -0.05938700
vt 0.94140600 -0.06457500
vt 0.96142600 -0.06457500
vt 0.94140600 -0.06970200
vt 0.96142600 -0.06970200
vt 0.96142600 -0.07470700
vt 0.94140600 -0.07470700
vt 0.96142600 -0.07959000
vt 0.94140600 -0.07959000
vt 0.94140600 -0.08422900
vt 0.96142600 -0.08422900
vt 0.94140600 -0.08905000
vt 0.96142600 -0.08905000
vt 0.96142600 -0.09552000
vt 0.94140600 -0.09552000
vt 0.96142600 -0.10186800
vt 0.94140600 -0.10186800
vt 0.96142600 -0.10894800
vt 0.94140600 -0.10894800
vt 0.96142600 -0.11468500
vt 0.94140600 -0.11468500
vt 0.94140600 -0.12005600
vt 0.96142600 -0.12005600
vt 0.94140600 -0.12481700
vt 0.96142600 -0.12481700
vt 0.94140600 -0.16613800
vt 0.96142600 -0.16613800
vt 0.96142600 -0.17102100
vt 0.94140600 -0.17102100
vt 0.96142600 -0.17602500
vt 0.94140600 -0.17602500
vt 0.94140600 -0.18200700
vt 0.96142600 -0.18200700
vt 0.94140600 0.01127600
vt 0.92187500 0.00043700
vt 0.92187500 0.01127600
vt 0.94140600 0.00043900
vt 0.92187500 -0.00820900
vt 0.94140600 -0.00820900
vt 0.92187500 -0.01689100
vt 0.94140600 -0.01689100
vt 0.92187500 -0.02154500
vt 0.94140600 -0.02154500
vt 0.94140600 -0.02653500
vt 0.92187500 -0.02653500
vt 0.94140600 -0.03140300
vt 0.92187500 -0.03140300
vt 0.92187500 -0.05938700
vt 0.94140600 -0.05938700
vt 0.92187500 -0.06457500
vt 0.94140600 -0.06457500
vt 0.92187500 -0.06970200
vt 0.94140600 -0.06970200
vt 0.94140600 -0.07470700
vt 0.92187500 -0.07470700
vt 0.94140600 -0.07959000
vt 0.92187500 -0.07959000
vt 0.92187500 -0.08422900
vt 0.94140600 -0.08422900
vt 0.92187500 -0.08905000
vt 0.94140600 -0.08905000
vt 0.94140600 -0.09552000
vt 0.92187500 -0.09552000
vt 0.94140600 -0.10186800
vt 0.92187500 -0.10186800
vt 0.94140600 -0.10894800
vt 0.92187500 -0.10894800
vt 0.94140600 -0.11468500
vt 0.92187500 -0.11468500
vt 0.92187500 -0.12005600
vt 0.94140600 -0.12005600
vt 0.92187500 -0.12481700
vt 0.94140600 -0.12481700
vt 0.92187500 -0.16613800
vt 0.94140600 -0.16613800
vt 0.94140600 -0.17102100
vt 0.92187500 -0.17102100
vt 0.94140600 -0.17602500
vt 0.92187500 -0.17602500
vt 0.92187500 -0.18200700
vt 0.94140600 -0.18200700
vt 0.78466800 0.01127600
vt 0.76464800 0.00043800
vt 0.76464800 0.01127600
vt 0.78466800 0.00043700
vt 0.76464800 -0.00820900
vt 0.78466800 -0.00820900
vt 0.76464800 -0.01689100
vt 0.78466800 -0.01689100
vt 0.76464800 -0.02154500
vt 0.78466800 -0.02154500
vt 0.78466800 -0.02653500
vt 0.76464800 -0.02653500
vt 0.78466800 -0.03140300
vt 0.76464800 -0.03140300
vt 0.78466800 -0.05938700
vt 0.76464800 -0.05938700
vt 0.78466800 -0.06457500
vt 0.76464800 -0.06457500
vt 0.78466800 -0.06970200
vt 0.76464800 -0.06970200
vt 0.78466800 -0.07470700
vt 0.76464800 -0.07470700
vt 0.78466800 -0.07959000
vt 0.76464800 -0.07959000
vt 0.78466800 -0.08422900
vt 0.76464800 -0.08422900
vt 0.78466800 -0.08905000
vt 0.76464800 -0.08905000
vt 0.78466800 -0.09552000
vt 0.76464800 -0.09552000
vt 0.78466800 -0.10186800
vt 0.76464800 -0.10186800
vt 0.78466800 -0.10894800
vt 0.76464800 -0.10894800
vt 0.78466800 -0.11468500
vt 0.76464800 -0.11468500
vt 0.78466800 -0.12005600
vt 0.76464800 -0.12005600
vt 0.78466800 -0.12481700
vt 0.76464800 -0.12481700
vt 0.78466800 -0.16613800
vt 0.76464800 -0.16613800
vt 0.78466800 -0.17102100
vt 0.76464800 -0.17102100
vt 0.78466800 -0.17602500
vt 0.76464800 -0.17602500
vt 0.76464800 -0.18200700
vt 0.78466800 -0.18200700
vt 0.76464800 0.01127600
vt 0.74511700 0.00043700
vt 0.74511700 0.01127600
vt 0.76464800 0.00043800
vt 0.74511700 -0.00820900
vt 0.76464800 -0.00820900
vt 0.74511700 -0.01689100
vt 0.76464800 -0.01689100
vt 0.74511700 -0.02154500
vt 0.76464800 -0.02154500
vt 0.76464800 -0.02653500
vt 0.74511700 -0.02653500
vt 0.76464800 -0.03140300
vt 0.74511700 -0.03140300
vt 0.76464800 -0.05938700
vt 0.74511700 -0.05938700
vt 0.76464800 -0.06457500
vt 0.74511700 -0.06457500
vt 0.76464800 -0.06970200
vt 0.74511700 -0.06970200
vt 0.76464800 -0.07470700
vt 0.74511700 -0.07470700
vt 0.76464800 -0.07959000
vt 0.74511700 -0.07959000
vt 0.76464800 -0.08422900
vt 0.74511700 -0.08422900
vt 0.76464800 -0.08905000
vt 0.74511700 -0.08905000
vt 0.76464800 -0.09552000
vt 0.74511700 -0.09552000
vt 0.76464800 -0.10186800
vt 0.74511700 -0.10186800
vt 0.76464800 -0.10894800
vt 0.74511700 -0.10894800
vt 0.76464800 -0.11468500
vt 0.74511700 -0.11468500
vt 0.76464800 -0.12005600
vt 0.74511700 -0.12005600
vt 0.76464800 -0.12481700
vt 0.74511700 -0.12481700
vt 0.76464800 -0.16613800
vt 0.74511700 -0.16613800
vt 0.76464800 -0.17102100
vt 0.74511700 -0.17102100
vt 0.76464800 -0.17602500
vt 0.74511700 -0.17602500
vt 0.74511700 -0.18200700
vt 0.76464800 -0.18200700
vt 0.60791000 0.00043700
vt 0.58789100 0.01127600
vt 0.60791000 0.01127600
vt 0.58789100 0.00043800
vt 0.60791000 -0.00820900
vt 0.58789100 -0.00820900
vt 0.60791000 -0.01689100
vt 0.58789100 -0.01689100
vt 0.60791000 -0.02154500
vt 0.58789100 -0.02154500
vt 0.60791000 -0.02653500
vt 0.58789100 -0.02653500
vt 0.60791000 -0.03140300
vt 0.58789100 -0.03140300
vt 0.60791000 -0.05938700
vt 0.58789100 -0.05938700
vt 0.60791000 -0.06457500
vt 0.58789100 -0.06457500
vt 0.60791000 -0.06970200
vt 0.58789100 -0.06970200
vt 0.58789100 -0.07470700
vt 0.60791000 -0.07470700
vt 0.58789100 -0.07959000
vt 0.60791000 -0.07959000
vt 0.60791000 -0.08422900
vt 0.58789100 -0.08422900
vt 0.60791000 -0.08905000
vt 0.58789100 -0.08905000
vt 0.58789100 -0.09552000
vt 0.60791000 -0.09552000
vt 0.58789100 -0.10186800
vt 0.60791000 -0.10186800
vt 0.58789100 -0.10894800
vt 0.60791000 -0.10894800
vt 0.58789100 -0.11468500
vt 0.60791000 -0.11468500
vt 0.60791000 -0.12005600
vt 0.58789100 -0.12005600
vt 0.60791000 -0.12481700
vt 0.58789100 -0.12481700
vt 0.60791000 -0.16613800
vt 0.58789100 -0.16613800
vt 0.60791000 -0.17102100
vt 0.58789100 -0.17102100
vt 0.60791000 -0.17602500
vt 0.58789100 -0.17602500
vt 0.60791000 -0.18200700
vt 0.58789100 -0.18200700
vt 0.58789100 0.00043800
vt 0.56835900 0.01127600
vt 0.58789100 0.01127600
vt 0.56835900 0.00043700
vt 0.58789100 -0.00820900
vt 0.56835900 -0.00820900
vt 0.58789100 -0.01689100
vt 0.56835900 -0.01689100
vt 0.58789100 -0.02154500
vt 0.56835900 -0.02154500
vt 0.58789100 -0.02653500
vt 0.56835900 -0.02653500
vt 0.58789100 -0.03140300
vt 0.56835900 -0.03140300
vt 0.58789100 -0.05938700
vt 0.56835900 -0.05938700
vt 0.58789100 -0.06457500
vt 0.56835900 -0.06457500
vt 0.58789100 -0.06970200
vt 0.56835900 -0.06970200
vt 0.56835900 -0.07470700
vt 0.58789100 -0.07470700
vt 0.56835900 -0.07959000
vt 0.58789100 -0.07959000
vt 0.58789100 -0.08422900
vt 0.56835900 -0.08422900
vt 0.58789100 -0.08905000
vt 0.56835900 -0.08905000
vt 0.56835900 -0.09552000
vt 0.58789100 -0.09552000
vt 0.56835900 -0.10186800
vt 0.58789100 -0.10186800
vt 0.56835900 -0.10894800
vt 0.58789100 -0.10894800
vt 0.56835900 -0.11468500
vt 0.58789100 -0.11468500
vt 0.58789100 -0.12005600
vt 0.56835900 -0.12005600
vt 0.58789100 -0.12481700
vt 0.56835900 -0.12481700
vt 0.58789100 -0.16613800
vt 0.56835900 -0.16613800
vt 0.58789100 -0.17102100
vt 0.56835900 -0.17102100
vt 0.58789100 -0.17602500
vt 0.56835900 -0.17602500
vt 0.58789100 -0.18200700
vt 0.56835900 -0.18200700
vt 0.56835900 0.00043700
vt 0.54882800 0.01127600
vt 0.56835900 0.01127600
vt 0.54882800 0.00043900
vt 0.56835900 -0.00820900
vt 0.54882800 -0.00820900
vt 0.56835900 -0.01689100
vt 0.54882800 -0.01689100
vt 0.56835900 -0.02154500
vt 0.54882800 -0.02154500
vt 0.56835900 -0.02653500
vt 0.54882800 -0.02653500
vt 0.56835900 -0.03140300
vt 0.54882800 -0.03140300
vt 0.56835900 -0.05938700
vt 0.54882800 -0.05938700
vt 0.56835900 -0.06457500
vt 0.54882800 -0.06457500
vt 0.56835900 -0.06970200
vt 0.54882800 -0.06970200
vt 0.54882800 -0.07470700
vt 0.56835900 -0.07470700
vt 0.54882800 -0.07959000
vt 0.56835900 -0.07959000
vt 0.56835900 -0.08422900
vt 0.54882800 -0.08422900
vt 0.56835900 -0.08905000
vt 0.54882800 -0.08905000
vt 0.54882800 -0.09552000
vt 0.56835900 -0.09552000
vt 0.54882800 -0.10186800
vt 0.56835900 -0.10186800
vt 0.54882800 -0.10894800
vt 0.56835900 -0.10894800
vt 0.54882800 -0.11468500
vt 0.56835900 -0.11468500
vt 0.56835900 -0.12005600
vt 0.54882800 -0.12005600
vt 0.56835900 -0.12481700
vt 0.54882800 -0.12481700
vt 0.56835900 -0.16613800
vt 0.54882800 -0.16613800
vt 0.56835900 -0.17102100
vt 0.54882800 -0.17102100
vt 0.56835900 -0.17602500
vt 0.54882800 -0.17602500
vt 0.56835900 -0.18200700
vt 0.54882800 -0.18200700
vt 0.54882800 0.00043900
vt 0.52929700 0.01127600
vt 0.54882800 0.01127600
vt 0.52929700 0.00044100
vt 0.54882800 -0.00820900
vt 0.52929700 -0.00820900
vt 0.54882800 -0.01689100
vt 0.52929700 -0.01689100
vt 0.54882800 -0.02154500
vt 0.52929700 -0.02154500
vt 0.54882800 -0.02653500
vt 0.52929700 -0.02653500
vt 0.54882800 -0.03140300
vt 0.52929700 -0.03140300
vt 0.54882800 -0.05938700
vt 0.52929700 -0.05938700
vt 0.54882800 -0.06457500
vt 0.52929700 -0.06457500
vt 0.54882800 -0.06970200
vt 0.52929700 -0.06970200
vt 0.52929700 -0.07470700
vt 0.54882800 -0.07470700
vt 0.52929700 -0.07959000
vt 0.54882800 -0.07959000
vt 0.54882800 -0.08422900
vt 0.52929700 -0.08422900
vt 0.54882800 -0.08905000
vt 0.52929700 -0.08905000
vt 0.52929700 -0.09552000
vt 0.54882800 -0.09552000
vt 0.52929700 -0.10186800
vt 0.54882800 -0.10186800
vt 0.52929700 -0.10894800
vt 0.54882800 -0.10894800
vt 0.52929700 -0.11468500
vt 0.54882800 -0.11468500
vt 0.54882800 -0.12005600
vt 0.52929700 -0.12005600
vt 0.54882800 -0.12481700
vt 0.52929700 -0.12481700
vt 0.54882800 -0.16613800
vt 0.52929700 -0.16613800
vt 0.54882800 -0.17102100
vt 0.52929700 -0.17102100
vt 0.54882800 -0.17602500
vt 0.52929700 -0.17602500
vt 0.54882800 -0.18200700
vt 0.52929700 -0.18200700
vt 0.52929700 0.00044100
vt 0.50927700 0.01127600
vt 0.52929700 0.01127600
vt 0.50927700 0.00044300
vt 0.52929700 -0.00820900
vt 0.50927700 -0.00820900
vt 0.52929700 -0.01689100
vt 0.50927700 -0.01689100
vt 0.52929700 -0.02154500
vt 0.50927700 -0.02154500
vt 0.50927700 -0.02653500
vt 0.52929700 -0.02653500
vt 0.50927700 -0.03140300
vt 0.52929700 -0.03140300
vt 0.50927700 -0.05938700
vt 0.52929700 -0.05938700
vt 0.52929700 -0.06457500
vt 0.50927700 -0.06457500
vt 0.52929700 -0.06970200
vt 0.50927700 -0.06970200
vt 0.50927700 -0.07470700
vt 0.52929700 -0.07470700
vt 0.50927700 -0.07959000
vt 0.52929700 -0.07959000
vt 0.52929700 -0.08422900
vt 0.50927700 -0.08422900
vt 0.52929700 -0.08905000
vt 0.50927700 -0.08905000
vt 0.50927700 -0.09552000
vt 0.52929700 -0.09552000
vt 0.50927700 -0.10186800
vt 0.52929700 -0.10186800
vt 0.50927700 -0.10894800
vt 0.52929700 -0.10894800
vt 0.50927700 -0.11468500
vt 0.52929700 -0.11468500
vt 0.52929700 -0.12005600
vt 0.50927700 -0.12005600
vt 0.52929700 -0.12481700
vt 0.50927700 -0.12481700
vt 0.50927700 -0.16613800
vt 0.52929700 -0.16613800
vt 0.50927700 -0.17102100
vt 0.52929700 -0.17102100
vt 0.50927700 -0.17602500
vt 0.52929700 -0.17602500
vt 0.52929700 -0.18200700
vt 0.50927700 -0.18200700
vt 0.48999000 0.00044300
vt 0.47021500 0.01127600
vt 0.48999000 0.01127600
vt 0.47021500 0.00044100
vt 0.48999000 -0.00820900
vt 0.47021500 -0.00820900
vt 0.48999000 -0.01689100
vt 0.47021500 -0.01689100
vt 0.48999000 -0.02154500
vt 0.47021500 -0.02154500
vt 0.47021500 -0.02653500
vt 0.48999000 -0.02653500
vt 0.47021500 -0.03140300
vt 0.48999000 -0.03140300
vt 0.47021500 -0.05938700
vt 0.48999000 -0.05938700
vt 0.48999000 -0.06457500
vt 0.47021500 -0.06457500
vt 0.48999000 -0.06970200
vt 0.47021500 -0.06970200
vt 0.47021500 -0.07470700
vt 0.48999000 -0.07470700
vt 0.47021500 -0.07959000
vt 0.48999000 -0.07959000
vt 0.48999000 -0.08422900
vt 0.47021500 -0.08422900
vt 0.48999000 -0.08905000
vt 0.47021500 -0.08905000
vt 0.47021500 -0.09552000
vt 0.48999000 -0.09552000
vt 0.47021500 -0.10186800
vt 0.48999000 -0.10186800
vt 0.47021500 -0.10894800
vt 0.48999000 -0.10894800
vt 0.47021500 -0.11468500
vt 0.48999000 -0.11468500
vt 0.48999000 -0.12005600
vt 0.47021500 -0.12005600
vt 0.48999000 -0.12481700
vt 0.47021500 -0.12481700
vt 0.47021500 -0.16613800
vt 0.48999000 -0.16613800
vt 0.47021500 -0.17102100
vt 0.48999000 -0.17102100
vt 0.47021500 -0.17602500
vt 0.48999000 -0.17602500
vt 0.48999000 -0.18200700
vt 0.47021500 -0.18200700
vt 0.45068400 0.00044100
vt 0.43090800 0.01127600
vt 0.45068400 0.01127600
vt 0.43090800 0.00044300
vt 0.45068400 -0.00820900
vt 0.43090800 -0.00820900
vt 0.45068400 -0.01689100
vt 0.43090800 -0.01689100
vt 0.45068400 -0.02154500
vt 0.43090800 -0.02154500
vt 0.43090800 -0.02653500
vt 0.45068400 -0.02653500
vt 0.43090800 -0.03140300
vt 0.45068400 -0.03140300
vt 0.43090800 -0.05938700
vt 0.45068400 -0.05938700
vt 0.45068400 -0.06457500
vt 0.43090800 -0.06457500
vt 0.45068400 -0.06970200
vt 0.43090800 -0.06970200
vt 0.43090800 -0.07470700
vt 0.45068400 -0.07470700
vt 0.43090800 -0.07959000
vt 0.45068400 -0.07959000
vt 0.45068400 -0.08422900
vt 0.43090800 -0.08422900
vt 0.45068400 -0.08905000
vt 0.43090800 -0.08905000
vt 0.43090800 -0.09552000
vt 0.45068400 -0.09552000
vt 0.43090800 -0.10186800
vt 0.45068400 -0.10186800
vt 0.43090800 -0.10894800
vt 0.45068400 -0.10894800
vt 0.43090800 -0.11468500
vt 0.45068400 -0.11468500
vt 0.45068400 -0.12005600
vt 0.43090800 -0.12005600
vt 0.45068400 -0.12481700
vt 0.43090800 -0.12481700
vt 0.43090800 -0.16613800
vt 0.45068400 -0.16613800
vt 0.43090800 -0.17102100
vt 0.45068400 -0.17102100
vt 0.43090800 -0.17602500
vt 0.45068400 -0.17602500
vt 0.45068400 -0.18200700
vt 0.43090800 -0.18200700
vt 0.43090800 0.00044300
vt 0.41137700 0.01127600
vt 0.43090800 0.01127600
vt 0.41137700 0.00043800
vt 0.43090800 -0.00820900
vt 0.41137700 -0.00820900
vt 0.43090800 -0.01689100
vt 0.41137700 -0.01689100
vt 0.43090800 -0.02154500
vt 0.41137700 -0.02154500
vt 0.41137700 -0.02653500
vt 0.43090800 -0.02653500
vt 0.41137700 -0.03140300
vt 0.43090800 -0.03140300
vt 0.41137700 -0.05938700
vt 0.43090800 -0.05938700
vt 0.43090800 -0.06457500
vt 0.41137700 -0.06457500
vt 0.43090800 -0.06970200
vt 0.41137700 -0.06970200
vt 0.41137700 -0.07470700
vt 0.43090800 -0.07470700
vt 0.41137700 -0.07959000
vt 0.43090800 -0.07959000
vt 0.43090800 -0.08422900
vt 0.41137700 -0.08422900
vt 0.43090800 -0.08905000
vt 0.41137700 -0.08905000
vt 0.41137700 -0.09552000
vt 0.43090800 -0.09552000
vt 0.41137700 -0.10186800
vt 0.43090800 -0.10186800
vt 0.41137700 -0.10894800
vt 0.43090800 -0.10894800
vt 0.41137700 -0.11468500
vt 0.43090800 -0.11468500
vt 0.43090800 -0.12005600
vt 0.41137700 -0.12005600
vt 0.43090800 -0.12481700
vt 0.41137700 -0.12481700
vt 0.41137700 -0.16613800
vt 0.43090800 -0.16613800
vt 0.41137700 -0.17102100
vt 0.43090800 -0.17102100
vt 0.41137700 -0.17602500
vt 0.43090800 -0.17602500
vt 0.43090800 -0.18200700
vt 0.41137700 -0.18200700
vt 0.41137700 0.00043800
vt 0.39160200 0.01127600
vt 0.41137700 0.01127600
vt 0.39160200 0.00044100
vt 0.41137700 -0.00820900
vt 0.39160200 -0.00820900
vt 0.41137700 -0.01689100
vt 0.39160200 -0.01689100
vt 0.41137700 -0.02154500
vt 0.39160200 -0.02154500
vt 0.39160200 -0.02653500
vt 0.41137700 -0.02653500
vt 0.39160200 -0.03140300
vt 0.41137700 -0.03140300
vt 0.39160200 -0.05938700
vt 0.41137700 -0.05938700
vt 0.41137700 -0.06457500
vt 0.39160200 -0.06457500
vt 0.41137700 -0.06970200
vt 0.39160200 -0.06970200
vt 0.39160200 -0.07470700
vt 0.41137700 -0.07470700
vt 0.39160200 -0.07959000
vt 0.41137700 -0.07959000
vt 0.41137700 -0.08422900
vt 0.39160200 -0.08422900
vt 0.41137700 -0.08905000
vt 0.39160200 -0.08905000
vt 0.39160200 -0.09552000
vt 0.41137700 -0.09552000
vt 0.39160200 -0.10186800
vt 0.41137700 -0.10186800
vt 0.39160200 -0.10894800
vt 0.41137700 -0.10894800
vt 0.39160200 -0.11468500
vt 0.41137700 -0.11468500
vt 0.41137700 -0.12005600
vt 0.39160200 -0.12005600
vt 0.41137700 -0.12481700
vt 0.39160200 -0.12481700
vt 0.39160200 -0.16613800
vt 0.41137700 -0.16613800
vt 0.39160200 -0.17102100
vt 0.41137700 -0.17102100
vt 0.39160200 -0.17602500
vt 0.41137700 -0.17602500
vt 0.41137700 -0.18200700
vt 0.39160200 -0.18200700
vt 0.29345700 0.01127600
vt 0.27392600 0.00044300
vt 0.27392600 0.01127600
vt 0.29345700 0.00044100
vt 0.27392600 -0.00820900
vt 0.29345700 -0.00820900
vt 0.27392600 -0.01689100
vt 0.29345700 -0.01689100
vt 0.27392600 -0.02154500
vt 0.29345700 -0.02154500
vt 0.29345700 -0.02653500
vt 0.27392600 -0.02653500
vt 0.29345700 -0.03140300
vt 0.27392600 -0.03140300
vt 0.27392600 -0.05938700
vt 0.29345700 -0.05938700
vt 0.27392600 -0.06457500
vt 0.29345700 -0.06457500
vt 0.27392600 -0.06970200
vt 0.29345700 -0.06970200
vt 0.29345700 -0.07470700
vt 0.27392600 -0.07470700
vt 0.29345700 -0.07959000
vt 0.27392600 -0.07959000
vt 0.27392600 -0.08422900
vt 0.29345700 -0.08422900
vt 0.27392600 -0.08905000
vt 0.29345700 -0.08905000
vt 0.29345700 -0.09552000
vt 0.27392600 -0.09552000
vt 0.29345700 -0.10186800
vt 0.27392600 -0.10186800
vt 0.29345700 -0.10894800
vt 0.27392600 -0.10894800
vt 0.29345700 -0.11468500
vt 0.27392600 -0.11468500
vt 0.27392600 -0.12005600
vt 0.29345700 -0.12005600
vt 0.27392600 -0.12481700
vt 0.29345700 -0.12481700
vt 0.27392600 -0.16613800
vt 0.29345700 -0.16613800
vt 0.29345700 -0.17102100
vt 0.27392600 -0.17102100
vt 0.29345700 -0.17602500
vt 0.27392600 -0.17602500
vt 0.27392600 -0.18200700
vt 0.29345700 -0.18200700
vt 0.27392600 0.01127600
vt 0.25415000 0.00044100
vt 0.25415000 0.01127600
vt 0.27392600 0.00044300
vt 0.25415000 -0.00820900
vt 0.27392600 -0.00820900
vt 0.25415000 -0.01689100
vt 0.27392600 -0.01689100
vt 0.25415000 -0.02154500
vt 0.27392600 -0.02154500
vt 0.27392600 -0.02653500
vt 0.25415000 -0.02653500
vt 0.27392600 -0.03140300
vt 0.25415000 -0.03140300
vt 0.25415000 -0.05938700
vt 0.27392600 -0.05938700
vt 0.25415000 -0.06457500
vt 0.27392600 -0.06457500
vt 0.25415000 -0.06970200
vt 0.27392600 -0.06970200
vt 0.27392600 -0.07470700
vt 0.25415000 -0.07470700
vt 0.27392600 -0.07959000
vt 0.25415000 -0.07959000
vt 0.25415000 -0.08422900
vt 0.27392600 -0.08422900
vt 0.25415000 -0.08905000
vt 0.27392600 -0.08905000
vt 0.27392600 -0.09552000
vt 0.25415000 -0.09552000
vt 0.27392600 -0.10186800
vt 0.25415000 -0.10186800
vt 0.27392600 -0.10894800
vt 0.25415000 -0.10894800
vt 0.27392600 -0.11468500
vt 0.25415000 -0.11468500
vt 0.25415000 -0.12005600
vt 0.27392600 -0.12005600
vt 0.25415000 -0.12481700
vt 0.27392600 -0.12481700
vt 0.25415000 -0.16613800
vt 0.27392600 -0.16613800
vt 0.27392600 -0.17102100
vt 0.25415000 -0.17102100
vt 0.27392600 -0.17602500
vt 0.25415000 -0.17602500
vt 0.25415000 -0.18200700
vt 0.27392600 -0.18200700
vt 0.23461900 0.01127600
vt 0.21496600 0.00044300
vt 0.21496600 0.01127600
vt 0.23461900 0.00044100
vt 0.21496600 -0.00820900
vt 0.23461900 -0.00820900
vt 0.21496600 -0.01689100
vt 0.23461900 -0.01689100
vt 0.21496600 -0.02154500
vt 0.23461900 -0.02154500
vt 0.23461900 -0.02653500
vt 0.21496600 -0.02653500
vt 0.23461900 -0.03140300
vt 0.21496600 -0.03140300
vt 0.21496600 -0.05938700
vt 0.23461900 -0.05938700
vt 0.21496600 -0.06457500
vt 0.23461900 -0.06457500
vt 0.21496600 -0.06970200
vt 0.23461900 -0.06970200
vt 0.23461900 -0.07470700
vt 0.21496600 -0.07470700
vt 0.23461900 -0.07959000
vt 0.21496600 -0.07959000
vt 0.21496600 -0.08422900
vt 0.23461900 -0.08422900
vt 0.21496600 -0.08905000
vt 0.23461900 -0.08905000
vt 0.23461900 -0.09552000
vt 0.21496600 -0.09552000
vt 0.23461900 -0.10186800
vt 0.21496600 -0.10186800
vt 0.23461900 -0.10894800
vt 0.21496600 -0.10894800
vt 0.23461900 -0.11468500
vt 0.21496600 -0.11468500
vt 0.21496600 -0.12005600
vt 0.23461900 -0.12005600
vt 0.21496600 -0.12481700
vt 0.23461900 -0.12481700
vt 0.21496600 -0.16613800
vt 0.23461900 -0.16613800
vt 0.23461900 -0.17102100
vt 0.21496600 -0.17102100
vt 0.23461900 -0.17602500
vt 0.21496600 -0.17602500
vt 0.21496600 -0.18200700
vt 0.23461900 -0.18200700
vt 0.21496600 0.01127600
vt 0.19531200 0.00043900
vt 0.19531200 0.01127600
vt 0.21496600 0.00044300
vt 0.19531200 -0.00820900
vt 0.21496600 -0.00820900
vt 0.19531200 -0.01689100
vt 0.21496600 -0.01689100
vt 0.19531200 -0.02154500
vt 0.21496600 -0.02154500
vt 0.21496600 -0.02653500
vt 0.19531200 -0.02653500
vt 0.21496600 -0.03140300
vt 0.19531200 -0.03140300
vt 0.19531200 -0.05938700
vt 0.21496600 -0.05938700
vt 0.19531200 -0.06457500
vt 0.21496600 -0.06457500
vt 0.19531200 -0.06970200
vt 0.21496600 -0.06970200
vt 0.21496600 -0.07470700
vt 0.19531200 -0.07470700
vt 0.21496600 -0.07959000
vt 0.19531200 -0.07959000
vt 0.19531200 -0.08422900
vt 0.21496600 -0.08422900
vt 0.19531200 -0.08905000
vt 0.21496600 -0.08905000
vt 0.21496600 -0.09552000
vt 0.19531200 -0.09552000
vt 0.21496600 -0.10186800
vt 0.19531200 -0.10186800
vt 0.21496600 -0.10894800
vt 0.19531200 -0.10894800
vt 0.21496600 -0.11468500
vt 0.19531200 -0.11468500
vt 0.19531200 -0.12005600
vt 0.21496600 -0.12005600
vt 0.19531200 -0.12481700
vt 0.21496600 -0.12481700
vt 0.19531200 -0.16613800
vt 0.21496600 -0.16613800
vt 0.21496600 -0.17102100
vt 0.19531200 -0.17102100
vt 0.21496600 -0.17602500
vt 0.19531200 -0.17602500
vt 0.19531200 -0.18200700
vt 0.21496600 -0.18200700
vt 0.19531200 0.01127600
vt 0.17565900 0.00044300
vt 0.17565900 0.01127600
vt 0.19531200 0.00043900
vt 0.17565900 -0.00820900
vt 0.19531200 -0.00820900
vt 0.17565900 -0.01689100
vt 0.19531200 -0.01689100
vt 0.17565900 -0.02154500
vt 0.19531200 -0.02154500
vt 0.19531200 -0.02653500
vt 0.17565900 -0.02653500
vt 0.19531200 -0.03140300
vt 0.17565900 -0.03140300
vt 0.17565900 -0.05938700
vt 0.19531200 -0.05938700
vt 0.17565900 -0.06457500
vt 0.19531200 -0.06457500
vt 0.17565900 -0.06970200
vt 0.19531200 -0.06970200
vt 0.19531200 -0.07470700
vt 0.17565900 -0.07470700
vt 0.19531200 -0.07959000
vt 0.17565900 -0.07959000
vt 0.17565900 -0.08422900
vt 0.19531200 -0.08422900
vt 0.17565900 -0.08905000
vt 0.19531200 -0.08905000
vt 0.19531200 -0.09552000
vt 0.17565900 -0.09552000
vt 0.19531200 -0.10186800
vt 0.17565900 -0.10186800
vt 0.19531200 -0.10894800
vt 0.17565900 -0.10894800
vt 0.19531200 -0.11468500
vt 0.17565900 -0.11468500
vt 0.17565900 -0.12005600
vt 0.19531200 -0.12005600
vt 0.17565900 -0.12481700
vt 0.19531200 -0.12481700
vt 0.17565900 -0.16613800
vt 0.19531200 -0.16613800
vt 0.19531200 -0.17102100
vt 0.17565900 -0.17102100
vt 0.19531200 -0.17602500
vt 0.17565900 -0.17602500
vt 0.17565900 -0.18200700
vt 0.19531200 -0.18200700
vt 0.17565900 0.01127600
vt 0.15600600 0.00043700
vt 0.15600600 0.01127600
vt 0.17565900 0.00044300
vt 0.15600600 -0.00820900
vt 0.17565900 -0.00820900
vt 0.15600600 -0.01689100
vt 0.17565900 -0.01689100
vt 0.15600600 -0.02154500
vt 0.17565900 -0.02154500
vt 0.17565900 -0.02653500
vt 0.15600600 -0.02653500
vt 0.17565900 -0.03140300
vt 0.15600600 -0.03140300
vt 0.17565900 -0.05938700
vt 0.15600600 -0.05938700
vt 0.17565900 -0.06457500
vt 0.15600600 -0.06457500
vt 0.17565900 -0.06970200
vt 0.15600600 -0.06970200
vt 0.17565900 -0.07470700
vt 0.15600600 -0.07470700
vt 0.17565900 -0.07959000
vt 0.15600600 -0.07959000
vt 0.17565900 -0.08422900
vt 0.15600600 -0.08422900
vt 0.17565900 -0.08905000
vt 0.15600600 -0.08905000
vt 0.17565900 -0.09552000
vt 0.15600600 -0.09552000
vt 0.17565900 -0.10186800
vt 0.15600600 -0.10186800
vt 0.17565900 -0.10894800
vt 0.15600600 -0.10894800
vt 0.17565900 -0.11468500
vt 0.15600600 -0.11468500
vt 0.17565900 -0.12005600
vt 0.15600600 -0.12005600
vt 0.17565900 -0.12481700
vt 0.15600600 -0.12481700
vt 0.17565900 -0.16613800
vt 0.15600600 -0.16613800
vt 0.17565900 -0.17102100
vt 0.15600600 -0.17102100
vt 0.17565900 -0.17602500
vt 0.15600600 -0.17602500
vt 0.15600600 -0.18200700
vt 0.17565900 -0.18200700
vt 0.03820800 0.01127600
vt 0.01858500 0.00043800
vt 0.01858500 0.01127600
vt 0.03820800 0.00043700
vt 0.01858500 -0.00820900
vt 0.03820800 -0.00820900
vt 0.01858500 -0.01689100
vt 0.03820800 -0.01689100
vt 0.01858500 -0.02154500
vt 0.03820800 -0.02154500
vt 0.03820800 -0.02653500
vt 0.01858500 -0.02653500
vt 0.03820800 -0.03140300
vt 0.01858500 -0.03140300
vt 0.03820800 -0.05938700
vt 0.01858500 -0.05938700
vt 0.03820800 -0.06457500
vt 0.01858500 -0.06457500
vt 0.03820800 -0.06970200
vt 0.01858500 -0.06970200
vt 0.03820800 -0.07470700
vt 0.01858500 -0.07470700
vt 0.03820800 -0.07959000
vt 0.01858500 -0.07959000
vt 0.03820800 -0.08422900
vt 0.01858500 -0.08422900
vt 0.03820800 -0.08905000
vt 0.01858500 -0.08905000
vt 0.03820800 -0.09552000
vt 0.01858500 -0.09552000
vt 0.03820800 -0.10186800
vt 0.01858500 -0.10186800
vt 0.03820800 -0.10894800
vt 0.01858500 -0.10894800
vt 0.03820800 -0.11468500
vt 0.01858500 -0.11468500
vt 0.03820800 -0.12005600
vt 0.01858500 -0.12005600
vt 0.03820800 -0.12481700
vt 0.01858500 -0.12481700
vt 0.03820800 -0.16613800
vt 0.01858500 -0.16613800
vt 0.03820800 -0.17102100
vt 0.01858500 -0.17102100
vt 0.03820800 -0.17602500
vt 0.01858500 -0.17602500
vt 0.01858500 -0.18200700
vt 0.03820800 -0.18200700
vt 0.01858500 0.00043800
vt -0.00105300 0.01127600
vt 0.01858500 0.01127600
vt -0.00105300 0.00043700
vt 0.01858500 -0.00820900
vt -0.00105300 -0.00820900
vt 0.01858500 -0.01689100
vt -0.00105300 -0.01689100
vt 0.01858500 -0.02154500
vt -0.00105300 -0.02154500
vt 0.01858500 -0.02653500
vt -0.00105300 -0.02653500
vt 0.01858500 -0.03140300
vt -0.00105300 -0.03140300
vt 0.01858500 -0.05938700
vt -0.00105300 -0.05938700
vt 0.01858500 -0.06457500
vt -0.00105300 -0.06457500
vt 0.01858500 -0.06970200
vt -0.00105300 -0.06970200
vt -0.00105300 -0.07470700
vt 0.01858500 -0.07470700
vt -0.00105300 -0.07959000
vt 0.01858500 -0.07959000
vt 0.01858500 -0.08422900
vt -0.00105300 -0.08422900
vt 0.01858500 -0.08905000
vt -0.00105300 -0.08905000
vt -0.00105300 -0.09552000
vt 0.01858500 -0.09552000
vt -0.00105300 -0.10186800
vt 0.01858500 -0.10186800
vt -0.00105300 -0.10894800
vt 0.01858500 -0.10894800
vt -0.00105300 -0.11468500
vt 0.01858500 -0.11468500
vt 0.01858500 -0.12005600
vt -0.00105300 -0.12005600
vt 0.01858500 -0.12481700
vt -0.00105300 -0.12481700
vt 0.01858500 -0.16613800
vt -0.00105300 -0.16613800
vt 0.01858500 -0.17102100
vt -0.00105300 -0.17102100
vt 0.01858500 -0.17602500
vt -0.00105300 -0.17602500
vt 0.01858500 -0.18200700
vt -0.00105300 -0.18200700
vt -0.02069100 0.00043700
vt -0.04031400 0.01127600
vt -0.02069100 0.01127600
vt -0.04031400 0.00043700
vt -0.02069100 -0.00820900
vt -0.04031400 -0.00820900
vt -0.02069100 -0.01689100
vt -0.04031400 -0.01689100
vt -0.02069100 -0.02154500
vt -0.04031400 -0.02154500
vt -0.02069100 -0.02653500
vt -0.04031400 -0.02653500
vt -0.02069100 -0.03140300
vt -0.04031400 -0.03140300
vt -0.02069100 -0.05938700
vt -0.04031400 -0.05938700
vt -0.02069100 -0.06457500
vt -0.04031400 -0.06457500
vt -0.02069100 -0.06970200
vt -0.04031400 -0.06970200
vt -0.04031400 -0.07470700
vt -0.02069100 -0.07470700
vt -0.04031400 -0.07959000
vt -0.02069100 -0.07959000
vt -0.02069100 -0.08422900
vt -0.04031400 -0.08422900
vt -0.02069100 -0.08905000
vt -0.04031400 -0.08905000
vt -0.04031400 -0.09552000
vt -0.02069100 -0.09552000
vt -0.04031400 -0.10186800
vt -0.02069100 -0.10186800
vt -0.04031400 -0.10894800
vt -0.02069100 -0.10894800
vt -0.04031400 -0.11468500
vt -0.02069100 -0.11468500
vt -0.02069100 -0.12005600
vt -0.04031400 -0.12005600
vt -0.02069100 -0.12481700
vt -0.04031400 -0.12481700
vt -0.02069100 -0.16613800
vt -0.04031400 -0.16613800
vt -0.02069100 -0.17102100
vt -0.04031400 -0.17102100
vt -0.02069100 -0.17602500
vt -0.04031400 -0.17602500
vt -0.02069100 -0.18200700
vt -0.04031400 -0.18200700
vt 0.15600600 0.01127600
vt 0.13635300 0.00043700
vt 0.13635300 0.01127600
vt 0.15600600 0.00043700
vt 0.13635300 -0.00820900
vt 0.15600600 -0.00820900
vt 0.13635300 -0.01689100
vt 0.15600600 -0.01689100
vt 0.13635300 -0.02154500
vt 0.15600600 -0.02154500
vt 0.15600600 -0.02653500
vt 0.13635300 -0.02653500
vt 0.15600600 -0.03140300
vt 0.13635300 -0.03140300
vt 0.15600600 -0.05938700
vt 0.13635300 -0.05938700
vt 0.15600600 -0.06457500
vt 0.13635300 -0.06457500
vt 0.15600600 -0.06970200
vt 0.13635300 -0.06970200
vt 0.15600600 -0.07470700
vt 0.13635300 -0.07470700
vt 0.15600600 -0.07959000
vt 0.13635300 -0.07959000
vt 0.15600600 -0.08422900
vt 0.13635300 -0.08422900
vt 0.15600600 -0.08905000
vt 0.13635300 -0.08905000
vt 0.15600600 -0.09552000
vt 0.13635300 -0.09552000
vt 0.15600600 -0.10186800
vt 0.13635300 -0.10186800
vt 0.15600600 -0.10894800
vt 0.13635300 -0.10894800
vt 0.15600600 -0.11468500
vt 0.13635300 -0.11468500
vt 0.15600600 -0.12005600
vt 0.13635300 -0.12005600
vt 0.15600600 -0.12481700
vt 0.13635300 -0.12481700
vt 0.15600600 -0.16613800
vt 0.13635300 -0.16613800
vt 0.15600600 -0.17102100
vt 0.13635300 -0.17102100
vt 0.15600600 -0.17602500
vt 0.13635300 -0.17602500
vt 0.13635300 -0.18200700
vt 0.15600600 -0.18200700
vt -0.00105300 0.00043700
vt -0.02069100 0.01127600
vt -0.00105300 0.01127600
vt -0.02069100 0.00043700
vt -0.00105300 -0.00820900
vt -0.02069100 -0.00820900
vt -0.00105300 -0.01689100
vt -0.02069100 -0.01689100
vt -0.00105300 -0.02154500
vt -0.02069100 -0.02154500
vt -0.00105300 -0.02653500
vt -0.02069100 -0.02653500
vt -0.00105300 -0.03140300
vt -0.02069100 -0.03140300
vt -0.00105300 -0.05938700
vt -0.02069100 -0.05938700
vt -0.00105300 -0.06457500
vt -0.02069100 -0.06457500
vt -0.00105300 -0.06970200
vt -0.02069100 -0.06970200
vt -0.02069100 -0.07470700
vt -0.00105300 -0.07470700
vt -0.02069100 -0.07959000
vt -0.00105300 -0.07959000
vt -0.00105300 -0.08422900
vt -0.02069100 -0.08422900
vt -0.00105300 -0.08905000
vt -0.02069100 -0.08905000
vt -0.02069100 -0.09552000
vt -0.00105300 -0.09552000
vt -0.02069100 -0.10186800
vt -0.00105300 -0.10186800
vt -0.02069100 -0.10894800
vt -0.00105300 -0.10894800
vt -0.02069100 -0.11468500
vt -0.00105300 -0.11468500
vt -0.00105300 -0.12005600
vt -0.02069100 -0.12005600
vt -0.00105300 -0.12481700
vt -0.02069100 -0.12481700
vt -0.00105300 -0.16613800
vt -0.02069100 -0.16613800
vt -0.00105300 -0.17102100
vt -0.02069100 -0.17102100
vt -0.00105300 -0.17602500
vt -0.02069100 -0.17602500
vt -0.00105300 -0.18200700
vt -0.02069100 -0.18200700
vt -0.04031400 0.00043700
vt -0.05996700 0.01127600
vt -0.04031400 0.01127600
vt -0.05996700 0.00043700
vt -0.04031400 -0.00820900
vt -0.05996700 -0.00820900
vt -0.04031400 -0.01689100
vt -0.05996700 -0.01689100
vt -0.04031400 -0.02154500
vt -0.05996700 -0.02154500
vt -0.04031400 -0.02653500
vt -0.05996700 -0.02653500
vt -0.04031400 -0.03140300
vt -0.05996700 -0.03140300
vt -0.04031400 -0.05938700
vt -0.05996700 -0.05938700
vt -0.04031400 -0.06457500
vt -0.05996700 -0.06457500
vt -0.04031400 -0.06970200
vt -0.05996700 -0.06970200
vt -0.05996700 -0.07470700
vt -0.04031400 -0.07470700
vt -0.05996700 -0.07959000
vt -0.04031400 -0.07959000
vt -0.04031400 -0.08422900
vt -0.05996700 -0.08422900
vt -0.04031400 -0.08905000
vt -0.05996700 -0.08905000
vt -0.05996700 -0.09552000
vt -0.04031400 -0.09552000
vt -0.05996700 -0.10186800
vt -0.04031400 -0.10186800
vt -0.05996700 -0.10894800
vt -0.04031400 -0.10894800
vt -0.05996700 -0.11468500
vt -0.04031400 -0.11468500
vt -0.04031400 -0.12005600
vt -0.05996700 -0.12005600
vt -0.04031400 -0.12481700
vt -0.05996700 -0.12481700
vt -0.04031400 -0.16613800
vt -0.05996700 -0.16613800
vt -0.04031400 -0.17102100
vt -0.05996700 -0.17102100
vt -0.04031400 -0.17602500
vt -0.05996700 -0.17602500
vt -0.04031400 -0.18200700
vt -0.05996700 -0.18200700
vt -0.07959000 0.00043700
vt -0.09924300 0.01127600
vt -0.07959000 0.01127600
vt -0.09924300 0.00043700
vt -0.07959000 -0.00820900
vt -0.09924300 -0.00820900
vt -0.07959000 -0.01689100
vt -0.09924300 -0.01689100
vt -0.07959000 -0.02154500
vt -0.09924300 -0.02154500
vt -0.07959000 -0.02653500
vt -0.09924300 -0.02653500
vt -0.07959000 -0.03140300
vt -0.09924300 -0.03140300
vt -0.07959000 -0.05938700
vt -0.09924300 -0.05938700
vt -0.07959000 -0.06457500
vt -0.09924300 -0.06457500
vt -0.07959000 -0.06970200
vt -0.09924300 -0.06970200
vt -0.09924300 -0.07470700
vt -0.07959000 -0.07470700
vt -0.09924300 -0.07959000
vt -0.07959000 -0.07959000
vt -0.07959000 -0.08422900
vt -0.09924300 -0.08422900
vt -0.07959000 -0.08905000
vt -0.09924300 -0.08905000
vt -0.09924300 -0.09552000
vt -0.07959000 -0.09552000
vt -0.09924300 -0.10186800
vt -0.07959000 -0.10186800
vt -0.09924300 -0.10894800
vt -0.07959000 -0.10894800
vt -0.09924300 -0.11468500
vt -0.07959000 -0.11468500
vt -0.07959000 -0.12005600
vt -0.09924300 -0.12005600
vt -0.07959000 -0.12481700
vt -0.09924300 -0.12481700
vt -0.07959000 -0.16613800
vt -0.09924300 -0.16613800
vt -0.07959000 -0.17102100
vt -0.09924300 -0.17102100
vt -0.07959000 -0.17602500
vt -0.09924300 -0.17602500
vt -0.07959000 -0.18200700
vt -0.09924300 -0.18200700
vt -0.09924300 0.00043700
vt -0.11889600 0.01127600
vt -0.09924300 0.01127600
vt -0.11889600 0.00043700
vt -0.09924300 -0.00820900
vt -0.11889600 -0.00820900
vt -0.09924300 -0.01689100
vt -0.11889600 -0.01689100
vt -0.09924300 -0.02154500
vt -0.11889600 -0.02154500
vt -0.09924300 -0.02653500
vt -0.11889600 -0.02653500
vt -0.09924300 -0.03140300
vt -0.11889600 -0.03140300
vt -0.09924300 -0.05938700
vt -0.11889600 -0.05938700
vt -0.09924300 -0.06457500
vt -0.11889600 -0.06457500
vt -0.09924300 -0.06970200
vt -0.11889600 -0.06970200
vt -0.11889600 -0.07470700
vt -0.09924300 -0.07470700
vt -0.11889600 -0.07959000
vt -0.09924300 -0.07959000
vt -0.09924300 -0.08422900
vt -0.11889600 -0.08422900
vt -0.09924300 -0.08905000
vt -0.11889600 -0.08905000
vt -0.11889600 -0.09552000
vt -0.09924300 -0.09552000
vt -0.11889600 -0.10186800
vt -0.09924300 -0.10186800
vt -0.11889600 -0.10894800
vt -0.09924300 -0.10894800
vt -0.11889600 -0.11468500
vt -0.09924300 -0.11468500
vt -0.09924300 -0.12005600
vt -0.11889600 -0.12005600
vt -0.09924300 -0.12481700
vt -0.11889600 -0.12481700
vt -0.09924300 -0.16613800
vt -0.11889600 -0.16613800
vt -0.09924300 -0.17102100
vt -0.11889600 -0.17102100
vt -0.09924300 -0.17602500
vt -0.11889600 -0.17602500
vt -0.09924300 -0.18200700
vt -0.11889600 -0.18200700
vt -0.11889600 0.00043700
vt -0.13855000 0.01127600
vt -0.11889600 0.01127600
vt -0.13855000 0.00043700
vt -0.11889600 -0.00820900
vt -0.13855000 -0.00820900
vt -0.11889600 -0.01689100
vt -0.13855000 -0.01689100
vt -0.11889600 -0.02154500
vt -0.13855000 -0.02154500
vt -0.11889600 -0.02653500
vt -0.13855000 -0.02653500
vt -0.11889600 -0.03140300
vt -0.13855000 -0.03140300
vt -0.11889600 -0.05938700
vt -0.13855000 -0.05938700
vt -0.11889600 -0.06457500
vt -0.13855000 -0.06457500
vt -0.11889600 -0.06970200
vt -0.13855000 -0.06970200
vt -0.13855000 -0.07470700
vt -0.11889600 -0.07470700
vt -0.13855000 -0.07959000
vt -0.11889600 -0.07959000
vt -0.11889600 -0.08422900
vt -0.13855000 -0.08422900
vt -0.11889600 -0.08905000
vt -0.13855000 -0.08905000
vt -0.13855000 -0.09552000
vt -0.11889600 -0.09552000
vt -0.13855000 -0.10186800
vt -0.11889600 -0.10186800
vt -0.13855000 -0.10894800
vt -0.11889600 -0.10894800
vt -0.13855000 -0.11468500
vt -0.11889600 -0.11468500
vt -0.11889600 -0.12005600
vt -0.13855000 -0.12005600
vt -0.11889600 -0.12481700
vt -0.13855000 -0.12481700
vt -0.11889600 -0.16613800
vt -0.13855000 -0.16613800
vt -0.11889600 -0.17102100
vt -0.13855000 -0.17102100
vt -0.11889600 -0.17602500
vt -0.13855000 -0.17602500
vt -0.11889600 -0.18200700
vt -0.13855000 -0.18200700
vt -0.23669400 0.00043700
vt -0.25634800 0.01127600
vt -0.23669400 0.01127600
vt -0.25634800 0.00043700
vt -0.23669400 -0.00820900
vt -0.25634800 -0.00820900
vt -0.23669400 -0.01689100
vt -0.25634800 -0.01689100
vt -0.23669400 -0.02154500
vt -0.25634800 -0.02154500
vt -0.25634800 -0.02653500
vt -0.23669400 -0.02653500
vt -0.25634800 -0.03140300
vt -0.23669400 -0.03140300
vt -0.25634800 -0.05938700
vt -0.23669400 -0.05938700
vt -0.23669400 -0.06457500
vt -0.25634800 -0.06457500
vt -0.23669400 -0.06970200
vt -0.25634800 -0.06970200
vt -0.25634800 -0.07470700
vt -0.23669400 -0.07470700
vt -0.25634800 -0.07959000
vt -0.23669400 -0.07959000
vt -0.23669400 -0.08422900
vt -0.25634800 -0.08422900
vt -0.23669400 -0.08905000
vt -0.25634800 -0.08905000
vt -0.25634800 -0.09552000
vt -0.23669400 -0.09552000
vt -0.25634800 -0.10186800
vt -0.23669400 -0.10186800
vt -0.25634800 -0.10894800
vt -0.23669400 -0.10894800
vt -0.25634800 -0.11468500
vt -0.23669400 -0.11468500
vt -0.23669400 -0.12005600
vt -0.25634800 -0.12005600
vt -0.23669400 -0.12481700
vt -0.25634800 -0.12481700
vt -0.25634800 -0.16613800
vt -0.23669400 -0.16613800
vt -0.25634800 -0.17102100
vt -0.23669400 -0.17102100
vt -0.25634800 -0.17602500
vt -0.23669400 -0.17602500
vt -0.23669400 -0.18200700
vt -0.25634800 -0.18200700
vt 1.04003900 0.01127600
vt 1.01953100 0.00043700
vt 1.01953100 0.01127600
vt 1.04003900 0.00043700
vt 1.01953100 -0.00820900
vt 1.04003900 -0.00820900
vt 1.01953100 -0.01689100
vt 1.04003900 -0.01689100
vt 1.01953100 -0.02154500
vt 1.04003900 -0.02154500
vt 1.01953100 -0.02653500
vt 1.04003900 -0.02653500
vt 1.01953100 -0.03140300
vt 1.04003900 -0.03140300
vt 1.01953100 -0.05938700
vt 1.04003900 -0.05938700
vt 1.01953100 -0.06457500
vt 1.04003900 -0.06457500
vt 1.01953100 -0.06970200
vt 1.04003900 -0.06970200
vt 1.04003900 -0.07470700
vt 1.01953100 -0.07470700
vt 1.04003900 -0.07959000
vt 1.01953100 -0.07959000
vt 1.01953100 -0.08422900
vt 1.04003900 -0.08422900
vt 1.01953100 -0.08905000
vt 1.04003900 -0.08905000
vt 1.04003900 -0.09552000
vt 1.01953100 -0.09552000
vt 1.04003900 -0.10186800
vt 1.01953100 -0.10186800
vt 1.04003900 -0.10894800
vt 1.01953100 -0.10894800
vt 1.04003900 -0.11468500
vt 1.01953100 -0.11468500
vt 1.01953100 -0.12005600
vt 1.04003900 -0.12005600
vt 1.01953100 -0.12481700
vt 1.04003900 -0.12481700
vt 1.01953100 -0.16613800
vt 1.04003900 -0.16613800
vt 1.01953100 -0.17102100
vt 1.04003900 -0.17102100
vt 1.01953100 -0.17602500
vt 1.04003900 -0.17602500
vt 1.01953100 -0.18200700
vt 1.04003900 -0.18200700
vt 1.01953100 0.01127600
vt 1.00000000 0.00043700
vt 1.00000000 0.01127600
vt 1.01953100 0.00043700
vt 1.00000000 -0.00820900
vt 1.01953100 -0.00820900
vt 1.00000000 -0.01689100
vt 1.01953100 -0.01689100
vt 1.00000000 -0.02154500
vt 1.01953100 -0.02154500
vt 1.01953100 -0.02653500
vt 1.00000000 -0.02653500
vt 1.01953100 -0.03140300
vt 1.00000000 -0.03140300
vt 1.00000000 -0.05938700
vt 1.01953100 -0.05938700
vt 1.00000000 -0.06457500
vt 1.01953100 -0.06457500
vt 1.00000000 -0.06970200
vt 1.01953100 -0.06970200
vt 1.01953100 -0.07470700
vt 1.00000000 -0.07470700
vt 1.01953100 -0.07959000
vt 1.00000000 -0.07959000
vt 1.00000000 -0.08422900
vt 1.01953100 -0.08422900
vt 1.00000000 -0.08905000
vt 1.01953100 -0.08905000
vt 1.01953100 -0.09552000
vt 1.00000000 -0.09552000
vt 1.01953100 -0.10186800
vt 1.00000000 -0.10186800
vt 1.01953100 -0.10894800
vt 1.00000000 -0.10894800
vt 1.01953100 -0.11468500
vt 1.00000000 -0.11468500
vt 1.00000000 -0.12005600
vt 1.01953100 -0.12005600
vt 1.00000000 -0.12481700
vt 1.01953100 -0.12481700
vt 1.00000000 -0.16613800
vt 1.01953100 -0.16613800
vt 1.01953100 -0.17102100
vt 1.00000000 -0.17102100
vt 1.01953100 -0.17602500
vt 1.00000000 -0.17602500
vt 1.00000000 -0.18200700
vt 1.01953100 -0.18200700
vt 0.98095700 0.01127600
vt 0.96142600 0.00043700
vt 0.96142600 0.01127600
vt 0.98095700 0.00043700
vt 0.96142600 -0.00820900
vt 0.98095700 -0.00820900
vt 0.96142600 -0.01689100
vt 0.98095700 -0.01689100
vt 0.96142600 -0.02154500
vt 0.98095700 -0.02154500
vt 0.98095700 -0.02653500
vt 0.96142600 -0.02653500
vt 0.98095700 -0.03140300
vt 0.96142600 -0.03140300
vt 0.96142600 -0.05938700
vt 0.98095700 -0.05938700
vt 0.96142600 -0.06457500
vt 0.98095700 -0.06457500
vt 0.96142600 -0.06970200
vt 0.98095700 -0.06970200
vt 0.98095700 -0.07470700
vt 0.96142600 -0.07470700
vt 0.98095700 -0.07959000
vt 0.96142600 -0.07959000
vt 0.96142600 -0.08422900
vt 0.98095700 -0.08422900
vt 0.96142600 -0.08905000
vt 0.98095700 -0.08905000
vt 0.98095700 -0.09552000
vt 0.96142600 -0.09552000
vt 0.98095700 -0.10186800
vt 0.96142600 -0.10186800
vt 0.98095700 -0.10894800
vt 0.96142600 -0.10894800
vt 0.98095700 -0.11468500
vt 0.96142600 -0.11468500
vt 0.96142600 -0.12005600
vt 0.98095700 -0.12005600
vt 0.96142600 -0.12481700
vt 0.98095700 -0.12481700
vt 0.96142600 -0.16613800
vt 0.98095700 -0.16613800
vt 0.98095700 -0.17102100
vt 0.96142600 -0.17102100
vt 0.98095700 -0.17602500
vt 0.96142600 -0.17602500
vt 0.96142600 -0.18200700
vt 0.98095700 -0.18200700
vt 0.90234400 0.01127600
vt 0.88281200 0.00043700
vt 0.88281200 0.01127600
vt 0.90234400 0.00043700
vt 0.88281200 -0.00820900
vt 0.90234400 -0.00820900
vt 0.88281200 -0.01689100
vt 0.90234400 -0.01689100
vt 0.88281200 -0.02154500
vt 0.90234400 -0.02154500
vt 0.90234400 -0.02653500
vt 0.88281200 -0.02653500
vt 0.90234400 -0.03140300
vt 0.88281200 -0.03140300
vt 0.88281200 -0.05938700
vt 0.90234400 -0.05938700
vt 0.88281200 -0.06457500
vt 0.90234400 -0.06457500
vt 0.88281200 -0.06970200
vt 0.90234400 -0.06970200
vt 0.90234400 -0.07470700
vt 0.88281200 -0.07470700
vt 0.90234400 -0.07959000
vt 0.88281200 -0.07959000
vt 0.88281200 -0.08422900
vt 0.90234400 -0.08422900
vt 0.88281200 -0.08905000
vt 0.90234400 -0.08905000
vt 0.90234400 -0.09552000
vt 0.88281200 -0.09552000
vt 0.90234400 -0.10186800
vt 0.88281200 -0.10186800
vt 0.90234400 -0.10894800
vt 0.88281200 -0.10894800
vt 0.90234400 -0.11468500
vt 0.88281200 -0.11468500
vt 0.88281200 -0.12005600
vt 0.90234400 -0.12005600
vt 0.88281200 -0.12481700
vt 0.90234400 -0.12481700
vt 0.88281200 -0.16613800
vt 0.90234400 -0.16613800
vt 0.90234400 -0.17102100
vt 0.88281200 -0.17102100
vt 0.90234400 -0.17602500
vt 0.88281200 -0.17602500
vt 0.88281200 -0.18200700
vt 0.90234400 -0.18200700
vt 0.88281200 0.01127600
vt 0.86328100 0.00043700
vt 0.86328100 0.01127600
vt 0.88281200 0.00043700
vt 0.86328100 -0.00820900
vt 0.88281200 -0.00820900
vt 0.86328100 -0.01689100
vt 0.88281200 -0.01689100
vt 0.86328100 -0.02154500
vt 0.88281200 -0.02154500
vt 0.88281200 -0.02653500
vt 0.86328100 -0.02653500
vt 0.88281200 -0.03140300
vt 0.86328100 -0.03140300
vt 0.86328100 -0.05938700
vt 0.88281200 -0.05938700
vt 0.86328100 -0.06457500
vt 0.88281200 -0.06457500
vt 0.86328100 -0.06970200
vt 0.88281200 -0.06970200
vt 0.88281200 -0.07470700
vt 0.86328100 -0.07470700
vt 0.88281200 -0.07959000
vt 0.86328100 -0.07959000
vt 0.86328100 -0.08422900
vt 0.88281200 -0.08422900
vt 0.86328100 -0.08905000
vt 0.88281200 -0.08905000
vt 0.88281200 -0.09552000
vt 0.86328100 -0.09552000
vt 0.88281200 -0.10186800
vt 0.86328100 -0.10186800
vt 0.88281200 -0.10894800
vt 0.86328100 -0.10894800
vt 0.88281200 -0.11468500
vt 0.86328100 -0.11468500
vt 0.86328100 -0.12005600
vt 0.88281200 -0.12005600
vt 0.86328100 -0.12481700
vt 0.88281200 -0.12481700
vt 0.86328100 -0.16613800
vt 0.88281200 -0.16613800
vt 0.88281200 -0.17102100
vt 0.86328100 -0.17102100
vt 0.88281200 -0.17602500
vt 0.86328100 -0.17602500
vt 0.86328100 -0.18200700
vt 0.88281200 -0.18200700
vt 0.86328100 0.01127600
vt 0.84326200 0.00043700
vt 0.84326200 0.01127600
vt 0.86328100 0.00043700
vt 0.84326200 -0.00820900
vt 0.86328100 -0.00820900
vt 0.84326200 -0.01689100
vt 0.86328100 -0.01689100
vt 0.84326200 -0.02154500
vt 0.86328100 -0.02154500
vt 0.86328100 -0.02653500
vt 0.84326200 -0.02653500
vt 0.86328100 -0.03140300
vt 0.84326200 -0.03140300
vt 0.86328100 -0.05938700
vt 0.84326200 -0.05938700
vt 0.86328100 -0.06457500
vt 0.84326200 -0.06457500
vt 0.86328100 -0.06970200
vt 0.84326200 -0.06970200
vt 0.86328100 -0.07470700
vt 0.84326200 -0.07470700
vt 0.86328100 -0.07959000
vt 0.84326200 -0.07959000
vt 0.86328100 -0.08422900
vt 0.84326200 -0.08422900
vt 0.86328100 -0.08905000
vt 0.84326200 -0.08905000
vt 0.86328100 -0.09552000
vt 0.84326200 -0.09552000
vt 0.86328100 -0.10186800
vt 0.84326200 -0.10186800
vt 0.86328100 -0.10894800
vt 0.84326200 -0.10894800
vt 0.86328100 -0.11468500
vt 0.84326200 -0.11468500
vt 0.86328100 -0.12005600
vt 0.84326200 -0.12005600
vt 0.86328100 -0.12481700
vt 0.84326200 -0.12481700
vt 0.86328100 -0.16613800
vt 0.84326200 -0.16613800
vt 0.86328100 -0.17102100
vt 0.84326200 -0.17102100
vt 0.86328100 -0.17602500
vt 0.84326200 -0.17602500
vt 0.84326200 -0.18200700
vt 0.86328100 -0.18200700
vt 0.82373000 0.01127600
vt 0.80419900 0.00043700
vt 0.80419900 0.01127600
vt 0.82373000 0.00043700
vt 0.80419900 -0.00820900
vt 0.82373000 -0.00820900
vt 0.80419900 -0.01689100
vt 0.82373000 -0.01689100
vt 0.80419900 -0.02154500
vt 0.82373000 -0.02154500
vt 0.82373000 -0.02653500
vt 0.80419900 -0.02653500
vt 0.82373000 -0.03140300
vt 0.80419900 -0.03140300
vt 0.82373000 -0.05938700
vt 0.80419900 -0.05938700
vt 0.82373000 -0.06457500
vt 0.80419900 -0.06457500
vt 0.82373000 -0.06970200
vt 0.80419900 -0.06970200
vt 0.82373000 -0.07470700
vt 0.80419900 -0.07470700
vt 0.82373000 -0.07959000
vt 0.80419900 -0.07959000
vt 0.82373000 -0.08422900
vt 0.80419900 -0.08422900
vt 0.82373000 -0.08905000
vt 0.80419900 -0.08905000
vt 0.82373000 -0.09552000
vt 0.80419900 -0.09552000
vt 0.82373000 -0.10186800
vt 0.80419900 -0.10186800
vt 0.82373000 -0.10894800
vt 0.80419900 -0.10894800
vt 0.82373000 -0.11468500
vt 0.80419900 -0.11468500
vt 0.82373000 -0.12005600
vt 0.80419900 -0.12005600
vt 0.82373000 -0.12481700
vt 0.80419900 -0.12481700
vt 0.82373000 -0.16613800
vt 0.80419900 -0.16613800
vt 0.82373000 -0.17102100
vt 0.80419900 -0.17102100
vt 0.82373000 -0.17602500
vt 0.80419900 -0.17602500
vt 0.80419900 -0.18200700
vt 0.82373000 -0.18200700
vt 0.80419900 0.01127600
vt 0.78466800 0.00043700
vt 0.78466800 0.01127600
vt 0.80419900 0.00043700
vt 0.78466800 -0.00820900
vt 0.80419900 -0.00820900
vt 0.78466800 -0.01689100
vt 0.80419900 -0.01689100
vt 0.78466800 -0.02154500
vt 0.80419900 -0.02154500
vt 0.80419900 -0.02653500
vt 0.78466800 -0.02653500
vt 0.80419900 -0.03140300
vt 0.78466800 -0.03140300
vt 0.80419900 -0.05938700
vt 0.78466800 -0.05938700
vt 0.80419900 -0.06457500
vt 0.78466800 -0.06457500
vt 0.80419900 -0.06970200
vt 0.78466800 -0.06970200
vt 0.80419900 -0.07470700
vt 0.78466800 -0.07470700
vt 0.80419900 -0.07959000
vt 0.78466800 -0.07959000
vt 0.80419900 -0.08422900
vt 0.78466800 -0.08422900
vt 0.80419900 -0.08905000
vt 0.78466800 -0.08905000
vt 0.80419900 -0.09552000
vt 0.78466800 -0.09552000
vt 0.80419900 -0.10186800
vt 0.78466800 -0.10186800
vt 0.80419900 -0.10894800
vt 0.78466800 -0.10894800
vt 0.80419900 -0.11468500
vt 0.78466800 -0.11468500
vt 0.80419900 -0.12005600
vt 0.78466800 -0.12005600
vt 0.80419900 -0.12481700
vt 0.78466800 -0.12481700
vt 0.80419900 -0.16613800
vt 0.78466800 -0.16613800
vt 0.80419900 -0.17102100
vt 0.78466800 -0.17102100
vt 0.80419900 -0.17602500
vt 0.78466800 -0.17602500
vt 0.78466800 -0.18200700
vt 0.80419900 -0.18200700
vt 0.74511700 0.01127600
vt 0.72558600 0.00043700
vt 0.72558600 0.01127600
vt 0.74511700 0.00043700
vt 0.72558600 -0.00820900
vt 0.74511700 -0.00820900
vt 0.72558600 -0.01689100
vt 0.74511700 -0.01689100
vt 0.72558600 -0.02154500
vt 0.74511700 -0.02154500
vt 0.74511700 -0.02653500
vt 0.72558600 -0.02653500
vt 0.74511700 -0.03140300
vt 0.72558600 -0.03140300
vt 0.74511700 -0.05938700
vt 0.72558600 -0.05938700
vt 0.74511700 -0.06457500
vt 0.72558600 -0.06457500
vt 0.74511700 -0.06970200
vt 0.72558600 -0.06970200
vt 0.74511700 -0.07470700
vt 0.72558600 -0.07470700
vt 0.74511700 -0.07959000
vt 0.72558600 -0.07959000
vt 0.74511700 -0.08422900
vt 0.72558600 -0.08422900
vt 0.74511700 -0.08905000
vt 0.72558600 -0.08905000
vt 0.74511700 -0.09552000
vt 0.72558600 -0.09552000
vt 0.74511700 -0.10186800
vt 0.72558600 -0.10186800
vt 0.74511700 -0.10894800
vt 0.72558600 -0.10894800
vt 0.74511700 -0.11468500
vt 0.72558600 -0.11468500
vt 0.74511700 -0.12005600
vt 0.72558600 -0.12005600
vt 0.74511700 -0.12481700
vt 0.72558600 -0.12481700
vt 0.74511700 -0.16613800
vt 0.72558600 -0.16613800
vt 0.74511700 -0.17102100
vt 0.72558600 -0.17102100
vt 0.74511700 -0.17602500
vt 0.72558600 -0.17602500
vt 0.72558600 -0.18200700
vt 0.74511700 -0.18200700
vt 0.72558600 0.01127600
vt 0.70605500 0.00043700
vt 0.70605500 0.01127600
vt 0.72558600 0.00043700
vt 0.70605500 -0.00820900
vt 0.72558600 -0.00820900
vt 0.70605500 -0.01689100
vt 0.72558600 -0.01689100
vt 0.70605500 -0.02154500
vt 0.72558600 -0.02154500
vt 0.72558600 -0.02653500
vt 0.70605500 -0.02653500
vt 0.72558600 -0.03140300
vt 0.70605500 -0.03140300
vt 0.72558600 -0.05938700
vt 0.70605500 -0.05938700
vt 0.72558600 -0.06457500
vt 0.70605500 -0.06457500
vt 0.72558600 -0.06970200
vt 0.70605500 -0.06970200
vt 0.72558600 -0.07470700
vt 0.70605500 -0.07470700
vt 0.72558600 -0.07959000
vt 0.70605500 -0.07959000
vt 0.72558600 -0.08422900
vt 0.70605500 -0.08422900
vt 0.72558600 -0.08905000
vt 0.70605500 -0.08905000
vt 0.72558600 -0.09552000
vt 0.70605500 -0.09552000
vt 0.72558600 -0.10186800
vt 0.70605500 -0.10186800
vt 0.72558600 -0.10894800
vt 0.70605500 -0.10894800
vt 0.72558600 -0.11468500
vt 0.70605500 -0.11468500
vt 0.72558600 -0.12005600
vt 0.70605500 -0.12005600
vt 0.72558600 -0.12481700
vt 0.70605500 -0.12481700
vt 0.72558600 -0.16613800
vt 0.70605500 -0.16613800
vt 0.72558600 -0.17102100
vt 0.70605500 -0.17102100
vt 0.72558600 -0.17602500
vt 0.70605500 -0.17602500
vt 0.70605500 -0.18200700
vt 0.72558600 -0.18200700
vt 0.70605500 0.01127600
vt 0.68603500 0.00043700
vt 0.68603500 0.01127600
vt 0.70605500 0.00043700
vt 0.68603500 -0.00820900
vt 0.70605500 -0.00820900
vt 0.68603500 -0.01689100
vt 0.70605500 -0.01689100
vt 0.68603500 -0.02154500
vt 0.70605500 -0.02154500
vt 0.70605500 -0.02653500
vt 0.68603500 -0.02653500
vt 0.70605500 -0.03140300
vt 0.68603500 -0.03140300
vt 0.70605500 -0.05938700
vt 0.68603500 -0.05938700
vt 0.70605500 -0.06457500
vt 0.68603500 -0.06457500
vt 0.70605500 -0.06970200
vt 0.68603500 -0.06970200
vt 0.70605500 -0.07470700
vt 0.68603500 -0.07470700
vt 0.70605500 -0.07959000
vt 0.68603500 -0.07959000
vt 0.70605500 -0.08422900
vt 0.68603500 -0.08422900
vt 0.70605500 -0.08905000
vt 0.68603500 -0.08905000
vt 0.70605500 -0.09552000
vt 0.68603500 -0.09552000
vt 0.70605500 -0.10186800
vt 0.68603500 -0.10186800
vt 0.70605500 -0.10894800
vt 0.68603500 -0.10894800
vt 0.70605500 -0.11468500
vt 0.68603500 -0.11468500
vt 0.70605500 -0.12005600
vt 0.68603500 -0.12005600
vt 0.70605500 -0.12481700
vt 0.68603500 -0.12481700
vt 0.70605500 -0.16613800
vt 0.68603500 -0.16613800
vt 0.70605500 -0.17102100
vt 0.68603500 -0.17102100
vt 0.70605500 -0.17602500
vt 0.68603500 -0.17602500
vt 0.68603500 -0.18200700
vt 0.70605500 -0.18200700
vt 0.66650400 0.00043700
vt 0.64697300 0.01127600
vt 0.66650400 0.01127600
vt 0.64697300 0.00043700
vt 0.66650400 -0.00820900
vt 0.64697300 -0.00820900
vt 0.66650400 -0.01689100
vt 0.64697300 -0.01689100
vt 0.66650400 -0.02154500
vt 0.64697300 -0.02154500
vt 0.66650400 -0.02653500
vt 0.64697300 -0.02653500
vt 0.66650400 -0.03140300
vt 0.64697300 -0.03140300
vt 0.66650400 -0.05938700
vt 0.64697300 -0.05938700
vt 0.66650400 -0.06457500
vt 0.64697300 -0.06457500
vt 0.66650400 -0.06970200
vt 0.64697300 -0.06970200
vt 0.64697300 -0.07470700
vt 0.66650400 -0.07470700
vt 0.64697300 -0.07959000
vt 0.66650400 -0.07959000
vt 0.66650400 -0.08422900
vt 0.64697300 -0.08422900
vt 0.66650400 -0.08905000
vt 0.64697300 -0.08905000
vt 0.64697300 -0.09552000
vt 0.66650400 -0.09552000
vt 0.64697300 -0.10186800
vt 0.66650400 -0.10186800
vt 0.64697300 -0.10894800
vt 0.66650400 -0.10894800
vt 0.64697300 -0.11468500
vt 0.66650400 -0.11468500
vt 0.66650400 -0.12005600
vt 0.64697300 -0.12005600
vt 0.66650400 -0.12481700
vt 0.64697300 -0.12481700
vt 0.66650400 -0.16613800
vt 0.64697300 -0.16613800
vt 0.66650400 -0.17102100
vt 0.64697300 -0.17102100
vt 0.66650400 -0.17602500
vt 0.64697300 -0.17602500
vt 0.66650400 -0.18200700
vt 0.64697300 -0.18200700
vt 0.64697300 0.00043700
vt 0.62744100 0.01127600
vt 0.64697300 0.01127600
vt 0.62744100 0.00043700
vt 0.64697300 -0.00820900
vt 0.62744100 -0.00820900
vt 0.64697300 -0.01689100
vt 0.62744100 -0.01689100
vt 0.64697300 -0.02154500
vt 0.62744100 -0.02154500
vt 0.64697300 -0.02653500
vt 0.62744100 -0.02653500
vt 0.64697300 -0.03140300
vt 0.62744100 -0.03140300
vt 0.64697300 -0.05938700
vt 0.62744100 -0.05938700
vt 0.64697300 -0.06457500
vt 0.62744100 -0.06457500
vt 0.64697300 -0.06970200
vt 0.62744100 -0.06970200
vt 0.62744100 -0.07470700
vt 0.64697300 -0.07470700
vt 0.62744100 -0.07959000
vt 0.64697300 -0.07959000
vt 0.64697300 -0.08422900
vt 0.62744100 -0.08422900
vt 0.64697300 -0.08905000
vt 0.62744100 -0.08905000
vt 0.62744100 -0.09552000
vt 0.64697300 -0.09552000
vt 0.62744100 -0.10186800
vt 0.64697300 -0.10186800
vt 0.62744100 -0.10894800
vt 0.64697300 -0.10894800
vt 0.62744100 -0.11468500
vt 0.64697300 -0.11468500
vt 0.64697300 -0.12005600
vt 0.62744100 -0.12005600
vt 0.64697300 -0.12481700
vt 0.62744100 -0.12481700
vt 0.64697300 -0.16613800
vt 0.62744100 -0.16613800
vt 0.64697300 -0.17102100
vt 0.62744100 -0.17102100
vt 0.64697300 -0.17602500
vt 0.62744100 -0.17602500
vt 0.64697300 -0.18200700
vt 0.62744100 -0.18200700
vt 0.62744100 0.00043700
vt 0.60791000 0.01127600
vt 0.62744100 0.01127600
vt 0.60791000 0.00043700
vt 0.62744100 -0.00820900
vt 0.60791000 -0.00820900
vt 0.62744100 -0.01689100
vt 0.60791000 -0.01689100
vt 0.62744100 -0.02154500
vt 0.60791000 -0.02154500
vt 0.62744100 -0.02653500
vt 0.60791000 -0.02653500
vt 0.62744100 -0.03140300
vt 0.60791000 -0.03140300
vt 0.62744100 -0.05938700
vt 0.60791000 -0.05938700
vt 0.62744100 -0.06457500
vt 0.60791000 -0.06457500
vt 0.62744100 -0.06970200
vt 0.60791000 -0.06970200
vt 0.60791000 -0.07470700
vt 0.62744100 -0.07470700
vt 0.60791000 -0.07959000
vt 0.62744100 -0.07959000
vt 0.62744100 -0.08422900
vt 0.60791000 -0.08422900
vt 0.62744100 -0.08905000
vt 0.60791000 -0.08905000
vt 0.60791000 -0.09552000
vt 0.62744100 -0.09552000
vt 0.60791000 -0.10186800
vt 0.62744100 -0.10186800
vt 0.60791000 -0.10894800
vt 0.62744100 -0.10894800
vt 0.60791000 -0.11468500
vt 0.62744100 -0.11468500
vt 0.62744100 -0.12005600
vt 0.60791000 -0.12005600
vt 0.62744100 -0.12481700
vt 0.60791000 -0.12481700
vt 0.62744100 -0.16613800
vt 0.60791000 -0.16613800
vt 0.62744100 -0.17102100
vt 0.60791000 -0.17102100
vt 0.62744100 -0.17602500
vt 0.60791000 -0.17602500
vt 0.62744100 -0.18200700
vt 0.60791000 -0.18200700
vt 0.47021500 0.00044100
vt 0.45068400 0.01127600
vt 0.47021500 0.01127600
vt 0.45068400 0.00044100
vt 0.47021500 -0.00820900
vt 0.45068400 -0.00820900
vt 0.47021500 -0.01689100
vt 0.45068400 -0.01689100
vt 0.47021500 -0.02154500
vt 0.45068400 -0.02154500
vt 0.45068400 -0.02653500
vt 0.47021500 -0.02653500
vt 0.45068400 -0.03140300
vt 0.47021500 -0.03140300
vt 0.45068400 -0.05938700
vt 0.47021500 -0.05938700
vt 0.47021500 -0.06457500
vt 0.45068400 -0.06457500
vt 0.47021500 -0.06970200
vt 0.45068400 -0.06970200
vt 0.45068400 -0.07470700
vt 0.47021500 -0.07470700
vt 0.45068400 -0.07959000
vt 0.47021500 -0.07959000
vt 0.47021500 -0.08422900
vt 0.45068400 -0.08422900
vt 0.47021500 -0.08905000
vt 0.45068400 -0.08905000
vt 0.45068400 -0.09552000
vt 0.47021500 -0.09552000
vt 0.45068400 -0.10186800
vt 0.47021500 -0.10186800
vt 0.45068400 -0.10894800
vt 0.47021500 -0.10894800
vt 0.45068400 -0.11468500
vt 0.47021500 -0.11468500
vt 0.47021500 -0.12005600
vt 0.45068400 -0.12005600
vt 0.47021500 -0.12481700
vt 0.45068400 -0.12481700
vt 0.45068400 -0.16613800
vt 0.47021500 -0.16613800
vt 0.45068400 -0.17102100
vt 0.47021500 -0.17102100
vt 0.45068400 -0.17602500
vt 0.47021500 -0.17602500
vt 0.47021500 -0.18200700
vt 0.45068400 -0.18200700
vt 0.39160200 0.00044100
vt 0.37207000 0.01127600
vt 0.39160200 0.01127600
vt 0.37207000 0.00044100
vt 0.39160200 -0.00820900
vt 0.37207000 -0.00820900
vt 0.39160200 -0.01689100
vt 0.37207000 -0.01689100
vt 0.39160200 -0.02154500
vt 0.37207000 -0.02154500
vt 0.37207000 -0.02653500
vt 0.39160200 -0.02653500
vt 0.37207000 -0.03140300
vt 0.39160200 -0.03140300
vt 0.37207000 -0.05938700
vt 0.39160200 -0.05938700
vt 0.39160200 -0.06457500
vt 0.37207000 -0.06457500
vt 0.39160200 -0.06970200
vt 0.37207000 -0.06970200
vt 0.37207000 -0.07470700
vt 0.39160200 -0.07470700
vt 0.37207000 -0.07959000
vt 0.39160200 -0.07959000
vt 0.39160200 -0.08422900
vt 0.37207000 -0.08422900
vt 0.39160200 -0.08905000
vt 0.37207000 -0.08905000
vt 0.37207000 -0.09552000
vt 0.39160200 -0.09552000
vt 0.37207000 -0.10186800
vt 0.39160200 -0.10186800
vt 0.37207000 -0.10894800
vt 0.39160200 -0.10894800
vt 0.37207000 -0.11468500
vt 0.39160200 -0.11468500
vt 0.39160200 -0.12005600
vt 0.37207000 -0.12005600
vt 0.39160200 -0.12481700
vt 0.37207000 -0.12481700
vt 0.37207000 -0.16613800
vt 0.39160200 -0.16613800
vt 0.37207000 -0.17102100
vt 0.39160200 -0.17102100
vt 0.37207000 -0.17602500
vt 0.39160200 -0.17602500
vt 0.39160200 -0.18200700
vt 0.37207000 -0.18200700
vt 0.37207000 0.00044100
vt 0.35253900 0.01127600
vt 0.37207000 0.01127600
vt 0.35229500 0.00044100
vt 0.37207000 -0.00820900
vt 0.35253900 -0.00820900
vt 0.37207000 -0.01689100
vt 0.35253900 -0.01689100
vt 0.37207000 -0.02154500
vt 0.35253900 -0.02154500
vt 0.35253900 -0.02653500
vt 0.37207000 -0.02653500
vt 0.35253900 -0.03140300
vt 0.37207000 -0.03140300
vt 0.35253900 -0.05938700
vt 0.37207000 -0.05938700
vt 0.35253900 -0.06457500
vt 0.37207000 -0.06457500
vt 0.35253900 -0.06970200
vt 0.37207000 -0.06970200
vt 0.35253900 -0.07470700
vt 0.37207000 -0.07470700
vt 0.35253900 -0.07959000
vt 0.37207000 -0.07959000
vt 0.35253900 -0.08422900
vt 0.37207000 -0.08422900
vt 0.35253900 -0.08905000
vt 0.37207000 -0.08905000
vt 0.35253900 -0.09552000
vt 0.37207000 -0.09552000
vt 0.35253900 -0.10186800
vt 0.37207000 -0.10186800
vt 0.35253900 -0.10894800
vt 0.37207000 -0.10894800
vt 0.35253900 -0.11468500
vt 0.37207000 -0.11468500
vt 0.35253900 -0.12005600
vt 0.37207000 -0.12005600
vt 0.35253900 -0.12481700
vt 0.37207000 -0.12481700
vt 0.35253900 -0.16613800
vt 0.37207000 -0.16613800
vt 0.35253900 -0.17102100
vt 0.37207000 -0.17102100
vt 0.35253900 -0.17602500
vt 0.37207000 -0.17602500
vt 0.37207000 -0.18200700
vt 0.35253900 -0.18200700
vt 0.33276400 0.01127600
vt 0.31323200 0.00044100
vt 0.31323200 0.01127600
vt 0.33276400 0.00044100
vt 0.31323200 -0.00820900
vt 0.33276400 -0.00820900
vt 0.31323200 -0.01689100
vt 0.33276400 -0.01689100
vt 0.31323200 -0.02154500
vt 0.33276400 -0.02154500
vt 0.33276400 -0.02653500
vt 0.31323200 -0.02653500
vt 0.33276400 -0.03140300
vt 0.31323200 -0.03140300
vt 0.31323200 -0.05938700
vt 0.33276400 -0.05938700
vt 0.31323200 -0.06457500
vt 0.33276400 -0.06457500
vt 0.31323200 -0.06970200
vt 0.33276400 -0.06970200
vt 0.33276400 -0.07470700
vt 0.31323200 -0.07470700
vt 0.33276400 -0.07959000
vt 0.31323200 -0.07959000
vt 0.31323200 -0.08422900
vt 0.33276400 -0.08422900
vt 0.31323200 -0.08905000
vt 0.33276400 -0.08905000
vt 0.33276400 -0.09552000
vt 0.31323200 -0.09552000
vt 0.33276400 -0.10186800
vt 0.31323200 -0.10186800
vt 0.33276400 -0.10894800
vt 0.31323200 -0.10894800
vt 0.33276400 -0.11468500
vt 0.31323200 -0.11468500
vt 0.31323200 -0.12005600
vt 0.33276400 -0.12005600
vt 0.31323200 -0.12481700
vt 0.33276400 -0.12481700
vt 0.31323200 -0.16613800
vt 0.33276400 -0.16613800
vt 0.33276400 -0.17102100
vt 0.31323200 -0.17102100
vt 0.33276400 -0.17602500
vt 0.31323200 -0.17602500
vt 0.31323200 -0.18200700
vt 0.33276400 -0.18200700
vt 0.31323200 0.01127600
vt 0.29345700 0.00044100
vt 0.29345700 0.01127600
vt 0.31323200 0.00044100
vt 0.29345700 -0.00820900
vt 0.31323200 -0.00820900
vt 0.29345700 -0.01689100
vt 0.31323200 -0.01689100
vt 0.29345700 -0.02154500
vt 0.31323200 -0.02154500
vt 0.31323200 -0.02653500
vt 0.29345700 -0.02653500
vt 0.31323200 -0.03140300
vt 0.29345700 -0.03140300
vt 0.29345700 -0.05938700
vt 0.31323200 -0.05938700
vt 0.29345700 -0.06457500
vt 0.31323200 -0.06457500
vt 0.29345700 -0.06970200
vt 0.31323200 -0.06970200
vt 0.31323200 -0.07470700
vt 0.29345700 -0.07470700
vt 0.31323200 -0.07959000
vt 0.29345700 -0.07959000
vt 0.29345700 -0.08422900
vt 0.31323200 -0.08422900
vt 0.29345700 -0.08905000
vt 0.31323200 -0.08905000
vt 0.31323200 -0.09552000
vt 0.29345700 -0.09552000
vt 0.31323200 -0.10186800
vt 0.29345700 -0.10186800
vt 0.31323200 -0.10894800
vt 0.29345700 -0.10894800
vt 0.31323200 -0.11468500
vt 0.29345700 -0.11468500
vt 0.29345700 -0.12005600
vt 0.31323200 -0.12005600
vt 0.29345700 -0.12481700
vt 0.31323200 -0.12481700
vt 0.29345700 -0.16613800
vt 0.31323200 -0.16613800
vt 0.31323200 -0.17102100
vt 0.29345700 -0.17102100
vt 0.31323200 -0.17602500
vt 0.29345700 -0.17602500
vt 0.29345700 -0.18200700
vt 0.31323200 -0.18200700
vt 0.25415000 0.01127600
vt 0.23461900 0.00044100
vt 0.23461900 0.01127600
vt 0.25415000 0.00044100
vt 0.23461900 -0.00820900
vt 0.25415000 -0.00820900
vt 0.23461900 -0.01689100
vt 0.25415000 -0.01689100
vt 0.23461900 -0.02154500
vt 0.25415000 -0.02154500
vt 0.25415000 -0.02653500
vt 0.23461900 -0.02653500
vt 0.25415000 -0.03140300
vt 0.23461900 -0.03140300
vt 0.23461900 -0.05938700
vt 0.25415000 -0.05938700
vt 0.23461900 -0.06457500
vt 0.25415000 -0.06457500
vt 0.23461900 -0.06970200
vt 0.25415000 -0.06970200
vt 0.25415000 -0.07470700
vt 0.23461900 -0.07470700
vt 0.25415000 -0.07959000
vt 0.23461900 -0.07959000
vt 0.23461900 -0.08422900
vt 0.25415000 -0.08422900
vt 0.23461900 -0.08905000
vt 0.25415000 -0.08905000
vt 0.25415000 -0.09552000
vt 0.23461900 -0.09552000
vt 0.25415000 -0.10186800
vt 0.23461900 -0.10186800
vt 0.25415000 -0.10894800
vt 0.23461900 -0.10894800
vt 0.25415000 -0.11468500
vt 0.23461900 -0.11468500
vt 0.23461900 -0.12005600
vt 0.25415000 -0.12005600
vt 0.23461900 -0.12481700
vt 0.25415000 -0.12481700
vt 0.23461900 -0.16613800
vt 0.25415000 -0.16613800
vt 0.25415000 -0.17102100
vt 0.23461900 -0.17102100
vt 0.25415000 -0.17602500
vt 0.23461900 -0.17602500
vt 0.23461900 -0.18200700
vt 0.25415000 -0.18200700
vt 0.35253900 0.01127600
vt 0.33276400 0.00044100
vt 0.33276400 0.01127600
vt 0.35229500 0.00044100
vt 0.33276400 -0.00820900
vt 0.35253900 -0.00820900
vt 0.33276400 -0.01689100
vt 0.35253900 -0.01689100
vt 0.33276400 -0.02154500
vt 0.35253900 -0.02154500
vt 0.35253900 -0.02653500
vt 0.33276400 -0.02653500
vt 0.35253900 -0.03140300
vt 0.33276400 -0.03140300
vt 0.33276400 -0.05938700
vt 0.35253900 -0.05938700
vt 0.33276400 -0.06457500
vt 0.35253900 -0.06457500
vt 0.33276400 -0.06970200
vt 0.35253900 -0.06970200
vt 0.35253900 -0.07470700
vt 0.33276400 -0.07470700
vt 0.35253900 -0.07959000
vt 0.33276400 -0.07959000
vt 0.33276400 -0.08422900
vt 0.35253900 -0.08422900
vt 0.33276400 -0.08905000
vt 0.35253900 -0.08905000
vt 0.35253900 -0.09552000
vt 0.33276400 -0.09552000
vt 0.35253900 -0.10186800
vt 0.33276400 -0.10186800
vt 0.35253900 -0.10894800
vt 0.33276400 -0.10894800
vt 0.35253900 -0.11468500
vt 0.33276400 -0.11468500
vt 0.33276400 -0.12005600
vt 0.35253900 -0.12005600
vt 0.33276400 -0.12481700
vt 0.35253900 -0.12481700
vt 0.33276400 -0.16613800
vt 0.35253900 -0.16613800
vt 0.35253900 -0.17102100
vt 0.33276400 -0.17102100
vt 0.35253900 -0.17602500
vt 0.33276400 -0.17602500
vt 0.33276400 -0.18200700
vt 0.35253900 -0.18200700
vt 0.50927700 0.00044300
vt 0.48999000 0.01127600
vt 0.50927700 0.01127600
vt 0.48999000 0.00044300
vt 0.50927700 -0.00820900
vt 0.48999000 -0.00820900
vt 0.50927700 -0.01689100
vt 0.48999000 -0.01689100
vt 0.50927700 -0.02154500
vt 0.48999000 -0.02154500
vt 0.48999000 -0.02653500
vt 0.50927700 -0.02653500
vt 0.48999000 -0.03140300
vt 0.50927700 -0.03140300
vt 0.48999000 -0.05938700
vt 0.50927700 -0.05938700
vt 0.50927700 -0.06457500
vt 0.48999000 -0.06457500
vt 0.50927700 -0.06970200
vt 0.48999000 -0.06970200
vt 0.48999000 -0.07470700
vt 0.50927700 -0.07470700
vt 0.48999000 -0.07959000
vt 0.50927700 -0.07959000
vt 0.50927700 -0.08422900
vt 0.48999000 -0.08422900
vt 0.50927700 -0.08905000
vt 0.48999000 -0.08905000
vt 0.48999000 -0.09552000
vt 0.50927700 -0.09552000
vt 0.48999000 -0.10186800
vt 0.50927700 -0.10186800
vt 0.48999000 -0.10894800
vt 0.50927700 -0.10894800
vt 0.48999000 -0.11468500
vt 0.50927700 -0.11468500
vt 0.50927700 -0.12005600
vt 0.48999000 -0.12005600
vt 0.50927700 -0.12481700
vt 0.48999000 -0.12481700
vt 0.48999000 -0.16613800
vt 0.50927700 -0.16613800
vt 0.48999000 -0.17102100
vt 0.50927700 -0.17102100
vt 0.48999000 -0.17602500
vt 0.50927700 -0.17602500
vt 0.50927700 -0.18200700
vt 0.48999000 -0.18200700
vt 0.68603500 0.00043700
vt 0.66650400 0.01127600
vt 0.68603500 0.01127600
vt 0.66650400 0.00043700
vt 0.68603500 -0.00820900
vt 0.66650400 -0.00820900
vt 0.68603500 -0.01689100
vt 0.66650400 -0.01689100
vt 0.68603500 -0.02154500
vt 0.66650400 -0.02154500
vt 0.68603500 -0.02653500
vt 0.66650400 -0.02653500
vt 0.68603500 -0.03140300
vt 0.66650400 -0.03140300
vt 0.68603500 -0.05938700
vt 0.66650400 -0.05938700
vt 0.68603500 -0.06457500
vt 0.66650400 -0.06457500
vt 0.68603500 -0.06970200
vt 0.66650400 -0.06970200
vt 0.66650400 -0.07470700
vt 0.68603500 -0.07470700
vt 0.66650400 -0.07959000
vt 0.68603500 -0.07959000
vt 0.68603500 -0.08422900
vt 0.66650400 -0.08422900
vt 0.68603500 -0.08905000
vt 0.66650400 -0.08905000
vt 0.66650400 -0.09552000
vt 0.68603500 -0.09552000
vt 0.66650400 -0.10186800
vt 0.68603500 -0.10186800
vt 0.66650400 -0.10894800
vt 0.68603500 -0.10894800
vt 0.66650400 -0.11468500
vt 0.68603500 -0.11468500
vt 0.68603500 -0.12005600
vt 0.66650400 -0.12005600
vt 0.68603500 -0.12481700
vt 0.66650400 -0.12481700
vt 0.68603500 -0.16613800
vt 0.66650400 -0.16613800
vt 0.68603500 -0.17102100
vt 0.66650400 -0.17102100
vt 0.68603500 -0.17602500
vt 0.66650400 -0.17602500
vt 0.68603500 -0.18200700
vt 0.66650400 -0.18200700
vt 0.84326200 0.01127600
vt 0.82373000 0.00043700
vt 0.82373000 0.01127600
vt 0.84326200 0.00043700
vt 0.82373000 -0.00820900
vt 0.84326200 -0.00820900
vt 0.82373000 -0.01689100
vt 0.84326200 -0.01689100
vt 0.82373000 -0.02154500
vt 0.84326200 -0.02154500
vt 0.84326200 -0.02653500
vt 0.82373000 -0.02653500
vt 0.84326200 -0.03140300
vt 0.82373000 -0.03140300
vt 0.84326200 -0.05938700
vt 0.82373000 -0.05938700
vt 0.84326200 -0.06457500
vt 0.82373000 -0.06457500
vt 0.84326200 -0.06970200
vt 0.82373000 -0.06970200
vt 0.84326200 -0.07470700
vt 0.82373000 -0.07470700
vt 0.84326200 -0.07959000
vt 0.82373000 -0.07959000
vt 0.84326200 -0.08422900
vt 0.82373000 -0.08422900
vt 0.84326200 -0.08905000
vt 0.82373000 -0.08905000
vt 0.84326200 -0.09552000
vt 0.82373000 -0.09552000
vt 0.84326200 -0.10186800
vt 0.82373000 -0.10186800
vt 0.84326200 -0.10894800
vt 0.82373000 -0.10894800
vt 0.84326200 -0.11468500
vt 0.82373000 -0.11468500
vt 0.84326200 -0.12005600
vt 0.82373000 -0.12005600
vt 0.84326200 -0.12481700
vt 0.82373000 -0.12481700
vt 0.84326200 -0.16613800
vt 0.82373000 -0.16613800
vt 0.84326200 -0.17102100
vt 0.82373000 -0.17102100
vt 0.84326200 -0.17602500
vt 0.82373000 -0.17602500
vt 0.82373000 -0.18200700
vt 0.84326200 -0.18200700
vt 0.92187500 0.01127600
vt 0.90234400 0.00043700
vt 0.90234400 0.01127600
vt 0.92187500 0.00043700
vt 0.90234400 -0.00820900
vt 0.92187500 -0.00820900
vt 0.90234400 -0.01689100
vt 0.92187500 -0.01689100
vt 0.90234400 -0.02154500
vt 0.92187500 -0.02154500
vt 0.92187500 -0.02653500
vt 0.90234400 -0.02653500
vt 0.92187500 -0.03140300
vt 0.90234400 -0.03140300
vt 0.90234400 -0.05938700
vt 0.92187500 -0.05938700
vt 0.90234400 -0.06457500
vt 0.92187500 -0.06457500
vt 0.90234400 -0.06970200
vt 0.92187500 -0.06970200
vt 0.92187500 -0.07470700
vt 0.90234400 -0.07470700
vt 0.92187500 -0.07959000
vt 0.90234400 -0.07959000
vt 0.90234400 -0.08422900
vt 0.92187500 -0.08422900
vt 0.90234400 -0.08905000
vt 0.92187500 -0.08905000
vt 0.92187500 -0.09552000
vt 0.90234400 -0.09552000
vt 0.92187500 -0.10186800
vt 0.90234400 -0.10186800
vt 0.92187500 -0.10894800
vt 0.90234400 -0.10894800
vt 0.92187500 -0.11468500
vt 0.90234400 -0.11468500
vt 0.90234400 -0.12005600
vt 0.92187500 -0.12005600
vt 0.90234400 -0.12481700
vt 0.92187500 -0.12481700
vt 0.90234400 -0.16613800
vt 0.92187500 -0.16613800
vt 0.92187500 -0.17102100
vt 0.90234400 -0.17102100
vt 0.92187500 -0.17602500
vt 0.90234400 -0.17602500
vt 0.90234400 -0.18200700
vt 0.92187500 -0.18200700
vt 1.00000000 0.01127600
vt 0.98095700 0.00043700
vt 0.98095700 0.01127600
vt 1.00000000 0.00043700
vt 0.98095700 -0.00820900
vt 1.00000000 -0.00820900
vt 0.98095700 -0.01689100
vt 1.00000000 -0.01689100
vt 0.98095700 -0.02154500
vt 1.00000000 -0.02154500
vt 1.00000000 -0.02653500
vt 0.98095700 -0.02653500
vt 1.00000000 -0.03140300
vt 0.98095700 -0.03140300
vt 0.98095700 -0.05938700
vt 1.00000000 -0.05938700
vt 0.98095700 -0.06457500
vt 1.00000000 -0.06457500
vt 0.98095700 -0.06970200
vt 1.00000000 -0.06970200
vt 1.00000000 -0.07470700
vt 0.98095700 -0.07470700
vt 1.00000000 -0.07959000
vt 0.98095700 -0.07959000
vt 0.98095700 -0.08422900
vt 1.00000000 -0.08422900
vt 0.98095700 -0.08905000
vt 1.00000000 -0.08905000
vt 1.00000000 -0.09552000
vt 0.98095700 -0.09552000
vt 1.00000000 -0.10186800
vt 0.98095700 -0.10186800
vt 1.00000000 -0.10894800
vt 0.98095700 -0.10894800
vt 1.00000000 -0.11468500
vt 0.98095700 -0.11468500
vt 0.98095700 -0.12005600
vt 1.00000000 -0.12005600
vt 0.98095700 -0.12481700
vt 1.00000000 -0.12481700
vt 0.98095700 -0.16613800
vt 1.00000000 -0.16613800
vt 1.00000000 -0.17102100
vt 0.98095700 -0.17102100
vt 1.00000000 -0.17602500
vt 0.98095700 -0.17602500
vt 0.98095700 -0.18200700
vt 1.00000000 -0.18200700
vt -0.21704100 0.00043700
vt -0.23669400 0.01127600
vt -0.21704100 0.01127600
vt -0.23669400 0.00043700
vt -0.21704100 -0.00820900
vt -0.23669400 -0.00820900
vt -0.21704100 -0.01689100
vt -0.23669400 -0.01689100
vt -0.21704100 -0.02154500
vt -0.23669400 -0.02154500
vt -0.23669400 -0.02653500
vt -0.21704100 -0.02653500
vt -0.23669400 -0.03140300
vt -0.21704100 -0.03140300
vt -0.23669400 -0.05938700
vt -0.21704100 -0.05938700
vt -0.21704100 -0.06457500
vt -0.23669400 -0.06457500
vt -0.21704100 -0.06970200
vt -0.23669400 -0.06970200
vt -0.23669400 -0.07470700
vt -0.21704100 -0.07470700
vt -0.23669400 -0.07959000
vt -0.21704100 -0.07959000
vt -0.21704100 -0.08422900
vt -0.23669400 -0.08422900
vt -0.21704100 -0.08905000
vt -0.23669400 -0.08905000
vt -0.23669400 -0.09552000
vt -0.21704100 -0.09552000
vt -0.23669400 -0.10186800
vt -0.21704100 -0.10186800
vt -0.23669400 -0.10894800
vt -0.21704100 -0.10894800
vt -0.23669400 -0.11468500
vt -0.21704100 -0.11468500
vt -0.21704100 -0.12005600
vt -0.23669400 -0.12005600
vt -0.21704100 -0.12481700
vt -0.23669400 -0.12481700
vt -0.23669400 -0.16613800
vt -0.21704100 -0.16613800
vt -0.23669400 -0.17102100
vt -0.21704100 -0.17102100
vt -0.23669400 -0.17602500
vt -0.21704100 -0.17602500
vt -0.21704100 -0.18200700
vt -0.23669400 -0.18200700
vt -0.05996700 0.00043700
vt -0.07959000 0.01127600
vt -0.05996700 0.01127600
vt -0.07959000 0.00043700
vt -0.05996700 -0.00820900
vt -0.07959000 -0.00820900
vt -0.05996700 -0.01689100
vt -0.07959000 -0.01689100
vt -0.05996700 -0.02154500
vt -0.07959000 -0.02154500
vt -0.05996700 -0.02653500
vt -0.07959000 -0.02653500
vt -0.05996700 -0.03140300
vt -0.07959000 -0.03140300
vt -0.05996700 -0.05938700
vt -0.07959000 -0.05938700
vt -0.05996700 -0.06457500
vt -0.07959000 -0.06457500
vt -0.05996700 -0.06970200
vt -0.07959000 -0.06970200
vt -0.07959000 -0.07470700
vt -0.05996700 -0.07470700
vt -0.07959000 -0.07959000
vt -0.05996700 -0.07959000
vt -0.05996700 -0.08422900
vt -0.07959000 -0.08422900
vt -0.05996700 -0.08905000
vt -0.07959000 -0.08905000
vt -0.07959000 -0.09552000
vt -0.05996700 -0.09552000
vt -0.07959000 -0.10186800
vt -0.05996700 -0.10186800
vt -0.07959000 -0.10894800
vt -0.05996700 -0.10894800
vt -0.07959000 -0.11468500
vt -0.05996700 -0.11468500
vt -0.05996700 -0.12005600
vt -0.07959000 -0.12005600
vt -0.05996700 -0.12481700
vt -0.07959000 -0.12481700
vt -0.05996700 -0.16613800
vt -0.07959000 -0.16613800
vt -0.05996700 -0.17102100
vt -0.07959000 -0.17102100
vt -0.05996700 -0.17602500
vt -0.07959000 -0.17602500
vt -0.05996700 -0.18200700
vt -0.07959000 -0.18200700
vt 0.13635300 0.01127600
vt 0.11676000 0.00043700
vt 0.11676000 0.01127600
vt 0.13635300 0.00043700
vt 0.11676000 -0.00820900
vt 0.13635300 -0.00820900
vt 0.11676000 -0.01689100
vt 0.13635300 -0.01689100
vt 0.11676000 -0.02154500
vt 0.13635300 -0.02154500
vt 0.13635300 -0.02653500
vt 0.11676000 -0.02653500
vt 0.13635300 -0.03140300
vt 0.11676000 -0.03140300
vt 0.13635300 -0.05938700
vt 0.11676000 -0.05938700
vt 0.13635300 -0.06457500
vt 0.11676000 -0.06457500
vt 0.13635300 -0.06970200
vt 0.11676000 -0.06970200
vt 0.13635300 -0.07470700
vt 0.11676000 -0.07470700
vt 0.13635300 -0.07959000
vt 0.11676000 -0.07959000
vt 0.13635300 -0.08422900
vt 0.11676000 -0.08422900
vt 0.13635300 -0.08905000
vt 0.11676000 -0.08905000
vt 0.13635300 -0.09552000
vt 0.11676000 -0.09552000
vt 0.13635300 -0.10186800
vt 0.11676000 -0.10186800
vt 0.13635300 -0.10894800
vt 0.11676000 -0.10894800
vt 0.13635300 -0.11468500
vt 0.11676000 -0.11468500
vt 0.13635300 -0.12005600
vt 0.11676000 -0.12005600
vt 0.13635300 -0.12481700
vt 0.11676000 -0.12481700
vt 0.13635300 -0.16613800
vt 0.11676000 -0.16613800
vt 0.13635300 -0.17102100
vt 0.11676000 -0.17102100
vt 0.13635300 -0.17602500
vt 0.11676000 -0.17602500
vt 0.11676000 -0.18200700
vt 0.13635300 -0.18200700
vt -0.25634800 0.00043700
vt -0.27587900 0.01127600
vt -0.25634800 0.01127600
vt -0.27587900 0.00043700
vt -0.25634800 -0.00820900
vt -0.27587900 -0.00820900
vt -0.25634800 -0.01689100
vt -0.27587900 -0.01689100
vt -0.25634800 -0.02154500
vt -0.27587900 -0.02154500
vt -0.27587900 -0.02653500
vt -0.25634800 -0.02653500
vt -0.27587900 -0.03140300
vt -0.25634800 -0.03140300
vt -0.27587900 -0.05938700
vt -0.25634800 -0.05938700
vt -0.25634800 -0.06457500
vt -0.27587900 -0.06457500
vt -0.25634800 -0.06970200
vt -0.27587900 -0.06970200
vt -0.27587900 -0.07470700
vt -0.25634800 -0.07470700
vt -0.27587900 -0.07959000
vt -0.25634800 -0.07959000
vt -0.25634800 -0.08422900
vt -0.27587900 -0.08422900
vt -0.25634800 -0.08905000
vt -0.27587900 -0.08905000
vt -0.27587900 -0.09552000
vt -0.25634800 -0.09552000
vt -0.27587900 -0.10186800
vt -0.25634800 -0.10186800
vt -0.27587900 -0.10894800
vt -0.25634800 -0.10894800
vt -0.27587900 -0.11468500
vt -0.25634800 -0.11468500
vt -0.25634800 -0.12005600
vt -0.27587900 -0.12005600
vt -0.25634800 -0.12481700
vt -0.27587900 -0.12481700
vt -0.27587900 -0.16613800
vt -0.25634800 -0.16613800
vt -0.27587900 -0.17102100
vt -0.25634800 -0.17102100
vt -0.27587900 -0.17602500
vt -0.25634800 -0.17602500
vt -0.25634800 -0.18200700
vt -0.27587900 -0.18200700
vt -0.27587900 0.00043700
vt -0.29565400 0.01127600
vt -0.27587900 0.01127600
vt -0.29565400 0.00043700
vt -0.27587900 -0.00820900
vt -0.29565400 -0.00820900
vt -0.27587900 -0.01689100
vt -0.29565400 -0.01689100
vt -0.27587900 -0.02154500
vt -0.29565400 -0.02154500
vt -0.29565400 -0.02653500
vt -0.27587900 -0.02653500
vt -0.29565400 -0.03140300
vt -0.27587900 -0.03140300
vt -0.29565400 -0.05938700
vt -0.27587900 -0.05938700
vt -0.27587900 -0.06457500
vt -0.29565400 -0.06457500
vt -0.27587900 -0.06970200
vt -0.29565400 -0.06970200
vt -0.29565400 -0.07470700
vt -0.27587900 -0.07470700
vt -0.29565400 -0.07959000
vt -0.27587900 -0.07959000
vt -0.27587900 -0.08422900
vt -0.29565400 -0.08422900
vt -0.27587900 -0.08905000
vt -0.29565400 -0.08905000
vt -0.29565400 -0.09552000
vt -0.27587900 -0.09552000
vt -0.29565400 -0.10186800
vt -0.27587900 -0.10186800
vt -0.29565400 -0.10894800
vt -0.27587900 -0.10894800
vt -0.29565400 -0.11468500
vt -0.27587900 -0.11468500
vt -0.27587900 -0.12005600
vt -0.29565400 -0.12005600
vt -0.27587900 -0.12481700
vt -0.29565400 -0.12481700
vt -0.29565400 -0.16613800
vt -0.27587900 -0.16613800
vt -0.29565400 -0.17102100
vt -0.27587900 -0.17102100
vt -0.29565400 -0.17602500
vt -0.27587900 -0.17602500
vt -0.27587900 -0.18200700
vt -0.29565400 -0.18200700
vt -0.29565400 0.00043700
vt -0.31518600 0.01127600
vt -0.29565400 0.01127600
vt -0.31518600 0.00043700
vt -0.29565400 -0.00820900
vt -0.31518600 -0.00820900
vt -0.29565400 -0.01689100
vt -0.31518600 -0.01689100
vt -0.29565400 -0.02154500
vt -0.31518600 -0.02154500
vt -0.31518600 -0.02653500
vt -0.29565400 -0.02653500
vt -0.31518600 -0.03140300
vt -0.29565400 -0.03140300
vt -0.31518600 -0.05938700
vt -0.29565400 -0.05938700
vt -0.29565400 -0.06457500
vt -0.31518600 -0.06457500
vt -0.29565400 -0.06970200
vt -0.31518600 -0.06970200
vt -0.31518600 -0.07470700
vt -0.29565400 -0.07470700
vt -0.31518600 -0.07959000
vt -0.29565400 -0.07959000
vt -0.29565400 -0.08422900
vt -0.31518600 -0.08422900
vt -0.29565400 -0.08905000
vt -0.31518600 -0.08905000
vt -0.31518600 -0.09552000
vt -0.29565400 -0.09552000
vt -0.31518600 -0.10186800
vt -0.29565400 -0.10186800
vt -0.31518600 -0.10894800
vt -0.29565400 -0.10894800
vt -0.31518600 -0.11468500
vt -0.29565400 -0.11468500
vt -0.29565400 -0.12005600
vt -0.31518600 -0.12005600
vt -0.29565400 -0.12481700
vt -0.31518600 -0.12481700
vt -0.31518600 -0.16613800
vt -0.29565400 -0.16613800
vt -0.31518600 -0.17102100
vt -0.29565400 -0.17102100
vt -0.31518600 -0.17602500
vt -0.29565400 -0.17602500
vt -0.29565400 -0.18200700
vt -0.31518600 -0.18200700
vt -0.31518600 0.00043700
vt -0.33496100 0.01127600
vt -0.31518600 0.01127600
vt -0.33496100 0.00043700
vt -0.31518600 -0.00820900
vt -0.33496100 -0.00820900
vt -0.31518600 -0.01689100
vt -0.33496100 -0.01689100
vt -0.31518600 -0.02154500
vt -0.33496100 -0.02154500
vt -0.33496100 -0.02653500
vt -0.31518600 -0.02653500
vt -0.33496100 -0.03140300
vt -0.31518600 -0.03140300
vt -0.33496100 -0.05938700
vt -0.31518600 -0.05938700
vt -0.31518600 -0.06457500
vt -0.33496100 -0.06457500
vt -0.31518600 -0.06970200
vt -0.33496100 -0.06970200
vt -0.33496100 -0.07470700
vt -0.31518600 -0.07470700
vt -0.33496100 -0.07959000
vt -0.31518600 -0.07959000
vt -0.31518600 -0.08422900
vt -0.33496100 -0.08422900
vt -0.31518600 -0.08905000
vt -0.33496100 -0.08905000
vt -0.33496100 -0.09552000
vt -0.31518600 -0.09552000
vt -0.33496100 -0.10186800
vt -0.31518600 -0.10186800
vt -0.33496100 -0.10894800
vt -0.31518600 -0.10894800
vt -0.33496100 -0.11468500
vt -0.31518600 -0.11468500
vt -0.31518600 -0.12005600
vt -0.33496100 -0.12005600
vt -0.31518600 -0.12481700
vt -0.33496100 -0.12481700
vt -0.33496100 -0.16613800
vt -0.31518600 -0.16613800
vt -0.33496100 -0.17102100
vt -0.31518600 -0.17102100
vt -0.33496100 -0.17602500
vt -0.31518600 -0.17602500
vt -0.31518600 -0.18200700
vt -0.33496100 -0.18200700
vt 0.11676000 0.01127600
vt 0.09716800 0.00043700
vt 0.09716800 0.01127600
vt 0.11676000 0.00043700
vt 0.09716800 -0.00820900
vt 0.11676000 -0.00820900
vt 0.09716800 -0.01689100
vt 0.11676000 -0.01689100
vt 0.09716800 -0.02154500
vt 0.11676000 -0.02154500
vt 0.11676000 -0.02653500
vt 0.09716800 -0.02653500
vt 0.11676000 -0.03140300
vt 0.09716800 -0.03140300
vt 0.11676000 -0.05938700
vt 0.09716800 -0.05938700
vt 0.11676000 -0.06457500
vt 0.09716800 -0.06457500
vt 0.11676000 -0.06970200
vt 0.09716800 -0.06970200
vt 0.11676000 -0.07470700
vt 0.09716800 -0.07470700
vt 0.11676000 -0.07959000
vt 0.09716800 -0.07959000
vt 0.11676000 -0.08422900
vt 0.09716800 -0.08422900
vt 0.11676000 -0.08905000
vt 0.09716800 -0.08905000
vt 0.11676000 -0.09552000
vt 0.09716800 -0.09552000
vt 0.11676000 -0.10186800
vt 0.09716800 -0.10186800
vt 0.11676000 -0.10894800
vt 0.09716800 -0.10894800
vt 0.11676000 -0.11468500
vt 0.09716800 -0.11468500
vt 0.11676000 -0.12005600
vt 0.09716800 -0.12005600
vt 0.11676000 -0.12481700
vt 0.09716800 -0.12481700
vt 0.11676000 -0.16613800
vt 0.09716800 -0.16613800
vt 0.11676000 -0.17102100
vt 0.09716800 -0.17102100
vt 0.11676000 -0.17602500
vt 0.09716800 -0.17602500
vt 0.09716800 -0.18200700
vt 0.11676000 -0.18200700
vt 0.09716800 0.01127600
vt 0.07751500 0.00043700
vt 0.07751500 0.01127600
vt 0.09716800 0.00043700
vt 0.07751500 -0.00820900
vt 0.09716800 -0.00820900
vt 0.07751500 -0.01689100
vt 0.09716800 -0.01689100
vt 0.07751500 -0.02154500
vt 0.09716800 -0.02154500
vt 0.09716800 -0.02653500
vt 0.07751500 -0.02653500
vt 0.09716800 -0.03140300
vt 0.07751500 -0.03140300
vt 0.09716800 -0.05938700
vt 0.07751500 -0.05938700
vt 0.09716800 -0.06457500
vt 0.07751500 -0.06457500
vt 0.09716800 -0.06970200
vt 0.07751500 -0.06970200
vt 0.09716800 -0.07470700
vt 0.07751500 -0.07470700
vt 0.09716800 -0.07959000
vt 0.07751500 -0.07959000
vt 0.09716800 -0.08422900
vt 0.07751500 -0.08422900
vt 0.09716800 -0.08905000
vt 0.07751500 -0.08905000
vt 0.09716800 -0.09552000
vt 0.07751500 -0.09552000
vt 0.09716800 -0.10186800
vt 0.07751500 -0.10186800
vt 0.09716800 -0.10894800
vt 0.07751500 -0.10894800
vt 0.09716800 -0.11468500
vt 0.07751500 -0.11468500
vt 0.09716800 -0.12005600
vt 0.07751500 -0.12005600
vt 0.09716800 -0.12481700
vt 0.07751500 -0.12481700
vt 0.09716800 -0.16613800
vt 0.07751500 -0.16613800
vt 0.09716800 -0.17102100
vt 0.07751500 -0.17102100
vt 0.09716800 -0.17602500
vt 0.07751500 -0.17602500
vt 0.07751500 -0.18200700
vt 0.09716800 -0.18200700
vt 0.07751500 0.01127600
vt 0.05786100 0.00043700
vt 0.05786100 0.01127600
vt 0.07751500 0.00043700
vt 0.05786100 -0.00820900
vt 0.07751500 -0.00820900
vt 0.05786100 -0.01689100
vt 0.07751500 -0.01689100
vt 0.05786100 -0.02154500
vt 0.07751500 -0.02154500
vt 0.07751500 -0.02653500
vt 0.05786100 -0.02653500
vt 0.07751500 -0.03140300
vt 0.05786100 -0.03140300
vt 0.07751500 -0.05938700
vt 0.05786100 -0.05938700
vt 0.07751500 -0.06457500
vt 0.05786100 -0.06457500
vt 0.07751500 -0.06970200
vt 0.05786100 -0.06970200
vt 0.07751500 -0.07470700
vt 0.05786100 -0.07470700
vt 0.07751500 -0.07959000
vt 0.05786100 -0.07959000
vt 0.07751500 -0.08422900
vt 0.05786100 -0.08422900
vt 0.07751500 -0.08905000
vt 0.05786100 -0.08905000
vt 0.07751500 -0.09552000
vt 0.05786100 -0.09552000
vt 0.07751500 -0.10186800
vt 0.05786100 -0.10186800
vt 0.07751500 -0.10894800
vt 0.05786100 -0.10894800
vt 0.07751500 -0.11468500
vt 0.05786100 -0.11468500
vt 0.07751500 -0.12005600
vt 0.05786100 -0.12005600
vt 0.07751500 -0.12481700
vt 0.05786100 -0.12481700
vt 0.07751500 -0.16613800
vt 0.05786100 -0.16613800
vt 0.07751500 -0.17102100
vt 0.05786100 -0.17102100
vt 0.07751500 -0.17602500
vt 0.05786100 -0.17602500
vt 0.05786100 -0.18200700
vt 0.07751500 -0.18200700
vt 0.05786100 0.01127600
vt 0.03820800 0.00043700
vt 0.03820800 0.01127600
vt 0.05786100 0.00043700
vt 0.03820800 -0.00820900
vt 0.05786100 -0.00820900
vt 0.03820800 -0.01689100
vt 0.05786100 -0.01689100
vt 0.03820800 -0.02154500
vt 0.05786100 -0.02154500
vt 0.05786100 -0.02653500
vt 0.03820800 -0.02653500
vt 0.05786100 -0.03140300
vt 0.03820800 -0.03140300
vt 0.05786100 -0.05938700
vt 0.03820800 -0.05938700
vt 0.05786100 -0.06457500
vt 0.03820800 -0.06457500
vt 0.05786100 -0.06970200
vt 0.03820800 -0.06970200
vt 0.05786100 -0.07470700
vt 0.03820800 -0.07470700
vt 0.05786100 -0.07959000
vt 0.03820800 -0.07959000
vt 0.05786100 -0.08422900
vt 0.03820800 -0.08422900
vt 0.05786100 -0.08905000
vt 0.03820800 -0.08905000
vt 0.05786100 -0.09552000
vt 0.03820800 -0.09552000
vt 0.05786100 -0.10186800
vt 0.03820800 -0.10186800
vt 0.05786100 -0.10894800
vt 0.03820800 -0.10894800
vt 0.05786100 -0.11468500
vt 0.03820800 -0.11468500
vt 0.05786100 -0.12005600
vt 0.03820800 -0.12005600
vt 0.05786100 -0.12481700
vt 0.03820800 -0.12481700
vt 0.05786100 -0.16613800
vt 0.03820800 -0.16613800
vt 0.05786100 -0.17102100
vt 0.03820800 -0.17102100
vt 0.05786100 -0.17602500
vt 0.03820800 -0.17602500
vt 0.03820800 -0.18200700
vt 0.05786100 -0.18200700
vt 0.21606400 0.40014600
vt 0.21337900 0.39428700
vt 0.21337900 0.40014600
vt 0.21606400 0.39428700
vt 0.21337900 0.38818400
vt 0.21887200 0.40014600
vt 0.21606400 0.38818400
vt 0.21887200 0.39428700
vt 0.52246100 0.40014600
vt 0.21337900 0.38232400
vt 0.52246100 0.39428700
vt 0.52490200 0.40014600
vt 0.21887200 0.38818400
vt 0.21606400 0.38232400
vt 0.52490200 0.39428700
vt 0.52783200 0.40014600
vt 0.52783200 0.39428700
vt 0.52246100 0.38818400
vt 0.52490200 0.38818400
vt 0.52783200 0.38818400
vt 0.21887200 0.38232400
vt 0.52246100 0.38232400
vt 0.52490200 0.38232400
vt 0.52783200 0.38232400
vt 0.52246100 0.37622100
vt 0.52490200 0.37622100
vt 0.52783200 0.37622100
vt 0.21887200 0.37622100
vt 0.52246100 0.37036100
vt 0.52490200 0.37036100
vt 0.52783200 0.37036100
vt 0.21606400 0.37622100
vt 0.21337900 0.37622100
vt 0.21887200 0.37036100
vt 0.21606400 0.37036100
vt 0.21337900 0.37036100
vt 0.52246100 0.36425800
vt 0.21887200 0.36425800
vt 0.21606400 0.36425800
vt 0.21337900 0.36425800
vt 0.52490200 0.36425800
vt 0.52783200 0.36425800
vt 0.52783200 0.35839800
vt 0.52490200 0.35839800
vt 0.52783200 0.35229500
vt 0.52246100 0.35839800
vt 0.52490200 0.35229500
vt 0.52783200 0.34643600
vt 0.21887200 0.35839800
vt 0.52246100 0.35229500
vt 0.52490200 0.34643600
vt 0.21606400 0.35839800
vt 0.21337900 0.35839800
vt 0.21337900 0.35229500
vt 0.21606400 0.35229500
vt 0.21337900 0.34643600
vt 0.21887200 0.35229500
vt 0.21606400 0.34643600
vt 0.21337900 0.34033200
vt 0.52246100 0.34643600
vt 0.21887200 0.34643600
vt 0.21606400 0.34033200
vt 0.21337900 0.33447300
vt 0.21887200 0.34033200
vt 0.21606400 0.33447300
vt 0.21337900 0.32836900
vt 0.52246100 0.34033200
vt 0.21887200 0.33447300
vt 0.21606400 0.32836900
vt 0.52490200 0.34033200
vt 0.52783200 0.34033200
vt 0.52246100 0.33447300
vt 0.52490200 0.33447300
vt 0.52783200 0.33447300
vt 0.21887200 0.32836900
vt 0.52246100 0.32836900
vt 0.52490200 0.32836900
vt 0.52783200 0.32836900
vt 0.52783200 0.32251000
vt 0.52490200 0.32251000
vt 0.52783200 0.31640600
vt 0.52246100 0.32251000
vt 0.52490200 0.31640600
vt 0.52783200 0.31030300
vt 0.21887200 0.32251000
vt 0.52246100 0.31640600
vt 0.52490200 0.31030300
vt 0.21606400 0.32251000
vt 0.21337900 0.32251000
vt 0.21887200 0.31640600
vt 0.21606400 0.31640600
vt 0.21337900 0.31640600
vt 0.52246100 0.31030300
vt 0.21887200 0.31030300
vt 0.21606400 0.31030300
vt 0.21337900 0.31030300
vt 0.21887200 0.30444300
vt 0.21606400 0.30444300
vt 0.21337900 0.30444300
vt 0.52246100 0.30444300
vt 0.21887200 0.29834000
vt 0.21606400 0.29834000
vt 0.21337900 0.29834000
vt 0.21337900 0.29248000
vt 0.21606400 0.29248000
vt 0.21337900 0.28637700
vt 0.21606400 0.28637700
vt 0.21337900 0.28051800
vt 0.21887200 0.29248000
vt 0.21606400 0.28051800
vt 0.21337900 0.27441400
vt 0.21887200 0.28637700
vt 0.52246100 0.29834000
vt 0.52246100 0.29248000
vt 0.52490200 0.30444300
vt 0.52783200 0.30444300
vt 0.52490200 0.29834000
vt 0.52783200 0.29834000
vt 0.52490200 0.29248000
vt 0.52783200 0.29248000
vt 0.52783200 0.28637700
vt 0.52490200 0.28637700
vt 0.52783200 0.28051800
vt 0.52246100 0.28637700
vt 0.52490200 0.28051800
vt 0.52783200 0.27441400
vt 0.21887200 0.28051800
vt 0.52246100 0.28051800
vt 0.52490200 0.27441400
vt 0.52783200 0.26855500
vt 0.21606400 0.27441400
vt 0.52490200 0.26855500
vt 0.52783200 0.26245100
vt 0.52246100 0.27441400
vt 0.21887200 0.27441400
vt 0.52246100 0.26855500
vt 0.52490200 0.26245100
vt 0.52783200 0.25659200
vt 0.52490200 0.25659200
vt 0.21887200 0.26855500
vt 0.52246100 0.26245100
vt 0.52246100 0.25659200
vt 0.21606400 0.26855500
vt 0.21337900 0.26855500
vt 0.21887200 0.26245100
vt 0.21887200 0.25659200
vt 0.21606400 0.26245100
vt 0.21337900 0.26245100
vt 0.21606400 0.25659200
vt 0.21337900 0.25659200
vt 0.27978500 0.61621100
vt 0.28247100 0.62109400
vt 0.28247100 0.61621100
vt 0.27978500 0.62109400
vt 0.28247100 0.62597700
vt 0.27710000 0.61621100
vt 0.27978500 0.62597700
vt 0.28247100 0.63085900
vt 0.27710000 0.62109400
vt 0.27417000 0.61621100
vt 0.27978500 0.63085900
vt 0.28247100 0.63574200
vt 0.27710000 0.62597700
vt 0.27417000 0.62109400
vt -0.03093000 0.61621100
vt 0.27710000 0.63085900
vt -0.03093000 0.62109400
vt -0.03369100 0.61621100
vt 0.27417000 0.62597700
vt -0.03369100 0.62109400
vt -0.03646900 0.61621100
vt -0.03093000 0.62597700
vt -0.03921500 0.62109400
vt -0.03921500 0.61621100
vt -0.03646900 0.62109400
vt -0.03921500 0.62597700
vt -0.03369100 0.62597700
vt -0.03646900 0.62597700
vt -0.03921500 0.63085900
vt -0.03093000 0.63085900
vt -0.03646900 0.63085900
vt -0.03921500 0.63574200
vt -0.03369100 0.63085900
vt -0.03646900 0.63574200
vt -0.03921500 0.64013700
vt -0.03369100 0.63574200
vt -0.03093000 0.63574200
vt -0.03646900 0.64013700
vt -0.03921500 0.64502000
vt -0.03369100 0.64013700
vt -0.03093000 0.64013700
vt -0.03646900 0.64502000
vt -0.03921500 0.64990200
vt -0.03369100 0.64502000
vt -0.03093000 0.64502000
vt -0.03369100 0.64990200
vt -0.03646900 0.64990200
vt -0.03646900 0.65478500
vt -0.03921500 0.65478500
vt -0.03646900 0.65966800
vt -0.03921500 0.65966800
vt -0.03369100 0.65478500
vt -0.03646900 0.66455100
vt -0.03921500 0.66455100
vt -0.03369100 0.65966800
vt -0.03093000 0.64990200
vt -0.03093000 0.65478500
vt -0.03369100 0.66455100
vt -0.03646900 0.66943400
vt -0.03921500 0.66943400
vt -0.03093000 0.65966800
vt -0.03646900 0.67431600
vt -0.03921500 0.67431600
vt -0.03369100 0.66943400
vt -0.03646900 0.67919900
vt -0.03921500 0.67919900
vt -0.03369100 0.67431600
vt -0.03369100 0.67919900
vt -0.03646900 0.68359400
vt -0.03921500 0.68359400
vt -0.03369100 0.68359400
vt -0.03646900 0.68847700
vt -0.03921500 0.68847700
vt -0.03921500 0.69335900
vt -0.03369100 0.68847700
vt -0.03646900 0.69335900
vt -0.03921500 0.69824200
vt -0.03093000 0.68847700
vt -0.03646900 0.69824200
vt -0.03921500 0.70312500
vt -0.03369100 0.69335900
vt -0.03646900 0.70312500
vt -0.03921500 0.70800800
vt -0.03369100 0.69824200
vt -0.03093000 0.69335900
vt -0.03646900 0.70800800
vt -0.03921500 0.71289100
vt -0.03369100 0.70312500
vt -0.03093000 0.69824200
vt -0.03646900 0.71289100
vt -0.03921500 0.71777300
vt -0.03369100 0.70800800
vt -0.03646900 0.71777300
vt -0.03921500 0.72216800
vt -0.03369100 0.71289100
vt -0.03369100 0.71777300
vt -0.03646900 0.72216800
vt -0.03369100 0.72216800
vt -0.03646900 0.72705100
vt -0.03921500 0.72705100
vt -0.03369100 0.72705100
vt -0.03646900 0.73193400
vt -0.03921500 0.73193400
vt -0.03646900 0.73681600
vt -0.03921500 0.73681600
vt -0.03369100 0.73193400
vt -0.03646900 0.74169900
vt -0.03921500 0.74169900
vt -0.03369100 0.73681600
vt -0.03093000 0.73193400
vt -0.03646900 0.74658200
vt -0.03921500 0.74658200
vt -0.03369100 0.74169900
vt -0.03646900 0.75146500
vt -0.03921500 0.75146500
vt -0.03369100 0.74658200
vt -0.03093000 0.73681600
vt -0.03093000 0.74169900
vt -0.03369100 0.75146500
vt -0.03646900 0.75634800
vt -0.03921500 0.75634800
vt -0.03646900 0.76074200
vt -0.03921500 0.76074200
vt -0.03369100 0.75634800
vt -0.03369100 0.76074200
vt -0.03093000 0.74658200
vt -0.03093000 0.75146500
vt -0.03093000 0.75634800
vt -0.03093000 0.76074200
vt 0.27417000 0.74169900
vt 0.27417000 0.74658200
vt 0.27417000 0.75146500
vt 0.27417000 0.75634800
vt 0.27417000 0.76074200
vt 0.27710000 0.74658200
vt 0.27710000 0.75634800
vt 0.27710000 0.76074200
vt 0.27710000 0.75146500
vt 0.27978500 0.75634800
vt 0.27978500 0.76074200
vt 0.28247100 0.76074200
vt 0.28247100 0.75634800
vt 0.28247100 0.75146500
vt 0.27978500 0.75146500
vt 0.28247100 0.74658200
vt 0.27978500 0.74658200
vt 0.28247100 0.74169900
vt 0.27978500 0.74169900
vt 0.28247100 0.73681600
vt 0.27710000 0.74169900
vt 0.27978500 0.73681600
vt 0.28247100 0.73193400
vt 0.27710000 0.73681600
vt 0.27417000 0.73681600
vt 0.27417000 0.73193400
vt 0.27710000 0.73193400
vt 0.27978500 0.73193400
vt 0.28247100 0.72705100
vt -0.03093000 0.72705100
vt 0.27978500 0.72705100
vt 0.28247100 0.72216800
vt -0.03093000 0.72216800
vt 0.27417000 0.72705100
vt -0.03093000 0.71777300
vt 0.27417000 0.72216800
vt 0.27710000 0.72705100
vt 0.27710000 0.72216800
vt 0.27417000 0.71777300
vt -0.03093000 0.71289100
vt 0.27978500 0.72216800
vt 0.27710000 0.71777300
vt 0.27978500 0.71777300
vt 0.28247100 0.71777300
vt 0.27978500 0.71289100
vt 0.28247100 0.71289100
vt 0.27417000 0.71289100
vt 0.27710000 0.71289100
vt 0.27978500 0.70800800
vt 0.28247100 0.70800800
vt 0.27710000 0.70800800
vt 0.27978500 0.70312500
vt 0.28247100 0.70312500
vt 0.27417000 0.70800800
vt 0.27978500 0.69824200
vt 0.28247100 0.69824200
vt 0.27710000 0.70312500
vt 0.27978500 0.69335900
vt 0.28247100 0.69335900
vt 0.28247100 0.68847700
vt 0.27710000 0.69824200
vt 0.27417000 0.70312500
vt -0.03093000 0.70800800
vt -0.03093000 0.70312500
vt 0.27417000 0.69824200
vt 0.27417000 0.69335900
vt 0.27710000 0.69335900
vt 0.27417000 0.68847700
vt 0.27710000 0.68847700
vt 0.27978500 0.68847700
vt 0.28247100 0.68359400
vt -0.03093000 0.68359400
vt 0.27978500 0.68359400
vt 0.28247100 0.67919900
vt -0.03093000 0.67919900
vt 0.27417000 0.68359400
vt -0.03093000 0.67431600
vt 0.27417000 0.67919900
vt 0.27710000 0.68359400
vt 0.27710000 0.67919900
vt 0.27417000 0.67431600
vt 0.27978500 0.67919900
vt 0.28247100 0.67431600
vt 0.27710000 0.67431600
vt 0.27978500 0.67431600
vt 0.28247100 0.66943400
vt 0.27417000 0.66943400
vt 0.27978500 0.66943400
vt 0.28247100 0.66455100
vt 0.27710000 0.66943400
vt 0.27978500 0.66455100
vt 0.28247100 0.65966800
vt 0.27710000 0.66455100
vt 0.27417000 0.66455100
vt -0.03093000 0.66943400
vt -0.03093000 0.66455100
vt 0.27417000 0.65966800
vt 0.27710000 0.65966800
vt 0.27417000 0.65478500
vt 0.27978500 0.65966800
vt 0.28247100 0.65478500
vt 0.27978500 0.65478500
vt 0.28247100 0.64990200
vt 0.27710000 0.65478500
vt 0.27978500 0.64990200
vt 0.27978500 0.64502000
vt 0.28247100 0.64502000
vt 0.27710000 0.64990200
vt 0.27978500 0.64013700
vt 0.28247100 0.64013700
vt 0.27710000 0.64502000
vt 0.27417000 0.64990200
vt 0.27417000 0.64502000
vt 0.27710000 0.64013700
vt 0.27417000 0.64013700
vt 0.27978500 0.63574200
vt 0.27710000 0.63574200
vt 0.27417000 0.63085900
vt 0.27417000 0.63574200
vt 0.57666000 0.29321300
vt 0.57910200 0.29834000
vt 0.57910200 0.29296900
vt 0.57763700 0.28735400
vt 0.57666000 0.29809600
vt 0.57763700 0.30395500
vt 0.57519500 0.28857400
vt 0.57519500 0.28271500
vt 0.57373000 0.29370100
vt 0.57519500 0.30273400
vt 0.57519500 0.30859400
vt 0.57373000 0.29785200
vt 0.57275400 0.30688500
vt 0.57128900 0.31250000
vt 0.57275400 0.30175800
vt 0.56933600 0.31030300
vt 0.56640600 0.31543000
vt 0.57080100 0.30542000
vt 0.55810500 0.29565400
vt 0.56787100 0.30810500
vt 0.56543000 0.31274400
vt 0.56054700 0.31396500
vt 0.56103500 0.31689500
vt 0.56396500 0.31030300
vt 0.56005900 0.31127900
vt 0.55615200 0.31127900
vt 0.55566400 0.31396500
vt 0.55517600 0.31689500
vt 0.55224600 0.31030300
vt 0.55078100 0.31274400
vt 0.54980500 0.31543000
vt 0.54834000 0.30810500
vt 0.54687500 0.31030300
vt 0.54492200 0.31250000
vt 0.54541000 0.30517600
vt 0.54345700 0.30688500
vt 0.54101600 0.30859400
vt 0.54345700 0.30175800
vt 0.54101600 0.30273400
vt 0.53857400 0.30395500
vt 0.54248000 0.29760700
vt 0.53955100 0.29809600
vt 0.53710900 0.29834000
vt 0.53710900 0.29296900
vt 0.53955100 0.29321300
vt 0.53857400 0.28759800
vt 0.54248000 0.29345700
vt 0.54101600 0.28857400
vt 0.54101600 0.28271500
vt 0.54345700 0.28955100
vt 0.54345700 0.28442400
vt 0.54492200 0.27880900
vt 0.54541000 0.28588900
vt 0.54687500 0.28100600
vt 0.54980500 0.27587900
vt 0.54834000 0.28320300
vt 0.55078100 0.27856400
vt 0.55517600 0.27441400
vt 0.55224600 0.28100600
vt 0.55566400 0.27734400
vt 0.56103500 0.27441400
vt 0.55615200 0.28002900
vt 0.56054700 0.27734400
vt 0.56543000 0.27856400
vt 0.56640600 0.27587900
vt 0.56005900 0.28002900
vt 0.56396500 0.28100600
vt 0.56787100 0.28320300
vt 0.56933600 0.28100600
vt 0.57128900 0.27856400
vt 0.57080100 0.28613300
vt 0.57275400 0.28442400
vt 0.57275400 0.28955100
vt 0.59668000 0.31250000
vt 0.59472700 0.30688500
vt 0.59277300 0.30859400
vt 0.58984400 0.30395500
vt 0.59814500 0.31030300
vt 0.60156200 0.31543000
vt 0.59228500 0.30273400
vt 0.58837900 0.29834000
vt 0.59716800 0.30517600
vt 0.60253900 0.31274400
vt 0.60693400 0.31689500
vt 0.60009800 0.30810500
vt 0.60693400 0.31396500
vt 0.61230500 0.31689500
vt 0.60351600 0.31030300
vt 0.61181600 0.31396500
vt 0.61767600 0.31543000
vt 0.60742200 0.31127900
vt 0.61669900 0.31274400
vt 0.62255900 0.31274400
vt 0.61132800 0.31127900
vt 0.60937500 0.29565400
vt 0.61572300 0.31030300
vt 0.62060500 0.31030300
vt 0.61914100 0.30835000
vt 0.62402300 0.30688500
vt 0.62646500 0.30859400
vt 0.62207000 0.30542000
vt 0.62646500 0.30273400
vt 0.62939500 0.30395500
vt 0.62402300 0.30175800
vt 0.62793000 0.29809600
vt 0.63085900 0.29834000
vt 0.62500000 0.29785200
vt 0.62793000 0.29321300
vt 0.63085900 0.29296900
vt 0.62500000 0.29370100
vt 0.62646500 0.28857400
vt 0.62939500 0.28759800
vt 0.62402300 0.28955100
vt 0.62402300 0.28442400
vt 0.62646500 0.28271500
vt 0.62255900 0.27880900
vt 0.62207000 0.28613300
vt 0.62060500 0.28100600
vt 0.61767600 0.27587900
vt 0.61914100 0.28320300
vt 0.61669900 0.27856400
vt 0.61230500 0.27441400
vt 0.61572300 0.28100600
vt 0.61181600 0.27734400
vt 0.60693400 0.27441400
vt 0.61181600 0.28002900
vt 0.60693400 0.27734400
vt 0.60156200 0.27587900
vt 0.60742200 0.28002900
vt 0.60253900 0.27856400
vt 0.59668000 0.27880900
vt 0.60351600 0.28100600
vt 0.59814500 0.28100600
vt 0.59472700 0.28442400
vt 0.59277300 0.28271500
vt 0.60009800 0.28320300
vt 0.59716800 0.28613300
vt 0.59472700 0.28955100
vt 0.59228500 0.28857400
vt 0.58984400 0.28759800
vt 0.59375000 0.29370100
vt 0.59130900 0.29321300
vt 0.58837900 0.29296900
vt 0.59375000 0.29760700
vt 0.59130900 0.29809600
vt 0.59472700 0.30175800
vt 0.32763700 0.75000000
vt 0.32763700 0.75488300
vt 0.32983400 0.75146500
vt 0.33154300 0.74804700
vt 0.32568400 0.75293000
vt 0.32470700 0.75732400
vt 0.32885700 0.74707000
vt 0.33227500 0.74414100
vt 0.32299800 0.75537100
vt 0.32128900 0.75927700
vt 0.32959000 0.74365200
vt 0.33227500 0.74023400
vt 0.32031200 0.75683600
vt 0.31762700 0.76074200
vt 0.32959000 0.74072300
vt 0.33154300 0.73632800
vt 0.31713900 0.75781200
vt 0.31372100 0.76074200
vt 0.32885700 0.73730500
vt 0.32983400 0.73291000
vt 0.31372100 0.75830100
vt 0.30981400 0.76074200
vt 0.32763700 0.73437500
vt 0.32763700 0.72949200
vt 0.31030300 0.75781200
vt 0.30615200 0.75927700
vt 0.32568400 0.73144500
vt 0.32470700 0.72705100
vt 0.30712900 0.75683600
vt 0.30273400 0.75732400
vt 0.32299800 0.72949200
vt 0.30419900 0.75537100
vt 0.32031200 0.72753900
vt 0.32128900 0.72509800
vt 0.30175800 0.75293000
vt 0.29980500 0.75488300
vt 0.31713900 0.72656200
vt 0.31762700 0.72363300
vt 0.29980500 0.75000000
vt 0.29736300 0.75146500
vt 0.31372100 0.72607400
vt 0.31372100 0.72363300
vt 0.29858400 0.74707000
vt 0.29589800 0.74804700
vt 0.31030300 0.72656200
vt 0.30981400 0.72363300
vt 0.29785200 0.74365200
vt 0.29492200 0.74414100
vt 0.30712900 0.72753900
vt 0.30615200 0.72509800
vt 0.29785200 0.74072300
vt 0.29492200 0.74023400
vt 0.30419900 0.72949200
vt 0.30273400 0.72705100
vt 0.29858400 0.73730500
vt 0.29589800 0.73632800
vt 0.30175800 0.73144500
vt 0.29980500 0.72949200
vt 0.29980500 0.73437500
vt 0.29736300 0.73291000
vt 0.31372100 0.74218800
vt 0.29785200 0.69043000
vt 0.29589800 0.68652300
vt 0.29492200 0.69043000
vt 0.29492200 0.69433600
vt 0.29858400 0.68750000
vt 0.29736300 0.68261700
vt 0.29785200 0.69384800
vt 0.29589800 0.69824200
vt 0.29980500 0.68408200
vt 0.29980500 0.67968800
vt 0.29858400 0.69726600
vt 0.29736300 0.70166000
vt 0.30175800 0.68164100
vt 0.30273400 0.67724600
vt 0.29980500 0.70019500
vt 0.29980500 0.70459000
vt 0.30419900 0.67919900
vt 0.30615200 0.67480500
vt 0.30175800 0.70312500
vt 0.30273400 0.70752000
vt 0.30712900 0.67773400
vt 0.30981400 0.67382800
vt 0.30419900 0.70507800
vt 0.30615200 0.70947300
vt 0.31030300 0.67675800
vt 0.31372100 0.67334000
vt 0.30712900 0.70703100
vt 0.30981400 0.71044900
vt 0.31372100 0.67627000
vt 0.31762700 0.67382800
vt 0.31030300 0.70800800
vt 0.31372100 0.71093800
vt 0.31713900 0.67675800
vt 0.31372100 0.70800800
vt 0.31762700 0.71044900
vt 0.32031200 0.67773400
vt 0.32128900 0.67480500
vt 0.31713900 0.70800800
vt 0.32299800 0.67919900
vt 0.32470700 0.67724600
vt 0.32031200 0.70703100
vt 0.32128900 0.70947300
vt 0.32568400 0.68164100
vt 0.32763700 0.67968800
vt 0.32299800 0.70507800
vt 0.32470700 0.70752000
vt 0.32763700 0.68408200
vt 0.32983400 0.68261700
vt 0.32568400 0.70312500
vt 0.32763700 0.70459000
vt 0.32885700 0.68750000
vt 0.33154300 0.68652300
vt 0.32763700 0.70019500
vt 0.32983400 0.70166000
vt 0.32959000 0.69043000
vt 0.33227500 0.69043000
vt 0.32885700 0.69726600
vt 0.33154300 0.69824200
vt 0.32959000 0.69384800
vt 0.33227500 0.69433600
vt 0.31372100 0.69238300
f 1/1/1 2/2/2 3/3/3
f 2/2/2 1/1/1 4/4/4
f 49/49/49 50/50/50 51/51/51
f 50/50/50 49/49/49 52/52/52
f 97/97/97 98/98/98 99/99/99
f 98/98/98 97/97/97 100/100/100
f 145/145/145 146/146/146 147/147/147
f 146/146/146 145/145/145 148/148/148
f 193/193/193 194/194/194 195/195/195
f 194/194/194 193/193/193 196/196/196
f 241/241/241 242/242/242 243/243/243
f 242/242/242 241/241/241 244/244/244
f 289/289/289 290/290/290 291/291/291
f 290/290/290 289/289/289 292/292/292
f 337/337/337 338/338/338 339/339/339
f 338/338/338 337/337/337 340/340/340
f 385/385/385 386/386/386 387/387/387
f 386/386/386 385/385/385 388/388/388
f 433/433/433 434/434/434 435/435/435
f 434/434/434 433/433/433 436/436/436
f 481/481/481 482/482/482 483/483/483
f 482/482/482 481/481/481 484/484/484
f 529/529/529 530/530/530 531/531/531
f 530/530/530 529/529/529 532/532/532
f 577/577/577 578/578/578 579/579/579
f 578/578/578 577/577/577 580/580/580
f 625/625/625 626/626/626 627/627/627
f 626/626/626 625/625/625 628/628/628
f 673/673/673 674/674/674 675/675/675
f 674/674/674 673/673/673 676/676/676
f 721/721/721 722/722/722 723/723/723
f 722/722/722 721/721/721 724/724/724
f 769/769/769 770/770/770 771/771/771
f 770/770/770 769/769/769 772/772/772
f 817/817/817 818/818/818 819/819/819
f 818/818/818 817/817/817 820/820/820
f 865/865/865 866/866/866 867/867/867
f 866/866/866 865/865/865 868/868/868
f 913/913/913 914/914/914 915/915/915
f 914/914/914 913/913/913 916/916/916
f 961/961/961 962/962/962 963/963/963
f 962/962/962 961/961/961 964/964/964
f 1009/1009/1009 1010/1010/1010 1011/1011/1011
f 1010/1010/1010 1009/1009/1009 1012/1012/1012
f 1057/1057/1057 1058/1058/1058 1059/1059/1059
f 1058/1058/1058 1057/1057/1057 1060/1060/1060
f 1105/1105/1105 1106/1106/1106 1107/1107/1107
f 1106/1106/1106 1105/1105/1105 1108/1108/1108
f 1153/1153/1153 1154/1154/1154 1155/1155/1155
f 1154/1154/1154 1153/1153/1153 1156/1156/1156
f 1201/1201/1201 1202/1202/1202 1203/1203/1203
f 1202/1202/1202 1201/1201/1201 1204/1204/1204
f 1249/1249/1249 1250/1250/1250 1251/1251/1251
f 1250/1250/1250 1249/1249/1249 1252/1252/1252
f 1297/1297/1297 1298/1298/1298 1299/1299/1299
f 1298/1298/1298 1297/1297/1297 1300/1300/1300
f 1345/1345/1345 1346/1346/1346 1347/1347/1347
f 1346/1346/1346 1345/1345/1345 1348/1348/1348
f 1393/1393/1393 1394/1394/1394 1395/1395/1395
f 1394/1394/1394 1393/1393/1393 1396/1396/1396
f 1441/1441/1441 1442/1442/1442 1443/1443/1443
f 1442/1442/1442 1441/1441/1441 1444/1444/1444
f 1489/1489/1489 1490/1490/1490 1491/1491/1491
f 1490/1490/1490 1489/1489/1489 1492/1492/1492
f 1537/1537/1537 1538/1538/1538 1539/1539/1539
f 1538/1538/1538 1537/1537/1537 1540/1540/1540
f 1585/1585/1585 1586/1586/1586 1587/1587/1587
f 1586/1586/1586 1585/1585/1585 1588/1588/1588
f 1633/1633/1633 1634/1634/1634 1635/1635/1635
f 1634/1634/1634 1633/1633/1633 1636/1636/1636
f 1681/1681/1681 1682/1682/1682 1683/1683/1683
f 1682/1682/1682 1681/1681/1681 1684/1684/1684
f 1729/1729/1729 1730/1730/1730 1731/1731/1731
f 1730/1730/1730 1729/1729/1729 1732/1732/1732
f 1777/1777/1777 1778/1778/1778 1779/1779/1779
f 1778/1778/1778 1777/1777/1777 1780/1780/1780
f 1825/1825/1825 1826/1826/1826 1827/1827/1827
f 1826/1826/1826 1825/1825/1825 1828/1828/1828
f 1873/1873/1873 1874/1874/1874 1875/1875/1875
f 1874/1874/1874 1873/1873/1873 1876/1876/1876
f 1921/1921/1921 1922/1922/1922 1923/1923/1923
f 1922/1922/1922 1921/1921/1921 1924/1924/1924
f 1969/1969/1969 1970/1970/1970 1971/1971/1971
f 1970/1970/1970 1969/1969/1969 1972/1972/1972
f 2017/2017/2017 2018/2018/2018 2019/2019/2019
f 2018/2018/2018 2017/2017/2017 2020/2020/2020
f 2065/2065/2065 2066/2066/2066 2067/2067/2067
f 2066/2066/2066 2065/2065/2065 2068/2068/2068
f 2113/2113/2113 2114/2114/2114 2115/2115/2115
f 2114/2114/2114 2113/2113/2113 2116/2116/2116
f 2161/2161/2161 2162/2162/2162 2163/2163/2163
f 2162/2162/2162 2161/2161/2161 2164/2164/2164
f 2209/2209/2209 2210/2210/2210 2211/2211/2211
f 2210/2210/2210 2209/2209/2209 2212/2212/2212
f 2257/2257/2257 2258/2258/2258 2259/2259/2259
f 2258/2258/2258 2257/2257/2257 2260/2260/2260
f 2305/2305/2305 2306/2306/2306 2307/2307/2307
f 2306/2306/2306 2305/2305/2305 2308/2308/2308
f 2353/2353/2353 2354/2354/2354 2355/2355/2355
f 2354/2354/2354 2353/2353/2353 2356/2356/2356
f 2401/2401/2401 2402/2402/2402 2403/2403/2403
f 2402/2402/2402 2401/2401/2401 2404/2404/2404
f 2449/2449/2449 2450/2450/2450 2451/2451/2451
f 2450/2450/2450 2449/2449/2449 2452/2452/2452
f 2497/2497/2497 2498/2498/2498 2499/2499/2499
f 2498/2498/2498 2497/2497/2497 2500/2500/2500
f 2545/2545/2545 2546/2546/2546 2547/2547/2547
f 2546/2546/2546 2545/2545/2545 2548/2548/2548
f 2593/2593/2593 2594/2594/2594 2595/2595/2595
f 2594/2594/2594 2593/2593/2593 2596/2596/2596
f 2641/2641/2641 2642/2642/2642 2643/2643/2643
f 2642/2642/2642 2641/2641/2641 2644/2644/2644
f 2689/2689/2689 2690/2690/2690 2691/2691/2691
f 2690/2690/2690 2689/2689/2689 2692/2692/2692
f 2737/2737/2737 2738/2738/2738 2739/2739/2739
f 2738/2738/2738 2737/2737/2737 2740/2740/2740
f 2785/2785/2785 2786/2786/2786 2787/2787/2787
f 2786/2786/2786 2785/2785/2785 2788/2788/2788
f 2833/2833/2833 2834/2834/2834 2835/2835/2835
f 2834/2834/2834 2833/2833/2833 2836/2836/2836
f 2881/2881/2881 2882/2882/2882 2883/2883/2883
f 2882/2882/2882 2881/2881/2881 2884/2884/2884
f 2929/2929/2929 2930/2930/2930 2931/2931/2931
f 2930/2930/2930 2929/2929/2929 2932/2932/2932
f 2977/2977/2977 2978/2978/2978 2979/2979/2979
f 2978/2978/2978 2977/2977/2977 2980/2980/2980
f 3025/3025/3025 3026/3026/3026 3027/3027/3027
f 3026/3026/3026 3025/3025/3025 3028/3028/3028
f 3073/3073/3073 3074/3074/3074 3075/3075/3075
f 3074/3074/3074 3073/3073/3073 3076/3076/3076
f 3121/3121/3121 3122/3122/3122 3123/3123/3123
f 3122/3122/3122 3121/3121/3121 3124/3124/3124
f 3169/3169/3169 3170/3170/3170 3171/3171/3171
f 3170/3170/3170 3169/3169/3169 3172/3172/3172
f 3217/3217/3217 3218/3218/3218 3219/3219/3219
f 3218/3218/3218 3217/3217/3217 3220/3220/3220
f 3265/3265/3265 3266/3266/3266 3267/3267/3267
f 3266/3266/3266 3265/3265/3265 3268/3268/3268
f 3313/3313/3313 3314/3314/3314 3315/3315/3315
f 3314/3314/3314 3313/3313/3313 3316/3316/3316
f 5/5/5 4/4/4 1/1/1
f 4/4/4 5/5/5 6/6/6
f 7/7/7 6/6/6 5/5/5
f 6/6/6 7/7/7 8/8/8
f 9/9/9 8/8/8 7/7/7
f 8/8/8 9/9/9 10/10/10
f 11/11/11 10/10/10 9/9/9
f 10/10/10 11/11/11 12/12/12
f 13/13/13 12/12/12 11/11/11
f 12/12/12 13/13/13 14/14/14
f 15/15/15 14/14/14 13/13/13
f 14/14/14 15/15/15 16/16/16
f 17/17/17 16/16/16 15/15/15
f 16/16/16 17/17/17 18/18/18
f 19/19/19 18/18/18 17/17/17
f 18/18/18 19/19/19 20/20/20
f 19/19/19 21/21/21 20/20/20
f 21/21/21 19/19/19 22/22/22
f 22/22/22 23/23/23 21/21/21
f 23/23/23 22/22/22 24/24/24
f 25/25/25 23/23/23 24/24/24
f 23/23/23 25/25/25 26/26/26
f 27/27/27 26/26/26 25/25/25
f 26/26/26 27/27/27 28/28/28
f 27/27/27 29/29/29 28/28/28
f 29/29/29 27/27/27 30/30/30
f 30/30/30 31/31/31 29/29/29
f 31/31/31 30/30/30 32/32/32
f 32/32/32 33/33/33 31/31/31
f 33/33/33 32/32/32 34/34/34
f 34/34/34 35/35/35 33/33/33
f 35/35/35 34/34/34 36/36/36
f 37/37/37 35/35/35 36/36/36
f 35/35/35 37/37/37 38/38/38
f 39/39/39 38/38/38 37/37/37
f 38/38/38 39/39/39 40/40/40
f 41/41/41 40/40/40 39/39/39
f 40/40/40 41/41/41 42/42/42
f 43/43/43 42/42/42 41/41/41
f 42/42/42 43/43/43 44/44/44
f 45/45/45 44/44/44 43/43/43
f 44/44/44 45/45/45 46/46/46
f 47/47/47 46/46/46 45/45/45
f 46/46/46 47/47/47 48/48/48
f 53/53/53 52/52/52 49/49/49
f 52/52/52 53/53/53 54/54/54
f 55/55/55 54/54/54 53/53/53
f 54/54/54 55/55/55 56/56/56
f 57/57/57 56/56/56 55/55/55
f 56/56/56 57/57/57 58/58/58
f 57/57/57 59/59/59 58/58/58
f 59/59/59 57/57/57 60/60/60
f 60/60/60 61/61/61 59/59/59
f 61/61/61 60/60/60 62/62/62
f 62/62/62 63/63/63 61/61/61
f 63/63/63 62/62/62 64/64/64
f 65/65/65 63/63/63 64/64/64
f 63/63/63 65/65/65 66/66/66
f 67/67/67 66/66/66 65/65/65
f 66/66/66 67/67/67 68/68/68
f 67/67/67 69/69/69 68/68/68
f 69/69/69 67/67/67 70/70/70
f 70/70/70 71/71/71 69/69/69
f 71/71/71 70/70/70 72/72/72
f 73/73/73 71/71/71 72/72/72
f 71/71/71 73/73/73 74/74/74
f 75/75/75 74/74/74 73/73/73
f 74/74/74 75/75/75 76/76/76
f 75/75/75 77/77/77 76/76/76
f 77/77/77 75/75/75 78/78/78
f 78/78/78 79/79/79 77/77/77
f 79/79/79 78/78/78 80/80/80
f 80/80/80 81/81/81 79/79/79
f 81/81/81 80/80/80 82/82/82
f 82/82/82 83/83/83 81/81/81
f 83/83/83 82/82/82 84/84/84
f 85/85/85 83/83/83 84/84/84
f 83/83/83 85/85/85 86/86/86
f 87/87/87 86/86/86 85/85/85
f 86/86/86 87/87/87 88/88/88
f 87/87/87 89/89/89 88/88/88
f 89/89/89 87/87/87 90/90/90
f 90/90/90 91/91/91 89/89/89
f 91/91/91 90/90/90 92/92/92
f 92/92/92 93/93/93 91/91/91
f 93/93/93 92/92/92 94/94/94
f 95/95/95 93/93/93 94/94/94
f 93/93/93 95/95/95 96/96/96
f 101/101/101 100/100/100 97/97/97
f 100/100/100 101/101/101 102/102/102
f 103/103/103 102/102/102 101/101/101
f 102/102/102 103/103/103 104/104/104
f 105/105/105 104/104/104 103/103/103
f 104/104/104 105/105/105 106/106/106
f 105/105/105 107/107/107 106/106/106
f 107/107/107 105/105/105 108/108/108
f 108/108/108 109/109/109 107/107/107
f 109/109/109 108/108/108 110/110/110
f 110/110/110 111/111/111 109/109/109
f 111/111/111 110/110/110 112/112/112
f 113/113/113 111/111/111 112/112/112
f 111/111/111 113/113/113 114/114/114
f 115/115/115 114/114/114 113/113/113
f 114/114/114 115/115/115 116/116/116
f 115/115/115 117/117/117 116/116/116
f 117/117/117 115/115/115 118/118/118
f 118/118/118 119/119/119 117/117/117
f 119/119/119 118/118/118 120/120/120
f 121/121/121 119/119/119 120/120/120
f 119/119/119 121/121/121 122/122/122
f 123/123/123 122/122/122 121/121/121
f 122/122/122 123/123/123 124/124/124
f 123/123/123 125/125/125 124/124/124
f 125/125/125 123/123/123 126/126/126
f 126/126/126 127/127/127 125/125/125
f 127/127/127 126/126/126 128/128/128
f 128/128/128 129/129/129 127/127/127
f 129/129/129 128/128/128 130/130/130
f 130/130/130 131/131/131 129/129/129
f 131/131/131 130/130/130 132/132/132
f 133/133/133 131/131/131 132/132/132
f 131/131/131 133/133/133 134/134/134
f 135/135/135 134/134/134 133/133/133
f 134/134/134 135/135/135 136/136/136
f 135/135/135 137/137/137 136/136/136
f 137/137/137 135/135/135 138/138/138
f 138/138/138 139/139/139 137/137/137
f 139/139/139 138/138/138 140/140/140
f 140/140/140 141/141/141 139/139/139
f 141/141/141 140/140/140 142/142/142
f 143/143/143 141/141/141 142/142/142
f 141/141/141 143/143/143 144/144/144
f 149/149/149 148/148/148 145/145/145
f 148/148/148 149/149/149 150/150/150
f 151/151/151 150/150/150 149/149/149
f 150/150/150 151/151/151 152/152/152
f 153/153/153 152/152/152 151/151/151
f 152/152/152 153/153/153 154/154/154
f 153/153/153 155/155/155 154/154/154
f 155/155/155 153/153/153 156/156/156
f 156/156/156 157/157/157 155/155/155
f 157/157/157 156/156/156 158/158/158
f 158/158/158 159/159/159 157/157/157
f 159/159/159 158/158/158 160/160/160
f 161/161/161 159/159/159 160/160/160
f 159/159/159 161/161/161 162/162/162
f 163/163/163 162/162/162 161/161/161
f 162/162/162 163/163/163 164/164/164
f 163/163/163 165/165/165 164/164/164
f 165/165/165 163/163/163 166/166/166
f 166/166/166 167/167/167 165/165/165
f 167/167/167 166/166/166 168/168/168
f 169/169/169 167/167/167 168/168/168
f 167/167/167 169/169/169 170/170/170
f 171/171/171 170/170/170 169/169/169
f 170/170/170 171/171/171 172/172/172
f 171/171/171 173/173/173 172/172/172
f 173/173/173 171/171/171 174/174/174
f 174/174/174 175/175/175 173/173/173
f 175/175/175 174/174/174 176/176/176
f 176/176/176 177/177/177 175/175/175
f 177/177/177 176/176/176 178/178/178
f 178/178/178 179/179/179 177/177/177
f 179/179/179 178/178/178 180/180/180
f 181/181/181 179/179/179 180/180/180
f 179/179/179 181/181/181 182/182/182
f 183/183/183 182/182/182 181/181/181
f 182/182/182 183/183/183 184/184/184
f 183/183/183 185/185/185 184/184/184
f 185/185/185 183/183/183 186/186/186
f 186/186/186 187/187/187 185/185/185
f 187/187/187 186/186/186 188/188/188
f 188/188/188 189/189/189 187/187/187
f 189/189/189 188/188/188 190/190/190
f 191/191/191 189/189/189 190/190/190
f 189/189/189 191/191/191 192/192/192
f 196/196/196 197/197/197 194/194/194
f 197/197/197 196/196/196 198/198/198
f 198/198/198 199/199/199 197/197/197
f 199/199/199 198/198/198 200/200/200
f 200/200/200 201/201/201 199/199/199
f 201/201/201 200/200/200 202/202/202
f 203/203/203 201/201/201 202/202/202
f 201/201/201 203/203/203 204/204/204
f 205/205/205 204/204/204 203/203/203
f 204/204/204 205/205/205 206/206/206
f 205/205/205 207/207/207 206/206/206
f 207/207/207 205/205/205 208/208/208
f 208/208/208 209/209/209 207/207/207
f 209/209/209 208/208/208 210/210/210
f 210/210/210 211/211/211 209/209/209
f 211/211/211 210/210/210 212/212/212
f 213/213/213 211/211/211 212/212/212
f 211/211/211 213/213/213 214/214/214
f 215/215/215 214/214/214 213/213/213
f 214/214/214 215/215/215 216/216/216
f 215/215/215 217/217/217 216/216/216
f 217/217/217 215/215/215 218/218/218
f 218/218/218 219/219/219 217/217/217
f 219/219/219 218/218/218 220/220/220
f 221/221/221 219/219/219 220/220/220
f 219/219/219 221/221/221 222/222/222
f 223/223/223 222/222/222 221/221/221
f 222/222/222 223/223/223 224/224/224
f 225/225/225 224/224/224 223/223/223
f 224/224/224 225/225/225 226/226/226
f 227/227/227 226/226/226 225/225/225
f 226/226/226 227/227/227 228/228/228
f 227/227/227 229/229/229 228/228/228
f 229/229/229 227/227/227 230/230/230
f 230/230/230 231/231/231 229/229/229
f 231/231/231 230/230/230 232/232/232
f 232/232/232 233/233/233 231/231/231
f 233/233/233 232/232/232 234/234/234
f 235/235/235 233/233/233 234/234/234
f 233/233/233 235/235/235 236/236/236
f 237/237/237 236/236/236 235/235/235
f 236/236/236 237/237/237 238/238/238
f 237/237/237 239/239/239 238/238/238
f 239/239/239 237/237/237 240/240/240
f 244/244/244 245/245/245 242/242/242
f 245/245/245 244/244/244 246/246/246
f 246/246/246 247/247/247 245/245/245
f 247/247/247 246/246/246 248/248/248
f 248/248/248 249/249/249 247/247/247
f 249/249/249 248/248/248 250/250/250
f 251/251/251 249/249/249 250/250/250
f 249/249/249 251/251/251 252/252/252
f 253/253/253 252/252/252 251/251/251
f 252/252/252 253/253/253 254/254/254
f 253/253/253 255/255/255 254/254/254
f 255/255/255 253/253/253 256/256/256
f 256/256/256 257/257/257 255/255/255
f 257/257/257 256/256/256 258/258/258
f 258/258/258 259/259/259 257/257/257
f 259/259/259 258/258/258 260/260/260
f 261/261/261 259/259/259 260/260/260
f 259/259/259 261/261/261 262/262/262
f 263/263/263 262/262/262 261/261/261
f 262/262/262 263/263/263 264/264/264
f 263/263/263 265/265/265 264/264/264
f 265/265/265 263/263/263 266/266/266
f 266/266/266 267/267/267 265/265/265
f 267/267/267 266/266/266 268/268/268
f 269/269/269 267/267/267 268/268/268
f 267/267/267 269/269/269 270/270/270
f 271/271/271 270/270/270 269/269/269
f 270/270/270 271/271/271 272/272/272
f 273/273/273 272/272/272 271/271/271
f 272/272/272 273/273/273 274/274/274
f 275/275/275 274/274/274 273/273/273
f 274/274/274 275/275/275 276/276/276
f 275/275/275 277/277/277 276/276/276
f 277/277/277 275/275/275 278/278/278
f 278/278/278 279/279/279 277/277/277
f 279/279/279 278/278/278 280/280/280
f 280/280/280 281/281/281 279/279/279
f 281/281/281 280/280/280 282/282/282
f 283/283/283 281/281/281 282/282/282
f 281/281/281 283/283/283 284/284/284
f 285/285/285 284/284/284 283/283/283
f 284/284/284 285/285/285 286/286/286
f 285/285/285 287/287/287 286/286/286
f 287/287/287 285/285/285 288/288/288
f 292/292/292 293/293/293 290/290/290
f 293/293/293 292/292/292 294/294/294
f 294/294/294 295/295/295 293/293/293
f 295/295/295 294/294/294 296/296/296
f 296/296/296 297/297/297 295/295/295
f 297/297/297 296/296/296 298/298/298
f 299/299/299 297/297/297 298/298/298
f 297/297/297 299/299/299 300/300/300
f 301/301/301 300/300/300 299/299/299
f 300/300/300 301/301/301 302/302/302
f 303/303/303 302/302/302 301/301/301
f 302/302/302 303/303/303 304/304/304
f 305/305/305 304/304/304 303/303/303
f 304/304/304 305/305/305 306/306/306
f 307/307/307 306/306/306 305/305/305
f 306/306/306 307/307/307 308/308/308
f 309/309/309 308/308/308 307/307/307
f 308/308/308 309/309/309 310/310/310
f 311/311/311 310/310/310 309/309/309
f 310/310/310 311/311/311 312/312/312
f 313/313/313 312/312/312 311/311/311
f 312/312/312 313/313/313 314/314/314
f 315/315/315 314/314/314 313/313/313
f 314/314/314 315/315/315 316/316/316
f 317/317/317 316/316/316 315/315/315
f 316/316/316 317/317/317 318/318/318
f 319/319/319 318/318/318 317/317/317
f 318/318/318 319/319/319 320/320/320
f 321/321/321 320/320/320 319/319/319
f 320/320/320 321/321/321 322/322/322
f 323/323/323 322/322/322 321/321/321
f 322/322/322 323/323/323 324/324/324
f 325/325/325 324/324/324 323/323/323
f 324/324/324 325/325/325 326/326/326
f 327/327/327 326/326/326 325/325/325
f 326/326/326 327/327/327 328/328/328
f 329/329/329 328/328/328 327/327/327
f 328/328/328 329/329/329 330/330/330
f 331/331/331 330/330/330 329/329/329
f 330/330/330 331/331/331 332/332/332
f 333/333/333 332/332/332 331/331/331
f 332/332/332 333/333/333 334/334/334
f 333/333/333 335/335/335 334/334/334
f 335/335/335 333/333/333 336/336/336
f 340/340/340 341/341/341 338/338/338
f 341/341/341 340/340/340 342/342/342
f 342/342/342 343/343/343 341/341/341
f 343/343/343 342/342/342 344/344/344
f 344/344/344 345/345/345 343/343/343
f 345/345/345 344/344/344 346/346/346
f 347/347/347 345/345/345 346/346/346
f 345/345/345 347/347/347 348/348/348
f 349/349/349 348/348/348 347/347/347
f 348/348/348 349/349/349 350/350/350
f 351/351/351 350/350/350 349/349/349
f 350/350/350 351/351/351 352/352/352
f 353/353/353 352/352/352 351/351/351
f 352/352/352 353/353/353 354/354/354
f 355/355/355 354/354/354 353/353/353
f 354/354/354 355/355/355 356/356/356
f 357/357/357 356/356/356 355/355/355
f 356/356/356 357/357/357 358/358/358
f 359/359/359 358/358/358 357/357/357
f 358/358/358 359/359/359 360/360/360
f 361/361/361 360/360/360 359/359/359
f 360/360/360 361/361/361 362/362/362
f 363/363/363 362/362/362 361/361/361
f 362/362/362 363/363/363 364/364/364
f 365/365/365 364/364/364 363/363/363
f 364/364/364 365/365/365 366/366/366
f 367/367/367 366/366/366 365/365/365
f 366/366/366 367/367/367 368/368/368
f 369/369/369 368/368/368 367/367/367
f 368/368/368 369/369/369 370/370/370
f 371/371/371 370/370/370 369/369/369
f 370/370/370 371/371/371 372/372/372
f 373/373/373 372/372/372 371/371/371
f 372/372/372 373/373/373 374/374/374
f 375/375/375 374/374/374 373/373/373
f 374/374/374 375/375/375 376/376/376
f 377/377/377 376/376/376 375/375/375
f 376/376/376 377/377/377 378/378/378
f 379/379/379 378/378/378 377/377/377
f 378/378/378 379/379/379 380/380/380
f 381/381/381 380/380/380 379/379/379
f 380/380/380 381/381/381 382/382/382
f 381/381/381 383/383/383 382/382/382
f 383/383/383 381/381/381 384/384/384
f 389/389/389 388/388/388 385/385/385
f 388/388/388 389/389/389 390/390/390
f 391/391/391 390/390/390 389/389/389
f 390/390/390 391/391/391 392/392/392
f 393/393/393 392/392/392 391/391/391
f 392/392/392 393/393/393 394/394/394
f 395/395/395 394/394/394 393/393/393
f 394/394/394 395/395/395 396/396/396
f 397/397/397 396/396/396 395/395/395
f 396/396/396 397/397/397 398/398/398
f 399/399/399 398/398/398 397/397/397
f 398/398/398 399/399/399 400/400/400
f 401/401/401 400/400/400 399/399/399
f 400/400/400 401/401/401 402/402/402
f 403/403/403 402/402/402 401/401/401
f 402/402/402 403/403/403 404/404/404
f 403/403/403 405/405/405 404/404/404
f 405/405/405 403/403/403 406/406/406
f 406/406/406 407/407/407 405/405/405
f 407/407/407 406/406/406 408/408/408
f 409/409/409 407/407/407 408/408/408
f 407/407/407 409/409/409 410/410/410
f 411/411/411 410/410/410 409/409/409
f 410/410/410 411/411/411 412/412/412
f 411/411/411 413/413/413 412/412/412
f 413/413/413 411/411/411 414/414/414
f 414/414/414 415/415/415 413/413/413
f 415/415/415 414/414/414 416/416/416
f 416/416/416 417/417/417 415/415/415
f 417/417/417 416/416/416 418/418/418
f 418/418/418 419/419/419 417/417/417
f 419/419/419 418/418/418 420/420/420
f 421/421/421 419/419/419 420/420/420
f 419/419/419 421/421/421 422/422/422
f 423/423/423 422/422/422 421/421/421
f 422/422/422 423/423/423 424/424/424
f 425/425/425 424/424/424 423/423/423
f 424/424/424 425/425/425 426/426/426
f 427/427/427 426/426/426 425/425/425
f 426/426/426 427/427/427 428/428/428
f 429/429/429 428/428/428 427/427/427
f 428/428/428 429/429/429 430/430/430
f 431/431/431 430/430/430 429/429/429
f 430/430/430 431/431/431 432/432/432
f 437/437/437 436/436/436 433/433/433
f 436/436/436 437/437/437 438/438/438
f 439/439/439 438/438/438 437/437/437
f 438/438/438 439/439/439 440/440/440
f 441/441/441 440/440/440 439/439/439
f 440/440/440 441/441/441 442/442/442
f 443/443/443 442/442/442 441/441/441
f 442/442/442 443/443/443 444/444/444
f 445/445/445 444/444/444 443/443/443
f 444/444/444 445/445/445 446/446/446
f 447/447/447 446/446/446 445/445/445
f 446/446/446 447/447/447 448/448/448
f 449/449/449 448/448/448 447/447/447
f 448/448/448 449/449/449 450/450/450
f 451/451/451 450/450/450 449/449/449
f 450/450/450 451/451/451 452/452/452
f 451/451/451 453/453/453 452/452/452
f 453/453/453 451/451/451 454/454/454
f 454/454/454 455/455/455 453/453/453
f 455/455/455 454/454/454 456/456/456
f 457/457/457 455/455/455 456/456/456
f 455/455/455 457/457/457 458/458/458
f 459/459/459 458/458/458 457/457/457
f 458/458/458 459/459/459 460/460/460
f 459/459/459 461/461/461 460/460/460
f 461/461/461 459/459/459 462/462/462
f 462/462/462 463/463/463 461/461/461
f 463/463/463 462/462/462 464/464/464
f 464/464/464 465/465/465 463/463/463
f 465/465/465 464/464/464 466/466/466
f 466/466/466 467/467/467 465/465/465
f 467/467/467 466/466/466 468/468/468
f 469/469/469 467/467/467 468/468/468
f 467/467/467 469/469/469 470/470/470
f 471/471/471 470/470/470 469/469/469
f 470/470/470 471/471/471 472/472/472
f 473/473/473 472/472/472 471/471/471
f 472/472/472 473/473/473 474/474/474
f 475/475/475 474/474/474 473/473/473
f 474/474/474 475/475/475 476/476/476
f 477/477/477 476/476/476 475/475/475
f 476/476/476 477/477/477 478/478/478
f 479/479/479 478/478/478 477/477/477
f 478/478/478 479/479/479 480/480/480
f 485/485/485 484/484/484 481/481/481
f 484/484/484 485/485/485 486/486/486
f 487/487/487 486/486/486 485/485/485
f 486/486/486 487/487/487 488/488/488
f 489/489/489 488/488/488 487/487/487
f 488/488/488 489/489/489 490/490/490
f 491/491/491 490/490/490 489/489/489
f 490/490/490 491/491/491 492/492/492
f 493/493/493 492/492/492 491/491/491
f 492/492/492 493/493/493 494/494/494
f 495/495/495 494/494/494 493/493/493
f 494/494/494 495/495/495 496/496/496
f 497/497/497 496/496/496 495/495/495
f 496/496/496 497/497/497 498/498/498
f 499/499/499 498/498/498 497/497/497
f 498/498/498 499/499/499 500/500/500
f 499/499/499 501/501/501 500/500/500
f 501/501/501 499/499/499 502/502/502
f 502/502/502 503/503/503 501/501/501
f 503/503/503 502/502/502 504/504/504
f 505/505/505 503/503/503 504/504/504
f 503/503/503 505/505/505 506/506/506
f 507/507/507 506/506/506 505/505/505
f 506/506/506 507/507/507 508/508/508
f 507/507/507 509/509/509 508/508/508
f 509/509/509 507/507/507 510/510/510
f 510/510/510 511/511/511 509/509/509
f 511/511/511 510/510/510 512/512/512
f 512/512/512 513/513/513 511/511/511
f 513/513/513 512/512/512 514/514/514
f 514/514/514 515/515/515 513/513/513
f 515/515/515 514/514/514 516/516/516
f 517/517/517 515/515/515 516/516/516
f 515/515/515 517/517/517 518/518/518
f 519/519/519 518/518/518 517/517/517
f 518/518/518 519/519/519 520/520/520
f 521/521/521 520/520/520 519/519/519
f 520/520/520 521/521/521 522/522/522
f 523/523/523 522/522/522 521/521/521
f 522/522/522 523/523/523 524/524/524
f 525/525/525 524/524/524 523/523/523
f 524/524/524 525/525/525 526/526/526
f 527/527/527 526/526/526 525/525/525
f 526/526/526 527/527/527 528/528/528
f 533/533/533 532/532/532 529/529/529
f 532/532/532 533/533/533 534/534/534
f 535/535/535 534/534/534 533/533/533
f 534/534/534 535/535/535 536/536/536
f 537/537/537 536/536/536 535/535/535
f 536/536/536 537/537/537 538/538/538
f 539/539/539 538/538/538 537/537/537
f 538/538/538 539/539/539 540/540/540
f 541/541/541 540/540/540 539/539/539
f 540/540/540 541/541/541 542/542/542
f 543/543/543 542/542/542 541/541/541
f 542/542/542 543/543/543 544/544/544
f 545/545/545 544/544/544 543/543/543
f 544/544/544 545/545/545 546/546/546
f 547/547/547 546/546/546 545/545/545
f 546/546/546 547/547/547 548/548/548
f 547/547/547 549/549/549 548/548/548
f 549/549/549 547/547/547 550/550/550
f 550/550/550 551/551/551 549/549/549
f 551/551/551 550/550/550 552/552/552
f 553/553/553 551/551/551 552/552/552
f 551/551/551 553/553/553 554/554/554
f 555/555/555 554/554/554 553/553/553
f 554/554/554 555/555/555 556/556/556
f 555/555/555 557/557/557 556/556/556
f 557/557/557 555/555/555 558/558/558
f 558/558/558 559/559/559 557/557/557
f 559/559/559 558/558/558 560/560/560
f 560/560/560 561/561/561 559/559/559
f 561/561/561 560/560/560 562/562/562
f 562/562/562 563/563/563 561/561/561
f 563/563/563 562/562/562 564/564/564
f 565/565/565 563/563/563 564/564/564
f 563/563/563 565/565/565 566/566/566
f 567/567/567 566/566/566 565/565/565
f 566/566/566 567/567/567 568/568/568
f 569/569/569 568/568/568 567/567/567
f 568/568/568 569/569/569 570/570/570
f 571/571/571 570/570/570 569/569/569
f 570/570/570 571/571/571 572/572/572
f 573/573/573 572/572/572 571/571/571
f 572/572/572 573/573/573 574/574/574
f 575/575/575 574/574/574 573/573/573
f 574/574/574 575/575/575 576/576/576
f 581/581/581 580/580/580 577/577/577
f 580/580/580 581/581/581 582/582/582
f 583/583/583 582/582/582 581/581/581
f 582/582/582 583/583/583 584/584/584
f 585/585/585 584/584/584 583/583/583
f 584/584/584 585/585/585 586/586/586
f 585/585/585 587/587/587 586/586/586
f 587/587/587 585/585/585 588/588/588
f 588/588/588 589/589/589 587/587/587
f 589/589/589 588/588/588 590/590/590
f 590/590/590 591/591/591 589/589/589
f 591/591/591 590/590/590 592/592/592
f 593/593/593 591/591/591 592/592/592
f 591/591/591 593/593/593 594/594/594
f 595/595/595 594/594/594 593/593/593
f 594/594/594 595/595/595 596/596/596
f 595/595/595 597/597/597 596/596/596
f 597/597/597 595/595/595 598/598/598
f 598/598/598 599/599/599 597/597/597
f 599/599/599 598/598/598 600/600/600
f 601/601/601 599/599/599 600/600/600
f 599/599/599 601/601/601 602/602/602
f 603/603/603 602/602/602 601/601/601
f 602/602/602 603/603/603 604/604/604
f 603/603/603 605/605/605 604/604/604
f 605/605/605 603/603/603 606/606/606
f 606/606/606 607/607/607 605/605/605
f 607/607/607 606/606/606 608/608/608
f 608/608/608 609/609/609 607/607/607
f 609/609/609 608/608/608 610/610/610
f 610/610/610 611/611/611 609/609/609
f 611/611/611 610/610/610 612/612/612
f 613/613/613 611/611/611 612/612/612
f 611/611/611 613/613/613 614/614/614
f 615/615/615 614/614/614 613/613/613
f 614/614/614 615/615/615 616/616/616
f 615/615/615 617/617/617 616/616/616
f 617/617/617 615/615/615 618/618/618
f 618/618/618 619/619/619 617/617/617
f 619/619/619 618/618/618 620/620/620
f 620/620/620 621/621/621 619/619/619
f 621/621/621 620/620/620 622/622/622
f 623/623/623 621/621/621 622/622/622
f 621/621/621 623/623/623 624/624/624
f 629/629/629 628/628/628 625/625/625
f 628/628/628 629/629/629 630/630/630
f 631/631/631 630/630/630 629/629/629
f 630/630/630 631/631/631 632/632/632
f 633/633/633 632/632/632 631/631/631
f 632/632/632 633/633/633 634/634/634
f 633/633/633 635/635/635 634/634/634
f 635/635/635 633/633/633 636/636/636
f 636/636/636 637/637/637 635/635/635
f 637/637/637 636/636/636 638/638/638
f 638/638/638 639/639/639 637/637/637
f 639/639/639 638/638/638 640/640/640
f 641/641/641 639/639/639 640/640/640
f 639/639/639 641/641/641 642/642/642
f 643/643/643 642/642/642 641/641/641
f 642/642/642 643/643/643 644/644/644
f 643/643/643 645/645/645 644/644/644
f 645/645/645 643/643/643 646/646/646
f 646/646/646 647/647/647 645/645/645
f 647/647/647 646/646/646 648/648/648
f 649/649/649 647/647/647 648/648/648
f 647/647/647 649/649/649 650/650/650
f 651/651/651 650/650/650 649/649/649
f 650/650/650 651/651/651 652/652/652
f 651/651/651 653/653/653 652/652/652
f 653/653/653 651/651/651 654/654/654
f 654/654/654 655/655/655 653/653/653
f 655/655/655 654/654/654 656/656/656
f 656/656/656 657/657/657 655/655/655
f 657/657/657 656/656/656 658/658/658
f 658/658/658 659/659/659 657/657/657
f 659/659/659 658/658/658 660/660/660
f 661/661/661 659/659/659 660/660/660
f 659/659/659 661/661/661 662/662/662
f 663/663/663 662/662/662 661/661/661
f 662/662/662 663/663/663 664/664/664
f 663/663/663 665/665/665 664/664/664
f 665/665/665 663/663/663 666/666/666
f 666/666/666 667/667/667 665/665/665
f 667/667/667 666/666/666 668/668/668
f 668/668/668 669/669/669 667/667/667
f 669/669/669 668/668/668 670/670/670
f 671/671/671 669/669/669 670/670/670
f 669/669/669 671/671/671 672/672/672
f 677/677/677 676/676/676 673/673/673
f 676/676/676 677/677/677 678/678/678
f 679/679/679 678/678/678 677/677/677
f 678/678/678 679/679/679 680/680/680
f 681/681/681 680/680/680 679/679/679
f 680/680/680 681/681/681 682/682/682
f 681/681/681 683/683/683 682/682/682
f 683/683/683 681/681/681 684/684/684
f 684/684/684 685/685/685 683/683/683
f 685/685/685 684/684/684 686/686/686
f 686/686/686 687/687/687 685/685/685
f 687/687/687 686/686/686 688/688/688
f 689/689/689 687/687/687 688/688/688
f 687/687/687 689/689/689 690/690/690
f 691/691/691 690/690/690 689/689/689
f 690/690/690 691/691/691 692/692/692
f 691/691/691 693/693/693 692/692/692
f 693/693/693 691/691/691 694/694/694
f 694/694/694 695/695/695 693/693/693
f 695/695/695 694/694/694 696/696/696
f 697/697/697 695/695/695 696/696/696
f 695/695/695 697/697/697 698/698/698
f 699/699/699 698/698/698 697/697/697
f 698/698/698 699/699/699 700/700/700
f 699/699/699 701/701/701 700/700/700
f 701/701/701 699/699/699 702/702/702
f 702/702/702 703/703/703 701/701/701
f 703/703/703 702/702/702 704/704/704
f 704/704/704 705/705/705 703/703/703
f 705/705/705 704/704/704 706/706/706
f 706/706/706 707/707/707 705/705/705
f 707/707/707 706/706/706 708/708/708
f 709/709/709 707/707/707 708/708/708
f 707/707/707 709/709/709 710/710/710
f 711/711/711 710/710/710 709/709/709
f 710/710/710 711/711/711 712/712/712
f 711/711/711 713/713/713 712/712/712
f 713/713/713 711/711/711 714/714/714
f 714/714/714 715/715/715 713/713/713
f 715/715/715 714/714/714 716/716/716
f 716/716/716 717/717/717 715/715/715
f 717/717/717 716/716/716 718/718/718
f 719/719/719 717/717/717 718/718/718
f 717/717/717 719/719/719 720/720/720
f 725/725/725 724/724/724 721/721/721
f 724/724/724 725/725/725 726/726/726
f 727/727/727 726/726/726 725/725/725
f 726/726/726 727/727/727 728/728/728
f 729/729/729 728/728/728 727/727/727
f 728/728/728 729/729/729 730/730/730
f 729/729/729 731/731/731 730/730/730
f 731/731/731 729/729/729 732/732/732
f 732/732/732 733/733/733 731/731/731
f 733/733/733 732/732/732 734/734/734
f 734/734/734 735/735/735 733/733/733
f 735/735/735 734/734/734 736/736/736
f 737/737/737 735/735/735 736/736/736
f 735/735/735 737/737/737 738/738/738
f 739/739/739 738/738/738 737/737/737
f 738/738/738 739/739/739 740/740/740
f 739/739/739 741/741/741 740/740/740
f 741/741/741 739/739/739 742/742/742
f 742/742/742 743/743/743 741/741/741
f 743/743/743 742/742/742 744/744/744
f 745/745/745 743/743/743 744/744/744
f 743/743/743 745/745/745 746/746/746
f 747/747/747 746/746/746 745/745/745
f 746/746/746 747/747/747 748/748/748
f 747/747/747 749/749/749 748/748/748
f 749/749/749 747/747/747 750/750/750
f 750/750/750 751/751/751 749/749/749
f 751/751/751 750/750/750 752/752/752
f 752/752/752 753/753/753 751/751/751
f 753/753/753 752/752/752 754/754/754
f 754/754/754 755/755/755 753/753/753
f 755/755/755 754/754/754 756/756/756
f 757/757/757 755/755/755 756/756/756
f 755/755/755 757/757/757 758/758/758
f 759/759/759 758/758/758 757/757/757
f 758/758/758 759/759/759 760/760/760
f 759/759/759 761/761/761 760/760/760
f 761/761/761 759/759/759 762/762/762
f 762/762/762 763/763/763 761/761/761
f 763/763/763 762/762/762 764/764/764
f 764/764/764 765/765/765 763/763/763
f 765/765/765 764/764/764 766/766/766
f 767/767/767 765/765/765 766/766/766
f 765/765/765 767/767/767 768/768/768
f 773/773/773 772/772/772 769/769/769
f 772/772/772 773/773/773 774/774/774
f 775/775/775 774/774/774 773/773/773
f 774/774/774 775/775/775 776/776/776
f 777/777/777 776/776/776 775/775/775
f 776/776/776 777/777/777 778/778/778
f 777/777/777 779/779/779 778/778/778
f 779/779/779 777/777/777 780/780/780
f 780/780/780 781/781/781 779/779/779
f 781/781/781 780/780/780 782/782/782
f 782/782/782 783/783/783 781/781/781
f 783/783/783 782/782/782 784/784/784
f 785/785/785 783/783/783 784/784/784
f 783/783/783 785/785/785 786/786/786
f 787/787/787 786/786/786 785/785/785
f 786/786/786 787/787/787 788/788/788
f 787/787/787 789/789/789 788/788/788
f 789/789/789 787/787/787 790/790/790
f 790/790/790 791/791/791 789/789/789
f 791/791/791 790/790/790 792/792/792
f 793/793/793 791/791/791 792/792/792
f 791/791/791 793/793/793 794/794/794
f 795/795/795 794/794/794 793/793/793
f 794/794/794 795/795/795 796/796/796
f 795/795/795 797/797/797 796/796/796
f 797/797/797 795/795/795 798/798/798
f 798/798/798 799/799/799 797/797/797
f 799/799/799 798/798/798 800/800/800
f 800/800/800 801/801/801 799/799/799
f 801/801/801 800/800/800 802/802/802
f 802/802/802 803/803/803 801/801/801
f 803/803/803 802/802/802 804/804/804
f 805/805/805 803/803/803 804/804/804
f 803/803/803 805/805/805 806/806/806
f 807/807/807 806/806/806 805/805/805
f 806/806/806 807/807/807 808/808/808
f 807/807/807 809/809/809 808/808/808
f 809/809/809 807/807/807 810/810/810
f 810/810/810 811/811/811 809/809/809
f 811/811/811 810/810/810 812/812/812
f 812/812/812 813/813/813 811/811/811
f 813/813/813 812/812/812 814/814/814
f 815/815/815 813/813/813 814/814/814
f 813/813/813 815/815/815 816/816/816
f 820/820/820 821/821/821 818/818/818
f 821/821/821 820/820/820 822/822/822
f 822/822/822 823/823/823 821/821/821
f 823/823/823 822/822/822 824/824/824
f 824/824/824 825/825/825 823/823/823
f 825/825/825 824/824/824 826/826/826
f 827/827/827 825/825/825 826/826/826
f 825/825/825 827/827/827 828/828/828
f 829/829/829 828/828/828 827/827/827
f 828/828/828 829/829/829 830/830/830
f 829/829/829 831/831/831 830/830/830
f 831/831/831 829/829/829 832/832/832
f 832/832/832 833/833/833 831/831/831
f 833/833/833 832/832/832 834/834/834
f 834/834/834 835/835/835 833/833/833
f 835/835/835 834/834/834 836/836/836
f 837/837/837 835/835/835 836/836/836
f 835/835/835 837/837/837 838/838/838
f 839/839/839 838/838/838 837/837/837
f 838/838/838 839/839/839 840/840/840
f 839/839/839 841/841/841 840/840/840
f 841/841/841 839/839/839 842/842/842
f 842/842/842 843/843/843 841/841/841
f 843/843/843 842/842/842 844/844/844
f 845/845/845 843/843/843 844/844/844
f 843/843/843 845/845/845 846/846/846
f 847/847/847 846/846/846 845/845/845
f 846/846/846 847/847/847 848/848/848
f 849/849/849 848/848/848 847/847/847
f 848/848/848 849/849/849 850/850/850
f 851/851/851 850/850/850 849/849/849
f 850/850/850 851/851/851 852/852/852
f 851/851/851 853/853/853 852/852/852
f 853/853/853 851/851/851 854/854/854
f 854/854/854 855/855/855 853/853/853
f 855/855/855 854/854/854 856/856/856
f 856/856/856 857/857/857 855/855/855
f 857/857/857 856/856/856 858/858/858
f 859/859/859 857/857/857 858/858/858
f 857/857/857 859/859/859 860/860/860
f 861/861/861 860/860/860 859/859/859
f 860/860/860 861/861/861 862/862/862
f 861/861/861 863/863/863 862/862/862
f 863/863/863 861/861/861 864/864/864
f 868/868/868 869/869/869 866/866/866
f 869/869/869 868/868/868 870/870/870
f 870/870/870 871/871/871 869/869/869
f 871/871/871 870/870/870 872/872/872
f 872/872/872 873/873/873 871/871/871
f 873/873/873 872/872/872 874/874/874
f 875/875/875 873/873/873 874/874/874
f 873/873/873 875/875/875 876/876/876
f 877/877/877 876/876/876 875/875/875
f 876/876/876 877/877/877 878/878/878
f 877/877/877 879/879/879 878/878/878
f 879/879/879 877/877/877 880/880/880
f 880/880/880 881/881/881 879/879/879
f 881/881/881 880/880/880 882/882/882
f 882/882/882 883/883/883 881/881/881
f 883/883/883 882/882/882 884/884/884
f 885/885/885 883/883/883 884/884/884
f 883/883/883 885/885/885 886/886/886
f 887/887/887 886/886/886 885/885/885
f 886/886/886 887/887/887 888/888/888
f 887/887/887 889/889/889 888/888/888
f 889/889/889 887/887/887 890/890/890
f 890/890/890 891/891/891 889/889/889
f 891/891/891 890/890/890 892/892/892
f 893/893/893 891/891/891 892/892/892
f 891/891/891 893/893/893 894/894/894
f 895/895/895 894/894/894 893/893/893
f 894/894/894 895/895/895 896/896/896
f 897/897/897 896/896/896 895/895/895
f 896/896/896 897/897/897 898/898/898
f 899/899/899 898/898/898 897/897/897
f 898/898/898 899/899/899 900/900/900
f 899/899/899 901/901/901 900/900/900
f 901/901/901 899/899/899 902/902/902
f 902/902/902 903/903/903 901/901/901
f 903/903/903 902/902/902 904/904/904
f 904/904/904 905/905/905 903/903/903
f 905/905/905 904/904/904 906/906/906
f 907/907/907 905/905/905 906/906/906
f 905/905/905 907/907/907 908/908/908
f 909/909/909 908/908/908 907/907/907
f 908/908/908 909/909/909 910/910/910
f 909/909/909 911/911/911 910/910/910
f 911/911/911 909/909/909 912/912/912
f 916/916/916 917/917/917 914/914/914
f 917/917/917 916/916/916 918/918/918
f 918/918/918 919/919/919 917/917/917
f 919/919/919 918/918/918 920/920/920
f 920/920/920 921/921/921 919/919/919
f 921/921/921 920/920/920 922/922/922
f 923/923/923 921/921/921 922/922/922
f 921/921/921 923/923/923 924/924/924
f 925/925/925 924/924/924 923/923/923
f 924/924/924 925/925/925 926/926/926
f 925/925/925 927/927/927 926/926/926
f 927/927/927 925/925/925 928/928/928
f 928/928/928 929/929/929 927/927/927
f 929/929/929 928/928/928 930/930/930
f 930/930/930 931/931/931 929/929/929
f 931/931/931 930/930/930 932/932/932
f 933/933/933 931/931/931 932/932/932
f 931/931/931 933/933/933 934/934/934
f 935/935/935 934/934/934 933/933/933
f 934/934/934 935/935/935 936/936/936
f 935/935/935 937/937/937 936/936/936
f 937/937/937 935/935/935 938/938/938
f 938/938/938 939/939/939 937/937/937
f 939/939/939 938/938/938 940/940/940
f 941/941/941 939/939/939 940/940/940
f 939/939/939 941/941/941 942/942/942
f 943/943/943 942/942/942 941/941/941
f 942/942/942 943/943/943 944/944/944
f 945/945/945 944/944/944 943/943/943
f 944/944/944 945/945/945 946/946/946
f 947/947/947 946/946/946 945/945/945
f 946/946/946 947/947/947 948/948/948
f 947/947/947 949/949/949 948/948/948
f 949/949/949 947/947/947 950/950/950
f 950/950/950 951/951/951 949/949/949
f 951/951/951 950/950/950 952/952/952
f 952/952/952 953/953/953 951/951/951
f 953/953/953 952/952/952 954/954/954
f 955/955/955 953/953/953 954/954/954
f 953/953/953 955/955/955 956/956/956
f 957/957/957 956/956/956 955/955/955
f 956/956/956 957/957/957 958/958/958
f 957/957/957 959/959/959 958/958/958
f 959/959/959 957/957/957 960/960/960
f 964/964/964 965/965/965 962/962/962
f 965/965/965 964/964/964 966/966/966
f 966/966/966 967/967/967 965/965/965
f 967/967/967 966/966/966 968/968/968
f 968/968/968 969/969/969 967/967/967
f 969/969/969 968/968/968 970/970/970
f 971/971/971 969/969/969 970/970/970
f 969/969/969 971/971/971 972/972/972
f 973/973/973 972/972/972 971/971/971
f 972/972/972 973/973/973 974/974/974
f 973/973/973 975/975/975 974/974/974
f 975/975/975 973/973/973 976/976/976
f 976/976/976 977/977/977 975/975/975
f 977/977/977 976/976/976 978/978/978
f 978/978/978 979/979/979 977/977/977
f 979/979/979 978/978/978 980/980/980
f 981/981/981 979/979/979 980/980/980
f 979/979/979 981/981/981 982/982/982
f 983/983/983 982/982/982 981/981/981
f 982/982/982 983/983/983 984/984/984
f 983/983/983 985/985/985 984/984/984
f 985/985/985 983/983/983 986/986/986
f 986/986/986 987/987/987 985/985/985
f 987/987/987 986/986/986 988/988/988
f 989/989/989 987/987/987 988/988/988
f 987/987/987 989/989/989 990/990/990
f 991/991/991 990/990/990 989/989/989
f 990/990/990 991/991/991 992/992/992
f 993/993/993 992/992/992 991/991/991
f 992/992/992 993/993/993 994/994/994
f 995/995/995 994/994/994 993/993/993
f 994/994/994 995/995/995 996/996/996
f 995/995/995 997/997/997 996/996/996
f 997/997/997 995/995/995 998/998/998
f 998/998/998 999/999/999 997/997/997
f 999/999/999 998/998/998 1000/1000/1000
f 1000/1000/1000 1001/1001/1001 999/999/999
f 1001/1001/1001 1000/1000/1000 1002/1002/1002
f 1003/1003/1003 1001/1001/1001 1002/1002/1002
f 1001/1001/1001 1003/1003/1003 1004/1004/1004
f 1005/1005/1005 1004/1004/1004 1003/1003/1003
f 1004/1004/1004 1005/1005/1005 1006/1006/1006
f 1005/1005/1005 1007/1007/1007 1006/1006/1006
f 1007/1007/1007 1005/1005/1005 1008/1008/1008
f 1012/1012/1012 1013/1013/1013 1010/1010/1010
f 1013/1013/1013 1012/1012/1012 1014/1014/1014
f 1014/1014/1014 1015/1015/1015 1013/1013/1013
f 1015/1015/1015 1014/1014/1014 1016/1016/1016
f 1016/1016/1016 1017/1017/1017 1015/1015/1015
f 1017/1017/1017 1016/1016/1016 1018/1018/1018
f 1019/1019/1019 1017/1017/1017 1018/1018/1018
f 1017/1017/1017 1019/1019/1019 1020/1020/1020
f 1021/1021/1021 1020/1020/1020 1019/1019/1019
f 1020/1020/1020 1021/1021/1021 1022/1022/1022
f 1021/1021/1021 1023/1023/1023 1022/1022/1022
f 1023/1023/1023 1021/1021/1021 1024/1024/1024
f 1024/1024/1024 1025/1025/1025 1023/1023/1023
f 1025/1025/1025 1024/1024/1024 1026/1026/1026
f 1026/1026/1026 1027/1027/1027 1025/1025/1025
f 1027/1027/1027 1026/1026/1026 1028/1028/1028
f 1029/1029/1029 1027/1027/1027 1028/1028/1028
f 1027/1027/1027 1029/1029/1029 1030/1030/1030
f 1031/1031/1031 1030/1030/1030 1029/1029/1029
f 1030/1030/1030 1031/1031/1031 1032/1032/1032
f 1031/1031/1031 1033/1033/1033 1032/1032/1032
f 1033/1033/1033 1031/1031/1031 1034/1034/1034
f 1034/1034/1034 1035/1035/1035 1033/1033/1033
f 1035/1035/1035 1034/1034/1034 1036/1036/1036
f 1037/1037/1037 1035/1035/1035 1036/1036/1036
f 1035/1035/1035 1037/1037/1037 1038/1038/1038
f 1039/1039/1039 1038/1038/1038 1037/1037/1037
f 1038/1038/1038 1039/1039/1039 1040/1040/1040
f 1041/1041/1041 1040/1040/1040 1039/1039/1039
f 1040/1040/1040 1041/1041/1041 1042/1042/1042
f 1043/1043/1043 1042/1042/1042 1041/1041/1041
f 1042/1042/1042 1043/1043/1043 1044/1044/1044
f 1043/1043/1043 1045/1045/1045 1044/1044/1044
f 1045/1045/1045 1043/1043/1043 1046/1046/1046
f 1046/1046/1046 1047/1047/1047 1045/1045/1045
f 1047/1047/1047 1046/1046/1046 1048/1048/1048
f 1048/1048/1048 1049/1049/1049 1047/1047/1047
f 1049/1049/1049 1048/1048/1048 1050/1050/1050
f 1051/1051/1051 1049/1049/1049 1050/1050/1050
f 1049/1049/1049 1051/1051/1051 1052/1052/1052
f 1053/1053/1053 1052/1052/1052 1051/1051/1051
f 1052/1052/1052 1053/1053/1053 1054/1054/1054
f 1053/1053/1053 1055/1055/1055 1054/1054/1054
f 1055/1055/1055 1053/1053/1053 1056/1056/1056
f 1060/1060/1060 1061/1061/1061 1058/1058/1058
f 1061/1061/1061 1060/1060/1060 1062/1062/1062
f 1062/1062/1062 1063/1063/1063 1061/1061/1061
f 1063/1063/1063 1062/1062/1062 1064/1064/1064
f 1064/1064/1064 1065/1065/1065 1063/1063/1063
f 1065/1065/1065 1064/1064/1064 1066/1066/1066
f 1067/1067/1067 1065/1065/1065 1066/1066/1066
f 1065/1065/1065 1067/1067/1067 1068/1068/1068
f 1069/1069/1069 1068/1068/1068 1067/1067/1067
f 1068/1068/1068 1069/1069/1069 1070/1070/1070
f 1071/1071/1071 1070/1070/1070 1069/1069/1069
f 1070/1070/1070 1071/1071/1071 1072/1072/1072
f 1073/1073/1073 1072/1072/1072 1071/1071/1071
f 1072/1072/1072 1073/1073/1073 1074/1074/1074
f 1075/1075/1075 1074/1074/1074 1073/1073/1073
f 1074/1074/1074 1075/1075/1075 1076/1076/1076
f 1077/1077/1077 1076/1076/1076 1075/1075/1075
f 1076/1076/1076 1077/1077/1077 1078/1078/1078
f 1079/1079/1079 1078/1078/1078 1077/1077/1077
f 1078/1078/1078 1079/1079/1079 1080/1080/1080
f 1081/1081/1081 1080/1080/1080 1079/1079/1079
f 1080/1080/1080 1081/1081/1081 1082/1082/1082
f 1083/1083/1083 1082/1082/1082 1081/1081/1081
f 1082/1082/1082 1083/1083/1083 1084/1084/1084
f 1085/1085/1085 1084/1084/1084 1083/1083/1083
f 1084/1084/1084 1085/1085/1085 1086/1086/1086
f 1087/1087/1087 1086/1086/1086 1085/1085/1085
f 1086/1086/1086 1087/1087/1087 1088/1088/1088
f 1089/1089/1089 1088/1088/1088 1087/1087/1087
f 1088/1088/1088 1089/1089/1089 1090/1090/1090
f 1091/1091/1091 1090/1090/1090 1089/1089/1089
f 1090/1090/1090 1091/1091/1091 1092/1092/1092
f 1093/1093/1093 1092/1092/1092 1091/1091/1091
f 1092/1092/1092 1093/1093/1093 1094/1094/1094
f 1095/1095/1095 1094/1094/1094 1093/1093/1093
f 1094/1094/1094 1095/1095/1095 1096/1096/1096
f 1097/1097/1097 1096/1096/1096 1095/1095/1095
f 1096/1096/1096 1097/1097/1097 1098/1098/1098
f 1099/1099/1099 1098/1098/1098 1097/1097/1097
f 1098/1098/1098 1099/1099/1099 1100/1100/1100
f 1101/1101/1101 1100/1100/1100 1099/1099/1099
f 1100/1100/1100 1101/1101/1101 1102/1102/1102
f 1101/1101/1101 1103/1103/1103 1102/1102/1102
f 1103/1103/1103 1101/1101/1101 1104/1104/1104
f 1108/1108/1108 1109/1109/1109 1106/1106/1106
f 1109/1109/1109 1108/1108/1108 1110/1110/1110
f 1110/1110/1110 1111/1111/1111 1109/1109/1109
f 1111/1111/1111 1110/1110/1110 1112/1112/1112
f 1112/1112/1112 1113/1113/1113 1111/1111/1111
f 1113/1113/1113 1112/1112/1112 1114/1114/1114
f 1115/1115/1115 1113/1113/1113 1114/1114/1114
f 1113/1113/1113 1115/1115/1115 1116/1116/1116
f 1117/1117/1117 1116/1116/1116 1115/1115/1115
f 1116/1116/1116 1117/1117/1117 1118/1118/1118
f 1119/1119/1119 1118/1118/1118 1117/1117/1117
f 1118/1118/1118 1119/1119/1119 1120/1120/1120
f 1121/1121/1121 1120/1120/1120 1119/1119/1119
f 1120/1120/1120 1121/1121/1121 1122/1122/1122
f 1123/1123/1123 1122/1122/1122 1121/1121/1121
f 1122/1122/1122 1123/1123/1123 1124/1124/1124
f 1125/1125/1125 1124/1124/1124 1123/1123/1123
f 1124/1124/1124 1125/1125/1125 1126/1126/1126
f 1127/1127/1127 1126/1126/1126 1125/1125/1125
f 1126/1126/1126 1127/1127/1127 1128/1128/1128
f 1129/1129/1129 1128/1128/1128 1127/1127/1127
f 1128/1128/1128 1129/1129/1129 1130/1130/1130
f 1131/1131/1131 1130/1130/1130 1129/1129/1129
f 1130/1130/1130 1131/1131/1131 1132/1132/1132
f 1133/1133/1133 1132/1132/1132 1131/1131/1131
f 1132/1132/1132 1133/1133/1133 1134/1134/1134
f 1135/1135/1135 1134/1134/1134 1133/1133/1133
f 1134/1134/1134 1135/1135/1135 1136/1136/1136
f 1137/1137/1137 1136/1136/1136 1135/1135/1135
f 1136/1136/1136 1137/1137/1137 1138/1138/1138
f 1139/1139/1139 1138/1138/1138 1137/1137/1137
f 1138/1138/1138 1139/1139/1139 1140/1140/1140
f 1141/1141/1141 1140/1140/1140 1139/1139/1139
f 1140/1140/1140 1141/1141/1141 1142/1142/1142
f 1143/1143/1143 1142/1142/1142 1141/1141/1141
f 1142/1142/1142 1143/1143/1143 1144/1144/1144
f 1145/1145/1145 1144/1144/1144 1143/1143/1143
f 1144/1144/1144 1145/1145/1145 1146/1146/1146
f 1147/1147/1147 1146/1146/1146 1145/1145/1145
f 1146/1146/1146 1147/1147/1147 1148/1148/1148
f 1149/1149/1149 1148/1148/1148 1147/1147/1147
f 1148/1148/1148 1149/1149/1149 1150/1150/1150
f 1149/1149/1149 1151/1151/1151 1150/1150/1150
f 1151/1151/1151 1149/1149/1149 1152/1152/1152
f 1157/1157/1157 1156/1156/1156 1153/1153/1153
f 1156/1156/1156 1157/1157/1157 1158/1158/1158
f 1159/1159/1159 1158/1158/1158 1157/1157/1157
f 1158/1158/1158 1159/1159/1159 1160/1160/1160
f 1161/1161/1161 1160/1160/1160 1159/1159/1159
f 1160/1160/1160 1161/1161/1161 1162/1162/1162
f 1163/1163/1163 1162/1162/1162 1161/1161/1161
f 1162/1162/1162 1163/1163/1163 1164/1164/1164
f 1165/1165/1165 1164/1164/1164 1163/1163/1163
f 1164/1164/1164 1165/1165/1165 1166/1166/1166
f 1167/1167/1167 1166/1166/1166 1165/1165/1165
f 1166/1166/1166 1167/1167/1167 1168/1168/1168
f 1169/1169/1169 1168/1168/1168 1167/1167/1167
f 1168/1168/1168 1169/1169/1169 1170/1170/1170
f 1171/1171/1171 1170/1170/1170 1169/1169/1169
f 1170/1170/1170 1171/1171/1171 1172/1172/1172
f 1171/1171/1171 1173/1173/1173 1172/1172/1172
f 1173/1173/1173 1171/1171/1171 1174/1174/1174
f 1174/1174/1174 1175/1175/1175 1173/1173/1173
f 1175/1175/1175 1174/1174/1174 1176/1176/1176
f 1177/1177/1177 1175/1175/1175 1176/1176/1176
f 1175/1175/1175 1177/1177/1177 1178/1178/1178
f 1179/1179/1179 1178/1178/1178 1177/1177/1177
f 1178/1178/1178 1179/1179/1179 1180/1180/1180
f 1179/1179/1179 1181/1181/1181 1180/1180/1180
f 1181/1181/1181 1179/1179/1179 1182/1182/1182
f 1182/1182/1182 1183/1183/1183 1181/1181/1181
f 1183/1183/1183 1182/1182/1182 1184/1184/1184
f 1184/1184/1184 1185/1185/1185 1183/1183/1183
f 1185/1185/1185 1184/1184/1184 1186/1186/1186
f 1186/1186/1186 1187/1187/1187 1185/1185/1185
f 1187/1187/1187 1186/1186/1186 1188/1188/1188
f 1189/1189/1189 1187/1187/1187 1188/1188/1188
f 1187/1187/1187 1189/1189/1189 1190/1190/1190
f 1191/1191/1191 1190/1190/1190 1189/1189/1189
f 1190/1190/1190 1191/1191/1191 1192/1192/1192
f 1193/1193/1193 1192/1192/1192 1191/1191/1191
f 1192/1192/1192 1193/1193/1193 1194/1194/1194
f 1195/1195/1195 1194/1194/1194 1193/1193/1193
f 1194/1194/1194 1195/1195/1195 1196/1196/1196
f 1197/1197/1197 1196/1196/1196 1195/1195/1195
f 1196/1196/1196 1197/1197/1197 1198/1198/1198
f 1199/1199/1199 1198/1198/1198 1197/1197/1197
f 1198/1198/1198 1199/1199/1199 1200/1200/1200
f 1205/1205/1205 1204/1204/1204 1201/1201/1201
f 1204/1204/1204 1205/1205/1205 1206/1206/1206
f 1207/1207/1207 1206/1206/1206 1205/1205/1205
f 1206/1206/1206 1207/1207/1207 1208/1208/1208
f 1209/1209/1209 1208/1208/1208 1207/1207/1207
f 1208/1208/1208 1209/1209/1209 1210/1210/1210
f 1211/1211/1211 1210/1210/1210 1209/1209/1209
f 1210/1210/1210 1211/1211/1211 1212/1212/1212
f 1213/1213/1213 1212/1212/1212 1211/1211/1211
f 1212/1212/1212 1213/1213/1213 1214/1214/1214
f 1215/1215/1215 1214/1214/1214 1213/1213/1213
f 1214/1214/1214 1215/1215/1215 1216/1216/1216
f 1217/1217/1217 1216/1216/1216 1215/1215/1215
f 1216/1216/1216 1217/1217/1217 1218/1218/1218
f 1219/1219/1219 1218/1218/1218 1217/1217/1217
f 1218/1218/1218 1219/1219/1219 1220/1220/1220
f 1219/1219/1219 1221/1221/1221 1220/1220/1220
f 1221/1221/1221 1219/1219/1219 1222/1222/1222
f 1222/1222/1222 1223/1223/1223 1221/1221/1221
f 1223/1223/1223 1222/1222/1222 1224/1224/1224
f 1225/1225/1225 1223/1223/1223 1224/1224/1224
f 1223/1223/1223 1225/1225/1225 1226/1226/1226
f 1227/1227/1227 1226/1226/1226 1225/1225/1225
f 1226/1226/1226 1227/1227/1227 1228/1228/1228
f 1227/1227/1227 1229/1229/1229 1228/1228/1228
f 1229/1229/1229 1227/1227/1227 1230/1230/1230
f 1230/1230/1230 1231/1231/1231 1229/1229/1229
f 1231/1231/1231 1230/1230/1230 1232/1232/1232
f 1232/1232/1232 1233/1233/1233 1231/1231/1231
f 1233/1233/1233 1232/1232/1232 1234/1234/1234
f 1234/1234/1234 1235/1235/1235 1233/1233/1233
f 1235/1235/1235 1234/1234/1234 1236/1236/1236
f 1237/1237/1237 1235/1235/1235 1236/1236/1236
f 1235/1235/1235 1237/1237/1237 1238/1238/1238
f 1239/1239/1239 1238/1238/1238 1237/1237/1237
f 1238/1238/1238 1239/1239/1239 1240/1240/1240
f 1241/1241/1241 1240/1240/1240 1239/1239/1239
f 1240/1240/1240 1241/1241/1241 1242/1242/1242
f 1243/1243/1243 1242/1242/1242 1241/1241/1241
f 1242/1242/1242 1243/1243/1243 1244/1244/1244
f 1245/1245/1245 1244/1244/1244 1243/1243/1243
f 1244/1244/1244 1245/1245/1245 1246/1246/1246
f 1247/1247/1247 1246/1246/1246 1245/1245/1245
f 1246/1246/1246 1247/1247/1247 1248/1248/1248
f 1252/1252/1252 1253/1253/1253 1250/1250/1250
f 1253/1253/1253 1252/1252/1252 1254/1254/1254
f 1254/1254/1254 1255/1255/1255 1253/1253/1253
f 1255/1255/1255 1254/1254/1254 1256/1256/1256
f 1256/1256/1256 1257/1257/1257 1255/1255/1255
f 1257/1257/1257 1256/1256/1256 1258/1258/1258
f 1259/1259/1259 1257/1257/1257 1258/1258/1258
f 1257/1257/1257 1259/1259/1259 1260/1260/1260
f 1261/1261/1261 1260/1260/1260 1259/1259/1259
f 1260/1260/1260 1261/1261/1261 1262/1262/1262
f 1263/1263/1263 1262/1262/1262 1261/1261/1261
f 1262/1262/1262 1263/1263/1263 1264/1264/1264
f 1265/1265/1265 1264/1264/1264 1263/1263/1263
f 1264/1264/1264 1265/1265/1265 1266/1266/1266
f 1267/1267/1267 1266/1266/1266 1265/1265/1265
f 1266/1266/1266 1267/1267/1267 1268/1268/1268
f 1269/1269/1269 1268/1268/1268 1267/1267/1267
f 1268/1268/1268 1269/1269/1269 1270/1270/1270
f 1271/1271/1271 1270/1270/1270 1269/1269/1269
f 1270/1270/1270 1271/1271/1271 1272/1272/1272
f 1273/1273/1273 1272/1272/1272 1271/1271/1271
f 1272/1272/1272 1273/1273/1273 1274/1274/1274
f 1275/1275/1275 1274/1274/1274 1273/1273/1273
f 1274/1274/1274 1275/1275/1275 1276/1276/1276
f 1277/1277/1277 1276/1276/1276 1275/1275/1275
f 1276/1276/1276 1277/1277/1277 1278/1278/1278
f 1279/1279/1279 1278/1278/1278 1277/1277/1277
f 1278/1278/1278 1279/1279/1279 1280/1280/1280
f 1281/1281/1281 1280/1280/1280 1279/1279/1279
f 1280/1280/1280 1281/1281/1281 1282/1282/1282
f 1283/1283/1283 1282/1282/1282 1281/1281/1281
f 1282/1282/1282 1283/1283/1283 1284/1284/1284
f 1285/1285/1285 1284/1284/1284 1283/1283/1283
f 1284/1284/1284 1285/1285/1285 1286/1286/1286
f 1287/1287/1287 1286/1286/1286 1285/1285/1285
f 1286/1286/1286 1287/1287/1287 1288/1288/1288
f 1289/1289/1289 1288/1288/1288 1287/1287/1287
f 1288/1288/1288 1289/1289/1289 1290/1290/1290
f 1291/1291/1291 1290/1290/1290 1289/1289/1289
f 1290/1290/1290 1291/1291/1291 1292/1292/1292
f 1293/1293/1293 1292/1292/1292 1291/1291/1291
f 1292/1292/1292 1293/1293/1293 1294/1294/1294
f 1293/1293/1293 1295/1295/1295 1294/1294/1294
f 1295/1295/1295 1293/1293/1293 1296/1296/1296
f 1301/1301/1301 1300/1300/1300 1297/1297/1297
f 1300/1300/1300 1301/1301/1301 1302/1302/1302
f 1303/1303/1303 1302/1302/1302 1301/1301/1301
f 1302/1302/1302 1303/1303/1303 1304/1304/1304
f 1305/1305/1305 1304/1304/1304 1303/1303/1303
f 1304/1304/1304 1305/1305/1305 1306/1306/1306
f 1307/1307/1307 1306/1306/1306 1305/1305/1305
f 1306/1306/1306 1307/1307/1307 1308/1308/1308
f 1309/1309/1309 1308/1308/1308 1307/1307/1307
f 1308/1308/1308 1309/1309/1309 1310/1310/1310
f 1311/1311/1311 1310/1310/1310 1309/1309/1309
f 1310/1310/1310 1311/1311/1311 1312/1312/1312
f 1313/1313/1313 1312/1312/1312 1311/1311/1311
f 1312/1312/1312 1313/1313/1313 1314/1314/1314
f 1315/1315/1315 1314/1314/1314 1313/1313/1313
f 1314/1314/1314 1315/1315/1315 1316/1316/1316
f 1315/1315/1315 1317/1317/1317 1316/1316/1316
f 1317/1317/1317 1315/1315/1315 1318/1318/1318
f 1318/1318/1318 1319/1319/1319 1317/1317/1317
f 1319/1319/1319 1318/1318/1318 1320/1320/1320
f 1321/1321/1321 1319/1319/1319 1320/1320/1320
f 1319/1319/1319 1321/1321/1321 1322/1322/1322
f 1323/1323/1323 1322/1322/1322 1321/1321/1321
f 1322/1322/1322 1323/1323/1323 1324/1324/1324
f 1323/1323/1323 1325/1325/1325 1324/1324/1324
f 1325/1325/1325 1323/1323/1323 1326/1326/1326
f 1326/1326/1326 1327/1327/1327 1325/1325/1325
f 1327/1327/1327 1326/1326/1326 1328/1328/1328
f 1328/1328/1328 1329/1329/1329 1327/1327/1327
f 1329/1329/1329 1328/1328/1328 1330/1330/1330
f 1330/1330/1330 1331/1331/1331 1329/1329/1329
f 1331/1331/1331 1330/1330/1330 1332/1332/1332
f 1333/1333/1333 1331/1331/1331 1332/1332/1332
f 1331/1331/1331 1333/1333/1333 1334/1334/1334
f 1335/1335/1335 1334/1334/1334 1333/1333/1333
f 1334/1334/1334 1335/1335/1335 1336/1336/1336
f 1337/1337/1337 1336/1336/1336 1335/1335/1335
f 1336/1336/1336 1337/1337/1337 1338/1338/1338
f 1339/1339/1339 1338/1338/1338 1337/1337/1337
f 1338/1338/1338 1339/1339/1339 1340/1340/1340
f 1341/1341/1341 1340/1340/1340 1339/1339/1339
f 1340/1340/1340 1341/1341/1341 1342/1342/1342
f 1343/1343/1343 1342/1342/1342 1341/1341/1341
f 1342/1342/1342 1343/1343/1343 1344/1344/1344
f 1349/1349/1349 1348/1348/1348 1345/1345/1345
f 1348/1348/1348 1349/1349/1349 1350/1350/1350
f 1351/1351/1351 1350/1350/1350 1349/1349/1349
f 1350/1350/1350 1351/1351/1351 1352/1352/1352
f 1353/1353/1353 1352/1352/1352 1351/1351/1351
f 1352/1352/1352 1353/1353/1353 1354/1354/1354
f 1355/1355/1355 1354/1354/1354 1353/1353/1353
f 1354/1354/1354 1355/1355/1355 1356/1356/1356
f 1357/1357/1357 1356/1356/1356 1355/1355/1355
f 1356/1356/1356 1357/1357/1357 1358/1358/1358
f 1359/1359/1359 1358/1358/1358 1357/1357/1357
f 1358/1358/1358 1359/1359/1359 1360/1360/1360
f 1361/1361/1361 1360/1360/1360 1359/1359/1359
f 1360/1360/1360 1361/1361/1361 1362/1362/1362
f 1363/1363/1363 1362/1362/1362 1361/1361/1361
f 1362/1362/1362 1363/1363/1363 1364/1364/1364
f 1363/1363/1363 1365/1365/1365 1364/1364/1364
f 1365/1365/1365 1363/1363/1363 1366/1366/1366
f 1366/1366/1366 1367/1367/1367 1365/1365/1365
f 1367/1367/1367 1366/1366/1366 1368/1368/1368
f 1369/1369/1369 1367/1367/1367 1368/1368/1368
f 1367/1367/1367 1369/1369/1369 1370/1370/1370
f 1371/1371/1371 1370/1370/1370 1369/1369/1369
f 1370/1370/1370 1371/1371/1371 1372/1372/1372
f 1371/1371/1371 1373/1373/1373 1372/1372/1372
f 1373/1373/1373 1371/1371/1371 1374/1374/1374
f 1374/1374/1374 1375/1375/1375 1373/1373/1373
f 1375/1375/1375 1374/1374/1374 1376/1376/1376
f 1376/1376/1376 1377/1377/1377 1375/1375/1375
f 1377/1377/1377 1376/1376/1376 1378/1378/1378
f 1378/1378/1378 1379/1379/1379 1377/1377/1377
f 1379/1379/1379 1378/1378/1378 1380/1380/1380
f 1381/1381/1381 1379/1379/1379 1380/1380/1380
f 1379/1379/1379 1381/1381/1381 1382/1382/1382
f 1383/1383/1383 1382/1382/1382 1381/1381/1381
f 1382/1382/1382 1383/1383/1383 1384/1384/1384
f 1385/1385/1385 1384/1384/1384 1383/1383/1383
f 1384/1384/1384 1385/1385/1385 1386/1386/1386
f 1387/1387/1387 1386/1386/1386 1385/1385/1385
f 1386/1386/1386 1387/1387/1387 1388/1388/1388
f 1389/1389/1389 1388/1388/1388 1387/1387/1387
f 1388/1388/1388 1389/1389/1389 1390/1390/1390
f 1391/1391/1391 1390/1390/1390 1389/1389/1389
f 1390/1390/1390 1391/1391/1391 1392/1392/1392
f 1397/1397/1397 1396/1396/1396 1393/1393/1393
f 1396/1396/1396 1397/1397/1397 1398/1398/1398
f 1399/1399/1399 1398/1398/1398 1397/1397/1397
f 1398/1398/1398 1399/1399/1399 1400/1400/1400
f 1401/1401/1401 1400/1400/1400 1399/1399/1399
f 1400/1400/1400 1401/1401/1401 1402/1402/1402
f 1403/1403/1403 1402/1402/1402 1401/1401/1401
f 1402/1402/1402 1403/1403/1403 1404/1404/1404
f 1405/1405/1405 1404/1404/1404 1403/1403/1403
f 1404/1404/1404 1405/1405/1405 1406/1406/1406
f 1407/1407/1407 1406/1406/1406 1405/1405/1405
f 1406/1406/1406 1407/1407/1407 1408/1408/1408
f 1409/1409/1409 1408/1408/1408 1407/1407/1407
f 1408/1408/1408 1409/1409/1409 1410/1410/1410
f 1411/1411/1411 1410/1410/1410 1409/1409/1409
f 1410/1410/1410 1411/1411/1411 1412/1412/1412
f 1411/1411/1411 1413/1413/1413 1412/1412/1412
f 1413/1413/1413 1411/1411/1411 1414/1414/1414
f 1414/1414/1414 1415/1415/1415 1413/1413/1413
f 1415/1415/1415 1414/1414/1414 1416/1416/1416
f 1417/1417/1417 1415/1415/1415 1416/1416/1416
f 1415/1415/1415 1417/1417/1417 1418/1418/1418
f 1419/1419/1419 1418/1418/1418 1417/1417/1417
f 1418/1418/1418 1419/1419/1419 1420/1420/1420
f 1419/1419/1419 1421/1421/1421 1420/1420/1420
f 1421/1421/1421 1419/1419/1419 1422/1422/1422
f 1422/1422/1422 1423/1423/1423 1421/1421/1421
f 1423/1423/1423 1422/1422/1422 1424/1424/1424
f 1424/1424/1424 1425/1425/1425 1423/1423/1423
f 1425/1425/1425 1424/1424/1424 1426/1426/1426
f 1426/1426/1426 1427/1427/1427 1425/1425/1425
f 1427/1427/1427 1426/1426/1426 1428/1428/1428
f 1429/1429/1429 1427/1427/1427 1428/1428/1428
f 1427/1427/1427 1429/1429/1429 1430/1430/1430
f 1431/1431/1431 1430/1430/1430 1429/1429/1429
f 1430/1430/1430 1431/1431/1431 1432/1432/1432
f 1433/1433/1433 1432/1432/1432 1431/1431/1431
f 1432/1432/1432 1433/1433/1433 1434/1434/1434
f 1435/1435/1435 1434/1434/1434 1433/1433/1433
f 1434/1434/1434 1435/1435/1435 1436/1436/1436
f 1437/1437/1437 1436/1436/1436 1435/1435/1435
f 1436/1436/1436 1437/1437/1437 1438/1438/1438
f 1439/1439/1439 1438/1438/1438 1437/1437/1437
f 1438/1438/1438 1439/1439/1439 1440/1440/1440
f 1445/1445/1445 1444/1444/1444 1441/1441/1441
f 1444/1444/1444 1445/1445/1445 1446/1446/1446
f 1447/1447/1447 1446/1446/1446 1445/1445/1445
f 1446/1446/1446 1447/1447/1447 1448/1448/1448
f 1449/1449/1449 1448/1448/1448 1447/1447/1447
f 1448/1448/1448 1449/1449/1449 1450/1450/1450
f 1451/1451/1451 1450/1450/1450 1449/1449/1449
f 1450/1450/1450 1451/1451/1451 1452/1452/1452
f 1453/1453/1453 1452/1452/1452 1451/1451/1451
f 1452/1452/1452 1453/1453/1453 1454/1454/1454
f 1455/1455/1455 1454/1454/1454 1453/1453/1453
f 1454/1454/1454 1455/1455/1455 1456/1456/1456
f 1457/1457/1457 1456/1456/1456 1455/1455/1455
f 1456/1456/1456 1457/1457/1457 1458/1458/1458
f 1459/1459/1459 1458/1458/1458 1457/1457/1457
f 1458/1458/1458 1459/1459/1459 1460/1460/1460
f 1459/1459/1459 1461/1461/1461 1460/1460/1460
f 1461/1461/1461 1459/1459/1459 1462/1462/1462
f 1462/1462/1462 1463/1463/1463 1461/1461/1461
f 1463/1463/1463 1462/1462/1462 1464/1464/1464
f 1465/1465/1465 1463/1463/1463 1464/1464/1464
f 1463/1463/1463 1465/1465/1465 1466/1466/1466
f 1467/1467/1467 1466/1466/1466 1465/1465/1465
f 1466/1466/1466 1467/1467/1467 1468/1468/1468
f 1467/1467/1467 1469/1469/1469 1468/1468/1468
f 1469/1469/1469 1467/1467/1467 1470/1470/1470
f 1470/1470/1470 1471/1471/1471 1469/1469/1469
f 1471/1471/1471 1470/1470/1470 1472/1472/1472
f 1472/1472/1472 1473/1473/1473 1471/1471/1471
f 1473/1473/1473 1472/1472/1472 1474/1474/1474
f 1474/1474/1474 1475/1475/1475 1473/1473/1473
f 1475/1475/1475 1474/1474/1474 1476/1476/1476
f 1477/1477/1477 1475/1475/1475 1476/1476/1476
f 1475/1475/1475 1477/1477/1477 1478/1478/1478
f 1479/1479/1479 1478/1478/1478 1477/1477/1477
f 1478/1478/1478 1479/1479/1479 1480/1480/1480
f 1481/1481/1481 1480/1480/1480 1479/1479/1479
f 1480/1480/1480 1481/1481/1481 1482/1482/1482
f 1483/1483/1483 1482/1482/1482 1481/1481/1481
f 1482/1482/1482 1483/1483/1483 1484/1484/1484
f 1485/1485/1485 1484/1484/1484 1483/1483/1483
f 1484/1484/1484 1485/1485/1485 1486/1486/1486
f 1487/1487/1487 1486/1486/1486 1485/1485/1485
f 1486/1486/1486 1487/1487/1487 1488/1488/1488
f 1493/1493/1493 1492/1492/1492 1489/1489/1489
f 1492/1492/1492 1493/1493/1493 1494/1494/1494
f 1495/1495/1495 1494/1494/1494 1493/1493/1493
f 1494/1494/1494 1495/1495/1495 1496/1496/1496
f 1497/1497/1497 1496/1496/1496 1495/1495/1495
f 1496/1496/1496 1497/1497/1497 1498/1498/1498
f 1499/1499/1499 1498/1498/1498 1497/1497/1497
f 1498/1498/1498 1499/1499/1499 1500/1500/1500
f 1501/1501/1501 1500/1500/1500 1499/1499/1499
f 1500/1500/1500 1501/1501/1501 1502/1502/1502
f 1503/1503/1503 1502/1502/1502 1501/1501/1501
f 1502/1502/1502 1503/1503/1503 1504/1504/1504
f 1505/1505/1505 1504/1504/1504 1503/1503/1503
f 1504/1504/1504 1505/1505/1505 1506/1506/1506
f 1507/1507/1507 1506/1506/1506 1505/1505/1505
f 1506/1506/1506 1507/1507/1507 1508/1508/1508
f 1507/1507/1507 1509/1509/1509 1508/1508/1508
f 1509/1509/1509 1507/1507/1507 1510/1510/1510
f 1510/1510/1510 1511/1511/1511 1509/1509/1509
f 1511/1511/1511 1510/1510/1510 1512/1512/1512
f 1513/1513/1513 1511/1511/1511 1512/1512/1512
f 1511/1511/1511 1513/1513/1513 1514/1514/1514
f 1515/1515/1515 1514/1514/1514 1513/1513/1513
f 1514/1514/1514 1515/1515/1515 1516/1516/1516
f 1515/1515/1515 1517/1517/1517 1516/1516/1516
f 1517/1517/1517 1515/1515/1515 1518/1518/1518
f 1518/1518/1518 1519/1519/1519 1517/1517/1517
f 1519/1519/1519 1518/1518/1518 1520/1520/1520
f 1520/1520/1520 1521/1521/1521 1519/1519/1519
f 1521/1521/1521 1520/1520/1520 1522/1522/1522
f 1522/1522/1522 1523/1523/1523 1521/1521/1521
f 1523/1523/1523 1522/1522/1522 1524/1524/1524
f 1525/1525/1525 1523/1523/1523 1524/1524/1524
f 1523/1523/1523 1525/1525/1525 1526/1526/1526
f 1527/1527/1527 1526/1526/1526 1525/1525/1525
f 1526/1526/1526 1527/1527/1527 1528/1528/1528
f 1529/1529/1529 1528/1528/1528 1527/1527/1527
f 1528/1528/1528 1529/1529/1529 1530/1530/1530
f 1531/1531/1531 1530/1530/1530 1529/1529/1529
f 1530/1530/1530 1531/1531/1531 1532/1532/1532
f 1533/1533/1533 1532/1532/1532 1531/1531/1531
f 1532/1532/1532 1533/1533/1533 1534/1534/1534
f 1535/1535/1535 1534/1534/1534 1533/1533/1533
f 1534/1534/1534 1535/1535/1535 1536/1536/1536
f 1541/1541/1541 1540/1540/1540 1537/1537/1537
f 1540/1540/1540 1541/1541/1541 1542/1542/1542
f 1543/1543/1543 1542/1542/1542 1541/1541/1541
f 1542/1542/1542 1543/1543/1543 1544/1544/1544
f 1545/1545/1545 1544/1544/1544 1543/1543/1543
f 1544/1544/1544 1545/1545/1545 1546/1546/1546
f 1545/1545/1545 1547/1547/1547 1546/1546/1546
f 1547/1547/1547 1545/1545/1545 1548/1548/1548
f 1548/1548/1548 1549/1549/1549 1547/1547/1547
f 1549/1549/1549 1548/1548/1548 1550/1550/1550
f 1550/1550/1550 1551/1551/1551 1549/1549/1549
f 1551/1551/1551 1550/1550/1550 1552/1552/1552
f 1553/1553/1553 1551/1551/1551 1552/1552/1552
f 1551/1551/1551 1553/1553/1553 1554/1554/1554
f 1555/1555/1555 1554/1554/1554 1553/1553/1553
f 1554/1554/1554 1555/1555/1555 1556/1556/1556
f 1555/1555/1555 1557/1557/1557 1556/1556/1556
f 1557/1557/1557 1555/1555/1555 1558/1558/1558
f 1558/1558/1558 1559/1559/1559 1557/1557/1557
f 1559/1559/1559 1558/1558/1558 1560/1560/1560
f 1561/1561/1561 1559/1559/1559 1560/1560/1560
f 1559/1559/1559 1561/1561/1561 1562/1562/1562
f 1563/1563/1563 1562/1562/1562 1561/1561/1561
f 1562/1562/1562 1563/1563/1563 1564/1564/1564
f 1563/1563/1563 1565/1565/1565 1564/1564/1564
f 1565/1565/1565 1563/1563/1563 1566/1566/1566
f 1566/1566/1566 1567/1567/1567 1565/1565/1565
f 1567/1567/1567 1566/1566/1566 1568/1568/1568
f 1568/1568/1568 1569/1569/1569 1567/1567/1567
f 1569/1569/1569 1568/1568/1568 1570/1570/1570
f 1570/1570/1570 1571/1571/1571 1569/1569/1569
f 1571/1571/1571 1570/1570/1570 1572/1572/1572
f 1573/1573/1573 1571/1571/1571 1572/1572/1572
f 1571/1571/1571 1573/1573/1573 1574/1574/1574
f 1575/1575/1575 1574/1574/1574 1573/1573/1573
f 1574/1574/1574 1575/1575/1575 1576/1576/1576
f 1575/1575/1575 1577/1577/1577 1576/1576/1576
f 1577/1577/1577 1575/1575/1575 1578/1578/1578
f 1578/1578/1578 1579/1579/1579 1577/1577/1577
f 1579/1579/1579 1578/1578/1578 1580/1580/1580
f 1580/1580/1580 1581/1581/1581 1579/1579/1579
f 1581/1581/1581 1580/1580/1580 1582/1582/1582
f 1583/1583/1583 1581/1581/1581 1582/1582/1582
f 1581/1581/1581 1583/1583/1583 1584/1584/1584
f 1588/1588/1588 1589/1589/1589 1586/1586/1586
f 1589/1589/1589 1588/1588/1588 1590/1590/1590
f 1590/1590/1590 1591/1591/1591 1589/1589/1589
f 1591/1591/1591 1590/1590/1590 1592/1592/1592
f 1592/1592/1592 1593/1593/1593 1591/1591/1591
f 1593/1593/1593 1592/1592/1592 1594/1594/1594
f 1594/1594/1594 1595/1595/1595 1593/1593/1593
f 1595/1595/1595 1594/1594/1594 1596/1596/1596
f 1596/1596/1596 1597/1597/1597 1595/1595/1595
f 1597/1597/1597 1596/1596/1596 1598/1598/1598
f 1598/1598/1598 1599/1599/1599 1597/1597/1597
f 1599/1599/1599 1598/1598/1598 1600/1600/1600
f 1600/1600/1600 1601/1601/1601 1599/1599/1599
f 1601/1601/1601 1600/1600/1600 1602/1602/1602
f 1602/1602/1602 1603/1603/1603 1601/1601/1601
f 1603/1603/1603 1602/1602/1602 1604/1604/1604
f 1605/1605/1605 1603/1603/1603 1604/1604/1604
f 1603/1603/1603 1605/1605/1605 1606/1606/1606
f 1607/1607/1607 1606/1606/1606 1605/1605/1605
f 1606/1606/1606 1607/1607/1607 1608/1608/1608
f 1607/1607/1607 1609/1609/1609 1608/1608/1608
f 1609/1609/1609 1607/1607/1607 1610/1610/1610
f 1610/1610/1610 1611/1611/1611 1609/1609/1609
f 1611/1611/1611 1610/1610/1610 1612/1612/1612
f 1613/1613/1613 1611/1611/1611 1612/1612/1612
f 1611/1611/1611 1613/1613/1613 1614/1614/1614
f 1615/1615/1615 1614/1614/1614 1613/1613/1613
f 1614/1614/1614 1615/1615/1615 1616/1616/1616
f 1617/1617/1617 1616/1616/1616 1615/1615/1615
f 1616/1616/1616 1617/1617/1617 1618/1618/1618
f 1619/1619/1619 1618/1618/1618 1617/1617/1617
f 1618/1618/1618 1619/1619/1619 1620/1620/1620
f 1619/1619/1619 1621/1621/1621 1620/1620/1620
f 1621/1621/1621 1619/1619/1619 1622/1622/1622
f 1622/1622/1622 1623/1623/1623 1621/1621/1621
f 1623/1623/1623 1622/1622/1622 1624/1624/1624
f 1624/1624/1624 1625/1625/1625 1623/1623/1623
f 1625/1625/1625 1624/1624/1624 1626/1626/1626
f 1626/1626/1626 1627/1627/1627 1625/1625/1625
f 1627/1627/1627 1626/1626/1626 1628/1628/1628
f 1628/1628/1628 1629/1629/1629 1627/1627/1627
f 1629/1629/1629 1628/1628/1628 1630/1630/1630
f 1630/1630/1630 1631/1631/1631 1629/1629/1629
f 1631/1631/1631 1630/1630/1630 1632/1632/1632
f 1636/1636/1636 1637/1637/1637 1634/1634/1634
f 1637/1637/1637 1636/1636/1636 1638/1638/1638
f 1638/1638/1638 1639/1639/1639 1637/1637/1637
f 1639/1639/1639 1638/1638/1638 1640/1640/1640
f 1640/1640/1640 1641/1641/1641 1639/1639/1639
f 1641/1641/1641 1640/1640/1640 1642/1642/1642
f 1643/1643/1643 1641/1641/1641 1642/1642/1642
f 1641/1641/1641 1643/1643/1643 1644/1644/1644
f 1645/1645/1645 1644/1644/1644 1643/1643/1643
f 1644/1644/1644 1645/1645/1645 1646/1646/1646
f 1645/1645/1645 1647/1647/1647 1646/1646/1646
f 1647/1647/1647 1645/1645/1645 1648/1648/1648
f 1648/1648/1648 1649/1649/1649 1647/1647/1647
f 1649/1649/1649 1648/1648/1648 1650/1650/1650
f 1650/1650/1650 1651/1651/1651 1649/1649/1649
f 1651/1651/1651 1650/1650/1650 1652/1652/1652
f 1653/1653/1653 1651/1651/1651 1652/1652/1652
f 1651/1651/1651 1653/1653/1653 1654/1654/1654
f 1655/1655/1655 1654/1654/1654 1653/1653/1653
f 1654/1654/1654 1655/1655/1655 1656/1656/1656
f 1655/1655/1655 1657/1657/1657 1656/1656/1656
f 1657/1657/1657 1655/1655/1655 1658/1658/1658
f 1658/1658/1658 1659/1659/1659 1657/1657/1657
f 1659/1659/1659 1658/1658/1658 1660/1660/1660
f 1661/1661/1661 1659/1659/1659 1660/1660/1660
f 1659/1659/1659 1661/1661/1661 1662/1662/1662
f 1663/1663/1663 1662/1662/1662 1661/1661/1661
f 1662/1662/1662 1663/1663/1663 1664/1664/1664
f 1665/1665/1665 1664/1664/1664 1663/1663/1663
f 1664/1664/1664 1665/1665/1665 1666/1666/1666
f 1667/1667/1667 1666/1666/1666 1665/1665/1665
f 1666/1666/1666 1667/1667/1667 1668/1668/1668
f 1667/1667/1667 1669/1669/1669 1668/1668/1668
f 1669/1669/1669 1667/1667/1667 1670/1670/1670
f 1670/1670/1670 1671/1671/1671 1669/1669/1669
f 1671/1671/1671 1670/1670/1670 1672/1672/1672
f 1672/1672/1672 1673/1673/1673 1671/1671/1671
f 1673/1673/1673 1672/1672/1672 1674/1674/1674
f 1675/1675/1675 1673/1673/1673 1674/1674/1674
f 1673/1673/1673 1675/1675/1675 1676/1676/1676
f 1677/1677/1677 1676/1676/1676 1675/1675/1675
f 1676/1676/1676 1677/1677/1677 1678/1678/1678
f 1677/1677/1677 1679/1679/1679 1678/1678/1678
f 1679/1679/1679 1677/1677/1677 1680/1680/1680
f 1684/1684/1684 1685/1685/1685 1682/1682/1682
f 1685/1685/1685 1684/1684/1684 1686/1686/1686
f 1686/1686/1686 1687/1687/1687 1685/1685/1685
f 1687/1687/1687 1686/1686/1686 1688/1688/1688
f 1688/1688/1688 1689/1689/1689 1687/1687/1687
f 1689/1689/1689 1688/1688/1688 1690/1690/1690
f 1691/1691/1691 1689/1689/1689 1690/1690/1690
f 1689/1689/1689 1691/1691/1691 1692/1692/1692
f 1693/1693/1693 1692/1692/1692 1691/1691/1691
f 1692/1692/1692 1693/1693/1693 1694/1694/1694
f 1693/1693/1693 1695/1695/1695 1694/1694/1694
f 1695/1695/1695 1693/1693/1693 1696/1696/1696
f 1696/1696/1696 1697/1697/1697 1695/1695/1695
f 1697/1697/1697 1696/1696/1696 1698/1698/1698
f 1698/1698/1698 1699/1699/1699 1697/1697/1697
f 1699/1699/1699 1698/1698/1698 1700/1700/1700
f 1701/1701/1701 1699/1699/1699 1700/1700/1700
f 1699/1699/1699 1701/1701/1701 1702/1702/1702
f 1703/1703/1703 1702/1702/1702 1701/1701/1701
f 1702/1702/1702 1703/1703/1703 1704/1704/1704
f 1703/1703/1703 1705/1705/1705 1704/1704/1704
f 1705/1705/1705 1703/1703/1703 1706/1706/1706
f 1706/1706/1706 1707/1707/1707 1705/1705/1705
f 1707/1707/1707 1706/1706/1706 1708/1708/1708
f 1709/1709/1709 1707/1707/1707 1708/1708/1708
f 1707/1707/1707 1709/1709/1709 1710/1710/1710
f 1711/1711/1711 1710/1710/1710 1709/1709/1709
f 1710/1710/1710 1711/1711/1711 1712/1712/1712
f 1713/1713/1713 1712/1712/1712 1711/1711/1711
f 1712/1712/1712 1713/1713/1713 1714/1714/1714
f 1715/1715/1715 1714/1714/1714 1713/1713/1713
f 1714/1714/1714 1715/1715/1715 1716/1716/1716
f 1715/1715/1715 1717/1717/1717 1716/1716/1716
f 1717/1717/1717 1715/1715/1715 1718/1718/1718
f 1718/1718/1718 1719/1719/1719 1717/1717/1717
f 1719/1719/1719 1718/1718/1718 1720/1720/1720
f 1720/1720/1720 1721/1721/1721 1719/1719/1719
f 1721/1721/1721 1720/1720/1720 1722/1722/1722
f 1723/1723/1723 1721/1721/1721 1722/1722/1722
f 1721/1721/1721 1723/1723/1723 1724/1724/1724
f 1725/1725/1725 1724/1724/1724 1723/1723/1723
f 1724/1724/1724 1725/1725/1725 1726/1726/1726
f 1725/1725/1725 1727/1727/1727 1726/1726/1726
f 1727/1727/1727 1725/1725/1725 1728/1728/1728
f 1732/1732/1732 1733/1733/1733 1730/1730/1730
f 1733/1733/1733 1732/1732/1732 1734/1734/1734
f 1734/1734/1734 1735/1735/1735 1733/1733/1733
f 1735/1735/1735 1734/1734/1734 1736/1736/1736
f 1736/1736/1736 1737/1737/1737 1735/1735/1735
f 1737/1737/1737 1736/1736/1736 1738/1738/1738
f 1739/1739/1739 1737/1737/1737 1738/1738/1738
f 1737/1737/1737 1739/1739/1739 1740/1740/1740
f 1741/1741/1741 1740/1740/1740 1739/1739/1739
f 1740/1740/1740 1741/1741/1741 1742/1742/1742
f 1741/1741/1741 1743/1743/1743 1742/1742/1742
f 1743/1743/1743 1741/1741/1741 1744/1744/1744
f 1744/1744/1744 1745/1745/1745 1743/1743/1743
f 1745/1745/1745 1744/1744/1744 1746/1746/1746
f 1746/1746/1746 1747/1747/1747 1745/1745/1745
f 1747/1747/1747 1746/1746/1746 1748/1748/1748
f 1749/1749/1749 1747/1747/1747 1748/1748/1748
f 1747/1747/1747 1749/1749/1749 1750/1750/1750
f 1751/1751/1751 1750/1750/1750 1749/1749/1749
f 1750/1750/1750 1751/1751/1751 1752/1752/1752
f 1751/1751/1751 1753/1753/1753 1752/1752/1752
f 1753/1753/1753 1751/1751/1751 1754/1754/1754
f 1754/1754/1754 1755/1755/1755 1753/1753/1753
f 1755/1755/1755 1754/1754/1754 1756/1756/1756
f 1757/1757/1757 1755/1755/1755 1756/1756/1756
f 1755/1755/1755 1757/1757/1757 1758/1758/1758
f 1759/1759/1759 1758/1758/1758 1757/1757/1757
f 1758/1758/1758 1759/1759/1759 1760/1760/1760
f 1761/1761/1761 1760/1760/1760 1759/1759/1759
f 1760/1760/1760 1761/1761/1761 1762/1762/1762
f 1763/1763/1763 1762/1762/1762 1761/1761/1761
f 1762/1762/1762 1763/1763/1763 1764/1764/1764
f 1763/1763/1763 1765/1765/1765 1764/1764/1764
f 1765/1765/1765 1763/1763/1763 1766/1766/1766
f 1766/1766/1766 1767/1767/1767 1765/1765/1765
f 1767/1767/1767 1766/1766/1766 1768/1768/1768
f 1768/1768/1768 1769/1769/1769 1767/1767/1767
f 1769/1769/1769 1768/1768/1768 1770/1770/1770
f 1771/1771/1771 1769/1769/1769 1770/1770/1770
f 1769/1769/1769 1771/1771/1771 1772/1772/1772
f 1773/1773/1773 1772/1772/1772 1771/1771/1771
f 1772/1772/1772 1773/1773/1773 1774/1774/1774
f 1773/1773/1773 1775/1775/1775 1774/1774/1774
f 1775/1775/1775 1773/1773/1773 1776/1776/1776
f 1780/1780/1780 1781/1781/1781 1778/1778/1778
f 1781/1781/1781 1780/1780/1780 1782/1782/1782
f 1782/1782/1782 1783/1783/1783 1781/1781/1781
f 1783/1783/1783 1782/1782/1782 1784/1784/1784
f 1784/1784/1784 1785/1785/1785 1783/1783/1783
f 1785/1785/1785 1784/1784/1784 1786/1786/1786
f 1787/1787/1787 1785/1785/1785 1786/1786/1786
f 1785/1785/1785 1787/1787/1787 1788/1788/1788
f 1789/1789/1789 1788/1788/1788 1787/1787/1787
f 1788/1788/1788 1789/1789/1789 1790/1790/1790
f 1789/1789/1789 1791/1791/1791 1790/1790/1790
f 1791/1791/1791 1789/1789/1789 1792/1792/1792
f 1792/1792/1792 1793/1793/1793 1791/1791/1791
f 1793/1793/1793 1792/1792/1792 1794/1794/1794
f 1794/1794/1794 1795/1795/1795 1793/1793/1793
f 1795/1795/1795 1794/1794/1794 1796/1796/1796
f 1797/1797/1797 1795/1795/1795 1796/1796/1796
f 1795/1795/1795 1797/1797/1797 1798/1798/1798
f 1799/1799/1799 1798/1798/1798 1797/1797/1797
f 1798/1798/1798 1799/1799/1799 1800/1800/1800
f 1799/1799/1799 1801/1801/1801 1800/1800/1800
f 1801/1801/1801 1799/1799/1799 1802/1802/1802
f 1802/1802/1802 1803/1803/1803 1801/1801/1801
f 1803/1803/1803 1802/1802/1802 1804/1804/1804
f 1805/1805/1805 1803/1803/1803 1804/1804/1804
f 1803/1803/1803 1805/1805/1805 1806/1806/1806
f 1807/1807/1807 1806/1806/1806 1805/1805/1805
f 1806/1806/1806 1807/1807/1807 1808/1808/1808
f 1809/1809/1809 1808/1808/1808 1807/1807/1807
f 1808/1808/1808 1809/1809/1809 1810/1810/1810
f 1811/1811/1811 1810/1810/1810 1809/1809/1809
f 1810/1810/1810 1811/1811/1811 1812/1812/1812
f 1811/1811/1811 1813/1813/1813 1812/1812/1812
f 1813/1813/1813 1811/1811/1811 1814/1814/1814
f 1814/1814/1814 1815/1815/1815 1813/1813/1813
f 1815/1815/1815 1814/1814/1814 1816/1816/1816
f 1816/1816/1816 1817/1817/1817 1815/1815/1815
f 1817/1817/1817 1816/1816/1816 1818/1818/1818
f 1819/1819/1819 1817/1817/1817 1818/1818/1818
f 1817/1817/1817 1819/1819/1819 1820/1820/1820
f 1821/1821/1821 1820/1820/1820 1819/1819/1819
f 1820/1820/1820 1821/1821/1821 1822/1822/1822
f 1821/1821/1821 1823/1823/1823 1822/1822/1822
f 1823/1823/1823 1821/1821/1821 1824/1824/1824
f 1828/1828/1828 1829/1829/1829 1826/1826/1826
f 1829/1829/1829 1828/1828/1828 1830/1830/1830
f 1830/1830/1830 1831/1831/1831 1829/1829/1829
f 1831/1831/1831 1830/1830/1830 1832/1832/1832
f 1832/1832/1832 1833/1833/1833 1831/1831/1831
f 1833/1833/1833 1832/1832/1832 1834/1834/1834
f 1835/1835/1835 1833/1833/1833 1834/1834/1834
f 1833/1833/1833 1835/1835/1835 1836/1836/1836
f 1837/1837/1837 1836/1836/1836 1835/1835/1835
f 1836/1836/1836 1837/1837/1837 1838/1838/1838
f 1839/1839/1839 1838/1838/1838 1837/1837/1837
f 1838/1838/1838 1839/1839/1839 1840/1840/1840
f 1841/1841/1841 1840/1840/1840 1839/1839/1839
f 1840/1840/1840 1841/1841/1841 1842/1842/1842
f 1843/1843/1843 1842/1842/1842 1841/1841/1841
f 1842/1842/1842 1843/1843/1843 1844/1844/1844
f 1845/1845/1845 1844/1844/1844 1843/1843/1843
f 1844/1844/1844 1845/1845/1845 1846/1846/1846
f 1847/1847/1847 1846/1846/1846 1845/1845/1845
f 1846/1846/1846 1847/1847/1847 1848/1848/1848
f 1849/1849/1849 1848/1848/1848 1847/1847/1847
f 1848/1848/1848 1849/1849/1849 1850/1850/1850
f 1851/1851/1851 1850/1850/1850 1849/1849/1849
f 1850/1850/1850 1851/1851/1851 1852/1852/1852
f 1853/1853/1853 1852/1852/1852 1851/1851/1851
f 1852/1852/1852 1853/1853/1853 1854/1854/1854
f 1855/1855/1855 1854/1854/1854 1853/1853/1853
f 1854/1854/1854 1855/1855/1855 1856/1856/1856
f 1857/1857/1857 1856/1856/1856 1855/1855/1855
f 1856/1856/1856 1857/1857/1857 1858/1858/1858
f 1859/1859/1859 1858/1858/1858 1857/1857/1857
f 1858/1858/1858 1859/1859/1859 1860/1860/1860
f 1861/1861/1861 1860/1860/1860 1859/1859/1859
f 1860/1860/1860 1861/1861/1861 1862/1862/1862
f 1863/1863/1863 1862/1862/1862 1861/1861/1861
f 1862/1862/1862 1863/1863/1863 1864/1864/1864
f 1865/1865/1865 1864/1864/1864 1863/1863/1863
f 1864/1864/1864 1865/1865/1865 1866/1866/1866
f 1867/1867/1867 1866/1866/1866 1865/1865/1865
f 1866/1866/1866 1867/1867/1867 1868/1868/1868
f 1869/1869/1869 1868/1868/1868 1867/1867/1867
f 1868/1868/1868 1869/1869/1869 1870/1870/1870
f 1869/1869/1869 1871/1871/1871 1870/1870/1870
f 1871/1871/1871 1869/1869/1869 1872/1872/1872
f 1876/1876/1876 1877/1877/1877 1874/1874/1874
f 1877/1877/1877 1876/1876/1876 1878/1878/1878
f 1878/1878/1878 1879/1879/1879 1877/1877/1877
f 1879/1879/1879 1878/1878/1878 1880/1880/1880
f 1880/1880/1880 1881/1881/1881 1879/1879/1879
f 1881/1881/1881 1880/1880/1880 1882/1882/1882
f 1883/1883/1883 1881/1881/1881 1882/1882/1882
f 1881/1881/1881 1883/1883/1883 1884/1884/1884
f 1885/1885/1885 1884/1884/1884 1883/1883/1883
f 1884/1884/1884 1885/1885/1885 1886/1886/1886
f 1887/1887/1887 1886/1886/1886 1885/1885/1885
f 1886/1886/1886 1887/1887/1887 1888/1888/1888
f 1889/1889/1889 1888/1888/1888 1887/1887/1887
f 1888/1888/1888 1889/1889/1889 1890/1890/1890
f 1891/1891/1891 1890/1890/1890 1889/1889/1889
f 1890/1890/1890 1891/1891/1891 1892/1892/1892
f 1893/1893/1893 1892/1892/1892 1891/1891/1891
f 1892/1892/1892 1893/1893/1893 1894/1894/1894
f 1895/1895/1895 1894/1894/1894 1893/1893/1893
f 1894/1894/1894 1895/1895/1895 1896/1896/1896
f 1897/1897/1897 1896/1896/1896 1895/1895/1895
f 1896/1896/1896 1897/1897/1897 1898/1898/1898
f 1899/1899/1899 1898/1898/1898 1897/1897/1897
f 1898/1898/1898 1899/1899/1899 1900/1900/1900
f 1901/1901/1901 1900/1900/1900 1899/1899/1899
f 1900/1900/1900 1901/1901/1901 1902/1902/1902
f 1903/1903/1903 1902/1902/1902 1901/1901/1901
f 1902/1902/1902 1903/1903/1903 1904/1904/1904
f 1905/1905/1905 1904/1904/1904 1903/1903/1903
f 1904/1904/1904 1905/1905/1905 1906/1906/1906
f 1907/1907/1907 1906/1906/1906 1905/1905/1905
f 1906/1906/1906 1907/1907/1907 1908/1908/1908
f 1909/1909/1909 1908/1908/1908 1907/1907/1907
f 1908/1908/1908 1909/1909/1909 1910/1910/1910
f 1911/1911/1911 1910/1910/1910 1909/1909/1909
f 1910/1910/1910 1911/1911/1911 1912/1912/1912
f 1913/1913/1913 1912/1912/1912 1911/1911/1911
f 1912/1912/1912 1913/1913/1913 1914/1914/1914
f 1915/1915/1915 1914/1914/1914 1913/1913/1913
f 1914/1914/1914 1915/1915/1915 1916/1916/1916
f 1917/1917/1917 1916/1916/1916 1915/1915/1915
f 1916/1916/1916 1917/1917/1917 1918/1918/1918
f 1917/1917/1917 1919/1919/1919 1918/1918/1918
f 1919/1919/1919 1917/1917/1917 1920/1920/1920
f 1924/1924/1924 1925/1925/1925 1922/1922/1922
f 1925/1925/1925 1924/1924/1924 1926/1926/1926
f 1926/1926/1926 1927/1927/1927 1925/1925/1925
f 1927/1927/1927 1926/1926/1926 1928/1928/1928
f 1928/1928/1928 1929/1929/1929 1927/1927/1927
f 1929/1929/1929 1928/1928/1928 1930/1930/1930
f 1931/1931/1931 1929/1929/1929 1930/1930/1930
f 1929/1929/1929 1931/1931/1931 1932/1932/1932
f 1933/1933/1933 1932/1932/1932 1931/1931/1931
f 1932/1932/1932 1933/1933/1933 1934/1934/1934
f 1935/1935/1935 1934/1934/1934 1933/1933/1933
f 1934/1934/1934 1935/1935/1935 1936/1936/1936
f 1937/1937/1937 1936/1936/1936 1935/1935/1935
f 1936/1936/1936 1937/1937/1937 1938/1938/1938
f 1939/1939/1939 1938/1938/1938 1937/1937/1937
f 1938/1938/1938 1939/1939/1939 1940/1940/1940
f 1941/1941/1941 1940/1940/1940 1939/1939/1939
f 1940/1940/1940 1941/1941/1941 1942/1942/1942
f 1943/1943/1943 1942/1942/1942 1941/1941/1941
f 1942/1942/1942 1943/1943/1943 1944/1944/1944
f 1945/1945/1945 1944/1944/1944 1943/1943/1943
f 1944/1944/1944 1945/1945/1945 1946/1946/1946
f 1947/1947/1947 1946/1946/1946 1945/1945/1945
f 1946/1946/1946 1947/1947/1947 1948/1948/1948
f 1949/1949/1949 1948/1948/1948 1947/1947/1947
f 1948/1948/1948 1949/1949/1949 1950/1950/1950
f 1951/1951/1951 1950/1950/1950 1949/1949/1949
f 1950/1950/1950 1951/1951/1951 1952/1952/1952
f 1953/1953/1953 1952/1952/1952 1951/1951/1951
f 1952/1952/1952 1953/1953/1953 1954/1954/1954
f 1955/1955/1955 1954/1954/1954 1953/1953/1953
f 1954/1954/1954 1955/1955/1955 1956/1956/1956
f 1957/1957/1957 1956/1956/1956 1955/1955/1955
f 1956/1956/1956 1957/1957/1957 1958/1958/1958
f 1959/1959/1959 1958/1958/1958 1957/1957/1957
f 1958/1958/1958 1959/1959/1959 1960/1960/1960
f 1961/1961/1961 1960/1960/1960 1959/1959/1959
f 1960/1960/1960 1961/1961/1961 1962/1962/1962
f 1963/1963/1963 1962/1962/1962 1961/1961/1961
f 1962/1962/1962 1963/1963/1963 1964/1964/1964
f 1965/1965/1965 1964/1964/1964 1963/1963/1963
f 1964/1964/1964 1965/1965/1965 1966/1966/1966
f 1965/1965/1965 1967/1967/1967 1966/1966/1966
f 1967/1967/1967 1965/1965/1965 1968/1968/1968
f 1972/1972/1972 1973/1973/1973 1970/1970/1970
f 1973/1973/1973 1972/1972/1972 1974/1974/1974
f 1974/1974/1974 1975/1975/1975 1973/1973/1973
f 1975/1975/1975 1974/1974/1974 1976/1976/1976
f 1976/1976/1976 1977/1977/1977 1975/1975/1975
f 1977/1977/1977 1976/1976/1976 1978/1978/1978
f 1979/1979/1979 1977/1977/1977 1978/1978/1978
f 1977/1977/1977 1979/1979/1979 1980/1980/1980
f 1981/1981/1981 1980/1980/1980 1979/1979/1979
f 1980/1980/1980 1981/1981/1981 1982/1982/1982
f 1983/1983/1983 1982/1982/1982 1981/1981/1981
f 1982/1982/1982 1983/1983/1983 1984/1984/1984
f 1985/1985/1985 1984/1984/1984 1983/1983/1983
f 1984/1984/1984 1985/1985/1985 1986/1986/1986
f 1987/1987/1987 1986/1986/1986 1985/1985/1985
f 1986/1986/1986 1987/1987/1987 1988/1988/1988
f 1989/1989/1989 1988/1988/1988 1987/1987/1987
f 1988/1988/1988 1989/1989/1989 1990/1990/1990
f 1991/1991/1991 1990/1990/1990 1989/1989/1989
f 1990/1990/1990 1991/1991/1991 1992/1992/1992
f 1993/1993/1993 1992/1992/1992 1991/1991/1991
f 1992/1992/1992 1993/1993/1993 1994/1994/1994
f 1995/1995/1995 1994/1994/1994 1993/1993/1993
f 1994/1994/1994 1995/1995/1995 1996/1996/1996
f 1997/1997/1997 1996/1996/1996 1995/1995/1995
f 1996/1996/1996 1997/1997/1997 1998/1998/1998
f 1999/1999/1999 1998/1998/1998 1997/1997/1997
f 1998/1998/1998 1999/1999/1999 2000/2000/2000
f 2001/2001/2001 2000/2000/2000 1999/1999/1999
f 2000/2000/2000 2001/2001/2001 2002/2002/2002
f 2003/2003/2003 2002/2002/2002 2001/2001/2001
f 2002/2002/2002 2003/2003/2003 2004/2004/2004
f 2005/2005/2005 2004/2004/2004 2003/2003/2003
f 2004/2004/2004 2005/2005/2005 2006/2006/2006
f 2007/2007/2007 2006/2006/2006 2005/2005/2005
f 2006/2006/2006 2007/2007/2007 2008/2008/2008
f 2009/2009/2009 2008/2008/2008 2007/2007/2007
f 2008/2008/2008 2009/2009/2009 2010/2010/2010
f 2011/2011/2011 2010/2010/2010 2009/2009/2009
f 2010/2010/2010 2011/2011/2011 2012/2012/2012
f 2013/2013/2013 2012/2012/2012 2011/2011/2011
f 2012/2012/2012 2013/2013/2013 2014/2014/2014
f 2013/2013/2013 2015/2015/2015 2014/2014/2014
f 2015/2015/2015 2013/2013/2013 2016/2016/2016
f 2020/2020/2020 2021/2021/2021 2018/2018/2018
f 2021/2021/2021 2020/2020/2020 2022/2022/2022
f 2022/2022/2022 2023/2023/2023 2021/2021/2021
f 2023/2023/2023 2022/2022/2022 2024/2024/2024
f 2024/2024/2024 2025/2025/2025 2023/2023/2023
f 2025/2025/2025 2024/2024/2024 2026/2026/2026
f 2027/2027/2027 2025/2025/2025 2026/2026/2026
f 2025/2025/2025 2027/2027/2027 2028/2028/2028
f 2029/2029/2029 2028/2028/2028 2027/2027/2027
f 2028/2028/2028 2029/2029/2029 2030/2030/2030
f 2031/2031/2031 2030/2030/2030 2029/2029/2029
f 2030/2030/2030 2031/2031/2031 2032/2032/2032
f 2033/2033/2033 2032/2032/2032 2031/2031/2031
f 2032/2032/2032 2033/2033/2033 2034/2034/2034
f 2035/2035/2035 2034/2034/2034 2033/2033/2033
f 2034/2034/2034 2035/2035/2035 2036/2036/2036
f 2037/2037/2037 2036/2036/2036 2035/2035/2035
f 2036/2036/2036 2037/2037/2037 2038/2038/2038
f 2039/2039/2039 2038/2038/2038 2037/2037/2037
f 2038/2038/2038 2039/2039/2039 2040/2040/2040
f 2041/2041/2041 2040/2040/2040 2039/2039/2039
f 2040/2040/2040 2041/2041/2041 2042/2042/2042
f 2043/2043/2043 2042/2042/2042 2041/2041/2041
f 2042/2042/2042 2043/2043/2043 2044/2044/2044
f 2045/2045/2045 2044/2044/2044 2043/2043/2043
f 2044/2044/2044 2045/2045/2045 2046/2046/2046
f 2047/2047/2047 2046/2046/2046 2045/2045/2045
f 2046/2046/2046 2047/2047/2047 2048/2048/2048
f 2049/2049/2049 2048/2048/2048 2047/2047/2047
f 2048/2048/2048 2049/2049/2049 2050/2050/2050
f 2051/2051/2051 2050/2050/2050 2049/2049/2049
f 2050/2050/2050 2051/2051/2051 2052/2052/2052
f 2053/2053/2053 2052/2052/2052 2051/2051/2051
f 2052/2052/2052 2053/2053/2053 2054/2054/2054
f 2055/2055/2055 2054/2054/2054 2053/2053/2053
f 2054/2054/2054 2055/2055/2055 2056/2056/2056
f 2057/2057/2057 2056/2056/2056 2055/2055/2055
f 2056/2056/2056 2057/2057/2057 2058/2058/2058
f 2059/2059/2059 2058/2058/2058 2057/2057/2057
f 2058/2058/2058 2059/2059/2059 2060/2060/2060
f 2061/2061/2061 2060/2060/2060 2059/2059/2059
f 2060/2060/2060 2061/2061/2061 2062/2062/2062
f 2061/2061/2061 2063/2063/2063 2062/2062/2062
f 2063/2063/2063 2061/2061/2061 2064/2064/2064
f 2068/2068/2068 2069/2069/2069 2066/2066/2066
f 2069/2069/2069 2068/2068/2068 2070/2070/2070
f 2070/2070/2070 2071/2071/2071 2069/2069/2069
f 2071/2071/2071 2070/2070/2070 2072/2072/2072
f 2072/2072/2072 2073/2073/2073 2071/2071/2071
f 2073/2073/2073 2072/2072/2072 2074/2074/2074
f 2075/2075/2075 2073/2073/2073 2074/2074/2074
f 2073/2073/2073 2075/2075/2075 2076/2076/2076
f 2077/2077/2077 2076/2076/2076 2075/2075/2075
f 2076/2076/2076 2077/2077/2077 2078/2078/2078
f 2079/2079/2079 2078/2078/2078 2077/2077/2077
f 2078/2078/2078 2079/2079/2079 2080/2080/2080
f 2081/2081/2081 2080/2080/2080 2079/2079/2079
f 2080/2080/2080 2081/2081/2081 2082/2082/2082
f 2083/2083/2083 2082/2082/2082 2081/2081/2081
f 2082/2082/2082 2083/2083/2083 2084/2084/2084
f 2085/2085/2085 2084/2084/2084 2083/2083/2083
f 2084/2084/2084 2085/2085/2085 2086/2086/2086
f 2087/2087/2087 2086/2086/2086 2085/2085/2085
f 2086/2086/2086 2087/2087/2087 2088/2088/2088
f 2089/2089/2089 2088/2088/2088 2087/2087/2087
f 2088/2088/2088 2089/2089/2089 2090/2090/2090
f 2091/2091/2091 2090/2090/2090 2089/2089/2089
f 2090/2090/2090 2091/2091/2091 2092/2092/2092
f 2093/2093/2093 2092/2092/2092 2091/2091/2091
f 2092/2092/2092 2093/2093/2093 2094/2094/2094
f 2095/2095/2095 2094/2094/2094 2093/2093/2093
f 2094/2094/2094 2095/2095/2095 2096/2096/2096
f 2097/2097/2097 2096/2096/2096 2095/2095/2095
f 2096/2096/2096 2097/2097/2097 2098/2098/2098
f 2099/2099/2099 2098/2098/2098 2097/2097/2097
f 2098/2098/2098 2099/2099/2099 2100/2100/2100
f 2101/2101/2101 2100/2100/2100 2099/2099/2099
f 2100/2100/2100 2101/2101/2101 2102/2102/2102
f 2103/2103/2103 2102/2102/2102 2101/2101/2101
f 2102/2102/2102 2103/2103/2103 2104/2104/2104
f 2105/2105/2105 2104/2104/2104 2103/2103/2103
f 2104/2104/2104 2105/2105/2105 2106/2106/2106
f 2107/2107/2107 2106/2106/2106 2105/2105/2105
f 2106/2106/2106 2107/2107/2107 2108/2108/2108
f 2109/2109/2109 2108/2108/2108 2107/2107/2107
f 2108/2108/2108 2109/2109/2109 2110/2110/2110
f 2109/2109/2109 2111/2111/2111 2110/2110/2110
f 2111/2111/2111 2109/2109/2109 2112/2112/2112
f 2117/2117/2117 2116/2116/2116 2113/2113/2113
f 2116/2116/2116 2117/2117/2117 2118/2118/2118
f 2119/2119/2119 2118/2118/2118 2117/2117/2117
f 2118/2118/2118 2119/2119/2119 2120/2120/2120
f 2121/2121/2121 2120/2120/2120 2119/2119/2119
f 2120/2120/2120 2121/2121/2121 2122/2122/2122
f 2123/2123/2123 2122/2122/2122 2121/2121/2121
f 2122/2122/2122 2123/2123/2123 2124/2124/2124
f 2125/2125/2125 2124/2124/2124 2123/2123/2123
f 2124/2124/2124 2125/2125/2125 2126/2126/2126
f 2127/2127/2127 2126/2126/2126 2125/2125/2125
f 2126/2126/2126 2127/2127/2127 2128/2128/2128
f 2129/2129/2129 2128/2128/2128 2127/2127/2127
f 2128/2128/2128 2129/2129/2129 2130/2130/2130
f 2131/2131/2131 2130/2130/2130 2129/2129/2129
f 2130/2130/2130 2131/2131/2131 2132/2132/2132
f 2131/2131/2131 2133/2133/2133 2132/2132/2132
f 2133/2133/2133 2131/2131/2131 2134/2134/2134
f 2134/2134/2134 2135/2135/2135 2133/2133/2133
f 2135/2135/2135 2134/2134/2134 2136/2136/2136
f 2137/2137/2137 2135/2135/2135 2136/2136/2136
f 2135/2135/2135 2137/2137/2137 2138/2138/2138
f 2139/2139/2139 2138/2138/2138 2137/2137/2137
f 2138/2138/2138 2139/2139/2139 2140/2140/2140
f 2139/2139/2139 2141/2141/2141 2140/2140/2140
f 2141/2141/2141 2139/2139/2139 2142/2142/2142
f 2142/2142/2142 2143/2143/2143 2141/2141/2141
f 2143/2143/2143 2142/2142/2142 2144/2144/2144
f 2144/2144/2144 2145/2145/2145 2143/2143/2143
f 2145/2145/2145 2144/2144/2144 2146/2146/2146
f 2146/2146/2146 2147/2147/2147 2145/2145/2145
f 2147/2147/2147 2146/2146/2146 2148/2148/2148
f 2149/2149/2149 2147/2147/2147 2148/2148/2148
f 2147/2147/2147 2149/2149/2149 2150/2150/2150
f 2151/2151/2151 2150/2150/2150 2149/2149/2149
f 2150/2150/2150 2151/2151/2151 2152/2152/2152
f 2153/2153/2153 2152/2152/2152 2151/2151/2151
f 2152/2152/2152 2153/2153/2153 2154/2154/2154
f 2155/2155/2155 2154/2154/2154 2153/2153/2153
f 2154/2154/2154 2155/2155/2155 2156/2156/2156
f 2157/2157/2157 2156/2156/2156 2155/2155/2155
f 2156/2156/2156 2157/2157/2157 2158/2158/2158
f 2159/2159/2159 2158/2158/2158 2157/2157/2157
f 2158/2158/2158 2159/2159/2159 2160/2160/2160
f 2165/2165/2165 2164/2164/2164 2161/2161/2161
f 2164/2164/2164 2165/2165/2165 2166/2166/2166
f 2167/2167/2167 2166/2166/2166 2165/2165/2165
f 2166/2166/2166 2167/2167/2167 2168/2168/2168
f 2169/2169/2169 2168/2168/2168 2167/2167/2167
f 2168/2168/2168 2169/2169/2169 2170/2170/2170
f 2171/2171/2171 2170/2170/2170 2169/2169/2169
f 2170/2170/2170 2171/2171/2171 2172/2172/2172
f 2173/2173/2173 2172/2172/2172 2171/2171/2171
f 2172/2172/2172 2173/2173/2173 2174/2174/2174
f 2175/2175/2175 2174/2174/2174 2173/2173/2173
f 2174/2174/2174 2175/2175/2175 2176/2176/2176
f 2177/2177/2177 2176/2176/2176 2175/2175/2175
f 2176/2176/2176 2177/2177/2177 2178/2178/2178
f 2179/2179/2179 2178/2178/2178 2177/2177/2177
f 2178/2178/2178 2179/2179/2179 2180/2180/2180
f 2179/2179/2179 2181/2181/2181 2180/2180/2180
f 2181/2181/2181 2179/2179/2179 2182/2182/2182
f 2182/2182/2182 2183/2183/2183 2181/2181/2181
f 2183/2183/2183 2182/2182/2182 2184/2184/2184
f 2185/2185/2185 2183/2183/2183 2184/2184/2184
f 2183/2183/2183 2185/2185/2185 2186/2186/2186
f 2187/2187/2187 2186/2186/2186 2185/2185/2185
f 2186/2186/2186 2187/2187/2187 2188/2188/2188
f 2187/2187/2187 2189/2189/2189 2188/2188/2188
f 2189/2189/2189 2187/2187/2187 2190/2190/2190
f 2190/2190/2190 2191/2191/2191 2189/2189/2189
f 2191/2191/2191 2190/2190/2190 2192/2192/2192
f 2192/2192/2192 2193/2193/2193 2191/2191/2191
f 2193/2193/2193 2192/2192/2192 2194/2194/2194
f 2194/2194/2194 2195/2195/2195 2193/2193/2193
f 2195/2195/2195 2194/2194/2194 2196/2196/2196
f 2197/2197/2197 2195/2195/2195 2196/2196/2196
f 2195/2195/2195 2197/2197/2197 2198/2198/2198
f 2199/2199/2199 2198/2198/2198 2197/2197/2197
f 2198/2198/2198 2199/2199/2199 2200/2200/2200
f 2201/2201/2201 2200/2200/2200 2199/2199/2199
f 2200/2200/2200 2201/2201/2201 2202/2202/2202
f 2203/2203/2203 2202/2202/2202 2201/2201/2201
f 2202/2202/2202 2203/2203/2203 2204/2204/2204
f 2205/2205/2205 2204/2204/2204 2203/2203/2203
f 2204/2204/2204 2205/2205/2205 2206/2206/2206
f 2207/2207/2207 2206/2206/2206 2205/2205/2205
f 2206/2206/2206 2207/2207/2207 2208/2208/2208
f 2213/2213/2213 2212/2212/2212 2209/2209/2209
f 2212/2212/2212 2213/2213/2213 2214/2214/2214
f 2215/2215/2215 2214/2214/2214 2213/2213/2213
f 2214/2214/2214 2215/2215/2215 2216/2216/2216
f 2217/2217/2217 2216/2216/2216 2215/2215/2215
f 2216/2216/2216 2217/2217/2217 2218/2218/2218
f 2219/2219/2219 2218/2218/2218 2217/2217/2217
f 2218/2218/2218 2219/2219/2219 2220/2220/2220
f 2221/2221/2221 2220/2220/2220 2219/2219/2219
f 2220/2220/2220 2221/2221/2221 2222/2222/2222
f 2223/2223/2223 2222/2222/2222 2221/2221/2221
f 2222/2222/2222 2223/2223/2223 2224/2224/2224
f 2225/2225/2225 2224/2224/2224 2223/2223/2223
f 2224/2224/2224 2225/2225/2225 2226/2226/2226
f 2227/2227/2227 2226/2226/2226 2225/2225/2225
f 2226/2226/2226 2227/2227/2227 2228/2228/2228
f 2227/2227/2227 2229/2229/2229 2228/2228/2228
f 2229/2229/2229 2227/2227/2227 2230/2230/2230
f 2230/2230/2230 2231/2231/2231 2229/2229/2229
f 2231/2231/2231 2230/2230/2230 2232/2232/2232
f 2233/2233/2233 2231/2231/2231 2232/2232/2232
f 2231/2231/2231 2233/2233/2233 2234/2234/2234
f 2235/2235/2235 2234/2234/2234 2233/2233/2233
f 2234/2234/2234 2235/2235/2235 2236/2236/2236
f 2235/2235/2235 2237/2237/2237 2236/2236/2236
f 2237/2237/2237 2235/2235/2235 2238/2238/2238
f 2238/2238/2238 2239/2239/2239 2237/2237/2237
f 2239/2239/2239 2238/2238/2238 2240/2240/2240
f 2240/2240/2240 2241/2241/2241 2239/2239/2239
f 2241/2241/2241 2240/2240/2240 2242/2242/2242
f 2242/2242/2242 2243/2243/2243 2241/2241/2241
f 2243/2243/2243 2242/2242/2242 2244/2244/2244
f 2245/2245/2245 2243/2243/2243 2244/2244/2244
f 2243/2243/2243 2245/2245/2245 2246/2246/2246
f 2247/2247/2247 2246/2246/2246 2245/2245/2245
f 2246/2246/2246 2247/2247/2247 2248/2248/2248
f 2249/2249/2249 2248/2248/2248 2247/2247/2247
f 2248/2248/2248 2249/2249/2249 2250/2250/2250
f 2251/2251/2251 2250/2250/2250 2249/2249/2249
f 2250/2250/2250 2251/2251/2251 2252/2252/2252
f 2253/2253/2253 2252/2252/2252 2251/2251/2251
f 2252/2252/2252 2253/2253/2253 2254/2254/2254
f 2255/2255/2255 2254/2254/2254 2253/2253/2253
f 2254/2254/2254 2255/2255/2255 2256/2256/2256
f 2261/2261/2261 2260/2260/2260 2257/2257/2257
f 2260/2260/2260 2261/2261/2261 2262/2262/2262
f 2263/2263/2263 2262/2262/2262 2261/2261/2261
f 2262/2262/2262 2263/2263/2263 2264/2264/2264
f 2265/2265/2265 2264/2264/2264 2263/2263/2263
f 2264/2264/2264 2265/2265/2265 2266/2266/2266
f 2265/2265/2265 2267/2267/2267 2266/2266/2266
f 2267/2267/2267 2265/2265/2265 2268/2268/2268
f 2268/2268/2268 2269/2269/2269 2267/2267/2267
f 2269/2269/2269 2268/2268/2268 2270/2270/2270
f 2270/2270/2270 2271/2271/2271 2269/2269/2269
f 2271/2271/2271 2270/2270/2270 2272/2272/2272
f 2273/2273/2273 2271/2271/2271 2272/2272/2272
f 2271/2271/2271 2273/2273/2273 2274/2274/2274
f 2275/2275/2275 2274/2274/2274 2273/2273/2273
f 2274/2274/2274 2275/2275/2275 2276/2276/2276
f 2275/2275/2275 2277/2277/2277 2276/2276/2276
f 2277/2277/2277 2275/2275/2275 2278/2278/2278
f 2278/2278/2278 2279/2279/2279 2277/2277/2277
f 2279/2279/2279 2278/2278/2278 2280/2280/2280
f 2281/2281/2281 2279/2279/2279 2280/2280/2280
f 2279/2279/2279 2281/2281/2281 2282/2282/2282
f 2283/2283/2283 2282/2282/2282 2281/2281/2281
f 2282/2282/2282 2283/2283/2283 2284/2284/2284
f 2283/2283/2283 2285/2285/2285 2284/2284/2284
f 2285/2285/2285 2283/2283/2283 2286/2286/2286
f 2286/2286/2286 2287/2287/2287 2285/2285/2285
f 2287/2287/2287 2286/2286/2286 2288/2288/2288
f 2288/2288/2288 2289/2289/2289 2287/2287/2287
f 2289/2289/2289 2288/2288/2288 2290/2290/2290
f 2290/2290/2290 2291/2291/2291 2289/2289/2289
f 2291/2291/2291 2290/2290/2290 2292/2292/2292
f 2293/2293/2293 2291/2291/2291 2292/2292/2292
f 2291/2291/2291 2293/2293/2293 2294/2294/2294
f 2295/2295/2295 2294/2294/2294 2293/2293/2293
f 2294/2294/2294 2295/2295/2295 2296/2296/2296
f 2295/2295/2295 2297/2297/2297 2296/2296/2296
f 2297/2297/2297 2295/2295/2295 2298/2298/2298
f 2298/2298/2298 2299/2299/2299 2297/2297/2297
f 2299/2299/2299 2298/2298/2298 2300/2300/2300
f 2300/2300/2300 2301/2301/2301 2299/2299/2299
f 2301/2301/2301 2300/2300/2300 2302/2302/2302
f 2303/2303/2303 2301/2301/2301 2302/2302/2302
f 2301/2301/2301 2303/2303/2303 2304/2304/2304
f 2309/2309/2309 2308/2308/2308 2305/2305/2305
f 2308/2308/2308 2309/2309/2309 2310/2310/2310
f 2311/2311/2311 2310/2310/2310 2309/2309/2309
f 2310/2310/2310 2311/2311/2311 2312/2312/2312
f 2313/2313/2313 2312/2312/2312 2311/2311/2311
f 2312/2312/2312 2313/2313/2313 2314/2314/2314
f 2313/2313/2313 2315/2315/2315 2314/2314/2314
f 2315/2315/2315 2313/2313/2313 2316/2316/2316
f 2316/2316/2316 2317/2317/2317 2315/2315/2315
f 2317/2317/2317 2316/2316/2316 2318/2318/2318
f 2318/2318/2318 2319/2319/2319 2317/2317/2317
f 2319/2319/2319 2318/2318/2318 2320/2320/2320
f 2321/2321/2321 2319/2319/2319 2320/2320/2320
f 2319/2319/2319 2321/2321/2321 2322/2322/2322
f 2323/2323/2323 2322/2322/2322 2321/2321/2321
f 2322/2322/2322 2323/2323/2323 2324/2324/2324
f 2323/2323/2323 2325/2325/2325 2324/2324/2324
f 2325/2325/2325 2323/2323/2323 2326/2326/2326
f 2326/2326/2326 2327/2327/2327 2325/2325/2325
f 2327/2327/2327 2326/2326/2326 2328/2328/2328
f 2329/2329/2329 2327/2327/2327 2328/2328/2328
f 2327/2327/2327 2329/2329/2329 2330/2330/2330
f 2331/2331/2331 2330/2330/2330 2329/2329/2329
f 2330/2330/2330 2331/2331/2331 2332/2332/2332
f 2331/2331/2331 2333/2333/2333 2332/2332/2332
f 2333/2333/2333 2331/2331/2331 2334/2334/2334
f 2334/2334/2334 2335/2335/2335 2333/2333/2333
f 2335/2335/2335 2334/2334/2334 2336/2336/2336
f 2336/2336/2336 2337/2337/2337 2335/2335/2335
f 2337/2337/2337 2336/2336/2336 2338/2338/2338
f 2338/2338/2338 2339/2339/2339 2337/2337/2337
f 2339/2339/2339 2338/2338/2338 2340/2340/2340
f 2341/2341/2341 2339/2339/2339 2340/2340/2340
f 2339/2339/2339 2341/2341/2341 2342/2342/2342
f 2343/2343/2343 2342/2342/2342 2341/2341/2341
f 2342/2342/2342 2343/2343/2343 2344/2344/2344
f 2343/2343/2343 2345/2345/2345 2344/2344/2344
f 2345/2345/2345 2343/2343/2343 2346/2346/2346
f 2346/2346/2346 2347/2347/2347 2345/2345/2345
f 2347/2347/2347 2346/2346/2346 2348/2348/2348
f 2348/2348/2348 2349/2349/2349 2347/2347/2347
f 2349/2349/2349 2348/2348/2348 2350/2350/2350
f 2351/2351/2351 2349/2349/2349 2350/2350/2350
f 2349/2349/2349 2351/2351/2351 2352/2352/2352
f 2357/2357/2357 2356/2356/2356 2353/2353/2353
f 2356/2356/2356 2357/2357/2357 2358/2358/2358
f 2359/2359/2359 2358/2358/2358 2357/2357/2357
f 2358/2358/2358 2359/2359/2359 2360/2360/2360
f 2361/2361/2361 2360/2360/2360 2359/2359/2359
f 2360/2360/2360 2361/2361/2361 2362/2362/2362
f 2361/2361/2361 2363/2363/2363 2362/2362/2362
f 2363/2363/2363 2361/2361/2361 2364/2364/2364
f 2364/2364/2364 2365/2365/2365 2363/2363/2363
f 2365/2365/2365 2364/2364/2364 2366/2366/2366
f 2366/2366/2366 2367/2367/2367 2365/2365/2365
f 2367/2367/2367 2366/2366/2366 2368/2368/2368
f 2368/2368/2368 2369/2369/2369 2367/2367/2367
f 2369/2369/2369 2368/2368/2368 2370/2370/2370
f 2370/2370/2370 2371/2371/2371 2369/2369/2369
f 2371/2371/2371 2370/2370/2370 2372/2372/2372
f 2372/2372/2372 2373/2373/2373 2371/2371/2371
f 2373/2373/2373 2372/2372/2372 2374/2374/2374
f 2374/2374/2374 2375/2375/2375 2373/2373/2373
f 2375/2375/2375 2374/2374/2374 2376/2376/2376
f 2376/2376/2376 2377/2377/2377 2375/2375/2375
f 2377/2377/2377 2376/2376/2376 2378/2378/2378
f 2378/2378/2378 2379/2379/2379 2377/2377/2377
f 2379/2379/2379 2378/2378/2378 2380/2380/2380
f 2380/2380/2380 2381/2381/2381 2379/2379/2379
f 2381/2381/2381 2380/2380/2380 2382/2382/2382
f 2382/2382/2382 2383/2383/2383 2381/2381/2381
f 2383/2383/2383 2382/2382/2382 2384/2384/2384
f 2384/2384/2384 2385/2385/2385 2383/2383/2383
f 2385/2385/2385 2384/2384/2384 2386/2386/2386
f 2386/2386/2386 2387/2387/2387 2385/2385/2385
f 2387/2387/2387 2386/2386/2386 2388/2388/2388
f 2388/2388/2388 2389/2389/2389 2387/2387/2387
f 2389/2389/2389 2388/2388/2388 2390/2390/2390
f 2390/2390/2390 2391/2391/2391 2389/2389/2389
f 2391/2391/2391 2390/2390/2390 2392/2392/2392
f 2392/2392/2392 2393/2393/2393 2391/2391/2391
f 2393/2393/2393 2392/2392/2392 2394/2394/2394
f 2394/2394/2394 2395/2395/2395 2393/2393/2393
f 2395/2395/2395 2394/2394/2394 2396/2396/2396
f 2396/2396/2396 2397/2397/2397 2395/2395/2395
f 2397/2397/2397 2396/2396/2396 2398/2398/2398
f 2399/2399/2399 2397/2397/2397 2398/2398/2398
f 2397/2397/2397 2399/2399/2399 2400/2400/2400
f 2404/2404/2404 2405/2405/2405 2402/2402/2402
f 2405/2405/2405 2404/2404/2404 2406/2406/2406
f 2406/2406/2406 2407/2407/2407 2405/2405/2405
f 2407/2407/2407 2406/2406/2406 2408/2408/2408
f 2408/2408/2408 2409/2409/2409 2407/2407/2407
f 2409/2409/2409 2408/2408/2408 2410/2410/2410
f 2411/2411/2411 2409/2409/2409 2410/2410/2410
f 2409/2409/2409 2411/2411/2411 2412/2412/2412
f 2413/2413/2413 2412/2412/2412 2411/2411/2411
f 2412/2412/2412 2413/2413/2413 2414/2414/2414
f 2413/2413/2413 2415/2415/2415 2414/2414/2414
f 2415/2415/2415 2413/2413/2413 2416/2416/2416
f 2416/2416/2416 2417/2417/2417 2415/2415/2415
f 2417/2417/2417 2416/2416/2416 2418/2418/2418
f 2418/2418/2418 2419/2419/2419 2417/2417/2417
f 2419/2419/2419 2418/2418/2418 2420/2420/2420
f 2421/2421/2421 2419/2419/2419 2420/2420/2420
f 2419/2419/2419 2421/2421/2421 2422/2422/2422
f 2423/2423/2423 2422/2422/2422 2421/2421/2421
f 2422/2422/2422 2423/2423/2423 2424/2424/2424
f 2423/2423/2423 2425/2425/2425 2424/2424/2424
f 2425/2425/2425 2423/2423/2423 2426/2426/2426
f 2426/2426/2426 2427/2427/2427 2425/2425/2425
f 2427/2427/2427 2426/2426/2426 2428/2428/2428
f 2429/2429/2429 2427/2427/2427 2428/2428/2428
f 2427/2427/2427 2429/2429/2429 2430/2430/2430
f 2431/2431/2431 2430/2430/2430 2429/2429/2429
f 2430/2430/2430 2431/2431/2431 2432/2432/2432
f 2433/2433/2433 2432/2432/2432 2431/2431/2431
f 2432/2432/2432 2433/2433/2433 2434/2434/2434
f 2435/2435/2435 2434/2434/2434 2433/2433/2433
f 2434/2434/2434 2435/2435/2435 2436/2436/2436
f 2435/2435/2435 2437/2437/2437 2436/2436/2436
f 2437/2437/2437 2435/2435/2435 2438/2438/2438
f 2438/2438/2438 2439/2439/2439 2437/2437/2437
f 2439/2439/2439 2438/2438/2438 2440/2440/2440
f 2440/2440/2440 2441/2441/2441 2439/2439/2439
f 2441/2441/2441 2440/2440/2440 2442/2442/2442
f 2443/2443/2443 2441/2441/2441 2442/2442/2442
f 2441/2441/2441 2443/2443/2443 2444/2444/2444
f 2445/2445/2445 2444/2444/2444 2443/2443/2443
f 2444/2444/2444 2445/2445/2445 2446/2446/2446
f 2445/2445/2445 2447/2447/2447 2446/2446/2446
f 2447/2447/2447 2445/2445/2445 2448/2448/2448
f 2452/2452/2452 2453/2453/2453 2450/2450/2450
f 2453/2453/2453 2452/2452/2452 2454/2454/2454
f 2454/2454/2454 2455/2455/2455 2453/2453/2453
f 2455/2455/2455 2454/2454/2454 2456/2456/2456
f 2456/2456/2456 2457/2457/2457 2455/2455/2455
f 2457/2457/2457 2456/2456/2456 2458/2458/2458
f 2459/2459/2459 2457/2457/2457 2458/2458/2458
f 2457/2457/2457 2459/2459/2459 2460/2460/2460
f 2461/2461/2461 2460/2460/2460 2459/2459/2459
f 2460/2460/2460 2461/2461/2461 2462/2462/2462
f 2461/2461/2461 2463/2463/2463 2462/2462/2462
f 2463/2463/2463 2461/2461/2461 2464/2464/2464
f 2464/2464/2464 2465/2465/2465 2463/2463/2463
f 2465/2465/2465 2464/2464/2464 2466/2466/2466
f 2466/2466/2466 2467/2467/2467 2465/2465/2465
f 2467/2467/2467 2466/2466/2466 2468/2468/2468
f 2469/2469/2469 2467/2467/2467 2468/2468/2468
f 2467/2467/2467 2469/2469/2469 2470/2470/2470
f 2471/2471/2471 2470/2470/2470 2469/2469/2469
f 2470/2470/2470 2471/2471/2471 2472/2472/2472
f 2471/2471/2471 2473/2473/2473 2472/2472/2472
f 2473/2473/2473 2471/2471/2471 2474/2474/2474
f 2474/2474/2474 2475/2475/2475 2473/2473/2473
f 2475/2475/2475 2474/2474/2474 2476/2476/2476
f 2477/2477/2477 2475/2475/2475 2476/2476/2476
f 2475/2475/2475 2477/2477/2477 2478/2478/2478
f 2479/2479/2479 2478/2478/2478 2477/2477/2477
f 2478/2478/2478 2479/2479/2479 2480/2480/2480
f 2481/2481/2481 2480/2480/2480 2479/2479/2479
f 2480/2480/2480 2481/2481/2481 2482/2482/2482
f 2483/2483/2483 2482/2482/2482 2481/2481/2481
f 2482/2482/2482 2483/2483/2483 2484/2484/2484
f 2483/2483/2483 2485/2485/2485 2484/2484/2484
f 2485/2485/2485 2483/2483/2483 2486/2486/2486
f 2486/2486/2486 2487/2487/2487 2485/2485/2485
f 2487/2487/2487 2486/2486/2486 2488/2488/2488
f 2488/2488/2488 2489/2489/2489 2487/2487/2487
f 2489/2489/2489 2488/2488/2488 2490/2490/2490
f 2491/2491/2491 2489/2489/2489 2490/2490/2490
f 2489/2489/2489 2491/2491/2491 2492/2492/2492
f 2493/2493/2493 2492/2492/2492 2491/2491/2491
f 2492/2492/2492 2493/2493/2493 2494/2494/2494
f 2493/2493/2493 2495/2495/2495 2494/2494/2494
f 2495/2495/2495 2493/2493/2493 2496/2496/2496
f 2500/2500/2500 2501/2501/2501 2498/2498/2498
f 2501/2501/2501 2500/2500/2500 2502/2502/2502
f 2502/2502/2502 2503/2503/2503 2501/2501/2501
f 2503/2503/2503 2502/2502/2502 2504/2504/2504
f 2504/2504/2504 2505/2505/2505 2503/2503/2503
f 2505/2505/2505 2504/2504/2504 2506/2506/2506
f 2507/2507/2507 2505/2505/2505 2506/2506/2506
f 2505/2505/2505 2507/2507/2507 2508/2508/2508
f 2509/2509/2509 2508/2508/2508 2507/2507/2507
f 2508/2508/2508 2509/2509/2509 2510/2510/2510
f 2509/2509/2509 2511/2511/2511 2510/2510/2510
f 2511/2511/2511 2509/2509/2509 2512/2512/2512
f 2512/2512/2512 2513/2513/2513 2511/2511/2511
f 2513/2513/2513 2512/2512/2512 2514/2514/2514
f 2514/2514/2514 2515/2515/2515 2513/2513/2513
f 2515/2515/2515 2514/2514/2514 2516/2516/2516
f 2517/2517/2517 2515/2515/2515 2516/2516/2516
f 2515/2515/2515 2517/2517/2517 2518/2518/2518
f 2519/2519/2519 2518/2518/2518 2517/2517/2517
f 2518/2518/2518 2519/2519/2519 2520/2520/2520
f 2519/2519/2519 2521/2521/2521 2520/2520/2520
f 2521/2521/2521 2519/2519/2519 2522/2522/2522
f 2522/2522/2522 2523/2523/2523 2521/2521/2521
f 2523/2523/2523 2522/2522/2522 2524/2524/2524
f 2525/2525/2525 2523/2523/2523 2524/2524/2524
f 2523/2523/2523 2525/2525/2525 2526/2526/2526
f 2527/2527/2527 2526/2526/2526 2525/2525/2525
f 2526/2526/2526 2527/2527/2527 2528/2528/2528
f 2529/2529/2529 2528/2528/2528 2527/2527/2527
f 2528/2528/2528 2529/2529/2529 2530/2530/2530
f 2531/2531/2531 2530/2530/2530 2529/2529/2529
f 2530/2530/2530 2531/2531/2531 2532/2532/2532
f 2531/2531/2531 2533/2533/2533 2532/2532/2532
f 2533/2533/2533 2531/2531/2531 2534/2534/2534
f 2534/2534/2534 2535/2535/2535 2533/2533/2533
f 2535/2535/2535 2534/2534/2534 2536/2536/2536
f 2536/2536/2536 2537/2537/2537 2535/2535/2535
f 2537/2537/2537 2536/2536/2536 2538/2538/2538
f 2539/2539/2539 2537/2537/2537 2538/2538/2538
f 2537/2537/2537 2539/2539/2539 2540/2540/2540
f 2541/2541/2541 2540/2540/2540 2539/2539/2539
f 2540/2540/2540 2541/2541/2541 2542/2542/2542
f 2541/2541/2541 2543/2543/2543 2542/2542/2542
f 2543/2543/2543 2541/2541/2541 2544/2544/2544
f 2548/2548/2548 2549/2549/2549 2546/2546/2546
f 2549/2549/2549 2548/2548/2548 2550/2550/2550
f 2550/2550/2550 2551/2551/2551 2549/2549/2549
f 2551/2551/2551 2550/2550/2550 2552/2552/2552
f 2552/2552/2552 2553/2553/2553 2551/2551/2551
f 2553/2553/2553 2552/2552/2552 2554/2554/2554
f 2555/2555/2555 2553/2553/2553 2554/2554/2554
f 2553/2553/2553 2555/2555/2555 2556/2556/2556
f 2557/2557/2557 2556/2556/2556 2555/2555/2555
f 2556/2556/2556 2557/2557/2557 2558/2558/2558
f 2557/2557/2557 2559/2559/2559 2558/2558/2558
f 2559/2559/2559 2557/2557/2557 2560/2560/2560
f 2560/2560/2560 2561/2561/2561 2559/2559/2559
f 2561/2561/2561 2560/2560/2560 2562/2562/2562
f 2562/2562/2562 2563/2563/2563 2561/2561/2561
f 2563/2563/2563 2562/2562/2562 2564/2564/2564
f 2565/2565/2565 2563/2563/2563 2564/2564/2564
f 2563/2563/2563 2565/2565/2565 2566/2566/2566
f 2567/2567/2567 2566/2566/2566 2565/2565/2565
f 2566/2566/2566 2567/2567/2567 2568/2568/2568
f 2567/2567/2567 2569/2569/2569 2568/2568/2568
f 2569/2569/2569 2567/2567/2567 2570/2570/2570
f 2570/2570/2570 2571/2571/2571 2569/2569/2569
f 2571/2571/2571 2570/2570/2570 2572/2572/2572
f 2573/2573/2573 2571/2571/2571 2572/2572/2572
f 2571/2571/2571 2573/2573/2573 2574/2574/2574
f 2575/2575/2575 2574/2574/2574 2573/2573/2573
f 2574/2574/2574 2575/2575/2575 2576/2576/2576
f 2577/2577/2577 2576/2576/2576 2575/2575/2575
f 2576/2576/2576 2577/2577/2577 2578/2578/2578
f 2579/2579/2579 2578/2578/2578 2577/2577/2577
f 2578/2578/2578 2579/2579/2579 2580/2580/2580
f 2579/2579/2579 2581/2581/2581 2580/2580/2580
f 2581/2581/2581 2579/2579/2579 2582/2582/2582
f 2582/2582/2582 2583/2583/2583 2581/2581/2581
f 2583/2583/2583 2582/2582/2582 2584/2584/2584
f 2584/2584/2584 2585/2585/2585 2583/2583/2583
f 2585/2585/2585 2584/2584/2584 2586/2586/2586
f 2587/2587/2587 2585/2585/2585 2586/2586/2586
f 2585/2585/2585 2587/2587/2587 2588/2588/2588
f 2589/2589/2589 2588/2588/2588 2587/2587/2587
f 2588/2588/2588 2589/2589/2589 2590/2590/2590
f 2589/2589/2589 2591/2591/2591 2590/2590/2590
f 2591/2591/2591 2589/2589/2589 2592/2592/2592
f 2597/2597/2597 2596/2596/2596 2593/2593/2593
f 2596/2596/2596 2597/2597/2597 2598/2598/2598
f 2599/2599/2599 2598/2598/2598 2597/2597/2597
f 2598/2598/2598 2599/2599/2599 2600/2600/2600
f 2601/2601/2601 2600/2600/2600 2599/2599/2599
f 2600/2600/2600 2601/2601/2601 2602/2602/2602
f 2601/2601/2601 2603/2603/2603 2602/2602/2602
f 2603/2603/2603 2601/2601/2601 2604/2604/2604
f 2604/2604/2604 2605/2605/2605 2603/2603/2603
f 2605/2605/2605 2604/2604/2604 2606/2606/2606
f 2606/2606/2606 2607/2607/2607 2605/2605/2605
f 2607/2607/2607 2606/2606/2606 2608/2608/2608
f 2609/2609/2609 2607/2607/2607 2608/2608/2608
f 2607/2607/2607 2609/2609/2609 2610/2610/2610
f 2611/2611/2611 2610/2610/2610 2609/2609/2609
f 2610/2610/2610 2611/2611/2611 2612/2612/2612
f 2611/2611/2611 2613/2613/2613 2612/2612/2612
f 2613/2613/2613 2611/2611/2611 2614/2614/2614
f 2614/2614/2614 2615/2615/2615 2613/2613/2613
f 2615/2615/2615 2614/2614/2614 2616/2616/2616
f 2617/2617/2617 2615/2615/2615 2616/2616/2616
f 2615/2615/2615 2617/2617/2617 2618/2618/2618
f 2619/2619/2619 2618/2618/2618 2617/2617/2617
f 2618/2618/2618 2619/2619/2619 2620/2620/2620
f 2619/2619/2619 2621/2621/2621 2620/2620/2620
f 2621/2621/2621 2619/2619/2619 2622/2622/2622
f 2622/2622/2622 2623/2623/2623 2621/2621/2621
f 2623/2623/2623 2622/2622/2622 2624/2624/2624
f 2624/2624/2624 2625/2625/2625 2623/2623/2623
f 2625/2625/2625 2624/2624/2624 2626/2626/2626
f 2626/2626/2626 2627/2627/2627 2625/2625/2625
f 2627/2627/2627 2626/2626/2626 2628/2628/2628
f 2629/2629/2629 2627/2627/2627 2628/2628/2628
f 2627/2627/2627 2629/2629/2629 2630/2630/2630
f 2631/2631/2631 2630/2630/2630 2629/2629/2629
f 2630/2630/2630 2631/2631/2631 2632/2632/2632
f 2631/2631/2631 2633/2633/2633 2632/2632/2632
f 2633/2633/2633 2631/2631/2631 2634/2634/2634
f 2634/2634/2634 2635/2635/2635 2633/2633/2633
f 2635/2635/2635 2634/2634/2634 2636/2636/2636
f 2636/2636/2636 2637/2637/2637 2635/2635/2635
f 2637/2637/2637 2636/2636/2636 2638/2638/2638
f 2639/2639/2639 2637/2637/2637 2638/2638/2638
f 2637/2637/2637 2639/2639/2639 2640/2640/2640
f 2645/2645/2645 2644/2644/2644 2641/2641/2641
f 2644/2644/2644 2645/2645/2645 2646/2646/2646
f 2647/2647/2647 2646/2646/2646 2645/2645/2645
f 2646/2646/2646 2647/2647/2647 2648/2648/2648
f 2649/2649/2649 2648/2648/2648 2647/2647/2647
f 2648/2648/2648 2649/2649/2649 2650/2650/2650
f 2651/2651/2651 2650/2650/2650 2649/2649/2649
f 2650/2650/2650 2651/2651/2651 2652/2652/2652
f 2653/2653/2653 2652/2652/2652 2651/2651/2651
f 2652/2652/2652 2653/2653/2653 2654/2654/2654
f 2655/2655/2655 2654/2654/2654 2653/2653/2653
f 2654/2654/2654 2655/2655/2655 2656/2656/2656
f 2657/2657/2657 2656/2656/2656 2655/2655/2655
f 2656/2656/2656 2657/2657/2657 2658/2658/2658
f 2659/2659/2659 2658/2658/2658 2657/2657/2657
f 2658/2658/2658 2659/2659/2659 2660/2660/2660
f 2659/2659/2659 2661/2661/2661 2660/2660/2660
f 2661/2661/2661 2659/2659/2659 2662/2662/2662
f 2662/2662/2662 2663/2663/2663 2661/2661/2661
f 2663/2663/2663 2662/2662/2662 2664/2664/2664
f 2665/2665/2665 2663/2663/2663 2664/2664/2664
f 2663/2663/2663 2665/2665/2665 2666/2666/2666
f 2667/2667/2667 2666/2666/2666 2665/2665/2665
f 2666/2666/2666 2667/2667/2667 2668/2668/2668
f 2667/2667/2667 2669/2669/2669 2668/2668/2668
f 2669/2669/2669 2667/2667/2667 2670/2670/2670
f 2670/2670/2670 2671/2671/2671 2669/2669/2669
f 2671/2671/2671 2670/2670/2670 2672/2672/2672
f 2672/2672/2672 2673/2673/2673 2671/2671/2671
f 2673/2673/2673 2672/2672/2672 2674/2674/2674
f 2674/2674/2674 2675/2675/2675 2673/2673/2673
f 2675/2675/2675 2674/2674/2674 2676/2676/2676
f 2677/2677/2677 2675/2675/2675 2676/2676/2676
f 2675/2675/2675 2677/2677/2677 2678/2678/2678
f 2679/2679/2679 2678/2678/2678 2677/2677/2677
f 2678/2678/2678 2679/2679/2679 2680/2680/2680
f 2681/2681/2681 2680/2680/2680 2679/2679/2679
f 2680/2680/2680 2681/2681/2681 2682/2682/2682
f 2683/2683/2683 2682/2682/2682 2681/2681/2681
f 2682/2682/2682 2683/2683/2683 2684/2684/2684
f 2685/2685/2685 2684/2684/2684 2683/2683/2683
f 2684/2684/2684 2685/2685/2685 2686/2686/2686
f 2687/2687/2687 2686/2686/2686 2685/2685/2685
f 2686/2686/2686 2687/2687/2687 2688/2688/2688
f 2692/2692/2692 2693/2693/2693 2690/2690/2690
f 2693/2693/2693 2692/2692/2692 2694/2694/2694
f 2694/2694/2694 2695/2695/2695 2693/2693/2693
f 2695/2695/2695 2694/2694/2694 2696/2696/2696
f 2696/2696/2696 2697/2697/2697 2695/2695/2695
f 2697/2697/2697 2696/2696/2696 2698/2698/2698
f 2699/2699/2699 2697/2697/2697 2698/2698/2698
f 2697/2697/2697 2699/2699/2699 2700/2700/2700
f 2701/2701/2701 2700/2700/2700 2699/2699/2699
f 2700/2700/2700 2701/2701/2701 2702/2702/2702
f 2703/2703/2703 2702/2702/2702 2701/2701/2701
f 2702/2702/2702 2703/2703/2703 2704/2704/2704
f 2705/2705/2705 2704/2704/2704 2703/2703/2703
f 2704/2704/2704 2705/2705/2705 2706/2706/2706
f 2707/2707/2707 2706/2706/2706 2705/2705/2705
f 2706/2706/2706 2707/2707/2707 2708/2708/2708
f 2709/2709/2709 2708/2708/2708 2707/2707/2707
f 2708/2708/2708 2709/2709/2709 2710/2710/2710
f 2711/2711/2711 2710/2710/2710 2709/2709/2709
f 2710/2710/2710 2711/2711/2711 2712/2712/2712
f 2713/2713/2713 2712/2712/2712 2711/2711/2711
f 2712/2712/2712 2713/2713/2713 2714/2714/2714
f 2715/2715/2715 2714/2714/2714 2713/2713/2713
f 2714/2714/2714 2715/2715/2715 2716/2716/2716
f 2717/2717/2717 2716/2716/2716 2715/2715/2715
f 2716/2716/2716 2717/2717/2717 2718/2718/2718
f 2719/2719/2719 2718/2718/2718 2717/2717/2717
f 2718/2718/2718 2719/2719/2719 2720/2720/2720
f 2721/2721/2721 2720/2720/2720 2719/2719/2719
f 2720/2720/2720 2721/2721/2721 2722/2722/2722
f 2723/2723/2723 2722/2722/2722 2721/2721/2721
f 2722/2722/2722 2723/2723/2723 2724/2724/2724
f 2725/2725/2725 2724/2724/2724 2723/2723/2723
f 2724/2724/2724 2725/2725/2725 2726/2726/2726
f 2727/2727/2727 2726/2726/2726 2725/2725/2725
f 2726/2726/2726 2727/2727/2727 2728/2728/2728
f 2729/2729/2729 2728/2728/2728 2727/2727/2727
f 2728/2728/2728 2729/2729/2729 2730/2730/2730
f 2731/2731/2731 2730/2730/2730 2729/2729/2729
f 2730/2730/2730 2731/2731/2731 2732/2732/2732
f 2733/2733/2733 2732/2732/2732 2731/2731/2731
f 2732/2732/2732 2733/2733/2733 2734/2734/2734
f 2733/2733/2733 2735/2735/2735 2734/2734/2734
f 2735/2735/2735 2733/2733/2733 2736/2736/2736
f 2740/2740/2740 2741/2741/2741 2738/2738/2738
f 2741/2741/2741 2740/2740/2740 2742/2742/2742
f 2742/2742/2742 2743/2743/2743 2741/2741/2741
f 2743/2743/2743 2742/2742/2742 2744/2744/2744
f 2744/2744/2744 2745/2745/2745 2743/2743/2743
f 2745/2745/2745 2744/2744/2744 2746/2746/2746
f 2747/2747/2747 2745/2745/2745 2746/2746/2746
f 2745/2745/2745 2747/2747/2747 2748/2748/2748
f 2749/2749/2749 2748/2748/2748 2747/2747/2747
f 2748/2748/2748 2749/2749/2749 2750/2750/2750
f 2749/2749/2749 2751/2751/2751 2750/2750/2750
f 2751/2751/2751 2749/2749/2749 2752/2752/2752
f 2752/2752/2752 2753/2753/2753 2751/2751/2751
f 2753/2753/2753 2752/2752/2752 2754/2754/2754
f 2754/2754/2754 2755/2755/2755 2753/2753/2753
f 2755/2755/2755 2754/2754/2754 2756/2756/2756
f 2757/2757/2757 2755/2755/2755 2756/2756/2756
f 2755/2755/2755 2757/2757/2757 2758/2758/2758
f 2759/2759/2759 2758/2758/2758 2757/2757/2757
f 2758/2758/2758 2759/2759/2759 2760/2760/2760
f 2759/2759/2759 2761/2761/2761 2760/2760/2760
f 2761/2761/2761 2759/2759/2759 2762/2762/2762
f 2762/2762/2762 2763/2763/2763 2761/2761/2761
f 2763/2763/2763 2762/2762/2762 2764/2764/2764
f 2765/2765/2765 2763/2763/2763 2764/2764/2764
f 2763/2763/2763 2765/2765/2765 2766/2766/2766
f 2767/2767/2767 2766/2766/2766 2765/2765/2765
f 2766/2766/2766 2767/2767/2767 2768/2768/2768
f 2769/2769/2769 2768/2768/2768 2767/2767/2767
f 2768/2768/2768 2769/2769/2769 2770/2770/2770
f 2771/2771/2771 2770/2770/2770 2769/2769/2769
f 2770/2770/2770 2771/2771/2771 2772/2772/2772
f 2771/2771/2771 2773/2773/2773 2772/2772/2772
f 2773/2773/2773 2771/2771/2771 2774/2774/2774
f 2774/2774/2774 2775/2775/2775 2773/2773/2773
f 2775/2775/2775 2774/2774/2774 2776/2776/2776
f 2776/2776/2776 2777/2777/2777 2775/2775/2775
f 2777/2777/2777 2776/2776/2776 2778/2778/2778
f 2779/2779/2779 2777/2777/2777 2778/2778/2778
f 2777/2777/2777 2779/2779/2779 2780/2780/2780
f 2781/2781/2781 2780/2780/2780 2779/2779/2779
f 2780/2780/2780 2781/2781/2781 2782/2782/2782
f 2781/2781/2781 2783/2783/2783 2782/2782/2782
f 2783/2783/2783 2781/2781/2781 2784/2784/2784
f 2788/2788/2788 2789/2789/2789 2786/2786/2786
f 2789/2789/2789 2788/2788/2788 2790/2790/2790
f 2790/2790/2790 2791/2791/2791 2789/2789/2789
f 2791/2791/2791 2790/2790/2790 2792/2792/2792
f 2792/2792/2792 2793/2793/2793 2791/2791/2791
f 2793/2793/2793 2792/2792/2792 2794/2794/2794
f 2795/2795/2795 2793/2793/2793 2794/2794/2794
f 2793/2793/2793 2795/2795/2795 2796/2796/2796
f 2797/2797/2797 2796/2796/2796 2795/2795/2795
f 2796/2796/2796 2797/2797/2797 2798/2798/2798
f 2797/2797/2797 2799/2799/2799 2798/2798/2798
f 2799/2799/2799 2797/2797/2797 2800/2800/2800
f 2800/2800/2800 2801/2801/2801 2799/2799/2799
f 2801/2801/2801 2800/2800/2800 2802/2802/2802
f 2802/2802/2802 2803/2803/2803 2801/2801/2801
f 2803/2803/2803 2802/2802/2802 2804/2804/2804
f 2805/2805/2805 2803/2803/2803 2804/2804/2804
f 2803/2803/2803 2805/2805/2805 2806/2806/2806
f 2807/2807/2807 2806/2806/2806 2805/2805/2805
f 2806/2806/2806 2807/2807/2807 2808/2808/2808
f 2807/2807/2807 2809/2809/2809 2808/2808/2808
f 2809/2809/2809 2807/2807/2807 2810/2810/2810
f 2810/2810/2810 2811/2811/2811 2809/2809/2809
f 2811/2811/2811 2810/2810/2810 2812/2812/2812
f 2813/2813/2813 2811/2811/2811 2812/2812/2812
f 2811/2811/2811 2813/2813/2813 2814/2814/2814
f 2815/2815/2815 2814/2814/2814 2813/2813/2813
f 2814/2814/2814 2815/2815/2815 2816/2816/2816
f 2817/2817/2817 2816/2816/2816 2815/2815/2815
f 2816/2816/2816 2817/2817/2817 2818/2818/2818
f 2819/2819/2819 2818/2818/2818 2817/2817/2817
f 2818/2818/2818 2819/2819/2819 2820/2820/2820
f 2819/2819/2819 2821/2821/2821 2820/2820/2820
f 2821/2821/2821 2819/2819/2819 2822/2822/2822
f 2822/2822/2822 2823/2823/2823 2821/2821/2821
f 2823/2823/2823 2822/2822/2822 2824/2824/2824
f 2824/2824/2824 2825/2825/2825 2823/2823/2823
f 2825/2825/2825 2824/2824/2824 2826/2826/2826
f 2827/2827/2827 2825/2825/2825 2826/2826/2826
f 2825/2825/2825 2827/2827/2827 2828/2828/2828
f 2829/2829/2829 2828/2828/2828 2827/2827/2827
f 2828/2828/2828 2829/2829/2829 2830/2830/2830
f 2829/2829/2829 2831/2831/2831 2830/2830/2830
f 2831/2831/2831 2829/2829/2829 2832/2832/2832
f 2837/2837/2837 2836/2836/2836 2833/2833/2833
f 2836/2836/2836 2837/2837/2837 2838/2838/2838
f 2839/2839/2839 2838/2838/2838 2837/2837/2837
f 2838/2838/2838 2839/2839/2839 2840/2840/2840
f 2841/2841/2841 2840/2840/2840 2839/2839/2839
f 2840/2840/2840 2841/2841/2841 2842/2842/2842
f 2841/2841/2841 2843/2843/2843 2842/2842/2842
f 2843/2843/2843 2841/2841/2841 2844/2844/2844
f 2844/2844/2844 2845/2845/2845 2843/2843/2843
f 2845/2845/2845 2844/2844/2844 2846/2846/2846
f 2846/2846/2846 2847/2847/2847 2845/2845/2845
f 2847/2847/2847 2846/2846/2846 2848/2848/2848
f 2849/2849/2849 2847/2847/2847 2848/2848/2848
f 2847/2847/2847 2849/2849/2849 2850/2850/2850
f 2851/2851/2851 2850/2850/2850 2849/2849/2849
f 2850/2850/2850 2851/2851/2851 2852/2852/2852
f 2851/2851/2851 2853/2853/2853 2852/2852/2852
f 2853/2853/2853 2851/2851/2851 2854/2854/2854
f 2854/2854/2854 2855/2855/2855 2853/2853/2853
f 2855/2855/2855 2854/2854/2854 2856/2856/2856
f 2857/2857/2857 2855/2855/2855 2856/2856/2856
f 2855/2855/2855 2857/2857/2857 2858/2858/2858
f 2859/2859/2859 2858/2858/2858 2857/2857/2857
f 2858/2858/2858 2859/2859/2859 2860/2860/2860
f 2859/2859/2859 2861/2861/2861 2860/2860/2860
f 2861/2861/2861 2859/2859/2859 2862/2862/2862
f 2862/2862/2862 2863/2863/2863 2861/2861/2861
f 2863/2863/2863 2862/2862/2862 2864/2864/2864
f 2864/2864/2864 2865/2865/2865 2863/2863/2863
f 2865/2865/2865 2864/2864/2864 2866/2866/2866
f 2866/2866/2866 2867/2867/2867 2865/2865/2865
f 2867/2867/2867 2866/2866/2866 2868/2868/2868
f 2869/2869/2869 2867/2867/2867 2868/2868/2868
f 2867/2867/2867 2869/2869/2869 2870/2870/2870
f 2871/2871/2871 2870/2870/2870 2869/2869/2869
f 2870/2870/2870 2871/2871/2871 2872/2872/2872
f 2871/2871/2871 2873/2873/2873 2872/2872/2872
f 2873/2873/2873 2871/2871/2871 2874/2874/2874
f 2874/2874/2874 2875/2875/2875 2873/2873/2873
f 2875/2875/2875 2874/2874/2874 2876/2876/2876
f 2876/2876/2876 2877/2877/2877 2875/2875/2875
f 2877/2877/2877 2876/2876/2876 2878/2878/2878
f 2879/2879/2879 2877/2877/2877 2878/2878/2878
f 2877/2877/2877 2879/2879/2879 2880/2880/2880
f 2885/2885/2885 2884/2884/2884 2881/2881/2881
f 2884/2884/2884 2885/2885/2885 2886/2886/2886
f 2887/2887/2887 2886/2886/2886 2885/2885/2885
f 2886/2886/2886 2887/2887/2887 2888/2888/2888
f 2889/2889/2889 2888/2888/2888 2887/2887/2887
f 2888/2888/2888 2889/2889/2889 2890/2890/2890
f 2891/2891/2891 2890/2890/2890 2889/2889/2889
f 2890/2890/2890 2891/2891/2891 2892/2892/2892
f 2893/2893/2893 2892/2892/2892 2891/2891/2891
f 2892/2892/2892 2893/2893/2893 2894/2894/2894
f 2895/2895/2895 2894/2894/2894 2893/2893/2893
f 2894/2894/2894 2895/2895/2895 2896/2896/2896
f 2897/2897/2897 2896/2896/2896 2895/2895/2895
f 2896/2896/2896 2897/2897/2897 2898/2898/2898
f 2899/2899/2899 2898/2898/2898 2897/2897/2897
f 2898/2898/2898 2899/2899/2899 2900/2900/2900
f 2899/2899/2899 2901/2901/2901 2900/2900/2900
f 2901/2901/2901 2899/2899/2899 2902/2902/2902
f 2902/2902/2902 2903/2903/2903 2901/2901/2901
f 2903/2903/2903 2902/2902/2902 2904/2904/2904
f 2905/2905/2905 2903/2903/2903 2904/2904/2904
f 2903/2903/2903 2905/2905/2905 2906/2906/2906
f 2907/2907/2907 2906/2906/2906 2905/2905/2905
f 2906/2906/2906 2907/2907/2907 2908/2908/2908
f 2907/2907/2907 2909/2909/2909 2908/2908/2908
f 2909/2909/2909 2907/2907/2907 2910/2910/2910
f 2910/2910/2910 2911/2911/2911 2909/2909/2909
f 2911/2911/2911 2910/2910/2910 2912/2912/2912
f 2912/2912/2912 2913/2913/2913 2911/2911/2911
f 2913/2913/2913 2912/2912/2912 2914/2914/2914
f 2914/2914/2914 2915/2915/2915 2913/2913/2913
f 2915/2915/2915 2914/2914/2914 2916/2916/2916
f 2917/2917/2917 2915/2915/2915 2916/2916/2916
f 2915/2915/2915 2917/2917/2917 2918/2918/2918
f 2919/2919/2919 2918/2918/2918 2917/2917/2917
f 2918/2918/2918 2919/2919/2919 2920/2920/2920
f 2921/2921/2921 2920/2920/2920 2919/2919/2919
f 2920/2920/2920 2921/2921/2921 2922/2922/2922
f 2923/2923/2923 2922/2922/2922 2921/2921/2921
f 2922/2922/2922 2923/2923/2923 2924/2924/2924
f 2925/2925/2925 2924/2924/2924 2923/2923/2923
f 2924/2924/2924 2925/2925/2925 2926/2926/2926
f 2927/2927/2927 2926/2926/2926 2925/2925/2925
f 2926/2926/2926 2927/2927/2927 2928/2928/2928
f 2932/2932/2932 2933/2933/2933 2930/2930/2930
f 2933/2933/2933 2932/2932/2932 2934/2934/2934
f 2934/2934/2934 2935/2935/2935 2933/2933/2933
f 2935/2935/2935 2934/2934/2934 2936/2936/2936
f 2936/2936/2936 2937/2937/2937 2935/2935/2935
f 2937/2937/2937 2936/2936/2936 2938/2938/2938
f 2939/2939/2939 2937/2937/2937 2938/2938/2938
f 2937/2937/2937 2939/2939/2939 2940/2940/2940
f 2941/2941/2941 2940/2940/2940 2939/2939/2939
f 2940/2940/2940 2941/2941/2941 2942/2942/2942
f 2943/2943/2943 2942/2942/2942 2941/2941/2941
f 2942/2942/2942 2943/2943/2943 2944/2944/2944
f 2945/2945/2945 2944/2944/2944 2943/2943/2943
f 2944/2944/2944 2945/2945/2945 2946/2946/2946
f 2947/2947/2947 2946/2946/2946 2945/2945/2945
f 2946/2946/2946 2947/2947/2947 2948/2948/2948
f 2949/2949/2949 2948/2948/2948 2947/2947/2947
f 2948/2948/2948 2949/2949/2949 2950/2950/2950
f 2951/2951/2951 2950/2950/2950 2949/2949/2949
f 2950/2950/2950 2951/2951/2951 2952/2952/2952
f 2953/2953/2953 2952/2952/2952 2951/2951/2951
f 2952/2952/2952 2953/2953/2953 2954/2954/2954
f 2955/2955/2955 2954/2954/2954 2953/2953/2953
f 2954/2954/2954 2955/2955/2955 2956/2956/2956
f 2957/2957/2957 2956/2956/2956 2955/2955/2955
f 2956/2956/2956 2957/2957/2957 2958/2958/2958
f 2959/2959/2959 2958/2958/2958 2957/2957/2957
f 2958/2958/2958 2959/2959/2959 2960/2960/2960
f 2961/2961/2961 2960/2960/2960 2959/2959/2959
f 2960/2960/2960 2961/2961/2961 2962/2962/2962
f 2963/2963/2963 2962/2962/2962 2961/2961/2961
f 2962/2962/2962 2963/2963/2963 2964/2964/2964
f 2965/2965/2965 2964/2964/2964 2963/2963/2963
f 2964/2964/2964 2965/2965/2965 2966/2966/2966
f 2967/2967/2967 2966/2966/2966 2965/2965/2965
f 2966/2966/2966 2967/2967/2967 2968/2968/2968
f 2969/2969/2969 2968/2968/2968 2967/2967/2967
f 2968/2968/2968 2969/2969/2969 2970/2970/2970
f 2971/2971/2971 2970/2970/2970 2969/2969/2969
f 2970/2970/2970 2971/2971/2971 2972/2972/2972
f 2973/2973/2973 2972/2972/2972 2971/2971/2971
f 2972/2972/2972 2973/2973/2973 2974/2974/2974
f 2973/2973/2973 2975/2975/2975 2974/2974/2974
f 2975/2975/2975 2973/2973/2973 2976/2976/2976
f 2981/2981/2981 2980/2980/2980 2977/2977/2977
f 2980/2980/2980 2981/2981/2981 2982/2982/2982
f 2983/2983/2983 2982/2982/2982 2981/2981/2981
f 2982/2982/2982 2983/2983/2983 2984/2984/2984
f 2985/2985/2985 2984/2984/2984 2983/2983/2983
f 2984/2984/2984 2985/2985/2985 2986/2986/2986
f 2985/2985/2985 2987/2987/2987 2986/2986/2986
f 2987/2987/2987 2985/2985/2985 2988/2988/2988
f 2988/2988/2988 2989/2989/2989 2987/2987/2987
f 2989/2989/2989 2988/2988/2988 2990/2990/2990
f 2990/2990/2990 2991/2991/2991 2989/2989/2989
f 2991/2991/2991 2990/2990/2990 2992/2992/2992
f 2993/2993/2993 2991/2991/2991 2992/2992/2992
f 2991/2991/2991 2993/2993/2993 2994/2994/2994
f 2995/2995/2995 2994/2994/2994 2993/2993/2993
f 2994/2994/2994 2995/2995/2995 2996/2996/2996
f 2995/2995/2995 2997/2997/2997 2996/2996/2996
f 2997/2997/2997 2995/2995/2995 2998/2998/2998
f 2998/2998/2998 2999/2999/2999 2997/2997/2997
f 2999/2999/2999 2998/2998/2998 3000/3000/3000
f 3001/3001/3001 2999/2999/2999 3000/3000/3000
f 2999/2999/2999 3001/3001/3001 3002/3002/3002
f 3003/3003/3003 3002/3002/3002 3001/3001/3001
f 3002/3002/3002 3003/3003/3003 3004/3004/3004
f 3003/3003/3003 3005/3005/3005 3004/3004/3004
f 3005/3005/3005 3003/3003/3003 3006/3006/3006
f 3006/3006/3006 3007/3007/3007 3005/3005/3005
f 3007/3007/3007 3006/3006/3006 3008/3008/3008
f 3008/3008/3008 3009/3009/3009 3007/3007/3007
f 3009/3009/3009 3008/3008/3008 3010/3010/3010
f 3010/3010/3010 3011/3011/3011 3009/3009/3009
f 3011/3011/3011 3010/3010/3010 3012/3012/3012
f 3013/3013/3013 3011/3011/3011 3012/3012/3012
f 3011/3011/3011 3013/3013/3013 3014/3014/3014
f 3015/3015/3015 3014/3014/3014 3013/3013/3013
f 3014/3014/3014 3015/3015/3015 3016/3016/3016
f 3015/3015/3015 3017/3017/3017 3016/3016/3016
f 3017/3017/3017 3015/3015/3015 3018/3018/3018
f 3018/3018/3018 3019/3019/3019 3017/3017/3017
f 3019/3019/3019 3018/3018/3018 3020/3020/3020
f 3020/3020/3020 3021/3021/3021 3019/3019/3019
f 3021/3021/3021 3020/3020/3020 3022/3022/3022
f 3023/3023/3023 3021/3021/3021 3022/3022/3022
f 3021/3021/3021 3023/3023/3023 3024/3024/3024
f 3029/3029/3029 3028/3028/3028 3025/3025/3025
f 3028/3028/3028 3029/3029/3029 3030/3030/3030
f 3031/3031/3031 3030/3030/3030 3029/3029/3029
f 3030/3030/3030 3031/3031/3031 3032/3032/3032
f 3033/3033/3033 3032/3032/3032 3031/3031/3031
f 3032/3032/3032 3033/3033/3033 3034/3034/3034
f 3033/3033/3033 3035/3035/3035 3034/3034/3034
f 3035/3035/3035 3033/3033/3033 3036/3036/3036
f 3036/3036/3036 3037/3037/3037 3035/3035/3035
f 3037/3037/3037 3036/3036/3036 3038/3038/3038
f 3038/3038/3038 3039/3039/3039 3037/3037/3037
f 3039/3039/3039 3038/3038/3038 3040/3040/3040
f 3041/3041/3041 3039/3039/3039 3040/3040/3040
f 3039/3039/3039 3041/3041/3041 3042/3042/3042
f 3043/3043/3043 3042/3042/3042 3041/3041/3041
f 3042/3042/3042 3043/3043/3043 3044/3044/3044
f 3043/3043/3043 3045/3045/3045 3044/3044/3044
f 3045/3045/3045 3043/3043/3043 3046/3046/3046
f 3046/3046/3046 3047/3047/3047 3045/3045/3045
f 3047/3047/3047 3046/3046/3046 3048/3048/3048
f 3049/3049/3049 3047/3047/3047 3048/3048/3048
f 3047/3047/3047 3049/3049/3049 3050/3050/3050
f 3051/3051/3051 3050/3050/3050 3049/3049/3049
f 3050/3050/3050 3051/3051/3051 3052/3052/3052
f 3051/3051/3051 3053/3053/3053 3052/3052/3052
f 3053/3053/3053 3051/3051/3051 3054/3054/3054
f 3054/3054/3054 3055/3055/3055 3053/3053/3053
f 3055/3055/3055 3054/3054/3054 3056/3056/3056
f 3056/3056/3056 3057/3057/3057 3055/3055/3055
f 3057/3057/3057 3056/3056/3056 3058/3058/3058
f 3058/3058/3058 3059/3059/3059 3057/3057/3057
f 3059/3059/3059 3058/3058/3058 3060/3060/3060
f 3061/3061/3061 3059/3059/3059 3060/3060/3060
f 3059/3059/3059 3061/3061/3061 3062/3062/3062
f 3063/3063/3063 3062/3062/3062 3061/3061/3061
f 3062/3062/3062 3063/3063/3063 3064/3064/3064
f 3063/3063/3063 3065/3065/3065 3064/3064/3064
f 3065/3065/3065 3063/3063/3063 3066/3066/3066
f 3066/3066/3066 3067/3067/3067 3065/3065/3065
f 3067/3067/3067 3066/3066/3066 3068/3068/3068
f 3068/3068/3068 3069/3069/3069 3067/3067/3067
f 3069/3069/3069 3068/3068/3068 3070/3070/3070
f 3071/3071/3071 3069/3069/3069 3070/3070/3070
f 3069/3069/3069 3071/3071/3071 3072/3072/3072
f 3077/3077/3077 3076/3076/3076 3073/3073/3073
f 3076/3076/3076 3077/3077/3077 3078/3078/3078
f 3079/3079/3079 3078/3078/3078 3077/3077/3077
f 3078/3078/3078 3079/3079/3079 3080/3080/3080
f 3081/3081/3081 3080/3080/3080 3079/3079/3079
f 3080/3080/3080 3081/3081/3081 3082/3082/3082
f 3081/3081/3081 3083/3083/3083 3082/3082/3082
f 3083/3083/3083 3081/3081/3081 3084/3084/3084
f 3084/3084/3084 3085/3085/3085 3083/3083/3083
f 3085/3085/3085 3084/3084/3084 3086/3086/3086
f 3086/3086/3086 3087/3087/3087 3085/3085/3085
f 3087/3087/3087 3086/3086/3086 3088/3088/3088
f 3089/3089/3089 3087/3087/3087 3088/3088/3088
f 3087/3087/3087 3089/3089/3089 3090/3090/3090
f 3091/3091/3091 3090/3090/3090 3089/3089/3089
f 3090/3090/3090 3091/3091/3091 3092/3092/3092
f 3091/3091/3091 3093/3093/3093 3092/3092/3092
f 3093/3093/3093 3091/3091/3091 3094/3094/3094
f 3094/3094/3094 3095/3095/3095 3093/3093/3093
f 3095/3095/3095 3094/3094/3094 3096/3096/3096
f 3097/3097/3097 3095/3095/3095 3096/3096/3096
f 3095/3095/3095 3097/3097/3097 3098/3098/3098
f 3099/3099/3099 3098/3098/3098 3097/3097/3097
f 3098/3098/3098 3099/3099/3099 3100/3100/3100
f 3099/3099/3099 3101/3101/3101 3100/3100/3100
f 3101/3101/3101 3099/3099/3099 3102/3102/3102
f 3102/3102/3102 3103/3103/3103 3101/3101/3101
f 3103/3103/3103 3102/3102/3102 3104/3104/3104
f 3104/3104/3104 3105/3105/3105 3103/3103/3103
f 3105/3105/3105 3104/3104/3104 3106/3106/3106
f 3106/3106/3106 3107/3107/3107 3105/3105/3105
f 3107/3107/3107 3106/3106/3106 3108/3108/3108
f 3109/3109/3109 3107/3107/3107 3108/3108/3108
f 3107/3107/3107 3109/3109/3109 3110/3110/3110
f 3111/3111/3111 3110/3110/3110 3109/3109/3109
f 3110/3110/3110 3111/3111/3111 3112/3112/3112
f 3111/3111/3111 3113/3113/3113 3112/3112/3112
f 3113/3113/3113 3111/3111/3111 3114/3114/3114
f 3114/3114/3114 3115/3115/3115 3113/3113/3113
f 3115/3115/3115 3114/3114/3114 3116/3116/3116
f 3116/3116/3116 3117/3117/3117 3115/3115/3115
f 3117/3117/3117 3116/3116/3116 3118/3118/3118
f 3119/3119/3119 3117/3117/3117 3118/3118/3118
f 3117/3117/3117 3119/3119/3119 3120/3120/3120
f 3125/3125/3125 3124/3124/3124 3121/3121/3121
f 3124/3124/3124 3125/3125/3125 3126/3126/3126
f 3127/3127/3127 3126/3126/3126 3125/3125/3125
f 3126/3126/3126 3127/3127/3127 3128/3128/3128
f 3129/3129/3129 3128/3128/3128 3127/3127/3127
f 3128/3128/3128 3129/3129/3129 3130/3130/3130
f 3129/3129/3129 3131/3131/3131 3130/3130/3130
f 3131/3131/3131 3129/3129/3129 3132/3132/3132
f 3132/3132/3132 3133/3133/3133 3131/3131/3131
f 3133/3133/3133 3132/3132/3132 3134/3134/3134
f 3134/3134/3134 3135/3135/3135 3133/3133/3133
f 3135/3135/3135 3134/3134/3134 3136/3136/3136
f 3137/3137/3137 3135/3135/3135 3136/3136/3136
f 3135/3135/3135 3137/3137/3137 3138/3138/3138
f 3139/3139/3139 3138/3138/3138 3137/3137/3137
f 3138/3138/3138 3139/3139/3139 3140/3140/3140
f 3139/3139/3139 3141/3141/3141 3140/3140/3140
f 3141/3141/3141 3139/3139/3139 3142/3142/3142
f 3142/3142/3142 3143/3143/3143 3141/3141/3141
f 3143/3143/3143 3142/3142/3142 3144/3144/3144
f 3145/3145/3145 3143/3143/3143 3144/3144/3144
f 3143/3143/3143 3145/3145/3145 3146/3146/3146
f 3147/3147/3147 3146/3146/3146 3145/3145/3145
f 3146/3146/3146 3147/3147/3147 3148/3148/3148
f 3147/3147/3147 3149/3149/3149 3148/3148/3148
f 3149/3149/3149 3147/3147/3147 3150/3150/3150
f 3150/3150/3150 3151/3151/3151 3149/3149/3149
f 3151/3151/3151 3150/3150/3150 3152/3152/3152
f 3152/3152/3152 3153/3153/3153 3151/3151/3151
f 3153/3153/3153 3152/3152/3152 3154/3154/3154
f 3154/3154/3154 3155/3155/3155 3153/3153/3153
f 3155/3155/3155 3154/3154/3154 3156/3156/3156
f 3157/3157/3157 3155/3155/3155 3156/3156/3156
f 3155/3155/3155 3157/3157/3157 3158/3158/3158
f 3159/3159/3159 3158/3158/3158 3157/3157/3157
f 3158/3158/3158 3159/3159/3159 3160/3160/3160
f 3159/3159/3159 3161/3161/3161 3160/3160/3160
f 3161/3161/3161 3159/3159/3159 3162/3162/3162
f 3162/3162/3162 3163/3163/3163 3161/3161/3161
f 3163/3163/3163 3162/3162/3162 3164/3164/3164
f 3164/3164/3164 3165/3165/3165 3163/3163/3163
f 3165/3165/3165 3164/3164/3164 3166/3166/3166
f 3167/3167/3167 3165/3165/3165 3166/3166/3166
f 3165/3165/3165 3167/3167/3167 3168/3168/3168
f 3172/3172/3172 3173/3173/3173 3170/3170/3170
f 3173/3173/3173 3172/3172/3172 3174/3174/3174
f 3174/3174/3174 3175/3175/3175 3173/3173/3173
f 3175/3175/3175 3174/3174/3174 3176/3176/3176
f 3176/3176/3176 3177/3177/3177 3175/3175/3175
f 3177/3177/3177 3176/3176/3176 3178/3178/3178
f 3179/3179/3179 3177/3177/3177 3178/3178/3178
f 3177/3177/3177 3179/3179/3179 3180/3180/3180
f 3181/3181/3181 3180/3180/3180 3179/3179/3179
f 3180/3180/3180 3181/3181/3181 3182/3182/3182
f 3183/3183/3183 3182/3182/3182 3181/3181/3181
f 3182/3182/3182 3183/3183/3183 3184/3184/3184
f 3185/3185/3185 3184/3184/3184 3183/3183/3183
f 3184/3184/3184 3185/3185/3185 3186/3186/3186
f 3187/3187/3187 3186/3186/3186 3185/3185/3185
f 3186/3186/3186 3187/3187/3187 3188/3188/3188
f 3189/3189/3189 3188/3188/3188 3187/3187/3187
f 3188/3188/3188 3189/3189/3189 3190/3190/3190
f 3191/3191/3191 3190/3190/3190 3189/3189/3189
f 3190/3190/3190 3191/3191/3191 3192/3192/3192
f 3193/3193/3193 3192/3192/3192 3191/3191/3191
f 3192/3192/3192 3193/3193/3193 3194/3194/3194
f 3195/3195/3195 3194/3194/3194 3193/3193/3193
f 3194/3194/3194 3195/3195/3195 3196/3196/3196
f 3197/3197/3197 3196/3196/3196 3195/3195/3195
f 3196/3196/3196 3197/3197/3197 3198/3198/3198
f 3199/3199/3199 3198/3198/3198 3197/3197/3197
f 3198/3198/3198 3199/3199/3199 3200/3200/3200
f 3201/3201/3201 3200/3200/3200 3199/3199/3199
f 3200/3200/3200 3201/3201/3201 3202/3202/3202
f 3203/3203/3203 3202/3202/3202 3201/3201/3201
f 3202/3202/3202 3203/3203/3203 3204/3204/3204
f 3205/3205/3205 3204/3204/3204 3203/3203/3203
f 3204/3204/3204 3205/3205/3205 3206/3206/3206
f 3207/3207/3207 3206/3206/3206 3205/3205/3205
f 3206/3206/3206 3207/3207/3207 3208/3208/3208
f 3209/3209/3209 3208/3208/3208 3207/3207/3207
f 3208/3208/3208 3209/3209/3209 3210/3210/3210
f 3211/3211/3211 3210/3210/3210 3209/3209/3209
f 3210/3210/3210 3211/3211/3211 3212/3212/3212
f 3213/3213/3213 3212/3212/3212 3211/3211/3211
f 3212/3212/3212 3213/3213/3213 3214/3214/3214
f 3213/3213/3213 3215/3215/3215 3214/3214/3214
f 3215/3215/3215 3213/3213/3213 3216/3216/3216
f 3220/3220/3220 3221/3221/3221 3218/3218/3218
f 3221/3221/3221 3220/3220/3220 3222/3222/3222
f 3222/3222/3222 3223/3223/3223 3221/3221/3221
f 3223/3223/3223 3222/3222/3222 3224/3224/3224
f 3224/3224/3224 3225/3225/3225 3223/3223/3223
f 3225/3225/3225 3224/3224/3224 3226/3226/3226
f 3227/3227/3227 3225/3225/3225 3226/3226/3226
f 3225/3225/3225 3227/3227/3227 3228/3228/3228
f 3229/3229/3229 3228/3228/3228 3227/3227/3227
f 3228/3228/3228 3229/3229/3229 3230/3230/3230
f 3231/3231/3231 3230/3230/3230 3229/3229/3229
f 3230/3230/3230 3231/3231/3231 3232/3232/3232
f 3233/3233/3233 3232/3232/3232 3231/3231/3231
f 3232/3232/3232 3233/3233/3233 3234/3234/3234
f 3235/3235/3235 3234/3234/3234 3233/3233/3233
f 3234/3234/3234 3235/3235/3235 3236/3236/3236
f 3237/3237/3237 3236/3236/3236 3235/3235/3235
f 3236/3236/3236 3237/3237/3237 3238/3238/3238
f 3239/3239/3239 3238/3238/3238 3237/3237/3237
f 3238/3238/3238 3239/3239/3239 3240/3240/3240
f 3241/3241/3241 3240/3240/3240 3239/3239/3239
f 3240/3240/3240 3241/3241/3241 3242/3242/3242
f 3243/3243/3243 3242/3242/3242 3241/3241/3241
f 3242/3242/3242 3243/3243/3243 3244/3244/3244
f 3245/3245/3245 3244/3244/3244 3243/3243/3243
f 3244/3244/3244 3245/3245/3245 3246/3246/3246
f 3247/3247/3247 3246/3246/3246 3245/3245/3245
f 3246/3246/3246 3247/3247/3247 3248/3248/3248
f 3249/3249/3249 3248/3248/3248 3247/3247/3247
f 3248/3248/3248 3249/3249/3249 3250/3250/3250
f 3251/3251/3251 3250/3250/3250 3249/3249/3249
f 3250/3250/3250 3251/3251/3251 3252/3252/3252
f 3253/3253/3253 3252/3252/3252 3251/3251/3251
f 3252/3252/3252 3253/3253/3253 3254/3254/3254
f 3255/3255/3255 3254/3254/3254 3253/3253/3253
f 3254/3254/3254 3255/3255/3255 3256/3256/3256
f 3257/3257/3257 3256/3256/3256 3255/3255/3255
f 3256/3256/3256 3257/3257/3257 3258/3258/3258
f 3259/3259/3259 3258/3258/3258 3257/3257/3257
f 3258/3258/3258 3259/3259/3259 3260/3260/3260
f 3261/3261/3261 3260/3260/3260 3259/3259/3259
f 3260/3260/3260 3261/3261/3261 3262/3262/3262
f 3261/3261/3261 3263/3263/3263 3262/3262/3262
f 3263/3263/3263 3261/3261/3261 3264/3264/3264
f 3268/3268/3268 3269/3269/3269 3266/3266/3266
f 3269/3269/3269 3268/3268/3268 3270/3270/3270
f 3270/3270/3270 3271/3271/3271 3269/3269/3269
f 3271/3271/3271 3270/3270/3270 3272/3272/3272
f 3272/3272/3272 3273/3273/3273 3271/3271/3271
f 3273/3273/3273 3272/3272/3272 3274/3274/3274
f 3275/3275/3275 3273/3273/3273 3274/3274/3274
f 3273/3273/3273 3275/3275/3275 3276/3276/3276
f 3277/3277/3277 3276/3276/3276 3275/3275/3275
f 3276/3276/3276 3277/3277/3277 3278/3278/3278
f 3279/3279/3279 3278/3278/3278 3277/3277/3277
f 3278/3278/3278 3279/3279/3279 3280/3280/3280
f 3281/3281/3281 3280/3280/3280 3279/3279/3279
f 3280/3280/3280 3281/3281/3281 3282/3282/3282
f 3283/3283/3283 3282/3282/3282 3281/3281/3281
f 3282/3282/3282 3283/3283/3283 3284/3284/3284
f 3285/3285/3285 3284/3284/3284 3283/3283/3283
f 3284/3284/3284 3285/3285/3285 3286/3286/3286
f 3287/3287/3287 3286/3286/3286 3285/3285/3285
f 3286/3286/3286 3287/3287/3287 3288/3288/3288
f 3289/3289/3289 3288/3288/3288 3287/3287/3287
f 3288/3288/3288 3289/3289/3289 3290/3290/3290
f 3291/3291/3291 3290/3290/3290 3289/3289/3289
f 3290/3290/3290 3291/3291/3291 3292/3292/3292
f 3293/3293/3293 3292/3292/3292 3291/3291/3291
f 3292/3292/3292 3293/3293/3293 3294/3294/3294
f 3295/3295/3295 3294/3294/3294 3293/3293/3293
f 3294/3294/3294 3295/3295/3295 3296/3296/3296
f 3297/3297/3297 3296/3296/3296 3295/3295/3295
f 3296/3296/3296 3297/3297/3297 3298/3298/3298
f 3299/3299/3299 3298/3298/3298 3297/3297/3297
f 3298/3298/3298 3299/3299/3299 3300/3300/3300
f 3301/3301/3301 3300/3300/3300 3299/3299/3299
f 3300/3300/3300 3301/3301/3301 3302/3302/3302
f 3303/3303/3303 3302/3302/3302 3301/3301/3301
f 3302/3302/3302 3303/3303/3303 3304/3304/3304
f 3305/3305/3305 3304/3304/3304 3303/3303/3303
f 3304/3304/3304 3305/3305/3305 3306/3306/3306
f 3307/3307/3307 3306/3306/3306 3305/3305/3305
f 3306/3306/3306 3307/3307/3307 3308/3308/3308
f 3309/3309/3309 3308/3308/3308 3307/3307/3307
f 3308/3308/3308 3309/3309/3309 3310/3310/3310
f 3309/3309/3309 3311/3311/3311 3310/3310/3310
f 3311/3311/3311 3309/3309/3309 3312/3312/3312
f 3316/3316/3316 3317/3317/3317 3314/3314/3314
f 3317/3317/3317 3316/3316/3316 3318/3318/3318
f 3318/3318/3318 3319/3319/3319 3317/3317/3317
f 3319/3319/3319 3318/3318/3318 3320/3320/3320
f 3320/3320/3320 3321/3321/3321 3319/3319/3319
f 3321/3321/3321 3320/3320/3320 3322/3322/3322
f 3323/3323/3323 3321/3321/3321 3322/3322/3322
f 3321/3321/3321 3323/3323/3323 3324/3324/3324
f 3325/3325/3325 3324/3324/3324 3323/3323/3323
f 3324/3324/3324 3325/3325/3325 3326/3326/3326
f 3327/3327/3327 3326/3326/3326 3325/3325/3325
f 3326/3326/3326 3327/3327/3327 3328/3328/3328
f 3329/3329/3329 3328/3328/3328 3327/3327/3327
f 3328/3328/3328 3329/3329/3329 3330/3330/3330
f 3331/3331/3331 3330/3330/3330 3329/3329/3329
f 3330/3330/3330 3331/3331/3331 3332/3332/3332
f 3333/3333/3333 3332/3332/3332 3331/3331/3331
f 3332/3332/3332 3333/3333/3333 3334/3334/3334
f 3335/3335/3335 3334/3334/3334 3333/3333/3333
f 3334/3334/3334 3335/3335/3335 3336/3336/3336
f 3337/3337/3337 3336/3336/3336 3335/3335/3335
f 3336/3336/3336 3337/3337/3337 3338/3338/3338
f 3339/3339/3339 3338/3338/3338 3337/3337/3337
f 3338/3338/3338 3339/3339/3339 3340/3340/3340
f 3341/3341/3341 3340/3340/3340 3339/3339/3339
f 3340/3340/3340 3341/3341/3341 3342/3342/3342
f 3343/3343/3343 3342/3342/3342 3341/3341/3341
f 3342/3342/3342 3343/3343/3343 3344/3344/3344
f 3345/3345/3345 3344/3344/3344 3343/3343/3343
f 3344/3344/3344 3345/3345/3345 3346/3346/3346
f 3347/3347/3347 3346/3346/3346 3345/3345/3345
f 3346/3346/3346 3347/3347/3347 3348/3348/3348
f 3349/3349/3349 3348/3348/3348 3347/3347/3347
f 3348/3348/3348 3349/3349/3349 3350/3350/3350
f 3351/3351/3351 3350/3350/3350 3349/3349/3349
f 3350/3350/3350 3351/3351/3351 3352/3352/3352
f 3353/3353/3353 3352/3352/3352 3351/3351/3351
f 3352/3352/3352 3353/3353/3353 3354/3354/3354
f 3355/3355/3355 3354/3354/3354 3353/3353/3353
f 3354/3354/3354 3355/3355/3355 3356/3356/3356
f 3357/3357/3357 3356/3356/3356 3355/3355/3355
f 3356/3356/3356 3357/3357/3357 3358/3358/3358
f 3357/3357/3357 3359/3359/3359 3358/3358/3358
f 3359/3359/3359 3357/3357/3357 3360/3360/3360
f 3361/3361/3361 3362/3362/3362 3363/3363/3363
f 3362/3362/3362 3361/3361/3361 3364/3364/3364
f 3364/3364/3364 3365/3365/3365 3362/3362/3362
f 3366/3366/3366 3364/3364/3364 3361/3361/3361
f 3365/3365/3365 3364/3364/3364 3367/3367/3367
f 3364/3364/3364 3366/3366/3366 3368/3368/3368
f 3368/3368/3368 3367/3367/3367 3364/3364/3364
f 3369/3369/3369 3368/3368/3368 3366/3366/3366
f 3367/3367/3367 3370/3370/3370 3365/3365/3365
f 3368/3368/3368 3369/3369/3369 3371/3371/3371
f 3372/3372/3372 3371/3371/3371 3369/3369/3369
f 3367/3367/3367 3368/3368/3368 3373/3373/3373
f 3371/3371/3371 3373/3373/3373 3368/3368/3368
f 3370/3370/3370 3367/3367/3367 3374/3374/3374
f 3373/3373/3373 3374/3374/3374 3367/3367/3367
f 3371/3371/3371 3372/3372/3372 3375/3375/3375
f 3376/3376/3376 3375/3375/3375 3372/3372/3372
f 3375/3375/3375 3376/3376/3376 3377/3377/3377
f 3373/3373/3373 3371/3371/3371 3378/3378/3378
f 3375/3375/3375 3378/3378/3378 3371/3371/3371
f 3377/3377/3377 3379/3379/3379 3375/3375/3375
f 3378/3378/3378 3375/3375/3375 3379/3379/3379
f 3379/3379/3379 3377/3377/3377 3380/3380/3380
f 3378/3378/3378 3381/3381/3381 3373/3373/3373
f 3374/3374/3374 3373/3373/3373 3381/3381/3381
f 3379/3379/3379 3382/3382/3382 3378/3378/3378
f 3381/3381/3381 3378/3378/3378 3382/3382/3382
f 3380/3380/3380 3383/3383/3383 3379/3379/3379
f 3382/3382/3382 3379/3379/3379 3383/3383/3383
f 3383/3383/3383 3380/3380/3380 3384/3384/3384
f 3385/3385/3385 3381/3381/3381 3382/3382/3382
f 3383/3383/3383 3385/3385/3385 3382/3382/3382
f 3384/3384/3384 3386/3386/3386 3383/3383/3383
f 3385/3385/3385 3383/3383/3383 3386/3386/3386
f 3386/3386/3386 3384/3384/3384 3387/3387/3387
f 3381/3381/3381 3385/3385/3385 3388/3388/3388
f 3388/3388/3388 3374/3374/3374 3381/3381/3381
f 3386/3386/3386 3389/3389/3389 3385/3385/3385
f 3389/3389/3389 3388/3388/3388 3385/3385/3385
f 3387/3387/3387 3390/3390/3390 3386/3386/3386
f 3389/3389/3389 3386/3386/3386 3390/3390/3390
f 3390/3390/3390 3387/3387/3387 3391/3391/3391
f 3374/3374/3374 3388/3388/3388 3392/3392/3392
f 3392/3392/3392 3370/3370/3370 3374/3374/3374
f 3370/3370/3370 3392/3392/3392 3393/3393/3393
f 3388/3388/3388 3389/3389/3389 3394/3394/3394
f 3394/3394/3394 3392/3392/3392 3388/3388/3388
f 3395/3395/3395 3393/3393/3393 3392/3392/3392
f 3392/3392/3392 3394/3394/3394 3395/3395/3395
f 3393/3393/3393 3395/3395/3395 3396/3396/3396
f 3397/3397/3397 3394/3394/3394 3389/3389/3389
f 3390/3390/3390 3397/3397/3397 3389/3389/3389
f 3398/3398/3398 3395/3395/3395 3394/3394/3394
f 3394/3394/3394 3397/3397/3397 3398/3398/3398
f 3399/3399/3399 3396/3396/3396 3395/3395/3395
f 3395/3395/3395 3398/3398/3398 3399/3399/3399
f 3396/3396/3396 3399/3399/3399 3400/3400/3400
f 3391/3391/3391 3401/3401/3401 3390/3390/3390
f 3397/3397/3397 3390/3390/3390 3401/3401/3401
f 3401/3401/3401 3391/3391/3391 3402/3402/3402
f 3403/3403/3403 3401/3401/3401 3402/3402/3402
f 3401/3401/3401 3403/3403/3403 3404/3404/3404
f 3404/3404/3404 3397/3397/3397 3401/3401/3401
f 3405/3405/3405 3404/3404/3404 3403/3403/3403
f 3397/3397/3397 3404/3404/3404 3406/3406/3406
f 3406/3406/3406 3398/3398/3398 3397/3397/3397
f 3404/3404/3404 3405/3405/3405 3407/3407/3407
f 3407/3407/3407 3406/3406/3406 3404/3404/3404
f 3408/3408/3408 3407/3407/3407 3405/3405/3405
f 3398/3398/3398 3406/3406/3406 3409/3409/3409
f 3409/3409/3409 3399/3399/3399 3398/3398/3398
f 3406/3406/3406 3407/3407/3407 3410/3410/3410
f 3410/3410/3410 3409/3409/3409 3406/3406/3406
f 3407/3407/3407 3408/3408/3408 3411/3411/3411
f 3411/3411/3411 3410/3410/3410 3407/3407/3407
f 3399/3399/3399 3409/3409/3409 3412/3412/3412
f 3412/3412/3412 3400/3400/3400 3399/3399/3399
f 3400/3400/3400 3412/3412/3412 3413/3413/3413
f 3412/3412/3412 3414/3414/3414 3413/3413/3413
f 3414/3414/3414 3412/3412/3412 3415/3415/3415
f 3409/3409/3409 3415/3415/3415 3412/3412/3412
f 3415/3415/3415 3416/3416/3416 3414/3414/3414
f 3415/3415/3415 3409/3409/3409 3417/3417/3417
f 3409/3409/3409 3410/3410/3410 3417/3417/3417
f 3416/3416/3416 3415/3415/3415 3418/3418/3418
f 3417/3417/3417 3418/3418/3418 3415/3415/3415
f 3418/3418/3418 3419/3419/3419 3416/3416/3416
f 3420/3420/3420 3417/3417/3417 3410/3410/3410
f 3410/3410/3410 3411/3411/3411 3420/3420/3420
f 3418/3418/3418 3417/3417/3417 3421/3421/3421
f 3417/3417/3417 3420/3420/3420 3421/3421/3421
f 3419/3419/3419 3418/3418/3418 3422/3422/3422
f 3421/3421/3421 3422/3422/3422 3418/3418/3418
f 3422/3422/3422 3423/3423/3423 3419/3419/3419
f 3420/3420/3420 3424/3424/3424 3421/3421/3421
f 3422/3422/3422 3421/3421/3421 3424/3424/3424
f 3423/3423/3423 3422/3422/3422 3425/3425/3425
f 3424/3424/3424 3425/3425/3425 3422/3422/3422
f 3425/3425/3425 3426/3426/3426 3423/3423/3423
f 3424/3424/3424 3420/3420/3420 3427/3427/3427
f 3411/3411/3411 3427/3427/3427 3420/3420/3420
f 3425/3425/3425 3424/3424/3424 3428/3428/3428
f 3427/3427/3427 3428/3428/3428 3424/3424/3424
f 3426/3426/3426 3425/3425/3425 3429/3429/3429
f 3428/3428/3428 3429/3429/3429 3425/3425/3425
f 3427/3427/3427 3411/3411/3411 3430/3430/3430
f 3408/3408/3408 3430/3430/3430 3411/3411/3411
f 3430/3430/3430 3408/3408/3408 3431/3431/3431
f 3428/3428/3428 3427/3427/3427 3432/3432/3432
f 3430/3430/3430 3432/3432/3432 3427/3427/3427
f 3431/3431/3431 3433/3433/3433 3430/3430/3430
f 3432/3432/3432 3430/3430/3430 3433/3433/3433
f 3433/3433/3433 3431/3431/3431 3434/3434/3434
f 3432/3432/3432 3435/3435/3435 3428/3428/3428
f 3429/3429/3429 3428/3428/3428 3435/3435/3435
f 3433/3433/3433 3436/3436/3436 3432/3432/3432
f 3435/3435/3435 3432/3432/3432 3436/3436/3436
f 3434/3434/3434 3437/3437/3437 3433/3433/3433
f 3436/3436/3436 3433/3433/3433 3437/3437/3437
f 3437/3437/3437 3434/3434/3434 3438/3438/3438
f 3439/3439/3439 3437/3437/3437 3438/3438/3438
f 3437/3437/3437 3439/3439/3439 3440/3440/3440
f 3440/3440/3440 3436/3436/3436 3437/3437/3437
f 3441/3441/3441 3440/3440/3440 3439/3439/3439
f 3442/3442/3442 3435/3435/3435 3436/3436/3436
f 3436/3436/3436 3440/3440/3440 3442/3442/3442
f 3440/3440/3440 3441/3441/3441 3443/3443/3443
f 3443/3443/3443 3442/3442/3442 3440/3440/3440
f 3444/3444/3444 3443/3443/3443 3441/3441/3441
f 3435/3435/3435 3442/3442/3442 3445/3445/3445
f 3445/3445/3445 3429/3429/3429 3435/3435/3435
f 3442/3442/3442 3443/3443/3443 3446/3446/3446
f 3446/3446/3446 3445/3445/3445 3442/3442/3442
f 3443/3443/3443 3444/3444/3444 3447/3447/3447
f 3447/3447/3447 3446/3446/3446 3443/3443/3443
f 3429/3429/3429 3445/3445/3445 3448/3448/3448
f 3448/3448/3448 3426/3426/3426 3429/3429/3429
f 3426/3426/3426 3448/3448/3448 3449/3449/3449
f 3445/3445/3445 3446/3446/3446 3450/3450/3450
f 3450/3450/3450 3448/3448/3448 3445/3445/3445
f 3451/3451/3451 3449/3449/3449 3448/3448/3448
f 3448/3448/3448 3450/3450/3450 3451/3451/3451
f 3449/3449/3449 3451/3451/3451 3452/3452/3452
f 3453/3453/3453 3450/3450/3450 3446/3446/3446
f 3446/3446/3446 3447/3447/3447 3453/3453/3453
f 3454/3454/3454 3451/3451/3451 3450/3450/3450
f 3450/3450/3450 3453/3453/3453 3454/3454/3454
f 3455/3455/3455 3452/3452/3452 3451/3451/3451
f 3451/3451/3451 3454/3454/3454 3455/3455/3455
f 3452/3452/3452 3455/3455/3455 3456/3456/3456
f 3453/3453/3453 3457/3457/3457 3454/3454/3454
f 3457/3457/3457 3455/3455/3455 3454/3454/3454
f 3458/3458/3458 3456/3456/3456 3455/3455/3455
f 3455/3455/3455 3457/3457/3457 3458/3458/3458
f 3456/3456/3456 3458/3458/3458 3459/3459/3459
f 3457/3457/3457 3453/3453/3453 3460/3460/3460
f 3447/3447/3447 3460/3460/3460 3453/3453/3453
f 3461/3461/3461 3458/3458/3458 3457/3457/3457
f 3460/3460/3460 3461/3461/3461 3457/3457/3457
f 3462/3462/3462 3459/3459/3459 3458/3458/3458
f 3458/3458/3458 3461/3461/3461 3462/3462/3462
f 3459/3459/3459 3462/3462/3462 3463/3463/3463
f 3462/3462/3462 3464/3464/3464 3463/3463/3463
f 3464/3464/3464 3462/3462/3462 3465/3465/3465
f 3461/3461/3461 3465/3465/3465 3462/3462/3462
f 3465/3465/3465 3466/3466/3466 3464/3464/3464
f 3466/3466/3466 3465/3465/3465 3467/3467/3467
f 3467/3467/3467 3468/3468/3468 3466/3466/3466
f 3465/3465/3465 3461/3461/3461 3469/3469/3469
f 3469/3469/3469 3467/3467/3467 3465/3465/3465
f 3468/3468/3468 3467/3467/3467 3470/3470/3470
f 3470/3470/3470 3471/3471/3471 3468/3468/3468
f 3467/3467/3467 3469/3469/3469 3472/3472/3472
f 3472/3472/3472 3470/3470/3470 3467/3467/3467
f 3473/3473/3473 3469/3469/3469 3461/3461/3461
f 3461/3461/3461 3460/3460/3460 3473/3473/3473
f 3474/3474/3474 3472/3472/3472 3469/3469/3469
f 3469/3469/3469 3473/3473/3473 3474/3474/3474
f 3475/3475/3475 3473/3473/3473 3460/3460/3460
f 3460/3460/3460 3447/3447/3447 3475/3475/3475
f 3444/3444/3444 3475/3475/3475 3447/3447/3447
f 3475/3475/3475 3444/3444/3444 3476/3476/3476
f 3473/3473/3473 3475/3475/3475 3477/3477/3477
f 3476/3476/3476 3477/3477/3477 3475/3475/3475
f 3477/3477/3477 3474/3474/3474 3473/3473/3473
f 3477/3477/3477 3476/3476/3476 3478/3478/3478
f 3478/3478/3478 3479/3479/3479 3477/3477/3477
f 3474/3474/3474 3477/3477/3477 3479/3479/3479
f 3479/3479/3479 3478/3478/3478 3480/3480/3480
f 3481/3481/3481 3479/3479/3479 3480/3480/3480
f 3479/3479/3479 3481/3481/3481 3482/3482/3482
f 3482/3482/3482 3474/3474/3474 3479/3479/3479
f 3483/3483/3483 3482/3482/3482 3481/3481/3481
f 3474/3474/3474 3482/3482/3482 3484/3484/3484
f 3472/3472/3472 3474/3474/3474 3484/3484/3484
f 3482/3482/3482 3483/3483/3483 3485/3485/3485
f 3485/3485/3485 3484/3484/3484 3482/3482/3482
f 3486/3486/3486 3485/3485/3485 3483/3483/3483
f 3484/3484/3484 3487/3487/3487 3472/3472/3472
f 3470/3470/3470 3472/3472/3472 3487/3487/3487
f 3484/3484/3484 3485/3485/3485 3488/3488/3488
f 3487/3487/3487 3484/3484/3484 3488/3488/3488
f 3485/3485/3485 3486/3486/3486 3489/3489/3489
f 3489/3489/3489 3488/3488/3488 3485/3485/3485
f 3490/3490/3490 3489/3489/3489 3486/3486/3486
f 3487/3487/3487 3491/3491/3491 3470/3470/3470
f 3471/3471/3471 3470/3470/3470 3491/3491/3491
f 3489/3489/3489 3490/3490/3490 3492/3492/3492
f 3493/3493/3493 3492/3492/3492 3490/3490/3490
f 3488/3488/3488 3489/3489/3489 3494/3494/3494
f 3492/3492/3492 3494/3494/3494 3489/3489/3489
f 3488/3488/3488 3495/3495/3495 3487/3487/3487
f 3495/3495/3495 3488/3488/3488 3494/3494/3494
f 3491/3491/3491 3487/3487/3487 3495/3495/3495
f 3494/3494/3494 3492/3492/3492 3496/3496/3496
f 3496/3496/3496 3495/3495/3495 3494/3494/3494
f 3492/3492/3492 3493/3493/3493 3497/3497/3497
f 3497/3497/3497 3496/3496/3496 3492/3492/3492
f 3498/3498/3498 3497/3497/3497 3493/3493/3493
f 3497/3497/3497 3498/3498/3498 3499/3499/3499
f 3495/3495/3495 3496/3496/3496 3500/3500/3500
f 3500/3500/3500 3491/3491/3491 3495/3495/3495
f 3496/3496/3496 3497/3497/3497 3501/3501/3501
f 3499/3499/3499 3501/3501/3501 3497/3497/3497
f 3501/3501/3501 3500/3500/3500 3496/3496/3496
f 3501/3501/3501 3499/3499/3499 3502/3502/3502
f 3491/3491/3491 3500/3500/3500 3503/3503/3503
f 3503/3503/3503 3471/3471/3471 3491/3491/3491
f 3471/3471/3471 3503/3503/3503 3504/3504/3504
f 3500/3500/3500 3501/3501/3501 3505/3505/3505
f 3502/3502/3502 3505/3505/3505 3501/3501/3501
f 3505/3505/3505 3503/3503/3503 3500/3500/3500
f 3505/3505/3505 3502/3502/3502 3506/3506/3506
f 3507/3507/3507 3504/3504/3504 3503/3503/3503
f 3503/3503/3503 3505/3505/3505 3507/3507/3507
f 3506/3506/3506 3507/3507/3507 3505/3505/3505
f 3504/3504/3504 3507/3507/3507 3508/3508/3508
f 3507/3507/3507 3506/3506/3506 3509/3509/3509
f 3509/3509/3509 3508/3508/3508 3507/3507/3507
f 3508/3508/3508 3509/3509/3509 3510/3510/3510
f 3511/3511/3511 3512/3512/3512 3513/3513/3513
f 3512/3512/3512 3511/3511/3511 3514/3514/3514
f 3514/3514/3514 3515/3515/3515 3512/3512/3512
f 3516/3516/3516 3514/3514/3514 3511/3511/3511
f 3515/3515/3515 3514/3514/3514 3517/3517/3517
f 3517/3517/3517 3518/3518/3518 3515/3515/3515
f 3514/3514/3514 3516/3516/3516 3519/3519/3519
f 3519/3519/3519 3517/3517/3517 3514/3514/3514
f 3520/3520/3520 3519/3519/3519 3516/3516/3516
f 3518/3518/3518 3517/3517/3517 3521/3521/3521
f 3521/3521/3521 3522/3522/3522 3518/3518/3518
f 3517/3517/3517 3519/3519/3519 3523/3523/3523
f 3523/3523/3523 3521/3521/3521 3517/3517/3517
f 3519/3519/3519 3520/3520/3520 3524/3524/3524
f 3524/3524/3524 3523/3523/3523 3519/3519/3519
f 3525/3525/3525 3524/3524/3524 3520/3520/3520
f 3521/3521/3521 3523/3523/3523 3526/3526/3526
f 3524/3524/3524 3525/3525/3525 3527/3527/3527
f 3528/3528/3528 3527/3527/3527 3525/3525/3525
f 3523/3523/3523 3524/3524/3524 3529/3529/3529
f 3527/3527/3527 3529/3529/3529 3524/3524/3524
f 3529/3529/3529 3526/3526/3526 3523/3523/3523
f 3527/3527/3527 3528/3528/3528 3530/3530/3530
f 3531/3531/3531 3530/3530/3530 3528/3528/3528
f 3529/3529/3529 3527/3527/3527 3532/3532/3532
f 3530/3530/3530 3532/3532/3532 3527/3527/3527
f 3533/3533/3533 3531/3531/3531 3534/3534/3534
f 3531/3531/3531 3533/3533/3533 3535/3535/3535
f 3530/3530/3530 3531/3531/3531 3535/3535/3535
f 3536/3536/3536 3535/3535/3535 3533/3533/3533
f 3535/3535/3535 3537/3537/3537 3530/3530/3530
f 3532/3532/3532 3530/3530/3530 3537/3537/3537
f 3535/3535/3535 3536/3536/3536 3538/3538/3538
f 3537/3537/3537 3535/3535/3535 3538/3538/3538
f 3539/3539/3539 3538/3538/3538 3536/3536/3536
f 3537/3537/3537 3540/3540/3540 3532/3532/3532
f 3538/3538/3538 3539/3539/3539 3541/3541/3541
f 3542/3542/3542 3541/3541/3541 3539/3539/3539
f 3538/3538/3538 3543/3543/3543 3537/3537/3537
f 3543/3543/3543 3538/3538/3538 3541/3541/3541
f 3540/3540/3540 3537/3537/3537 3543/3543/3543
f 3541/3541/3541 3542/3542/3542 3544/3544/3544
f 3545/3545/3545 3544/3544/3544 3542/3542/3542
f 3541/3541/3541 3546/3546/3546 3543/3543/3543
f 3546/3546/3546 3541/3541/3541 3544/3544/3544
f 3543/3543/3543 3547/3547/3547 3540/3540/3540
f 3547/3547/3547 3543/3543/3543 3546/3546/3546
f 3544/3544/3544 3545/3545/3545 3548/3548/3548
f 3549/3549/3549 3548/3548/3548 3545/3545/3545
f 3544/3544/3544 3550/3550/3550 3546/3546/3546
f 3550/3550/3550 3544/3544/3544 3548/3548/3548
f 3546/3546/3546 3551/3551/3551 3547/3547/3547
f 3551/3551/3551 3546/3546/3546 3550/3550/3550
f 3548/3548/3548 3549/3549/3549 3552/3552/3552
f 3553/3553/3553 3552/3552/3552 3549/3549/3549
f 3548/3548/3548 3554/3554/3554 3550/3550/3550
f 3554/3554/3554 3548/3548/3548 3552/3552/3552
f 3555/3555/3555 3550/3550/3550 3554/3554/3554
f 3550/3550/3550 3555/3555/3555 3551/3551/3551
f 3552/3552/3552 3556/3556/3556 3554/3554/3554
f 3556/3556/3556 3555/3555/3555 3554/3554/3554
f 3552/3552/3552 3553/3553/3553 3557/3557/3557
f 3556/3556/3556 3552/3552/3552 3557/3557/3557
f 3553/3553/3553 3558/3558/3558 3557/3557/3557
f 3558/3558/3558 3556/3556/3556 3557/3557/3557
f 3558/3558/3558 3553/3553/3553 3559/3559/3559
f 3559/3559/3559 3560/3560/3560 3558/3558/3558
f 3560/3560/3560 3559/3559/3559 3561/3561/3561
f 3556/3556/3556 3558/3558/3558 3562/3562/3562
f 3560/3560/3560 3562/3562/3562 3558/3558/3558
f 3561/3561/3561 3563/3563/3563 3560/3560/3560
f 3563/3563/3563 3561/3561/3561 3564/3564/3564
f 3562/3562/3562 3560/3560/3560 3565/3565/3565
f 3563/3563/3563 3565/3565/3565 3560/3560/3560
f 3562/3562/3562 3566/3566/3566 3556/3556/3556
f 3555/3555/3555 3556/3556/3556 3566/3566/3566
f 3565/3565/3565 3567/3567/3567 3562/3562/3562
f 3566/3566/3566 3562/3562/3562 3567/3567/3567
f 3565/3565/3565 3563/3563/3563 3568/3568/3568
f 3564/3564/3564 3569/3569/3569 3563/3563/3563
f 3569/3569/3569 3568/3568/3568 3563/3563/3563
f 3569/3569/3569 3564/3564/3564 3570/3570/3570
f 3568/3568/3568 3571/3571/3571 3565/3565/3565
f 3567/3567/3567 3565/3565/3565 3571/3571/3571
f 3570/3570/3570 3572/3572/3572 3569/3569/3569
f 3572/3572/3572 3570/3570/3570 3573/3573/3573
f 3568/3568/3568 3569/3569/3569 3574/3574/3574
f 3573/3573/3573 3575/3575/3575 3572/3572/3572
f 3575/3575/3575 3573/3573/3573 3576/3576/3576
f 3577/3577/3577 3569/3569/3569 3572/3572/3572
f 3569/3569/3569 3577/3577/3577 3574/3574/3574
f 3578/3578/3578 3572/3572/3572 3575/3575/3575
f 3572/3572/3572 3578/3578/3578 3577/3577/3577
f 3576/3576/3576 3579/3579/3579 3575/3575/3575
f 3579/3579/3579 3576/3576/3576 3580/3580/3580
f 3575/3575/3575 3581/3581/3581 3578/3578/3578
f 3581/3581/3581 3575/3575/3575 3579/3579/3579
f 3580/3580/3580 3582/3582/3582 3579/3579/3579
f 3582/3582/3582 3580/3580/3580 3583/3583/3583
f 3584/3584/3584 3582/3582/3582 3583/3583/3583
f 3585/3585/3585 3579/3579/3579 3582/3582/3582
f 3579/3579/3579 3585/3585/3585 3581/3581/3581
f 3582/3582/3582 3584/3584/3584 3586/3586/3586
f 3586/3586/3586 3585/3585/3585 3582/3582/3582
f 3587/3587/3587 3586/3586/3586 3584/3584/3584
f 3588/3588/3588 3581/3581/3581 3585/3585/3585
f 3586/3586/3586 3587/3587/3587 3589/3589/3589
f 3590/3590/3590 3589/3589/3589 3587/3587/3587
f 3585/3585/3585 3586/3586/3586 3591/3591/3591
f 3589/3589/3589 3591/3591/3591 3586/3586/3586
f 3591/3591/3591 3588/3588/3588 3585/3585/3585
f 3589/3589/3589 3590/3590/3590 3592/3592/3592
f 3593/3593/3593 3592/3592/3592 3590/3590/3590
f 3591/3591/3591 3589/3589/3589 3594/3594/3594
f 3592/3592/3592 3594/3594/3594 3589/3589/3589
f 3588/3588/3588 3591/3591/3591 3595/3595/3595
f 3594/3594/3594 3595/3595/3595 3591/3591/3591
f 3592/3592/3592 3593/3593/3593 3596/3596/3596
f 3597/3597/3597 3596/3596/3596 3593/3593/3593
f 3594/3594/3594 3592/3592/3592 3598/3598/3598
f 3596/3596/3596 3598/3598/3598 3592/3592/3592
f 3595/3595/3595 3594/3594/3594 3599/3599/3599
f 3598/3598/3598 3599/3599/3599 3594/3594/3594
f 3596/3596/3596 3597/3597/3597 3600/3600/3600
f 3601/3601/3601 3600/3600/3600 3597/3597/3597
f 3598/3598/3598 3596/3596/3596 3602/3602/3602
f 3600/3600/3600 3601/3601/3601 3603/3603/3603
f 3604/3604/3604 3603/3603/3603 3601/3601/3601
f 3605/3605/3605 3596/3596/3596 3600/3600/3600
f 3596/3596/3596 3605/3605/3605 3602/3602/3602
f 3606/3606/3606 3600/3600/3600 3603/3603/3603
f 3600/3600/3600 3606/3606/3606 3605/3605/3605
f 3603/3603/3603 3604/3604/3604 3607/3607/3607
f 3603/3603/3603 3608/3608/3608 3606/3606/3606
f 3608/3608/3608 3603/3603/3603 3607/3607/3607
f 3604/3604/3604 3609/3609/3609 3607/3607/3607
f 3609/3609/3609 3604/3604/3604 3610/3610/3610
f 3607/3607/3607 3611/3611/3611 3608/3608/3608
f 3611/3611/3611 3607/3607/3607 3609/3609/3609
f 3610/3610/3610 3612/3612/3612 3609/3609/3609
f 3612/3612/3612 3611/3611/3611 3609/3609/3609
f 3612/3612/3612 3610/3610/3610 3613/3613/3613
f 3613/3613/3613 3614/3614/3614 3612/3612/3612
f 3614/3614/3614 3613/3613/3613 3615/3615/3615
f 3611/3611/3611 3612/3612/3612 3616/3616/3616
f 3614/3614/3614 3616/3616/3616 3612/3612/3612
f 3615/3615/3615 3617/3617/3617 3614/3614/3614
f 3617/3617/3617 3615/3615/3615 3618/3618/3618
f 3616/3616/3616 3614/3614/3614 3619/3619/3619
f 3617/3617/3617 3619/3619/3619 3614/3614/3614
f 3620/3620/3620 3611/3611/3611 3616/3616/3616
f 3619/3619/3619 3620/3620/3620 3616/3616/3616
f 3618/3618/3618 3621/3621/3621 3617/3617/3617
f 3621/3621/3621 3618/3618/3618 3622/3622/3622
f 3619/3619/3619 3617/3617/3617 3623/3623/3623
f 3621/3621/3621 3623/3623/3623 3617/3617/3617
f 3622/3622/3622 3624/3624/3624 3621/3621/3621
f 3624/3624/3624 3622/3622/3622 3625/3625/3625
f 3623/3623/3623 3621/3621/3621 3626/3626/3626
f 3624/3624/3624 3626/3626/3626 3621/3621/3621
f 3623/3623/3623 3627/3627/3627 3619/3619/3619
f 3620/3620/3620 3619/3619/3619 3627/3627/3627
f 3626/3626/3626 3628/3628/3628 3623/3623/3623
f 3627/3627/3627 3623/3623/3623 3628/3628/3628
f 3626/3626/3626 3624/3624/3624 3629/3629/3629
f 3625/3625/3625 3630/3630/3630 3624/3624/3624
f 3630/3630/3630 3629/3629/3629 3624/3624/3624
f 3630/3630/3630 3625/3625/3625 3631/3631/3631
f 3632/3632/3632 3631/3631/3631 3633/3633/3633
f 3631/3631/3631 3632/3632/3632 3630/3630/3630
f 3632/3632/3632 3634/3634/3634 3630/3630/3630
f 3629/3629/3629 3630/3630/3630 3634/3634/3634
f 3634/3634/3634 3632/3632/3632 3635/3635/3635
f 3629/3629/3629 3636/3636/3636 3626/3626/3626
f 3628/3628/3628 3626/3626/3626 3636/3636/3636
f 3634/3634/3634 3637/3637/3637 3629/3629/3629
f 3636/3636/3636 3629/3629/3629 3637/3637/3637
f 3635/3635/3635 3638/3638/3638 3634/3634/3634
f 3637/3637/3637 3634/3634/3634 3638/3638/3638
f 3638/3638/3638 3635/3635/3635 3639/3639/3639
f 3636/3636/3636 3640/3640/3640 3628/3628/3628
f 3640/3640/3640 3627/3627/3627 3628/3628/3628
f 3637/3637/3637 3641/3641/3641 3636/3636/3636
f 3640/3640/3640 3636/3636/3636 3641/3641/3641
f 3638/3638/3638 3642/3642/3642 3637/3637/3637
f 3641/3641/3641 3637/3637/3637 3642/3642/3642
f 3639/3639/3639 3643/3643/3643 3638/3638/3638
f 3642/3642/3642 3638/3638/3638 3643/3643/3643
f 3643/3643/3643 3639/3639/3639 3644/3644/3644
f 3642/3642/3642 3645/3645/3645 3641/3641/3641
f 3644/3644/3644 3646/3646/3646 3643/3643/3643
f 3646/3646/3646 3644/3644/3644 3647/3647/3647
f 3643/3643/3643 3648/3648/3648 3642/3642/3642
f 3648/3648/3648 3643/3643/3643 3646/3646/3646
f 3645/3645/3645 3642/3642/3642 3648/3648/3648
f 3647/3647/3647 3649/3649/3649 3646/3646/3646
f 3649/3649/3649 3647/3647/3647 3650/3650/3650
f 3651/3651/3651 3649/3649/3649 3650/3650/3650
f 3649/3649/3649 3651/3651/3651 3652/3652/3652
f 3653/3653/3653 3649/3649/3649 3652/3652/3652
f 3654/3654/3654 3646/3646/3646 3649/3649/3649
f 3649/3649/3649 3653/3653/3653 3654/3654/3654
f 3646/3646/3646 3654/3654/3654 3648/3648/3648
f 3655/3655/3655 3654/3654/3654 3653/3653/3653
f 3656/3656/3656 3648/3648/3648 3654/3654/3654
f 3654/3654/3654 3655/3655/3655 3656/3656/3656
f 3648/3648/3648 3656/3656/3656 3645/3645/3645
f 3657/3657/3657 3656/3656/3656 3655/3655/3655
f 3656/3656/3656 3657/3657/3657 3658/3658/3658
f 3658/3658/3658 3645/3645/3645 3656/3656/3656
f 3659/3659/3659 3658/3658/3658 3657/3657/3657
f 3645/3645/3645 3658/3658/3658 3660/3660/3660
f 3660/3660/3660 3641/3641/3641 3645/3645/3645
f 3641/3641/3641 3660/3660/3660 3640/3640/3640
f 3658/3658/3658 3659/3659/3659 3661/3661/3661
f 3662/3662/3662 3661/3661/3661 3659/3659/3659
f 3658/3658/3658 3663/3663/3663 3660/3660/3660
f 3663/3663/3663 3658/3658/3658 3661/3661/3661
f 3660/3660/3660 3664/3664/3664 3640/3640/3640
f 3664/3664/3664 3660/3660/3660 3663/3663/3663
f 3627/3627/3627 3640/3640/3640 3664/3664/3664
f 3664/3664/3664 3620/3620/3620 3627/3627/3627
f 3663/3663/3663 3665/3665/3665 3664/3664/3664
f 3620/3620/3620 3664/3664/3664 3665/3665/3665
f 3661/3661/3661 3666/3666/3666 3663/3663/3663
f 3665/3665/3665 3663/3663/3663 3666/3666/3666
f 3661/3661/3661 3662/3662/3662 3667/3667/3667
f 3666/3666/3666 3661/3661/3661 3667/3667/3667
f 3668/3668/3668 3667/3667/3667 3662/3662/3662
f 3665/3665/3665 3669/3669/3669 3620/3620/3620
f 3611/3611/3611 3620/3620/3620 3669/3669/3669
f 3669/3669/3669 3608/3608/3608 3611/3611/3611
f 3667/3667/3667 3668/3668/3668 3670/3670/3670
f 3671/3671/3671 3670/3670/3670 3668/3668/3668
f 3608/3608/3608 3669/3669/3669 3672/3672/3672
f 3672/3672/3672 3606/3606/3606 3608/3608/3608
f 3669/3669/3669 3665/3665/3665 3673/3673/3673
f 3673/3673/3673 3672/3672/3672 3669/3669/3669
f 3666/3666/3666 3673/3673/3673 3665/3665/3665
f 3606/3606/3606 3672/3672/3672 3674/3674/3674
f 3674/3674/3674 3605/3605/3605 3606/3606/3606
f 3672/3672/3672 3673/3673/3673 3675/3675/3675
f 3675/3675/3675 3674/3674/3674 3672/3672/3672
f 3673/3673/3673 3666/3666/3666 3676/3676/3676
f 3676/3676/3676 3675/3675/3675 3673/3673/3673
f 3667/3667/3667 3676/3676/3676 3666/3666/3666
f 3676/3676/3676 3667/3667/3667 3670/3670/3670
f 3675/3675/3675 3676/3676/3676 3677/3677/3677
f 3670/3670/3670 3677/3677/3677 3676/3676/3676
f 3674/3674/3674 3675/3675/3675 3678/3678/3678
f 3677/3677/3677 3678/3678/3678 3675/3675/3675
f 3605/3605/3605 3674/3674/3674 3679/3679/3679
f 3678/3678/3678 3679/3679/3679 3674/3674/3674
f 3679/3679/3679 3602/3602/3602 3605/3605/3605
f 3677/3677/3677 3670/3670/3670 3680/3680/3680
f 3670/3670/3670 3671/3671/3671 3680/3680/3680
f 3678/3678/3678 3677/3677/3677 3681/3681/3681
f 3680/3680/3680 3681/3681/3681 3677/3677/3677
f 3671/3671/3671 3682/3682/3682 3680/3680/3680
f 3681/3681/3681 3680/3680/3680 3682/3682/3682
f 3682/3682/3682 3671/3671/3671 3683/3683/3683
f 3683/3683/3683 3684/3684/3684 3682/3682/3682
f 3684/3684/3684 3681/3681/3681 3682/3682/3682
f 3684/3684/3684 3683/3683/3683 3685/3685/3685
f 3681/3681/3681 3686/3686/3686 3678/3678/3678
f 3679/3679/3679 3678/3678/3678 3686/3686/3686
f 3681/3681/3681 3684/3684/3684 3687/3687/3687
f 3686/3686/3686 3681/3681/3681 3687/3687/3687
f 3685/3685/3685 3688/3688/3688 3684/3684/3684
f 3688/3688/3688 3687/3687/3687 3684/3684/3684
f 3688/3688/3688 3685/3685/3685 3689/3689/3689
f 3687/3687/3687 3688/3688/3688 3690/3690/3690
f 3690/3690/3690 3686/3686/3686 3687/3687/3687
f 3689/3689/3689 3691/3691/3691 3688/3688/3688
f 3691/3691/3691 3690/3690/3690 3688/3688/3688
f 3691/3691/3691 3689/3689/3689 3692/3692/3692
f 3686/3686/3686 3690/3690/3690 3693/3693/3693
f 3692/3692/3692 3694/3694/3694 3691/3691/3691
f 3694/3694/3694 3692/3692/3692 3695/3695/3695
f 3690/3690/3690 3691/3691/3691 3696/3696/3696
f 3694/3694/3694 3696/3696/3696 3691/3691/3691
f 3696/3696/3696 3693/3693/3693 3690/3690/3690
f 3695/3695/3695 3697/3697/3697 3694/3694/3694
f 3697/3697/3697 3695/3695/3695 3698/3698/3698
f 3699/3699/3699 3697/3697/3697 3698/3698/3698
f 3696/3696/3696 3694/3694/3694 3700/3700/3700
f 3697/3697/3697 3700/3700/3700 3694/3694/3694
f 3693/3693/3693 3696/3696/3696 3701/3701/3701
f 3700/3700/3700 3701/3701/3701 3696/3696/3696
f 3702/3702/3702 3686/3686/3686 3693/3693/3693
f 3701/3701/3701 3702/3702/3702 3693/3693/3693
f 3686/3686/3686 3702/3702/3702 3679/3679/3679
f 3602/3602/3602 3679/3679/3679 3702/3702/3702
f 3703/3703/3703 3602/3602/3602 3702/3702/3702
f 3702/3702/3702 3701/3701/3701 3703/3703/3703
f 3602/3602/3602 3703/3703/3703 3598/3598/3598
f 3599/3599/3599 3598/3598/3598 3703/3703/3703
f 3704/3704/3704 3703/3703/3703 3701/3701/3701
f 3703/3703/3703 3704/3704/3704 3599/3599/3599
f 3701/3701/3701 3700/3700/3700 3704/3704/3704
f 3705/3705/3705 3599/3599/3599 3704/3704/3704
f 3599/3599/3599 3705/3705/3705 3595/3595/3595
f 3706/3706/3706 3704/3704/3704 3700/3700/3700
f 3704/3704/3704 3706/3706/3706 3705/3705/3705
f 3700/3700/3700 3697/3697/3697 3706/3706/3706
f 3707/3707/3707 3595/3595/3595 3705/3705/3705
f 3595/3595/3595 3707/3707/3707 3588/3588/3588
f 3708/3708/3708 3705/3705/3705 3706/3706/3706
f 3705/3705/3705 3708/3708/3708 3707/3707/3707
f 3709/3709/3709 3706/3706/3706 3697/3697/3697
f 3706/3706/3706 3709/3709/3709 3708/3708/3708
f 3697/3697/3697 3699/3699/3699 3709/3709/3709
f 3710/3710/3710 3709/3709/3709 3699/3699/3699
f 3707/3707/3707 3711/3711/3711 3588/3588/3588
f 3581/3581/3581 3588/3588/3588 3711/3711/3711
f 3711/3711/3711 3578/3578/3578 3581/3581/3581
f 3709/3709/3709 3710/3710/3710 3712/3712/3712
f 3713/3713/3713 3712/3712/3712 3710/3710/3710
f 3578/3578/3578 3711/3711/3711 3714/3714/3714
f 3714/3714/3714 3577/3577/3577 3578/3578/3578
f 3711/3711/3711 3707/3707/3707 3715/3715/3715
f 3715/3715/3715 3714/3714/3714 3711/3711/3711
f 3708/3708/3708 3715/3715/3715 3707/3707/3707
f 3577/3577/3577 3714/3714/3714 3716/3716/3716
f 3716/3716/3716 3574/3574/3574 3577/3577/3577
f 3714/3714/3714 3715/3715/3715 3717/3717/3717
f 3717/3717/3717 3716/3716/3716 3714/3714/3714
f 3715/3715/3715 3708/3708/3708 3718/3718/3718
f 3718/3718/3718 3717/3717/3717 3715/3715/3715
f 3709/3709/3709 3718/3718/3718 3708/3708/3708
f 3718/3718/3718 3709/3709/3709 3712/3712/3712
f 3717/3717/3717 3718/3718/3718 3719/3719/3719
f 3712/3712/3712 3719/3719/3719 3718/3718/3718
f 3716/3716/3716 3717/3717/3717 3720/3720/3720
f 3719/3719/3719 3720/3720/3720 3717/3717/3717
f 3719/3719/3719 3712/3712/3712 3721/3721/3721
f 3712/3712/3712 3713/3713/3713 3721/3721/3721
f 3722/3722/3722 3721/3721/3721 3713/3713/3713
f 3721/3721/3721 3723/3723/3723 3719/3719/3719
f 3720/3720/3720 3719/3719/3719 3723/3723/3723
f 3721/3721/3721 3722/3722/3722 3724/3724/3724
f 3723/3723/3723 3721/3721/3721 3724/3724/3724
f 3725/3725/3725 3724/3724/3724 3722/3722/3722
f 3723/3723/3723 3726/3726/3726 3720/3720/3720
f 3724/3724/3724 3725/3725/3725 3727/3727/3727
f 3728/3728/3728 3727/3727/3727 3725/3725/3725
f 3724/3724/3724 3729/3729/3729 3723/3723/3723
f 3729/3729/3729 3724/3724/3724 3727/3727/3727
f 3726/3726/3726 3723/3723/3723 3729/3729/3729
f 3727/3727/3727 3728/3728/3728 3730/3730/3730
f 3731/3731/3731 3730/3730/3730 3728/3728/3728
f 3727/3727/3727 3732/3732/3732 3729/3729/3729
f 3732/3732/3732 3727/3727/3727 3730/3730/3730
f 3729/3729/3729 3733/3733/3733 3726/3726/3726
f 3733/3733/3733 3729/3729/3729 3732/3732/3732
f 3734/3734/3734 3720/3720/3720 3726/3726/3726
f 3733/3733/3733 3734/3734/3734 3726/3726/3726
f 3720/3720/3720 3734/3734/3734 3716/3716/3716
f 3574/3574/3574 3716/3716/3716 3734/3734/3734
f 3735/3735/3735 3574/3574/3574 3734/3734/3734
f 3734/3734/3734 3733/3733/3733 3735/3735/3735
f 3574/3574/3574 3735/3735/3735 3568/3568/3568
f 3571/3571/3571 3568/3568/3568 3735/3735/3735
f 3736/3736/3736 3735/3735/3735 3733/3733/3733
f 3735/3735/3735 3736/3736/3736 3571/3571/3571
f 3737/3737/3737 3733/3733/3733 3732/3732/3732
f 3733/3733/3733 3737/3737/3737 3736/3736/3736
f 3730/3730/3730 3737/3737/3737 3732/3732/3732
f 3738/3738/3738 3571/3571/3571 3736/3736/3736
f 3571/3571/3571 3738/3738/3738 3567/3567/3567
f 3737/3737/3737 3730/3730/3730 3739/3739/3739
f 3730/3730/3730 3731/3731/3731 3739/3739/3739
f 3740/3740/3740 3739/3739/3739 3731/3731/3731
f 3739/3739/3739 3740/3740/3740 3741/3741/3741
f 3741/3741/3741 3737/3737/3737 3739/3739/3739
f 3742/3742/3742 3741/3741/3741 3740/3740/3740
f 3743/3743/3743 3736/3736/3736 3737/3737/3737
f 3737/3737/3737 3741/3741/3741 3743/3743/3743
f 3736/3736/3736 3743/3743/3743 3738/3738/3738
f 3741/3741/3741 3742/3742/3742 3744/3744/3744
f 3744/3744/3744 3743/3743/3743 3741/3741/3741
f 3742/3742/3742 3745/3745/3745 3744/3744/3744
f 3745/3745/3745 3742/3742/3742 3746/3746/3746
f 3743/3743/3743 3744/3744/3744 3747/3747/3747
f 3745/3745/3745 3747/3747/3747 3744/3744/3744
f 3747/3747/3747 3738/3738/3738 3743/3743/3743
f 3746/3746/3746 3748/3748/3748 3745/3745/3745
f 3748/3748/3748 3746/3746/3746 3749/3749/3749
f 3747/3747/3747 3745/3745/3745 3750/3750/3750
f 3748/3748/3748 3750/3750/3750 3745/3745/3745
f 3738/3738/3738 3747/3747/3747 3751/3751/3751
f 3750/3750/3750 3751/3751/3751 3747/3747/3747
f 3751/3751/3751 3567/3567/3567 3738/3738/3738
f 3567/3567/3567 3751/3751/3751 3566/3566/3566
f 3752/3752/3752 3566/3566/3566 3751/3751/3751
f 3751/3751/3751 3750/3750/3750 3752/3752/3752
f 3566/3566/3566 3752/3752/3752 3555/3555/3555
f 3750/3750/3750 3748/3748/3748 3753/3753/3753
f 3753/3753/3753 3752/3752/3752 3750/3750/3750
f 3754/3754/3754 3555/3555/3555 3752/3752/3752
f 3752/3752/3752 3753/3753/3753 3754/3754/3754
f 3555/3555/3555 3754/3754/3754 3551/3551/3551
f 3755/3755/3755 3753/3753/3753 3748/3748/3748
f 3749/3749/3749 3755/3755/3755 3748/3748/3748
f 3755/3755/3755 3749/3749/3749 3522/3522/3522
f 3522/3522/3522 3521/3521/3521 3755/3755/3755
f 3526/3526/3526 3755/3755/3755 3521/3521/3521
f 3753/3753/3753 3755/3755/3755 3756/3756/3756
f 3755/3755/3755 3526/3526/3526 3756/3756/3756
f 3756/3756/3756 3754/3754/3754 3753/3753/3753
f 3757/3757/3757 3756/3756/3756 3526/3526/3526
f 3526/3526/3526 3529/3529/3529 3757/3757/3757
f 3532/3532/3532 3757/3757/3757 3529/3529/3529
f 3757/3757/3757 3532/3532/3532 3540/3540/3540
f 3754/3754/3754 3756/3756/3756 3758/3758/3758
f 3756/3756/3756 3757/3757/3757 3758/3758/3758
f 3540/3540/3540 3758/3758/3758 3757/3757/3757
f 3758/3758/3758 3551/3551/3551 3754/3754/3754
f 3758/3758/3758 3540/3540/3540 3547/3547/3547
f 3551/3551/3551 3758/3758/3758 3547/3547/3547
f 3759/3759/3759 3760/3760/3760 3761/3761/3761
f 3762/3762/3762 3759/3759/3759 3761/3761/3761
f 3760/3760/3760 3759/3759/3759 3763/3763/3763
f 3763/3763/3763 3764/3764/3764 3760/3760/3760
f 3759/3759/3759 3762/3762/3762 3765/3765/3765
f 3766/3766/3766 3765/3765/3765 3762/3762/3762
f 3767/3767/3767 3763/3763/3763 3759/3759/3759
f 3765/3765/3765 3767/3767/3767 3759/3759/3759
f 3764/3764/3764 3763/3763/3763 3768/3768/3768
f 3768/3768/3768 3769/3769/3769 3764/3764/3764
f 3763/3763/3763 3767/3767/3767 3770/3770/3770
f 3770/3770/3770 3768/3768/3768 3763/3763/3763
f 3769/3769/3769 3768/3768/3768 3771/3771/3771
f 3771/3771/3771 3772/3772/3772 3769/3769/3769
f 3768/3768/3768 3770/3770/3770 3773/3773/3773
f 3773/3773/3773 3771/3771/3771 3768/3768/3768
f 3772/3772/3772 3771/3771/3771 3774/3774/3774
f 3774/3774/3774 3775/3775/3775 3772/3772/3772
f 3771/3771/3771 3773/3773/3773 3776/3776/3776
f 3776/3776/3776 3774/3774/3774 3771/3771/3771
f 3770/3770/3770 3777/3777/3777 3773/3773/3773
f 3773/3773/3773 3777/3777/3777 3776/3776/3776
f 3767/3767/3767 3777/3777/3777 3770/3770/3770
f 3774/3774/3774 3776/3776/3776 3778/3778/3778
f 3776/3776/3776 3777/3777/3777 3778/3778/3778
f 3775/3775/3775 3774/3774/3774 3779/3779/3779
f 3778/3778/3778 3779/3779/3779 3774/3774/3774
f 3780/3780/3780 3775/3775/3775 3779/3779/3779
f 3775/3775/3775 3780/3780/3780 3781/3781/3781
f 3779/3779/3779 3778/3778/3778 3782/3782/3782
f 3778/3778/3778 3777/3777/3777 3782/3782/3782
f 3783/3783/3783 3779/3779/3779 3782/3782/3782
f 3779/3779/3779 3783/3783/3783 3780/3780/3780
f 3782/3782/3782 3777/3777/3777 3783/3783/3783
f 3784/3784/3784 3780/3780/3780 3783/3783/3783
f 3777/3777/3777 3784/3784/3784 3783/3783/3783
f 3785/3785/3785 3781/3781/3781 3780/3780/3780
f 3780/3780/3780 3784/3784/3784 3785/3785/3785
f 3781/3781/3781 3785/3785/3785 3786/3786/3786
f 3787/3787/3787 3785/3785/3785 3784/3784/3784
f 3777/3777/3777 3787/3787/3787 3784/3784/3784
f 3788/3788/3788 3786/3786/3786 3785/3785/3785
f 3785/3785/3785 3787/3787/3787 3788/3788/3788
f 3786/3786/3786 3788/3788/3788 3789/3789/3789
f 3790/3790/3790 3788/3788/3788 3787/3787/3787
f 3777/3777/3777 3790/3790/3790 3787/3787/3787
f 3791/3791/3791 3789/3789/3789 3788/3788/3788
f 3788/3788/3788 3790/3790/3790 3791/3791/3791
f 3789/3789/3789 3791/3791/3791 3792/3792/3792
f 3793/3793/3793 3791/3791/3791 3790/3790/3790
f 3777/3777/3777 3793/3793/3793 3790/3790/3790
f 3794/3794/3794 3792/3792/3792 3791/3791/3791
f 3791/3791/3791 3793/3793/3793 3794/3794/3794
f 3792/3792/3792 3794/3794/3794 3795/3795/3795
f 3796/3796/3796 3794/3794/3794 3793/3793/3793
f 3777/3777/3777 3796/3796/3796 3793/3793/3793
f 3797/3797/3797 3795/3795/3795 3794/3794/3794
f 3794/3794/3794 3796/3796/3796 3797/3797/3797
f 3795/3795/3795 3797/3797/3797 3798/3798/3798
f 3799/3799/3799 3797/3797/3797 3796/3796/3796
f 3777/3777/3777 3799/3799/3799 3796/3796/3796
f 3800/3800/3800 3798/3798/3798 3797/3797/3797
f 3797/3797/3797 3799/3799/3799 3800/3800/3800
f 3798/3798/3798 3800/3800/3800 3801/3801/3801
f 3800/3800/3800 3802/3802/3802 3801/3801/3801
f 3802/3802/3802 3800/3800/3800 3803/3803/3803
f 3799/3799/3799 3803/3803/3803 3800/3800/3800
f 3803/3803/3803 3804/3804/3804 3802/3802/3802
f 3803/3803/3803 3799/3799/3799 3805/3805/3805
f 3777/3777/3777 3805/3805/3805 3799/3799/3799
f 3804/3804/3804 3803/3803/3803 3806/3806/3806
f 3805/3805/3805 3806/3806/3806 3803/3803/3803
f 3806/3806/3806 3807/3807/3807 3804/3804/3804
f 3806/3806/3806 3805/3805/3805 3808/3808/3808
f 3777/3777/3777 3808/3808/3808 3805/3805/3805
f 3807/3807/3807 3806/3806/3806 3809/3809/3809
f 3808/3808/3808 3809/3809/3809 3806/3806/3806
f 3809/3809/3809 3810/3810/3810 3807/3807/3807
f 3809/3809/3809 3808/3808/3808 3811/3811/3811
f 3777/3777/3777 3811/3811/3811 3808/3808/3808
f 3810/3810/3810 3809/3809/3809 3812/3812/3812
f 3811/3811/3811 3812/3812/3812 3809/3809/3809
f 3812/3812/3812 3813/3813/3813 3810/3810/3810
f 3812/3812/3812 3811/3811/3811 3814/3814/3814
f 3777/3777/3777 3814/3814/3814 3811/3811/3811
f 3813/3813/3813 3812/3812/3812 3815/3815/3815
f 3814/3814/3814 3815/3815/3815 3812/3812/3812
f 3815/3815/3815 3816/3816/3816 3813/3813/3813
f 3815/3815/3815 3814/3814/3814 3817/3817/3817
f 3777/3777/3777 3817/3817/3817 3814/3814/3814
f 3816/3816/3816 3815/3815/3815 3818/3818/3818
f 3817/3817/3817 3818/3818/3818 3815/3815/3815
f 3818/3818/3818 3819/3819/3819 3816/3816/3816
f 3818/3818/3818 3817/3817/3817 3820/3820/3820
f 3820/3820/3820 3817/3817/3817 3777/3777/3777
f 3819/3819/3819 3818/3818/3818 3821/3821/3821
f 3820/3820/3820 3821/3821/3821 3818/3818/3818
f 3822/3822/3822 3819/3819/3819 3821/3821/3821
f 3819/3819/3819 3822/3822/3822 3823/3823/3823
f 3821/3821/3821 3820/3820/3820 3824/3824/3824
f 3824/3824/3824 3820/3820/3820 3777/3777/3777
f 3825/3825/3825 3821/3821/3821 3824/3824/3824
f 3821/3821/3821 3825/3825/3825 3822/3822/3822
f 3825/3825/3825 3824/3824/3824 3777/3777/3777
f 3826/3826/3826 3822/3822/3822 3825/3825/3825
f 3826/3826/3826 3825/3825/3825 3777/3777/3777
f 3827/3827/3827 3823/3823/3823 3822/3822/3822
f 3822/3822/3822 3826/3826/3826 3827/3827/3827
f 3823/3823/3823 3827/3827/3827 3828/3828/3828
f 3829/3829/3829 3826/3826/3826 3777/3777/3777
f 3829/3829/3829 3827/3827/3827 3826/3826/3826
f 3830/3830/3830 3828/3828/3828 3827/3827/3827
f 3827/3827/3827 3829/3829/3829 3830/3830/3830
f 3828/3828/3828 3830/3830/3830 3766/3766/3766
f 3765/3765/3765 3766/3766/3766 3830/3830/3830
f 3831/3831/3831 3829/3829/3829 3777/3777/3777
f 3831/3831/3831 3830/3830/3830 3829/3829/3829
f 3830/3830/3830 3831/3831/3831 3765/3765/3765
f 3767/3767/3767 3831/3831/3831 3777/3777/3777
f 3767/3767/3767 3765/3765/3765 3831/3831/3831
f 3832/3832/3832 3833/3833/3833 3834/3834/3834
f 3833/3833/3833 3835/3835/3835 3834/3834/3834
f 3833/3833/3833 3832/3832/3832 3836/3836/3836
f 3837/3837/3837 3836/3836/3836 3832/3832/3832
f 3835/3835/3835 3833/3833/3833 3838/3838/3838
f 3838/3838/3838 3839/3839/3839 3835/3835/3835
f 3836/3836/3836 3840/3840/3840 3833/3833/3833
f 3840/3840/3840 3838/3838/3838 3833/3833/3833
f 3836/3836/3836 3837/3837/3837 3841/3841/3841
f 3842/3842/3842 3841/3841/3841 3837/3837/3837
f 3840/3840/3840 3836/3836/3836 3843/3843/3843
f 3841/3841/3841 3843/3843/3843 3836/3836/3836
f 3841/3841/3841 3842/3842/3842 3844/3844/3844
f 3845/3845/3845 3844/3844/3844 3842/3842/3842
f 3843/3843/3843 3841/3841/3841 3846/3846/3846
f 3844/3844/3844 3846/3846/3846 3841/3841/3841
f 3844/3844/3844 3845/3845/3845 3847/3847/3847
f 3848/3848/3848 3847/3847/3847 3845/3845/3845
f 3846/3846/3846 3844/3844/3844 3849/3849/3849
f 3847/3847/3847 3849/3849/3849 3844/3844/3844
f 3847/3847/3847 3848/3848/3848 3850/3850/3850
f 3851/3851/3851 3850/3850/3850 3848/3848/3848
f 3849/3849/3849 3847/3847/3847 3852/3852/3852
f 3850/3850/3850 3852/3852/3852 3847/3847/3847
f 3846/3846/3846 3849/3849/3849 3853/3853/3853
f 3849/3849/3849 3852/3852/3852 3853/3853/3853
f 3843/3843/3843 3846/3846/3846 3853/3853/3853
f 3840/3840/3840 3843/3843/3843 3853/3853/3853
f 3852/3852/3852 3850/3850/3850 3854/3854/3854
f 3852/3852/3852 3854/3854/3854 3853/3853/3853
f 3855/3855/3855 3854/3854/3854 3850/3850/3850
f 3850/3850/3850 3851/3851/3851 3855/3855/3855
f 3854/3854/3854 3855/3855/3855 3856/3856/3856
f 3854/3854/3854 3856/3856/3856 3853/3853/3853
f 3851/3851/3851 3857/3857/3857 3855/3855/3855
f 3857/3857/3857 3851/3851/3851 3858/3858/3858
f 3855/3855/3855 3859/3859/3859 3856/3856/3856
f 3859/3859/3859 3855/3855/3855 3857/3857/3857
f 3853/3853/3853 3856/3856/3856 3859/3859/3859
f 3858/3858/3858 3860/3860/3860 3857/3857/3857
f 3860/3860/3860 3858/3858/3858 3861/3861/3861
f 3857/3857/3857 3862/3862/3862 3859/3859/3859
f 3862/3862/3862 3857/3857/3857 3860/3860/3860
f 3853/3853/3853 3859/3859/3859 3862/3862/3862
f 3861/3861/3861 3863/3863/3863 3860/3860/3860
f 3863/3863/3863 3861/3861/3861 3864/3864/3864
f 3860/3860/3860 3865/3865/3865 3862/3862/3862
f 3865/3865/3865 3860/3860/3860 3863/3863/3863
f 3853/3853/3853 3862/3862/3862 3865/3865/3865
f 3864/3864/3864 3866/3866/3866 3863/3863/3863
f 3866/3866/3866 3864/3864/3864 3867/3867/3867
f 3863/3863/3863 3868/3868/3868 3865/3865/3865
f 3868/3868/3868 3863/3863/3863 3866/3866/3866
f 3853/3853/3853 3865/3865/3865 3868/3868/3868
f 3867/3867/3867 3869/3869/3869 3866/3866/3866
f 3869/3869/3869 3867/3867/3867 3870/3870/3870
f 3866/3866/3866 3871/3871/3871 3868/3868/3868
f 3871/3871/3871 3866/3866/3866 3869/3869/3869
f 3853/3853/3853 3868/3868/3868 3871/3871/3871
f 3870/3870/3870 3872/3872/3872 3869/3869/3869
f 3872/3872/3872 3870/3870/3870 3873/3873/3873
f 3874/3874/3874 3872/3872/3872 3873/3873/3873
f 3869/3869/3869 3875/3875/3875 3871/3871/3871
f 3875/3875/3875 3869/3869/3869 3872/3872/3872
f 3853/3853/3853 3871/3871/3871 3875/3875/3875
f 3872/3872/3872 3874/3874/3874 3876/3876/3876
f 3876/3876/3876 3875/3875/3875 3872/3872/3872
f 3877/3877/3877 3876/3876/3876 3874/3874/3874
f 3875/3875/3875 3876/3876/3876 3878/3878/3878
f 3853/3853/3853 3875/3875/3875 3878/3878/3878
f 3876/3876/3876 3877/3877/3877 3879/3879/3879
f 3879/3879/3879 3878/3878/3878 3876/3876/3876
f 3880/3880/3880 3879/3879/3879 3877/3877/3877
f 3878/3878/3878 3879/3879/3879 3881/3881/3881
f 3853/3853/3853 3878/3878/3878 3881/3881/3881
f 3879/3879/3879 3880/3880/3880 3882/3882/3882
f 3882/3882/3882 3881/3881/3881 3879/3879/3879
f 3883/3883/3883 3882/3882/3882 3880/3880/3880
f 3881/3881/3881 3882/3882/3882 3884/3884/3884
f 3853/3853/3853 3881/3881/3881 3884/3884/3884
f 3882/3882/3882 3883/3883/3883 3885/3885/3885
f 3885/3885/3885 3884/3884/3884 3882/3882/3882
f 3886/3886/3886 3885/3885/3885 3883/3883/3883
f 3884/3884/3884 3885/3885/3885 3887/3887/3887
f 3853/3853/3853 3884/3884/3884 3887/3887/3887
f 3885/3885/3885 3886/3886/3886 3888/3888/3888
f 3888/3888/3888 3887/3887/3887 3885/3885/3885
f 3889/3889/3889 3888/3888/3888 3886/3886/3886
f 3887/3887/3887 3888/3888/3888 3890/3890/3890
f 3853/3853/3853 3887/3887/3887 3890/3890/3890
f 3888/3888/3888 3889/3889/3889 3891/3891/3891
f 3891/3891/3891 3890/3890/3890 3888/3888/3888
f 3889/3889/3889 3892/3892/3892 3891/3891/3891
f 3892/3892/3892 3889/3889/3889 3893/3893/3893
f 3890/3890/3890 3891/3891/3891 3894/3894/3894
f 3894/3894/3894 3853/3853/3853 3890/3890/3890
f 3891/3891/3891 3895/3895/3895 3894/3894/3894
f 3895/3895/3895 3891/3891/3891 3892/3892/3892
f 3895/3895/3895 3853/3853/3853 3894/3894/3894
f 3892/3892/3892 3896/3896/3896 3895/3895/3895
f 3896/3896/3896 3853/3853/3853 3895/3895/3895
f 3893/3893/3893 3897/3897/3897 3892/3892/3892
f 3896/3896/3896 3892/3892/3892 3897/3897/3897
f 3897/3897/3897 3893/3893/3893 3898/3898/3898
f 3897/3897/3897 3899/3899/3899 3896/3896/3896
f 3899/3899/3899 3853/3853/3853 3896/3896/3896
f 3898/3898/3898 3900/3900/3900 3897/3897/3897
f 3899/3899/3899 3897/3897/3897 3900/3900/3900
f 3900/3900/3900 3898/3898/3898 3901/3901/3901
f 3902/3902/3902 3853/3853/3853 3899/3899/3899
f 3900/3900/3900 3902/3902/3902 3899/3899/3899
f 3901/3901/3901 3903/3903/3903 3900/3900/3900
f 3902/3902/3902 3900/3900/3900 3903/3903/3903
f 3903/3903/3903 3901/3901/3901 3839/3839/3839
f 3839/3839/3839 3838/3838/3838 3903/3903/3903
f 3904/3904/3904 3853/3853/3853 3902/3902/3902
f 3903/3903/3903 3904/3904/3904 3902/3902/3902
f 3904/3904/3904 3903/3903/3903 3838/3838/3838
f 3840/3840/3840 3853/3853/3853 3904/3904/3904
f 3838/3838/3838 3840/3840/3840 3904/3904/3904
f 3905/3905/3905 3906/3906/3906 3907/3907/3907
f 3908/3908/3908 3905/3905/3905 3907/3907/3907
f 3906/3906/3906 3905/3905/3905 3909/3909/3909
f 3909/3909/3909 3910/3910/3910 3906/3906/3906
f 3905/3905/3905 3908/3908/3908 3911/3911/3911
f 3912/3912/3912 3911/3911/3911 3908/3908/3908
f 3910/3910/3910 3909/3909/3909 3913/3913/3913
f 3913/3913/3913 3914/3914/3914 3910/3910/3910
f 3911/3911/3911 3912/3912/3912 3915/3915/3915
f 3916/3916/3916 3915/3915/3915 3912/3912/3912
f 3914/3914/3914 3913/3913/3913 3917/3917/3917
f 3917/3917/3917 3918/3918/3918 3914/3914/3914
f 3915/3915/3915 3916/3916/3916 3919/3919/3919
f 3920/3920/3920 3919/3919/3919 3916/3916/3916
f 3918/3918/3918 3917/3917/3917 3921/3921/3921
f 3921/3921/3921 3922/3922/3922 3918/3918/3918
f 3919/3919/3919 3920/3920/3920 3923/3923/3923
f 3924/3924/3924 3923/3923/3923 3920/3920/3920
f 3922/3922/3922 3921/3921/3921 3925/3925/3925
f 3925/3925/3925 3926/3926/3926 3922/3922/3922
f 3923/3923/3923 3924/3924/3924 3927/3927/3927
f 3928/3928/3928 3927/3927/3927 3924/3924/3924
f 3926/3926/3926 3925/3925/3925 3929/3929/3929
f 3929/3929/3929 3930/3930/3930 3926/3926/3926
f 3927/3927/3927 3928/3928/3928 3931/3931/3931
f 3932/3932/3932 3931/3931/3931 3928/3928/3928
f 3930/3930/3930 3929/3929/3929 3933/3933/3933
f 3933/3933/3933 3934/3934/3934 3930/3930/3930
f 3931/3931/3931 3932/3932/3932 3935/3935/3935
f 3934/3934/3934 3933/3933/3933 3936/3936/3936
f 3932/3932/3932 3937/3937/3937 3935/3935/3935
f 3937/3937/3937 3932/3932/3932 3938/3938/3938
f 3939/3939/3939 3934/3934/3934 3936/3936/3936
f 3934/3934/3934 3939/3939/3939 3940/3940/3940
f 3938/3938/3938 3941/3941/3941 3937/3937/3937
f 3941/3941/3941 3938/3938/3938 3942/3942/3942
f 3943/3943/3943 3940/3940/3940 3939/3939/3939
f 3940/3940/3940 3943/3943/3943 3944/3944/3944
f 3942/3942/3942 3945/3945/3945 3941/3941/3941
f 3945/3945/3945 3942/3942/3942 3946/3946/3946
f 3947/3947/3947 3944/3944/3944 3943/3943/3943
f 3944/3944/3944 3947/3947/3947 3948/3948/3948
f 3946/3946/3946 3949/3949/3949 3945/3945/3945
f 3949/3949/3949 3946/3946/3946 3950/3950/3950
f 3951/3951/3951 3948/3948/3948 3947/3947/3947
f 3948/3948/3948 3951/3951/3951 3952/3952/3952
f 3950/3950/3950 3953/3953/3953 3949/3949/3949
f 3953/3953/3953 3950/3950/3950 3954/3954/3954
f 3955/3955/3955 3952/3952/3952 3951/3951/3951
f 3952/3952/3952 3955/3955/3955 3956/3956/3956
f 3954/3954/3954 3957/3957/3957 3953/3953/3953
f 3957/3957/3957 3954/3954/3954 3958/3958/3958
f 3959/3959/3959 3956/3956/3956 3955/3955/3955
f 3956/3956/3956 3959/3959/3959 3960/3960/3960
f 3958/3958/3958 3961/3961/3961 3957/3957/3957
f 3961/3961/3961 3958/3958/3958 3962/3962/3962
f 3963/3963/3963 3960/3960/3960 3959/3959/3959
f 3962/3962/3962 3963/3963/3963 3961/3961/3961
f 3960/3960/3960 3963/3963/3963 3964/3964/3964
f 3963/3963/3963 3962/3962/3962 3964/3964/3964
f 3961/3961/3961 3965/3965/3965 3957/3957/3957
f 3963/3963/3963 3965/3965/3965 3961/3961/3961
f 3957/3957/3957 3965/3965/3965 3953/3953/3953
f 3963/3963/3963 3959/3959/3959 3965/3965/3965
f 3959/3959/3959 3955/3955/3955 3965/3965/3965
f 3953/3953/3953 3965/3965/3965 3949/3949/3949
f 3955/3955/3955 3951/3951/3951 3965/3965/3965
f 3949/3949/3949 3965/3965/3965 3945/3945/3945
f 3951/3951/3951 3947/3947/3947 3965/3965/3965
f 3945/3945/3945 3965/3965/3965 3941/3941/3941
f 3947/3947/3947 3943/3943/3943 3965/3965/3965
f 3941/3941/3941 3965/3965/3965 3937/3937/3937
f 3943/3943/3943 3939/3939/3939 3965/3965/3965
f 3937/3937/3937 3965/3965/3965 3935/3935/3935
f 3939/3939/3939 3936/3936/3936 3965/3965/3965
f 3965/3965/3965 3931/3931/3931 3935/3935/3935
f 3936/3936/3936 3933/3933/3933 3965/3965/3965
f 3965/3965/3965 3927/3927/3927 3931/3931/3931
f 3965/3965/3965 3933/3933/3933 3929/3929/3929
f 3965/3965/3965 3923/3923/3923 3927/3927/3927
f 3965/3965/3965 3929/3929/3929 3925/3925/3925
f 3965/3965/3965 3919/3919/3919 3923/3923/3923
f 3965/3965/3965 3925/3925/3925 3921/3921/3921
f 3965/3965/3965 3915/3915/3915 3919/3919/3919
f 3965/3965/3965 3921/3921/3921 3917/3917/3917
f 3965/3965/3965 3911/3911/3911 3915/3915/3915
f 3965/3965/3965 3917/3917/3917 3913/3913/3913
f 3965/3965/3965 3905/3905/3905 3911/3911/3911
f 3965/3965/3965 3913/3913/3913 3909/3909/3909
f 3965/3965/3965 3909/3909/3909 3905/3905/3905
f 3966/3966/3966 3967/3967/3967 3968/3968/3968
f 3969/3969/3969 3966/3966/3966 3968/3968/3968
f 3967/3967/3967 3966/3966/3966 3970/3970/3970
f 3970/3970/3970 3971/3971/3971 3967/3967/3967
f 3966/3966/3966 3969/3969/3969 3972/3972/3972
f 3973/3973/3973 3972/3972/3972 3969/3969/3969
f 3971/3971/3971 3970/3970/3970 3974/3974/3974
f 3974/3974/3974 3975/3975/3975 3971/3971/3971
f 3972/3972/3972 3973/3973/3973 3976/3976/3976
f 3977/3977/3977 3976/3976/3976 3973/3973/3973
f 3975/3975/3975 3974/3974/3974 3978/3978/3978
f 3978/3978/3978 3979/3979/3979 3975/3975/3975
f 3976/3976/3976 3977/3977/3977 3980/3980/3980
f 3981/3981/3981 3980/3980/3980 3977/3977/3977
f 3979/3979/3979 3978/3978/3978 3982/3982/3982
f 3982/3982/3982 3983/3983/3983 3979/3979/3979
f 3980/3980/3980 3981/3981/3981 3984/3984/3984
f 3985/3985/3985 3984/3984/3984 3981/3981/3981
f 3983/3983/3983 3982/3982/3982 3986/3986/3986
f 3986/3986/3986 3987/3987/3987 3983/3983/3983
f 3984/3984/3984 3985/3985/3985 3988/3988/3988
f 3989/3989/3989 3988/3988/3988 3985/3985/3985
f 3987/3987/3987 3986/3986/3986 3990/3990/3990
f 3990/3990/3990 3991/3991/3991 3987/3987/3987
f 3988/3988/3988 3989/3989/3989 3992/3992/3992
f 3993/3993/3993 3992/3992/3992 3989/3989/3989
f 3991/3991/3991 3990/3990/3990 3994/3994/3994
f 3994/3994/3994 3995/3995/3995 3991/3991/3991
f 3992/3992/3992 3993/3993/3993 3996/3996/3996
f 3997/3997/3997 3996/3996/3996 3993/3993/3993
f 3995/3995/3995 3994/3994/3994 3998/3998/3998
f 3996/3996/3996 3997/3997/3997 3999/3999/3999
f 4000/4000/4000 3999/3999/3999 3997/3997/3997
f 4001/4001/4001 3995/3995/3995 3998/3998/3998
f 3995/3995/3995 4001/4001/4001 4002/4002/4002
f 3999/3999/3999 4000/4000/4000 4003/4003/4003
f 4004/4004/4004 4002/4002/4002 4001/4001/4001
f 4002/4002/4002 4004/4004/4004 4005/4005/4005
f 4000/4000/4000 4006/4006/4006 4003/4003/4003
f 4006/4006/4006 4000/4000/4000 4007/4007/4007
f 4008/4008/4008 4005/4005/4005 4004/4004/4004
f 4005/4005/4005 4008/4008/4008 4009/4009/4009
f 4007/4007/4007 4010/4010/4010 4006/4006/4006
f 4010/4010/4010 4007/4007/4007 4011/4011/4011
f 4012/4012/4012 4009/4009/4009 4008/4008/4008
f 4009/4009/4009 4012/4012/4012 4013/4013/4013
f 4011/4011/4011 4014/4014/4014 4010/4010/4010
f 4014/4014/4014 4011/4011/4011 4015/4015/4015
f 4016/4016/4016 4013/4013/4013 4012/4012/4012
f 4013/4013/4013 4016/4016/4016 4017/4017/4017
f 4015/4015/4015 4018/4018/4018 4014/4014/4014
f 4018/4018/4018 4015/4015/4015 4019/4019/4019
f 4020/4020/4020 4017/4017/4017 4016/4016/4016
f 4017/4017/4017 4020/4020/4020 4021/4021/4021
f 4019/4019/4019 4022/4022/4022 4018/4018/4018
f 4022/4022/4022 4019/4019/4019 4023/4023/4023
f 4024/4024/4024 4021/4021/4021 4020/4020/4020
f 4023/4023/4023 4024/4024/4024 4022/4022/4022
f 4021/4021/4021 4024/4024/4024 4025/4025/4025
f 4024/4024/4024 4023/4023/4023 4025/4025/4025
f 4022/4022/4022 4026/4026/4026 4018/4018/4018
f 4024/4024/4024 4026/4026/4026 4022/4022/4022
f 4018/4018/4018 4026/4026/4026 4014/4014/4014
f 4024/4024/4024 4020/4020/4020 4026/4026/4026
f 4020/4020/4020 4016/4016/4016 4026/4026/4026
f 4014/4014/4014 4026/4026/4026 4010/4010/4010
f 4016/4016/4016 4012/4012/4012 4026/4026/4026
f 4010/4010/4010 4026/4026/4026 4006/4006/4006
f 4012/4012/4012 4008/4008/4008 4026/4026/4026
f 4006/4006/4006 4026/4026/4026 4003/4003/4003
f 4008/4008/4008 4004/4004/4004 4026/4026/4026
f 4003/4003/4003 4026/4026/4026 3999/3999/3999
f 4004/4004/4004 4001/4001/4001 4026/4026/4026
f 3999/3999/3999 4026/4026/4026 3996/3996/3996
f 4001/4001/4001 3998/3998/3998 4026/4026/4026
f 4026/4026/4026 3992/3992/3992 3996/3996/3996
f 3998/3998/3998 3994/3994/3994 4026/4026/4026
f 4026/4026/4026 3988/3988/3988 3992/3992/3992
f 4026/4026/4026 3994/3994/3994 3990/3990/3990
f 4026/4026/4026 3984/3984/3984 3988/3988/3988
f 4026/4026/4026 3990/3990/3990 3986/3986/3986
f 4026/4026/4026 3980/3980/3980 3984/3984/3984
f 4026/4026/4026 3986/3986/3986 3982/3982/3982
f 4026/4026/4026 3976/3976/3976 3980/3980/3980
f 4026/4026/4026 3982/3982/3982 3978/3978/3978
f 4026/4026/4026 3972/3972/3972 3976/3976/3976
f 4026/4026/4026 3978/3978/3978 3974/3974/3974
f 4026/4026/4026 3966/3966/3966 3972/3972/3972
f 4026/4026/4026 3974/3974/3974 3970/3970/3970
f 4026/4026/4026 3970/3970/3970 3966/3966/3966