# https://github.com/mikedh/trimesh
mtllib material.mtl
usemtl material_0
v -0.25564511 0.04472255 0.33786102
v -0.25512720 0.04998530 0.33786102
v -0.25512720 0.04998530 0.06811493
v -0.25512720 0.04998530 0.06811493
v -0.25564511 0.04472255 0.06811493
v -0.25564511 0.04472255 0.33786102
v -0.25512720 0.04998530 0.33786102
v -0.25359234 0.05504574 0.33786102
v -0.25359234 0.05504574 0.06811493
v -0.25359234 0.05504574 0.06811493
v -0.25512720 0.04998530 0.06811493
v -0.25512720 0.04998530 0.33786102
v -0.25359234 0.05504574 0.33786102
v -0.25109989 0.05970965 0.33786102
v -0.25109989 0.05970965 0.06811493
v -0.25109989 0.05970965 0.06811493
v -0.25359234 0.05504574 0.06811493
v -0.25359234 0.05504574 0.33786102
v -0.25109989 0.05970965 0.33786102
v -0.24774425 0.06379630 0.33786102
v -0.24774425 0.06379630 0.06811493
v -0.24774425 0.06379630 0.06811493
v -0.25109989 0.05970965 0.06811493
v -0.25109989 0.05970965 0.33786102
v -0.24774425 0.06379630 0.33786102
v -0.24365760 0.06715194 0.33786102
v -0.24365760 0.06715194 0.06811493
v -0.24365760 0.06715194 0.06811493
v -0.24774425 0.06379630 0.06811493
v -0.24774425 0.06379630 0.33786102
v -0.24365760 0.06715194 0.33786102
v -0.23899369 0.06964439 0.33786102
v -0.23899369 0.06964439 0.06811493
v -0.23899369 0.06964439 0.06811493
v -0.24365760 0.06715194 0.06811493
v -0.24365760 0.06715194 0.33786102
v -0.23899369 0.06964439 0.33786102
v -0.23393325 0.07117925 0.33786102
v -0.23393325 0.07117925 0.06811493
v -0.23393325 0.07117925 0.06811493
v -0.23899369 0.06964439 0.06811493
v -0.23899369 0.06964439 0.33786102
v -0.23393325 0.07117925 0.33786102
v -0.22867050 0.07169716 0.33786102
v -0.22867050 0.07169716 0.06811493
v -0.22867050 0.07169716 0.06811493
v -0.23393325 0.07117925 0.06811493
v -0.23393325 0.07117925 0.33786102
v -0.22867050 0.07169716 0.33786102
v -0.22340776 0.07117925 0.33786102
v -0.22340776 0.07117925 0.06811493
v -0.22340776 0.07117925 0.06811493
v -0.22867050 0.07169716 0.06811493
v -0.22867050 0.07169716 0.33786102
v -0.22340776 0.07117925 0.33786102
v -0.21834732 0.06964439 0.33786102
v -0.21834732 0.06964439 0.06811493
v -0.21834732 0.06964439 0.06811493
v -0.22340776 0.07117925 0.06811493
v -0.22340776 0.07117925 0.33786102
v -0.21834732 0.06964439 0.33786102
v -0.21368341 0.06715194 0.33786102
v -0.21368341 0.06715194 0.06811493
v -0.21368341 0.06715194 0.06811493
v -0.21834732 0.06964439 0.06811493
v -0.21834732 0.06964439 0.33786102
v -0.21368341 0.06715194 0.33786102
v -0.20959676 0.06379630 0.33786102
v -0.20959676 0.06379630 0.06811493
v -0.20959676 0.06379630 0.06811493
v -0.21368341 0.06715194 0.06811493
v -0.21368341 0.06715194 0.33786102
v -0.20959676 0.06379630 0.33786102
v -0.20624112 0.05970965 0.33786102
v -0.20624112 0.05970965 0.06811493
v -0.20624112 0.05970965 0.06811493
v -0.20959676 0.06379630 0.06811493
v -0.20959676 0.06379630 0.33786102
v -0.20624112 0.05970965 0.33786102
v -0.20374866 0.05504574 0.33786102
v -0.20374866 0.05504574 0.06811493
v -0.20374866 0.05504574 0.06811493
v -0.20624112 0.05970965 0.06811493
v -0.20624112 0.05970965 0.33786102
v -0.20374866 0.05504574 0.33786102
v -0.20221381 0.04998530 0.33786102
v -0.20221381 0.04998530 0.06811493
v -0.20221381 0.04998530 0.06811493
v -0.20374866 0.05504574 0.06811493
v -0.20374866 0.05504574 0.33786102
v -0.20221381 0.04998530 0.33786102
v -0.20169589 0.04472255 0.33786102
v -0.20169589 0.04472255 0.06811493
v -0.20169589 0.04472255 0.06811493
v -0.20221381 0.04998530 0.06811493
v -0.20221381 0.04998530 0.33786102
v -0.20169589 0.04472255 0.33786102
v -0.20221381 0.03945981 0.33786102
v -0.20221381 0.03945981 0.06811493
v -0.20221381 0.03945981 0.06811493
v -0.20169589 0.04472255 0.06811493
v -0.20169589 0.04472255 0.33786102
v -0.20221381 0.03945981 0.33786102
v -0.20374866 0.03439937 0.33786102
v -0.20374866 0.03439937 0.06811493
v -0.20374866 0.03439937 0.06811493
v -0.20221381 0.03945981 0.06811493
v -0.20221381 0.03945981 0.33786102
v -0.20374866 0.03439937 0.33786102
v -0.20624112 0.02973546 0.33786102
v -0.20624112 0.02973546 0.06811493
v -0.20624112 0.02973546 0.06811493
v -0.20374866 0.03439937 0.06811493
v -0.20374866 0.03439937 0.33786102
v -0.20624112 0.02973546 0.33786102
v -0.20959676 0.02564881 0.33786102
v -0.20959676 0.02564881 0.06811493
v -0.20959676 0.02564881 0.06811493
v -0.20624112 0.02973546 0.06811493
v -0.20624112 0.02973546 0.33786102
v -0.20959676 0.02564881 0.33786102
v -0.21368341 0.02229317 0.33786102
v -0.21368341 0.02229317 0.06811493
v -0.21368341 0.02229317 0.06811493
v -0.20959676 0.02564881 0.06811493
v -0.20959676 0.02564881 0.33786102
v -0.21368341 0.02229317 0.33786102
v -0.21834732 0.01980071 0.33786102
v -0.21834732 0.01980071 0.06811493
v -0.21834732 0.01980071 0.06811493
v -0.21368341 0.02229317 0.06811493
v -0.21368341 0.02229317 0.33786102
v -0.21834732 0.01980071 0.33786102
v -0.22340776 0.01826586 0.33786102
v -0.22340776 0.01826586 0.06811493
v -0.22340776 0.01826586 0.06811493
v -0.21834732 0.01980071 0.06811493
v -0.21834732 0.01980071 0.33786102
v -0.22340776 0.01826586 0.33786102
v -0.22867050 0.01774794 0.33786102
v -0.22867050 0.01774794 0.06811493
v -0.22867050 0.01774794 0.06811493
v -0.22340776 0.01826586 0.06811493
v -0.22340776 0.01826586 0.33786102
v -0.22867050 0.01774794 0.33786102
v -0.23393325 0.01826586 0.33786102
v -0.23393325 0.01826586 0.06811493
v -0.23393325 0.01826586 0.06811493
v -0.22867050 0.01774794 0.06811493
v -0.22867050 0.01774794 0.33786102
v -0.23393325 0.01826586 0.33786102
v -0.23899369 0.01980071 0.33786102
v -0.23899369 0.01980071 0.06811493
v -0.23899369 0.01980071 0.06811493
v -0.23393325 0.01826586 0.06811493
v -0.23393325 0.01826586 0.33786102
v -0.23899369 0.01980071 0.33786102
v -0.24365760 0.02229317 0.33786102
v -0.24365760 0.02229317 0.06811493
v -0.24365760 0.02229317 0.06811493
v -0.23899369 0.01980071 0.06811493
v -0.23899369 0.01980071 0.33786102
v -0.24365760 0.02229317 0.33786102
v -0.24774425 0.02564881 0.33786102
v -0.24774425 0.02564881 0.06811493
v -0.24774425 0.02564881 0.06811493
v -0.24365760 0.02229317 0.06811493
v -0.24365760 0.02229317 0.33786102
v -0.24774425 0.02564881 0.33786102
v -0.25109989 0.02973546 0.33786102
v -0.25109989 0.02973816 0.06811493
v -0.25109989 0.02973816 0.06811493
v -0.24774425 0.02564881 0.06811493
v -0.24774425 0.02564881 0.33786102
v -0.25109989 0.02973546 0.33786102
v -0.25359234 0.03439937 0.33786102
v -0.25359234 0.03439937 0.06811493
v -0.25359234 0.03439937 0.06811493
v -0.25109989 0.02973816 0.06811493
v -0.25109989 0.02973546 0.33786102
v -0.25359234 0.03439937 0.33786102
v -0.25512720 0.03945981 0.33786102
v -0.25512720 0.03945981 0.06811493
v -0.25512720 0.03945981 0.06811493
v -0.25359234 0.03439937 0.06811493
v -0.25359234 0.03439937 0.33786102
v -0.25512720 0.03945981 0.33786102
v -0.25564511 0.04472255 0.33786102
v -0.25564511 0.04472255 0.06811493
v -0.25564511 0.04472255 0.06811493
v -0.25512720 0.03945981 0.06811493
v -0.25512720 0.03945981 0.33786102
v -0.25512720 0.04998530 0.33786102
v -0.25564511 0.04472255 0.33786102
v -0.25145056 0.04472255 0.33786102
v -0.25145056 0.04472255 0.33786102
v -0.25054961 0.05086467 0.33786102
v -0.25512720 0.04998530 0.33786102
v -0.25359234 0.05504574 0.33786102
v -0.25512720 0.04998530 0.33786102
v -0.25054961 0.05086467 0.33786102
v -0.25054961 0.05086467 0.33786102
v -0.24886639 0.05700409 0.33786102
v -0.25359234 0.05504574 0.33786102
v -0.25109989 0.05970965 0.33786102
v -0.25359234 0.05504574 0.33786102
v -0.24886639 0.05700409 0.33786102
v -0.24886639 0.05700409 0.33786102
v -0.24645756 0.06314351 0.33786102
v -0.25109989 0.05970965 0.33786102
v -0.24774425 0.06379630 0.33786102
v -0.25109989 0.05970965 0.33786102
v -0.24645756 0.06314351 0.33786102
v -0.24645756 0.06314351 0.33786102
v -0.24365760 0.06715194 0.33786102
v -0.24774425 0.06379630 0.33786102
v -0.23899369 0.06964439 0.33786102
v -0.24365760 0.06715194 0.33786102
v -0.24645756 0.06314351 0.33786102
v -0.24645756 0.06314351 0.33786102
v -0.24092237 0.06519089 0.33786102
v -0.23899369 0.06964439 0.33786102
v -0.23393325 0.07117925 0.33786102
v -0.23899369 0.06964439 0.33786102
v -0.24092237 0.06519089 0.33786102
v -0.24092237 0.06519089 0.33786102
v -0.23491512 0.06645330 0.33786102
v -0.23393325 0.07117925 0.33786102
v -0.22867050 0.07169716 0.33786102
v -0.23393325 0.07117925 0.33786102
v -0.23491512 0.06645330 0.33786102
v -0.23491512 0.06645330 0.33786102
v -0.22867050 0.06687950 0.33786102
v -0.22867050 0.07169716 0.33786102
v -0.22340776 0.07117925 0.33786102
v -0.22867050 0.07169716 0.33786102
v -0.22867050 0.06687950 0.33786102
v -0.22867050 0.06687950 0.33786102
v -0.22242318 0.06645330 0.33786102
v -0.22340776 0.07117925 0.33786102
v -0.21834732 0.06964439 0.33786102
v -0.22340776 0.07117925 0.33786102
v -0.22242318 0.06645330 0.33786102
v -0.22242318 0.06645330 0.33786102
v -0.21641864 0.06519089 0.33786102
v -0.21834732 0.06964439 0.33786102
v -0.21368341 0.06715194 0.33786102
v -0.21834732 0.06964439 0.33786102
v -0.21641864 0.06519089 0.33786102
v -0.21641864 0.06519089 0.33786102
v -0.21088345 0.06314351 0.33786102
v -0.21368341 0.06715194 0.33786102
v -0.20959676 0.06379630 0.33786102
v -0.21368341 0.06715194 0.33786102
v -0.21088345 0.06314351 0.33786102
v -0.21088345 0.06314351 0.33786102
v -0.20624112 0.05970965 0.33786102
v -0.20959676 0.06379630 0.33786102
v -0.20374866 0.05504574 0.33786102
v -0.20624112 0.05970965 0.33786102
v -0.21088345 0.06314351 0.33786102
v -0.21088345 0.06314351 0.33786102
v -0.20847192 0.05700409 0.33786102
v -0.20374866 0.05504574 0.33786102
v -0.20221381 0.04998530 0.33786102
v -0.20374866 0.05504574 0.33786102
v -0.20847192 0.05700409 0.33786102
v -0.20847192 0.05700409 0.33786102
v -0.20678870 0.05086467 0.33786102
v -0.20221381 0.04998530 0.33786102
v -0.20169589 0.04472255 0.33786102
v -0.20221381 0.04998530 0.33786102
v -0.20678870 0.05086467 0.33786102
v -0.20678870 0.05086467 0.33786102
v -0.20588775 0.04472255 0.33786102
v -0.20169589 0.04472255 0.33786102
v -0.20221381 0.03945981 0.33786102
v -0.20169589 0.04472255 0.33786102
v -0.20588775 0.04472255 0.33786102
v -0.20588775 0.04472255 0.33786102
v -0.20678870 0.03858313 0.33786102
v -0.20221381 0.03945981 0.33786102
v -0.20374866 0.03439937 0.33786102
v -0.20221381 0.03945981 0.33786102
v -0.20678870 0.03858313 0.33786102
v -0.20678870 0.03858313 0.33786102
v -0.20847192 0.03244101 0.33786102
v -0.20374866 0.03439937 0.33786102
v -0.20624112 0.02973546 0.33786102
v -0.20374866 0.03439937 0.33786102
v -0.20847192 0.03244101 0.33786102
v -0.21088345 0.02630159 0.33786102
v -0.20959676 0.02564881 0.33786102
v -0.20624112 0.02973546 0.33786102
v -0.21088345 0.02630159 0.33786102
v -0.21088345 0.02630159 0.33786102
v -0.21368341 0.02229317 0.33786102
v -0.20959676 0.02564881 0.33786102
v -0.21834732 0.01980071 0.33786102
v -0.21368341 0.02229317 0.33786102
v -0.21088345 0.02630159 0.33786102
v -0.21088345 0.02630159 0.33786102
v -0.21641864 0.02425422 0.33786102
v -0.21834732 0.01980071 0.33786102
v -0.22340776 0.01826586 0.33786102
v -0.21834732 0.01980071 0.33786102
v -0.21641864 0.02425422 0.33786102
v -0.21641864 0.02425422 0.33786102
v -0.22242318 0.02299181 0.33786102
v -0.22340776 0.01826586 0.33786102
v -0.22867050 0.01774794 0.33786102
v -0.22340776 0.01826586 0.33786102
v -0.22242318 0.02299181 0.33786102
v -0.22242318 0.02299181 0.33786102
v -0.22867050 0.02256831 0.33786102
v -0.22867050 0.01774794 0.33786102
v -0.23393325 0.01826586 0.33786102
v -0.22867050 0.01774794 0.33786102
v -0.22867050 0.02256831 0.33786102
v -0.22867050 0.02256831 0.33786102
v -0.23491512 0.02299181 0.33786102
v -0.23393325 0.01826586 0.33786102
v -0.23899369 0.01980071 0.33786102
v -0.23393325 0.01826586 0.33786102
v -0.23491512 0.02299181 0.33786102
v -0.23491512 0.02299181 0.33786102
v -0.24092237 0.02425422 0.33786102
v -0.23899369 0.01980071 0.33786102
v -0.24365760 0.02229317 0.33786102
v -0.23899369 0.01980071 0.33786102
v -0.24092237 0.02425422 0.33786102
v -0.24092237 0.02425422 0.33786102
v -0.24645756 0.02630159 0.33786102
v -0.24365760 0.02229317 0.33786102
v -0.24774425 0.02564881 0.33786102
v -0.24365760 0.02229317 0.33786102
v -0.24645756 0.02630159 0.33786102
v -0.24645756 0.02630159 0.33786102
v -0.25109989 0.02973546 0.33786102
v -0.24774425 0.02564881 0.33786102
v -0.25359234 0.03439937 0.33786102
v -0.25109989 0.02973546 0.33786102
v -0.24645756 0.02630159 0.33786102
v -0.24645756 0.02630159 0.33786102
v -0.24886639 0.03244101 0.33786102
v -0.25359234 0.03439937 0.33786102
v -0.25512720 0.03945981 0.33786102
v -0.25359234 0.03439937 0.33786102
v -0.24886639 0.03244101 0.33786102
v -0.24886639 0.03244101 0.33786102
v -0.25054961 0.03858313 0.33786102
v -0.25512720 0.03945981 0.33786102
v -0.25564511 0.04472255 0.33786102
v -0.25512720 0.03945981 0.33786102
v -0.25054961 0.03858313 0.33786102
v -0.25145056 0.04472255 0.33786102
v -0.22867050 0.04472255 0.33786102
v -0.23667117 0.04472255 0.33786102
v -0.23635287 0.03747987 0.33786102
v -0.23635287 0.03747987 0.33786102
v -0.22867050 0.03733690 0.33786102
v -0.22867050 0.04472255 0.33786102
v -0.22098544 0.03747987 0.33786102
v -0.22066983 0.04472255 0.33786102
v -0.22867050 0.04472255 0.33786102
v -0.22867050 0.04472255 0.33786102
v -0.22867050 0.03733690 0.33786102
v -0.22098544 0.03747987 0.33786102
v -0.21359979 0.03790067 0.33786102
v -0.21297668 0.04472255 0.33786102
v -0.22066983 0.04472255 0.33786102
v -0.22066983 0.04472255 0.33786102
v -0.22098544 0.03747987 0.33786102
v -0.21359979 0.03790067 0.33786102
v -0.23667117 0.04472255 0.33786102
v -0.24436163 0.04472255 0.33786102
v -0.24374122 0.03790067 0.33786102
v -0.24374122 0.03790067 0.33786102
v -0.23635287 0.03747987 0.33786102
v -0.23667117 0.04472255 0.33786102
v -0.24436163 0.04472255 0.33786102
v -0.25145056 0.04472255 0.33786102
v -0.25054961 0.03858313 0.33786102
v -0.25054961 0.03858313 0.33786102
v -0.24374122 0.03790067 0.33786102
v -0.24436163 0.04472255 0.33786102
v -0.20678870 0.03858313 0.33786102
v -0.20588775 0.04472255 0.33786102
v -0.21297668 0.04472255 0.33786102
v -0.21297668 0.04472255 0.33786102
v -0.21359979 0.03790067 0.33786102
v -0.20678870 0.03858313 0.33786102
v -0.22867050 0.05949385 0.33786102
v -0.22867050 0.06687950 0.33786102
v -0.23491512 0.06645330 0.33786102
v -0.23491512 0.06645330 0.33786102
v -0.23576213 0.05921062 0.33786102
v -0.22867050 0.05949385 0.33786102
v -0.22867050 0.05210820 0.33786102
v -0.22867050 0.05949385 0.33786102
v -0.23576213 0.05921062 0.33786102
v -0.23576213 0.05921062 0.33786102
v -0.23635287 0.05196524 0.33786102
v -0.22867050 0.05210820 0.33786102
v -0.22867050 0.04472255 0.33786102
v -0.22867050 0.05210820 0.33786102
v -0.23635287 0.05196524 0.33786102
v -0.23635287 0.05196524 0.33786102
v -0.23667117 0.04472255 0.33786102
v -0.22867050 0.04472255 0.33786102
v -0.23491512 0.02299181 0.33786102
v -0.22867050 0.02256831 0.33786102
v -0.22867050 0.02995126 0.33786102
v -0.22867050 0.02995126 0.33786102
v -0.23576213 0.03023719 0.33786102
v -0.23491512 0.02299181 0.33786102
v -0.23576213 0.03023719 0.33786102
v -0.22867050 0.02995126 0.33786102
v -0.22867050 0.03733690 0.33786102
v -0.22867050 0.03733690 0.33786102
v -0.23635287 0.03747987 0.33786102
v -0.23576213 0.03023719 0.33786102
v -0.22242318 0.06645330 0.33786102
v -0.22867050 0.06687950 0.33786102
v -0.22867050 0.05949385 0.33786102
v -0.22867050 0.05949385 0.33786102
v -0.22157888 0.05921062 0.33786102
v -0.22242318 0.06645330 0.33786102
v -0.22157888 0.05921062 0.33786102
v -0.22867050 0.05949385 0.33786102
v -0.22867050 0.05210820 0.33786102
v -0.22867050 0.05210820 0.33786102
v -0.22098544 0.05196524 0.33786102
v -0.22157888 0.05921062 0.33786102
v -0.22098544 0.05196524 0.33786102
v -0.22867050 0.05210820 0.33786102
v -0.22867050 0.04472255 0.33786102
v -0.22867050 0.04472255 0.33786102
v -0.22066983 0.04472255 0.33786102
v -0.22098544 0.05196524 0.33786102
v -0.22867050 0.02995126 0.33786102
v -0.22867050 0.02256831 0.33786102
v -0.22242318 0.02299181 0.33786102
v -0.22242318 0.02299181 0.33786102
v -0.22157888 0.03023719 0.33786102
v -0.22867050 0.02995126 0.33786102
v -0.22867050 0.03733690 0.33786102
v -0.22867050 0.02995126 0.33786102
v -0.22157888 0.03023719 0.33786102
v -0.22157888 0.03023719 0.33786102
v -0.22098544 0.03747987 0.33786102
v -0.22867050 0.03733690 0.33786102
v -0.21641864 0.06519089 0.33786102
v -0.22242318 0.06645330 0.33786102
v -0.22157888 0.05921062 0.33786102
v -0.22157888 0.05921062 0.33786102
v -0.21475700 0.05836901 0.33786102
v -0.21641864 0.06519089 0.33786102
v -0.21475700 0.05836901 0.33786102
v -0.22157888 0.05921062 0.33786102
v -0.22098544 0.05196524 0.33786102
v -0.22098544 0.05196524 0.33786102
v -0.21359979 0.05154713 0.33786102
v -0.21475700 0.05836901 0.33786102
v -0.21359979 0.05154713 0.33786102
v -0.22098544 0.05196524 0.33786102
v -0.22066983 0.04472255 0.33786102
v -0.22066983 0.04472255 0.33786102
v -0.21297668 0.04472255 0.33786102
v -0.21359979 0.05154713 0.33786102
v -0.22157888 0.03023719 0.33786102
v -0.22242318 0.02299181 0.33786102
v -0.21641864 0.02425422 0.33786102
v -0.21641864 0.02425422 0.33786102
v -0.21475700 0.03107610 0.33786102
v -0.22157888 0.03023719 0.33786102
v -0.22098544 0.03747987 0.33786102
v -0.22157888 0.03023719 0.33786102
v -0.21475700 0.03107610 0.33786102
v -0.21475700 0.03107610 0.33786102
v -0.21359979 0.03790067 0.33786102
v -0.22098544 0.03747987 0.33786102
v -0.23576213 0.05921062 0.33786102
v -0.23491512 0.06645330 0.33786102
v -0.24092237 0.06519089 0.33786102
v -0.24092237 0.06519089 0.33786102
v -0.24258131 0.05836901 0.33786102
v -0.23576213 0.05921062 0.33786102
v -0.23635287 0.05196524 0.33786102
v -0.23576213 0.05921062 0.33786102
v -0.24258131 0.05836901 0.33786102
v -0.24258131 0.05836901 0.33786102
v -0.24374122 0.05154713 0.33786102
v -0.23635287 0.05196524 0.33786102
v -0.23667117 0.04472255 0.33786102
v -0.23635287 0.05196524 0.33786102
v -0.24374122 0.05154713 0.33786102
v -0.24374122 0.05154713 0.33786102
v -0.24436163 0.04472255 0.33786102
v -0.23667117 0.04472255 0.33786102
v -0.24092237 0.02425422 0.33786102
v -0.23491512 0.02299181 0.33786102
v -0.23576213 0.03023719 0.33786102
v -0.23576213 0.03023719 0.33786102
v -0.24258131 0.03107610 0.33786102
v -0.24092237 0.02425422 0.33786102
v -0.24258131 0.03107610 0.33786102
v -0.23576213 0.03023719 0.33786102
v -0.23635287 0.03747987 0.33786102
v -0.23635287 0.03747987 0.33786102
v -0.24374122 0.03790067 0.33786102
v -0.24258131 0.03107610 0.33786102
v -0.24258131 0.05836901 0.33786102
v -0.24092237 0.06519089 0.33786102
v -0.24645756 0.06314351 0.33786102
v -0.24645756 0.06314351 0.33786102
v -0.24886639 0.05700409 0.33786102
v -0.24258131 0.05836901 0.33786102
v -0.24374122 0.05154713 0.33786102
v -0.24258131 0.05836901 0.33786102
v -0.24886639 0.05700409 0.33786102
v -0.24886639 0.05700409 0.33786102
v -0.25054961 0.05086467 0.33786102
v -0.24374122 0.05154713 0.33786102
v -0.24436163 0.04472255 0.33786102
v -0.24374122 0.05154713 0.33786102
v -0.25054961 0.05086467 0.33786102
v -0.25054961 0.05086467 0.33786102
v -0.25145056 0.04472255 0.33786102
v -0.24436163 0.04472255 0.33786102
v -0.24645756 0.02630159 0.33786102
v -0.24092237 0.02425422 0.33786102
v -0.24258131 0.03107610 0.33786102
v -0.24258131 0.03107610 0.33786102
v -0.24886639 0.03244101 0.33786102
v -0.24645756 0.02630159 0.33786102
v -0.24886639 0.03244101 0.33786102
v -0.24258131 0.03107610 0.33786102
v -0.24374122 0.03790067 0.33786102
v -0.24374122 0.03790067 0.33786102
v -0.25054961 0.03858313 0.33786102
v -0.24886639 0.03244101 0.33786102
v -0.21088345 0.06314351 0.33786102
v -0.21641864 0.06519089 0.33786102
v -0.21475700 0.05836901 0.33786102
v -0.21475700 0.05836901 0.33786102
v -0.20847192 0.05700409 0.33786102
v -0.21088345 0.06314351 0.33786102
v -0.20847192 0.05700409 0.33786102
v -0.21475700 0.05836901 0.33786102
v -0.21359979 0.05154713 0.33786102
v -0.21359979 0.05154713 0.33786102
v -0.20678870 0.05086467 0.33786102
v -0.20847192 0.05700409 0.33786102
v -0.20678870 0.05086467 0.33786102
v -0.21359979 0.05154713 0.33786102
v -0.21297668 0.04472255 0.33786102
v -0.21297668 0.04472255 0.33786102
v -0.20588775 0.04472255 0.33786102
v -0.20678870 0.05086467 0.33786102
v -0.21475700 0.03107610 0.33786102
v -0.21641864 0.02425422 0.33786102
v -0.21088345 0.02630159 0.33786102
v -0.20847192 0.03244101 0.33786102
v -0.21359979 0.03790067 0.33786102
v -0.21475700 0.03107610 0.33786102
v -0.20847192 0.03244101 0.33786102
v -0.20847192 0.03244101 0.33786102
v -0.20678870 0.03858313 0.33786102
v -0.21359979 0.03790067 0.33786102
v -0.23638794 0.03756619 0.06811493
v -0.23660104 0.04472255 0.06811493
v -0.22867050 0.04472255 0.06811493
v -0.22867050 0.04472255 0.06811493
v -0.22867050 0.03742592 0.06811493
v -0.23638794 0.03756619 0.06811493
v -0.22867050 0.04472255 0.06811493
v -0.22073727 0.04472255 0.06811493
v -0.22095307 0.03756619 0.06811493
v -0.22095307 0.03756619 0.06811493
v -0.22867050 0.03742592 0.06811493
v -0.22867050 0.04472255 0.06811493
v -0.22073727 0.04472255 0.06811493
v -0.21311155 0.04472255 0.06811493
v -0.21353235 0.03798160 0.06811493
v -0.21353235 0.03798160 0.06811493
v -0.22095307 0.03756619 0.06811493
v -0.22073727 0.04472255 0.06811493
v -0.24380865 0.03798160 0.06811493
v -0.24422946 0.04472255 0.06811493
v -0.23660104 0.04472255 0.06811493
v -0.23660104 0.04472255 0.06811493
v -0.23638794 0.03756619 0.06811493
v -0.24380865 0.03798160 0.06811493
v -0.21311155 0.04472255 0.06811493
v -0.20608197 0.04472255 0.06811493
v -0.20669159 0.03865596 0.06811493
v -0.20669159 0.03865596 0.06811493
v -0.21353235 0.03798160 0.06811493
v -0.21311155 0.04472255 0.06811493
v -0.25064672 0.03865596 0.06811493
v -0.25125904 0.04472255 0.06811493
v -0.24422946 0.04472255 0.06811493
v -0.24422946 0.04472255 0.06811493
v -0.24380865 0.03798160 0.06811493
v -0.25064672 0.03865596 0.06811493
v -0.23393325 0.07117925 0.06811493
v -0.22867050 0.07169716 0.06811493
v -0.22867050 0.06661515 0.06811493
v -0.22867050 0.06661515 0.06811493
v -0.23495019 0.06619704 0.06811493
v -0.23393325 0.07117925 0.06811493
v -0.23495019 0.06619704 0.06811493
v -0.22867050 0.06661515 0.06811493
v -0.22867050 0.05931851 0.06811493
v -0.22867050 0.05931851 0.06811493
v -0.23580529 0.05903798 0.06811493
v -0.23495019 0.06619704 0.06811493
v -0.23580529 0.05903798 0.06811493
v -0.22867050 0.05931851 0.06811493
v -0.22867050 0.05202188 0.06811493
v -0.22867050 0.05202188 0.06811493
v -0.23638794 0.05188161 0.06811493
v -0.23580529 0.05903798 0.06811493
v -0.23638794 0.05188161 0.06811493
v -0.22867050 0.05202188 0.06811493
v -0.22867050 0.04472255 0.06811493
v -0.22867050 0.04472255 0.06811493
v -0.23660104 0.04472255 0.06811493
v -0.23638794 0.05188161 0.06811493
v -0.22867050 0.02282996 0.06811493
v -0.22867050 0.01774794 0.06811493
v -0.23393325 0.01826586 0.06811493
v -0.23393325 0.01826586 0.06811493
v -0.23495019 0.02325076 0.06811493
v -0.22867050 0.02282996 0.06811493
v -0.22867050 0.03012659 0.06811493
v -0.22867050 0.02282996 0.06811493
v -0.23495019 0.02325076 0.06811493
v -0.23495019 0.02325076 0.06811493
v -0.23580529 0.03040713 0.06811493
v -0.22867050 0.03012659 0.06811493
v -0.22867050 0.03742592 0.06811493
v -0.22867050 0.03012659 0.06811493
v -0.23580529 0.03040713 0.06811493
v -0.23580529 0.03040713 0.06811493
v -0.23638794 0.03756619 0.06811493
v -0.22867050 0.03742592 0.06811493
v -0.22867050 0.06661515 0.06811493
v -0.22867050 0.07169716 0.06811493
v -0.22340776 0.07117925 0.06811493
v -0.22340776 0.07117925 0.06811493
v -0.22239081 0.06619704 0.06811493
v -0.22867050 0.06661515 0.06811493
v -0.22867050 0.05931851 0.06811493
v -0.22867050 0.06661515 0.06811493
v -0.22239081 0.06619704 0.06811493
v -0.22239081 0.06619704 0.06811493
v -0.22153572 0.05903798 0.06811493
v -0.22867050 0.05931851 0.06811493
v -0.22867050 0.05202188 0.06811493
v -0.22867050 0.05931851 0.06811493
v -0.22153572 0.05903798 0.06811493
v -0.22153572 0.05903798 0.06811493
v -0.22095307 0.05188161 0.06811493
v -0.22867050 0.05202188 0.06811493
v -0.22867050 0.04472255 0.06811493
v -0.22867050 0.05202188 0.06811493
v -0.22095307 0.05188161 0.06811493
v -0.22095307 0.05188161 0.06811493
v -0.22073727 0.04472255 0.06811493
v -0.22867050 0.04472255 0.06811493
v -0.22340776 0.01826586 0.06811493
v -0.22867050 0.01774794 0.06811493
v -0.22867050 0.02282996 0.06811493
v -0.22867050 0.02282996 0.06811493
v -0.22239081 0.02325076 0.06811493
v -0.22340776 0.01826586 0.06811493
v -0.22239081 0.02325076 0.06811493
v -0.22867050 0.02282996 0.06811493
v -0.22867050 0.03012659 0.06811493
v -0.22867050 0.03012659 0.06811493
v -0.22153572 0.03040713 0.06811493
v -0.22239081 0.02325076 0.06811493
v -0.22153572 0.03040713 0.06811493
v -0.22867050 0.03012659 0.06811493
v -0.22867050 0.03742592 0.06811493
v -0.22867050 0.03742592 0.06811493
v -0.22095307 0.03756619 0.06811493
v -0.22153572 0.03040713 0.06811493
v -0.22239081 0.06619704 0.06811493
v -0.22340776 0.07117925 0.06811493
v -0.21834732 0.06964439 0.06811493
v -0.21834732 0.06964439 0.06811493
v -0.21635120 0.06495081 0.06811493
v -0.22239081 0.06619704 0.06811493
v -0.22153572 0.05903798 0.06811493
v -0.22239081 0.06619704 0.06811493
v -0.21635120 0.06495081 0.06811493
v -0.21635120 0.06495081 0.06811493
v -0.21467338 0.05820716 0.06811493
v -0.22153572 0.05903798 0.06811493
v -0.22095307 0.05188161 0.06811493
v -0.22153572 0.05903798 0.06811493
v -0.21467338 0.05820716 0.06811493
v -0.21467338 0.05820716 0.06811493
v -0.21353235 0.05146620 0.06811493
v -0.22095307 0.05188161 0.06811493
v -0.22073727 0.04472255 0.06811493
v -0.22095307 0.05188161 0.06811493
v -0.21353235 0.05146620 0.06811493
v -0.21353235 0.05146620 0.06811493
v -0.21311155 0.04472255 0.06811493
v -0.22073727 0.04472255 0.06811493
v -0.21834732 0.01980071 0.06811493
v -0.22340776 0.01826586 0.06811493
v -0.22239081 0.02325076 0.06811493
v -0.22239081 0.02325076 0.06811493
v -0.21635120 0.02449699 0.06811493
v -0.21834732 0.01980071 0.06811493
v -0.21635120 0.02449699 0.06811493
v -0.22239081 0.02325076 0.06811493
v -0.22153572 0.03040713 0.06811493
v -0.22153572 0.03040713 0.06811493
v -0.21467338 0.03123795 0.06811493
v -0.21635120 0.02449699 0.06811493
v -0.21467338 0.03123795 0.06811493
v -0.22153572 0.03040713 0.06811493
v -0.22095307 0.03756619 0.06811493
v -0.22095307 0.03756619 0.06811493
v -0.21353235 0.03798160 0.06811493
v -0.21467338 0.03123795 0.06811493
v -0.23899369 0.06964439 0.06811493
v -0.23393325 0.07117925 0.06811493
v -0.23495019 0.06619704 0.06811493
v -0.23495019 0.06619704 0.06811493
v -0.24098981 0.06495081 0.06811493
v -0.23899369 0.06964439 0.06811493
v -0.24098981 0.06495081 0.06811493
v -0.23495019 0.06619704 0.06811493
v -0.23580529 0.05903798 0.06811493
v -0.23580529 0.05903798 0.06811493
v -0.24266493 0.05820716 0.06811493
v -0.24098981 0.06495081 0.06811493
v -0.24266493 0.05820716 0.06811493
v -0.23580529 0.05903798 0.06811493
v -0.23638794 0.05188161 0.06811493
v -0.23638794 0.05188161 0.06811493
v -0.24380865 0.05146620 0.06811493
v -0.24266493 0.05820716 0.06811493
v -0.24380865 0.05146620 0.06811493
v -0.23638794 0.05188161 0.06811493
v -0.23660104 0.04472255 0.06811493
v -0.23660104 0.04472255 0.06811493
v -0.24422946 0.04472255 0.06811493
v -0.24380865 0.05146620 0.06811493
v -0.23495019 0.02325076 0.06811493
v -0.23393325 0.01826586 0.06811493
v -0.23899369 0.01980071 0.06811493
v -0.23899369 0.01980071 0.06811493
v -0.24098981 0.02449699 0.06811493
v -0.23495019 0.02325076 0.06811493
v -0.23580529 0.03040713 0.06811493
v -0.23495019 0.02325076 0.06811493
v -0.24098981 0.02449699 0.06811493
v -0.24098981 0.02449699 0.06811493
v -0.24266493 0.03123795 0.06811493
v -0.23580529 0.03040713 0.06811493
v -0.23638794 0.03756619 0.06811493
v -0.23580529 0.03040713 0.06811493
v -0.24266493 0.03123795 0.06811493
v -0.24266493 0.03123795 0.06811493
v -0.24380865 0.03798160 0.06811493
v -0.23638794 0.03756619 0.06811493
v -0.21635120 0.06495081 0.06811493
v -0.21834732 0.06964439 0.06811493
v -0.21368341 0.06715194 0.06811493
v -0.21368341 0.06715194 0.06811493
v -0.21078634 0.06292772 0.06811493
v -0.21635120 0.06495081 0.06811493
v -0.21467338 0.05820716 0.06811493
v -0.21635120 0.06495081 0.06811493
v -0.21078634 0.06292772 0.06811493
v -0.21078634 0.06292772 0.06811493
v -0.20835053 0.05685843 0.06811493
v -0.21467338 0.05820716 0.06811493
v -0.21353235 0.05146620 0.06811493
v -0.21467338 0.05820716 0.06811493
v -0.20835053 0.05685843 0.06811493
v -0.20835053 0.05685843 0.06811493
v -0.20669159 0.05079184 0.06811493
v -0.21353235 0.05146620 0.06811493
v -0.21311155 0.04472255 0.06811493
v -0.21353235 0.05146620 0.06811493
v -0.20669159 0.05079184 0.06811493
v -0.20669159 0.05079184 0.06811493
v -0.20608197 0.04472255 0.06811493
v -0.21311155 0.04472255 0.06811493
v -0.21368341 0.02229317 0.06811493
v -0.21834732 0.01980071 0.06811493
v -0.21635120 0.02449699 0.06811493
v -0.21635120 0.02449699 0.06811493
v -0.21078634 0.02652009 0.06811493
v -0.21368341 0.02229317 0.06811493
v -0.21078634 0.02652009 0.06811493
v -0.21635120 0.02449699 0.06811493
v -0.21467338 0.03123795 0.06811493
v -0.21467338 0.03123795 0.06811493
v -0.20835053 0.03258668 0.06811493
v -0.21078634 0.02652009 0.06811493
v -0.20835053 0.03258668 0.06811493
v -0.21467338 0.03123795 0.06811493
v -0.21353235 0.03798160 0.06811493
v -0.21353235 0.03798160 0.06811493
v -0.20669159 0.03865596 0.06811493
v -0.20835053 0.03258668 0.06811493
v -0.24365760 0.06715194 0.06811493
v -0.23899369 0.06964439 0.06811493
v -0.24098981 0.06495081 0.06811493
v -0.24098981 0.06495081 0.06811493
v -0.24655467 0.06292772 0.06811493
v -0.24365760 0.06715194 0.06811493
v -0.24655467 0.06292772 0.06811493
v -0.24098981 0.06495081 0.06811493
v -0.24266493 0.05820716 0.06811493
v -0.24266493 0.05820716 0.06811493
v -0.24898778 0.05685843 0.06811493
v -0.24655467 0.06292772 0.06811493
v -0.24898778 0.05685843 0.06811493
v -0.24266493 0.05820716 0.06811493
v -0.24380865 0.05146620 0.06811493
v -0.24380865 0.05146620 0.06811493
v -0.25064672 0.05079184 0.06811493
v -0.24898778 0.05685843 0.06811493
v -0.25064672 0.05079184 0.06811493
v -0.24380865 0.05146620 0.06811493
v -0.24422946 0.04472255 0.06811493
v -0.24422946 0.04472255 0.06811493
v -0.25125904 0.04472255 0.06811493
v -0.25064672 0.05079184 0.06811493
v -0.24098981 0.02449699 0.06811493
v -0.23899369 0.01980071 0.06811493
v -0.24365760 0.02229317 0.06811493
v -0.24365760 0.02229317 0.06811493
v -0.24655467 0.02652009 0.06811493
v -0.24098981 0.02449699 0.06811493
v -0.24266493 0.03123795 0.06811493
v -0.24098981 0.02449699 0.06811493
v -0.24655467 0.02652009 0.06811493
v -0.24655467 0.02652009 0.06811493
v -0.24898778 0.03258668 0.06811493
v -0.24266493 0.03123795 0.06811493
v -0.24380865 0.03798160 0.06811493
v -0.24266493 0.03123795 0.06811493
v -0.24898778 0.03258668 0.06811493
v -0.24898778 0.03258668 0.06811493
v -0.25064672 0.03865596 0.06811493
v -0.24380865 0.03798160 0.06811493
v -0.21078634 0.02652009 0.06811493
v -0.20624112 0.02973546 0.06811493
v -0.20959676 0.02564881 0.06811493
v -0.20959676 0.02564881 0.06811493
v -0.21368341 0.02229317 0.06811493
v -0.21078634 0.02652009 0.06811493
v -0.20835053 0.03258668 0.06811493
v -0.20374866 0.03439937 0.06811493
v -0.20624112 0.02973546 0.06811493
v -0.20624112 0.02973546 0.06811493
v -0.21078634 0.02652009 0.06811493
v -0.20835053 0.03258668 0.06811493
v -0.20669159 0.03865596 0.06811493
v -0.20221381 0.03945981 0.06811493
v -0.20374866 0.03439937 0.06811493
v -0.20374866 0.03439937 0.06811493
v -0.20835053 0.03258668 0.06811493
v -0.20669159 0.03865596 0.06811493
v -0.20608197 0.04472255 0.06811493
v -0.20169589 0.04472255 0.06811493
v -0.20221381 0.03945981 0.06811493
v -0.20221381 0.03945981 0.06811493
v -0.20669159 0.03865596 0.06811493
v -0.20608197 0.04472255 0.06811493
v -0.20608197 0.04472255 0.06811493
v -0.20669159 0.05079184 0.06811493
v -0.20221381 0.04998530 0.06811493
v -0.20221381 0.04998530 0.06811493
v -0.20169589 0.04472255 0.06811493
v -0.20608197 0.04472255 0.06811493
v -0.20669159 0.05079184 0.06811493
v -0.20835053 0.05685843 0.06811493
v -0.20374866 0.05504574 0.06811493
v -0.20374866 0.05504574 0.06811493
v -0.20221381 0.04998530 0.06811493
v -0.20669159 0.05079184 0.06811493
v -0.20835053 0.05685843 0.06811493
v -0.21078634 0.06292772 0.06811493
v -0.20624112 0.05970965 0.06811493
v -0.20624112 0.05970965 0.06811493
v -0.20374866 0.05504574 0.06811493
v -0.20835053 0.05685843 0.06811493
v -0.21078634 0.06292772 0.06811493
v -0.21368341 0.06715194 0.06811493
v -0.20959676 0.06379630 0.06811493
v -0.20959676 0.06379630 0.06811493
v -0.20624112 0.05970965 0.06811493
v -0.21078634 0.06292772 0.06811493
v -0.24655467 0.06292772 0.06811493
v -0.25109989 0.05970965 0.06811493
v -0.24774425 0.06379630 0.06811493
v -0.24774425 0.06379630 0.06811493
v -0.24365760 0.06715194 0.06811493
v -0.24655467 0.06292772 0.06811493
v -0.24655467 0.02652009 0.06811493
v -0.24365760 0.02229317 0.06811493
v -0.24774425 0.02564881 0.06811493
v -0.24774425 0.02564881 0.06811493
v -0.25109989 0.02973816 0.06811493
v -0.24655467 0.02652009 0.06811493
v -0.24898778 0.03258668 0.06811493
v -0.24655467 0.02652009 0.06811493
v -0.25109989 0.02973816 0.06811493
v -0.25109989 0.02973816 0.06811493
v -0.25359234 0.03439937 0.06811493
v -0.24898778 0.03258668 0.06811493
v -0.25064672 0.03865596 0.06811493
v -0.24898778 0.03258668 0.06811493
v -0.25359234 0.03439937 0.06811493
v -0.25359234 0.03439937 0.06811493
v -0.25512720 0.03945981 0.06811493
v -0.25064672 0.03865596 0.06811493
v -0.25125904 0.04472255 0.06811493
v -0.25064672 0.03865596 0.06811493
v -0.25512720 0.03945981 0.06811493
v -0.25512720 0.03945981 0.06811493
v -0.25564511 0.04472255 0.06811493
v -0.25125904 0.04472255 0.06811493
v -0.25125904 0.04472255 0.06811493
v -0.25564511 0.04472255 0.06811493
v -0.25512720 0.04998530 0.06811493
v -0.25512720 0.04998530 0.06811493
v -0.25064672 0.05079184 0.06811493
v -0.25125904 0.04472255 0.06811493
v -0.25064672 0.05079184 0.06811493
v -0.25512720 0.04998530 0.06811493
v -0.25359234 0.05504574 0.06811493
v -0.25359234 0.05504574 0.06811493
v -0.24898778 0.05685843 0.06811493
v -0.25064672 0.05079184 0.06811493
v -0.24898778 0.05685843 0.06811493
v -0.25359234 0.05504574 0.06811493
v -0.25109989 0.05970965 0.06811493
v -0.25109989 0.05970965 0.06811493
v -0.24655467 0.06292772 0.06811493
v -0.24898778 0.05685843 0.06811493
v -0.24639012 0.04470367 0.33763174
v -0.24740167 0.04645702 0.33763174
v -0.24740167 0.04645702 0.37046523
v -0.24740167 0.04645702 0.37046523
v -0.24639012 0.04470367 0.37046523
v -0.24639012 0.04470367 0.33763174
v -0.24740167 0.04645702 0.33763174
v -0.24942477 0.04645702 0.33763174
v -0.24942477 0.04645702 0.37046523
v -0.24942477 0.04645702 0.37046523
v -0.24942477 0.04645702 0.33763174
v -0.25043631 0.04470367 0.33763174
v -0.25043631 0.04470367 0.37046523
v -0.25043631 0.04470367 0.37046523
v -0.25043631 0.04470367 0.33763174
v -0.24942477 0.04295302 0.33763174
v -0.24942477 0.04295302 0.37046523
v -0.24942477 0.04295302 0.37046523
v -0.24740167 0.04295302 0.33763174
v -0.24740167 0.04295302 0.37046523
v -0.24740167 0.04295302 0.33763174
v -0.24639012 0.04470367 0.33763174
v -0.24639012 0.04470367 0.37046523
v -0.24639012 0.04470367 0.37046523
v -0.24639012 0.04470367 0.37046523
v -0.24740167 0.04645702 0.37046523
v -0.24707798 0.04645702 0.37444668
v -0.24707798 0.04645702 0.37444668
v -0.24609880 0.04470367 0.37418503
v -0.24639012 0.04470367 0.37046523
v -0.24740167 0.04645702 0.37046523
v -0.24942477 0.04645702 0.37046523
v -0.24903094 0.04645702 0.37497269
v -0.24903094 0.04645702 0.37497269
v -0.24942477 0.04645702 0.37046523
v -0.25043631 0.04470367 0.37046523
v -0.25000742 0.04470367 0.37523434
v -0.25000742 0.04470367 0.37523434
v -0.25043631 0.04470367 0.37046523
v -0.24942477 0.04295302 0.37046523
v -0.24903094 0.04295302 0.37497269
v -0.24903094 0.04295302 0.37497269
v -0.24942477 0.04295302 0.37046523
v -0.24740167 0.04295302 0.37046523
v -0.24707798 0.04295302 0.37444668
v -0.24707798 0.04295302 0.37444668
v -0.24740167 0.04295302 0.37046523
v -0.24639012 0.04470367 0.37046523
v -0.24609880 0.04470367 0.37418503
v -0.24609880 0.04470367 0.37418503
v -0.24609880 0.04470367 0.37418503
v -0.24707798 0.04645702 0.37444668
v -0.24601518 0.04645702 0.37730599
v -0.24601518 0.04645702 0.37730599
v -0.24518436 0.04470367 0.37672334
v -0.24609880 0.04470367 0.37418503
v -0.24707798 0.04645702 0.37444668
v -0.24903094 0.04645702 0.37497269
v -0.24767142 0.04645702 0.37846590
v -0.24767142 0.04645702 0.37846590
v -0.24903094 0.04645702 0.37497269
v -0.25000742 0.04470367 0.37523434
v -0.24849954 0.04470367 0.37904585
v -0.24849954 0.04470367 0.37904585
v -0.25000742 0.04470367 0.37523434
v -0.24903094 0.04295302 0.37497269
v -0.24767142 0.04295302 0.37846590
v -0.24767142 0.04295302 0.37846590
v -0.24903094 0.04295302 0.37497269
v -0.24707798 0.04295302 0.37444668
v -0.24601518 0.04295302 0.37730599
v -0.24601518 0.04295302 0.37730599
v -0.24707798 0.04295302 0.37444668
v -0.24609880 0.04470367 0.37418503
v -0.24518436 0.04470367 0.37672334
v -0.24518436 0.04470367 0.37672334
v -0.24518436 0.04470367 0.37672334
v -0.24601518 0.04645702 0.37730599
v -0.24385990 0.04645702 0.38020306
v -0.24385990 0.04645702 0.38020306
v -0.24327995 0.04470367 0.37937225
v -0.24518436 0.04470367 0.37672334
v -0.24601518 0.04645702 0.37730599
v -0.24767142 0.04645702 0.37846590
v -0.24501981 0.04645702 0.38185931
v -0.24501981 0.04645702 0.38185931
v -0.24767142 0.04645702 0.37846590
v -0.24849954 0.04470367 0.37904585
v -0.24559977 0.04470367 0.38268743
v -0.24559977 0.04470367 0.38268743
v -0.24849954 0.04470367 0.37904585
v -0.24767142 0.04295302 0.37846590
v -0.24501981 0.04295302 0.38185931
v -0.24501981 0.04295302 0.38185931
v -0.24767142 0.04295302 0.37846590
v -0.24601518 0.04295302 0.37730599
v -0.24385990 0.04295302 0.38020306
v -0.24385990 0.04295302 0.38020306
v -0.24601518 0.04295302 0.37730599
v -0.24518436 0.04470367 0.37672334
v -0.24327995 0.04470367 0.37937225
v -0.24327995 0.04470367 0.37937225
v -0.24327995 0.04470367 0.37937225
v -0.24385990 0.04645702 0.38020306
v -0.24066611 0.04645702 0.38259571
v -0.24066611 0.04645702 0.38259571
v -0.24023721 0.04470367 0.38167858
v -0.24327995 0.04470367 0.37937225
v -0.24385990 0.04645702 0.38020306
v -0.24501981 0.04645702 0.38185931
v -0.24152121 0.04645702 0.38442999
v -0.24152121 0.04645702 0.38442999
v -0.24501981 0.04645702 0.38185931
v -0.24559977 0.04470367 0.38268743
v -0.24194740 0.04470367 0.38534712
v -0.24194740 0.04470367 0.38534712
v -0.24559977 0.04470367 0.38268743
v -0.24501981 0.04295302 0.38185931
v -0.24152121 0.04295302 0.38442999
v -0.24152121 0.04295302 0.38442999
v -0.24501981 0.04295302 0.38185931
v -0.24385990 0.04295302 0.38020306
v -0.24066611 0.04295302 0.38259571
v -0.24066611 0.04295302 0.38259571
v -0.24385990 0.04295302 0.38020306
v -0.24327995 0.04470367 0.37937225
v -0.24023721 0.04470367 0.38167858
v -0.24023721 0.04470367 0.38167858
v -0.24066611 0.04645702 0.38259571
v -0.23708658 0.04645702 0.38390668
v -0.23691394 0.04470367 0.38291401
v -0.23691394 0.04470367 0.38291401
v -0.24023721 0.04470367 0.38167858
v -0.24066611 0.04645702 0.38259571
v -0.24152121 0.04645702 0.38442999
v -0.23743725 0.04645702 0.38589201
v -0.23708658 0.04645702 0.38390668
v -0.24152121 0.04645702 0.38442999
v -0.24194740 0.04470367 0.38534712
v -0.23761259 0.04470367 0.38688468
v -0.23743725 0.04645702 0.38589201
v -0.24194740 0.04470367 0.38534712
v -0.24194740 0.04470367 0.38534712
v -0.24152121 0.04295302 0.38442999
v -0.23743725 0.04295302 0.38589201
v -0.23743725 0.04295302 0.38589201
v -0.24152121 0.04295302 0.38442999
v -0.24066611 0.04295302 0.38259571
v -0.23708658 0.04295302 0.38390668
v -0.23708658 0.04295302 0.38390668
v -0.24066611 0.04295302 0.38259571
v -0.24023721 0.04470367 0.38167858
v -0.23691394 0.04470367 0.38291401
v -0.23691394 0.04470367 0.38291401
v -0.23245234 0.04470367 0.38374483
v -0.23254136 0.04645702 0.38475098
v -0.22862195 0.04645702 0.38497487
v -0.22862195 0.04645702 0.38497487
v -0.22862195 0.04470367 0.38396333
v -0.23245234 0.04470367 0.38374483
v -0.23254136 0.04645702 0.38475098
v -0.23271669 0.04645702 0.38676599
v -0.22862195 0.04645702 0.38699797
v -0.22862195 0.04645702 0.38699797
v -0.23271669 0.04645702 0.38676599
v -0.23280571 0.04470367 0.38777484
v -0.22862195 0.04470367 0.38800952
v -0.22862195 0.04470367 0.38800952
v -0.23280571 0.04470367 0.38777484
v -0.23271669 0.04295302 0.38676599
v -0.22862195 0.04295302 0.38699797
v -0.22862195 0.04295302 0.38699797
v -0.23271669 0.04295302 0.38676599
v -0.23254136 0.04295302 0.38475098
v -0.22862195 0.04295302 0.38497487
v -0.22862195 0.04295302 0.38497487
v -0.23254136 0.04295302 0.38475098
v -0.23245234 0.04470367 0.38374483
v -0.22862195 0.04470367 0.38396333
v -0.22862195 0.04470367 0.38396333
v -0.23708658 0.04645702 0.38390668
v -0.23254136 0.04645702 0.38475098
v -0.23245234 0.04470367 0.38374483
v -0.23245234 0.04470367 0.38374483
v -0.23691394 0.04470367 0.38291401
v -0.23708658 0.04645702 0.38390668
v -0.23743725 0.04645702 0.38589201
v -0.23271669 0.04645702 0.38676599
v -0.23254136 0.04645702 0.38475098
v -0.23743725 0.04645702 0.38589201
v -0.23761259 0.04470367 0.38688468
v -0.23280571 0.04470367 0.38777484
v -0.23271669 0.04645702 0.38676599
v -0.23761259 0.04470367 0.38688468
v -0.23271669 0.04295302 0.38676599
v -0.23761259 0.04470367 0.38688468
v -0.23743725 0.04295302 0.38589201
v -0.23271669 0.04295302 0.38676599
v -0.23254136 0.04295302 0.38475098
v -0.23743725 0.04295302 0.38589201
v -0.23708658 0.04295302 0.38390668
v -0.23254136 0.04295302 0.38475098
v -0.23245234 0.04470367 0.38374483
v -0.23708658 0.04295302 0.38390668
v -0.23691394 0.04470367 0.38291401
v -0.23245234 0.04470367 0.38374483
v -0.21085377 0.04470367 0.33763174
v -0.21085377 0.04470367 0.37046523
v -0.20984223 0.04645702 0.37046523
v -0.20984223 0.04645702 0.37046523
v -0.20984223 0.04645702 0.33763174
v -0.21085377 0.04470367 0.33763174
v -0.20781913 0.04645702 0.37046523
v -0.20781913 0.04645702 0.37046523
v -0.20781913 0.04645702 0.33763174
v -0.20984223 0.04645702 0.33763174
v -0.20680758 0.04470367 0.37046523
v -0.20680758 0.04470367 0.37046523
v -0.20680758 0.04470367 0.33763174
v -0.20781913 0.04645702 0.33763174
v -0.20781913 0.04295302 0.37046523
v -0.20781913 0.04295302 0.37046523
v -0.20781913 0.04295302 0.33763174
v -0.20680758 0.04470367 0.33763174
v -0.20984223 0.04295302 0.37046523
v -0.20984223 0.04295302 0.37046523
v -0.20984223 0.04295302 0.33763174
v -0.20781913 0.04295302 0.33763174
v -0.21085377 0.04470367 0.37046523
v -0.21085377 0.04470367 0.37046523
v -0.21085377 0.04470367 0.33763174
v -0.20984223 0.04295302 0.33763174
v -0.21085377 0.04470367 0.37046523
v -0.21114240 0.04470367 0.37418503
v -0.21016592 0.04645702 0.37444668
v -0.21016592 0.04645702 0.37444668
v -0.20984223 0.04645702 0.37046523
v -0.21085377 0.04470367 0.37046523
v -0.20821296 0.04645702 0.37497269
v -0.20821296 0.04645702 0.37497269
v -0.20781913 0.04645702 0.37046523
v -0.20984223 0.04645702 0.37046523
v -0.20723378 0.04470367 0.37523434
v -0.20723378 0.04470367 0.37523434
v -0.20680758 0.04470367 0.37046523
v -0.20781913 0.04645702 0.37046523
v -0.20821296 0.04295302 0.37497269
v -0.20821296 0.04295302 0.37497269
v -0.20781913 0.04295302 0.37046523
v -0.20680758 0.04470367 0.37046523
v -0.21016592 0.04295302 0.37444668
v -0.21016592 0.04295302 0.37444668
v -0.20984223 0.04295302 0.37046523
v -0.20781913 0.04295302 0.37046523
v -0.21114240 0.04470367 0.37418503
v -0.21114240 0.04470367 0.37418503
v -0.21085377 0.04470367 0.37046523
v -0.20984223 0.04295302 0.37046523
v -0.21114240 0.04470367 0.37418503
v -0.21205684 0.04470367 0.37672334
v -0.21122872 0.04645702 0.37730599
v -0.21122872 0.04645702 0.37730599
v -0.21016592 0.04645702 0.37444668
v -0.21114240 0.04470367 0.37418503
v -0.20957248 0.04645702 0.37846590
v -0.20957248 0.04645702 0.37846590
v -0.20821296 0.04645702 0.37497269
v -0.21016592 0.04645702 0.37444668
v -0.20874436 0.04470367 0.37904585
v -0.20874436 0.04470367 0.37904585
v -0.20723378 0.04470367 0.37523434
v -0.20821296 0.04645702 0.37497269
v -0.20957248 0.04295302 0.37846590
v -0.20957248 0.04295302 0.37846590
v -0.20821296 0.04295302 0.37497269
v -0.20723378 0.04470367 0.37523434
v -0.21122872 0.04295302 0.37730599
v -0.21122872 0.04295302 0.37730599
v -0.21016592 0.04295302 0.37444668
v -0.20821296 0.04295302 0.37497269
v -0.21205684 0.04470367 0.37672334
v -0.21205684 0.04470367 0.37672334
v -0.21114240 0.04470367 0.37418503
v -0.21016592 0.04295302 0.37444668
v -0.21205684 0.04470367 0.37672334
v -0.21396395 0.04470367 0.37937225
v -0.21338399 0.04645702 0.38020306
v -0.21338399 0.04645702 0.38020306
v -0.21122872 0.04645702 0.37730599
v -0.21205684 0.04470367 0.37672334
v -0.21222408 0.04645702 0.38185931
v -0.21222408 0.04645702 0.38185931
v -0.20957248 0.04645702 0.37846590
v -0.21122872 0.04645702 0.37730599
v -0.21164413 0.04470367 0.38268743
v -0.21164413 0.04470367 0.38268743
v -0.20874436 0.04470367 0.37904585
v -0.20957248 0.04645702 0.37846590
v -0.21222408 0.04295302 0.38185931
v -0.21222408 0.04295302 0.38185931
v -0.20957248 0.04295302 0.37846590
v -0.20874436 0.04470367 0.37904585
v -0.21338399 0.04295302 0.38020306
v -0.21338399 0.04295302 0.38020306
v -0.21122872 0.04295302 0.37730599
v -0.20957248 0.04295302 0.37846590
v -0.21396395 0.04470367 0.37937225
v -0.21396395 0.04470367 0.37937225
v -0.21205684 0.04470367 0.37672334
v -0.21122872 0.04295302 0.37730599
v -0.21396395 0.04470367 0.37937225
v -0.21700668 0.04470367 0.38167858
v -0.21657779 0.04645702 0.38259571
v -0.21657779 0.04645702 0.38259571
v -0.21338399 0.04645702 0.38020306
v -0.21396395 0.04470367 0.37937225
v -0.21572269 0.04645702 0.38442999
v -0.21572269 0.04645702 0.38442999
v -0.21222408 0.04645702 0.38185931
v -0.21338399 0.04645702 0.38020306
v -0.21529649 0.04470367 0.38534712
v -0.21529649 0.04470367 0.38534712
v -0.21164413 0.04470367 0.38268743
v -0.21222408 0.04645702 0.38185931
v -0.21572269 0.04295302 0.38442999
v -0.21572269 0.04295302 0.38442999
v -0.21222408 0.04295302 0.38185931
v -0.21164413 0.04470367 0.38268743
v -0.21657779 0.04295302 0.38259571
v -0.21657779 0.04295302 0.38259571
v -0.21338399 0.04295302 0.38020306
v -0.21222408 0.04295302 0.38185931
v -0.21700668 0.04470367 0.38167858
v -0.21700668 0.04470367 0.38167858
v -0.21396395 0.04470367 0.37937225
v -0.21338399 0.04295302 0.38020306
v -0.21657779 0.04645702 0.38259571
v -0.21700668 0.04470367 0.38167858
v -0.22032995 0.04470367 0.38291401
v -0.22032995 0.04470367 0.38291401
v -0.22015462 0.04645702 0.38390668
v -0.21657779 0.04645702 0.38259571
v -0.21572269 0.04645702 0.38442999
v -0.22015462 0.04645702 0.38390668
v -0.21980665 0.04645702 0.38589201
v -0.21572269 0.04645702 0.38442999
v -0.21529649 0.04470367 0.38534712
v -0.21980665 0.04645702 0.38589201
v -0.21963131 0.04470367 0.38688468
v -0.21529649 0.04470367 0.38534712
v -0.21980665 0.04295302 0.38589201
v -0.21980665 0.04295302 0.38589201
v -0.21572269 0.04295302 0.38442999
v -0.21529649 0.04470367 0.38534712
v -0.22015462 0.04295302 0.38390668
v -0.22015462 0.04295302 0.38390668
v -0.21657779 0.04295302 0.38259571
v -0.21572269 0.04295302 0.38442999
v -0.22032995 0.04470367 0.38291401
v -0.22032995 0.04470367 0.38291401
v -0.21700668 0.04470367 0.38167858
v -0.21657779 0.04295302 0.38259571
v -0.22478886 0.04470367 0.38374483
v -0.22862195 0.04470367 0.38396333
v -0.22862195 0.04645702 0.38497487
v -0.22862195 0.04645702 0.38497487
v -0.22470254 0.04645702 0.38475098
v -0.22478886 0.04470367 0.38374483
v -0.22862195 0.04645702 0.38699797
v -0.22862195 0.04645702 0.38699797
v -0.22452451 0.04645702 0.38676599
v -0.22470254 0.04645702 0.38475098
v -0.22862195 0.04470367 0.38800952
v -0.22862195 0.04470367 0.38800952
v -0.22443819 0.04470367 0.38777484
v -0.22452451 0.04645702 0.38676599
v -0.22862195 0.04295302 0.38699797
v -0.22862195 0.04295302 0.38699797
v -0.22452451 0.04295302 0.38676599
v -0.22443819 0.04470367 0.38777484
v -0.22862195 0.04295302 0.38497487
v -0.22862195 0.04295302 0.38497487
v -0.22470254 0.04295302 0.38475098
v -0.22452451 0.04295302 0.38676599
v -0.22862195 0.04470367 0.38396333
v -0.22862195 0.04470367 0.38396333
v -0.22478886 0.04470367 0.38374483
v -0.22470254 0.04295302 0.38475098
v -0.22015462 0.04645702 0.38390668
v -0.22032995 0.04470367 0.38291401
v -0.22478886 0.04470367 0.38374483
v -0.22478886 0.04470367 0.38374483
v -0.22470254 0.04645702 0.38475098
v -0.22015462 0.04645702 0.38390668
v -0.21980665 0.04645702 0.38589201
v -0.22470254 0.04645702 0.38475098
v -0.22452451 0.04645702 0.38676599
v -0.21980665 0.04645702 0.38589201
v -0.21963131 0.04470367 0.38688468
v -0.22452451 0.04645702 0.38676599
v -0.22443819 0.04470367 0.38777484
v -0.21963131 0.04470367 0.38688468
v -0.22452451 0.04295302 0.38676599
v -0.21980665 0.04295302 0.38589201
v -0.21963131 0.04470367 0.38688468
v -0.22452451 0.04295302 0.38676599
v -0.22470254 0.04295302 0.38475098
v -0.22015462 0.04295302 0.38390668
v -0.21980665 0.04295302 0.38589201
v -0.22470254 0.04295302 0.38475098
v -0.22478886 0.04470367 0.38374483
v -0.22032995 0.04470367 0.38291401
v -0.22015462 0.04295302 0.38390668
v -0.22478886 0.04470367 0.38374483
v -0.21129346 0.04747666 0.06867870
v -0.21129346 0.04250254 0.06858159
v -0.21496201 0.04252142 0.02479371
v -0.21496201 0.04252142 0.02479371
v -0.21496201 0.04748745 0.02649581
v -0.21129346 0.04747666 0.06867870
v -0.24676237 0.04250254 0.06858159
v -0.24676237 0.04747666 0.06867870
v -0.24309113 0.04748745 0.02649581
v -0.24309113 0.04748745 0.02649581
v -0.24309113 0.04252142 0.02479371
v -0.24676237 0.04250254 0.06858159
v -0.23693013 0.04250254 0.06858159
v -0.23529547 0.04252142 0.02479371
v -0.23529547 0.04252142 0.02479371
v -0.22275767 0.04252142 0.02479371
v -0.22275767 0.04252142 0.02479371
v -0.22275767 0.04252142 0.02479371
v -0.22112301 0.04250254 0.06858159
v -0.23693013 0.04250254 0.06858159
v -0.22112301 0.04747666 0.06867870
v -0.22275767 0.04748745 0.02649581
v -0.23529547 0.04748745 0.02649581
v -0.23529547 0.04748745 0.02649581
v -0.23693013 0.04747666 0.06867870
v -0.22112301 0.04747666 0.06867870
v -0.21496201 0.04748745 0.02649581
v -0.21496201 0.04252142 0.02479371
v -0.21683674 0.04252952 -0.01130101
v -0.21683674 0.04252952 -0.01130101
v -0.21683674 0.04749824 -0.00938042
v -0.21496201 0.04748745 0.02649581
v -0.24309113 0.04252142 0.02479371
v -0.24309113 0.04748745 0.02649581
v -0.24121639 0.04749824 -0.00938042
v -0.24121639 0.04749824 -0.00938042
v -0.24121639 0.04252952 -0.01130101
v -0.24309113 0.04252142 0.02479371
v -0.23529547 0.04252142 0.02479371
v -0.23445925 0.04252952 -0.01130101
v -0.23445925 0.04252952 -0.01130101
v -0.22359388 0.04252952 -0.01130101
v -0.22359388 0.04252952 -0.01130101
v -0.22359388 0.04252952 -0.01130101
v -0.22275767 0.04748745 0.02649581
v -0.22359388 0.04749824 -0.00938042
v -0.22359388 0.04749824 -0.00938042
v -0.23445925 0.04749824 -0.00938042
v -0.23445925 0.04749824 -0.00938042
v -0.23445925 0.04749824 -0.00938042
v -0.21683674 0.04749824 -0.00938042
v -0.21683674 0.04252952 -0.01130101
v -0.21790494 0.04253221 -0.04182818
v -0.21790494 0.04253221 -0.04182818
v -0.21790494 0.04749824 -0.04044438
v -0.21683674 0.04749824 -0.00938042
v -0.24121639 0.04252952 -0.01130101
v -0.24121639 0.04749824 -0.00938042
v -0.24014820 0.04749824 -0.04044438
v -0.24014820 0.04749824 -0.04044438
v -0.24014820 0.04253221 -0.04182818
v -0.24121639 0.04252952 -0.01130101
v -0.23445925 0.04252952 -0.01130101
v -0.23398450 0.04253221 -0.04182818
v -0.22407133 0.04253221 -0.04182818
v -0.22407133 0.04253221 -0.04182818
v -0.22359388 0.04749824 -0.00938042
v -0.22407133 0.04749824 -0.04044438
v -0.23398450 0.04749824 -0.04044438
v -0.23398450 0.04749824 -0.04044438
v -0.21809915 0.04336303 -0.08210397
v -0.21812073 0.04734988 -0.08134868
v -0.21790494 0.04749824 -0.04044438
v -0.21790494 0.04749824 -0.04044438
v -0.21790494 0.04253221 -0.04182818
v -0.21809915 0.04336303 -0.08210397
v -0.23993510 0.04734988 -0.08134868
v -0.23994049 0.04336303 -0.08210397
v -0.24014820 0.04253221 -0.04182818
v -0.24014820 0.04253221 -0.04182818
v -0.24014820 0.04749824 -0.04044438
v -0.23993510 0.04734988 -0.08134868
v -0.23398450 0.04253221 -0.04182818
v -0.23388739 0.04336303 -0.08210397
v -0.22415226 0.04336303 -0.08210397
v -0.22415226 0.04336303 -0.08210397
v -0.22407133 0.04749824 -0.04044438
v -0.22416574 0.04734988 -0.08134868
v -0.23389009 0.04734988 -0.08134868
v -0.23389009 0.04734988 -0.08134868
v -0.21617856 0.04710981 -0.08433477
v -0.21812073 0.04734988 -0.08134868
v -0.21809915 0.04336303 -0.08210397
v -0.21809915 0.04336303 -0.08210397
v -0.21614889 0.04326323 -0.08470971
v -0.21617856 0.04710981 -0.08433477
v -0.24187457 0.04710981 -0.08433477
v -0.24188806 0.04326323 -0.08470971
v -0.23994049 0.04336303 -0.08210397
v -0.23994049 0.04336303 -0.08210397
v -0.23993510 0.04734988 -0.08134868
v -0.24187457 0.04710981 -0.08433477
v -0.22328098 0.04326323 -0.08470971
v -0.22415226 0.04336303 -0.08210397
v -0.23388739 0.04336303 -0.08210397
v -0.23388739 0.04336303 -0.08210397
v -0.23475597 0.04326323 -0.08470971
v -0.22328098 0.04326323 -0.08470971
v -0.23475328 0.04710981 -0.08433477
v -0.23389009 0.04734988 -0.08134868
v -0.22416574 0.04734988 -0.08134868
v -0.22416574 0.04734988 -0.08134868
v -0.22329986 0.04710981 -0.08433477
v -0.23475328 0.04710981 -0.08433477
v -0.20603341 0.04664584 -0.09064413
v -0.21105608 0.04686703 -0.08732085
v -0.21102911 0.04316072 -0.08731546
v -0.21102911 0.04316072 -0.08731546
v -0.20599565 0.04293953 -0.09063873
v -0.20603341 0.04664584 -0.09064413
v -0.25203051 0.04664584 -0.09064413
v -0.25203051 0.04293953 -0.09063873
v -0.24700245 0.04316072 -0.08731546
v -0.24700245 0.04316072 -0.08731546
v -0.24700245 0.04686703 -0.08732085
v -0.25203051 0.04664584 -0.09064413
v -0.21875464 0.04293953 -0.09063873
v -0.22100162 0.04316072 -0.08731546
v -0.23703263 0.04316072 -0.08731546
v -0.23703263 0.04316072 -0.08731546
v -0.23927152 0.04293953 -0.09063873
v -0.21875464 0.04293953 -0.09063873
v -0.23928231 0.04664584 -0.09064413
v -0.23704072 0.04686703 -0.08732085
v -0.22102050 0.04686703 -0.08732085
v -0.22102050 0.04686703 -0.08732085
v -0.21878161 0.04664584 -0.09064413
v -0.23928231 0.04664584 -0.09064413
v -0.21105608 0.04686703 -0.08732085
v -0.21617856 0.04710981 -0.08433477
v -0.21614889 0.04326323 -0.08470971
v -0.21614889 0.04326323 -0.08470971
v -0.21102911 0.04316072 -0.08731546
v -0.21105608 0.04686703 -0.08732085
v -0.24188806 0.04326323 -0.08470971
v -0.24187457 0.04710981 -0.08433477
v -0.24700245 0.04686703 -0.08732085
v -0.24700245 0.04686703 -0.08732085
v -0.24700245 0.04316072 -0.08731546
v -0.24188806 0.04326323 -0.08470971
v -0.23475597 0.04326323 -0.08470971
v -0.22100162 0.04316072 -0.08731546
v -0.22329986 0.04710981 -0.08433477
v -0.23704072 0.04686703 -0.08732085
v -0.20342766 0.04642465 -0.09396470
v -0.20603341 0.04664584 -0.09064413
v -0.20599565 0.04293953 -0.09063873
v -0.20599565 0.04293953 -0.09063873
v -0.20338720 0.04271834 -0.09395931
v -0.20342766 0.04642465 -0.09396470
v -0.25203051 0.04293953 -0.09063873
v -0.25203051 0.04664584 -0.09064413
v -0.25463896 0.04642465 -0.09396470
v -0.25463896 0.04642465 -0.09396470
v -0.25463896 0.04271834 -0.09395931
v -0.25203051 0.04293953 -0.09063873
v -0.23927152 0.04293953 -0.09063873
v -0.24043413 0.04271834 -0.09396200
v -0.21759203 0.04271834 -0.09396200
v -0.21759203 0.04271834 -0.09396200
v -0.21875464 0.04293953 -0.09063873
v -0.23927152 0.04293953 -0.09063873
v -0.21878161 0.04664584 -0.09064413
v -0.21762170 0.04642465 -0.09396740
v -0.24044492 0.04642465 -0.09396740
v -0.24044492 0.04642465 -0.09396740
v -0.20388084 0.04633563 -0.10507284
v -0.20384307 0.04263742 -0.10484356
v -0.20433401 0.04173646 -0.11606230
v -0.20433401 0.04173646 -0.11606230
v -0.20437177 0.04535106 -0.11688233
v -0.20388084 0.04633563 -0.10507284
v -0.21779434 0.04263742 -0.10484356
v -0.24023182 0.04263742 -0.10484356
v -0.24001333 0.04173646 -0.11606230
v -0.24001333 0.04173646 -0.11606230
v -0.21801553 0.04173646 -0.11606230
v -0.21779434 0.04263742 -0.10484356
v -0.25418578 0.04263742 -0.10484356
v -0.25418578 0.04633563 -0.10507284
v -0.25369215 0.04535106 -0.11688233
v -0.25369215 0.04535106 -0.11688233
v -0.25369215 0.04173646 -0.11606230
v -0.25418578 0.04263742 -0.10484356
v -0.24024261 0.04633563 -0.10507284
v -0.21782131 0.04633563 -0.10507554
v -0.21804251 0.04535106 -0.11688233
v -0.21804251 0.04535106 -0.11688233
v -0.24002412 0.04535106 -0.11688233
v -0.24024261 0.04633563 -0.10507284
v -0.22112301 0.04250254 0.06858159
v -0.22275767 0.04252142 0.02479371
v -0.21496201 0.04252142 0.02479371
v -0.21496201 0.04252142 0.02479371
v -0.21129346 0.04250254 0.06858159
v -0.22112301 0.04250254 0.06858159
v -0.24309113 0.04252142 0.02479371
v -0.24309113 0.04252142 0.02479371
v -0.23529547 0.04252142 0.02479371
v -0.23529547 0.04252142 0.02479371
v -0.23693013 0.04250254 0.06858159
v -0.23693013 0.04250254 0.06858159
v -0.24676237 0.04250254 0.06858159
v -0.24309113 0.04252142 0.02479371
v -0.23693013 0.04747666 0.06867870
v -0.23529547 0.04748745 0.02649581
v -0.24309113 0.04748745 0.02649581
v -0.24309113 0.04748745 0.02649581
v -0.24676237 0.04747666 0.06867870
v -0.23693013 0.04747666 0.06867870
v -0.21496201 0.04748745 0.02649581
v -0.22275767 0.04748745 0.02649581
v -0.22112301 0.04747666 0.06867870
v -0.22112301 0.04747666 0.06867870
v -0.21129346 0.04747666 0.06867870
v -0.21496201 0.04748745 0.02649581
v -0.22275767 0.04252142 0.02479371
v -0.22359388 0.04252952 -0.01130101
v -0.21683674 0.04252952 -0.01130101
v -0.21683674 0.04252952 -0.01130101
v -0.21496201 0.04252142 0.02479371
v -0.22275767 0.04252142 0.02479371
v -0.24121639 0.04252952 -0.01130101
v -0.24121639 0.04252952 -0.01130101
v -0.23445925 0.04252952 -0.01130101
v -0.23445925 0.04252952 -0.01130101
v -0.23529547 0.04252142 0.02479371
v -0.24121639 0.04252952 -0.01130101
v -0.23529547 0.04748745 0.02649581
v -0.23445925 0.04749824 -0.00938042
v -0.23445925 0.04749824 -0.00938042
v -0.24121639 0.04749824 -0.00938042
v -0.24121639 0.04749824 -0.00938042
v -0.24121639 0.04749824 -0.00938042
v -0.21683674 0.04749824 -0.00938042
v -0.21683674 0.04749824 -0.00938042
v -0.22359388 0.04749824 -0.00938042
v -0.22359388 0.04749824 -0.00938042
v -0.22275767 0.04748745 0.02649581
v -0.22275767 0.04748745 0.02649581
v -0.21496201 0.04748745 0.02649581
v -0.21683674 0.04749824 -0.00938042
v -0.22359388 0.04252952 -0.01130101
v -0.22407133 0.04253221 -0.04182818
v -0.21790494 0.04253221 -0.04182818
v -0.21790494 0.04253221 -0.04182818
v -0.21683674 0.04252952 -0.01130101
v -0.22359388 0.04252952 -0.01130101
v -0.24014820 0.04253221 -0.04182818
v -0.23398450 0.04253221 -0.04182818
v -0.23445925 0.04252952 -0.01130101
v -0.24014820 0.04253221 -0.04182818
v -0.23445925 0.04749824 -0.00938042
v -0.23398450 0.04749824 -0.04044438
v -0.24014820 0.04749824 -0.04044438
v -0.24014820 0.04749824 -0.04044438
v -0.21790494 0.04749824 -0.04044438
v -0.22407133 0.04749824 -0.04044438
v -0.22359388 0.04749824 -0.00938042
v -0.21790494 0.04749824 -0.04044438
v -0.22407133 0.04253221 -0.04182818
v -0.22415226 0.04336303 -0.08210397
v -0.21809915 0.04336303 -0.08210397
v -0.21809915 0.04336303 -0.08210397
v -0.23994049 0.04336303 -0.08210397
v -0.23388739 0.04336303 -0.08210397
v -0.23398450 0.04253221 -0.04182818
v -0.23994049 0.04336303 -0.08210397
v -0.23398450 0.04749824 -0.04044438
v -0.23389009 0.04734988 -0.08134868
v -0.23993510 0.04734988 -0.08134868
v -0.23993510 0.04734988 -0.08134868
v -0.24014820 0.04749824 -0.04044438
v -0.23398450 0.04749824 -0.04044438
v -0.21812073 0.04734988 -0.08134868
v -0.22416574 0.04734988 -0.08134868
v -0.22407133 0.04749824 -0.04044438
v -0.21812073 0.04734988 -0.08134868
v -0.23475597 0.04326323 -0.08470971
v -0.23388739 0.04336303 -0.08210397
v -0.23994049 0.04336303 -0.08210397
v -0.23994049 0.04336303 -0.08210397
v -0.24188806 0.04326323 -0.08470971
v -0.23475597 0.04326323 -0.08470971
v -0.21809915 0.04336303 -0.08210397
v -0.22415226 0.04336303 -0.08210397
v -0.22328098 0.04326323 -0.08470971
v -0.22328098 0.04326323 -0.08470971
v -0.21614889 0.04326323 -0.08470971
v -0.21809915 0.04336303 -0.08210397
v -0.22329986 0.04710981 -0.08433477
v -0.22416574 0.04734988 -0.08134868
v -0.21812073 0.04734988 -0.08134868
v -0.21812073 0.04734988 -0.08134868
v -0.21617856 0.04710981 -0.08433477
v -0.22329986 0.04710981 -0.08433477
v -0.23993510 0.04734988 -0.08134868
v -0.23389009 0.04734988 -0.08134868
v -0.23475328 0.04710981 -0.08433477
v -0.23475328 0.04710981 -0.08433477
v -0.24187457 0.04710981 -0.08433477
v -0.23993510 0.04734988 -0.08134868
v -0.23927152 0.04293953 -0.09063873
v -0.23703263 0.04316072 -0.08731546
v -0.24700245 0.04316072 -0.08731546
v -0.24700245 0.04316072 -0.08731546
v -0.25203051 0.04293953 -0.09063873
v -0.23927152 0.04293953 -0.09063873
v -0.21102911 0.04316072 -0.08731546
v -0.22100162 0.04316072 -0.08731546
v -0.21875464 0.04293953 -0.09063873
v -0.21875464 0.04293953 -0.09063873
v -0.20599565 0.04293953 -0.09063873
v -0.21102911 0.04316072 -0.08731546
v -0.21878161 0.04664584 -0.09064413
v -0.22102050 0.04686703 -0.08732085
v -0.21105608 0.04686703 -0.08732085
v -0.21105608 0.04686703 -0.08732085
v -0.20603341 0.04664584 -0.09064413
v -0.21878161 0.04664584 -0.09064413
v -0.24700245 0.04686703 -0.08732085
v -0.23704072 0.04686703 -0.08732085
v -0.23928231 0.04664584 -0.09064413
v -0.23928231 0.04664584 -0.09064413
v -0.25203051 0.04664584 -0.09064413
v -0.24700245 0.04686703 -0.08732085
v -0.21614889 0.04326323 -0.08470971
v -0.22328098 0.04326323 -0.08470971
v -0.22100162 0.04316072 -0.08731546
v -0.21614889 0.04326323 -0.08470971
v -0.23703263 0.04316072 -0.08731546
v -0.24188806 0.04326323 -0.08470971
v -0.24700245 0.04316072 -0.08731546
v -0.23703263 0.04316072 -0.08731546
v -0.23704072 0.04686703 -0.08732085
v -0.24187457 0.04710981 -0.08433477
v -0.22102050 0.04686703 -0.08732085
v -0.21617856 0.04710981 -0.08433477
v -0.21105608 0.04686703 -0.08732085
v -0.22102050 0.04686703 -0.08732085
v -0.20599565 0.04293953 -0.09063873
v -0.21875464 0.04293953 -0.09063873
v -0.21759203 0.04271834 -0.09396200
v -0.21759203 0.04271834 -0.09396200
v -0.20338720 0.04271834 -0.09395931
v -0.20599565 0.04293953 -0.09063873
v -0.24043413 0.04271834 -0.09396200
v -0.23927152 0.04293953 -0.09063873
v -0.25203051 0.04293953 -0.09063873
v -0.25203051 0.04293953 -0.09063873
v -0.25463896 0.04271834 -0.09395931
v -0.24043413 0.04271834 -0.09396200
v -0.25203051 0.04664584 -0.09064413
v -0.23928231 0.04664584 -0.09064413
v -0.24044492 0.04642465 -0.09396740
v -0.24044492 0.04642465 -0.09396740
v -0.25463896 0.04642465 -0.09396470
v -0.25203051 0.04664584 -0.09064413
v -0.21762170 0.04642465 -0.09396740
v -0.21878161 0.04664584 -0.09064413
v -0.20603341 0.04664584 -0.09064413
v -0.20603341 0.04664584 -0.09064413
v -0.20342766 0.04642465 -0.09396470
v -0.21762170 0.04642465 -0.09396740
v -0.24664908 -0.03190961 -0.40647633
v -0.24663289 -0.03548375 -0.40550525
v -0.24742865 -0.03548375 -0.40550525
v -0.24742865 -0.03548375 -0.40550525
v -0.24742865 -0.03190961 -0.40647633
v -0.24664908 -0.03190961 -0.40647633
v -0.21138517 -0.03548375 -0.40550795
v -0.21142833 -0.03190961 -0.40647633
v -0.21062988 -0.03190961 -0.40647633
v -0.21062988 -0.03190961 -0.40647633
v -0.21060291 -0.03548375 -0.40550795
v -0.21138517 -0.03548375 -0.40550795
v -0.24023182 0.04263742 -0.10484356
v -0.25418578 0.04263742 -0.10484356
v -0.25369215 0.04173646 -0.11606230
v -0.25369215 0.04173646 -0.11606230
v -0.24001333 0.04173646 -0.11606230
v -0.24023182 0.04263742 -0.10484356
v -0.21420132 -0.03202830 -0.39276244
v -0.21138517 -0.03548375 -0.40550795
v -0.21060291 -0.03548375 -0.40550795
v -0.21060291 -0.03548375 -0.40550795
v -0.21028731 -0.03202830 -0.39276244
v -0.21028731 -0.03202830 -0.39276244
v -0.21420132 -0.03202830 -0.39276244
v -0.21420132 -0.03202830 -0.39276244
v -0.21782131 0.04633563 -0.10507554
v -0.20388084 0.04633563 -0.10507284
v -0.20437177 0.04535106 -0.11688233
v -0.20437177 0.04535106 -0.11688233
v -0.21804251 0.04535106 -0.11688233
v -0.21782131 0.04633563 -0.10507554
v -0.24383293 -0.02845147 -0.39373353
v -0.24664908 -0.03190961 -0.40647633
v -0.24742865 -0.03190961 -0.40647633
v -0.24742865 -0.03190961 -0.40647633
v -0.24774425 -0.02845147 -0.39373353
v -0.24383293 -0.02845147 -0.39373353
v -0.20495982 0.04319039 -0.12941473
v -0.20492475 0.03961356 -0.12844365
v -0.20498680 0.03892031 -0.13099814
v -0.20498680 0.03892031 -0.13099814
v -0.20502456 0.04249715 -0.13196923
v -0.20495982 0.04319039 -0.12941473
v -0.25310410 0.03961356 -0.12844365
v -0.25310410 0.04319039 -0.12941473
v -0.25303936 0.04249715 -0.13196923
v -0.25303936 0.04249715 -0.13196923
v -0.25303936 0.03892031 -0.13099814
v -0.25310410 0.03961356 -0.12844365
v -0.23693283 0.03961356 -0.12844365
v -0.25310410 0.03961356 -0.12844365
v -0.25303936 0.03892031 -0.13099814
v -0.25303936 0.03892031 -0.13099814
v -0.23909619 0.03892031 -0.13099814
v -0.23693283 0.03961356 -0.12844365
v -0.21801553 0.04173646 -0.11606230
v -0.20433401 0.04173646 -0.11606230
v -0.20384307 0.04263742 -0.10484356
v -0.20384307 0.04263742 -0.10484356
v -0.21779434 0.04263742 -0.10484356
v -0.21801553 0.04173646 -0.11606230
v -0.22111761 0.04319039 -0.12941473
v -0.20495982 0.04319039 -0.12941473
v -0.20502456 0.04249715 -0.13196923
v -0.20502456 0.04249715 -0.13196923
v -0.21895695 0.04249715 -0.13196923
v -0.22111761 0.04319039 -0.12941473
v -0.24002412 0.04535106 -0.11688233
v -0.25369215 0.04535106 -0.11688233
v -0.25418578 0.04633563 -0.10507284
v -0.25418578 0.04633563 -0.10507284
v -0.24024261 0.04633563 -0.10507284
v -0.24002412 0.04535106 -0.11688233
v -0.20437177 0.04535106 -0.11688233
v -0.20433401 0.04173646 -0.11606230
v -0.20486002 0.04030681 -0.12588915
v -0.20486002 0.04030681 -0.12588915
v -0.20489778 0.04388364 -0.12686024
v -0.20437177 0.04535106 -0.11688233
v -0.20384307 0.04263742 -0.10484356
v -0.20388084 0.04633563 -0.10507284
v -0.20342766 0.04642465 -0.09396470
v -0.20342766 0.04642465 -0.09396470
v -0.20338720 0.04271834 -0.09395931
v -0.20384307 0.04263742 -0.10484356
v -0.21801553 0.04173646 -0.11606230
v -0.24001333 0.04173646 -0.11606230
v -0.23272748 0.04030681 -0.12588915
v -0.23272748 0.04030681 -0.12588915
v -0.22531216 0.04030681 -0.12588915
v -0.21801553 0.04173646 -0.11606230
v -0.24023182 0.04263742 -0.10484356
v -0.21779434 0.04263742 -0.10484356
v -0.21759203 0.04271834 -0.09396200
v -0.21759203 0.04271834 -0.09396200
v -0.24043413 0.04271834 -0.09396200
v -0.24023182 0.04263742 -0.10484356
v -0.25369215 0.04173646 -0.11606230
v -0.25369215 0.04535106 -0.11688233
v -0.25316614 0.04388364 -0.12686024
v -0.25316614 0.04388364 -0.12686024
v -0.25316614 0.04030681 -0.12588915
v -0.25369215 0.04173646 -0.11606230
v -0.25418578 0.04633563 -0.10507284
v -0.25418578 0.04263742 -0.10484356
v -0.25463896 0.04271834 -0.09395931
v -0.25463896 0.04271834 -0.09395931
v -0.25463896 0.04642465 -0.09396470
v -0.25418578 0.04633563 -0.10507284
v -0.24002412 0.04535106 -0.11688233
v -0.21804251 0.04535106 -0.11688233
v -0.22532295 0.04388364 -0.12686024
v -0.22532295 0.04388364 -0.12686024
v -0.23273018 0.04388364 -0.12686024
v -0.24002412 0.04535106 -0.11688233
v -0.21782131 0.04633563 -0.10507554
v -0.24024261 0.04633563 -0.10507284
v -0.24044492 0.04642465 -0.09396740
v -0.21782131 0.04633563 -0.10507554
v -0.24001333 0.04173646 -0.11606230
v -0.25369215 0.04173646 -0.11606230
v -0.25316614 0.04030681 -0.12588915
v -0.25316614 0.04030681 -0.12588915
v -0.23272748 0.04030681 -0.12588915
v -0.24001333 0.04173646 -0.11606230
v -0.25418578 0.04263742 -0.10484356
v -0.24023182 0.04263742 -0.10484356
v -0.24043413 0.04271834 -0.09396200
v -0.24043413 0.04271834 -0.09396200
v -0.25463896 0.04271834 -0.09395931
v -0.25418578 0.04263742 -0.10484356
v -0.21804251 0.04535106 -0.11688233
v -0.20437177 0.04535106 -0.11688233
v -0.20489778 0.04388364 -0.12686024
v -0.20489778 0.04388364 -0.12686024
v -0.22532295 0.04388364 -0.12686024
v -0.21804251 0.04535106 -0.11688233
v -0.20388084 0.04633563 -0.10507284
v -0.21782131 0.04633563 -0.10507554
v -0.21762170 0.04642465 -0.09396740
v -0.21762170 0.04642465 -0.09396740
v -0.20342766 0.04642465 -0.09396470
v -0.20388084 0.04633563 -0.10507284
v -0.21779434 0.04263742 -0.10484356
v -0.20384307 0.04263742 -0.10484356
v -0.20338720 0.04271834 -0.09395931
v -0.20338720 0.04271834 -0.09395931
v -0.21759203 0.04271834 -0.09396200
v -0.21779434 0.04263742 -0.10484356
v -0.20433401 0.04173646 -0.11606230
v -0.21801553 0.04173646 -0.11606230
v -0.22531216 0.04030681 -0.12588915
v -0.22531216 0.04030681 -0.12588915
v -0.20486002 0.04030681 -0.12588915
v -0.20433401 0.04173646 -0.11606230
v -0.24024261 0.04633563 -0.10507284
v -0.25418578 0.04633563 -0.10507284
v -0.25463896 0.04642465 -0.09396470
v -0.25463896 0.04642465 -0.09396470
v -0.24044492 0.04642465 -0.09396740
v -0.24024261 0.04633563 -0.10507284
v -0.25369215 0.04535106 -0.11688233
v -0.24002412 0.04535106 -0.11688233
v -0.23273018 0.04388364 -0.12686024
v -0.23273018 0.04388364 -0.12686024
v -0.25316614 0.04388364 -0.12686024
v -0.25369215 0.04535106 -0.11688233
v -0.23272748 0.04030681 -0.12588915
v -0.23273018 0.04388364 -0.12686024
v -0.22532295 0.04388364 -0.12686024
v -0.22532295 0.04388364 -0.12686024
v -0.22531216 0.04030681 -0.12588915
v -0.23272748 0.04030681 -0.12588915
v -0.22109873 0.03961356 -0.12844365
v -0.22111761 0.04319039 -0.12941473
v -0.21895695 0.04249715 -0.13196923
v -0.21895695 0.04249715 -0.13196923
v -0.21893267 0.03892031 -0.13099814
v -0.22109873 0.03961356 -0.12844365
v -0.23694092 0.04319039 -0.12941473
v -0.23693283 0.03961356 -0.12844365
v -0.23909619 0.03892031 -0.13099814
v -0.23909619 0.03892031 -0.13099814
v -0.23910428 0.04249715 -0.13196923
v -0.23694092 0.04319039 -0.12941473
v -0.20505153 0.03822707 -0.13355264
v -0.20505153 0.03822707 -0.13355264
v -0.21824751 0.03822707 -0.13355264
v -0.21420132 -0.03202830 -0.39276244
v -0.24383293 -0.02845147 -0.39373353
v -0.24774425 -0.02845147 -0.39373353
v -0.25297732 0.04180390 -0.13452372
v -0.25297732 0.04180390 -0.13452372
v -0.23978944 0.04180390 -0.13452372
v -0.24383293 -0.02845147 -0.39373353
v -0.21031428 -0.02845147 -0.39373353
v -0.21028731 -0.03202830 -0.39276244
v -0.21060291 -0.03548375 -0.40550795
v -0.21060291 -0.03548375 -0.40550795
v -0.21062988 -0.03190961 -0.40647633
v -0.21031428 -0.02845147 -0.39373353
v -0.24774425 -0.03202830 -0.39276244
v -0.24774425 -0.02845147 -0.39373353
v -0.24742865 -0.03190961 -0.40647633
v -0.24742865 -0.03190961 -0.40647633
v -0.24742865 -0.03548375 -0.40550525
v -0.24774425 -0.03202830 -0.39276244
v -0.24381944 -0.03202830 -0.39276244
v -0.24774425 -0.03202830 -0.39276244
v -0.24742865 -0.03548375 -0.40550525
v -0.24742865 -0.03548375 -0.40550525
v -0.24663289 -0.03548375 -0.40550525
v -0.24381944 -0.03202830 -0.39276244
v -0.21423909 -0.02845147 -0.39373353
v -0.21031428 -0.02845147 -0.39373353
v -0.21062988 -0.03190961 -0.40647633
v -0.21062988 -0.03190961 -0.40647633
v -0.21142833 -0.03190961 -0.40647633
v -0.21423909 -0.02845147 -0.39373353
v -0.21420132 -0.03202830 -0.39276244
v -0.21423909 -0.02845147 -0.39373353
v -0.21142833 -0.03190961 -0.40647633
v -0.21142833 -0.03190961 -0.40647633
v -0.21138517 -0.03548375 -0.40550795
v -0.21420132 -0.03202830 -0.39276244
v -0.24383293 -0.02845147 -0.39373353
v -0.24381944 -0.03202830 -0.39276244
v -0.24663289 -0.03548375 -0.40550525
v -0.24663289 -0.03548375 -0.40550525
v -0.24664908 -0.03190961 -0.40647633
v -0.24383293 -0.02845147 -0.39373353
v -0.20508660 0.04180390 -0.13452372
v -0.20505153 0.03822707 -0.13355264
v -0.21028731 -0.03202830 -0.39276244
v -0.21028731 -0.03202830 -0.39276244
v -0.21031428 -0.02845147 -0.39373353
v -0.20508660 0.04180390 -0.13452372
v -0.25297732 0.03822707 -0.13355264
v -0.25297732 0.04180390 -0.13452372
v -0.24774425 -0.02845147 -0.39373353
v -0.24774425 -0.02845147 -0.39373353
v -0.24774425 -0.03202830 -0.39276244
v -0.25297732 0.03822707 -0.13355264
v -0.23978134 0.03822707 -0.13355264
v -0.25297732 0.03822707 -0.13355264
v -0.24774425 -0.03202830 -0.39276244
v -0.24774425 -0.03202830 -0.39276244
v -0.24381944 -0.03202830 -0.39276244
v -0.23978134 0.03822707 -0.13355264
v -0.21827449 0.04180390 -0.13452372
v -0.20508660 0.04180390 -0.13452372
v -0.21031428 -0.02845147 -0.39373353
v -0.21031428 -0.02845147 -0.39373353
v -0.21423909 -0.02845147 -0.39373353
v -0.21827449 0.04180390 -0.13452372
v -0.21824751 0.03822707 -0.13355264
v -0.21827449 0.04180390 -0.13452372
v -0.21423909 -0.02845147 -0.39373353
v -0.21423909 -0.02845147 -0.39373353
v -0.21420132 -0.03202830 -0.39276244
v -0.21824751 0.03822707 -0.13355264
v -0.23978944 0.04180390 -0.13452372
v -0.23978134 0.03822707 -0.13355264
v -0.24381944 -0.03202830 -0.39276244
v -0.24381944 -0.03202830 -0.39276244
v -0.24383293 -0.02845147 -0.39373353
v -0.23978944 0.04180390 -0.13452372
v -0.21893267 0.03892031 -0.13099814
v -0.21893267 0.03892031 -0.13099814
v -0.20498680 0.03892031 -0.13099814
v -0.20498680 0.03892031 -0.13099814
v -0.20492475 0.03961356 -0.12844365
v -0.20492475 0.03961356 -0.12844365
v -0.22109873 0.03961356 -0.12844365
v -0.21893267 0.03892031 -0.13099814
v -0.23910428 0.04249715 -0.13196923
v -0.25303936 0.04249715 -0.13196923
v -0.25310410 0.04319039 -0.12941473
v -0.25310410 0.04319039 -0.12941473
v -0.23694092 0.04319039 -0.12941473
v -0.23910428 0.04249715 -0.13196923
v -0.20502456 0.04249715 -0.13196923
v -0.20498680 0.03892031 -0.13099814
v -0.20505153 0.03822707 -0.13355264
v -0.20505153 0.03822707 -0.13355264
v -0.20508660 0.04180390 -0.13452372
v -0.20502456 0.04249715 -0.13196923
v -0.20492475 0.03961356 -0.12844365
v -0.20495982 0.04319039 -0.12941473
v -0.20489778 0.04388364 -0.12686024
v -0.20489778 0.04388364 -0.12686024
v -0.20486002 0.04030681 -0.12588915
v -0.20492475 0.03961356 -0.12844365
v -0.25303936 0.03892031 -0.13099814
v -0.25303936 0.04249715 -0.13196923
v -0.25297732 0.04180390 -0.13452372
v -0.25297732 0.04180390 -0.13452372
v -0.25297732 0.03822707 -0.13355264
v -0.25303936 0.03892031 -0.13099814
v -0.25310410 0.04319039 -0.12941473
v -0.25310410 0.03961356 -0.12844365
v -0.25316614 0.04030681 -0.12588915
v -0.25316614 0.04030681 -0.12588915
v -0.25316614 0.04388364 -0.12686024
v -0.25310410 0.04319039 -0.12941473
v -0.23909619 0.03892031 -0.13099814
v -0.25303936 0.03892031 -0.13099814
v -0.25297732 0.03822707 -0.13355264
v -0.25297732 0.03822707 -0.13355264
v -0.23978134 0.03822707 -0.13355264
v -0.23909619 0.03892031 -0.13099814
v -0.23272748 0.04030681 -0.12588915
v -0.23272748 0.04030681 -0.12588915
v -0.25316614 0.04030681 -0.12588915
v -0.25310410 0.03961356 -0.12844365
v -0.20508660 0.04180390 -0.13452372
v -0.20508660 0.04180390 -0.13452372
v -0.21827449 0.04180390 -0.13452372
v -0.21895695 0.04249715 -0.13196923
v -0.22532295 0.04388364 -0.12686024
v -0.22532295 0.04388364 -0.12686024
v -0.20489778 0.04388364 -0.12686024
v -0.20495982 0.04319039 -0.12941473
v -0.21893267 0.03892031 -0.13099814
v -0.21895695 0.04249715 -0.13196923
v -0.21827449 0.04180390 -0.13452372
v -0.21827449 0.04180390 -0.13452372
v -0.21824751 0.03822707 -0.13355264
v -0.21893267 0.03892031 -0.13099814
v -0.22111761 0.04319039 -0.12941473
v -0.22109873 0.03961356 -0.12844365
v -0.22531216 0.04030681 -0.12588915
v -0.22531216 0.04030681 -0.12588915
v -0.22532295 0.04388364 -0.12686024
v -0.22111761 0.04319039 -0.12941473
v -0.23910428 0.04249715 -0.13196923
v -0.23909619 0.03892031 -0.13099814
v -0.23978134 0.03822707 -0.13355264
v -0.23978134 0.03822707 -0.13355264
v -0.23978944 0.04180390 -0.13452372
v -0.23910428 0.04249715 -0.13196923
v -0.23693283 0.03961356 -0.12844365
v -0.23694092 0.04319039 -0.12941473
v -0.23273018 0.04388364 -0.12686024
v -0.23273018 0.04388364 -0.12686024
v -0.23272748 0.04030681 -0.12588915
v -0.23693283 0.03961356 -0.12844365
v -0.22109873 0.03961356 -0.12844365
v -0.20492475 0.03961356 -0.12844365
v -0.20486002 0.04030681 -0.12588915
v -0.20486002 0.04030681 -0.12588915
v -0.22531216 0.04030681 -0.12588915
v -0.22109873 0.03961356 -0.12844365
v -0.21824751 0.03822707 -0.13355264
v -0.21824751 0.03822707 -0.13355264
v -0.20505153 0.03822707 -0.13355264
v -0.20498680 0.03892031 -0.13099814
v -0.23694092 0.04319039 -0.12941473
v -0.25310410 0.04319039 -0.12941473
v -0.25316614 0.04388364 -0.12686024
v -0.25316614 0.04388364 -0.12686024
v -0.23273018 0.04388364 -0.12686024
v -0.23694092 0.04319039 -0.12941473
v -0.25303936 0.04249715 -0.13196923
v -0.23910428 0.04249715 -0.13196923
v -0.23978944 0.04180390 -0.13452372
v -0.23978944 0.04180390 -0.13452372
v -0.25297732 0.04180390 -0.13452372
v -0.25303936 0.04249715 -0.13196923
vn -1.00000000 0.00000000 0.00000000
vn -0.98078399 0.19509682 0.00000000
vn -0.98078399 0.19509682 0.00000000
vn -0.98078399 0.19509682 0.00000000
vn -1.00000000 0.00000000 0.00000000
vn -1.00000000 0.00000000 0.00000000
vn -0.98078399 0.19509682 0.00000000
vn -0.92387667 0.38269034 0.00000000
vn -0.92387667 0.38269034 0.00000000
vn -0.92387667 0.38269034 0.00000000
vn -0.98078399 0.19509682 0.00000000
vn -0.98078399 0.19509682 0.00000000
vn -0.92387667 0.38269034 0.00000000
vn -0.83146524 0.55557677 0.00000000
vn -0.83146524 0.55557677 0.00000000
vn -0.83146524 0.55557677 0.00000000
vn -0.92387667 0.38269034 0.00000000
vn -0.92387667 0.38269034 0.00000000
vn -0.83146524 0.55557677 0.00000000
vn -0.70710678 0.70710678 0.00000000
vn -0.70710678 0.70710678 0.00000000
vn -0.70710678 0.70710678 0.00000000
vn -0.83146524 0.55557677 0.00000000
vn -0.83146524 0.55557677 0.00000000
vn -0.70710678 0.70710678 0.00000000
vn -0.55557677 0.83146524 0.00000000
vn -0.55557677 0.83146524 0.00000000
vn -0.55557677 0.83146524 0.00000000
vn -0.70710678 0.70710678 0.00000000
vn -0.70710678 0.70710678 0.00000000
vn -0.55557677 0.83146524 0.00000000
vn -0.38269034 0.92387667 0.00000000
vn -0.38269034 0.92387667 0.00000000
vn -0.38269034 0.92387667 0.00000000
vn -0.55557677 0.83146524 0.00000000
vn -0.55557677 0.83146524 0.00000000
vn -0.38269034 0.92387667 0.00000000
vn -0.19509682 0.98078399 0.00000000
vn -0.19509682 0.98078399 0.00000000
vn -0.19509682 0.98078399 0.00000000
vn -0.38269034 0.92387667 0.00000000
vn -0.38269034 0.92387667 0.00000000
vn -0.19509682 0.98078399 0.00000000
vn 0.00000000 1.00000000 0.00000000
vn 0.00000000 1.00000000 0.00000000
vn 0.00000000 1.00000000 0.00000000
vn -0.19509682 0.98078399 0.00000000
vn -0.19509682 0.98078399 0.00000000
vn 0.00000000 1.00000000 0.00000000
vn 0.19509682 0.98078399 0.00000000
vn 0.19509682 0.98078399 0.00000000
vn 0.19509682 0.98078399 0.00000000
vn 0.00000000 1.00000000 0.00000000
vn 0.00000000 1.00000000 0.00000000
vn 0.19509682 0.98078399 0.00000000
vn 0.38269034 0.92387667 0.00000000
vn 0.38269034 0.92387667 0.00000000
vn 0.38269034 0.92387667 0.00000000
vn 0.19509682 0.98078399 0.00000000
vn 0.19509682 0.98078399 0.00000000
vn 0.38269034 0.92387667 0.00000000
vn 0.55557677 0.83146524 0.00000000
vn 0.55557677 0.83146524 0.00000000
vn 0.55557677 0.83146524 0.00000000
vn 0.38269034 0.92387667 0.00000000
vn 0.38269034 0.92387667 0.00000000
vn 0.55557677 0.83146524 0.00000000
vn 0.70710678 0.70710678 0.00000000
vn 0.70710678 0.70710678 0.00000000
vn 0.70710678 0.70710678 0.00000000
vn 0.55557677 0.83146524 0.00000000
vn 0.55557677 0.83146524 0.00000000
vn 0.70710678 0.70710678 0.00000000
vn 0.83146524 0.55557677 0.00000000
vn 0.83146524 0.55557677 0.00000000
vn 0.83146524 0.55557677 0.00000000
vn 0.70710678 0.70710678 0.00000000
vn 0.70710678 0.70710678 0.00000000
vn 0.83146524 0.55557677 0.00000000
vn 0.92387667 0.38269034 0.00000000
vn 0.92387667 0.38269034 0.00000000
vn 0.92387667 0.38269034 0.00000000
vn 0.83146524 0.55557677 0.00000000
vn 0.83146524 0.55557677 0.00000000
vn 0.92387667 0.38269034 0.00000000
vn 0.98078399 0.19509682 0.00000000
vn 0.98078399 0.19509682 0.00000000
vn 0.98078399 0.19509682 0.00000000
vn 0.92387667 0.38269034 0.00000000
vn 0.92387667 0.38269034 0.00000000
vn 0.98078399 0.19509682 0.00000000
vn 1.00000000 0.00000000 0.00000000
vn 1.00000000 0.00000000 0.00000000
vn 1.00000000 0.00000000 0.00000000
vn 0.98078399 0.19509682 0.00000000
vn 0.98078399 0.19509682 0.00000000
vn 1.00000000 0.00000000 0.00000000
vn 0.98078399 -0.19509682 0.00000000
vn 0.98078399 -0.19509682 0.00000000
vn 0.98078399 -0.19509682 0.00000000
vn 1.00000000 0.00000000 0.00000000
vn 1.00000000 0.00000000 0.00000000
vn 0.98078399 -0.19509682 0.00000000
vn 0.92387667 -0.38269034 0.00000000
vn 0.92387667 -0.38269034 0.00000000
vn 0.92387667 -0.38269034 0.00000000
vn 0.98078399 -0.19509682 0.00000000
vn 0.98078399 -0.19509682 0.00000000
vn 0.92387667 -0.38269034 0.00000000
vn 0.83146524 -0.55557677 0.00000000
vn 0.83146524 -0.55557677 0.00000000
vn 0.83146524 -0.55557677 0.00000000
vn 0.92387667 -0.38269034 0.00000000
vn 0.92387667 -0.38269034 0.00000000
vn 0.83146524 -0.55557677 0.00000000
vn 0.70710678 -0.70710678 0.00000000
vn 0.70710678 -0.70710678 0.00000000
vn 0.70710678 -0.70710678 0.00000000
vn 0.83146524 -0.55557677 0.00000000
vn 0.83146524 -0.55557677 0.00000000
vn 0.70710678 -0.70710678 0.00000000
vn 0.55557677 -0.83146524 0.00000000
vn 0.55557677 -0.83146524 0.00000000
vn 0.55557677 -0.83146524 0.00000000
vn 0.70710678 -0.70710678 0.00000000
vn 0.70710678 -0.70710678 0.00000000
vn 0.55557677 -0.83146524 0.00000000
vn 0.38269034 -0.92387667 0.00000000
vn 0.38269034 -0.92387667 0.00000000
vn 0.38269034 -0.92387667 0.00000000
vn 0.55557677 -0.83146524 0.00000000
vn 0.55557677 -0.83146524 0.00000000
vn 0.38269034 -0.92387667 0.00000000
vn 0.19509682 -0.98078399 0.00000000
vn 0.19509682 -0.98078399 0.00000000
vn 0.19509682 -0.98078399 0.00000000
vn 0.38269034 -0.92387667 0.00000000
vn 0.38269034 -0.92387667 0.00000000
vn 0.19509682 -0.98078399 0.00000000
vn 0.00000000 -1.00000000 0.00000000
vn 0.00000000 -1.00000000 0.00000000
vn 0.00000000 -1.00000000 0.00000000
vn 0.19509682 -0.98078399 0.00000000
vn 0.19509682 -0.98078399 0.00000000
vn 0.00000000 -1.00000000 0.00000000
vn -0.19509682 -0.98078399 0.00000000
vn -0.19509682 -0.98078399 0.00000000
vn -0.19509682 -0.98078399 0.00000000
vn 0.00000000 -1.00000000 0.00000000
vn 0.00000000 -1.00000000 0.00000000
vn -0.19509682 -0.98078399 0.00000000
vn -0.38269034 -0.92387667 0.00000000
vn -0.38269034 -0.92387667 0.00000000
vn -0.38269034 -0.92387667 0.00000000
vn -0.19509682 -0.98078399 0.00000000
vn -0.19509682 -0.98078399 0.00000000
vn -0.38269034 -0.92387667 0.00000000
vn -0.55557677 -0.83146524 0.00000000
vn -0.55557677 -0.83146524 0.00000000
vn -0.55557677 -0.83146524 0.00000000
vn -0.38269034 -0.92387667 0.00000000
vn -0.38269034 -0.92387667 0.00000000
vn -0.55557677 -0.83146524 0.00000000
vn -0.70710678 -0.70710678 0.00000000
vn -0.70710678 -0.70710678 0.00000000
vn -0.70710678 -0.70710678 0.00000000
vn -0.55557677 -0.83146524 0.00000000
vn -0.55557677 -0.83146524 0.00000000
vn -0.70710678 -0.70710678 0.00000000
vn -0.83146524 -0.55557677 0.00000000
vn -0.83146524 -0.55557677 0.00000000
vn -0.83146524 -0.55557677 0.00000000
vn -0.70710678 -0.70710678 0.00000000
vn -0.70710678 -0.70710678 0.00000000
vn -0.83146524 -0.55557677 0.00000000
vn -0.92387667 -0.38269034 0.00000000
vn -0.92387667 -0.38269034 0.00000000
vn -0.92387667 -0.38269034 0.00000000
vn -0.83146524 -0.55557677 0.00000000
vn -0.83146524 -0.55557677 0.00000000
vn -0.92387667 -0.38269034 0.00000000
vn -0.98078399 -0.19509682 0.00000000
vn -0.98078399 -0.19509682 0.00000000
vn -0.98078399 -0.19509682 0.00000000
vn -0.92387667 -0.38269034 0.00000000
vn -0.92387667 -0.38269034 0.00000000
vn -0.98078399 -0.19509682 0.00000000
vn -1.00000000 0.00000000 0.00000000
vn -1.00000000 0.00000000 0.00000000
vn -1.00000000 0.00000000 0.00000000
vn -0.98078399 -0.19509682 0.00000000
vn -0.98078399 -0.19509682 0.00000000
vn 0.00000000 0.00000000 1.00000000
vn 0.00000000 0.00000000 1.00000000
vn 0.00000000 0.00000000 1.00000000
vn 0.00000000 0.00000000 1.00000000
vn 0.00000000 0.00000000 1.00000000
vn 0.00000000 0.00000000 1.00000000
vn 0.00000000 0.00000000 1.00000000
vn 0.00000000 0.00000000 1.00000000
vn 0.00000000 0.00000000 1.00000000
vn 0.00000000 0.00000000 1.00000000
vn 0.00000000 0.00000000 1.00000000
vn 0.00000000 0.00000000 1.00000000
vn 0.00000000 0.00000000 1.00000000
vn 0.00000000 0.00000000 1.00000000
vn 0.00000000 0.00000000 1.00000000
vn 0.00000000 0.00000000 1.00000000
vn 0.00000000 0.00000000 1.00000000
vn 0.00000000 0.00000000 1.00000000
vn 0.00000000 0.00000000 1.00000000
vn 0.00000000 0.00000000 1.00000000
vn 0.00000000 0.00000000 1.00000000
vn 0.00000000 0.00000000 1.00000000
vn 0.00000000 0.00000000 1.00000000
vn 0.00000000 0.00000000 1.00000000
vn 0.00000000 0.00000000 1.00000000
vn 0.00000000 0.00000000 1.00000000
vn 0.00000000 0.00000000 1.00000000
vn 0.00000000 0.00000000 1.00000000
vn 0.00000000 0.00000000 1.00000000
vn 0.00000000 0.00000000 1.00000000
vn 0.00000000 0.00000000 1.00000000
vn 0.00000000 0.00000000 1.00000000
vn 0.00000000 0.00000000 1.00000000
vn 0.00000000 0.00000000 1.00000000
vn 0.00000000 0.00000000 1.00000000
vn 0.00000000 0.00000000 1.00000000
vn 0.00000000 0.00000000 1.00000000
vn 0.00000000 0.00000000 1.00000000
vn 0.00000000 0.00000000 1.00000000
vn 0.00000000 0.00000000 1.00000000
vn 0.00000000 0.00000000 1.00000000
vn 0.00000000 0.00000000 1.00000000
vn 0.00000000 0.00000000 1.00000000
vn 0.00000000 0.00000000 1.00000000
vn 0.00000000 0.00000000 1.00000000
vn 0.00000000 0.00000000 1.00000000
vn 0.00000000 0.00000000 1.00000000
vn 0.00000000 0.00000000 1.00000000
vn 0.00000000 0.00000000 1.00000000
vn 0.00000000 0.00000000 1.00000000
vn 0.00000000 0.00000000 1.00000000
vn 0.00000000 0.00000000 1.00000000
vn 0.00000000 0.00000000 1.00000000
vn 0.00000000 0.00000000 1.00000000
vn 0.00000000 0.00000000 1.00000000
vn 0.00000000 0.00000000 1.00000000
vn 0.00000000 0.00000000 1.00000000
vn 0.00000000 0.00000000 1.00000000
vn 0.00000000 0.00000000 1.00000000
vn 0.00000000 0.00000000 1.00000000
vn 0.00000000 0.00000000 1.00000000
vn 0.00000000 0.00000000 1.00000000
vn 0.00000000 0.00000000 1.00000000
vn 0.00000000 0.00000000 1.00000000
vn 0.00000000 0.00000000 1.00000000
vn 0.00000000 0.00000000 1.00000000
vn 0.00000000 0.00000000 1.00000000
vn 0.00000000 0.00000000 1.00000000
vn 0.00000000 0.00000000 1.00000000
vn 0.00000000 0.00000000 1.00000000
vn 0.00000000 0.00000000 1.00000000
vn 0.00000000 0.00000000 1.00000000
vn 0.00000000 0.00000000 1.00000000
vn 0.00000000 0.00000000 1.00000000
vn 0.00000000 0.00000000 1.00000000
vn 0.00000000 0.00000000 1.00000000
vn 0.00000000 0.00000000 1.00000000
vn 0.00000000 0.00000000 1.00000000
vn 0.00000000 0.00000000 1.00000000
vn 0.00000000 0.00000000 1.00000000
vn 0.00000000 0.00000000 1.00000000
vn 0.00000000 0.00000000 1.00000000
vn 0.00000000 0.00000000 1.00000000
vn 0.00000000 0.00000000 1.00000000
vn 0.00000000 0.00000000 1.00000000
vn 0.00000000 0.00000000 1.00000000
vn 0.00000000 0.00000000 1.00000000
vn 0.00000000 0.00000000 1.00000000
vn 0.00000000 0.00000000 1.00000000
vn 0.00000000 0.00000000 1.00000000
vn 0.00000000 0.00000000 1.00000000
vn 0.00000000 0.00000000 1.00000000
vn 0.00000000 0.00000000 1.00000000
vn 0.00000000 0.00000000 1.00000000
vn 0.00000000 0.00000000 1.00000000
vn 0.00000000 0.00000000 1.00000000
vn 0.00000000 0.00000000 1.00000000
vn 0.00000000 0.00000000 1.00000000
vn 0.00000000 0.00000000 1.00000000
vn 0.00000000 0.00000000 1.00000000
vn 0.00000000 0.00000000 1.00000000
vn 0.00000000 0.00000000 1.00000000
vn 0.00000000 0.00000000 1.00000000
vn 0.00000000 0.00000000 1.00000000
vn 0.00000000 0.00000000 1.00000000
vn 0.00000000 0.00000000 1.00000000
vn 0.00000000 0.00000000 1.00000000
vn 0.00000000 0.00000000 1.00000000
vn 0.00000000 0.00000000 1.00000000
vn 0.00000000 0.00000000 1.00000000
vn 0.00000000 0.00000000 1.00000000
vn 0.00000000 0.00000000 1.00000000
vn 0.00000000 0.00000000 1.00000000
vn 0.00000000 0.00000000 1.00000000
vn 0.00000000 0.00000000 1.00000000
vn 0.00000000 0.00000000 1.00000000
vn 0.00000000 0.00000000 1.00000000
vn 0.00000000 0.00000000 1.00000000
vn 0.00000000 0.00000000 1.00000000
vn 0.00000000 0.00000000 1.00000000
vn 0.00000000 0.00000000 1.00000000
vn 0.00000000 0.00000000 1.00000000
vn 0.00000000 0.00000000 1.00000000
vn 0.00000000 0.00000000 1.00000000
vn 0.00000000 0.00000000 1.00000000
vn 0.00000000 0.00000000 1.00000000
vn 0.00000000 0.00000000 1.00000000
vn 0.00000000 0.00000000 1.00000000
vn 0.00000000 0.00000000 1.00000000
vn 0.00000000 0.00000000 1.00000000
vn 0.00000000 0.00000000 1.00000000
vn 0.00000000 0.00000000 1.00000000
vn 0.00000000 0.00000000 1.00000000
vn 0.00000000 0.00000000 1.00000000
vn 0.00000000 0.00000000 1.00000000
vn 0.00000000 0.00000000 1.00000000
vn 0.00000000 0.00000000 1.00000000
vn 0.00000000 0.00000000 1.00000000
vn 0.00000000 0.00000000 1.00000000
vn 0.00000000 0.00000000 1.00000000
vn 0.00000000 0.00000000 1.00000000
vn 0.00000000 0.00000000 1.00000000
vn 0.00000000 0.00000000 1.00000000
vn 0.00000000 0.00000000 1.00000000
vn 0.00000000 0.00000000 1.00000000
vn 0.00000000 0.00000000 1.00000000
vn 0.00000000 0.00000000 1.00000000
vn 0.00000000 0.00000000 1.00000000
vn 0.00000000 0.00000000 1.00000000
vn 0.00000000 0.00000000 1.00000000
vn 0.00000000 0.00000000 1.00000000
vn 0.00000000 0.00000000 1.00000000
vn 0.00000000 0.00000000 1.00000000
vn 0.00000000 0.00000000 1.00000000
vn 0.00000000 0.00000000 1.00000000
vn 0.00000000 0.00000000 1.00000000
vn 0.00000000 0.00000000 1.00000000
vn 0.00000000 0.00000000 1.00000000
vn 0.00000000 0.00000000 1.00000000
vn 0.00000000 0.00000000 1.00000000
vn 0.00000000 0.00000000 1.00000000
vn 0.00000000 0.00000000 1.00000000
vn 0.00000000 0.00000000 1.00000000
vn 0.00000000 0.00000000 1.00000000
vn 0.00000000 0.00000000 1.00000000
vn 0.00000000 0.00000000 1.00000000
vn 0.00000000 0.00000000 1.00000000
vn 0.00000000 0.00000000 1.00000000
vn 0.00000000 0.00000000 1.00000000
vn 0.00000000 0.00000000 1.00000000
vn 0.00000000 0.00000000 1.00000000
vn 0.00000000 0.00000000 1.00000000
vn 0.00000000 0.00000000 1.00000000
vn 0.00000000 0.00000000 1.00000000
vn 0.00000000 0.00000000 1.00000000
vn 0.00000000 0.00000000 1.00000000
vn 0.00000000 0.00000000 1.00000000
vn 0.00000000 0.00000000 1.00000000
vn 0.00000000 0.00000000 1.00000000
vn 0.00000000 0.00000000 1.00000000
vn 0.00000000 0.00000000 1.00000000
vn 0.00000000 0.00000000 1.00000000
vn 0.00000000 0.00000000 1.00000000
vn 0.00000000 0.00000000 1.00000000
vn 0.00000000 0.00000000 1.00000000
vn 0.00000000 0.00000000 1.00000000
vn 0.00000000 0.00000000 1.00000000
vn 0.00000000 0.00000000 1.00000000
vn 0.00000000 0.00000000 1.00000000
vn 0.00000000 0.00000000 1.00000000
vn 0.00000000 0.00000000 1.00000000
vn 0.00000000 0.00000000 1.00000000
vn 0.00000000 0.00000000 1.00000000
vn 0.00000000 0.00000000 1.00000000
vn 0.00000000 0.00000000 1.00000000
vn 0.00000000 0.00000000 1.00000000
vn 0.00000000 0.00000000 1.00000000
vn 0.00000000 0.00000000 1.00000000
vn 0.00000000 0.00000000 1.00000000
vn 0.00000000 0.00000000 1.00000000
vn 0.00000000 0.00000000 1.00000000
vn 0.00000000 0.00000000 1.00000000
vn 0.00000000 0.00000000 1.00000000
vn 0.00000000 0.00000000 1.00000000
vn 0.00000000 0.00000000 1.00000000
vn 0.00000000 0.00000000 1.00000000
vn 0.00000000 0.00000000 1.00000000
vn 0.00000000 0.00000000 1.00000000
vn 0.00000000 0.00000000 1.00000000
vn 0.00000000 0.00000000 1.00000000
vn 0.00000000 0.00000000 1.00000000
vn 0.00000000 0.00000000 1.00000000
vn 0.00000000 0.00000000 1.00000000
vn 0.00000000 0.00000000 1.00000000
vn 0.00000000 0.00000000 1.00000000
vn 0.00000000 0.00000000 1.00000000
vn 0.00000000 0.00000000 1.00000000
vn 0.00000000 0.00000000 1.00000000
vn 0.00000000 0.00000000 1.00000000
vn 0.00000000 0.00000000 1.00000000
vn 0.00000000 0.00000000 1.00000000
vn 0.00000000 0.00000000 1.00000000
vn 0.00000000 0.00000000 1.00000000
vn 0.00000000 0.00000000 1.00000000
vn 0.00000000 0.00000000 1.00000000
vn 0.00000000 0.00000000 1.00000000
vn 0.00000000 0.00000000 1.00000000
vn 0.00000000 0.00000000 1.00000000
vn 0.00000000 0.00000000 1.00000000
vn 0.00000000 0.00000000 1.00000000
vn 0.00000000 0.00000000 1.00000000
vn 0.00000000 0.00000000 1.00000000
vn 0.00000000 0.00000000 1.00000000
vn 0.00000000 0.00000000 1.00000000
vn 0.00000000 0.00000000 1.00000000
vn 0.00000000 0.00000000 1.00000000
vn 0.00000000 0.00000000 1.00000000
vn 0.00000000 0.00000000 1.00000000
vn 0.00000000 0.00000000 1.00000000
vn 0.00000000 0.00000000 1.00000000
vn 0.00000000 0.00000000 1.00000000
vn 0.00000000 0.00000000 1.00000000
vn 0.00000000 0.00000000 1.00000000
vn 0.00000000 0.00000000 1.00000000
vn 0.00000000 0.00000000 1.00000000
vn 0.00000000 0.00000000 1.00000000
vn 0.00000000 0.00000000 1.00000000
vn 0.00000000 0.00000000 1.00000000
vn 0.00000000 0.00000000 1.00000000
vn 0.00000000 0.00000000 1.00000000
vn 0.00000000 0.00000000 1.00000000
vn 0.00000000 0.00000000 1.00000000
vn 0.00000000 0.00000000 1.00000000
vn 0.00000000 0.00000000 1.00000000
vn 0.00000000 0.00000000 1.00000000
vn 0.00000000 0.00000000 1.00000000
vn 0.00000000 0.00000000 1.00000000
vn 0.00000000 0.00000000 1.00000000
vn 0.00000000 0.00000000 1.00000000
vn 0.00000000 0.00000000 1.00000000
vn 0.00000000 0.00000000 1.00000000
vn 0.00000000 0.00000000 1.00000000
vn 0.00000000 0.00000000 1.00000000
vn 0.00000000 0.00000000 1.00000000
vn 0.00000000 0.00000000 1.00000000
vn 0.00000000 0.00000000 1.00000000
vn 0.00000000 0.00000000 1.00000000
vn 0.00000000 0.00000000 1.00000000
vn 0.00000000 0.00000000 1.00000000
vn 0.00000000 0.00000000 1.00000000
vn 0.00000000 0.00000000 1.00000000
vn 0.00000000 0.00000000 1.00000000
vn 0.00000000 0.00000000 1.00000000
vn 0.00000000 0.00000000 1.00000000
vn 0.00000000 0.00000000 1.00000000
vn 0.00000000 0.00000000 1.00000000
vn 0.00000000 0.00000000 1.00000000
vn 0.00000000 0.00000000 1.00000000
vn 0.00000000 0.00000000 1.00000000
vn 0.00000000 0.00000000 1.00000000
vn 0.00000000 0.00000000 1.00000000
vn 0.00000000 0.00000000 1.00000000
vn 0.00000000 0.00000000 1.00000000
vn 0.00000000 0.00000000 1.00000000
vn 0.00000000 0.00000000 1.00000000
vn 0.00000000 0.00000000 1.00000000
vn 0.00000000 0.00000000 1.00000000
vn 0.00000000 0.00000000 1.00000000
vn 0.00000000 0.00000000 1.00000000
vn 0.00000000 0.00000000 1.00000000
vn 0.00000000 0.00000000 1.00000000
vn 0.00000000 0.00000000 1.00000000
vn 0.00000000 0.00000000 1.00000000
vn 0.00000000 0.00000000 1.00000000
vn 0.00000000 0.00000000 1.00000000
vn 0.00000000 0.00000000 1.00000000
vn 0.00000000 0.00000000 1.00000000
vn 0.00000000 0.00000000 1.00000000
vn 0.00000000 0.00000000 1.00000000
vn 0.00000000 0.00000000 1.00000000
vn 0.00000000 0.00000000 1.00000000
vn 0.00000000 0.00000000 1.00000000
vn 0.00000000 0.00000000 1.00000000
vn 0.00000000 0.00000000 1.00000000
vn 0.00000000 0.00000000 1.00000000
vn 0.00000000 0.00000000 1.00000000
vn 0.00000000 0.00000000 1.00000000
vn 0.00000000 0.00000000 1.00000000
vn 0.00000000 0.00000000 1.00000000
vn 0.00000000 0.00000000 1.00000000
vn 0.00000000 0.00000000 1.00000000
vn 0.00000000 0.00000000 1.00000000
vn 0.00000000 0.00000000 1.00000000
vn 0.00000000 0.00000000 1.00000000
vn 0.00000000 0.00000000 1.00000000
vn 0.00000000 0.00000000 1.00000000
vn 0.00000000 0.00000000 1.00000000
vn 0.00000000 0.00000000 1.00000000
vn 0.00000000 0.00000000 1.00000000
vn 0.00000000 0.00000000 1.00000000
vn 0.00000000 0.00000000 1.00000000
vn 0.00000000 0.00000000 1.00000000
vn 0.00000000 0.00000000 1.00000000
vn 0.00000000 0.00000000 1.00000000
vn 0.00000000 0.00000000 1.00000000
vn 0.00000000 0.00000000 1.00000000
vn 0.00000000 0.00000000 1.00000000
vn 0.00000000 0.00000000 1.00000000
vn 0.00000000 0.00000000 1.00000000
vn 0.00000000 0.00000000 1.00000000
vn 0.00000000 0.00000000 1.00000000
vn 0.00000000 0.00000000 1.00000000
vn 0.00000000 0.00000000 1.00000000
vn 0.00000000 0.00000000 1.00000000
vn 0.00000000 0.00000000 1.00000000
vn 0.00000000 0.00000000 1.00000000
vn 0.00000000 0.00000000 1.00000000
vn 0.00000000 0.00000000 1.00000000
vn 0.00000000 0.00000000 1.00000000
vn 0.00000000 0.00000000 1.00000000
vn 0.00000000 0.00000000 1.00000000
vn 0.00000000 0.00000000 1.00000000
vn 0.00000000 0.00000000 1.00000000
vn 0.00000000 0.00000000 1.00000000
vn 0.00000000 0.00000000 1.00000000
vn 0.00000000 0.00000000 1.00000000
vn 0.00000000 0.00000000 1.00000000
vn 0.00000000 0.00000000 1.00000000
vn 0.00000000 0.00000000 1.00000000
vn 0.00000000 0.00000000 1.00000000
vn 0.00000000 0.00000000 1.00000000
vn 0.00000000 0.00000000 1.00000000
vn 0.00000000 0.00000000 1.00000000
vn 0.00000000 0.00000000 1.00000000
vn 0.00000000 0.00000000 1.00000000
vn 0.00000000 0.00000000 1.00000000
vn 0.00000000 0.00000000 1.00000000
vn 0.00000000 0.00000000 1.00000000
vn 0.00000000 0.00000000 1.00000000
vn 0.00000000 0.00000000 1.00000000
vn 0.00000000 0.00000000 1.00000000
vn 0.00000000 0.00000000 1.00000000
vn 0.00000000 0.00000000 1.00000000
vn 0.00000000 0.00000000 1.00000000
vn 0.00000000 0.00000000 1.00000000
vn 0.00000000 0.00000000 1.00000000
vn 0.00000000 0.00000000 1.00000000
vn 0.00000000 0.00000000 1.00000000
vn 0.00000000 0.00000000 1.00000000
vn 0.00000000 0.00000000 1.00000000
vn 0.00000000 0.00000000 1.00000000
vn 0.00000000 0.00000000 1.00000000
vn 0.00000000 0.00000000 1.00000000
vn 0.00000000 0.00000000 1.00000000
vn 0.00000000 0.00000000 1.00000000
vn 0.00000000 0.00000000 1.00000000
vn 0.00000000 0.00000000 1.00000000
vn 0.00000000 0.00000000 1.00000000
vn 0.00000000 0.00000000 -1.00000000
vn 0.00000000 0.00000000 -1.00000000
vn 0.00000000 0.00000000 -1.00000000
vn 0.00000000 0.00000000 -1.00000000
vn 0.00000000 0.00000000 -1.00000000
vn 0.00000000 0.00000000 -1.00000000
vn 0.00000000 0.00000000 -1.00000000
vn 0.00000000 0.00000000 -1.00000000
vn 0.00000000 0.00000000 -1.00000000
vn 0.00000000 0.00000000 -1.00000000
vn 0.00000000 0.00000000 -1.00000000
vn 0.00000000 0.00000000 -1.00000000
vn 0.00000000 0.00000000 -1.00000000
vn 0.00000000 0.00000000 -1.00000000
vn 0.00000000 0.00000000 -1.00000000
vn 0.00000000 0.00000000 -1.00000000
vn 0.00000000 0.00000000 -1.00000000
vn 0.00000000 0.00000000 -1.00000000
vn 0.00000000 0.00000000 -1.00000000
vn 0.00000000 0.00000000 -1.00000000
vn 0.00000000 0.00000000 -1.00000000
vn 0.00000000 0.00000000 -1.00000000
vn 0.00000000 0.00000000 -1.00000000
vn 0.00000000 0.00000000 -1.00000000
vn 0.00000000 0.00000000 -1.00000000
vn 0.00000000 0.00000000 -1.00000000
vn 0.00000000 0.00000000 -1.00000000
vn 0.00000000 0.00000000 -1.00000000
vn 0.00000000 0.00000000 -1.00000000
vn 0.00000000 0.00000000 -1.00000000
vn 0.00000000 0.00000000 -1.00000000
vn 0.00000000 0.00000000 -1.00000000
vn 0.00000000 0.00000000 -1.00000000
vn 0.00000000 0.00000000 -1.00000000
vn 0.00000000 0.00000000 -1.00000000
vn 0.00000000 0.00000000 -1.00000000
vn 0.00000000 0.00000000 -1.00000000
vn 0.00000000 0.00000000 -1.00000000
vn 0.00000000 0.00000000 -1.00000000
vn 0.00000000 0.00000000 -1.00000000
vn 0.00000000 0.00000000 -1.00000000
vn 0.00000000 0.00000000 -1.00000000
vn 0.00000000 0.00000000 -1.00000000
vn 0.00000000 0.00000000 -1.00000000
vn 0.00000000 0.00000000 -1.00000000
vn 0.00000000 0.00000000 -1.00000000
vn 0.00000000 0.00000000 -1.00000000
vn 0.00000000 0.00000000 -1.00000000
vn 0.00000000 0.00000000 -1.00000000
vn 0.00000000 0.00000000 -1.00000000
vn 0.00000000 0.00000000 -1.00000000
vn 0.00000000 0.00000000 -1.00000000
vn 0.00000000 0.00000000 -1.00000000
vn 0.00000000 0.00000000 -1.00000000
vn 0.00000000 0.00000000 -1.00000000
vn 0.00000000 0.00000000 -1.00000000
vn 0.00000000 0.00000000 -1.00000000
vn 0.00000000 0.00000000 -1.00000000
vn 0.00000000 0.00000000 -1.00000000
vn 0.00000000 0.00000000 -1.00000000
vn 0.00000000 0.00000000 -1.00000000
vn 0.00000000 0.00000000 -1.00000000
vn 0.00000000 0.00000000 -1.00000000
vn 0.00000000 0.00000000 -1.00000000
vn 0.00000000 0.00000000 -1.00000000
vn 0.00000000 0.00000000 -1.00000000
vn 0.00000000 0.00000000 -1.00000000
vn 0.00000000 0.00000000 -1.00000000
vn 0.00000000 0.00000000 -1.00000000
vn 0.00000000 0.00000000 -1.00000000
vn 0.00000000 0.00000000 -1.00000000
vn 0.00000000 0.00000000 -1.00000000
vn 0.00000000 0.00000000 -1.00000000
vn 0.00000000 0.00000000 -1.00000000
vn 0.00000000 0.00000000 -1.00000000
vn 0.00000000 0.00000000 -1.00000000
vn 0.00000000 0.00000000 -1.00000000
vn 0.00000000 0.00000000 -1.00000000
vn 0.00000000 0.00000000 -1.00000000
vn 0.00000000 0.00000000 -1.00000000
vn 0.00000000 0.00000000 -1.00000000
vn 0.00000000 0.00000000 -1.00000000
vn 0.00000000 0.00000000 -1.00000000
vn 0.00000000 0.00000000 -1.00000000
vn 0.00000000 0.00000000 -1.00000000
vn 0.00000000 0.00000000 -1.00000000
vn 0.00000000 0.00000000 -1.00000000
vn 0.00000000 0.00000000 -1.00000000
vn 0.00000000 0.00000000 -1.00000000
vn 0.00000000 0.00000000 -1.00000000
vn 0.00000000 0.00000000 -1.00000000
vn 0.00000000 0.00000000 -1.00000000
vn 0.00000000 0.00000000 -1.00000000
vn 0.00000000 0.00000000 -1.00000000
vn 0.00000000 0.00000000 -1.00000000
vn 0.00000000 0.00000000 -1.00000000
vn 0.00000000 0.00000000 -1.00000000
vn 0.00000000 0.00000000 -1.00000000
vn 0.00000000 0.00000000 -1.00000000
vn 0.00000000 0.00000000 -1.00000000
vn 0.00000000 0.00000000 -1.00000000
vn 0.00000000 0.00000000 -1.00000000
vn 0.00000000 0.00000000 -1.00000000
vn 0.00000000 0.00000000 -1.00000000
vn 0.00000000 0.00000000 -1.00000000
vn 0.00000000 0.00000000 -1.00000000
vn 0.00000000 0.00000000 -1.00000000
vn 0.00000000 0.00000000 -1.00000000
vn 0.00000000 0.00000000 -1.00000000
vn 0.00000000 0.00000000 -1.00000000
vn 0.00000000 0.00000000 -1.00000000
vn 0.00000000 0.00000000 -1.00000000
vn 0.00000000 0.00000000 -1.00000000
vn 0.00000000 0.00000000 -1.00000000
vn 0.00000000 0.00000000 -1.00000000
vn 0.00000000 0.00000000 -1.00000000
vn 0.00000000 0.00000000 -1.00000000
vn 0.00000000 0.00000000 -1.00000000
vn 0.00000000 0.00000000 -1.00000000
vn 0.00000000 0.00000000 -1.00000000
vn 0.00000000 0.00000000 -1.00000000
vn 0.00000000 0.00000000 -1.00000000
vn 0.00000000 0.00000000 -1.00000000
vn 0.00000000 0.00000000 -1.00000000
vn 0.00000000 0.00000000 -1.00000000
vn 0.00000000 0.00000000 -1.00000000
vn 0.00000000 0.00000000 -1.00000000
vn 0.00000000 0.00000000 -1.00000000
vn 0.00000000 0.00000000 -1.00000000
vn 0.00000000 0.00000000 -1.00000000
vn 0.00000000 0.00000000 -1.00000000
vn 0.00000000 0.00000000 -1.00000000
vn 0.00000000 0.00000000 -1.00000000
vn 0.00000000 0.00000000 -1.00000000
vn 0.00000000 0.00000000 -1.00000000
vn 0.00000000 0.00000000 -1.00000000
vn 0.00000000 0.00000000 -1.00000000
vn 0.00000000 0.00000000 -1.00000000
vn 0.00000000 0.00000000 -1.00000000
vn 0.00000000 0.00000000 -1.00000000
vn 0.00000000 0.00000000 -1.00000000
vn 0.00000000 0.00000000 -1.00000000
vn 0.00000000 0.00000000 -1.00000000
vn 0.00000000 0.00000000 -1.00000000
vn 0.00000000 0.00000000 -1.00000000
vn 0.00000000 0.00000000 -1.00000000
vn 0.00000000 0.00000000 -1.00000000
vn 0.00000000 0.00000000 -1.00000000
vn 0.00000000 0.00000000 -1.00000000
vn 0.00000000 0.00000000 -1.00000000
vn 0.00000000 0.00000000 -1.00000000
vn 0.00000000 0.00000000 -1.00000000
vn 0.00000000 0.00000000 -1.00000000
vn 0.00000000 0.00000000 -1.00000000
vn 0.00000000 0.00000000 -1.00000000
vn 0.00000000 0.00000000 -1.00000000
vn 0.00000000 0.00000000 -1.00000000
vn 0.00000000 0.00000000 -1.00000000
vn 0.00000000 0.00000000 -1.00000000
vn 0.00000000 0.00000000 -1.00000000
vn 0.00000000 0.00000000 -1.00000000
vn 0.00000000 0.00000000 -1.00000000
vn 0.00000000 0.00000000 -1.00000000
vn 0.00000000 0.00000000 -1.00000000
vn 0.00000000 0.00000000 -1.00000000
vn 0.00000000 0.00000000 -1.00000000
vn 0.00000000 0.00000000 -1.00000000
vn 0.00000000 0.00000000 -1.00000000
vn 0.00000000 0.00000000 -1.00000000
vn 0.00000000 0.00000000 -1.00000000
vn 0.00000000 0.00000000 -1.00000000
vn 0.00000000 0.00000000 -1.00000000
vn 0.00000000 0.00000000 -1.00000000
vn 0.00000000 0.00000000 -1.00000000
vn 0.00000000 0.00000000 -1.00000000
vn 0.00000000 0.00000000 -1.00000000
vn 0.00000000 0.00000000 -1.00000000
vn 0.00000000 0.00000000 -1.00000000
vn 0.00000000 0.00000000 -1.00000000
vn 0.00000000 0.00000000 -1.00000000
vn 0.00000000 0.00000000 -1.00000000
vn 0.00000000 0.00000000 -1.00000000
vn 0.00000000 0.00000000 -1.00000000
vn 0.00000000 0.00000000 -1.00000000
vn 0.00000000 0.00000000 -1.00000000
vn 0.00000000 0.00000000 -1.00000000
vn 0.00000000 0.00000000 -1.00000000
vn 0.00000000 0.00000000 -1.00000000
vn 0.00000000 0.00000000 -1.00000000
vn 0.00000000 0.00000000 -1.00000000
vn 0.00000000 0.00000000 -1.00000000
vn 0.00000000 0.00000000 -1.00000000
vn 0.00000000 0.00000000 -1.00000000
vn 0.00000000 0.00000000 -1.00000000
vn 0.00000000 0.00000000 -1.00000000
vn 0.00000000 0.00000000 -1.00000000
vn 0.00000000 0.00000000 -1.00000000
vn 0.00000000 0.00000000 -1.00000000
vn 0.00000000 0.00000000 -1.00000000
vn 0.00000000 0.00000000 -1.00000000
vn 0.00000000 0.00000000 -1.00000000
vn 0.00000000 0.00000000 -1.00000000
vn 0.00000000 0.00000000 -1.00000000
vn 0.00000000 0.00000000 -1.00000000
vn 0.00000000 0.00000000 -1.00000000
vn 0.00000000 0.00000000 -1.00000000
vn 0.00000000 0.00000000 -1.00000000
vn 0.00000000 0.00000000 -1.00000000
vn 0.00000000 0.00000000 -1.00000000
vn 0.00000000 0.00000000 -1.00000000
vn 0.00000000 0.00000000 -1.00000000
vn 0.00000000 0.00000000 -1.00000000
vn 0.00000000 0.00000000 -1.00000000
vn 0.00000000 0.00000000 -1.00000000
vn 0.00000000 0.00000000 -1.00000000
vn 0.00000000 0.00000000 -1.00000000
vn 0.00000000 0.00000000 -1.00000000
vn 0.00000000 0.00000000 -1.00000000
vn 0.00000000 0.00000000 -1.00000000
vn 0.00000000 0.00000000 -1.00000000
vn 0.00000000 0.00000000 -1.00000000
vn 0.00000000 0.00000000 -1.00000000
vn 0.00000000 0.00000000 -1.00000000
vn 0.00000000 0.00000000 -1.00000000
vn 0.00000000 0.00000000 -1.00000000
vn 0.00000000 0.00000000 -1.00000000
vn 0.00000000 0.00000000 -1.00000000
vn 0.00000000 0.00000000 -1.00000000
vn 0.00000000 0.00000000 -1.00000000
vn 0.00000000 0.00000000 -1.00000000
vn 0.00000000 0.00000000 -1.00000000
vn 0.00000000 0.00000000 -1.00000000
vn 0.00000000 0.00000000 -1.00000000
vn 0.00000000 0.00000000 -1.00000000
vn 0.00000000 0.00000000 -1.00000000
vn 0.00000000 0.00000000 -1.00000000
vn 0.00000000 0.00000000 -1.00000000
vn 0.00000000 0.00000000 -1.00000000
vn 0.00000000 0.00000000 -1.00000000
vn 0.00000000 0.00000000 -1.00000000
vn 0.00000000 0.00000000 -1.00000000
vn 0.00000000 0.00000000 -1.00000000
vn 0.00000000 0.00000000 -1.00000000
vn 0.00000000 0.00000000 -1.00000000
vn 0.00000000 0.00000000 -1.00000000
vn 0.00000000 0.00000000 -1.00000000
vn 0.00000000 0.00000000 -1.00000000
vn 0.00000000 0.00000000 -1.00000000
vn 0.00000000 0.00000000 -1.00000000
vn 0.00000000 0.00000000 -1.00000000
vn 0.00000000 0.00000000 -1.00000000
vn 0.00000000 0.00000000 -1.00000000
vn 0.00000000 0.00000000 -1.00000000
vn 0.00000000 0.00000000 -1.00000000
vn 0.00000000 0.00000000 -1.00000000
vn 0.00000000 0.00000000 -1.00000000
vn 0.00000000 0.00000000 -1.00000000
vn 0.00000000 0.00000000 -1.00000000
vn 0.00000000 0.00000000 -1.00000000
vn 0.00000000 0.00000000 -1.00000000
vn 0.00000000 0.00000000 -1.00000000
vn 0.00000000 0.00000000 -1.00000000
vn 0.00000000 0.00000000 -1.00000000
vn 0.00000000 0.00000000 -1.00000000
vn 0.00000000 0.00000000 -1.00000000
vn 0.00000000 0.00000000 -1.00000000
vn 0.00000000 0.00000000 -1.00000000
vn 0.00000000 0.00000000 -1.00000000
vn 0.00000000 0.00000000 -1.00000000
vn 0.00000000 0.00000000 -1.00000000
vn 0.00000000 0.00000000 -1.00000000
vn 0.00000000 0.00000000 -1.00000000
vn 0.00000000 0.00000000 -1.00000000
vn 0.00000000 0.00000000 -1.00000000
vn 0.00000000 0.00000000 -1.00000000
vn 0.00000000 0.00000000 -1.00000000
vn 0.00000000 0.00000000 -1.00000000
vn 0.00000000 0.00000000 -1.00000000
vn 0.00000000 0.00000000 -1.00000000
vn 0.00000000 0.00000000 -1.00000000
vn 0.00000000 0.00000000 -1.00000000
vn 0.00000000 0.00000000 -1.00000000
vn 0.00000000 0.00000000 -1.00000000
vn 0.00000000 0.00000000 -1.00000000
vn 0.00000000 0.00000000 -1.00000000
vn 0.00000000 0.00000000 -1.00000000
vn 0.00000000 0.00000000 -1.00000000
vn 0.00000000 0.00000000 -1.00000000
vn 0.00010000 -0.00010000 -0.99999999
vn 0.00010000 -0.00010000 -0.99999999
vn 0.00010000 -0.00010000 -0.99999999
vn 0.00010000 -0.00010000 -0.99999999
vn 0.00010000 -0.00010000 -0.99999999
vn 0.00010000 -0.00010000 -0.99999999
vn 0.00000000 0.00000000 -1.00000000
vn 0.00000000 0.00000000 -1.00000000
vn 0.00000000 0.00000000 -1.00000000
vn 0.00000000 0.00000000 -1.00000000
vn 0.00000000 0.00000000 -1.00000000
vn 0.00000000 0.00000000 -1.00000000
vn 0.00000000 0.00000000 -1.00000000
vn 0.00000000 0.00000000 -1.00000000
vn 0.00000000 0.00000000 -1.00000000
vn 0.00000000 0.00000000 -1.00000000
vn 0.00000000 0.00000000 -1.00000000
vn 0.00000000 0.00000000 -1.00000000
vn 0.00000000 0.00000000 -1.00000000
vn 0.00000000 0.00000000 -1.00000000
vn 0.00000000 0.00000000 -1.00000000
vn 0.00000000 0.00000000 -1.00000000
vn 0.00000000 0.00000000 -1.00000000
vn 0.00000000 0.00000000 -1.00000000
vn 0.00000000 0.00000000 -1.00000000
vn 0.00000000 0.00000000 -1.00000000
vn 0.00000000 0.00000000 -1.00000000
vn 0.00000000 0.00000000 -1.00000000
vn 0.00000000 0.00000000 -1.00000000
vn 0.00000000 0.00000000 -1.00000000
vn 0.00000000 0.00000000 -1.00000000
vn 0.00000000 0.00000000 -1.00000000
vn 0.00000000 0.00000000 -1.00000000
vn 0.00000000 0.00000000 -1.00000000
vn 0.00000000 0.00000000 -1.00000000
vn 0.00000000 0.00000000 -1.00000000
vn 0.00000000 0.00000000 -1.00000000
vn 0.00000000 0.00000000 -1.00000000
vn 0.00000000 0.00000000 -1.00000000
vn 0.00000000 0.00000000 -1.00000000
vn 0.00000000 0.00000000 -1.00000000
vn 0.00000000 0.00000000 -1.00000000
vn 0.00000000 0.00000000 -1.00000000
vn 0.00000000 0.00000000 -1.00000000
vn 0.00000000 0.00000000 -1.00000000
vn 0.00000000 0.00000000 -1.00000000
vn 0.00000000 0.00000000 -1.00000000
vn 0.00000000 0.00000000 -1.00000000
vn 0.00000000 0.00000000 -1.00000000
vn 0.00000000 0.00000000 -1.00000000
vn 0.00000000 0.00000000 -1.00000000
vn 0.00000000 0.00010000 -1.00000000
vn 0.00000000 0.00010000 -1.00000000
vn 0.00000000 0.00010000 -1.00000000
vn 0.00010000 0.00000000 -1.00000000
vn 0.00010000 0.00000000 -1.00000000
vn 0.00010000 0.00000000 -1.00000000
vn 0.00000000 0.00000000 -1.00000000
vn 0.00000000 0.00000000 -1.00000000
vn 0.00000000 0.00000000 -1.00000000
vn 0.00000000 0.00000000 -1.00000000
vn 0.00000000 0.00000000 -1.00000000
vn 0.00000000 0.00000000 -1.00000000
vn 0.00000000 0.00000000 -1.00000000
vn 0.00000000 0.00000000 -1.00000000
vn 0.00000000 0.00000000 -1.00000000
vn 0.00000000 0.00000000 -1.00000000
vn 0.00000000 0.00000000 -1.00000000
vn 0.00000000 0.00000000 -1.00000000
vn 0.00000000 0.00000000 -1.00000000
vn 0.00000000 0.00000000 -1.00000000
vn 0.00000000 0.00000000 -1.00000000
vn 0.00000000 0.00000000 -1.00000000
vn 0.00000000 0.00000000 -1.00000000
vn 0.00000000 0.00000000 -1.00000000
vn 0.00000000 0.00000000 -1.00000000
vn 0.00000000 0.00000000 -1.00000000
vn 0.00000000 0.00000000 -1.00000000
vn 0.00000000 0.00000000 -1.00000000
vn 0.00000000 0.00000000 -1.00000000
vn 0.00000000 0.00000000 -1.00000000
vn 0.00000000 0.00000000 -1.00000000
vn 0.00000000 0.00000000 -1.00000000
vn 0.00000000 0.00000000 -1.00000000
vn 0.00000000 0.00000000 -1.00000000
vn 0.00000000 0.00000000 -1.00000000
vn 0.00000000 0.00000000 -1.00000000
vn 0.00000000 0.00000000 -1.00000000
vn 0.00000000 0.00000000 -1.00000000
vn 0.00000000 0.00000000 -1.00000000
vn 0.00000000 0.00000000 -1.00000000
vn 0.00000000 0.00000000 -1.00000000
vn 0.00000000 0.00000000 -1.00000000
vn 0.00000000 0.00000000 -1.00000000
vn 0.00000000 0.00000000 -1.00000000
vn 0.00000000 0.00000000 -1.00000000
vn 1.00000000 0.00000000 0.00000000
vn 0.50001100 0.86601905 0.00000000
vn 0.48988122 0.87156659 -0.01969924
vn 0.48988122 0.87156659 -0.01969924
vn 0.99919555 -0.00050000 -0.04009982
vn 1.00000000 0.00000000 0.00000000
vn 0.50001100 0.86601905 0.00000000
vn -0.50001100 0.86601905 0.00000000
vn -0.51021997 0.85973364 0.02310090
vn -0.51021997 0.85973364 0.02310090
vn -0.50001100 0.86601905 0.00000000
vn -1.00000000 0.00000000 0.00000000
vn -0.99904020 0.00030001 0.04380176
vn -0.99904020 0.00030001 0.04380176
vn -1.00000000 0.00000000 0.00000000
vn -0.50001100 -0.86601905 0.00000000
vn -0.50991612 -0.85992718 0.02260071
vn -0.50999011 -0.85988333 0.02259956
vn 0.50001100 -0.86601905 0.00000000
vn 0.49027532 -0.87135613 -0.01919903
vn 0.50001100 -0.86601905 0.00000000
vn 1.00000000 0.00000000 0.00000000
vn 0.99919154 -0.00050000 -0.04019966
vn 0.99919154 -0.00050000 -0.04019966
vn 0.99919555 -0.00050000 -0.04009982
vn 0.48988122 0.87156659 -0.01969924
vn 0.45448706 0.88497481 -0.10129712
vn 0.45440311 0.88500605 -0.10140069
vn 0.97761312 -0.00180002 -0.21040282
vn 0.99919555 -0.00050000 -0.04009982
vn 0.48988122 0.87156659 -0.01969924
vn -0.51021997 0.85973364 0.02310090
vn -0.51900411 0.84610670 0.12140096
vn -0.51900411 0.84610670 0.12140096
vn -0.51021997 0.85973364 0.02310090
vn -0.99904020 0.00030001 0.04380176
vn -0.97295582 0.00089996 0.23098951
vn -0.97295582 0.00089996 0.23098951
vn -0.99904457 0.00030001 0.04370195
vn -0.50999011 -0.85988333 0.02259956
vn -0.51832312 -0.84663776 0.12060538
vn -0.51839625 -0.84659387 0.12059913
vn -0.50999011 -0.85988333 0.02259956
vn 0.49027532 -0.87135613 -0.01919903
vn 0.45601677 -0.88423252 -0.10090371
vn 0.45601677 -0.88423252 -0.10090371
vn 0.49027532 -0.87135613 -0.01919903
vn 0.99919555 -0.00050000 -0.04009982
vn 0.97761312 -0.00180002 -0.21040282
vn 0.97761312 -0.00180002 -0.21040282
vn 0.97759237 -0.00189999 -0.21049836
vn 0.45440311 0.88500605 -0.10140069
vn 0.40791818 0.88543946 -0.22270993
vn 0.40791818 0.88543946 -0.22270993
vn 0.88544804 -0.00350019 -0.46472521
vn 0.97761294 -0.00190003 -0.21040278
vn 0.45440311 0.88500605 -0.10140069
vn -0.51907717 0.84606278 0.12139466
vn -0.46540461 0.84480836 0.26400261
vn -0.46540461 0.84480836 0.26400261
vn -0.51900411 0.84610670 0.12140096
vn -0.97295049 0.00090005 0.23101199
vn -0.86487438 0.00179995 0.50198513
vn -0.86487438 0.00179995 0.50198513
vn -0.97295582 0.00089996 0.23098951
vn -0.51839625 -0.84659387 0.12059913
vn -0.46439913 -0.84579841 0.26259951
vn -0.46430849 -0.84581547 0.26270480
vn -0.51839625 -0.84659387 0.12059913
vn 0.45601677 -0.88423252 -0.10090371
vn 0.41091310 -0.88392817 -0.22320711
vn 0.41091310 -0.88392817 -0.22320711
vn 0.45601677 -0.88423252 -0.10090371
vn 0.97761312 -0.00180002 -0.21040282
vn 0.88544804 -0.00350019 -0.46472521
vn 0.88540688 -0.00350003 -0.46480361
vn 0.88544804 -0.00350019 -0.46472521
vn 0.40791818 0.88543946 -0.22270993
vn 0.32851153 0.88523108 -0.32931156
vn 0.32839325 0.88528179 -0.32929323
vn 0.71959073 -0.00319996 -0.69439106
vn 0.88546963 -0.00349988 -0.46468406
vn 0.40799245 0.88538362 -0.22279588
vn -0.46540461 0.84480836 0.26400261
vn -0.37438182 0.84525895 0.38128148
vn -0.37438182 0.84525895 0.38128148
vn -0.46540461 0.84480836 0.26400261
vn -0.86487438 0.00179995 0.50198513
vn -0.68882490 0.00150005 0.72492621
vn -0.68877486 0.00159994 0.72497354
vn -0.86487422 0.00189994 0.50198504
vn -0.46439913 -0.84579841 0.26259951
vn -0.37238763 -0.84627188 0.38098734
vn -0.37241914 -0.84624350 0.38101958
vn -0.46439913 -0.84579841 0.26259951
vn 0.41091310 -0.88392817 -0.22320711
vn 0.32919501 -0.88408659 -0.33169497
vn 0.32910584 -0.88411569 -0.33170589
vn 0.41091310 -0.88392817 -0.22320711
vn 0.88546963 -0.00349988 -0.46468406
vn 0.71959073 -0.00319996 -0.69439106
vn 0.71959073 -0.00319996 -0.69439106
vn 0.71959073 -0.00319996 -0.69439106
vn 0.32851153 0.88523108 -0.32931156
vn 0.22149792 0.88589166 -0.40759616
vn 0.22149792 0.88589166 -0.40759616
vn 0.48328068 -0.00089996 -0.87546500
vn 0.71959073 -0.00319996 -0.69439106
vn 0.32850071 0.88520193 -0.32940072
vn -0.37441346 0.84523039 0.38131371
vn -0.25149292 0.84597619 0.47018677
vn -0.25149292 0.84597619 0.47018677
vn -0.37438182 0.84525895 0.38128148
vn -0.68882479 0.00160006 0.72492609
vn -0.46591537 0.00040001 0.88482920
vn -0.46591535 0.00050002 0.88482916
vn -0.68882479 0.00160006 0.72492609
vn -0.37241914 -0.84624350 0.38101958
vn -0.25050401 -0.84631356 0.47010753
vn -0.25041028 -0.84633476 0.47011931
vn -0.37238763 -0.84627188 0.38098734
vn 0.32919501 -0.88408659 -0.33169497
vn 0.22099993 -0.88559973 -0.40849988
vn 0.22109505 -0.88558015 -0.40849085
vn 0.32910584 -0.88411569 -0.33170589
vn 0.71959073 -0.00319996 -0.69439106
vn 0.48328068 -0.00089996 -0.87546500
vn 0.48328068 -0.00089996 -0.87546500
vn 0.22149792 0.88589166 -0.40759616
vn 0.12609570 0.87677008 -0.46408416
vn 0.26760776 0.00000000 -0.96352794
vn 0.26760776 0.00000000 -0.96352794
vn 0.48328068 -0.00089996 -0.87546500
vn 0.22149792 0.88589166 -0.40759616
vn -0.25149292 0.84597619 0.47018677
vn -0.13609629 0.85427668 0.50168631
vn 0.12609570 0.87677008 -0.46408416
vn -0.25158659 0.84595491 0.47017494
vn -0.46591535 0.00050002 0.88482916
vn -0.25709622 0.00000000 0.96638581
vn -0.13609629 0.85427668 0.50168631
vn -0.46599364 0.00049999 0.88478793
vn -0.46591535 0.00050002 0.88482916
vn -0.25050401 -0.84631356 0.47010753
vn -0.13609629 -0.85427668 0.50168631
vn -0.13609629 -0.85427668 0.50168631
vn -0.25050401 -0.84631356 0.47010753
vn 0.22109505 -0.88558015 -0.40849085
vn 0.12600834 -0.87675800 -0.46413070
vn 0.12610675 -0.87674695 -0.46412485
vn 0.22099993 -0.88559973 -0.40849988
vn 0.48332299 -0.00090004 -0.87544165
vn 0.26760776 0.00000000 -0.96352794
vn 0.26760776 0.00000000 -0.96352794
vn 0.12069868 -0.00010000 -0.99268918
vn 0.05780016 0.87470246 -0.48120135
vn 0.00000000 0.87385996 -0.48617772
vn 0.00000000 0.87383632 -0.48622021
vn 0.00000000 -0.00010000 -1.00000000
vn 0.12069868 -0.00010000 -0.99268918
vn 0.05780016 0.87470246 -0.48120135
vn -0.06179880 0.85718338 0.51129009
vn 0.00000000 0.85827720 0.51318637
vn 0.00000000 0.85827720 0.51318637
vn -0.06180196 0.85722721 0.51121623
vn -0.11860496 0.00000000 0.99294152
vn 0.00000000 0.00010000 1.00000000
vn 0.00000000 0.00010000 1.00000000
vn -0.11860496 0.00000000 0.99294152
vn -0.06180196 -0.85722721 0.51121623
vn 0.00000000 -0.85832124 0.51311270
vn 0.00000000 -0.85832124 0.51311270
vn -0.06180196 -0.85722721 0.51121623
vn 0.05780016 -0.87470246 -0.48120135
vn 0.00000000 -0.87385996 -0.48617772
vn 0.00000000 -0.87385996 -0.48617772
vn 0.05789983 -0.87469740 -0.48119857
vn 0.12069868 -0.00010000 -0.99268918
vn 0.00000000 -0.00010000 -1.00000000
vn 0.00000000 -0.00010000 -1.00000000
vn 0.12609570 0.87677008 -0.46408416
vn 0.05780016 0.87470246 -0.48120135
vn 0.12060014 -0.00010000 -0.99270116
vn 0.12069868 -0.00010000 -0.99268918
vn 0.26760776 0.00000000 -0.96352794
vn 0.12609570 0.87677008 -0.46408416
vn -0.13609629 0.85427668 0.50168631
vn -0.06180196 0.85722721 0.51121623
vn 0.05770050 0.87470751 -0.48120413
vn -0.13599814 0.85428830 0.50169313
vn -0.25709622 0.00000000 0.96638581
vn -0.11860496 0.00000000 0.99294152
vn -0.06179880 0.85718338 0.51129009
vn -0.25709622 0.00000000 0.96638581
vn -0.06180196 -0.85722721 0.51121623
vn -0.25709622 0.00000000 0.96638581
vn -0.13609629 -0.85427668 0.50168631
vn -0.06180196 -0.85722721 0.51121623
vn 0.05780016 -0.87470246 -0.48120135
vn -0.13609629 -0.85427668 0.50168631
vn 0.12599729 -0.87678113 -0.46409001
vn 0.05780016 -0.87470246 -0.48120135
vn 0.12069868 -0.00010000 -0.99268918
vn 0.12609570 -0.87677008 -0.46408416
vn 0.26760776 0.00000000 -0.96352794
vn 0.12069868 -0.00010000 -0.99268918
vn -1.00000000 0.00000000 0.00000000
vn -0.99919555 -0.00050000 -0.04009982
vn -0.48988122 0.87156659 -0.01969924
vn -0.48988122 0.87156659 -0.01969924
vn -0.50001100 0.86601905 0.00000000
vn -1.00000000 0.00000000 0.00000000
vn 0.51021997 0.85973364 0.02310090
vn 0.51021997 0.85973364 0.02310090
vn 0.50001100 0.86601905 0.00000000
vn -0.50001100 0.86601905 0.00000000
vn 0.99904020 0.00030001 0.04380176
vn 0.99904020 0.00030001 0.04380176
vn 1.00000000 0.00000000 0.00000000
vn 0.50001100 0.86601905 0.00000000
vn 0.50999011 -0.85988333 0.02259956
vn 0.50991612 -0.85992718 0.02260071
vn 0.50001100 -0.86601905 0.00000000
vn 1.00000000 0.00000000 0.00000000
vn -0.49027626 -0.87135780 -0.01909908
vn -0.49031804 -0.87133206 -0.01920071
vn -0.50001100 -0.86601905 0.00000000
vn 0.50001100 -0.86601905 0.00000000
vn -0.99919154 -0.00050000 -0.04019966
vn -0.99919154 -0.00050000 -0.04019966
vn -1.00000000 0.00000000 0.00000000
vn -0.50001100 -0.86601905 0.00000000
vn -0.99919555 -0.00050000 -0.04009982
vn -0.97761312 -0.00180002 -0.21040282
vn -0.45440311 0.88500605 -0.10140069
vn -0.45448706 0.88497481 -0.10129712
vn -0.48988122 0.87156659 -0.01969924
vn -0.99919555 -0.00050000 -0.04009982
vn 0.51907717 0.84606278 0.12139466
vn 0.51900411 0.84610670 0.12140096
vn 0.51021997 0.85973364 0.02310090
vn -0.48988122 0.87156659 -0.01969924
vn 0.97295582 0.00089996 0.23098951
vn 0.97295582 0.00089996 0.23098951
vn 0.99904020 0.00030001 0.04380176
vn 0.51021997 0.85973364 0.02310090
vn 0.51839625 -0.84659387 0.12059913
vn 0.51832312 -0.84663776 0.12060538
vn 0.50999011 -0.85988333 0.02259956
vn 0.99904457 0.00030001 0.04370195
vn -0.45601677 -0.88423252 -0.10090371
vn -0.45601677 -0.88423252 -0.10090371
vn -0.49027532 -0.87135613 -0.01919903
vn 0.50999011 -0.85988333 0.02259956
vn -0.97761312 -0.00180002 -0.21040282
vn -0.97761312 -0.00180002 -0.21040282
vn -0.99919555 -0.00050000 -0.04009982
vn -0.49027532 -0.87135613 -0.01919903
vn -0.97761312 -0.00180002 -0.21040282
vn -0.88546963 -0.00349988 -0.46468406
vn -0.40791818 0.88543946 -0.22270993
vn -0.40800154 0.88540334 -0.22270084
vn -0.45448706 0.88497481 -0.10129712
vn -0.97759237 -0.00189999 -0.21049836
vn 0.46540461 0.84480836 0.26400261
vn 0.46540461 0.84480836 0.26400261
vn 0.51907717 0.84606278 0.12139466
vn -0.45440311 0.88500605 -0.10140069
vn 0.86487438 0.00179995 0.50198513
vn 0.86487438 0.00179995 0.50198513
vn 0.97295582 0.00089996 0.23098951
vn 0.51900411 0.84610670 0.12140096
vn 0.46438693 -0.84577620 0.26269261
vn 0.46439913 -0.84579841 0.26259951
vn 0.51839625 -0.84659387 0.12059913
vn 0.97295582 0.00089996 0.23098951
vn -0.41091310 -0.88392817 -0.22320711
vn -0.41091310 -0.88392817 -0.22320711
vn -0.45601677 -0.88423252 -0.10090371
vn 0.51832312 -0.84663776 0.12060538
vn -0.88544804 -0.00350019 -0.46472521
vn -0.88544804 -0.00350019 -0.46472521
vn -0.97761312 -0.00180002 -0.21040282
vn -0.45601677 -0.88423252 -0.10090371
vn -0.88544804 -0.00350019 -0.46472521
vn -0.71959073 -0.00319996 -0.69439106
vn -0.32839325 0.88528179 -0.32929323
vn -0.32851153 0.88523108 -0.32931156
vn -0.40791818 0.88543946 -0.22270993
vn -0.88544804 -0.00350019 -0.46472521
vn 0.37438182 0.84525895 0.38128148
vn 0.37438182 0.84525895 0.38128148
vn 0.46540461 0.84480836 0.26400261
vn -0.40790909 0.88541974 -0.22280497
vn 0.68877486 0.00159994 0.72497354
vn 0.68882479 0.00160006 0.72492609
vn 0.86487438 0.00179995 0.50198513
vn 0.46540461 0.84480836 0.26400261
vn 0.37241914 -0.84624350 0.38101958
vn 0.37238763 -0.84627188 0.38098734
vn 0.46439913 -0.84579841 0.26259951
vn 0.86487438 0.00179995 0.50198513
vn -0.32910584 -0.88411569 -0.33170589
vn -0.32919501 -0.88408659 -0.33169497
vn -0.41091310 -0.88392817 -0.22320711
vn 0.46439913 -0.84579841 0.26259951
vn -0.71959073 -0.00319996 -0.69439106
vn -0.71959073 -0.00319996 -0.69439106
vn -0.88546963 -0.00349988 -0.46468406
vn -0.41091310 -0.88392817 -0.22320711
vn -0.71959073 -0.00319996 -0.69439106
vn -0.48328068 -0.00089996 -0.87546500
vn -0.22149792 0.88589166 -0.40759616
vn -0.22149792 0.88589166 -0.40759616
vn -0.32839325 0.88528179 -0.32929323
vn -0.71959073 -0.00319996 -0.69439106
vn 0.25149292 0.84597619 0.47018677
vn 0.25149292 0.84597619 0.47018677
vn 0.37441346 0.84523039 0.38131371
vn -0.32850071 0.88520193 -0.32940072
vn 0.46591535 0.00050002 0.88482916
vn 0.46591537 0.00040001 0.88482920
vn 0.68882479 0.00160006 0.72492609
vn 0.37441346 0.84523039 0.38131371
vn 0.25050401 -0.84631356 0.47010753
vn 0.25050401 -0.84631356 0.47010753
vn 0.37241914 -0.84624350 0.38101958
vn 0.68882479 0.00160006 0.72492609
vn -0.22109505 -0.88558015 -0.40849085
vn -0.22099993 -0.88559973 -0.40849988
vn -0.32919501 -0.88408659 -0.33169497
vn 0.37238763 -0.84627188 0.38098734
vn -0.48328068 -0.00089996 -0.87546500
vn -0.48328068 -0.00089996 -0.87546500
vn -0.71959073 -0.00319996 -0.69439106
vn -0.32910584 -0.88411569 -0.33170589
vn -0.22149792 0.88589166 -0.40759616
vn -0.48328072 -0.00079997 -0.87546508
vn -0.26760776 0.00000000 -0.96352794
vn -0.26760776 0.00000000 -0.96352794
vn -0.12609570 0.87677008 -0.46408416
vn -0.22149792 0.88589166 -0.40759616
vn 0.25158659 0.84595491 0.47017494
vn -0.12609570 0.87677008 -0.46408416
vn 0.13609629 0.85427668 0.50168631
vn 0.25150475 0.84601596 0.47010887
vn 0.46599364 0.00049999 0.88478793
vn 0.13609629 0.85427668 0.50168631
vn 0.25709622 0.00000000 0.96638581
vn 0.46591535 0.00050002 0.88482916
vn 0.13609629 -0.85427668 0.50168631
vn 0.13609629 -0.85427668 0.50168631
vn 0.25049224 -0.84627377 0.47018543
vn 0.46591535 0.00050002 0.88482916
vn -0.12610675 -0.87674695 -0.46412485
vn -0.12599729 -0.87678113 -0.46409001
vn -0.22109505 -0.88558015 -0.40849085
vn 0.25050401 -0.84631356 0.47010753
vn -0.26760776 0.00000000 -0.96352794
vn -0.26760776 0.00000000 -0.96352794
vn -0.48332299 -0.00090004 -0.87544165
vn -0.22099993 -0.88559973 -0.40849988
vn -0.12069868 -0.00010000 -0.99268918
vn 0.00000000 -0.00010000 -1.00000000
vn 0.00000000 0.87385996 -0.48617772
vn 0.00000000 0.87385996 -0.48617772
vn -0.05780016 0.87470246 -0.48120135
vn -0.12069868 -0.00010000 -0.99268918
vn 0.00000000 0.85827720 0.51318637
vn 0.00000000 0.85832124 0.51311270
vn 0.06179880 0.85718338 0.51129009
vn -0.05780016 0.87470246 -0.48120135
vn 0.00000000 0.00010000 1.00000000
vn 0.00000000 0.00010000 1.00000000
vn 0.11860496 0.00000000 0.99294152
vn 0.06179880 0.85718338 0.51129009
vn 0.00000000 -0.85832124 0.51311270
vn 0.00000000 -0.85832124 0.51311270
vn 0.06180196 -0.85722721 0.51121623
vn 0.11860496 0.00000000 0.99294152
vn 0.00000000 -0.87385996 -0.48617772
vn 0.00000000 -0.87383632 -0.48622021
vn -0.05780016 -0.87470246 -0.48120135
vn 0.06180196 -0.85722721 0.51121623
vn 0.00000000 -0.00010000 -1.00000000
vn 0.00000000 -0.00010000 -1.00000000
vn -0.12069868 -0.00010000 -0.99268918
vn -0.05789983 -0.87469740 -0.48119857
vn -0.12610090 0.87670625 -0.46420331
vn -0.26760776 0.00000000 -0.96352794
vn -0.12069868 -0.00010000 -0.99268918
vn -0.12060014 -0.00010000 -0.99270116
vn -0.05780016 0.87470246 -0.48120135
vn -0.12609570 0.87677008 -0.46408416
vn 0.13599814 0.85428830 0.50169313
vn -0.05770050 0.87470751 -0.48120413
vn 0.06180196 0.85722721 0.51121623
vn 0.13609629 0.85427668 0.50168631
vn 0.25709622 -0.00010000 0.96638580
vn 0.06169918 0.85718868 0.51129325
vn 0.11860496 0.00000000 0.99294152
vn 0.25709622 0.00000000 0.96638581
vn 0.06190158 -0.85722191 0.51121306
vn 0.13609629 -0.85427668 0.50168631
vn 0.25709622 0.00000000 0.96638581
vn 0.06180196 -0.85722721 0.51121623
vn -0.05780016 -0.87470246 -0.48120135
vn -0.12599729 -0.87678113 -0.46409001
vn 0.13609629 -0.85427668 0.50168631
vn -0.05780016 -0.87470246 -0.48120135
vn -0.12069869 0.00000000 -0.99268919
vn -0.26760776 0.00000000 -0.96352794
vn -0.12610675 -0.87674695 -0.46412485
vn -0.12069868 -0.00010000 -0.99268918
vn 0.99648424 0.00369994 -0.08369868
vn 0.99650628 0.00170001 -0.08350053
vn 0.99762082 0.02150045 -0.06550137
vn 0.99762082 0.02150045 -0.06550137
vn 0.99702322 0.02510058 -0.07290170
vn 0.99648424 0.00369994 -0.08369868
vn -0.99625437 0.00359984 -0.08639604
vn -0.99623277 0.00170006 -0.08670285
vn -0.99718762 0.02339971 -0.07119912
vn -0.99718051 0.02339954 -0.07129861
vn -0.99767088 0.02219935 -0.06449812
vn -0.99625400 0.00369983 -0.08639601
vn 0.00000000 -0.99999992 -0.00040000
vn 0.00000000 -0.99999998 -0.00020000
vn 0.00000000 -0.99999992 -0.00040000
vn 0.00000000 -0.99999992 -0.00040000
vn 0.00000000 -0.99999998 -0.00020000
vn 0.00000000 -0.99999992 -0.00040000
vn 0.00000000 -0.99999992 -0.00040000
vn 0.00000000 -0.99999992 -0.00040000
vn 0.00000000 0.99999996 0.00030000
vn 0.00000000 0.99999996 0.00030000
vn 0.00000000 0.99999996 0.00030000
vn 0.00000000 0.99999996 0.00030000
vn 0.00000000 0.99999996 0.00030000
vn 0.00000000 0.99999996 0.00030000
vn 0.99702322 0.02510058 -0.07290170
vn 0.99762082 0.02150045 -0.06550137
vn 0.99901036 0.01600017 -0.04150043
vn 0.99901036 0.01600017 -0.04150043
vn 0.99881276 0.01740022 -0.04550058
vn 0.99702322 0.02510058 -0.07290170
vn -0.99766444 0.02219921 -0.06459770
vn -0.99718762 0.02339971 -0.07119912
vn -0.99882635 0.01740046 -0.04520119
vn -0.99882635 0.01740046 -0.04520119
vn -0.99903162 0.01570050 -0.04110130
vn -0.99766444 0.02219921 -0.06459770
vn 0.00000000 -0.99999998 -0.00020000
vn 0.00000000 -1.00000000 0.00000000
vn 0.00000000 -0.99999998 -0.00020000
vn 0.00000000 -0.99999998 -0.00020000
vn 0.00000000 -1.00000000 0.00000000
vn 0.00000000 -0.99999998 -0.00020000
vn 0.00000000 0.99999996 0.00030000
vn 0.00000000 1.00000000 0.00000000
vn 0.00000000 0.99999996 0.00030000
vn 0.00000000 0.99999996 0.00030000
vn 0.00000000 1.00000000 0.00000000
vn 0.00000000 0.99999996 0.00030000
vn 0.99881102 0.01750019 -0.04550050
vn 0.99901036 0.01600017 -0.04150043
vn 0.99984127 0.00500021 -0.01710071
vn 0.99984127 0.00500021 -0.01710071
vn 0.99973368 0.00630021 -0.02220075
vn 0.99881276 0.01740022 -0.04550058
vn -0.99903162 0.01570050 -0.04110130
vn -0.99882635 0.01740046 -0.04520119
vn -0.99972118 0.00650014 -0.02270048
vn -0.99972118 0.00650014 -0.02270048
vn -0.99983309 0.00490016 -0.01760058
vn -0.99903162 0.01570050 -0.04110130
vn 0.00000000 -1.00000000 0.00000000
vn 0.00000000 -0.99994695 -0.01030048
vn 0.00000000 -0.99994591 -0.01040048
vn 0.00000000 -0.99994695 -0.01030048
vn 0.00000000 1.00000000 0.00000000
vn 0.00000000 0.99999872 -0.00160000
vn 0.00000000 0.99999800 -0.00200000
vn 0.00000000 0.99999838 -0.00180000
vn 0.94187823 -0.04059906 0.33349229
vn 0.96877523 -0.04119895 0.24449375
vn 0.99973590 0.00630023 -0.02210079
vn 0.99973590 0.00630023 -0.02210079
vn 0.99984176 0.00490020 -0.01710071
vn 0.94187823 -0.04059906 0.33349229
vn -0.96849890 -0.04509995 0.24489972
vn -0.94174328 -0.04420203 0.33341532
vn -0.99983309 0.00490016 -0.01760058
vn -0.99983309 0.00490016 -0.01760058
vn -0.99972118 0.00650014 -0.02270048
vn -0.96849890 -0.04509995 0.24489972
vn 0.00000000 -0.99994591 -0.01040048
vn 0.00000000 -0.99995860 0.00909962
vn 0.00000000 -0.99995860 0.00909962
vn 0.00010000 -0.99995859 0.00909962
vn 0.00000000 0.99999838 -0.00180000
vn 0.00000000 0.99910917 -0.04220039
vn 0.00000000 0.99910917 -0.04220039
vn 0.00000000 0.99910917 -0.04220039
vn 0.68692236 -0.08170266 0.72212350
vn 0.96877523 -0.04119895 0.24449375
vn 0.94183553 -0.04060153 0.33361258
vn 0.94183553 -0.04060153 0.33361258
vn 0.64607973 -0.05229836 0.76147611
vn 0.68693357 -0.08150398 0.72213529
vn -0.68619419 -0.08449928 0.72249388
vn -0.64622330 -0.05550200 0.76112744
vn -0.94175459 -0.04419787 0.33338392
vn -0.94174328 -0.04420203 0.33341532
vn -0.96849890 -0.04509995 0.24489972
vn -0.68619998 -0.08440000 0.72249998
vn 0.00000000 -0.99925080 0.03870197
vn 0.00000000 -0.99995950 0.00899964
vn 0.00000000 -0.99995950 0.00899964
vn 0.00000000 -0.99995950 0.00899964
vn 0.00000000 -0.99924693 0.03880182
vn 0.00000000 -0.99924693 0.03880182
vn 0.00000000 0.99673819 -0.08070309
vn 0.00000000 0.99910917 -0.04220039
vn 0.00000000 0.99910917 -0.04220039
vn 0.00000000 0.99910917 -0.04220039
vn 0.00000000 0.99673819 -0.08070309
vn 0.00000000 0.99673819 -0.08070309
vn 0.67410200 0.00730002 0.73860219
vn 0.51100225 -0.01140005 0.85950378
vn 0.50442372 0.00520024 0.86344060
vn 0.50442398 0.00510024 0.86344104
vn 0.68164160 0.00780048 0.73164465
vn 0.67410200 0.00730002 0.73860219
vn -0.67443256 0.00110005 0.73833564
vn -0.68104119 0.00110007 0.73224428
vn -0.50431200 0.00130003 0.86352054
vn -0.50431200 0.00130003 0.86352054
vn -0.51090559 -0.01480016 0.85950941
vn -0.67443256 0.00110005 0.73833564
vn 0.00000000 -0.99777985 0.06659865
vn 0.00000000 -0.99861036 0.05270055
vn 0.00000000 -0.99861036 0.05270055
vn 0.00000000 -0.99861036 0.05270055
vn 0.00000000 -0.99777985 0.06659865
vn 0.00000000 -0.99777985 0.06659865
vn 0.00000000 0.99777985 -0.06659865
vn 0.00000000 0.99728791 -0.07359911
vn 0.00000000 0.99728791 -0.07359911
vn 0.00000000 0.99728056 -0.07369856
vn 0.00000000 0.99777985 -0.06659865
vn 0.00000000 0.99777985 -0.06659865
vn 0.51100225 -0.01140005 0.85950378
vn 0.68692797 -0.08160332 0.72212940
vn 0.64601809 -0.05240147 0.76152132
vn 0.64601809 -0.05240147 0.76152132
vn 0.50442372 0.00520024 0.86344060
vn 0.51100225 -0.01140005 0.85950378
vn -0.64622688 -0.05540230 0.76113166
vn -0.68619998 -0.08440000 0.72249998
vn -0.51090559 -0.01480016 0.85950941
vn -0.51090559 -0.01480016 0.85950941
vn -0.50431200 0.00130003 0.86352054
vn -0.64622688 -0.05540230 0.76113166
vn 0.00000000 -0.99924304 0.03890168
vn 0.00000000 -0.99861036 0.05270055
vn 0.00000000 0.99673819 -0.08070309
vn 0.00000000 0.99728056 -0.07369856
vn 0.94950322 0.00990003 0.31360106
vn 0.67410200 0.00730002 0.73860219
vn 0.68164160 0.00780048 0.73164465
vn 0.68159172 0.00779991 0.73169111
vn 0.95404504 0.01039940 0.29948275
vn 0.94947344 0.00989972 0.31369122
vn -0.68099132 0.00109999 0.73229066
vn -0.67438276 0.00109997 0.73838112
vn -0.94955947 0.00049998 0.31358661
vn -0.94955947 0.00049998 0.31358661
vn -0.95374574 0.00020001 0.30061442
vn -0.68104119 0.00110007 0.73224428
vn 0.00000000 -0.99777985 0.06659865
vn 0.00000000 -0.99931524 0.03700056
vn 0.00000000 -0.99931524 0.03700056
vn 0.00000000 -0.99931524 0.03700056
vn 0.00000000 -0.99777985 0.06659865
vn 0.00000000 -0.99777985 0.06659865
vn 0.00000000 0.99777985 -0.06659865
vn 0.00000000 0.99930783 -0.03720029
vn 0.00000000 0.99930783 -0.03720029
vn 0.00000000 0.99930783 -0.03720029
vn 0.99907693 0.00689984 -0.04239902
vn 0.99905679 0.00789966 -0.04269815
vn 0.99888073 0.00029999 -0.04729909
vn 0.99888073 0.00029999 -0.04729909
vn 0.99886147 -0.00079997 -0.04769816
vn 0.99907693 0.00689984 -0.04239902
vn 0.00000000 -0.99904024 0.04380176
vn 0.00000000 -0.99904024 0.04380176
vn 0.00000000 -0.99369697 0.11209966
vn 0.00000000 -0.99369697 0.11209966
vn 0.00000000 -0.99369697 0.11209966
vn 0.00000000 -0.99904024 0.04380176
vn -0.99912948 -0.00310009 -0.04160123
vn -0.99914016 -0.00220009 -0.04140166
vn -0.99884003 -0.01000040 -0.04710189
vn -0.99884003 -0.01000040 -0.04710189
vn -0.99884937 -0.01090054 -0.04670231
vn -0.99912468 -0.00330008 -0.04170103
vn 0.00000000 0.99895986 -0.04559817
vn 0.00000000 0.99895986 -0.04559817
vn 0.00000000 0.99343431 -0.11440395
vn 0.00000000 0.99343431 -0.11440395
vn 0.00000000 0.99343431 -0.11440395
vn 0.00000000 0.99895986 -0.04559817
vn 0.00000000 -0.99999992 -0.00040000
vn 0.00000000 -0.99999992 -0.00040000
vn 0.00000000 -0.99999992 -0.00040000
vn 0.00000000 -0.99999992 -0.00040000
vn 0.00000000 -0.99999992 -0.00040000
vn 0.00000000 -0.99999992 -0.00040000
vn 0.00000000 -0.99999998 -0.00020000
vn 0.00000000 -0.99999992 -0.00040000
vn 0.00000000 -0.99999998 -0.00020000
vn 0.00000000 -0.99999992 -0.00040000
vn 0.00000000 -0.99999992 -0.00040000
vn 0.00000000 -0.99999992 -0.00040000
vn 0.00000000 -0.99999992 -0.00040000
vn 0.00000000 -0.99999992 -0.00040000
vn 0.00000000 0.99999996 0.00030000
vn 0.00000000 0.99999996 0.00030000
vn 0.00000000 0.99999996 0.00030000
vn 0.00000000 0.99999996 0.00030000
vn 0.00000000 0.99999996 0.00030000
vn 0.00000000 0.99999996 0.00030000
vn 0.00000000 0.99999996 0.00030000
vn 0.00000000 0.99999996 0.00030000
vn 0.00000000 0.99999996 0.00030000
vn 0.00000000 0.99999996 0.00030000
vn 0.00000000 0.99999996 0.00030000
vn 0.00000000 0.99999996 0.00030000
vn 0.00000000 -0.99999998 -0.00020000
vn 0.00000000 -0.99999998 -0.00020000
vn 0.00000000 -0.99999998 -0.00020000
vn 0.00000000 -0.99999998 -0.00020000
vn 0.00000000 -0.99999998 -0.00020000
vn 0.00000000 -0.99999998 -0.00020000
vn 0.00000000 -1.00000000 0.00000000
vn 0.00000000 -0.99999998 -0.00020000
vn 0.00000000 -0.99999998 -0.00020000
vn 0.00000000 -1.00000000 0.00000000
vn 0.00000000 -0.99999982 -0.00060000
vn 0.00000000 -0.99999998 -0.00020000
vn 0.00000000 0.99999996 0.00030000
vn 0.00000000 1.00000000 0.00000000
vn 0.00000000 0.99999996 0.00030000
vn 0.00000000 1.00000000 0.00000000
vn 0.00000000 0.99999996 0.00030000
vn 0.00000000 1.00000000 0.00000000
vn 0.00000000 0.99999996 0.00030000
vn 0.00000000 1.00000000 0.00000000
vn 0.00000000 1.00000000 0.00000000
vn 0.00000000 0.99999996 0.00030000
vn 0.00000000 0.99999996 0.00030000
vn 0.00000000 0.99999996 0.00030000
vn 0.00000000 0.99999996 0.00030000
vn 0.00000000 0.99999996 0.00030000
vn 0.00000000 -1.00000000 0.00000000
vn 0.00000000 -0.99994591 -0.01040048
vn 0.00000000 -0.99994899 -0.01010049
vn 0.00000000 -0.99994797 -0.01020049
vn 0.00000000 -1.00000000 0.00000000
vn 0.00000000 -1.00000000 0.00000000
vn 0.00000000 -0.99994591 -0.01040048
vn 0.00000000 -0.99994591 -0.01040048
vn 0.00000000 -1.00000000 0.00000000
vn 0.00000000 -0.99994797 -0.01020049
vn 0.00000000 1.00000000 0.00000000
vn 0.00000000 0.99999838 -0.00180000
vn 0.00000000 0.99999838 -0.00180000
vn 0.00000000 0.99999838 -0.00180000
vn 0.00000000 0.99999820 -0.00190000
vn 0.00000000 0.99999856 -0.00170000
vn 0.00000000 1.00000000 0.00000000
vn 0.00000000 0.99999838 -0.00180000
vn 0.00000000 -0.99994591 -0.01040048
vn 0.00000000 -0.99995860 0.00909962
vn 0.00000000 -0.99990199 0.01400003
vn 0.00020000 -0.99990197 0.01400003
vn 0.00000000 -0.99990199 0.01400003
vn -0.00010000 -0.99995859 0.00909962
vn 0.00000000 -0.99994591 -0.01040048
vn 0.00000000 -0.99990199 0.01400003
vn 0.00000000 0.99999838 -0.00180000
vn 0.00000000 0.99910917 -0.04220039
vn 0.00000000 0.99884243 -0.04810204
vn 0.00000000 0.99884243 -0.04810204
vn 0.00000000 0.99999838 -0.00180000
vn 0.00000000 0.99999838 -0.00180000
vn 0.00000000 0.99884243 -0.04810204
vn 0.00000000 0.99910917 -0.04220039
vn 0.00000000 0.99999838 -0.00180000
vn 0.00000000 0.99884243 -0.04810204
vn 0.00000000 -0.99925080 0.03870197
vn 0.00000000 -0.99995950 0.00899964
vn 0.00000000 -0.99990199 0.01400003
vn 0.00000000 -0.99990199 0.01400003
vn 0.00000000 -0.99924693 0.03880182
vn 0.00000000 -0.99924693 0.03880182
vn 0.00000000 -0.99990059 0.01410001
vn 0.00000000 -0.99995950 0.00899964
vn 0.00000000 -0.99925080 0.03870197
vn 0.00000000 -0.99925080 0.03870197
vn 0.00000000 -0.99925080 0.03870197
vn 0.00000000 -0.99990059 0.01410001
vn 0.00000000 0.99673819 -0.08070309
vn 0.00000000 0.99910917 -0.04220039
vn 0.00000000 0.99884243 -0.04810204
vn 0.00000000 0.99884243 -0.04810204
vn 0.00000000 0.99673819 -0.08070309
vn 0.00000000 0.99673819 -0.08070309
vn 0.00000000 0.99884243 -0.04810204
vn 0.00000000 0.99910917 -0.04220039
vn 0.00000000 0.99673819 -0.08070309
vn 0.00000000 0.99673819 -0.08070309
vn 0.00000000 0.99673819 -0.08070309
vn 0.00000000 0.99884243 -0.04810204
vn 0.00000000 -0.99777985 0.06659865
vn 0.00000000 -0.99861036 0.05270055
vn 0.00000000 -0.99805763 0.06229736
vn 0.00000000 -0.99805763 0.06229736
vn 0.00000000 -0.99777985 0.06659865
vn 0.00000000 -0.99777985 0.06659865
vn 0.00000000 -0.99805763 0.06229736
vn 0.00000000 -0.99861036 0.05270055
vn 0.00000000 -0.99777985 0.06659865
vn 0.00000000 -0.99777985 0.06659865
vn 0.00000000 -0.99777985 0.06659865
vn 0.00000000 -0.99805763 0.06229736
vn 0.00000000 0.99777985 -0.06659865
vn 0.00000000 0.99728056 -0.07369856
vn 0.00000000 0.99761658 -0.06900115
vn 0.00000000 0.99761658 -0.06900115
vn 0.00000000 0.99777985 -0.06659865
vn 0.00000000 0.99777985 -0.06659865
vn 0.00000000 0.99761658 -0.06900115
vn 0.00000000 0.99728056 -0.07369856
vn 0.00000000 0.99777985 -0.06659865
vn 0.00000000 0.99777985 -0.06659865
vn 0.00000000 0.99777985 -0.06659865
vn 0.00000000 0.99761658 -0.06900115
vn 0.00000000 -0.99924304 0.03890168
vn 0.00000000 -0.99924304 0.03890168
vn 0.00000000 -0.99861036 0.05270055
vn 0.00000000 -0.99924304 0.03890168
vn 0.00000000 -0.99861036 0.05270055
vn 0.00000000 -0.99924304 0.03890168
vn 0.00000000 -0.99805763 0.06229736
vn 0.00000000 -0.99861036 0.05270055
vn 0.00000000 0.99728791 -0.07359911
vn 0.00000000 0.99673819 -0.08070309
vn 0.00000000 0.99728791 -0.07359911
vn 0.00000000 0.99673819 -0.08070309
vn 0.00000000 0.99761658 -0.06900115
vn 0.00000000 0.99728056 -0.07369856
vn 0.00000000 -0.99777985 0.06659865
vn 0.00000000 -0.99777985 0.06659865
vn 0.00000000 -0.99931524 0.03700056
vn 0.00000000 -0.99931524 0.03700056
vn 0.00000000 -0.99956775 0.02939905
vn 0.00000000 -0.99777985 0.06659865
vn 0.00000000 -0.99931524 0.03700056
vn 0.00000000 -0.99777985 0.06659865
vn 0.00000000 -0.99777985 0.06659865
vn 0.00000000 -0.99777985 0.06659865
vn 0.00000000 -0.99956775 0.02939905
vn 0.00000000 -0.99931524 0.03700056
vn 0.00000000 0.99777985 -0.06659865
vn 0.00000000 0.99777985 -0.06659865
vn 0.00000000 0.99930783 -0.03720029
vn 0.00000000 0.99930783 -0.03720029
vn 0.00000000 0.99955889 -0.02969878
vn 0.00000000 0.99777985 -0.06659865
vn 0.00000000 0.99930783 -0.03720029
vn 0.00000000 0.99777985 -0.06659865
vn 0.00000000 0.99777985 -0.06659865
vn 0.00000000 0.99777985 -0.06659865
vn 0.00000000 0.99955889 -0.02969878
vn 0.00000000 0.99930783 -0.03720029
vn 0.62799107 -0.20109714 -0.75178931
vn 0.63017399 -0.20069172 -0.75006905
vn -0.69863022 -0.18730810 -0.69052987
vn -0.69872965 -0.18730795 -0.69042930
vn -0.69871656 -0.18740444 -0.69041636
vn 0.62788329 -0.20109465 -0.75187999
vn -0.62620560 -0.21120189 -0.75050671
vn -0.63183334 -0.20991108 -0.74613937
vn 0.69689035 -0.18279747 -0.69349040
vn 0.69695451 -0.18268808 -0.69345474
vn 0.70030511 -0.18180133 -0.69030503
vn -0.62615860 -0.21118604 -0.75055038
vn 0.00000000 -0.99904024 0.04380176
vn 0.00000000 -0.99908369 0.04279930
vn 0.00000000 -0.99380912 0.11110102
vn 0.00000000 -0.99380912 0.11110102
vn 0.00000000 -0.99369697 0.11209966
vn 0.00000000 -0.99904024 0.04380176
vn 0.00010000 -0.96509535 0.26189874
vn 0.00010000 -0.96509535 0.26189874
vn 0.00010000 -0.96509535 0.26189874
vn 0.00000000 -0.96509536 0.26189874
vn 0.00000000 -0.96509536 0.26189874
vn 0.00000000 -0.96517799 0.26159404
vn 0.00000000 -0.96517799 0.26159404
vn 0.00000000 -0.96509536 0.26189874
vn 0.00000000 0.99895986 -0.04559817
vn 0.00000000 0.99900492 -0.04460022
vn 0.00000000 0.99353751 -0.11350428
vn 0.00000000 0.99353751 -0.11350428
vn 0.00000000 0.99343431 -0.11440395
vn 0.00000000 0.99895986 -0.04559817
vn -0.00010000 0.96512062 -0.26180559
vn -0.00010000 0.96512062 -0.26180559
vn -0.00010000 0.96512062 -0.26180559
vn 0.00000000 0.96509536 -0.26189874
vn 0.00000000 0.96509536 -0.26189874
vn 0.00000000 0.96509536 -0.26189874
vn 0.99966717 0.00319989 -0.02559916
vn 0.99966717 0.00319989 -0.02559916
vn 0.99966717 0.00319989 -0.02559916
vn 0.99966717 0.00319989 -0.02559916
vn 0.99966717 0.00319989 -0.02559916
vn 0.99966717 0.00319989 -0.02559916
vn -0.99971623 -0.00620010 -0.02300037
vn -0.99971623 -0.00620010 -0.02300037
vn -0.99971623 -0.00620010 -0.02300037
vn -0.99971330 -0.00630008 -0.02310031
vn -0.99971330 -0.00630008 -0.02310031
vn -0.99971330 -0.00630008 -0.02310031
vn 0.00000000 -0.96509536 0.26189874
vn 0.00000000 -0.96509536 0.26189874
vn 0.00000000 -0.96509536 0.26189874
vn 0.00000000 -0.96509536 0.26189874
vn 0.00000000 -0.96509536 0.26189874
vn 0.00000000 -0.96509536 0.26189874
vn 0.00000000 -0.99369697 0.11209966
vn 0.00000000 -0.99380912 0.11110102
vn 0.00000000 -0.99908369 0.04279930
vn 0.00000000 -0.99908369 0.04279930
vn 0.00000000 -0.99904024 0.04380176
vn 0.00000000 -0.99369697 0.11209966
vn 0.00000000 0.96509536 -0.26189874
vn 0.00000000 0.96509536 -0.26189874
vn 0.00000000 0.96509536 -0.26189874
vn 0.00000000 0.96509536 -0.26189874
vn 0.00000000 0.96509536 -0.26189874
vn 0.00000000 0.96509536 -0.26189874
vn 0.00000000 0.99343431 -0.11440395
vn 0.00000000 0.99353751 -0.11350428
vn 0.00000000 0.99900492 -0.04460022
vn 0.00000000 0.99900492 -0.04460022
vn 0.00000000 0.99895986 -0.04559817
vn 0.00000000 0.99343431 -0.11440395
vn 0.99886147 -0.00079997 -0.04769816
vn 0.99888073 0.00029999 -0.04729909
vn 0.99922346 -0.00020000 -0.03940093
vn 0.99922346 -0.00020000 -0.03940093
vn 0.99926632 -0.00019999 -0.03829871
vn 0.99886139 -0.00089997 -0.04769816
vn 0.99905252 0.00789962 -0.04279797
vn 0.99907693 0.00689984 -0.04239902
vn 0.94950227 0.01000002 0.31360075
vn 0.94950322 0.00990003 0.31360106
vn 0.95403606 0.01040039 0.29951132
vn 0.99905679 0.00789966 -0.04269815
vn 0.00000000 -0.99369697 0.11209966
vn 0.00000000 -0.99369697 0.11209966
vn 0.00000000 -0.98679100 0.16199852
vn 0.00000000 -0.98679100 0.16199852
vn 0.00000000 -0.98679100 0.16199852
vn 0.00000000 -0.99369697 0.11209966
vn 0.00000000 -0.99904461 0.04370195
vn 0.00000000 -0.99904461 0.04370195
vn 0.00000000 -0.99931524 0.03700056
vn 0.00000000 -0.99931524 0.03700056
vn 0.00000000 -0.99931524 0.03700056
vn 0.00000000 -0.99904461 0.04370195
vn -0.99884470 -0.01090049 -0.04680209
vn -0.99884003 -0.01000040 -0.04710189
vn -0.99928294 -0.00969983 -0.03659938
vn -0.99928294 -0.00969983 -0.03659938
vn -0.99923699 -0.01020038 -0.03770140
vn -0.99884470 -0.01090049 -0.04680209
vn -0.99913091 -0.00260008 -0.04160129
vn -0.99912501 -0.00320008 -0.04170104
vn -0.95374575 0.00010000 0.30061442
vn -0.95374574 0.00020001 0.30061442
vn -0.94958924 0.00049999 0.31349645
vn -0.99913579 -0.00230008 -0.04150149
vn 0.00000000 0.99343431 -0.11440395
vn 0.00000000 0.99343431 -0.11440395
vn 0.00000000 0.98657709 -0.16329621
vn 0.00000000 0.98657709 -0.16329621
vn 0.00000000 0.98657709 -0.16329621
vn 0.00000000 0.99343431 -0.11440395
vn 0.00000000 0.99895986 -0.04559817
vn 0.00000000 0.99895986 -0.04559817
vn 0.00000000 0.99930783 -0.03720029
vn 0.00000000 0.99895986 -0.04559817
vn 0.00000000 -0.99369697 0.11209966
vn 0.00000000 -0.99380912 0.11110102
vn 0.00000000 -0.97940589 0.20190121
vn 0.00000000 -0.97940589 0.20190121
vn 0.00000000 -0.98679100 0.16199852
vn 0.00000000 -0.99369697 0.11209966
vn 0.00000000 -0.99908369 0.04279930
vn 0.00000000 -0.99904461 0.04370195
vn 0.00000000 -0.99931524 0.03700056
vn 0.00000000 -0.99931524 0.03700056
vn 0.00000000 -0.99956775 0.02939905
vn 0.00000000 -0.99908369 0.04279930
vn 0.00000000 0.99343431 -0.11440395
vn 0.00000000 0.99353751 -0.11350428
vn 0.00000000 0.97923920 -0.20270812
vn 0.00000000 0.97926316 -0.20259238
vn 0.00000000 0.98657709 -0.16329621
vn 0.00000000 0.99343431 -0.11440395
vn 0.00000000 0.99900492 -0.04460022
vn 0.00000000 0.99895986 -0.04559817
vn 0.00000000 0.99930783 -0.03720029
vn 0.00000000 0.99930783 -0.03720029
vn 0.00000000 0.99955889 -0.02969878
vn 0.00000000 0.99900492 -0.04460022
vn 0.00000000 -0.99904461 0.04370195
vn 0.00000000 -0.99908369 0.04279930
vn 0.00000000 -0.99956775 0.02939905
vn 0.00000000 -0.99956775 0.02939905
vn 0.00000000 -0.99931524 0.03700056
vn 0.00000000 -0.99904461 0.04370195
vn 0.00000000 -0.99380912 0.11110102
vn 0.00000000 -0.99369697 0.11209966
vn 0.00000000 -0.98679100 0.16199852
vn 0.00000000 -0.98679100 0.16199852
vn 0.00000000 -0.97940589 0.20190121
vn 0.00000000 -0.99380912 0.11110102
vn 0.00000000 0.99895986 -0.04559817
vn 0.00000000 0.99900492 -0.04460022
vn 0.00000000 0.99955889 -0.02969878
vn 0.00000000 0.99955889 -0.02969878
vn 0.00000000 0.99930783 -0.03720029
vn 0.00000000 0.99895986 -0.04559817
vn 0.00000000 0.99353751 -0.11350428
vn 0.00000000 0.99343431 -0.11440395
vn 0.00000000 0.98657709 -0.16329621
vn 0.00000000 0.98657709 -0.16329621
vn 0.00000000 0.97923920 -0.20270812
vn 0.00000000 0.99353751 -0.11350428
vn 0.27700672 -0.25130610 -0.92742251
vn 0.27719616 -0.25159652 -0.92728716
vn -0.27690301 -0.25220274 -0.92721006
vn -0.27689602 -0.25229637 -0.92718668
vn -0.27749880 -0.25159891 -0.92719599
vn 0.27699976 -0.25139978 -0.92739920
vn -0.66208222 -0.19989463 -0.72228060
vn -0.66189557 -0.20009866 -0.72239517
vn -0.89185197 -0.12390722 -0.43502535
vn -0.89187243 -0.12389617 -0.43498655
vn -0.89200881 -0.12320122 -0.43490429
vn -0.66208222 -0.19989463 -0.72228060
vn 0.66206554 -0.19488986 -0.72366233
vn 0.66197436 -0.19479245 -0.72377196
vn 0.89190879 -0.11630115 -0.43700430
vn 0.89194776 -0.11630623 -0.43692340
vn 0.89198640 -0.11649822 -0.43679334
vn 0.66206554 -0.19488986 -0.72366233
vn 0.00000000 -0.96517799 0.26159404
vn 0.00000000 -0.96517799 0.26159404
vn 0.00000000 -0.96517799 0.26159404
vn 0.00000000 -0.96517799 0.26159404
vn 0.00000000 0.96517799 -0.26159404
vn 0.00000000 0.96517799 -0.26159404
vn 0.00000000 0.96517799 -0.26159404
vn 0.00000000 0.96517799 -0.26159404
vn 0.00000000 0.96517799 -0.26159404
vn 0.00000000 0.96517799 -0.26159404
vn 0.99973630 0.00170006 -0.02290083
vn 0.99973630 0.00170006 -0.02290083
vn 0.70030511 -0.18180133 -0.69030503
vn 0.70025676 -0.18178878 -0.69035738
vn 0.69691581 -0.18260414 -0.69351574
vn 0.99973417 0.00160005 -0.02300079
vn -0.99976324 -0.00569979 -0.02099923
vn -0.99976324 -0.00569979 -0.02099923
vn -0.69863022 -0.18730810 -0.69052987
vn -0.69861713 -0.18740459 -0.69051693
vn -0.69859093 -0.18759756 -0.69049103
vn -0.99976534 -0.00569980 -0.02089928
vn 0.00000000 -0.96509536 0.26189874
vn 0.00000000 -0.96509536 0.26189874
vn 0.00000000 -0.96509536 0.26189874
vn 0.00000000 -0.96509536 0.26189874
vn 0.00000000 -0.96509536 0.26189874
vn 0.00000000 -0.96509536 0.26189874
vn 0.00000000 0.96509536 -0.26189874
vn 0.00000000 0.96509536 -0.26189874
vn 0.00000000 0.96509536 -0.26189874
vn 0.00000000 0.96509536 -0.26189874
vn 0.00000000 0.96509536 -0.26189874
vn 0.00000000 0.96509536 -0.26189874
vn -0.99363644 -0.03890143 -0.10570388
vn -0.99365591 -0.03869828 -0.10559531
vn -0.63183334 -0.20991108 -0.74613937
vn -0.63179946 -0.20979982 -0.74619936
vn -0.62621882 -0.21110634 -0.75052255
vn -0.99363644 -0.03890143 -0.10570388
vn 0.99367681 -0.02569940 -0.10929745
vn 0.99368511 -0.02579961 -0.10919836
vn 0.63017399 -0.20069172 -0.75006905
vn 0.63022126 -0.20070677 -0.75002530
vn 0.62799107 -0.20109714 -0.75178931
vn 0.99367681 -0.02569940 -0.10929745
vn 0.99971932 0.00370007 -0.02340045
vn 0.99971895 0.00380007 -0.02340044
vn 0.99973630 0.00170006 -0.02290083
vn 0.99973630 0.00170006 -0.02290083
vn 0.99973630 0.00170006 -0.02290083
vn 0.99971698 0.00370006 -0.02350040
vn -0.99976534 -0.00569980 -0.02089928
vn -0.99976534 -0.00569980 -0.02089928
vn -0.99976534 -0.00569980 -0.02089928
vn -0.99976534 -0.00569980 -0.02089928
vn -0.99976534 -0.00569980 -0.02089928
vn -0.99976534 -0.00569980 -0.02089928
vn 0.00000000 -0.96517799 0.26159404
vn 0.00000000 -0.96517799 0.26159404
vn 0.00000000 -0.96517799 0.26159404
vn 0.00000000 -0.96517799 0.26159404
vn 0.00000000 -0.96509536 0.26189874
vn 0.00000000 -0.96509536 0.26189874
vn 0.00000000 0.96517799 -0.26159404
vn 0.00000000 0.96509536 -0.26189874
vn 0.00000000 0.96517799 -0.26159404
vn 0.00000000 0.96517799 -0.26159404
vn 0.00000000 0.96517799 -0.26159404
vn 0.00000000 0.96517799 -0.26159404
vn -0.99099600 -0.04179983 -0.12719949
vn -0.99099600 -0.04179983 -0.12719949
vn -0.99365591 -0.03869828 -0.10559531
vn -0.99365465 -0.03870213 -0.10560581
vn -0.99363644 -0.03890143 -0.10570388
vn -0.99097927 -0.04279910 -0.12699734
vn 0.99102336 -0.03240076 -0.12970306
vn 0.99102336 -0.03240076 -0.12970306
vn 0.99367425 -0.02579933 -0.10929717
vn 0.99368511 -0.02579961 -0.10919836
vn 0.99367425 -0.02579933 -0.10929717
vn 0.99103287 -0.03290109 -0.12950430
vn 0.00000000 -0.96509536 0.26189874
vn 0.00000000 -0.96512063 0.26180560
vn 0.00000000 -0.96512063 0.26180560
vn 0.00000000 -0.96509536 0.26189874
vn 0.00000000 -0.96512063 0.26180560
vn 0.00000000 -0.96509536 0.26189874
vn 0.00000000 -0.96509536 0.26189874
vn 0.00000000 -0.96509536 0.26189874
vn 0.00000000 0.96509536 -0.26189874
vn 0.00000000 0.96509536 -0.26189874
vn 0.00000000 0.96509536 -0.26189874
vn 0.00000000 0.96509536 -0.26189874
vn 0.00000000 0.96509536 -0.26189874
vn 0.00000000 0.96509536 -0.26189874
vn 0.99966717 0.00319989 -0.02559916
vn 0.99966717 0.00319989 -0.02559916
vn 0.99971698 0.00370006 -0.02350040
vn 0.99971463 0.00370005 -0.02360035
vn 0.99971698 0.00370006 -0.02350040
vn 0.99966717 0.00319989 -0.02559916
vn 0.99966717 0.00319989 -0.02559916
vn 0.99966717 0.00319989 -0.02559916
vn 0.99926632 -0.00019999 -0.03829871
vn 0.99926632 -0.00019999 -0.03829871
vn 0.99922346 -0.00020000 -0.03940093
vn 0.99966717 0.00319989 -0.02559916
vn -0.99971330 -0.00630008 -0.02310031
vn -0.99971330 -0.00630008 -0.02310031
vn -0.99976324 -0.00569979 -0.02099923
vn -0.99976534 -0.00569980 -0.02089928
vn -0.99976534 -0.00569980 -0.02089928
vn -0.99971561 -0.00630010 -0.02300036
vn -0.99971330 -0.00630008 -0.02310031
vn -0.99971330 -0.00630008 -0.02310031
vn -0.99923699 -0.01020038 -0.03770140
vn -0.99923699 -0.01020038 -0.03770140
vn -0.99928294 -0.00969983 -0.03659938
vn -0.99971330 -0.00630008 -0.02310031
vn 0.00000000 -0.96509536 0.26189874
vn 0.00000000 -0.96509536 0.26189874
vn 0.00000000 -0.96509536 0.26189874
vn 0.00000000 -0.96509536 0.26189874
vn 0.00000000 -0.96509536 0.26189874
vn 0.00000000 -0.96509536 0.26189874
vn 0.00000000 -0.98679100 0.16199852
vn 0.00000000 -0.98679100 0.16199852
vn 0.00000000 -0.97940589 0.20190121
vn 0.00000000 -0.96509536 0.26189874
vn 0.00000000 0.96509536 -0.26189874
vn 0.00000000 0.96509536 -0.26189874
vn 0.00000000 0.96520324 -0.26150088
vn 0.00000000 0.96509536 -0.26189874
vn 0.00000000 0.98657709 -0.16329621
vn 0.00000000 0.98657709 -0.16329621
vn 0.00000000 0.97924331 -0.20268827
vn 0.00000000 0.96509536 -0.26189874
vn -0.89197604 -0.12419666 -0.43468832
vn -0.89182430 -0.12450339 -0.43491185
vn -0.99100013 -0.04170001 -0.12720002
vn -0.99100013 -0.04170001 -0.12720002
vn -0.99100426 -0.04160018 -0.12720055
vn -0.89201481 -0.12420206 -0.43460721
vn -0.66190567 -0.19930171 -0.72260619
vn -0.66207074 -0.19889121 -0.72256807
vn -0.27751303 -0.25251185 -0.92694352
vn -0.27748731 -0.25248845 -0.92695759
vn -0.27691240 -0.25281132 -0.92704151
vn -0.66190567 -0.19930171 -0.72260619
vn 0.89198893 -0.11609856 -0.43689458
vn 0.89192951 -0.11610384 -0.43701446
vn 0.99102336 -0.03240076 -0.12970306
vn 0.99102336 -0.03240076 -0.12970306
vn 0.99102015 -0.03250066 -0.12970264
vn 0.89198893 -0.11609856 -0.43689458
vn 0.66198355 -0.19509515 -0.72368202
vn 0.66207471 -0.19519254 -0.72357236
vn 0.27719833 -0.25119849 -0.92739442
vn 0.27719833 -0.25119849 -0.92739442
vn 0.27698799 -0.25118911 -0.92745980
vn 0.66198355 -0.19509515 -0.72368202
vn 0.00000000 -0.96509536 0.26189874
vn 0.00000000 -0.96509536 0.26189874
vn 0.00000000 -0.97940589 0.20190121
vn 0.00000000 -0.97942566 0.20180529
vn 0.00000000 -0.98679100 0.16199852
vn 0.00000000 -0.96512063 0.26180560
vn 0.00000000 -0.96509536 0.26189874
vn 0.00000000 -0.96509536 0.26189874
vn 0.00000000 -0.96509536 0.26189874
vn 0.00000000 -0.96509536 0.26189874
vn 0.00000000 0.96509536 -0.26189874
vn 0.00000000 0.96509536 -0.26189874
vn 0.00000000 0.97923920 -0.20270812
vn 0.00000000 0.97924331 -0.20268827
vn 0.00000000 0.98657709 -0.16329621
vn 0.00000000 0.96509536 -0.26189874
vn 0.00000000 0.96512063 -0.26180560
vn 0.00000000 0.96512063 -0.26180560
vn 0.00000000 0.96512063 -0.26180560
vn 0.00000000 0.96520324 -0.26150088
vn 0.00000000 0.96509536 -0.26189874
vn 0.00000000 0.96509536 -0.26189874
vt 0.75014500 0.00730000
vt 0.73663800 0.00730000
vt 0.73663800 0.69968000
vt 0.73663800 0.69968000
vt 0.75014600 0.69968000
vt 0.75014500 0.00730000
vt 0.73663800 0.00730000
vt 0.72364900 0.00730000
vt 0.72364900 0.69968000
vt 0.72364900 0.69968000
vt 0.73663800 0.69968000
vt 0.73663800 0.00730000
vt 0.72364900 0.00730000
vt 0.71167900 0.00730000
vt 0.71167900 0.69968000
vt 0.71167900 0.69968000
vt 0.72364900 0.69968000
vt 0.72364900 0.00730000
vt 0.71167900 0.00730000
vt 0.70118700 0.00730000
vt 0.70118700 0.69968000
vt 0.70118700 0.69968000
vt 0.71167900 0.69968000
vt 0.71167900 0.00730000
vt 0.70118700 0.00730000
vt 0.69069500 0.00730000
vt 0.69069500 0.69968000
vt 0.69069500 0.69968000
vt 0.70118700 0.69968000
vt 0.70118700 0.00730000
vt 0.69069500 0.00730000
vt 0.67872400 0.00730000
vt 0.67872400 0.69968000
vt 0.67872400 0.69968000
vt 0.69069500 0.69968000
vt 0.69069500 0.00730000
vt 0.67872400 0.00730000
vt 0.66573600 0.00730000
vt 0.66573600 0.69968000
vt 0.66573600 0.69968000
vt 0.67872400 0.69968000
vt 0.67872400 0.00730000
vt 0.66573600 0.00730000
vt 0.65222800 0.00730000
vt 0.65222800 0.69968000
vt 0.65222800 0.69968000
vt 0.66573600 0.69968000
vt 0.66573600 0.00730000
vt 0.65222800 0.00730000
vt 0.63872100 0.00730000
vt 0.63872100 0.69968000
vt 0.63872100 0.69968000
vt 0.65222800 0.69968000
vt 0.65222800 0.00730000
vt 0.63872100 0.00730000
vt 0.62573200 0.00730000
vt 0.62573200 0.69968000
vt 0.62573200 0.69968000
vt 0.63872100 0.69968000
vt 0.63872100 0.00730000
vt 0.62573200 0.00730000
vt 0.61376100 0.00730000
vt 0.61376200 0.69968000
vt 0.61376200 0.69968000
vt 0.62573200 0.69968000
vt 0.62573200 0.00730000
vt 0.61376100 0.00730000
vt 0.60326900 0.00730000
vt 0.60327000 0.69968000
vt 0.60327000 0.69968000
vt 0.61376200 0.69968000
vt 0.61376100 0.00730000
vt 0.99493900 0.00730000
vt 0.98444700 0.00730000
vt 0.98444700 0.69968000
vt 0.98444700 0.69968000
vt 0.99493900 0.69968000
vt 0.99493900 0.00730000
vt 0.98444700 0.00730000
vt 0.97247700 0.00730000
vt 0.97247700 0.69968000
vt 0.97247700 0.69968000
vt 0.98444700 0.69968000
vt 0.98444700 0.00730000
vt 0.97247700 0.00730000
vt 0.95948800 0.00730000
vt 0.95948800 0.69968000
vt 0.95948800 0.69968000
vt 0.97247700 0.69968000
vt 0.97247700 0.00730000
vt 0.95948800 0.00730000
vt 0.94598000 0.00730000
vt 0.94598000 0.69968000
vt 0.94598000 0.69968000
vt 0.95948800 0.69968000
vt 0.95948800 0.00730000
vt 0.94598000 0.00730000
vt 0.93247300 0.00730000
vt 0.93247300 0.69968000
vt 0.93247300 0.69968000
vt 0.94598000 0.69968000
vt 0.94598000 0.00730000
vt 0.93247300 0.00730000
vt 0.91948400 0.00730000
vt 0.91948400 0.69968000
vt 0.91948400 0.69968000
vt 0.93247300 0.69968000
vt 0.93247300 0.00730000
vt 0.91948400 0.00730000
vt 0.90751400 0.00730000
vt 0.90751400 0.69968000
vt 0.90751400 0.69968000
vt 0.91948400 0.69968000
vt 0.91948400 0.00730000
vt 0.90751400 0.00730000
vt 0.89702200 0.00730000
vt 0.89702200 0.69968000
vt 0.89702200 0.69968000
vt 0.90751400 0.69968000
vt 0.90751400 0.00730000
vt 0.89702200 0.00730000
vt 0.88652900 0.00730000
vt 0.88653000 0.69968000
vt 0.88653000 0.69968000
vt 0.89702200 0.69968000
vt 0.89702200 0.00730000
vt 0.88652900 0.00730000
vt 0.87455900 0.00730000
vt 0.87455900 0.69968000
vt 0.87455900 0.69968000
vt 0.88653000 0.69968000
vt 0.88652900 0.00730000
vt 0.87455900 0.00730000
vt 0.86157100 0.00730000
vt 0.86157100 0.69968000
vt 0.86157100 0.69968000
vt 0.87455900 0.69968000
vt 0.87455900 0.00730000
vt 0.86157100 0.00730000
vt 0.84806300 0.00730000
vt 0.84806300 0.69968000
vt 0.84806300 0.69968000
vt 0.86157100 0.69968000
vt 0.86157100 0.00730000
vt 0.84806300 0.00730000
vt 0.83455500 0.00730000
vt 0.83455500 0.69968000
vt 0.83455500 0.69968000
vt 0.84806300 0.69968000
vt 0.84806300 0.00730000
vt 0.83455500 0.00730000
vt 0.82156700 0.00730000
vt 0.82156700 0.69968000
vt 0.82156700 0.69968000
vt 0.83455500 0.69968000
vt 0.83455500 0.00730000
vt 0.82156700 0.00730000
vt 0.80959600 0.00730000
vt 0.80959600 0.69968000
vt 0.80959600 0.69968000
vt 0.82156700 0.69968000
vt 0.82156700 0.00730000
vt 0.80959600 0.00730000
vt 0.79910400 0.00730000
vt 0.79910400 0.69968000
vt 0.79910400 0.69968000
vt 0.80959600 0.69968000
vt 0.80959600 0.00730000
vt 0.79910400 0.00730000
vt 0.78861200 0.00730000
vt 0.78861200 0.69968000
vt 0.78861200 0.69968000
vt 0.79910400 0.69968000
vt 0.79910400 0.00730000
vt 0.78861200 0.00730000
vt 0.77664200 0.00730000
vt 0.77664200 0.69968000
vt 0.77664200 0.69968000
vt 0.78861200 0.69968000
vt 0.78861200 0.00730000
vt 0.77664200 0.00730000
vt 0.76365300 0.00730000
vt 0.76365300 0.69968000
vt 0.76365300 0.69968000
vt 0.77664200 0.69968000
vt 0.77664200 0.00730000
vt 0.76365300 0.00730000
vt 0.75014500 0.00730000
vt 0.75014600 0.69968000
vt 0.75014600 0.69968000
vt 0.76365300 0.69968000
vt 0.76365300 0.00730000
vt 0.68186400 0.72425600
vt 0.67556000 0.71792700
vt 0.67105600 0.72339300
vt 0.67105600 0.72339300
vt 0.67809300 0.73116500
vt 0.68186400 0.72425600
vt 0.68681200 0.73169300
vt 0.68186400 0.72425600
vt 0.67809300 0.73116500
vt 0.67809300 0.73116500
vt 0.68429100 0.73995600
vt 0.68681200 0.73169300
vt 0.69021400 0.73995300
vt 0.68681200 0.73169300
vt 0.68429100 0.73995600
vt 0.68429100 0.73995600
vt 0.68970800 0.74969400
vt 0.69021400 0.73995300
vt 0.69194000 0.74871800
vt 0.69021400 0.73995300
vt 0.68970800 0.74969400
vt 0.68970800 0.74969400
vt 0.69192200 0.75765100
vt 0.69194000 0.74871800
vt 0.69016200 0.76640900
vt 0.69192200 0.75765100
vt 0.68970800 0.74969400
vt 0.68970800 0.74969400
vt 0.68643100 0.75911000
vt 0.69016200 0.76640900
vt 0.68672700 0.77465500
vt 0.69016200 0.76640900
vt 0.68643100 0.75911000
vt 0.68643100 0.75911000
vt 0.68162200 0.76829500
vt 0.68672700 0.77465500
vt 0.68174900 0.78207300
vt 0.68672700 0.77465500
vt 0.68162200 0.76829500
vt 0.68162200 0.76829500
vt 0.67546700 0.77689600
vt 0.68174900 0.78207300
vt 0.67542000 0.78837700
vt 0.68174900 0.78207300
vt 0.67546700 0.77689600
vt 0.67546700 0.77689600
vt 0.66820200 0.78458200
vt 0.67542000 0.78837700
vt 0.66798300 0.79332500
vt 0.67542000 0.78837700
vt 0.66820200 0.78458200
vt 0.66820200 0.78458200
vt 0.66010500 0.79105800
vt 0.66798300 0.79332500
vt 0.65972300 0.79672700
vt 0.66798300 0.79332500
vt 0.66010500 0.79105800
vt 0.66010500 0.79105800
vt 0.65148900 0.79607500
vt 0.65972300 0.79672700
vt 0.65095800 0.79845300
vt 0.65972300 0.79672700
vt 0.65148900 0.79607500
vt 0.65148900 0.79607500
vt 0.64202500 0.79843500
vt 0.65095800 0.79845300
vt 0.63326700 0.79667400
vt 0.64202500 0.79843500
vt 0.65148900 0.79607500
vt 0.65148900 0.79607500
vt 0.64089500 0.79262000
vt 0.63326700 0.79667400
vt 0.62502100 0.79324000
vt 0.63326700 0.79667400
vt 0.64089500 0.79262000
vt 0.64089500 0.79262000
vt 0.63108100 0.78821700
vt 0.62502100 0.79324000
vt 0.61760300 0.78826200
vt 0.62502100 0.79324000
vt 0.63108100 0.78821700
vt 0.63108100 0.78821700
vt 0.62210700 0.78279600
vt 0.61760300 0.78826200
vt 0.61129900 0.78193300
vt 0.61760300 0.78826200
vt 0.62210700 0.78279600
vt 0.62210700 0.78279600
vt 0.61507000 0.77502400
vt 0.61129900 0.78193300
vt 0.60635100 0.77449500
vt 0.61129900 0.78193300
vt 0.61507000 0.77502400
vt 0.61507000 0.77502400
vt 0.60887200 0.76623200
vt 0.60635100 0.77449500
vt 0.60294900 0.76623600
vt 0.60635100 0.77449500
vt 0.60887200 0.76623200
vt 0.60345500 0.75649400
vt 0.60122300 0.75747100
vt 0.60294900 0.76623600
vt 0.60345500 0.75649400
vt 0.60345500 0.75649400
vt 0.60124100 0.74853800
vt 0.60122300 0.75747100
vt 0.60300100 0.73978000
vt 0.60124100 0.74853800
vt 0.60345500 0.75649400
vt 0.60345500 0.75649400
vt 0.60673200 0.74707800
vt 0.60300100 0.73978000
vt 0.60643600 0.73153300
vt 0.60300100 0.73978000
vt 0.60673200 0.74707800
vt 0.60673200 0.74707800
vt 0.61154100 0.73789300
vt 0.60643600 0.73153300
vt 0.61141400 0.72411600
vt 0.60643600 0.73153300
vt 0.61154100 0.73789300
vt 0.61154100 0.73789300
vt 0.61769600 0.72929300
vt 0.61141400 0.72411600
vt 0.61774300 0.71781200
vt 0.61141400 0.72411600
vt 0.61769600 0.72929300
vt 0.61769600 0.72929300
vt 0.62496200 0.72160600
vt 0.61774300 0.71781200
vt 0.62518100 0.71286400
vt 0.61774300 0.71781200
vt 0.62496200 0.72160600
vt 0.62496200 0.72160600
vt 0.63305800 0.71513000
vt 0.62518100 0.71286400
vt 0.63344000 0.70946100
vt 0.62518100 0.71286400
vt 0.63305800 0.71513000
vt 0.63305800 0.71513000
vt 0.64167400 0.71011300
vt 0.63344000 0.70946100
vt 0.64220500 0.70773600
vt 0.63344000 0.70946100
vt 0.64167400 0.71011300
vt 0.64167400 0.71011300
vt 0.65113800 0.70775400
vt 0.64220500 0.70773600
vt 0.65989600 0.70951400
vt 0.65113800 0.70775400
vt 0.64167400 0.71011300
vt 0.64167400 0.71011300
vt 0.65226800 0.71356900
vt 0.65989600 0.70951400
vt 0.66814200 0.71294900
vt 0.65989600 0.70951400
vt 0.65226800 0.71356900
vt 0.65226800 0.71356900
vt 0.66208200 0.71797100
vt 0.66814200 0.71294900
vt 0.67556000 0.71792700
vt 0.66814200 0.71294900
vt 0.66208200 0.71797100
vt 0.67105600 0.72339300
vt 0.64658200 0.75309400
vt 0.65517600 0.74266500
vt 0.64539200 0.73529600
vt 0.64539200 0.73529600
vt 0.63695300 0.74516000
vt 0.64658200 0.75309400
vt 0.62888400 0.75533000
vt 0.63798700 0.76352400
vt 0.64658200 0.75309400
vt 0.64658200 0.75309400
vt 0.63695300 0.74516000
vt 0.62888400 0.75533000
vt 0.62149500 0.76541400
vt 0.62972300 0.77355300
vt 0.63798700 0.76352400
vt 0.63798700 0.76352400
vt 0.62888400 0.75533000
vt 0.62149500 0.76541400
vt 0.65517600 0.74266500
vt 0.66344000 0.73263600
vt 0.65387700 0.72611500
vt 0.65387700 0.72611500
vt 0.64539200 0.73529600
vt 0.65517600 0.74266500
vt 0.66344000 0.73263600
vt 0.67105600 0.72339300
vt 0.66208200 0.71797100
vt 0.66208200 0.71797100
vt 0.65387700 0.72611500
vt 0.66344000 0.73263600
vt 0.61507000 0.77502400
vt 0.62210700 0.78279600
vt 0.62972300 0.77355300
vt 0.62972300 0.77355300
vt 0.62149500 0.76541400
vt 0.61507000 0.77502400
vt 0.66583800 0.76896200
vt 0.67546700 0.77689600
vt 0.68162200 0.76829500
vt 0.68162200 0.76829500
vt 0.67308800 0.75941100
vt 0.66583800 0.76896200
vt 0.65621000 0.76102800
vt 0.66583800 0.76896200
vt 0.67308800 0.75941100
vt 0.67308800 0.75941100
vt 0.66427900 0.75085900
vt 0.65621000 0.76102800
vt 0.64658200 0.75309400
vt 0.65621000 0.76102800
vt 0.66427900 0.75085900
vt 0.66427900 0.75085900
vt 0.65517600 0.74266500
vt 0.64658200 0.75309400
vt 0.62496200 0.72160600
vt 0.61769600 0.72929300
vt 0.62732500 0.73722600
vt 0.62732500 0.73722600
vt 0.63531400 0.72828500
vt 0.62496200 0.72160600
vt 0.63531400 0.72828500
vt 0.62732500 0.73722600
vt 0.63695300 0.74516000
vt 0.63695300 0.74516000
vt 0.64539200 0.73529600
vt 0.63531400 0.72828500
vt 0.66820200 0.78458200
vt 0.67546700 0.77689600
vt 0.66583800 0.76896200
vt 0.66583800 0.76896200
vt 0.65784900 0.77790400
vt 0.66820200 0.78458200
vt 0.65784900 0.77790400
vt 0.66583800 0.76896200
vt 0.65621000 0.76102800
vt 0.65621000 0.76102800
vt 0.64777100 0.77089300
vt 0.65784900 0.77790400
vt 0.64777100 0.77089300
vt 0.65621000 0.76102800
vt 0.64658200 0.75309400
vt 0.64658200 0.75309400
vt 0.63798700 0.76352400
vt 0.64777100 0.77089300
vt 0.62732500 0.73722600
vt 0.61769600 0.72929300
vt 0.61154100 0.73789300
vt 0.61154100 0.73789300
vt 0.62007600 0.74677800
vt 0.62732500 0.73722600
vt 0.63695300 0.74516000
vt 0.62732500 0.73722600
vt 0.62007600 0.74677800
vt 0.62007600 0.74677800
vt 0.62888400 0.75533000
vt 0.63695300 0.74516000
vt 0.66010500 0.79105800
vt 0.66820200 0.78458200
vt 0.65784900 0.77790400
vt 0.65784900 0.77790400
vt 0.64942700 0.78589200
vt 0.66010500 0.79105800
vt 0.64942700 0.78589200
vt 0.65784900 0.77790400
vt 0.64777100 0.77089300
vt 0.64777100 0.77089300
vt 0.63928600 0.78007400
vt 0.64942700 0.78589200
vt 0.63928600 0.78007400
vt 0.64777100 0.77089300
vt 0.63798700 0.76352400
vt 0.63798700 0.76352400
vt 0.62972300 0.77355300
vt 0.63928600 0.78007400
vt 0.62007600 0.74677800
vt 0.61154100 0.73789300
vt 0.60673200 0.74707800
vt 0.60673200 0.74707800
vt 0.61384500 0.75657200
vt 0.62007600 0.74677800
vt 0.62888400 0.75533000
vt 0.62007600 0.74677800
vt 0.61384500 0.75657200
vt 0.61384500 0.75657200
vt 0.62149500 0.76541400
vt 0.62888400 0.75533000
vt 0.67308800 0.75941100
vt 0.68162200 0.76829500
vt 0.68643100 0.75911000
vt 0.68643100 0.75911000
vt 0.67931800 0.74961700
vt 0.67308800 0.75941100
vt 0.66427900 0.75085900
vt 0.67308800 0.75941100
vt 0.67931800 0.74961700
vt 0.67931800 0.74961700
vt 0.67166800 0.74077500
vt 0.66427900 0.75085900
vt 0.65517600 0.74266500
vt 0.66427900 0.75085900
vt 0.67166800 0.74077500
vt 0.67166800 0.74077500
vt 0.66344000 0.73263600
vt 0.65517600 0.74266500
vt 0.63305800 0.71513000
vt 0.62496200 0.72160600
vt 0.63531400 0.72828500
vt 0.63531400 0.72828500
vt 0.64373600 0.72029700
vt 0.63305800 0.71513000
vt 0.64373600 0.72029700
vt 0.63531400 0.72828500
vt 0.64539200 0.73529600
vt 0.64539200 0.73529600
vt 0.65387700 0.72611500
vt 0.64373600 0.72029700
vt 0.67931800 0.74961700
vt 0.68643100 0.75911000
vt 0.68970800 0.74969400
vt 0.68970800 0.74969400
vt 0.68429100 0.73995600
vt 0.67931800 0.74961700
vt 0.67166800 0.74077500
vt 0.67931800 0.74961700
vt 0.68429100 0.73995600
vt 0.68429100 0.73995600
vt 0.67809300 0.73116500
vt 0.67166800 0.74077500
vt 0.66344000 0.73263600
vt 0.67166800 0.74077500
vt 0.67809300 0.73116500
vt 0.67809300 0.73116500
vt 0.67105600 0.72339300
vt 0.66344000 0.73263600
vt 0.64167400 0.71011300
vt 0.63305800 0.71513000
vt 0.64373600 0.72029700
vt 0.64373600 0.72029700
vt 0.65226800 0.71356900
vt 0.64167400 0.71011300
vt 0.65226800 0.71356900
vt 0.64373600 0.72029700
vt 0.65387700 0.72611500
vt 0.65387700 0.72611500
vt 0.66208200 0.71797100
vt 0.65226800 0.71356900
vt 0.65148900 0.79607500
vt 0.66010500 0.79105800
vt 0.64942700 0.78589200
vt 0.64942700 0.78589200
vt 0.64089500 0.79262000
vt 0.65148900 0.79607500
vt 0.64089500 0.79262000
vt 0.64942700 0.78589200
vt 0.63928600 0.78007400
vt 0.63928600 0.78007400
vt 0.63108100 0.78821700
vt 0.64089500 0.79262000
vt 0.63108100 0.78821700
vt 0.63928600 0.78007400
vt 0.62972300 0.77355300
vt 0.62972300 0.77355300
vt 0.62210700 0.78279600
vt 0.63108100 0.78821700
vt 0.61384500 0.75657200
vt 0.60673200 0.74707800
vt 0.60345500 0.75649400
vt 0.60887200 0.76623200
vt 0.62149500 0.76541400
vt 0.61384500 0.75657200
vt 0.60887200 0.76623200
vt 0.60887200 0.76623200
vt 0.61507000 0.77502400
vt 0.62149500 0.76541400
vt 0.74095300 0.77071700
vt 0.74892200 0.76161500
vt 0.73858100 0.75309400
vt 0.73858100 0.75309400
vt 0.73074100 0.76260900
vt 0.74095300 0.77071700
vt 0.73858100 0.75309400
vt 0.72824000 0.74457300
vt 0.72083000 0.75413500
vt 0.72083000 0.75413500
vt 0.73074100 0.76260900
vt 0.73858100 0.75309400
vt 0.72824000 0.74457300
vt 0.71829600 0.73638000
vt 0.71160100 0.74562100
vt 0.71160100 0.74562100
vt 0.72083000 0.75413500
vt 0.72824000 0.74457300
vt 0.75107400 0.77814800
vt 0.75886500 0.76980900
vt 0.74892200 0.76161500
vt 0.74892200 0.76161500
vt 0.74095300 0.77071700
vt 0.75107400 0.77814800
vt 0.71829600 0.73638000
vt 0.70913200 0.72882800
vt 0.70340900 0.73739400
vt 0.70340900 0.73739400
vt 0.71160100 0.74562100
vt 0.71829600 0.73638000
vt 0.76071600 0.78461600
vt 0.76802900 0.77736000
vt 0.75886500 0.76980900
vt 0.75886500 0.76980900
vt 0.75107400 0.77814800
vt 0.76071600 0.78461600
vt 0.77386300 0.72425600
vt 0.76755900 0.71792700
vt 0.76210100 0.72455100
vt 0.76210100 0.72455100
vt 0.76983600 0.73184600
vt 0.77386300 0.72425600
vt 0.76983600 0.73184600
vt 0.76210100 0.72455100
vt 0.75426100 0.73406600
vt 0.75426100 0.73406600
vt 0.76326100 0.74209600
vt 0.76983600 0.73184600
vt 0.76326100 0.74209600
vt 0.75426100 0.73406600
vt 0.74642100 0.74358000
vt 0.74642100 0.74358000
vt 0.75633200 0.75205400
vt 0.76326100 0.74209600
vt 0.75633200 0.75205400
vt 0.74642100 0.74358000
vt 0.73858100 0.75309400
vt 0.73858100 0.75309400
vt 0.74892200 0.76161500
vt 0.75633200 0.75205400
vt 0.71506100 0.78163800
vt 0.70960200 0.78826200
vt 0.71702000 0.79324000
vt 0.71702000 0.79324000
vt 0.72370100 0.78783600
vt 0.71506100 0.78163800
vt 0.72290100 0.77212300
vt 0.71506100 0.78163800
vt 0.72370100 0.78783600
vt 0.72370100 0.78783600
vt 0.73250400 0.77942200
vt 0.72290100 0.77212300
vt 0.73074100 0.76260900
vt 0.72290100 0.77212300
vt 0.73250400 0.77942200
vt 0.73250400 0.77942200
vt 0.74095300 0.77071700
vt 0.73074100 0.76260900
vt 0.76210100 0.72455100
vt 0.76755900 0.71792700
vt 0.76014200 0.71294900
vt 0.76014200 0.71294900
vt 0.75346100 0.71835300
vt 0.76210100 0.72455100
vt 0.75426100 0.73406600
vt 0.76210100 0.72455100
vt 0.75346100 0.71835300
vt 0.75346100 0.71835300
vt 0.74465800 0.72676600
vt 0.75426100 0.73406600
vt 0.74642100 0.74358000
vt 0.75426100 0.73406600
vt 0.74465800 0.72676600
vt 0.74465800 0.72676600
vt 0.73620800 0.73547200
vt 0.74642100 0.74358000
vt 0.73858100 0.75309400
vt 0.74642100 0.74358000
vt 0.73620800 0.73547200
vt 0.73620800 0.73547200
vt 0.72824000 0.74457300
vt 0.73858100 0.75309400
vt 0.70329800 0.78193300
vt 0.70960200 0.78826200
vt 0.71506100 0.78163800
vt 0.71506100 0.78163800
vt 0.70732500 0.77434200
vt 0.70329800 0.78193300
vt 0.70732500 0.77434200
vt 0.71506100 0.78163800
vt 0.72290100 0.77212300
vt 0.72290100 0.77212300
vt 0.71390000 0.76409300
vt 0.70732500 0.77434200
vt 0.71390000 0.76409300
vt 0.72290100 0.77212300
vt 0.73074100 0.76260900
vt 0.73074100 0.76260900
vt 0.72083000 0.75413500
vt 0.71390000 0.76409300
vt 0.75346100 0.71835300
vt 0.76014200 0.71294900
vt 0.75189500 0.70951400
vt 0.75189500 0.70951400
vt 0.74425000 0.71349000
vt 0.75346100 0.71835300
vt 0.74465800 0.72676600
vt 0.75346100 0.71835300
vt 0.74425000 0.71349000
vt 0.74425000 0.71349000
vt 0.73482100 0.72047900
vt 0.74465800 0.72676600
vt 0.73620800 0.73547200
vt 0.74465800 0.72676600
vt 0.73482100 0.72047900
vt 0.73482100 0.72047900
vt 0.72608700 0.72804100
vt 0.73620800 0.73547200
vt 0.72824000 0.74457300
vt 0.73620800 0.73547200
vt 0.72608700 0.72804100
vt 0.72608700 0.72804100
vt 0.71829600 0.73638000
vt 0.72824000 0.74457300
vt 0.69835000 0.77449500
vt 0.70329800 0.78193300
vt 0.70732500 0.77434200
vt 0.70732500 0.77434200
vt 0.70079100 0.76623100
vt 0.69835000 0.77449500
vt 0.70079100 0.76623100
vt 0.70732500 0.77434200
vt 0.71390000 0.76409300
vt 0.71390000 0.76409300
vt 0.70584800 0.75564000
vt 0.70079100 0.76623100
vt 0.70584800 0.75564000
vt 0.71390000 0.76409300
vt 0.72083000 0.75413500
vt 0.72083000 0.75413500
vt 0.71160100 0.74562100
vt 0.70584800 0.75564000
vt 0.77881200 0.73169300
vt 0.77386300 0.72425600
vt 0.76983600 0.73184600
vt 0.76983600 0.73184600
vt 0.77637100 0.73995800
vt 0.77881200 0.73169300
vt 0.77637100 0.73995800
vt 0.76983600 0.73184600
vt 0.76326100 0.74209600
vt 0.76326100 0.74209600
vt 0.77131400 0.75054900
vt 0.77637100 0.73995800
vt 0.77131400 0.75054900
vt 0.76326100 0.74209600
vt 0.75633200 0.75205400
vt 0.75633200 0.75205400
vt 0.76556100 0.76056800
vt 0.77131400 0.75054900
vt 0.76556100 0.76056800
vt 0.75633200 0.75205400
vt 0.74892200 0.76161500
vt 0.74892200 0.76161500
vt 0.75886500 0.76980900
vt 0.76556100 0.76056800
vt 0.72370100 0.78783600
vt 0.71702000 0.79324000
vt 0.72526600 0.79667500
vt 0.72526600 0.79667500
vt 0.73291200 0.79269900
vt 0.72370100 0.78783600
vt 0.73250400 0.77942200
vt 0.72370100 0.78783600
vt 0.73291200 0.79269900
vt 0.73291200 0.79269900
vt 0.74234100 0.78571000
vt 0.73250400 0.77942200
vt 0.74095300 0.77071700
vt 0.73250400 0.77942200
vt 0.74234100 0.78571000
vt 0.74234100 0.78571000
vt 0.75107400 0.77814800
vt 0.74095300 0.77071700
vt 0.74425000 0.71349000
vt 0.75189500 0.70951400
vt 0.74313800 0.70775400
vt 0.74313800 0.70775400
vt 0.73482100 0.71014900
vt 0.74425000 0.71349000
vt 0.73482100 0.72047900
vt 0.74425000 0.71349000
vt 0.73482100 0.71014900
vt 0.73482100 0.71014900
vt 0.72512900 0.71544500
vt 0.73482100 0.72047900
vt 0.72608700 0.72804100
vt 0.73482100 0.72047900
vt 0.72512900 0.71544500
vt 0.72512900 0.71544500
vt 0.71644600 0.72157300
vt 0.72608700 0.72804100
vt 0.71829600 0.73638000
vt 0.72608700 0.72804100
vt 0.71644600 0.72157300
vt 0.71644600 0.72157300
vt 0.70913200 0.72882800
vt 0.71829600 0.73638000
vt 0.69494800 0.76623600
vt 0.69835000 0.77449500
vt 0.70079100 0.76623100
vt 0.70079100 0.76623100
vt 0.69570800 0.75761400
vt 0.69494800 0.76623600
vt 0.69570800 0.75761400
vt 0.70079100 0.76623100
vt 0.70584800 0.75564000
vt 0.70584800 0.75564000
vt 0.69905400 0.74708800
vt 0.69570800 0.75761400
vt 0.69905400 0.74708800
vt 0.70584800 0.75564000
vt 0.71160100 0.74562100
vt 0.71160100 0.74562100
vt 0.70340900 0.73739400
vt 0.69905400 0.74708800
vt 0.78221400 0.73995300
vt 0.77881200 0.73169300
vt 0.77637100 0.73995800
vt 0.77637100 0.73995800
vt 0.78145300 0.74857500
vt 0.78221400 0.73995300
vt 0.78145300 0.74857500
vt 0.77637100 0.73995800
vt 0.77131400 0.75054900
vt 0.77131400 0.75054900
vt 0.77810800 0.75910000
vt 0.78145300 0.74857500
vt 0.77810800 0.75910000
vt 0.77131400 0.75054900
vt 0.76556100 0.76056800
vt 0.76556100 0.76056800
vt 0.77375300 0.76879400
vt 0.77810800 0.75910000
vt 0.77375300 0.76879400
vt 0.76556100 0.76056800
vt 0.75886500 0.76980900
vt 0.75886500 0.76980900
vt 0.76802900 0.77736000
vt 0.77375300 0.76879400
vt 0.73291200 0.79269900
vt 0.72526600 0.79667500
vt 0.73402400 0.79843500
vt 0.73402400 0.79843500
vt 0.74234100 0.79604000
vt 0.73291200 0.79269900
vt 0.74234100 0.78571000
vt 0.73291200 0.79269900
vt 0.74234100 0.79604000
vt 0.74234100 0.79604000
vt 0.75203300 0.79074400
vt 0.74234100 0.78571000
vt 0.75107400 0.77814800
vt 0.74234100 0.78571000
vt 0.75203300 0.79074400
vt 0.75203300 0.79074400
vt 0.76071600 0.78461600
vt 0.75107400 0.77814800
vt 0.69570800 0.75761400
vt 0.69324000 0.74853800
vt 0.69322300 0.75747100
vt 0.69322300 0.75747100
vt 0.69494800 0.76623600
vt 0.69570800 0.75761400
vt 0.69905400 0.74708800
vt 0.69500100 0.73978000
vt 0.69324000 0.74853800
vt 0.69324000 0.74853800
vt 0.69570800 0.75761400
vt 0.69905400 0.74708800
vt 0.70340900 0.73739400
vt 0.69843500 0.73153400
vt 0.69500100 0.73978000
vt 0.69500100 0.73978000
vt 0.69905400 0.74708800
vt 0.70340900 0.73739400
vt 0.70913200 0.72882800
vt 0.70341300 0.72411600
vt 0.69843500 0.73153400
vt 0.69843500 0.73153400
vt 0.70340900 0.73739400
vt 0.70913200 0.72882800
vt 0.70913200 0.72882800
vt 0.71644600 0.72157300
vt 0.70974200 0.71781200
vt 0.70974200 0.71781200
vt 0.70341300 0.72411600
vt 0.70913200 0.72882800
vt 0.71644600 0.72157300
vt 0.72512900 0.71544500
vt 0.71718000 0.71286400
vt 0.71718000 0.71286400
vt 0.70974200 0.71781200
vt 0.71644600 0.72157300
vt 0.72512900 0.71544500
vt 0.73482100 0.71014900
vt 0.72544000 0.70946200
vt 0.72544000 0.70946200
vt 0.71718000 0.71286400
vt 0.72512900 0.71544500
vt 0.73482100 0.71014900
vt 0.74313800 0.70775400
vt 0.73420500 0.70773600
vt 0.73420500 0.70773600
vt 0.72544000 0.70946200
vt 0.73482100 0.71014900
vt 0.78145300 0.74857500
vt 0.78392100 0.75765100
vt 0.78393900 0.74871800
vt 0.78393900 0.74871800
vt 0.78221400 0.73995300
vt 0.78145300 0.74857500
vt 0.74234100 0.79604000
vt 0.73402400 0.79843500
vt 0.74295700 0.79845300
vt 0.74295700 0.79845300
vt 0.75172200 0.79672700
vt 0.74234100 0.79604000
vt 0.75203300 0.79074400
vt 0.74234100 0.79604000
vt 0.75172200 0.79672700
vt 0.75172200 0.79672700
vt 0.75998200 0.79332500
vt 0.75203300 0.79074400
vt 0.76071600 0.78461600
vt 0.75203300 0.79074400
vt 0.75998200 0.79332500
vt 0.75998200 0.79332500
vt 0.76741900 0.78837700
vt 0.76071600 0.78461600
vt 0.76802900 0.77736000
vt 0.76071600 0.78461600
vt 0.76741900 0.78837700
vt 0.76741900 0.78837700
vt 0.77374900 0.78207300
vt 0.76802900 0.77736000
vt 0.76802900 0.77736000
vt 0.77374900 0.78207300
vt 0.77872600 0.77465500
vt 0.77872600 0.77465500
vt 0.77375300 0.76879400
vt 0.76802900 0.77736000
vt 0.77375300 0.76879400
vt 0.77872600 0.77465500
vt 0.78216100 0.76640900
vt 0.78216100 0.76640900
vt 0.77810800 0.75910000
vt 0.77375300 0.76879400
vt 0.77810800 0.75910000
vt 0.78216100 0.76640900
vt 0.78392100 0.75765100
vt 0.78392100 0.75765100
vt 0.78145300 0.74857500
vt 0.77810800 0.75910000
vt 0.90547800 0.73423400
vt 0.90547800 0.73179200
vt 0.83934000 0.73179200
vt 0.83934000 0.73179200
vt 0.83934000 0.73423400
vt 0.90547800 0.73423400
vt 0.90547800 0.73179200
vt 0.90547800 0.72936200
vt 0.83934000 0.72936200
vt 0.83934000 0.72936200
vt 0.90547800 0.72936200
vt 0.90547800 0.72690700
vt 0.83934000 0.72690700
vt 0.83934000 0.72690700
vt 0.90547800 0.72690700
vt 0.90547800 0.72445300
vt 0.83934000 0.72445300
vt 0.83934000 0.72445300
vt 0.90547800 0.72202700
vt 0.83934000 0.72202700
vt 0.90547800 0.72202700
vt 0.90547800 0.71958800
vt 0.83934000 0.71958800
vt 0.83934000 0.71958800
vt 0.83934000 0.73423400
vt 0.83934000 0.73179200
vt 0.83086900 0.73179200
vt 0.83086900 0.73179200
vt 0.83086900 0.73423400
vt 0.83934000 0.73423400
vt 0.83934000 0.73179200
vt 0.83934000 0.72936200
vt 0.83086900 0.72936200
vt 0.83086900 0.72936200
vt 0.83934000 0.72936200
vt 0.83934000 0.72690700
vt 0.83086900 0.72690700
vt 0.83086900 0.72690700
vt 0.83934000 0.72690700
vt 0.83934000 0.72445300
vt 0.83086900 0.72445300
vt 0.83086900 0.72445300
vt 0.83934000 0.72445300
vt 0.83934000 0.72202700
vt 0.83086900 0.72202700
vt 0.83086900 0.72202700
vt 0.83934000 0.72202700
vt 0.83934000 0.71958800
vt 0.83086900 0.71958800
vt 0.83086900 0.71958800
vt 0.83086900 0.73423400
vt 0.83086900 0.73179200
vt 0.82414900 0.73179200
vt 0.82414900 0.73179200
vt 0.82414900 0.73423400
vt 0.83086900 0.73423400
vt 0.83086900 0.73179200
vt 0.83086900 0.72936200
vt 0.82414900 0.72936200
vt 0.82414900 0.72936200
vt 0.83086900 0.72936200
vt 0.83086900 0.72690700
vt 0.82414900 0.72690700
vt 0.82414900 0.72690700
vt 0.83086900 0.72690700
vt 0.83086900 0.72445300
vt 0.82414900 0.72445300
vt 0.82414900 0.72445300
vt 0.83086900 0.72445300
vt 0.83086900 0.72202700
vt 0.82414900 0.72202700
vt 0.82414900 0.72202700
vt 0.83086900 0.72202700
vt 0.83086900 0.71958800
vt 0.82414900 0.71958800
vt 0.82414900 0.71958800
vt 0.82414900 0.73423400
vt 0.82414900 0.73179200
vt 0.81628700 0.73179200
vt 0.81628700 0.73179200
vt 0.81628700 0.73423400
vt 0.82414900 0.73423400
vt 0.82414900 0.73179200
vt 0.82414900 0.72936200
vt 0.81628700 0.72936200
vt 0.81628700 0.72936200
vt 0.82414900 0.72936200
vt 0.82414900 0.72690700
vt 0.81628700 0.72690700
vt 0.81628700 0.72690700
vt 0.82414900 0.72690700
vt 0.82414900 0.72445300
vt 0.81628700 0.72445300
vt 0.81628700 0.72445300
vt 0.82414900 0.72445300
vt 0.82414900 0.72202700
vt 0.81628700 0.72202700
vt 0.81628700 0.72202700
vt 0.82414900 0.72202700
vt 0.82414900 0.71958800
vt 0.81628700 0.71958800
vt 0.81628700 0.71958800
vt 0.81628700 0.73423400
vt 0.81628700 0.73179200
vt 0.80790700 0.73179200
vt 0.80790700 0.73179200
vt 0.80790700 0.73423400
vt 0.81628700 0.73423400
vt 0.81628700 0.73179200
vt 0.81628700 0.72936200
vt 0.80790700 0.72936200
vt 0.80790700 0.72936200
vt 0.81628700 0.72936200
vt 0.81628700 0.72690700
vt 0.80790700 0.72690700
vt 0.80790700 0.72690700
vt 0.81628700 0.72690700
vt 0.81628700 0.72445300
vt 0.80790700 0.72445300
vt 0.80790700 0.72445300
vt 0.81628700 0.72445300
vt 0.81628700 0.72202700
vt 0.80790700 0.72202700
vt 0.80790700 0.72202700
vt 0.81628700 0.72202700
vt 0.81628700 0.71958800
vt 0.80790700 0.71958800
vt 0.80790700 0.71958800
vt 0.80790700 0.73179200
vt 0.79978900 0.73179200
vt 0.79978900 0.73423400
vt 0.79978900 0.73423400
vt 0.80790700 0.73423400
vt 0.80790700 0.73179200
vt 0.80790700 0.72936200
vt 0.79978900 0.72936200
vt 0.79978900 0.73179200
vt 0.80790700 0.72936200
vt 0.80790700 0.72690700
vt 0.79978900 0.72690700
vt 0.79978900 0.72936200
vt 0.80790700 0.72690700
vt 0.80790700 0.72690700
vt 0.80790700 0.72445300
vt 0.79978900 0.72445300
vt 0.79978900 0.72445300
vt 0.80790700 0.72445300
vt 0.80790700 0.72202700
vt 0.79978900 0.72202700
vt 0.79978900 0.72202700
vt 0.80790700 0.72202700
vt 0.80790700 0.71958800
vt 0.79978900 0.71958800
vt 0.79978900 0.71958800
vt 0.79031700 0.73423400
vt 0.79031700 0.73179200
vt 0.78230200 0.73179200
vt 0.78230200 0.73179200
vt 0.78230200 0.73423400
vt 0.79031700 0.73423400
vt 0.79031700 0.73179200
vt 0.79031700 0.72936200
vt 0.78230200 0.72936200
vt 0.78230200 0.72936200
vt 0.79031700 0.72936200
vt 0.79031700 0.72690700
vt 0.78230200 0.72690700
vt 0.78230200 0.72690700
vt 0.79031700 0.72690700
vt 0.79031700 0.72445300
vt 0.78230200 0.72445300
vt 0.78230200 0.72445300
vt 0.79031700 0.72445300
vt 0.79031700 0.72202700
vt 0.78230200 0.72202700
vt 0.78230200 0.72202700
vt 0.79031700 0.72202700
vt 0.79031700 0.71958800
vt 0.78230200 0.71958800
vt 0.78230200 0.71958800
vt 0.79978900 0.73179200
vt 0.79031700 0.73179200
vt 0.79031700 0.73423400
vt 0.79031700 0.73423400
vt 0.79978900 0.73423400
vt 0.79978900 0.73179200
vt 0.79978900 0.72936200
vt 0.79031700 0.72936200
vt 0.79031700 0.73179200
vt 0.79978900 0.72936200
vt 0.79978900 0.72690700
vt 0.79031700 0.72690700
vt 0.79031700 0.72936200
vt 0.79978900 0.72690700
vt 0.79031700 0.72445300
vt 0.79978900 0.72690700
vt 0.79978900 0.72445300
vt 0.79031700 0.72445300
vt 0.79031700 0.72202700
vt 0.79978900 0.72445300
vt 0.79978900 0.72202700
vt 0.79031700 0.72202700
vt 0.79031700 0.71958800
vt 0.79978900 0.72202700
vt 0.79978900 0.71958800
vt 0.79031700 0.71958800
vt 0.90449700 0.70394400
vt 0.83889100 0.70394400
vt 0.83889100 0.70638700
vt 0.83889100 0.70638700
vt 0.90449700 0.70638700
vt 0.90449700 0.70394400
vt 0.83889100 0.70881800
vt 0.83889100 0.70881800
vt 0.90449700 0.70881800
vt 0.90449700 0.70638700
vt 0.83889100 0.71127600
vt 0.83889100 0.71127600
vt 0.90449700 0.71127600
vt 0.90449700 0.70881800
vt 0.83889100 0.71373600
vt 0.83889100 0.71373600
vt 0.90449700 0.71373600
vt 0.90449700 0.71127600
vt 0.83889100 0.71617300
vt 0.83889100 0.71617300
vt 0.90449700 0.71617300
vt 0.90449700 0.71373600
vt 0.83889100 0.71862100
vt 0.83889100 0.71862100
vt 0.90449700 0.71862100
vt 0.90449700 0.71617300
vt 0.83889100 0.70394400
vt 0.83048800 0.70394400
vt 0.83048800 0.70638700
vt 0.83048800 0.70638700
vt 0.83889100 0.70638700
vt 0.83889100 0.70394400
vt 0.83048800 0.70881800
vt 0.83048800 0.70881800
vt 0.83889100 0.70881800
vt 0.83889100 0.70638700
vt 0.83048800 0.71127600
vt 0.83048800 0.71127600
vt 0.83889100 0.71127600
vt 0.83889100 0.70881800
vt 0.83048800 0.71373600
vt 0.83048800 0.71373600
vt 0.83889100 0.71373600
vt 0.83889100 0.71127600
vt 0.83048800 0.71617300
vt 0.83048800 0.71617300
vt 0.83889100 0.71617300
vt 0.83889100 0.71373600
vt 0.83048800 0.71862100
vt 0.83048800 0.71862100
vt 0.83889100 0.71862100
vt 0.83889100 0.71617300
vt 0.83048800 0.70394400
vt 0.82382300 0.70394400
vt 0.82382300 0.70638700
vt 0.82382300 0.70638700
vt 0.83048800 0.70638700
vt 0.83048800 0.70394400
vt 0.82382300 0.70881800
vt 0.82382300 0.70881800
vt 0.83048800 0.70881800
vt 0.83048800 0.70638700
vt 0.82382300 0.71127600
vt 0.82382300 0.71127600
vt 0.83048800 0.71127600
vt 0.83048800 0.70881800
vt 0.82382300 0.71373600
vt 0.82382300 0.71373600
vt 0.83048800 0.71373600
vt 0.83048800 0.71127600
vt 0.82382300 0.71617300
vt 0.82382300 0.71617300
vt 0.83048800 0.71617300
vt 0.83048800 0.71373600
vt 0.82382300 0.71862100
vt 0.82382300 0.71862100
vt 0.83048800 0.71862100
vt 0.83048800 0.71617300
vt 0.82382300 0.70394400
vt 0.81602500 0.70394400
vt 0.81602500 0.70638700
vt 0.81602500 0.70638700
vt 0.82382300 0.70638700
vt 0.82382300 0.70394400
vt 0.81602500 0.70881800
vt 0.81602500 0.70881800
vt 0.82382300 0.70881800
vt 0.82382300 0.70638700
vt 0.81602500 0.71127600
vt 0.81602500 0.71127600
vt 0.82382300 0.71127600
vt 0.82382300 0.70881800
vt 0.81602500 0.71373600
vt 0.81602500 0.71373600
vt 0.82382300 0.71373600
vt 0.82382300 0.71127600
vt 0.81602500 0.71617300
vt 0.81602500 0.71617300
vt 0.82382300 0.71617300
vt 0.82382300 0.71373600
vt 0.81602500 0.71862100
vt 0.81602500 0.71862100
vt 0.82382300 0.71862100
vt 0.82382300 0.71617300
vt 0.81602500 0.70394400
vt 0.80771200 0.70394400
vt 0.80771200 0.70638700
vt 0.80771200 0.70638700
vt 0.81602500 0.70638700
vt 0.81602500 0.70394400
vt 0.80771200 0.70881800
vt 0.80771200 0.70881800
vt 0.81602500 0.70881800
vt 0.81602500 0.70638700
vt 0.80771200 0.71127600
vt 0.80771200 0.71127600
vt 0.81602500 0.71127600
vt 0.81602500 0.70881800
vt 0.80771200 0.71373600
vt 0.80771200 0.71373600
vt 0.81602500 0.71373600
vt 0.81602500 0.71127600
vt 0.80771200 0.71617300
vt 0.80771200 0.71617300
vt 0.81602500 0.71617300
vt 0.81602500 0.71373600
vt 0.80771200 0.71862100
vt 0.80771200 0.71862100
vt 0.81602500 0.71862100
vt 0.81602500 0.71617300
vt 0.80771200 0.70638700
vt 0.80771200 0.70394400
vt 0.79965900 0.70394400
vt 0.79965900 0.70394400
vt 0.79965900 0.70638700
vt 0.80771200 0.70638700
vt 0.80771200 0.70881800
vt 0.79965900 0.70638700
vt 0.79965900 0.70881800
vt 0.80771200 0.70881800
vt 0.80771200 0.71127600
vt 0.79965900 0.70881800
vt 0.79965900 0.71127600
vt 0.80771200 0.71127600
vt 0.79965900 0.71373600
vt 0.79965900 0.71373600
vt 0.80771200 0.71373600
vt 0.80771200 0.71127600
vt 0.79965900 0.71617300
vt 0.79965900 0.71617300
vt 0.80771200 0.71617300
vt 0.80771200 0.71373600
vt 0.79965900 0.71862100
vt 0.79965900 0.71862100
vt 0.80771200 0.71862100
vt 0.80771200 0.71617300
vt 0.79026500 0.70394400
vt 0.78231500 0.70394400
vt 0.78231500 0.70638700
vt 0.78231500 0.70638700
vt 0.79026500 0.70638700
vt 0.79026500 0.70394400
vt 0.78231500 0.70881800
vt 0.78231500 0.70881800
vt 0.79026500 0.70881800
vt 0.79026500 0.70638700
vt 0.78231500 0.71127600
vt 0.78231500 0.71127600
vt 0.79026500 0.71127600
vt 0.79026500 0.70881800
vt 0.78231500 0.71373600
vt 0.78231500 0.71373600
vt 0.79026500 0.71373600
vt 0.79026500 0.71127600
vt 0.78231500 0.71617300
vt 0.78231500 0.71617300
vt 0.79026500 0.71617300
vt 0.79026500 0.71373600
vt 0.78231500 0.71862100
vt 0.78231500 0.71862100
vt 0.79026500 0.71862100
vt 0.79026500 0.71617300
vt 0.79965900 0.70638700
vt 0.79965900 0.70394400
vt 0.79026500 0.70394400
vt 0.79026500 0.70394400
vt 0.79026500 0.70638700
vt 0.79965900 0.70638700
vt 0.79965900 0.70881800
vt 0.79026500 0.70638700
vt 0.79026500 0.70881800
vt 0.79965900 0.70881800
vt 0.79965900 0.71127600
vt 0.79026500 0.70881800
vt 0.79026500 0.71127600
vt 0.79965900 0.71127600
vt 0.79026500 0.71373600
vt 0.79965900 0.71373600
vt 0.79965900 0.71127600
vt 0.79026500 0.71373600
vt 0.79026500 0.71617300
vt 0.79965900 0.71617300
vt 0.79965900 0.71373600
vt 0.79026500 0.71617300
vt 0.79026500 0.71862100
vt 0.79965900 0.71862100
vt 0.79965900 0.71617300
vt 0.79026500 0.71862100
vt 0.00407900 0.98622800
vt 0.01427900 0.98607200
vt 0.01423900 0.91699200
vt 0.01423900 0.91699200
vt 0.00405700 0.91967800
vt 0.00407900 0.98622800
vt 0.00349000 0.72656200
vt 0.01369000 0.72671700
vt 0.01371200 0.66016700
vt 0.01371200 0.66016700
vt 0.00353000 0.65748100
vt 0.00349000 0.72656200
vt 0.35076100 0.98092700
vt 0.34547900 0.83949000
vt 0.34547900 0.83949000
vt 0.30498600 0.83949000
vt 0.30498600 0.83949000
vt 0.30498600 0.83949000
vt 0.29970400 0.98092700
vt 0.35076100 0.98092700
vt 0.29908600 0.00512800
vt 0.30436900 0.14138300
vt 0.34486200 0.14138300
vt 0.34486200 0.14138300
vt 0.35014400 0.00512800
vt 0.29908600 0.00512800
vt 0.00405700 0.91967800
vt 0.01423900 0.91699200
vt 0.01422300 0.86004800
vt 0.01422300 0.86004800
vt 0.00403400 0.86308200
vt 0.00405700 0.91967800
vt 0.00353000 0.65748100
vt 0.01371200 0.66016700
vt 0.01373600 0.60357100
vt 0.01373600 0.60357100
vt 0.00354700 0.60053800
vt 0.00353000 0.65748100
vt 0.34547900 0.83949000
vt 0.34278000 0.72290400
vt 0.34278000 0.72290400
vt 0.30768600 0.72290400
vt 0.30768600 0.72290400
vt 0.30768600 0.72290400
vt 0.30436900 0.14138300
vt 0.30706800 0.25725800
vt 0.30706800 0.25725800
vt 0.34216300 0.25725800
vt 0.34216300 0.25725800
vt 0.34216300 0.25725800
vt 0.00403400 0.86308200
vt 0.01422300 0.86004800
vt 0.01422000 0.81189200
vt 0.01422000 0.81189200
vt 0.00403300 0.81407500
vt 0.00403400 0.86308200
vt 0.00354700 0.60053800
vt 0.01373600 0.60357100
vt 0.01373700 0.55456500
vt 0.01373700 0.55456500
vt 0.00354900 0.55238200
vt 0.00354700 0.60053800
vt 0.34278000 0.72290400
vt 0.34124300 0.62430900
vt 0.30922200 0.62430900
vt 0.30922200 0.62430900
vt 0.30706800 0.25725800
vt 0.30860500 0.35759500
vt 0.34062600 0.35759500
vt 0.34062600 0.35759500
vt 0.01251300 0.74835100
vt 0.00433700 0.74954600
vt 0.00403300 0.81407500
vt 0.00403300 0.81407500
vt 0.01422000 0.81189200
vt 0.01251300 0.74835100
vt 0.01343300 0.49003500
vt 0.00525600 0.48884100
vt 0.00354900 0.55238200
vt 0.00354900 0.55238200
vt 0.01373700 0.55456500
vt 0.01343300 0.49003500
vt 0.34124300 0.62430900
vt 0.34093000 0.49421500
vt 0.30948300 0.49421500
vt 0.30948300 0.49421500
vt 0.30860500 0.35759500
vt 0.30891100 0.48971300
vt 0.34031800 0.48971300
vt 0.34031800 0.48971300
vt 0.00484200 0.74483300
vt 0.00433700 0.74954600
vt 0.01251300 0.74835100
vt 0.01251300 0.74835100
vt 0.01271100 0.74424100
vt 0.00484200 0.74483300
vt 0.01292700 0.48532200
vt 0.00505900 0.48473100
vt 0.00525600 0.48884100
vt 0.00525600 0.48884100
vt 0.01343300 0.49003500
vt 0.01292700 0.48532200
vt 0.17756200 0.01306600
vt 0.17526900 0.00619300
vt 0.14958700 0.00619300
vt 0.14958700 0.00619300
vt 0.14729700 0.01306600
vt 0.17756200 0.01306600
vt 0.17911900 0.98570400
vt 0.18140100 0.99358300
vt 0.20705100 0.99358300
vt 0.20705100 0.99358300
vt 0.20933100 0.98570400
vt 0.17911900 0.98570400
vt 0.00394100 0.72882200
vt 0.00440800 0.73674800
vt 0.01197200 0.73618400
vt 0.01197200 0.73618400
vt 0.01150300 0.72824500
vt 0.00394100 0.72882200
vt 0.01392100 0.46930000
vt 0.00635500 0.46875300
vt 0.00584300 0.47668400
vt 0.00584300 0.47668400
vt 0.01340900 0.47723100
vt 0.01392100 0.46930000
vt 0.18950200 0.02870400
vt 0.18358000 0.01994000
vt 0.14129100 0.01994000
vt 0.14129100 0.01994000
vt 0.13538200 0.02870400
vt 0.18950200 0.02870400
vt 0.16717400 0.96906100
vt 0.17309000 0.97782400
vt 0.21534700 0.97782400
vt 0.21534700 0.97782400
vt 0.22125200 0.96906100
vt 0.16717400 0.96906100
vt 0.00440800 0.73674800
vt 0.00484200 0.74483300
vt 0.01271100 0.74424100
vt 0.01271100 0.74424100
vt 0.01197200 0.73618400
vt 0.00440800 0.73674800
vt 0.00505900 0.48473100
vt 0.01292700 0.48532200
vt 0.01340900 0.47723100
vt 0.01340900 0.47723100
vt 0.00584300 0.47668400
vt 0.00505900 0.48473100
vt 0.14729700 0.01306600
vt 0.18358000 0.01994000
vt 0.20933100 0.98570400
vt 0.17309000 0.97782400
vt 0.07270900 0.00800700
vt 0.07137100 0.00285600
vt 0.06403200 0.00437200
vt 0.06403200 0.00437200
vt 0.06537000 0.00952300
vt 0.07270900 0.00800700
vt 0.05076100 0.02021500
vt 0.04340700 0.01874200
vt 0.04212000 0.02390000
vt 0.04212000 0.02390000
vt 0.04947300 0.02537400
vt 0.05076100 0.02021500
vt 0.13538200 0.02870400
vt 0.13231700 0.03746700
vt 0.19257000 0.03746700
vt 0.19257000 0.03746700
vt 0.18950200 0.02870400
vt 0.13538200 0.02870400
vt 0.22125200 0.96906100
vt 0.22431400 0.96029700
vt 0.16410700 0.96029700
vt 0.16410700 0.96029700
vt 0.07847700 0.02496100
vt 0.07103300 0.02613300
vt 0.07524800 0.04358700
vt 0.07524800 0.04358700
vt 0.08284100 0.04335100
vt 0.07847700 0.02496100
vt 0.19203600 0.06617800
vt 0.13285000 0.06617800
vt 0.13342900 0.09576700
vt 0.13342900 0.09576700
vt 0.19145600 0.09576700
vt 0.19203600 0.06617800
vt 0.04397200 0.04201600
vt 0.03651600 0.04088700
vt 0.03233200 0.05930200
vt 0.03233200 0.05930200
vt 0.03992700 0.05949400
vt 0.04397200 0.04201600
vt 0.16464100 0.93099600
vt 0.22378200 0.93099500
vt 0.22320300 0.89984600
vt 0.22320300 0.89984600
vt 0.16522000 0.89984600
vt 0.16464100 0.93099600
vt 0.29970400 0.98092700
vt 0.30498600 0.83949000
vt 0.27980500 0.83949000
vt 0.27980500 0.83949000
vt 0.26795200 0.98092700
vt 0.29970400 0.98092700
vt 0.37066100 0.83949000
vt 0.37066100 0.83949000
vt 0.34547900 0.83949000
vt 0.34547900 0.83949000
vt 0.35076100 0.98092700
vt 0.35076100 0.98092700
vt 0.38251300 0.98092700
vt 0.37066100 0.83949000
vt 0.35014400 0.00512800
vt 0.34486200 0.14138300
vt 0.37004300 0.14138300
vt 0.37004300 0.14138300
vt 0.38189600 0.00512800
vt 0.35014400 0.00512800
vt 0.27918700 0.14138300
vt 0.30436900 0.14138300
vt 0.29908600 0.00512800
vt 0.29908600 0.00512800
vt 0.26733500 0.00512800
vt 0.27918700 0.14138300
vt 0.30498600 0.83949000
vt 0.30768600 0.72290400
vt 0.28586200 0.72290400
vt 0.28586200 0.72290400
vt 0.27980500 0.83949000
vt 0.30498600 0.83949000
vt 0.36460400 0.72290400
vt 0.36460400 0.72290400
vt 0.34278000 0.72290400
vt 0.34278000 0.72290400
vt 0.34547900 0.83949000
vt 0.36460400 0.72290400
vt 0.34486200 0.14138300
vt 0.34216300 0.25725800
vt 0.34216300 0.25725800
vt 0.36398700 0.25725800
vt 0.36398700 0.25725800
vt 0.36398700 0.25725800
vt 0.28524400 0.25725800
vt 0.28524400 0.25725800
vt 0.30706800 0.25725800
vt 0.30706800 0.25725800
vt 0.30436900 0.14138300
vt 0.30436900 0.14138300
vt 0.27918700 0.14138300
vt 0.28524400 0.25725800
vt 0.30768600 0.72290400
vt 0.30922200 0.62430900
vt 0.28930900 0.62430900
vt 0.28930900 0.62430900
vt 0.28586200 0.72290400
vt 0.30768600 0.72290400
vt 0.36115600 0.62430900
vt 0.34124300 0.62430900
vt 0.34278000 0.72290400
vt 0.36115600 0.62430900
vt 0.34216300 0.25725800
vt 0.34062600 0.35759500
vt 0.36053900 0.35759400
vt 0.36053900 0.35759400
vt 0.28869200 0.35759500
vt 0.30860500 0.35759500
vt 0.30706800 0.25725800
vt 0.28869200 0.35759500
vt 0.30922200 0.62430900
vt 0.30948300 0.49421500
vt 0.28993200 0.49421500
vt 0.28993200 0.49421500
vt 0.36048200 0.49421500
vt 0.34093000 0.49421500
vt 0.34124300 0.62430900
vt 0.36048200 0.49421500
vt 0.34062600 0.35759500
vt 0.34031800 0.48971300
vt 0.35984500 0.48971300
vt 0.35984500 0.48971300
vt 0.36053900 0.35759400
vt 0.34062600 0.35759500
vt 0.28938400 0.48971300
vt 0.30891100 0.48971300
vt 0.30860500 0.35759500
vt 0.28938400 0.48971300
vt 0.14729700 0.01306600
vt 0.14958700 0.00619300
vt 0.13362000 0.00619300
vt 0.13362000 0.00619300
vt 0.12848000 0.01306600
vt 0.14729700 0.01306600
vt 0.19123700 0.00619300
vt 0.17526900 0.00619300
vt 0.17756200 0.01306600
vt 0.17756200 0.01306600
vt 0.19637900 0.01306600
vt 0.19123700 0.00619300
vt 0.20933100 0.98570400
vt 0.20705100 0.99358300
vt 0.22299800 0.99358300
vt 0.22299800 0.99358300
vt 0.22811600 0.98570400
vt 0.20933100 0.98570400
vt 0.16545400 0.99358300
vt 0.18140100 0.99358300
vt 0.17911900 0.98570400
vt 0.17911900 0.98570400
vt 0.16033500 0.98570400
vt 0.16545400 0.99358300
vt 0.13538200 0.02870400
vt 0.14129100 0.01994000
vt 0.11498900 0.01994000
vt 0.11498900 0.01994000
vt 0.10172500 0.02870300
vt 0.13538200 0.02870400
vt 0.20988300 0.01994000
vt 0.18358000 0.01994000
vt 0.18950200 0.02870400
vt 0.18950200 0.02870400
vt 0.22315900 0.02870400
vt 0.20988300 0.01994000
vt 0.22125200 0.96906100
vt 0.21534700 0.97782400
vt 0.24163000 0.97782400
vt 0.24163000 0.97782400
vt 0.25488300 0.96906100
vt 0.22125200 0.96906100
vt 0.14680700 0.97782400
vt 0.17309000 0.97782400
vt 0.16717400 0.96906100
vt 0.16717400 0.96906100
vt 0.13354300 0.96906100
vt 0.14680700 0.97782400
vt 0.19637900 0.01306600
vt 0.17756200 0.01306600
vt 0.18358000 0.01994000
vt 0.19637900 0.01306600
vt 0.14129100 0.01994000
vt 0.12848000 0.01306600
vt 0.11498900 0.01994000
vt 0.14129100 0.01994000
vt 0.17309000 0.97782400
vt 0.16033500 0.98570400
vt 0.21534700 0.97782400
vt 0.22811600 0.98570400
vt 0.24163000 0.97782400
vt 0.21534700 0.97782400
vt 0.22315900 0.02870400
vt 0.18950200 0.02870400
vt 0.19257000 0.03746700
vt 0.19257000 0.03746700
vt 0.23003900 0.03746700
vt 0.22315900 0.02870400
vt 0.13231700 0.03746700
vt 0.13538200 0.02870400
vt 0.10172500 0.02870300
vt 0.10172500 0.02870300
vt 0.09484800 0.03746700
vt 0.13231700 0.03746700
vt 0.13354300 0.96906100
vt 0.16717400 0.96906100
vt 0.16410700 0.96029700
vt 0.16410700 0.96029700
vt 0.12666600 0.96029700
vt 0.13354300 0.96906100
vt 0.22431400 0.96029700
vt 0.22125200 0.96906100
vt 0.25488300 0.96906100
vt 0.25488300 0.96906100
vt 0.26175500 0.96029700
vt 0.22431400 0.96029700
vt 0.03510200 0.53336900
vt 0.04256900 0.53334600
vt 0.04255400 0.53208700
vt 0.04255400 0.53208700
vt 0.03508800 0.53213700
vt 0.03510200 0.53336900
vt 0.07722800 0.51741700
vt 0.08469500 0.51744800
vt 0.08468400 0.51619000
vt 0.08468400 0.51619000
vt 0.07721700 0.51618300
vt 0.07722800 0.51741700
vt 0.13285000 0.06617800
vt 0.09604400 0.06617800
vt 0.09734400 0.09576600
vt 0.09734400 0.09576600
vt 0.13342900 0.09576700
vt 0.13285000 0.06617800
vt 0.20151400 0.82566400
vt 0.20894500 0.85927900
vt 0.21100800 0.85927900
vt 0.21100800 0.85927900
vt 0.21184100 0.82566400
vt 0.21184100 0.82566400
vt 0.20151400 0.82566400
vt 0.20151400 0.82566400
vt 0.22378200 0.93099500
vt 0.26056000 0.93099600
vt 0.25926200 0.89984700
vt 0.25926200 0.89984700
vt 0.22320300 0.89984600
vt 0.22378200 0.93099500
vt 0.15516900 0.16955600
vt 0.14774300 0.13594200
vt 0.14568200 0.13594200
vt 0.14568200 0.13594200
vt 0.14484900 0.16955700
vt 0.15516900 0.16955600
vt 0.08526600 0.06332700
vt 0.07766600 0.06332000
vt 0.07766000 0.06749600
vt 0.07766000 0.06749600
vt 0.08525900 0.06750300
vt 0.08526600 0.06332700
vt 0.03770000 0.07924000
vt 0.03010200 0.07929100
vt 0.03014800 0.08346600
vt 0.03014800 0.08346600
vt 0.03774700 0.08341600
vt 0.03770000 0.07924000
vt 0.14155100 0.12843100
vt 0.09889600 0.12843100
vt 0.09906300 0.13516900
vt 0.09906300 0.13516900
vt 0.13584700 0.13517000
vt 0.14155100 0.12843100
vt 0.19145600 0.09576700
vt 0.22754200 0.09576600
vt 0.22884200 0.06617800
vt 0.22884200 0.06617800
vt 0.19203600 0.06617800
vt 0.19145600 0.09576700
vt 0.21508800 0.86678800
vt 0.25771000 0.86678800
vt 0.25754300 0.86005000
vt 0.25754300 0.86005000
vt 0.22078700 0.86005000
vt 0.21508800 0.86678800
vt 0.16522000 0.89984600
vt 0.12916200 0.89984700
vt 0.12786200 0.93099600
vt 0.12786200 0.93099600
vt 0.16464100 0.93099600
vt 0.16522000 0.89984600
vt 0.08284100 0.04335100
vt 0.07524800 0.04358700
vt 0.07767300 0.05914500
vt 0.07767300 0.05914500
vt 0.08527200 0.05915100
vt 0.08284100 0.04335100
vt 0.07103300 0.02613300
vt 0.07847700 0.02496100
vt 0.07270900 0.00800700
vt 0.07270900 0.00800700
vt 0.06537000 0.00952300
vt 0.07103300 0.02613300
vt 0.19145600 0.09576700
vt 0.13342900 0.09576700
vt 0.15264700 0.12169300
vt 0.15264700 0.12169300
vt 0.17220600 0.12169300
vt 0.19145600 0.09576700
vt 0.13285000 0.06617800
vt 0.19203600 0.06617800
vt 0.19257000 0.03746700
vt 0.19257000 0.03746700
vt 0.13231700 0.03746700
vt 0.13285000 0.06617800
vt 0.03992700 0.05949400
vt 0.03233200 0.05930200
vt 0.03005500 0.07511500
vt 0.03005500 0.07511500
vt 0.03765400 0.07506500
vt 0.03992700 0.05949400
vt 0.03651600 0.04088700
vt 0.04397200 0.04201600
vt 0.04947300 0.02537400
vt 0.04947300 0.02537400
vt 0.04212000 0.02390000
vt 0.03651600 0.04088700
vt 0.16522000 0.89984600
vt 0.22320300 0.89984600
vt 0.20400000 0.87352700
vt 0.20400000 0.87352700
vt 0.18445600 0.87352700
vt 0.16522000 0.89984600
vt 0.22378200 0.93099500
vt 0.16464100 0.93099600
vt 0.16410700 0.96029700
vt 0.22378200 0.93099500
vt 0.13342900 0.09576700
vt 0.09734400 0.09576600
vt 0.09873000 0.12169300
vt 0.09873000 0.12169300
vt 0.15264700 0.12169300
vt 0.13342900 0.09576700
vt 0.09604400 0.06617800
vt 0.13285000 0.06617800
vt 0.13231700 0.03746700
vt 0.13231700 0.03746700
vt 0.09484800 0.03746700
vt 0.09604400 0.06617800
vt 0.22320300 0.89984600
vt 0.25926200 0.89984700
vt 0.25787700 0.87352700
vt 0.25787700 0.87352700
vt 0.20400000 0.87352700
vt 0.22320300 0.89984600
vt 0.26056000 0.93099600
vt 0.22378200 0.93099500
vt 0.22431400 0.96029700
vt 0.22431400 0.96029700
vt 0.26175500 0.96029700
vt 0.26056000 0.93099600
vt 0.19203600 0.06617800
vt 0.22884200 0.06617800
vt 0.23003900 0.03746700
vt 0.23003900 0.03746700
vt 0.19257000 0.03746700
vt 0.19203600 0.06617800
vt 0.22754200 0.09576600
vt 0.19145600 0.09576700
vt 0.17220600 0.12169300
vt 0.17220600 0.12169300
vt 0.22615500 0.12169300
vt 0.22754200 0.09576600
vt 0.16464100 0.93099600
vt 0.12786200 0.93099600
vt 0.12666600 0.96029700
vt 0.12666600 0.96029700
vt 0.16410700 0.96029700
vt 0.16464100 0.93099600
vt 0.12916200 0.89984700
vt 0.16522000 0.89984600
vt 0.18445600 0.87352700
vt 0.18445600 0.87352700
vt 0.13054800 0.87352700
vt 0.12916200 0.89984700
vt 0.07537100 0.98861700
vt 0.08270500 0.98862300
vt 0.08270500 0.97693500
vt 0.08270500 0.97693500
vt 0.07537100 0.97692000
vt 0.07537100 0.98861700
vt 0.07388400 0.97027300
vt 0.08135000 0.97030400
vt 0.08144600 0.96612800
vt 0.08144600 0.96612800
vt 0.07384700 0.96609700
vt 0.07388400 0.97027300
vt 0.03754200 0.98622800
vt 0.04514100 0.98620400
vt 0.04512000 0.98202900
vt 0.04512000 0.98202900
vt 0.03752000 0.98205200
vt 0.03754200 0.98622800
vt 0.22565400 0.14190800
vt 0.22565400 0.14190800
vt 0.19084200 0.14190800
vt 0.20151400 0.82566400
vt 0.15516900 0.16955600
vt 0.14484900 0.16955700
vt 0.13104800 0.85331200
vt 0.13104800 0.85331200
vt 0.16583400 0.85331200
vt 0.15516900 0.16955600
vt 0.08478100 0.49535900
vt 0.07718200 0.49535300
vt 0.07721700 0.51618300
vt 0.07721700 0.51618300
vt 0.08468400 0.51619000
vt 0.08478100 0.49535900
vt 0.04238700 0.51125700
vt 0.03478900 0.51130700
vt 0.03508800 0.53213700
vt 0.03508800 0.53213700
vt 0.04255400 0.53208700
vt 0.04238700 0.51125700
vt 0.12338700 0.82566300
vt 0.11303100 0.82566300
vt 0.11386300 0.85927800
vt 0.11386300 0.85927800
vt 0.11596800 0.85927800
vt 0.12338700 0.82566300
vt 0.23323700 0.16955600
vt 0.24358500 0.16955600
vt 0.24275400 0.13594100
vt 0.24275400 0.13594100
vt 0.24065000 0.13594100
vt 0.23323700 0.16955600
vt 0.07701500 0.53824700
vt 0.08461400 0.53827900
vt 0.08469500 0.51744800
vt 0.08469500 0.51744800
vt 0.07722800 0.51741700
vt 0.07701500 0.53824700
vt 0.03514400 0.55420000
vt 0.04274300 0.55417600
vt 0.04256900 0.53334600
vt 0.04256900 0.53334600
vt 0.03510200 0.53336900
vt 0.03514400 0.55420000
vt 0.08525300 0.07167800
vt 0.07765400 0.07167200
vt 0.07718200 0.49535300
vt 0.07718200 0.49535300
vt 0.08478100 0.49535900
vt 0.08525300 0.07167800
vt 0.03779400 0.08759100
vt 0.03019500 0.08764100
vt 0.03478900 0.51130700
vt 0.03478900 0.51130700
vt 0.04238700 0.51125700
vt 0.03779400 0.08759100
vt 0.13404300 0.14190800
vt 0.09923000 0.14190700
vt 0.11303100 0.82566300
vt 0.11303100 0.82566300
vt 0.12338700 0.82566300
vt 0.13404300 0.14190800
vt 0.22259000 0.85331200
vt 0.25737600 0.85331200
vt 0.24358500 0.16955600
vt 0.24358500 0.16955600
vt 0.23323700 0.16955600
vt 0.22259000 0.85331200
vt 0.07387600 0.96192100
vt 0.08147500 0.96195300
vt 0.08461400 0.53827900
vt 0.08461400 0.53827900
vt 0.07701500 0.53824700
vt 0.07387600 0.96192100
vt 0.03749900 0.97787700
vt 0.04509800 0.97785300
vt 0.04274300 0.55417600
vt 0.04274300 0.55417600
vt 0.03514400 0.55420000
vt 0.03749900 0.97787700
vt 0.18903400 0.13517000
vt 0.18903400 0.13517000
vt 0.22582100 0.13517000
vt 0.22582100 0.13517000
vt 0.22598800 0.12843100
vt 0.22598800 0.12843100
vt 0.18332100 0.12843100
vt 0.18903400 0.13517000
vt 0.16764100 0.86005000
vt 0.13088200 0.86005100
vt 0.13071500 0.86678900
vt 0.13071500 0.86678900
vt 0.17335000 0.86678800
vt 0.16764100 0.86005000
vt 0.08525900 0.06750300
vt 0.07766000 0.06749600
vt 0.07765400 0.07167200
vt 0.07765400 0.07167200
vt 0.08525300 0.07167800
vt 0.08525900 0.06750300
vt 0.07766600 0.06332000
vt 0.08526600 0.06332700
vt 0.08527200 0.05915100
vt 0.08527200 0.05915100
vt 0.07767300 0.05914500
vt 0.07766600 0.06332000
vt 0.03774700 0.08341600
vt 0.03014800 0.08346600
vt 0.03019500 0.08764100
vt 0.03019500 0.08764100
vt 0.03779400 0.08759100
vt 0.03774700 0.08341600
vt 0.03010200 0.07929100
vt 0.03770000 0.07924000
vt 0.03765400 0.07506500
vt 0.03765400 0.07506500
vt 0.03005500 0.07511500
vt 0.03010200 0.07929100
vt 0.13584700 0.13517000
vt 0.09906300 0.13516900
vt 0.09923000 0.14190700
vt 0.09923000 0.14190700
vt 0.13404300 0.14190800
vt 0.13584700 0.13517000
vt 0.15264700 0.12169300
vt 0.15264700 0.12169300
vt 0.09873000 0.12169300
vt 0.09889600 0.12843100
vt 0.25737600 0.85331200
vt 0.25737600 0.85331200
vt 0.22259000 0.85331200
vt 0.22078700 0.86005000
vt 0.20400000 0.87352700
vt 0.20400000 0.87352700
vt 0.25787700 0.87352700
vt 0.25771000 0.86678800
vt 0.07384700 0.96609700
vt 0.08144600 0.96612800
vt 0.08147500 0.96195300
vt 0.08147500 0.96195300
vt 0.07387600 0.96192100
vt 0.07384700 0.96609700
vt 0.08135000 0.97030400
vt 0.07388400 0.97027300
vt 0.07537100 0.97692000
vt 0.07537100 0.97692000
vt 0.08270500 0.97693500
vt 0.08135000 0.97030400
vt 0.03752000 0.98205200
vt 0.04512000 0.98202900
vt 0.04509800 0.97785300
vt 0.04509800 0.97785300
vt 0.03749900 0.97787700
vt 0.03752000 0.98205200
vt 0.07395000 0.99525400
vt 0.08128400 0.99526500
vt 0.08270500 0.98862300
vt 0.08270500 0.98862300
vt 0.07537100 0.98861700
vt 0.07395000 0.99525400
vt 0.18332100 0.12843100
vt 0.22598800 0.12843100
vt 0.22615500 0.12169300
vt 0.22615500 0.12169300
vt 0.17220600 0.12169300
vt 0.18332100 0.12843100
vt 0.19084200 0.14190800
vt 0.19084200 0.14190800
vt 0.22565400 0.14190800
vt 0.22582100 0.13517000
vt 0.17335000 0.86678800
vt 0.13071500 0.86678900
vt 0.13054800 0.87352700
vt 0.13054800 0.87352700
vt 0.18445600 0.87352700
vt 0.17335000 0.86678800
vt 0.13088200 0.86005100
vt 0.16764100 0.86005000
vt 0.16583400 0.85331200
vt 0.16583400 0.85331200
vt 0.13104800 0.85331200
vt 0.13088200 0.86005100
f 193/193/193 194/194/194 195/195/195
f 196/196/196 197/197/197 198/198/198
f 199/199/199 200/200/200 201/201/201
f 202/202/202 203/203/203 204/204/204
f 205/205/205 206/206/206 207/207/207
f 208/208/208 209/209/209 210/210/210
f 211/211/211 212/212/212 213/213/213
f 214/214/214 215/215/215 216/216/216
f 217/217/217 218/218/218 219/219/219
f 220/220/220 221/221/221 222/222/222
f 223/223/223 224/224/224 225/225/225
f 226/226/226 227/227/227 228/228/228
f 229/229/229 230/230/230 231/231/231
f 232/232/232 233/233/233 234/234/234
f 235/235/235 236/236/236 237/237/237
f 238/238/238 239/239/239 240/240/240
f 241/241/241 242/242/242 243/243/243
f 244/244/244 245/245/245 246/246/246
f 247/247/247 248/248/248 249/249/249
f 250/250/250 251/251/251 252/252/252
f 253/253/253 254/254/254 255/255/255
f 256/256/256 257/257/257 258/258/258
f 259/259/259 260/260/260 261/261/261
f 262/262/262 263/263/263 264/264/264
f 265/265/265 266/266/266 267/267/267
f 268/268/268 269/269/269 270/270/270
f 271/271/271 272/272/272 273/273/273
f 274/274/274 275/275/275 276/276/276
f 277/277/277 278/278/278 279/279/279
f 280/280/280 281/281/281 282/282/282
f 283/283/283 284/284/284 285/285/285
f 286/286/286 287/287/287 288/288/288
f 289/289/289 290/290/290 291/291/291
f 291/291/291 292/292/292 289/289/289
f 293/293/293 294/294/294 295/295/295
f 296/296/296 297/297/297 298/298/298
f 299/299/299 300/300/300 301/301/301
f 302/302/302 303/303/303 304/304/304
f 305/305/305 306/306/306 307/307/307
f 308/308/308 309/309/309 310/310/310
f 311/311/311 312/312/312 313/313/313
f 314/314/314 315/315/315 316/316/316
f 317/317/317 318/318/318 319/319/319
f 320/320/320 321/321/321 322/322/322
f 323/323/323 324/324/324 325/325/325
f 326/326/326 327/327/327 328/328/328
f 329/329/329 330/330/330 331/331/331
f 332/332/332 333/333/333 334/334/334
f 335/335/335 336/336/336 337/337/337
f 338/338/338 339/339/339 340/340/340
f 341/341/341 342/342/342 343/343/343
f 344/344/344 345/345/345 346/346/346
f 347/347/347 348/348/348 349/349/349
f 350/350/350 351/351/351 352/352/352
f 353/353/353 354/354/354 355/355/355
f 355/355/355 356/356/356 353/353/353
f 357/357/357 358/358/358 359/359/359
f 360/360/360 361/361/361 362/362/362
f 363/363/363 364/364/364 365/365/365
f 366/366/366 367/367/367 368/368/368
f 369/369/369 370/370/370 371/371/371
f 372/372/372 373/373/373 374/374/374
f 375/375/375 376/376/376 377/377/377
f 378/378/378 379/379/379 380/380/380
f 381/381/381 382/382/382 383/383/383
f 384/384/384 385/385/385 386/386/386
f 387/387/387 388/388/388 389/389/389
f 390/390/390 391/391/391 392/392/392
f 393/393/393 394/394/394 395/395/395
f 396/396/396 397/397/397 398/398/398
f 399/399/399 400/400/400 401/401/401
f 402/402/402 403/403/403 404/404/404
f 405/405/405 406/406/406 407/407/407
f 408/408/408 409/409/409 410/410/410
f 411/411/411 412/412/412 413/413/413
f 414/414/414 415/415/415 416/416/416
f 417/417/417 418/418/418 419/419/419
f 420/420/420 421/421/421 422/422/422
f 423/423/423 424/424/424 425/425/425
f 426/426/426 427/427/427 428/428/428
f 429/429/429 430/430/430 431/431/431
f 432/432/432 433/433/433 434/434/434
f 435/435/435 436/436/436 437/437/437
f 438/438/438 439/439/439 440/440/440
f 441/441/441 442/442/442 443/443/443
f 444/444/444 445/445/445 446/446/446
f 447/447/447 448/448/448 449/449/449
f 450/450/450 451/451/451 452/452/452
f 453/453/453 454/454/454 455/455/455
f 456/456/456 457/457/457 458/458/458
f 459/459/459 460/460/460 461/461/461
f 462/462/462 463/463/463 464/464/464
f 465/465/465 466/466/466 467/467/467
f 468/468/468 469/469/469 470/470/470
f 471/471/471 472/472/472 473/473/473
f 474/474/474 475/475/475 476/476/476
f 477/477/477 478/478/478 479/479/479
f 480/480/480 481/481/481 482/482/482
f 483/483/483 484/484/484 485/485/485
f 486/486/486 487/487/487 488/488/488
f 489/489/489 490/490/490 491/491/491
f 492/492/492 493/493/493 494/494/494
f 495/495/495 496/496/496 497/497/497
f 498/498/498 499/499/499 500/500/500
f 501/501/501 502/502/502 503/503/503
f 504/504/504 505/505/505 506/506/506
f 507/507/507 508/508/508 509/509/509
f 510/510/510 511/511/511 512/512/512
f 513/513/513 514/514/514 515/515/515
f 516/516/516 517/517/517 518/518/518
f 519/519/519 520/520/520 521/521/521
f 522/522/522 523/523/523 524/524/524
f 525/525/525 526/526/526 527/527/527
f 528/528/528 529/529/529 530/530/530
f 531/531/531 532/532/532 533/533/533
f 534/534/534 535/535/535 536/536/536
f 537/537/537 538/538/538 539/539/539
f 540/540/540 541/541/541 542/542/542
f 543/543/543 544/544/544 545/545/545
f 546/546/546 547/547/547 548/548/548
f 549/549/549 550/550/550 551/551/551
f 552/552/552 553/553/553 554/554/554
f 555/555/555 556/556/556 557/557/557
f 558/558/558 559/559/559 560/560/560
f 561/561/561 562/562/562 563/563/563
f 563/563/563 564/564/564 561/561/561
f 565/565/565 566/566/566 567/567/567
f 568/568/568 569/569/569 570/570/570
f 571/571/571 572/572/572 573/573/573
f 574/574/574 575/575/575 576/576/576
f 577/577/577 578/578/578 579/579/579
f 580/580/580 581/581/581 582/582/582
f 583/583/583 584/584/584 585/585/585
f 586/586/586 587/587/587 588/588/588
f 589/589/589 590/590/590 591/591/591
f 592/592/592 593/593/593 594/594/594
f 595/595/595 596/596/596 597/597/597
f 598/598/598 599/599/599 600/600/600
f 601/601/601 602/602/602 603/603/603
f 604/604/604 605/605/605 606/606/606
f 607/607/607 608/608/608 609/609/609
f 610/610/610 611/611/611 612/612/612
f 613/613/613 614/614/614 615/615/615
f 616/616/616 617/617/617 618/618/618
f 619/619/619 620/620/620 621/621/621
f 622/622/622 623/623/623 624/624/624
f 625/625/625 626/626/626 627/627/627
f 628/628/628 629/629/629 630/630/630
f 631/631/631 632/632/632 633/633/633
f 634/634/634 635/635/635 636/636/636
f 637/637/637 638/638/638 639/639/639
f 640/640/640 641/641/641 642/642/642
f 643/643/643 644/644/644 645/645/645
f 646/646/646 647/647/647 648/648/648
f 649/649/649 650/650/650 651/651/651
f 652/652/652 653/653/653 654/654/654
f 655/655/655 656/656/656 657/657/657
f 658/658/658 659/659/659 660/660/660
f 661/661/661 662/662/662 663/663/663
f 664/664/664 665/665/665 666/666/666
f 667/667/667 668/668/668 669/669/669
f 670/670/670 671/671/671 672/672/672
f 673/673/673 674/674/674 675/675/675
f 676/676/676 677/677/677 678/678/678
f 679/679/679 680/680/680 681/681/681
f 682/682/682 683/683/683 684/684/684
f 685/685/685 686/686/686 687/687/687
f 688/688/688 689/689/689 690/690/690
f 691/691/691 692/692/692 693/693/693
f 694/694/694 695/695/695 696/696/696
f 697/697/697 698/698/698 699/699/699
f 700/700/700 701/701/701 702/702/702
f 703/703/703 704/704/704 705/705/705
f 706/706/706 707/707/707 708/708/708
f 709/709/709 710/710/710 711/711/711
f 712/712/712 713/713/713 714/714/714
f 715/715/715 716/716/716 717/717/717
f 718/718/718 719/719/719 720/720/720
f 721/721/721 722/722/722 723/723/723
f 724/724/724 725/725/725 726/726/726
f 727/727/727 728/728/728 729/729/729
f 730/730/730 731/731/731 732/732/732
f 733/733/733 734/734/734 735/735/735
f 736/736/736 737/737/737 738/738/738
f 739/739/739 740/740/740 741/741/741
f 742/742/742 743/743/743 744/744/744
f 745/745/745 746/746/746 747/747/747
f 748/748/748 749/749/749 750/750/750
f 751/751/751 752/752/752 753/753/753
f 754/754/754 755/755/755 756/756/756
f 757/757/757 758/758/758 759/759/759
f 760/760/760 761/761/761 762/762/762
f 763/763/763 764/764/764 765/765/765
f 766/766/766 767/767/767 768/768/768
f 769/769/769 770/770/770 771/771/771
f 772/772/772 773/773/773 774/774/774
f 775/775/775 776/776/776 777/777/777
f 778/778/778 779/779/779 780/780/780
f 781/781/781 782/782/782 783/783/783
f 784/784/784 785/785/785 786/786/786
f 787/787/787 788/788/788 789/789/789
f 790/790/790 791/791/791 792/792/792
f 793/793/793 794/794/794 795/795/795
f 796/796/796 797/797/797 798/798/798
f 799/799/799 800/800/800 801/801/801
f 802/802/802 803/803/803 804/804/804
f 805/805/805 806/806/806 807/807/807
f 808/808/808 809/809/809 810/810/810
f 811/811/811 812/812/812 813/813/813
f 814/814/814 815/815/815 816/816/816
f 817/817/817 818/818/818 819/819/819
f 820/820/820 821/821/821 822/822/822
f 823/823/823 824/824/824 825/825/825
f 826/826/826 827/827/827 828/828/828
f 829/829/829 830/830/830 831/831/831
f 832/832/832 833/833/833 834/834/834
f 835/835/835 836/836/836 837/837/837
f 838/838/838 839/839/839 840/840/840
f 841/841/841 842/842/842 843/843/843
f 844/844/844 845/845/845 846/846/846
f 847/847/847 848/848/848 849/849/849
f 850/850/850 851/851/851 852/852/852
f 853/853/853 854/854/854 855/855/855
f 856/856/856 857/857/857 858/858/858
f 859/859/859 860/860/860 861/861/861
f 862/862/862 863/863/863 864/864/864
f 865/865/865 866/866/866 867/867/867
f 868/868/868 869/869/869 870/870/870
f 871/871/871 872/872/872 873/873/873
f 874/874/874 875/875/875 876/876/876
f 877/877/877 878/878/878 879/879/879
f 880/880/880 881/881/881 882/882/882
f 883/883/883 884/884/884 885/885/885
f 886/886/886 887/887/887 888/888/888
f 889/889/889 890/890/890 891/891/891
f 892/892/892 893/893/893 894/894/894
f 895/895/895 896/896/896 897/897/897
f 898/898/898 899/899/899 900/900/900
f 901/901/901 902/902/902 903/903/903
f 904/904/904 905/905/905 906/906/906
f 907/907/907 908/908/908 909/909/909
f 910/910/910 911/911/911 912/912/912
f 913/913/913 914/914/914 915/915/915
f 916/916/916 917/917/917 918/918/918
f 919/919/919 920/920/920 921/921/921
f 922/922/922 923/923/923 924/924/924
f 925/925/925 926/926/926 927/927/927
f 928/928/928 929/929/929 930/930/930
f 931/931/931 932/932/932 933/933/933
f 934/934/934 935/935/935 936/936/936
f 937/937/937 938/938/938 939/939/939
f 940/940/940 941/941/941 942/942/942
f 943/943/943 944/944/944 945/945/945
f 946/946/946 947/947/947 948/948/948
f 949/949/949 950/950/950 951/951/951
f 952/952/952 953/953/953 954/954/954
f 1381/1381/1381 1383/1383/1383 1384/1384/1384
f 1386/1386/1386 1387/1387/1387 1388/1388/1388
f 1389/1389/1389 1390/1390/1390 1391/1391/1391
f 1392/1392/1392 1393/1393/1393 1394/1394/1394
f 1407/1407/1407 1409/1409/1409 1410/1410/1410
f 1412/1412/1412 1385/1385/1385 1382/1382/1382
f 1413/1413/1413 1415/1415/1415 1416/1416/1416
f 1418/1418/1418 1391/1391/1391 1390/1390/1390
f 1569/1569/1569 1570/1570/1570 1571/1571/1571
f 1572/1572/1572 1573/1573/1573 1574/1574/1574
f 1576/1576/1576 1578/1578/1578 1579/1579/1579
f 1580/1580/1580 1581/1581/1581 1582/1582/1582
f 1583/1583/1583 1584/1584/1584 1585/1585/1585
f 1586/1586/1586 1587/1587/1587 1588/1588/1588
f 1589/1589/1589 1590/1590/1590 1591/1591/1591
f 1592/1592/1592 1593/1593/1593 1594/1594/1594
f 1595/1595/1595 1596/1596/1596 1597/1597/1597
f 1598/1598/1598 1599/1599/1599 1600/1600/1600
f 1602/1602/1602 1603/1603/1603 1605/1605/1605
f 1577/1577/1577 1575/1575/1575 1606/1606/1606
f 1607/1607/1607 1609/1609/1609 1611/1611/1611
f 1612/1612/1612 1585/1585/1585 1584/1584/1584
f 1613/1613/1613 1616/1616/1616 1617/1617/1617
f 1618/1618/1618 1619/1619/1619 1620/1620/1620
f 1761/1761/1761 1762/1762/1762 1763/1763/1763
f 1764/1764/1764 1765/1765/1765 1768/1768/1768
f 1775/1775/1775 1776/1776/1776 1777/1777/1777
f 1778/1778/1778 1779/1779/1779 1780/1780/1780
f 1781/1781/1781 1782/1782/1782 1783/1783/1783
f 1784/1784/1784 1785/1785/1785 1786/1786/1786
f 1787/1787/1787 1788/1788/1788 1789/1789/1789
f 1790/1790/1790 1791/1791/1791 1792/1792/1792
f 1793/1793/1793 1794/1794/1794 1795/1795/1795
f 1796/1796/1796 1797/1797/1797 1798/1798/1798
f 1805/1805/1805 1806/1806/1806 1807/1807/1807
f 1808/1808/1808 1809/1809/1809 1810/1810/1810
f 1767/1767/1767 1766/1766/1766 1929/1929/1929
f 1930/1930/1930 1931/1931/1931 1932/1932/1932
f 1933/1933/1933 1934/1934/1934 1935/1935/1935
f 1936/1936/1936 1937/1937/1937 1938/1938/1938
f 1951/1951/1951 1952/1952/1952 1953/1953/1953
f 1954/1954/1954 1955/1955/1955 1956/1956/1956
f 1957/1957/1957 1958/1958/1958 1959/1959/1959
f 1960/1960/1960 1961/1961/1961 1962/1962/1962
f 1987/1987/1987 1988/1988/1988 1989/1989/1989
f 1990/1990/1990 1991/1991/1991 1992/1992/1992
f 1993/1993/1993 1994/1994/1994 1995/1995/1995
f 1996/1996/1996 1997/1997/1997 1998/1998/1998
f 2012/2012/2012 2013/2013/2013 2015/2015/2015
f 2016/2016/2016 2017/2017/2017 2018/2018/2018
f 2019/2019/2019 2020/2020/2020 2021/2021/2021
f 2022/2022/2022 2023/2023/2023 2024/2024/2024
f 2049/2049/2049 2050/2050/2050 2051/2051/2051
f 2052/2052/2052 2053/2053/2053 2054/2054/2054
f 1809/1809/1809 1808/1808/1808 2059/2059/2059
f 2060/2060/2060 2061/2061/2061 2062/2062/2062
f 2014/2014/2014 2011/2011/2011 2097/2097/2097
f 2098/2098/2098 2099/2099/2099 2100/2100/2100
f 2110/2110/2110 2111/2111/2111 2112/2112/2112
f 1/1/1 2/2/2 3/3/3
f 4/4/4 5/5/5 6/6/6
f 7/7/7 8/8/8 9/9/9
f 10/10/10 11/11/11 12/12/12
f 13/13/13 14/14/14 15/15/15
f 16/16/16 17/17/17 18/18/18
f 19/19/19 20/20/20 21/21/21
f 22/22/22 23/23/23 24/24/24
f 25/25/25 26/26/26 27/27/27
f 28/28/28 29/29/29 30/30/30
f 31/31/31 32/32/32 33/33/33
f 34/34/34 35/35/35 36/36/36
f 37/37/37 38/38/38 39/39/39
f 40/40/40 41/41/41 42/42/42
f 43/43/43 44/44/44 45/45/45
f 46/46/46 47/47/47 48/48/48
f 49/49/49 50/50/50 51/51/51
f 52/52/52 53/53/53 54/54/54
f 55/55/55 56/56/56 57/57/57
f 58/58/58 59/59/59 60/60/60
f 61/61/61 62/62/62 63/63/63
f 64/64/64 65/65/65 66/66/66
f 67/67/67 68/68/68 69/69/69
f 70/70/70 71/71/71 72/72/72
f 73/73/73 74/74/74 75/75/75
f 76/76/76 77/77/77 78/78/78
f 79/79/79 80/80/80 81/81/81
f 82/82/82 83/83/83 84/84/84
f 85/85/85 86/86/86 87/87/87
f 88/88/88 89/89/89 90/90/90
f 91/91/91 92/92/92 93/93/93
f 94/94/94 95/95/95 96/96/96
f 97/97/97 98/98/98 99/99/99
f 100/100/100 101/101/101 102/102/102
f 103/103/103 104/104/104 105/105/105
f 106/106/106 107/107/107 108/108/108
f 109/109/109 110/110/110 111/111/111
f 112/112/112 113/113/113 114/114/114
f 115/115/115 116/116/116 117/117/117
f 118/118/118 119/119/119 120/120/120
f 121/121/121 122/122/122 123/123/123
f 124/124/124 125/125/125 126/126/126
f 127/127/127 128/128/128 129/129/129
f 130/130/130 131/131/131 132/132/132
f 133/133/133 134/134/134 135/135/135
f 136/136/136 137/137/137 138/138/138
f 139/139/139 140/140/140 141/141/141
f 142/142/142 143/143/143 144/144/144
f 145/145/145 146/146/146 147/147/147
f 148/148/148 149/149/149 150/150/150
f 151/151/151 152/152/152 153/153/153
f 154/154/154 155/155/155 156/156/156
f 157/157/157 158/158/158 159/159/159
f 160/160/160 161/161/161 162/162/162
f 163/163/163 164/164/164 165/165/165
f 166/166/166 167/167/167 168/168/168
f 169/169/169 170/170/170 171/171/171
f 172/172/172 173/173/173 174/174/174
f 175/175/175 176/176/176 177/177/177
f 178/178/178 179/179/179 180/180/180
f 181/181/181 182/182/182 183/183/183
f 184/184/184 185/185/185 186/186/186
f 187/187/187 188/188/188 189/189/189
f 190/190/190 191/191/191 192/192/192
f 955/955/955 956/956/956 957/957/957
f 958/958/958 959/959/959 960/960/960
f 961/961/961 962/962/962 963/963/963
f 964/964/964 957/957/957 956/956/956
f 965/965/965 966/966/966 967/967/967
f 968/968/968 963/963/963 962/962/962
f 969/969/969 970/970/970 971/971/971
f 972/972/972 967/967/967 966/966/966
f 970/970/970 973/973/973 974/974/974
f 974/974/974 971/971/971 970/970/970
f 975/975/975 976/976/976 977/977/977
f 978/978/978 974/974/974 973/973/973
f 979/979/979 980/980/980 981/981/981
f 982/982/982 983/983/983 984/984/984
f 985/985/985 986/986/986 987/987/987
f 988/988/988 981/981/981 980/980/980
f 989/989/989 990/990/990 991/991/991
f 992/992/992 987/987/987 986/986/986
f 993/993/993 994/994/994 995/995/995
f 996/996/996 991/991/991 990/990/990
f 997/997/997 998/998/998 999/999/999
f 1000/1000/1000 995/995/995 994/994/994
f 1001/1001/1001 1002/1002/1002 1003/1003/1003
f 1004/1004/1004 999/999/999 998/998/998
f 1005/1005/1005 1006/1006/1006 1007/1007/1007
f 1008/1008/1008 1009/1009/1009 1010/1010/1010
f 1011/1011/1011 1012/1012/1012 1013/1013/1013
f 1014/1014/1014 1007/1007/1007 1006/1006/1006
f 1015/1015/1015 1016/1016/1016 1017/1017/1017
f 1018/1018/1018 1013/1013/1013 1012/1012/1012
f 1019/1019/1019 1020/1020/1020 1021/1021/1021
f 1022/1022/1022 1017/1017/1017 1016/1016/1016
f 1023/1023/1023 1024/1024/1024 1025/1025/1025
f 1026/1026/1026 1021/1021/1021 1020/1020/1020
f 1027/1027/1027 1028/1028/1028 1029/1029/1029
f 1030/1030/1030 1025/1025/1025 1024/1024/1024
f 1031/1031/1031 1032/1032/1032 1033/1033/1033
f 1034/1034/1034 1035/1035/1035 1036/1036/1036
f 1037/1037/1037 1038/1038/1038 1039/1039/1039
f 1040/1040/1040 1033/1033/1033 1032/1032/1032
f 1041/1041/1041 1042/1042/1042 1043/1043/1043
f 1044/1044/1044 1039/1039/1039 1038/1038/1038
f 1045/1045/1045 1046/1046/1046 1047/1047/1047
f 1048/1048/1048 1043/1043/1043 1042/1042/1042
f 1049/1049/1049 1050/1050/1050 1051/1051/1051
f 1052/1052/1052 1047/1047/1047 1046/1046/1046
f 1053/1053/1053 1054/1054/1054 1055/1055/1055
f 1056/1056/1056 1051/1051/1051 1050/1050/1050
f 1057/1057/1057 1058/1058/1058 1059/1059/1059
f 1060/1060/1060 1061/1061/1061 1062/1062/1062
f 1063/1063/1063 1064/1064/1064 1065/1065/1065
f 1066/1066/1066 1059/1059/1059 1058/1058/1058
f 1067/1067/1067 1068/1068/1068 1069/1069/1069
f 1070/1070/1070 1065/1065/1065 1064/1064/1064
f 1071/1071/1071 1072/1072/1072 1073/1073/1073
f 1074/1074/1074 1069/1069/1069 1068/1068/1068
f 1075/1075/1075 1076/1076/1076 1077/1077/1077
f 1078/1078/1078 1073/1073/1073 1072/1072/1072
f 1079/1079/1079 1080/1080/1080 1081/1081/1081
f 1082/1082/1082 1077/1077/1077 1076/1076/1076
f 1083/1083/1083 1084/1084/1084 1085/1085/1085
f 1086/1086/1086 1087/1087/1087 1088/1088/1088
f 1089/1089/1089 1090/1090/1090 1091/1091/1091
f 1084/1084/1084 1083/1083/1083 1092/1092/1092
f 1093/1093/1093 1094/1094/1094 1095/1095/1095
f 1090/1090/1090 1089/1089/1089 1096/1096/1096
f 1097/1097/1097 1098/1098/1098 1099/1099/1099
f 1100/1100/1100 1094/1094/1094 1093/1093/1093
f 1101/1101/1101 1102/1102/1102 1103/1103/1103
f 1104/1104/1104 1099/1099/1099 1098/1098/1098
f 1105/1105/1105 1106/1106/1106 1107/1107/1107
f 1108/1108/1108 1103/1103/1103 1102/1102/1102
f 1109/1109/1109 1110/1110/1110 1111/1111/1111
f 1112/1112/1112 1113/1113/1113 1114/1114/1114
f 1115/1115/1115 1116/1116/1116 1117/1117/1117
f 1118/1118/1118 1111/1111/1111 1110/1110/1110
f 1119/1119/1119 1120/1120/1120 1121/1121/1121
f 1122/1122/1122 1117/1117/1117 1116/1116/1116
f 1123/1123/1123 1124/1124/1124 1125/1125/1125
f 1126/1126/1126 1121/1121/1121 1120/1120/1120
f 1127/1127/1127 1128/1128/1128 1129/1129/1129
f 1130/1130/1130 1125/1125/1125 1124/1124/1124
f 1131/1131/1131 1132/1132/1132 1133/1133/1133
f 1134/1134/1134 1129/1129/1129 1128/1128/1128
f 1135/1135/1135 1136/1136/1136 1137/1137/1137
f 1138/1138/1138 1139/1139/1139 1140/1140/1140
f 1141/1141/1141 1142/1142/1142 1143/1143/1143
f 1136/1136/1136 1135/1135/1135 1144/1144/1144
f 1145/1145/1145 1146/1146/1146 1147/1147/1147
f 1142/1142/1142 1141/1141/1141 1148/1148/1148
f 1149/1149/1149 1146/1146/1146 1145/1145/1145
f 1150/1150/1150 1151/1151/1151 1152/1152/1152
f 1153/1153/1153 1152/1152/1152 1151/1151/1151
f 1154/1154/1154 1155/1155/1155 1156/1156/1156
f 1157/1157/1157 1156/1156/1156 1155/1155/1155
f 1158/1158/1158 1159/1159/1159 1160/1160/1160
f 1161/1161/1161 1162/1162/1162 1163/1163/1163
f 1164/1164/1164 1165/1165/1165 1166/1166/1166
f 1165/1165/1165 1164/1164/1164 1167/1167/1167
f 1168/1168/1168 1169/1169/1169 1170/1170/1170
f 1169/1169/1169 1168/1168/1168 1171/1171/1171
f 1172/1172/1172 1173/1173/1173 1174/1174/1174
f 1173/1173/1173 1172/1172/1172 1175/1175/1175
f 1176/1176/1176 1177/1177/1177 1178/1178/1178
f 1177/1177/1177 1176/1176/1176 1179/1179/1179
f 1180/1180/1180 1181/1181/1181 1182/1182/1182
f 1181/1181/1181 1180/1180/1180 1183/1183/1183
f 1184/1184/1184 1185/1185/1185 1186/1186/1186
f 1187/1187/1187 1188/1188/1188 1189/1189/1189
f 1190/1190/1190 1191/1191/1191 1192/1192/1192
f 1191/1191/1191 1190/1190/1190 1193/1193/1193
f 1194/1194/1194 1195/1195/1195 1196/1196/1196
f 1195/1195/1195 1194/1194/1194 1197/1197/1197
f 1198/1198/1198 1199/1199/1199 1200/1200/1200
f 1199/1199/1199 1198/1198/1198 1201/1201/1201
f 1202/1202/1202 1203/1203/1203 1204/1204/1204
f 1203/1203/1203 1202/1202/1202 1205/1205/1205
f 1206/1206/1206 1207/1207/1207 1208/1208/1208
f 1207/1207/1207 1206/1206/1206 1209/1209/1209
f 1210/1210/1210 1211/1211/1211 1212/1212/1212
f 1213/1213/1213 1214/1214/1214 1215/1215/1215
f 1216/1216/1216 1217/1217/1217 1218/1218/1218
f 1217/1217/1217 1216/1216/1216 1219/1219/1219
f 1220/1220/1220 1221/1221/1221 1222/1222/1222
f 1221/1221/1221 1220/1220/1220 1223/1223/1223
f 1224/1224/1224 1225/1225/1225 1226/1226/1226
f 1225/1225/1225 1224/1224/1224 1227/1227/1227
f 1228/1228/1228 1229/1229/1229 1230/1230/1230
f 1229/1229/1229 1228/1228/1228 1231/1231/1231
f 1232/1232/1232 1233/1233/1233 1234/1234/1234
f 1233/1233/1233 1232/1232/1232 1235/1235/1235
f 1236/1236/1236 1237/1237/1237 1238/1238/1238
f 1239/1239/1239 1240/1240/1240 1241/1241/1241
f 1242/1242/1242 1243/1243/1243 1244/1244/1244
f 1243/1243/1243 1242/1242/1242 1245/1245/1245
f 1246/1246/1246 1247/1247/1247 1248/1248/1248
f 1247/1247/1247 1246/1246/1246 1249/1249/1249
f 1250/1250/1250 1251/1251/1251 1252/1252/1252
f 1251/1251/1251 1250/1250/1250 1253/1253/1253
f 1254/1254/1254 1255/1255/1255 1256/1256/1256
f 1255/1255/1255 1254/1254/1254 1257/1257/1257
f 1258/1258/1258 1259/1259/1259 1260/1260/1260
f 1259/1259/1259 1258/1258/1258 1261/1261/1261
f 1262/1262/1262 1263/1263/1263 1264/1264/1264
f 1265/1265/1265 1266/1266/1266 1267/1267/1267
f 1268/1268/1268 1269/1269/1269 1270/1270/1270
f 1269/1269/1269 1268/1268/1268 1271/1271/1271
f 1272/1272/1272 1273/1273/1273 1274/1274/1274
f 1273/1273/1273 1272/1272/1272 1275/1275/1275
f 1276/1276/1276 1277/1277/1277 1278/1278/1278
f 1277/1277/1277 1276/1276/1276 1279/1279/1279
f 1280/1280/1280 1281/1281/1281 1282/1282/1282
f 1281/1281/1281 1280/1280/1280 1283/1283/1283
f 1284/1284/1284 1285/1285/1285 1286/1286/1286
f 1285/1285/1285 1284/1284/1284 1287/1287/1287
f 1288/1288/1288 1289/1289/1289 1290/1290/1290
f 1291/1291/1291 1292/1292/1292 1293/1293/1293
f 1294/1294/1294 1295/1295/1295 1296/1296/1296
f 1297/1297/1297 1296/1296/1296 1295/1295/1295
f 1298/1298/1298 1299/1299/1299 1300/1300/1300
f 1301/1301/1301 1300/1300/1300 1299/1299/1299
f 1302/1302/1302 1303/1303/1303 1304/1304/1304
f 1304/1304/1304 1303/1303/1303 1305/1305/1305
f 1306/1306/1306 1307/1307/1307 1308/1308/1308
f 1307/1307/1307 1306/1306/1306 1309/1309/1309
f 1310/1310/1310 1311/1311/1311 1312/1312/1312
f 1311/1311/1311 1310/1310/1310 1313/1313/1313
f 1314/1314/1314 1315/1315/1315 1316/1316/1316
f 1317/1317/1317 1318/1318/1318 1319/1319/1319
f 1320/1320/1320 1321/1321/1321 1322/1322/1322
f 1321/1321/1321 1320/1320/1320 1323/1323/1323
f 1324/1324/1324 1325/1325/1325 1326/1326/1326
f 1325/1325/1325 1324/1324/1324 1327/1327/1327
f 1328/1328/1328 1329/1329/1329 1330/1330/1330
f 1329/1329/1329 1328/1328/1328 1331/1331/1331
f 1332/1332/1332 1333/1333/1333 1334/1334/1334
f 1333/1333/1333 1332/1332/1332 1335/1335/1335
f 1336/1336/1336 1337/1337/1337 1338/1338/1338
f 1337/1337/1337 1336/1336/1336 1339/1339/1339
f 1340/1340/1340 1341/1341/1341 1342/1342/1342
f 1343/1343/1343 1344/1344/1344 1345/1345/1345
f 1346/1346/1346 1347/1347/1347 1348/1348/1348
f 1349/1349/1349 1348/1348/1348 1347/1347/1347
f 1350/1350/1350 1351/1351/1351 1352/1352/1352
f 1353/1353/1353 1352/1352/1352 1351/1351/1351
f 1354/1354/1354 1355/1355/1355 1356/1356/1356
f 1357/1357/1357 1358/1358/1358 1359/1359/1359
f 1356/1356/1356 1355/1355/1355 1360/1360/1360
f 1361/1361/1361 1362/1362/1362 1363/1363/1363
f 1358/1358/1358 1357/1357/1357 1364/1364/1364
f 1365/1365/1365 1366/1366/1366 1367/1367/1367
f 1362/1362/1362 1361/1361/1361 1368/1368/1368
f 1369/1369/1369 1370/1370/1370 1371/1371/1371
f 1372/1372/1372 1373/1373/1373 1374/1374/1374
f 1375/1375/1375 1376/1376/1376 1377/1377/1377
f 1378/1378/1378 1379/1379/1379 1380/1380/1380
f 1395/1395/1395 1396/1396/1396 1397/1397/1397
f 1398/1398/1398 1399/1399/1399 1400/1400/1400
f 1401/1401/1401 1402/1402/1402 1403/1403/1403
f 1404/1404/1404 1405/1405/1405 1406/1406/1406
f 1419/1419/1419 1420/1420/1420 1421/1421/1421
f 1422/1422/1422 1423/1423/1423 1424/1424/1424
f 1425/1425/1425 1426/1426/1426 1427/1427/1427
f 1428/1428/1428 1429/1429/1429 1430/1430/1430
f 1431/1431/1431 1432/1432/1432 1433/1433/1433
f 1434/1434/1434 1411/1411/1411 1408/1408/1408
f 1435/1435/1435 1436/1436/1436 1437/1437/1437
f 1438/1438/1438 1417/1417/1417 1414/1414/1414
f 1439/1439/1439 1440/1440/1440 1441/1441/1441
f 1442/1442/1442 1443/1443/1443 1444/1444/1444
f 1445/1445/1445 1446/1446/1446 1447/1447/1447
f 1448/1448/1448 1449/1449/1449 1450/1450/1450
f 1451/1451/1451 1452/1452/1452 1453/1453/1453
f 1454/1454/1454 1433/1433/1433 1432/1432/1432
f 1455/1455/1455 1456/1456/1456 1457/1457/1457
f 1458/1458/1458 1437/1437/1437 1436/1436/1436
f 1459/1459/1459 1460/1460/1460 1461/1461/1461
f 1462/1462/1462 1463/1463/1463 1464/1464/1464
f 1465/1465/1465 1466/1466/1466 1467/1467/1467
f 1468/1468/1468 1469/1469/1469 1470/1470/1470
f 1471/1471/1471 1472/1472/1472 1473/1473/1473
f 1474/1474/1474 1475/1475/1475 1476/1476/1476
f 1477/1477/1477 1478/1478/1478 1479/1479/1479
f 1480/1480/1480 1481/1481/1481 1482/1482/1482
f 1483/1483/1483 1484/1484/1484 1485/1485/1485
f 1486/1486/1486 1487/1487/1487 1488/1488/1488
f 1489/1489/1489 1490/1490/1490 1491/1491/1491
f 1492/1492/1492 1493/1493/1493 1494/1494/1494
f 1495/1495/1495 1496/1496/1496 1497/1497/1497
f 1498/1498/1498 1499/1499/1499 1500/1500/1500
f 1501/1501/1501 1502/1502/1502 1503/1503/1503
f 1504/1504/1504 1505/1505/1505 1506/1506/1506
f 1507/1507/1507 1508/1508/1508 1509/1509/1509
f 1510/1510/1510 1511/1511/1511 1512/1512/1512
f 1513/1513/1513 1514/1514/1514 1515/1515/1515
f 1516/1516/1516 1517/1517/1517 1518/1518/1518
f 1519/1519/1519 1497/1497/1497 1496/1496/1496
f 1520/1520/1520 1476/1476/1476 1475/1475/1475
f 1521/1521/1521 1503/1503/1503 1502/1502/1502
f 1522/1522/1522 1482/1482/1482 1481/1481/1481
f 1523/1523/1523 1524/1524/1524 1525/1525/1525
f 1526/1526/1526 1527/1527/1527 1528/1528/1528
f 1529/1529/1529 1530/1530/1530 1531/1531/1531
f 1532/1532/1532 1533/1533/1533 1534/1534/1534
f 1535/1535/1535 1536/1536/1536 1537/1537/1537
f 1538/1538/1538 1539/1539/1539 1540/1540/1540
f 1541/1541/1541 1542/1542/1542 1543/1543/1543
f 1544/1544/1544 1506/1506/1506 1505/1505/1505
f 1545/1545/1545 1546/1546/1546 1547/1547/1547
f 1548/1548/1548 1549/1549/1549 1550/1550/1550
f 1551/1551/1551 1552/1552/1552 1553/1553/1553
f 1554/1554/1554 1555/1555/1555 1556/1556/1556
f 1557/1557/1557 1558/1558/1558 1559/1559/1559
f 1560/1560/1560 1561/1561/1561 1562/1562/1562
f 1563/1563/1563 1564/1564/1564 1565/1565/1565
f 1566/1566/1566 1567/1567/1567 1568/1568/1568
f 1621/1621/1621 1622/1622/1622 1623/1623/1623
f 1624/1624/1624 1625/1625/1625 1626/1626/1626
f 1627/1627/1627 1628/1628/1628 1629/1629/1629
f 1604/1604/1604 1601/1601/1601 1630/1630/1630
f 1631/1631/1631 1632/1632/1632 1633/1633/1633
f 1634/1634/1634 1610/1610/1610 1608/1608/1608
f 1635/1635/1635 1636/1636/1636 1637/1637/1637
f 1615/1615/1615 1614/1614/1614 1638/1638/1638
f 1639/1639/1639 1640/1640/1640 1641/1641/1641
f 1642/1642/1642 1623/1623/1623 1622/1622/1622
f 1643/1643/1643 1644/1644/1644 1645/1645/1645
f 1628/1628/1628 1627/1627/1627 1646/1646/1646
f 1647/1647/1647 1648/1648/1648 1649/1649/1649
f 1650/1650/1650 1651/1651/1651 1652/1652/1652
f 1653/1653/1653 1654/1654/1654 1655/1655/1655
f 1636/1636/1636 1635/1635/1635 1656/1656/1656
f 1657/1657/1657 1658/1658/1658 1659/1659/1659
f 1660/1660/1660 1661/1661/1661 1662/1662/1662
f 1663/1663/1663 1664/1664/1664 1665/1665/1665
f 1666/1666/1666 1667/1667/1667 1668/1668/1668
f 1669/1669/1669 1670/1670/1670 1671/1671/1671
f 1672/1672/1672 1673/1673/1673 1674/1674/1674
f 1675/1675/1675 1676/1676/1676 1677/1677/1677
f 1678/1678/1678 1679/1679/1679 1680/1680/1680
f 1681/1681/1681 1682/1682/1682 1683/1683/1683
f 1684/1684/1684 1685/1685/1685 1686/1686/1686
f 1687/1687/1687 1688/1688/1688 1689/1689/1689
f 1690/1690/1690 1691/1691/1691 1692/1692/1692
f 1693/1693/1693 1694/1694/1694 1695/1695/1695
f 1696/1696/1696 1697/1697/1697 1698/1698/1698
f 1699/1699/1699 1700/1700/1700 1701/1701/1701
f 1702/1702/1702 1703/1703/1703 1704/1704/1704
f 1705/1705/1705 1706/1706/1706 1707/1707/1707
f 1688/1688/1688 1687/1687/1687 1708/1708/1708
f 1709/1709/1709 1662/1662/1662 1661/1661/1661
f 1710/1710/1710 1711/1711/1711 1712/1712/1712
f 1679/1679/1679 1678/1678/1678 1713/1713/1713
f 1700/1700/1700 1699/1699/1699 1714/1714/1714
f 1715/1715/1715 1674/1674/1674 1673/1673/1673
f 1716/1716/1716 1717/1717/1717 1718/1718/1718
f 1719/1719/1719 1720/1720/1720 1721/1721/1721
f 1722/1722/1722 1723/1723/1723 1724/1724/1724
f 1725/1725/1725 1726/1726/1726 1727/1727/1727
f 1728/1728/1728 1729/1729/1729 1730/1730/1730
f 1731/1731/1731 1732/1732/1732 1733/1733/1733
f 1734/1734/1734 1735/1735/1735 1736/1736/1736
f 1737/1737/1737 1738/1738/1738 1739/1739/1739
f 1740/1740/1740 1741/1741/1741 1742/1742/1742
f 1743/1743/1743 1744/1744/1744 1745/1745/1745
f 1746/1746/1746 1747/1747/1747 1748/1748/1748
f 1749/1749/1749 1750/1750/1750 1751/1751/1751
f 1752/1752/1752 1753/1753/1753 1754/1754/1754
f 1755/1755/1755 1756/1756/1756 1757/1757/1757
f 1758/1758/1758 1759/1759/1759 1760/1760/1760
f 1769/1769/1769 1770/1770/1770 1771/1771/1771
f 1772/1772/1772 1773/1773/1773 1774/1774/1774
f 1799/1799/1799 1800/1800/1800 1801/1801/1801
f 1802/1802/1802 1803/1803/1803 1804/1804/1804
f 1811/1811/1811 1812/1812/1812 1813/1813/1813
f 1814/1814/1814 1815/1815/1815 1816/1816/1816
f 1817/1817/1817 1818/1818/1818 1819/1819/1819
f 1820/1820/1820 1821/1821/1821 1822/1822/1822
f 1823/1823/1823 1824/1824/1824 1825/1825/1825
f 1826/1826/1826 1827/1827/1827 1828/1828/1828
f 1829/1829/1829 1830/1830/1830 1831/1831/1831
f 1832/1832/1832 1833/1833/1833 1834/1834/1834
f 1835/1835/1835 1836/1836/1836 1837/1837/1837
f 1838/1838/1838 1839/1839/1839 1840/1840/1840
f 1841/1841/1841 1842/1842/1842 1843/1843/1843
f 1844/1844/1844 1845/1845/1845 1846/1846/1846
f 1847/1847/1847 1848/1848/1848 1849/1849/1849
f 1850/1850/1850 1851/1851/1851 1852/1852/1852
f 1853/1853/1853 1854/1854/1854 1855/1855/1855
f 1856/1856/1856 1857/1857/1857 1858/1858/1858
f 1859/1859/1859 1860/1860/1860 1861/1861/1861
f 1543/1543/1543 1542/1542/1542 1862/1862/1862
f 1863/1863/1863 1864/1864/1864 1865/1865/1865
f 1866/1866/1866 1867/1867/1867 1868/1868/1868
f 1869/1869/1869 1870/1870/1870 1871/1871/1871
f 1872/1872/1872 1873/1873/1873 1874/1874/1874
f 1875/1875/1875 1876/1876/1876 1877/1877/1877
f 1878/1878/1878 1879/1879/1879 1880/1880/1880
f 1881/1881/1881 1882/1882/1882 1883/1883/1883
f 1884/1884/1884 1885/1885/1885 1886/1886/1886
f 1887/1887/1887 1888/1888/1888 1889/1889/1889
f 1890/1890/1890 1891/1891/1891 1892/1892/1892
f 1893/1893/1893 1894/1894/1894 1895/1895/1895
f 1896/1896/1896 1897/1897/1897 1898/1898/1898
f 1899/1899/1899 1900/1900/1900 1901/1901/1901
f 1902/1902/1902 1903/1903/1903 1904/1904/1904
f 1905/1905/1905 1906/1906/1906 1907/1907/1907
f 1908/1908/1908 1909/1909/1909 1910/1910/1910
f 1911/1911/1911 1912/1912/1912 1913/1913/1913
f 1914/1914/1914 1915/1915/1915 1916/1916/1916
f 1917/1917/1917 1918/1918/1918 1919/1919/1919
f 1920/1920/1920 1921/1921/1921 1922/1922/1922
f 1923/1923/1923 1924/1924/1924 1925/1925/1925
f 1926/1926/1926 1927/1927/1927 1928/1928/1928
f 1939/1939/1939 1940/1940/1940 1941/1941/1941
f 1942/1942/1942 1943/1943/1943 1944/1944/1944
f 1945/1945/1945 1946/1946/1946 1947/1947/1947
f 1948/1948/1948 1949/1949/1949 1950/1950/1950
f 1963/1963/1963 1964/1964/1964 1965/1965/1965
f 1966/1966/1966 1967/1967/1967 1968/1968/1968
f 1969/1969/1969 1970/1970/1970 1971/1971/1971
f 1972/1972/1972 1973/1973/1973 1974/1974/1974
f 1975/1975/1975 1976/1976/1976 1977/1977/1977
f 1978/1978/1978 1979/1979/1979 1980/1980/1980
f 1981/1981/1981 1982/1982/1982 1983/1983/1983
f 1984/1984/1984 1985/1985/1985 1986/1986/1986
f 1999/1999/1999 2000/2000/2000 2001/2001/2001
f 2002/2002/2002 2003/2003/2003 2004/2004/2004
f 2005/2005/2005 2006/2006/2006 2007/2007/2007
f 2008/2008/2008 2009/2009/2009 2010/2010/2010
f 2025/2025/2025 2026/2026/2026 2027/2027/2027
f 2028/2028/2028 2029/2029/2029 2030/2030/2030
f 2031/2031/2031 2032/2032/2032 2033/2033/2033
f 2034/2034/2034 2035/2035/2035 2036/2036/2036
f 2037/2037/2037 2038/2038/2038 2039/2039/2039
f 2040/2040/2040 2041/2041/2041 2042/2042/2042
f 2043/2043/2043 2044/2044/2044 2045/2045/2045
f 2046/2046/2046 2047/2047/2047 2048/2048/2048
f 1794/1794/1794 1793/1793/1793 2055/2055/2055
f 2056/2056/2056 2057/2057/2057 2058/2058/2058
f 1806/1806/1806 1805/1805/1805 2063/2063/2063
f 2064/2064/2064 2065/2065/2065 2066/2066/2066
f 2067/2067/2067 2068/2068/2068 2069/2069/2069
f 2070/2070/2070 2071/2071/2071 2072/2072/2072
f 2073/2073/2073 2074/2074/2074 2075/2075/2075
f 2076/2076/2076 2077/2077/2077 2078/2078/2078
f 2079/2079/2079 2080/2080/2080 2081/2081/2081
f 2082/2082/2082 2083/2083/2083 2084/2084/2084
f 2085/2085/2085 2086/2086/2086 2087/2087/2087
f 2088/2088/2088 2089/2089/2089 2090/2090/2090
f 2091/2091/2091 2092/2092/2092 2093/2093/2093
f 2094/2094/2094 2095/2095/2095 2096/2096/2096
f 2101/2101/2101 2102/2102/2102 2103/2103/2103
f 2104/2104/2104 2105/2105/2105 2106/2106/2106
f 2107/2107/2107 2108/2108/2108 2109/2109/2109