# https://github.com/mikedh/trimesh
mtllib material.mtl
usemtl material_0
v -0.46403475 0.04985312 0.06789914
v -0.46455267 0.04459038 0.06789914
v -0.46455267 0.04459038 0.33764522
v -0.46455267 0.04459038 0.33764522
v -0.46403475 0.04985312 0.33764522
v -0.46403475 0.04985312 0.06789914
v -0.46249720 0.05491086 0.06789914
v -0.46403475 0.04985312 0.06789914
v -0.46403475 0.04985312 0.33764522
v -0.46403475 0.04985312 0.33764522
v -0.46249720 0.05491086 0.33764522
v -0.46249720 0.05491086 0.06789914
v -0.46000475 0.05957477 0.06789914
v -0.46249720 0.05491086 0.06789914
v -0.46249720 0.05491086 0.33764522
v -0.46249720 0.05491086 0.33764522
v -0.46000475 0.05957477 0.33764522
v -0.46000475 0.05957477 0.06789914
v -0.45665180 0.06366412 0.06789914
v -0.46000475 0.05957477 0.06789914
v -0.46000475 0.05957477 0.33764522
v -0.46000475 0.05957477 0.33764522
v -0.45665180 0.06366412 0.33764522
v -0.45665180 0.06366412 0.06789914
v -0.45256245 0.06701707 0.06789914
v -0.45665180 0.06366412 0.06789914
v -0.45665180 0.06366412 0.33764522
v -0.45665180 0.06366412 0.33764522
v -0.45256245 0.06701707 0.33764522
v -0.45256245 0.06701707 0.06789914
v -0.44790124 0.06950952 0.06789914
v -0.45256245 0.06701707 0.06789914
v -0.45256245 0.06701707 0.33764522
v -0.45256245 0.06701707 0.33764522
v -0.44790124 0.06950952 0.33764522
v -0.44790124 0.06950952 0.06789914
v -0.44284080 0.07104438 0.06789914
v -0.44790124 0.06950952 0.06789914
v -0.44790124 0.06950952 0.33764522
v -0.44790124 0.06950952 0.33764522
v -0.44284080 0.07104438 0.33764522
v -0.44284080 0.07104438 0.06789914
v -0.43757806 0.07156499 0.06789914
v -0.44284080 0.07104438 0.06789914
v -0.44284080 0.07104438 0.33764522
v -0.44284080 0.07104438 0.33764522
v -0.43757806 0.07156499 0.33764522
v -0.43757806 0.07156499 0.06789914
v -0.43231531 0.07104438 0.06789914
v -0.43757806 0.07156499 0.06789914
v -0.43757806 0.07156499 0.33764522
v -0.43757806 0.07156499 0.33764522
v -0.43231531 0.07104438 0.33764522
v -0.43231531 0.07104438 0.06789914
v -0.42725487 0.06950952 0.06789914
v -0.43231531 0.07104438 0.06789914
v -0.43231531 0.07104438 0.33764522
v -0.43231531 0.07104438 0.33764522
v -0.42725487 0.06950952 0.33764522
v -0.42725487 0.06950952 0.06789914
v -0.42259097 0.06701707 0.06789914
v -0.42725487 0.06950952 0.06789914
v -0.42725487 0.06950952 0.33764522
v -0.42725487 0.06950952 0.33764522
v -0.42259097 0.06701707 0.33764522
v -0.42259097 0.06701707 0.06789914
v -0.41850431 0.06366412 0.06789914
v -0.42259097 0.06701707 0.06789914
v -0.42259097 0.06701707 0.33764522
v -0.42259097 0.06701707 0.33764522
v -0.41850431 0.06366412 0.33764522
v -0.41850431 0.06366412 0.06789914
v -0.41514867 0.05957477 0.06789914
v -0.41850431 0.06366412 0.06789914
v -0.41850431 0.06366412 0.33764522
v -0.41850431 0.06366412 0.33764522
v -0.41514867 0.05957477 0.33764522
v -0.41514867 0.05957477 0.06789914
v -0.41265622 0.05491086 0.06789914
v -0.41514867 0.05957477 0.06789914
v -0.41514867 0.05957477 0.33764522
v -0.41514867 0.05957477 0.33764522
v -0.41265622 0.05491086 0.33764522
v -0.41265622 0.05491086 0.06789914
v -0.41112136 0.04985312 0.06789914
v -0.41265622 0.05491086 0.06789914
v -0.41265622 0.05491086 0.33764522
v -0.41265622 0.05491086 0.33764522
v -0.41112136 0.04985312 0.33764522
v -0.41112136 0.04985312 0.06789914
v -0.41060345 0.04459038 0.06789914
v -0.41112136 0.04985312 0.06789914
v -0.41112136 0.04985312 0.33764522
v -0.41112136 0.04985312 0.33764522
v -0.41060345 0.04459038 0.33764522
v -0.41060345 0.04459038 0.06789914
v -0.41112136 0.03932763 0.06789914
v -0.41060345 0.04459038 0.06789914
v -0.41060345 0.04459038 0.33764522
v -0.41060345 0.04459038 0.33764522
v -0.41112136 0.03932763 0.33764522
v -0.41112136 0.03932763 0.06789914
v -0.41265622 0.03426719 0.06789914
v -0.41112136 0.03932763 0.06789914
v -0.41112136 0.03932763 0.33764522
v -0.41112136 0.03932763 0.33764522
v -0.41265622 0.03426719 0.33764522
v -0.41265622 0.03426719 0.06789914
v -0.41514867 0.02960328 0.06789914
v -0.41265622 0.03426719 0.06789914
v -0.41265622 0.03426719 0.33764522
v -0.41265622 0.03426719 0.33764522
v -0.41514867 0.02960328 0.33764522
v -0.41514867 0.02960328 0.06789914
v -0.41850431 0.02551663 0.06789914
v -0.41514867 0.02960328 0.06789914
v -0.41514867 0.02960328 0.33764522
v -0.41514867 0.02960328 0.33764522
v -0.41850431 0.02551663 0.33764522
v -0.41850431 0.02551663 0.06789914
v -0.42259097 0.02216099 0.06789914
v -0.41850431 0.02551663 0.06789914
v -0.41850431 0.02551663 0.33764522
v -0.41850431 0.02551663 0.33764522
v -0.42259097 0.02216099 0.33764522
v -0.42259097 0.02216099 0.06789914
v -0.42725487 0.01966854 0.06789914
v -0.42259097 0.02216099 0.06789914
v -0.42259097 0.02216099 0.33764522
v -0.42259097 0.02216099 0.33764522
v -0.42725487 0.01966854 0.33764522
v -0.42725487 0.01966854 0.06789914
v -0.43231531 0.01813368 0.06789914
v -0.42725487 0.01966854 0.06789914
v -0.42725487 0.01966854 0.33764522
v -0.42725487 0.01966854 0.33764522
v -0.43231531 0.01813368 0.33764522
v -0.43231531 0.01813368 0.06789914
v -0.43757806 0.01761577 0.06789914
v -0.43231531 0.01813368 0.06789914
v -0.43231531 0.01813368 0.33764522
v -0.43231531 0.01813368 0.33764522
v -0.43757806 0.01761577 0.33764522
v -0.43757806 0.01761577 0.06789914
v -0.44284080 0.01813368 0.06789914
v -0.43757806 0.01761577 0.06789914
v -0.43757806 0.01761577 0.33764522
v -0.43757806 0.01761577 0.33764522
v -0.44284080 0.01813368 0.33764522
v -0.44284080 0.01813368 0.06789914
v -0.44790124 0.01966854 0.06789914
v -0.44284080 0.01813368 0.06789914
v -0.44284080 0.01813368 0.33764522
v -0.44284080 0.01813368 0.33764522
v -0.44790124 0.01966854 0.33764522
v -0.44790124 0.01966854 0.06789914
v -0.45256245 0.02216099 0.06789914
v -0.44790124 0.01966854 0.06789914
v -0.44790124 0.01966854 0.33764522
v -0.44790124 0.01966854 0.33764522
v -0.45256245 0.02216099 0.33764522
v -0.45256245 0.02216099 0.06789914
v -0.45665180 0.02551663 0.06789914
v -0.45256245 0.02216099 0.06789914
v -0.45256245 0.02216099 0.33764522
v -0.45256245 0.02216099 0.33764522
v -0.45665180 0.02551663 0.33764522
v -0.45665180 0.02551663 0.06789914
v -0.46000475 0.02960328 0.06789914
v -0.45665180 0.02551663 0.06789914
v -0.45665180 0.02551663 0.33764522
v -0.45665180 0.02551663 0.33764522
v -0.46000475 0.02960328 0.33764522
v -0.46000475 0.02960328 0.06789914
v -0.46249720 0.03426719 0.06789914
v -0.46000475 0.02960328 0.06789914
v -0.46000475 0.02960328 0.33764522
v -0.46000475 0.02960328 0.33764522
v -0.46249720 0.03426719 0.33764522
v -0.46249720 0.03426719 0.06789914
v -0.46403475 0.03932763 0.06789914
v -0.46249720 0.03426719 0.06789914
v -0.46249720 0.03426719 0.33764522
v -0.46249720 0.03426719 0.33764522
v -0.46403475 0.03932763 0.33764522
v -0.46403475 0.03932763 0.06789914
v -0.46455267 0.04459038 0.06789914
v -0.46403475 0.03932763 0.06789914
v -0.46403475 0.03932763 0.33764522
v -0.46403475 0.03932763 0.33764522
v -0.46455267 0.04459038 0.33764522
v -0.46455267 0.04459038 0.06789914
v -0.46035811 0.04459038 0.33764522
v -0.45945716 0.05072980 0.33764522
v -0.46403475 0.04985312 0.33764522
v -0.46403475 0.04985312 0.33764522
v -0.46455267 0.04459038 0.33764522
v -0.46035811 0.04459038 0.33764522
v -0.45945716 0.05072980 0.33764522
v -0.45777395 0.05687192 0.33764522
v -0.46249720 0.05491086 0.33764522
v -0.46249720 0.05491086 0.33764522
v -0.46403475 0.04985312 0.33764522
v -0.45945716 0.05072980 0.33764522
v -0.45777395 0.05687192 0.33764522
v -0.45536511 0.06301134 0.33764522
v -0.46000475 0.05957477 0.33764522
v -0.46000475 0.05957477 0.33764522
v -0.46249720 0.05491086 0.33764522
v -0.45777395 0.05687192 0.33764522
v -0.45536511 0.06301134 0.33764522
v -0.45256245 0.06701707 0.33764522
v -0.45665180 0.06366412 0.33764522
v -0.45665180 0.06366412 0.33764522
v -0.46000475 0.05957477 0.33764522
v -0.45536511 0.06301134 0.33764522
v -0.45536511 0.06301134 0.33764522
v -0.44982993 0.06505871 0.33764522
v -0.44790124 0.06950952 0.33764522
v -0.44790124 0.06950952 0.33764522
v -0.45256245 0.06701707 0.33764522
v -0.45536511 0.06301134 0.33764522
v -0.44982993 0.06505871 0.33764522
v -0.44382268 0.06631842 0.33764522
v -0.44284080 0.07104438 0.33764522
v -0.44284080 0.07104438 0.33764522
v -0.44790124 0.06950952 0.33764522
v -0.44982993 0.06505871 0.33764522
v -0.44382268 0.06631842 0.33764522
v -0.43757806 0.06674462 0.33764522
v -0.43757806 0.07156499 0.33764522
v -0.43757806 0.07156499 0.33764522
v -0.44284080 0.07104438 0.33764522
v -0.44382268 0.06631842 0.33764522
v -0.43757806 0.06674462 0.33764522
v -0.43133074 0.06631842 0.33764522
v -0.43231531 0.07104438 0.33764522
v -0.43231531 0.07104438 0.33764522
v -0.43757806 0.07156499 0.33764522
v -0.43757806 0.06674462 0.33764522
v -0.43133074 0.06631842 0.33764522
v -0.42532349 0.06505871 0.33764522
v -0.42725487 0.06950952 0.33764522
v -0.42725487 0.06950952 0.33764522
v -0.43231531 0.07104438 0.33764522
v -0.43133074 0.06631842 0.33764522
v -0.42532349 0.06505871 0.33764522
v -0.41978830 0.06301134 0.33764522
v -0.42259097 0.06701707 0.33764522
v -0.42259097 0.06701707 0.33764522
v -0.42725487 0.06950952 0.33764522
v -0.42532349 0.06505871 0.33764522
v -0.41978830 0.06301134 0.33764522
v -0.41514867 0.05957477 0.33764522
v -0.41850431 0.06366412 0.33764522
v -0.41850431 0.06366412 0.33764522
v -0.42259097 0.06701707 0.33764522
v -0.41978830 0.06301134 0.33764522
v -0.41978830 0.06301134 0.33764522
v -0.41737947 0.05687192 0.33764522
v -0.41265622 0.05491086 0.33764522
v -0.41265622 0.05491086 0.33764522
v -0.41514867 0.05957477 0.33764522
v -0.41978830 0.06301134 0.33764522
v -0.41737947 0.05687192 0.33764522
v -0.41569626 0.05072980 0.33764522
v -0.41112136 0.04985312 0.33764522
v -0.41112136 0.04985312 0.33764522
v -0.41265622 0.05491086 0.33764522
v -0.41737947 0.05687192 0.33764522
v -0.41569626 0.05072980 0.33764522
v -0.41479530 0.04459038 0.33764522
v -0.41060345 0.04459038 0.33764522
v -0.41060345 0.04459038 0.33764522
v -0.41112136 0.04985312 0.33764522
v -0.41569626 0.05072980 0.33764522
v -0.41479530 0.04459038 0.33764522
v -0.41569626 0.03844826 0.33764522
v -0.41112136 0.03932763 0.33764522
v -0.41112136 0.03932763 0.33764522
v -0.41060345 0.04459038 0.33764522
v -0.41479530 0.04459038 0.33764522
v -0.41569626 0.03844826 0.33764522
v -0.41737947 0.03230884 0.33764522
v -0.41265622 0.03426719 0.33764522
v -0.41265622 0.03426719 0.33764522
v -0.41112136 0.03932763 0.33764522
v -0.41569626 0.03844826 0.33764522
v -0.41737947 0.03230884 0.33764522
v -0.41978830 0.02616672 0.33764522
v -0.41514867 0.02960328 0.33764522
v -0.41265622 0.03426719 0.33764522
v -0.41978830 0.02616672 0.33764522
v -0.42259097 0.02216099 0.33764522
v -0.41850431 0.02551663 0.33764522
v -0.41850431 0.02551663 0.33764522
v -0.41514867 0.02960328 0.33764522
v -0.41978830 0.02616672 0.33764522
v -0.41978830 0.02616672 0.33764522
v -0.42532349 0.02411935 0.33764522
v -0.42725487 0.01966854 0.33764522
v -0.42725487 0.01966854 0.33764522
v -0.42259097 0.02216099 0.33764522
v -0.41978830 0.02616672 0.33764522
v -0.42532349 0.02411935 0.33764522
v -0.43133074 0.02285963 0.33764522
v -0.43231531 0.01813368 0.33764522
v -0.43231531 0.01813368 0.33764522
v -0.42725487 0.01966854 0.33764522
v -0.42532349 0.02411935 0.33764522
v -0.43133074 0.02285963 0.33764522
v -0.43757806 0.02243343 0.33764522
v -0.43757806 0.01761577 0.33764522
v -0.43757806 0.01761577 0.33764522
v -0.43231531 0.01813368 0.33764522
v -0.43133074 0.02285963 0.33764522
v -0.43757806 0.02243343 0.33764522
v -0.44382268 0.02285963 0.33764522
v -0.44284080 0.01813368 0.33764522
v -0.44284080 0.01813368 0.33764522
v -0.43757806 0.01761577 0.33764522
v -0.43757806 0.02243343 0.33764522
v -0.44382268 0.02285963 0.33764522
v -0.44982993 0.02411935 0.33764522
v -0.44790124 0.01966854 0.33764522
v -0.44790124 0.01966854 0.33764522
v -0.44284080 0.01813368 0.33764522
v -0.44382268 0.02285963 0.33764522
v -0.44982993 0.02411935 0.33764522
v -0.45536511 0.02616672 0.33764522
v -0.45256245 0.02216099 0.33764522
v -0.45256245 0.02216099 0.33764522
v -0.44790124 0.01966854 0.33764522
v -0.44982993 0.02411935 0.33764522
v -0.45536511 0.02616672 0.33764522
v -0.46000475 0.02960328 0.33764522
v -0.45665180 0.02551663 0.33764522
v -0.45665180 0.02551663 0.33764522
v -0.45256245 0.02216099 0.33764522
v -0.45536511 0.02616672 0.33764522
v -0.45536511 0.02616672 0.33764522
v -0.45777395 0.03230884 0.33764522
v -0.46249720 0.03426719 0.33764522
v -0.46249720 0.03426719 0.33764522
v -0.46000475 0.02960328 0.33764522
v -0.45536511 0.02616672 0.33764522
v -0.45777395 0.03230884 0.33764522
v -0.45945716 0.03844826 0.33764522
v -0.46403475 0.03932763 0.33764522
v -0.46403475 0.03932763 0.33764522
v -0.46249720 0.03426719 0.33764522
v -0.45777395 0.03230884 0.33764522
v -0.45945716 0.03844826 0.33764522
v -0.46035811 0.04459038 0.33764522
v -0.46455267 0.04459038 0.33764522
v -0.46403475 0.03932763 0.33764522
v -0.44526043 0.03734500 0.33764522
v -0.43757806 0.03720473 0.33764522
v -0.43757806 0.04459038 0.33764522
v -0.43757806 0.04459038 0.33764522
v -0.44557603 0.04459038 0.33764522
v -0.44526043 0.03734500 0.33764522
v -0.43757806 0.04459038 0.33764522
v -0.43757806 0.03720473 0.33764522
v -0.42989299 0.03734500 0.33764522
v -0.42989299 0.03734500 0.33764522
v -0.42957739 0.04459038 0.33764522
v -0.43757806 0.04459038 0.33764522
v -0.42957739 0.04459038 0.33764522
v -0.42989299 0.03734500 0.33764522
v -0.42250465 0.03776580 0.33764522
v -0.42250465 0.03776580 0.33764522
v -0.42188423 0.04459038 0.33764522
v -0.42957739 0.04459038 0.33764522
v -0.45264877 0.03776580 0.33764522
v -0.44526043 0.03734500 0.33764522
v -0.44557603 0.04459038 0.33764522
v -0.44557603 0.04459038 0.33764522
v -0.45326919 0.04459038 0.33764522
v -0.45264877 0.03776580 0.33764522
v -0.45945716 0.03844826 0.33764522
v -0.45264877 0.03776580 0.33764522
v -0.45326919 0.04459038 0.33764522
v -0.45326919 0.04459038 0.33764522
v -0.46035811 0.04459038 0.33764522
v -0.45945716 0.03844826 0.33764522
v -0.42188423 0.04459038 0.33764522
v -0.42250465 0.03776580 0.33764522
v -0.41569626 0.03844826 0.33764522
v -0.41569626 0.03844826 0.33764522
v -0.41479530 0.04459038 0.33764522
v -0.42188423 0.04459038 0.33764522
v -0.44382268 0.06631842 0.33764522
v -0.44466968 0.05907574 0.33764522
v -0.43757806 0.05935898 0.33764522
v -0.43757806 0.05935898 0.33764522
v -0.43757806 0.06674462 0.33764522
v -0.44382268 0.06631842 0.33764522
v -0.44466968 0.05907574 0.33764522
v -0.44526043 0.05183306 0.33764522
v -0.43757806 0.05197333 0.33764522
v -0.43757806 0.05197333 0.33764522
v -0.43757806 0.05935898 0.33764522
v -0.44466968 0.05907574 0.33764522
v -0.44526043 0.05183306 0.33764522
v -0.44557603 0.04459038 0.33764522
v -0.43757806 0.04459038 0.33764522
v -0.43757806 0.04459038 0.33764522
v -0.43757806 0.05197333 0.33764522
v -0.44526043 0.05183306 0.33764522
v -0.43757806 0.02981908 0.33764522
v -0.44466968 0.03010231 0.33764522
v -0.44382268 0.02285963 0.33764522
v -0.44382268 0.02285963 0.33764522
v -0.43757806 0.02243343 0.33764522
v -0.43757806 0.02981908 0.33764522
v -0.43757806 0.03720473 0.33764522
v -0.44526043 0.03734500 0.33764522
v -0.44466968 0.03010231 0.33764522
v -0.44466968 0.03010231 0.33764522
v -0.43757806 0.02981908 0.33764522
v -0.43757806 0.03720473 0.33764522
v -0.43757806 0.05935898 0.33764522
v -0.43048374 0.05907574 0.33764522
v -0.43133074 0.06631842 0.33764522
v -0.43133074 0.06631842 0.33764522
v -0.43757806 0.06674462 0.33764522
v -0.43757806 0.05935898 0.33764522
v -0.43757806 0.05197333 0.33764522
v -0.42989299 0.05183306 0.33764522
v -0.43048374 0.05907574 0.33764522
v -0.43048374 0.05907574 0.33764522
v -0.43757806 0.05935898 0.33764522
v -0.43757806 0.05197333 0.33764522
v -0.43757806 0.04459038 0.33764522
v -0.42957739 0.04459038 0.33764522
v -0.42989299 0.05183306 0.33764522
v -0.42989299 0.05183306 0.33764522
v -0.43757806 0.05197333 0.33764522
v -0.43757806 0.04459038 0.33764522
v -0.43133074 0.02285963 0.33764522
v -0.43048374 0.03010231 0.33764522
v -0.43757806 0.02981908 0.33764522
v -0.43757806 0.02981908 0.33764522
v -0.43757806 0.02243343 0.33764522
v -0.43133074 0.02285963 0.33764522
v -0.43048374 0.03010231 0.33764522
v -0.42989299 0.03734500 0.33764522
v -0.43757806 0.03720473 0.33764522
v -0.43757806 0.03720473 0.33764522
v -0.43757806 0.02981908 0.33764522
v -0.43048374 0.03010231 0.33764522
v -0.43048374 0.05907574 0.33764522
v -0.42366455 0.05823683 0.33764522
v -0.42532349 0.06505871 0.33764522
v -0.42532349 0.06505871 0.33764522
v -0.43133074 0.06631842 0.33764522
v -0.43048374 0.05907574 0.33764522
v -0.42989299 0.05183306 0.33764522
v -0.42250465 0.05141226 0.33764522
v -0.42366455 0.05823683 0.33764522
v -0.42366455 0.05823683 0.33764522
v -0.43048374 0.05907574 0.33764522
v -0.42989299 0.05183306 0.33764522
v -0.42957739 0.04459038 0.33764522
v -0.42188423 0.04459038 0.33764522
v -0.42250465 0.05141226 0.33764522
v -0.42250465 0.05141226 0.33764522
v -0.42989299 0.05183306 0.33764522
v -0.42957739 0.04459038 0.33764522
v -0.42532349 0.02411935 0.33764522
v -0.42366455 0.03094392 0.33764522
v -0.43048374 0.03010231 0.33764522
v -0.43048374 0.03010231 0.33764522
v -0.43133074 0.02285963 0.33764522
v -0.42532349 0.02411935 0.33764522
v -0.42366455 0.03094392 0.33764522
v -0.42250465 0.03776580 0.33764522
v -0.42989299 0.03734500 0.33764522
v -0.42989299 0.03734500 0.33764522
v -0.43048374 0.03010231 0.33764522
v -0.42366455 0.03094392 0.33764522
v -0.44982993 0.06505871 0.33764522
v -0.45148886 0.05823683 0.33764522
v -0.44466968 0.05907574 0.33764522
v -0.44466968 0.05907574 0.33764522
v -0.44382268 0.06631842 0.33764522
v -0.44982993 0.06505871 0.33764522
v -0.45148886 0.05823683 0.33764522
v -0.45264877 0.05141226 0.33764522
v -0.44526043 0.05183306 0.33764522
v -0.44526043 0.05183306 0.33764522
v -0.44466968 0.05907574 0.33764522
v -0.45148886 0.05823683 0.33764522
v -0.45264877 0.05141226 0.33764522
v -0.45326919 0.04459038 0.33764522
v -0.44557603 0.04459038 0.33764522
v -0.44557603 0.04459038 0.33764522
v -0.44526043 0.05183306 0.33764522
v -0.45264877 0.05141226 0.33764522
v -0.44466968 0.03010231 0.33764522
v -0.45148886 0.03094392 0.33764522
v -0.44982993 0.02411935 0.33764522
v -0.44982993 0.02411935 0.33764522
v -0.44382268 0.02285963 0.33764522
v -0.44466968 0.03010231 0.33764522
v -0.44526043 0.03734500 0.33764522
v -0.45264877 0.03776580 0.33764522
v -0.45148886 0.03094392 0.33764522
v -0.45148886 0.03094392 0.33764522
v -0.44466968 0.03010231 0.33764522
v -0.44526043 0.03734500 0.33764522
v -0.45536511 0.06301134 0.33764522
v -0.45777395 0.05687192 0.33764522
v -0.45148886 0.05823683 0.33764522
v -0.45148886 0.05823683 0.33764522
v -0.44982993 0.06505871 0.33764522
v -0.45536511 0.06301134 0.33764522
v -0.45777395 0.05687192 0.33764522
v -0.45945716 0.05072980 0.33764522
v -0.45264877 0.05141226 0.33764522
v -0.45264877 0.05141226 0.33764522
v -0.45148886 0.05823683 0.33764522
v -0.45777395 0.05687192 0.33764522
v -0.45945716 0.05072980 0.33764522
v -0.46035811 0.04459038 0.33764522
v -0.45326919 0.04459038 0.33764522
v -0.45326919 0.04459038 0.33764522
v -0.45264877 0.05141226 0.33764522
v -0.45945716 0.05072980 0.33764522
v -0.45148886 0.03094392 0.33764522
v -0.45777395 0.03230884 0.33764522
v -0.45536511 0.02616672 0.33764522
v -0.45536511 0.02616672 0.33764522
v -0.44982993 0.02411935 0.33764522
v -0.45148886 0.03094392 0.33764522
v -0.45264877 0.03776580 0.33764522
v -0.45945716 0.03844826 0.33764522
v -0.45777395 0.03230884 0.33764522
v -0.45777395 0.03230884 0.33764522
v -0.45148886 0.03094392 0.33764522
v -0.45264877 0.03776580 0.33764522
v -0.42366455 0.05823683 0.33764522
v -0.41737947 0.05687192 0.33764522
v -0.41978830 0.06301134 0.33764522
v -0.41978830 0.06301134 0.33764522
v -0.42532349 0.06505871 0.33764522
v -0.42366455 0.05823683 0.33764522
v -0.42250465 0.05141226 0.33764522
v -0.41569626 0.05072980 0.33764522
v -0.41737947 0.05687192 0.33764522
v -0.41737947 0.05687192 0.33764522
v -0.42366455 0.05823683 0.33764522
v -0.42250465 0.05141226 0.33764522
v -0.42188423 0.04459038 0.33764522
v -0.41479530 0.04459038 0.33764522
v -0.41569626 0.05072980 0.33764522
v -0.41569626 0.05072980 0.33764522
v -0.42250465 0.05141226 0.33764522
v -0.42188423 0.04459038 0.33764522
v -0.41978830 0.02616672 0.33764522
v -0.41737947 0.03230884 0.33764522
v -0.42366455 0.03094392 0.33764522
v -0.42532349 0.02411935 0.33764522
v -0.41737947 0.03230884 0.33764522
v -0.41569626 0.03844826 0.33764522
v -0.42250465 0.03776580 0.33764522
v -0.42250465 0.03776580 0.33764522
v -0.42366455 0.03094392 0.33764522
v -0.41737947 0.03230884 0.33764522
v -0.43757806 0.04459038 0.06789914
v -0.43757806 0.03729105 0.06789914
v -0.44529549 0.03743132 0.06789914
v -0.44529549 0.03743132 0.06789914
v -0.44550859 0.04459038 0.06789914
v -0.43757806 0.04459038 0.06789914
v -0.42986062 0.03743132 0.06789914
v -0.43757806 0.03729105 0.06789914
v -0.43757806 0.04459038 0.06789914
v -0.43757806 0.04459038 0.06789914
v -0.42964483 0.04459038 0.06789914
v -0.42986062 0.03743132 0.06789914
v -0.42243991 0.03784672 0.06789914
v -0.42986062 0.03743132 0.06789914
v -0.42964483 0.04459038 0.06789914
v -0.42964483 0.04459038 0.06789914
v -0.42201910 0.04459038 0.06789914
v -0.42243991 0.03784672 0.06789914
v -0.44550859 0.04459038 0.06789914
v -0.44529549 0.03743132 0.06789914
v -0.45271621 0.03784672 0.06789914
v -0.45271621 0.03784672 0.06789914
v -0.45313701 0.04459038 0.06789914
v -0.44550859 0.04459038 0.06789914
v -0.41559915 0.03852109 0.06789914
v -0.42243991 0.03784672 0.06789914
v -0.42201910 0.04459038 0.06789914
v -0.42201910 0.04459038 0.06789914
v -0.41498952 0.04459038 0.06789914
v -0.41559915 0.03852109 0.06789914
v -0.45313701 0.04459038 0.06789914
v -0.45271621 0.03784672 0.06789914
v -0.45955427 0.03852109 0.06789914
v -0.45955427 0.03852109 0.06789914
v -0.46016390 0.04459038 0.06789914
v -0.45313701 0.04459038 0.06789914
v -0.43757806 0.06648297 0.06789914
v -0.44385775 0.06606217 0.06789914
v -0.44284080 0.07104438 0.06789914
v -0.44284080 0.07104438 0.06789914
v -0.43757806 0.07156499 0.06789914
v -0.43757806 0.06648297 0.06789914
v -0.43757806 0.05918634 0.06789914
v -0.44471284 0.05890580 0.06789914
v -0.44385775 0.06606217 0.06789914
v -0.44385775 0.06606217 0.06789914
v -0.43757806 0.06648297 0.06789914
v -0.43757806 0.05918634 0.06789914
v -0.43757806 0.05188701 0.06789914
v -0.44529549 0.05174674 0.06789914
v -0.44471284 0.05890580 0.06789914
v -0.44471284 0.05890580 0.06789914
v -0.43757806 0.05918634 0.06789914
v -0.43757806 0.05188701 0.06789914
v -0.43757806 0.04459038 0.06789914
v -0.44550859 0.04459038 0.06789914
v -0.44529549 0.05174674 0.06789914
v -0.44529549 0.05174674 0.06789914
v -0.43757806 0.05188701 0.06789914
v -0.43757806 0.04459038 0.06789914
v -0.44284080 0.01813368 0.06789914
v -0.44385775 0.02311589 0.06789914
v -0.43757806 0.02269509 0.06789914
v -0.43757806 0.02269509 0.06789914
v -0.43757806 0.01761577 0.06789914
v -0.44284080 0.01813368 0.06789914
v -0.44385775 0.02311589 0.06789914
v -0.44471284 0.03027495 0.06789914
v -0.43757806 0.02999442 0.06789914
v -0.43757806 0.02999442 0.06789914
v -0.43757806 0.02269509 0.06789914
v -0.44385775 0.02311589 0.06789914
v -0.44471284 0.03027495 0.06789914
v -0.44529549 0.03743132 0.06789914
v -0.43757806 0.03729105 0.06789914
v -0.43757806 0.03729105 0.06789914
v -0.43757806 0.02999442 0.06789914
v -0.44471284 0.03027495 0.06789914
v -0.43231531 0.07104438 0.06789914
v -0.43129837 0.06606217 0.06789914
v -0.43757806 0.06648297 0.06789914
v -0.43757806 0.06648297 0.06789914
v -0.43757806 0.07156499 0.06789914
v -0.43231531 0.07104438 0.06789914
v -0.43129837 0.06606217 0.06789914
v -0.43044327 0.05890580 0.06789914
v -0.43757806 0.05918634 0.06789914
v -0.43757806 0.05918634 0.06789914
v -0.43757806 0.06648297 0.06789914
v -0.43129837 0.06606217 0.06789914
v -0.43044327 0.05890580 0.06789914
v -0.42986062 0.05174674 0.06789914
v -0.43757806 0.05188701 0.06789914
v -0.43757806 0.05188701 0.06789914
v -0.43757806 0.05918634 0.06789914
v -0.43044327 0.05890580 0.06789914
v -0.42986062 0.05174674 0.06789914
v -0.42964483 0.04459038 0.06789914
v -0.43757806 0.04459038 0.06789914
v -0.43757806 0.04459038 0.06789914
v -0.43757806 0.05188701 0.06789914
v -0.42986062 0.05174674 0.06789914
v -0.43757806 0.02269509 0.06789914
v -0.43129837 0.02311589 0.06789914
v -0.43231531 0.01813368 0.06789914
v -0.43231531 0.01813368 0.06789914
v -0.43757806 0.01761577 0.06789914
v -0.43757806 0.02269509 0.06789914
v -0.43757806 0.02999442 0.06789914
v -0.43044327 0.03027495 0.06789914
v -0.43129837 0.02311589 0.06789914
v -0.43129837 0.02311589 0.06789914
v -0.43757806 0.02269509 0.06789914
v -0.43757806 0.02999442 0.06789914
v -0.43757806 0.03729105 0.06789914
v -0.42986062 0.03743132 0.06789914
v -0.43044327 0.03027495 0.06789914
v -0.43044327 0.03027495 0.06789914
v -0.43757806 0.02999442 0.06789914
v -0.43757806 0.03729105 0.06789914
v -0.42725487 0.06950952 0.06789914
v -0.42525875 0.06481594 0.06789914
v -0.43129837 0.06606217 0.06789914
v -0.43129837 0.06606217 0.06789914
v -0.43231531 0.07104438 0.06789914
v -0.42725487 0.06950952 0.06789914
v -0.42525875 0.06481594 0.06789914
v -0.42358093 0.05807498 0.06789914
v -0.43044327 0.05890580 0.06789914
v -0.43044327 0.05890580 0.06789914
v -0.43129837 0.06606217 0.06789914
v -0.42525875 0.06481594 0.06789914
v -0.42358093 0.05807498 0.06789914
v -0.42243991 0.05133133 0.06789914
v -0.42986062 0.05174674 0.06789914
v -0.42986062 0.05174674 0.06789914
v -0.43044327 0.05890580 0.06789914
v -0.42358093 0.05807498 0.06789914
v -0.42243991 0.05133133 0.06789914
v -0.42201910 0.04459038 0.06789914
v -0.42964483 0.04459038 0.06789914
v -0.42964483 0.04459038 0.06789914
v -0.42986062 0.05174674 0.06789914
v -0.42243991 0.05133133 0.06789914
v -0.43129837 0.02311589 0.06789914
v -0.42525875 0.02436212 0.06789914
v -0.42725487 0.01966854 0.06789914
v -0.42725487 0.01966854 0.06789914
v -0.43231531 0.01813368 0.06789914
v -0.43129837 0.02311589 0.06789914
v -0.43044327 0.03027495 0.06789914
v -0.42358093 0.03110577 0.06789914
v -0.42525875 0.02436212 0.06789914
v -0.42525875 0.02436212 0.06789914
v -0.43129837 0.02311589 0.06789914
v -0.43044327 0.03027495 0.06789914
v -0.42986062 0.03743132 0.06789914
v -0.42243991 0.03784672 0.06789914
v -0.42358093 0.03110577 0.06789914
v -0.42358093 0.03110577 0.06789914
v -0.43044327 0.03027495 0.06789914
v -0.42986062 0.03743132 0.06789914
v -0.44385775 0.06606217 0.06789914
v -0.44989736 0.06481594 0.06789914
v -0.44790124 0.06950952 0.06789914
v -0.44790124 0.06950952 0.06789914
v -0.44284080 0.07104438 0.06789914
v -0.44385775 0.06606217 0.06789914
v -0.44471284 0.05890580 0.06789914
v -0.45157248 0.05807498 0.06789914
v -0.44989736 0.06481594 0.06789914
v -0.44989736 0.06481594 0.06789914
v -0.44385775 0.06606217 0.06789914
v -0.44471284 0.05890580 0.06789914
v -0.44529549 0.05174674 0.06789914
v -0.45271621 0.05133133 0.06789914
v -0.45157248 0.05807498 0.06789914
v -0.45157248 0.05807498 0.06789914
v -0.44471284 0.05890580 0.06789914
v -0.44529549 0.05174674 0.06789914
v -0.44550859 0.04459038 0.06789914
v -0.45313701 0.04459038 0.06789914
v -0.45271621 0.05133133 0.06789914
v -0.45271621 0.05133133 0.06789914
v -0.44529549 0.05174674 0.06789914
v -0.44550859 0.04459038 0.06789914
v -0.44790124 0.01966854 0.06789914
v -0.44989736 0.02436212 0.06789914
v -0.44385775 0.02311589 0.06789914
v -0.44385775 0.02311589 0.06789914
v -0.44284080 0.01813368 0.06789914
v -0.44790124 0.01966854 0.06789914
v -0.44989736 0.02436212 0.06789914
v -0.45157248 0.03110577 0.06789914
v -0.44471284 0.03027495 0.06789914
v -0.44471284 0.03027495 0.06789914
v -0.44385775 0.02311589 0.06789914
v -0.44989736 0.02436212 0.06789914
v -0.45157248 0.03110577 0.06789914
v -0.45271621 0.03784672 0.06789914
v -0.44529549 0.03743132 0.06789914
v -0.44529549 0.03743132 0.06789914
v -0.44471284 0.03027495 0.06789914
v -0.45157248 0.03110577 0.06789914
v -0.42259097 0.06701707 0.06789914
v -0.41969389 0.06279284 0.06789914
v -0.42525875 0.06481594 0.06789914
v -0.42525875 0.06481594 0.06789914
v -0.42725487 0.06950952 0.06789914
v -0.42259097 0.06701707 0.06789914
v -0.41969389 0.06279284 0.06789914
v -0.41725808 0.05672625 0.06789914
v -0.42358093 0.05807498 0.06789914
v -0.42358093 0.05807498 0.06789914
v -0.42525875 0.06481594 0.06789914
v -0.41969389 0.06279284 0.06789914
v -0.41725808 0.05672625 0.06789914
v -0.41559915 0.05065697 0.06789914
v -0.42243991 0.05133133 0.06789914
v -0.42243991 0.05133133 0.06789914
v -0.42358093 0.05807498 0.06789914
v -0.41725808 0.05672625 0.06789914
v -0.41559915 0.05065697 0.06789914
v -0.41498952 0.04459038 0.06789914
v -0.42201910 0.04459038 0.06789914
v -0.42201910 0.04459038 0.06789914
v -0.42243991 0.05133133 0.06789914
v -0.41559915 0.05065697 0.06789914
v -0.42525875 0.02436212 0.06789914
v -0.41969389 0.02638521 0.06789914
v -0.42259097 0.02216099 0.06789914
v -0.42259097 0.02216099 0.06789914
v -0.42725487 0.01966854 0.06789914
v -0.42525875 0.02436212 0.06789914
v -0.42358093 0.03110577 0.06789914
v -0.41725808 0.03245450 0.06789914
v -0.41969389 0.02638521 0.06789914
v -0.41969389 0.02638521 0.06789914
v -0.42525875 0.02436212 0.06789914
v -0.42358093 0.03110577 0.06789914
v -0.42243991 0.03784672 0.06789914
v -0.41559915 0.03852109 0.06789914
v -0.41725808 0.03245450 0.06789914
v -0.41725808 0.03245450 0.06789914
v -0.42358093 0.03110577 0.06789914
v -0.42243991 0.03784672 0.06789914
v -0.44989736 0.06481594 0.06789914
v -0.45546222 0.06279284 0.06789914
v -0.45256245 0.06701707 0.06789914
v -0.45256245 0.06701707 0.06789914
v -0.44790124 0.06950952 0.06789914
v -0.44989736 0.06481594 0.06789914
v -0.45157248 0.05807498 0.06789914
v -0.45789533 0.05672625 0.06789914
v -0.45546222 0.06279284 0.06789914
v -0.45546222 0.06279284 0.06789914
v -0.44989736 0.06481594 0.06789914
v -0.45157248 0.05807498 0.06789914
v -0.45271621 0.05133133 0.06789914
v -0.45955427 0.05065697 0.06789914
v -0.45789533 0.05672625 0.06789914
v -0.45789533 0.05672625 0.06789914
v -0.45157248 0.05807498 0.06789914
v -0.45271621 0.05133133 0.06789914
v -0.45313701 0.04459038 0.06789914
v -0.46016390 0.04459038 0.06789914
v -0.45955427 0.05065697 0.06789914
v -0.45955427 0.05065697 0.06789914
v -0.45271621 0.05133133 0.06789914
v -0.45313701 0.04459038 0.06789914
v -0.45256245 0.02216099 0.06789914
v -0.45546222 0.02638521 0.06789914
v -0.44989736 0.02436212 0.06789914
v -0.44989736 0.02436212 0.06789914
v -0.44790124 0.01966854 0.06789914
v -0.45256245 0.02216099 0.06789914
v -0.45546222 0.02638521 0.06789914
v -0.45789533 0.03245450 0.06789914
v -0.45157248 0.03110577 0.06789914
v -0.45157248 0.03110577 0.06789914
v -0.44989736 0.02436212 0.06789914
v -0.45546222 0.02638521 0.06789914
v -0.45789533 0.03245450 0.06789914
v -0.45955427 0.03852109 0.06789914
v -0.45271621 0.03784672 0.06789914
v -0.45271621 0.03784672 0.06789914
v -0.45157248 0.03110577 0.06789914
v -0.45789533 0.03245450 0.06789914
v -0.41850431 0.02551663 0.06789914
v -0.42259097 0.02216099 0.06789914
v -0.41969389 0.02638521 0.06789914
v -0.41969389 0.02638521 0.06789914
v -0.41514867 0.02960328 0.06789914
v -0.41850431 0.02551663 0.06789914
v -0.41514867 0.02960328 0.06789914
v -0.41969389 0.02638521 0.06789914
v -0.41725808 0.03245450 0.06789914
v -0.41725808 0.03245450 0.06789914
v -0.41265622 0.03426719 0.06789914
v -0.41514867 0.02960328 0.06789914
v -0.41265622 0.03426719 0.06789914
v -0.41725808 0.03245450 0.06789914
v -0.41559915 0.03852109 0.06789914
v -0.41559915 0.03852109 0.06789914
v -0.41112136 0.03932763 0.06789914
v -0.41265622 0.03426719 0.06789914
v -0.41112136 0.03932763 0.06789914
v -0.41559915 0.03852109 0.06789914
v -0.41498952 0.04459038 0.06789914
v -0.41498952 0.04459038 0.06789914
v -0.41060345 0.04459038 0.06789914
v -0.41112136 0.03932763 0.06789914
v -0.41112136 0.04985312 0.06789914
v -0.41060345 0.04459038 0.06789914
v -0.41498952 0.04459038 0.06789914
v -0.41498952 0.04459038 0.06789914
v -0.41559915 0.05065697 0.06789914
v -0.41112136 0.04985312 0.06789914
v -0.41265622 0.05491086 0.06789914
v -0.41112136 0.04985312 0.06789914
v -0.41559915 0.05065697 0.06789914
v -0.41559915 0.05065697 0.06789914
v -0.41725808 0.05672625 0.06789914
v -0.41265622 0.05491086 0.06789914
v -0.41514867 0.05957477 0.06789914
v -0.41265622 0.05491086 0.06789914
v -0.41725808 0.05672625 0.06789914
v -0.41725808 0.05672625 0.06789914
v -0.41969389 0.06279284 0.06789914
v -0.41514867 0.05957477 0.06789914
v -0.41850431 0.06366412 0.06789914
v -0.41514867 0.05957477 0.06789914
v -0.41969389 0.06279284 0.06789914
v -0.41969389 0.06279284 0.06789914
v -0.42259097 0.06701707 0.06789914
v -0.41850431 0.06366412 0.06789914
v -0.45665180 0.06366412 0.06789914
v -0.45256245 0.06701707 0.06789914
v -0.45546222 0.06279284 0.06789914
v -0.45546222 0.06279284 0.06789914
v -0.46000475 0.05957477 0.06789914
v -0.45665180 0.06366412 0.06789914
v -0.45665180 0.02551663 0.06789914
v -0.46000475 0.02960328 0.06789914
v -0.45546222 0.02638521 0.06789914
v -0.45546222 0.02638521 0.06789914
v -0.45256245 0.02216099 0.06789914
v -0.45665180 0.02551663 0.06789914
v -0.46000475 0.02960328 0.06789914
v -0.46249720 0.03426719 0.06789914
v -0.45789533 0.03245450 0.06789914
v -0.45789533 0.03245450 0.06789914
v -0.45546222 0.02638521 0.06789914
v -0.46000475 0.02960328 0.06789914
v -0.46249720 0.03426719 0.06789914
v -0.46403475 0.03932763 0.06789914
v -0.45955427 0.03852109 0.06789914
v -0.45955427 0.03852109 0.06789914
v -0.45789533 0.03245450 0.06789914
v -0.46249720 0.03426719 0.06789914
v -0.46403475 0.03932763 0.06789914
v -0.46455267 0.04459038 0.06789914
v -0.46016390 0.04459038 0.06789914
v -0.46016390 0.04459038 0.06789914
v -0.45955427 0.03852109 0.06789914
v -0.46403475 0.03932763 0.06789914
v -0.46403475 0.04985312 0.06789914
v -0.45955427 0.05065697 0.06789914
v -0.46016390 0.04459038 0.06789914
v -0.46016390 0.04459038 0.06789914
v -0.46455267 0.04459038 0.06789914
v -0.46403475 0.04985312 0.06789914
v -0.46249720 0.05491086 0.06789914
v -0.45789533 0.05672625 0.06789914
v -0.45955427 0.05065697 0.06789914
v -0.45955427 0.05065697 0.06789914
v -0.46403475 0.04985312 0.06789914
v -0.46249720 0.05491086 0.06789914
v -0.46000475 0.05957477 0.06789914
v -0.45546222 0.06279284 0.06789914
v -0.45789533 0.05672625 0.06789914
v -0.45789533 0.05672625 0.06789914
v -0.46249720 0.05491086 0.06789914
v -0.46000475 0.05957477 0.06789914
v -0.45630923 0.04632215 0.37024943
v -0.45529768 0.04457149 0.37024943
v -0.45529768 0.04457149 0.33741594
v -0.45529768 0.04457149 0.33741594
v -0.45630923 0.04632215 0.33741594
v -0.45630923 0.04632215 0.37024943
v -0.45833232 0.04632215 0.37024943
v -0.45630923 0.04632215 0.33741594
v -0.45833232 0.04632215 0.33741594
v -0.45833232 0.04632215 0.37024943
v -0.45934387 0.04457149 0.37024943
v -0.45833232 0.04632215 0.33741594
v -0.45934387 0.04457149 0.33741594
v -0.45934387 0.04457149 0.37024943
v -0.45833232 0.04281815 0.37024943
v -0.45934387 0.04457149 0.33741594
v -0.45833232 0.04281815 0.33741594
v -0.45833232 0.04281815 0.37024943
v -0.45630923 0.04281815 0.37024943
v -0.45630923 0.04281815 0.33741594
v -0.45529768 0.04457149 0.37024943
v -0.45630923 0.04281815 0.33741594
v -0.45529768 0.04457149 0.33741594
v -0.45529768 0.04457149 0.37024943
v -0.45598553 0.04632215 0.37423089
v -0.45500635 0.04457149 0.37396923
v -0.45529768 0.04457149 0.37024943
v -0.45529768 0.04457149 0.37024943
v -0.45630923 0.04632215 0.37024943
v -0.45598553 0.04632215 0.37423089
v -0.45793849 0.04632215 0.37475419
v -0.45630923 0.04632215 0.37024943
v -0.45833232 0.04632215 0.37024943
v -0.45793849 0.04632215 0.37475419
v -0.45891497 0.04457149 0.37501585
v -0.45833232 0.04632215 0.37024943
v -0.45934387 0.04457149 0.37024943
v -0.45891497 0.04457149 0.37501585
v -0.45793849 0.04281815 0.37475419
v -0.45934387 0.04457149 0.37024943
v -0.45833232 0.04281815 0.37024943
v -0.45793849 0.04281815 0.37475419
v -0.45598553 0.04281815 0.37423089
v -0.45833232 0.04281815 0.37024943
v -0.45630923 0.04281815 0.37024943
v -0.45598553 0.04281815 0.37423089
v -0.45500635 0.04457149 0.37396923
v -0.45630923 0.04281815 0.37024943
v -0.45529768 0.04457149 0.37024943
v -0.45500635 0.04457149 0.37396923
v -0.45492273 0.04632215 0.37708750
v -0.45409191 0.04457149 0.37650754
v -0.45500635 0.04457149 0.37396923
v -0.45500635 0.04457149 0.37396923
v -0.45598553 0.04632215 0.37423089
v -0.45492273 0.04632215 0.37708750
v -0.45657897 0.04632215 0.37825010
v -0.45598553 0.04632215 0.37423089
v -0.45793849 0.04632215 0.37475419
v -0.45657897 0.04632215 0.37825010
v -0.45740709 0.04457149 0.37883006
v -0.45793849 0.04632215 0.37475419
v -0.45891497 0.04457149 0.37501585
v -0.45740709 0.04457149 0.37883006
v -0.45657897 0.04281815 0.37825010
v -0.45891497 0.04457149 0.37501585
v -0.45793849 0.04281815 0.37475419
v -0.45657897 0.04281815 0.37825010
v -0.45492273 0.04281815 0.37708750
v -0.45793849 0.04281815 0.37475419
v -0.45598553 0.04281815 0.37423089
v -0.45492273 0.04281815 0.37708750
v -0.45409191 0.04457149 0.37650754
v -0.45598553 0.04281815 0.37423089
v -0.45500635 0.04457149 0.37396923
v -0.45409191 0.04457149 0.37650754
v -0.45276746 0.04632215 0.37998457
v -0.45218751 0.04457149 0.37915645
v -0.45409191 0.04457149 0.37650754
v -0.45409191 0.04457149 0.37650754
v -0.45492273 0.04632215 0.37708750
v -0.45276746 0.04632215 0.37998457
v -0.45392737 0.04632215 0.38164351
v -0.45492273 0.04632215 0.37708750
v -0.45657897 0.04632215 0.37825010
v -0.45392737 0.04632215 0.38164351
v -0.45450732 0.04457149 0.38247163
v -0.45657897 0.04632215 0.37825010
v -0.45740709 0.04457149 0.37883006
v -0.45450732 0.04457149 0.38247163
v -0.45392737 0.04281815 0.38164351
v -0.45740709 0.04457149 0.37883006
v -0.45657897 0.04281815 0.37825010
v -0.45392737 0.04281815 0.38164351
v -0.45276746 0.04281815 0.37998457
v -0.45657897 0.04281815 0.37825010
v -0.45492273 0.04281815 0.37708750
v -0.45276746 0.04281815 0.37998457
v -0.45218751 0.04457149 0.37915645
v -0.45492273 0.04281815 0.37708750
v -0.45409191 0.04457149 0.37650754
v -0.45218751 0.04457149 0.37915645
v -0.44957097 0.04632215 0.38237992
v -0.44914477 0.04457149 0.38146278
v -0.45218751 0.04457149 0.37915645
v -0.45218751 0.04457149 0.37915645
v -0.45276746 0.04632215 0.37998457
v -0.44957097 0.04632215 0.38237992
v -0.45042606 0.04632215 0.38421149
v -0.45276746 0.04632215 0.37998457
v -0.45392737 0.04632215 0.38164351
v -0.45042606 0.04632215 0.38421149
v -0.45085496 0.04457149 0.38512863
v -0.45392737 0.04632215 0.38164351
v -0.45450732 0.04457149 0.38247163
v -0.45085496 0.04457149 0.38512863
v -0.45042606 0.04281815 0.38421149
v -0.45450732 0.04457149 0.38247163
v -0.45392737 0.04281815 0.38164351
v -0.45042606 0.04281815 0.38421149
v -0.44957097 0.04281815 0.38237992
v -0.45392737 0.04281815 0.38164351
v -0.45276746 0.04281815 0.37998457
v -0.44957097 0.04281815 0.38237992
v -0.44914477 0.04457149 0.38146278
v -0.45276746 0.04281815 0.37998457
v -0.45218751 0.04457149 0.37915645
v -0.44914477 0.04457149 0.38146278
v -0.44581880 0.04457149 0.38269822
v -0.44914477 0.04457149 0.38146278
v -0.44957097 0.04632215 0.38237992
v -0.44957097 0.04632215 0.38237992
v -0.44599414 0.04632215 0.38369088
v -0.44581880 0.04457149 0.38269822
v -0.45042606 0.04632215 0.38421149
v -0.45042606 0.04632215 0.38421149
v -0.44634481 0.04632215 0.38567621
v -0.44599414 0.04632215 0.38369088
v -0.45085496 0.04457149 0.38512863
v -0.45085496 0.04457149 0.38512863
v -0.44652014 0.04457149 0.38666888
v -0.44634481 0.04632215 0.38567621
v -0.44634481 0.04281815 0.38567621
v -0.45085496 0.04457149 0.38512863
v -0.45042606 0.04281815 0.38421149
v -0.44634481 0.04281815 0.38567621
v -0.44599414 0.04281815 0.38369088
v -0.45042606 0.04281815 0.38421149
v -0.44957097 0.04281815 0.38237992
v -0.44599414 0.04281815 0.38369088
v -0.44581880 0.04457149 0.38269822
v -0.44957097 0.04281815 0.38237992
v -0.44914477 0.04457149 0.38146278
v -0.44581880 0.04457149 0.38269822
v -0.43752950 0.04632215 0.38475638
v -0.43752950 0.04457149 0.38374483
v -0.44135990 0.04457149 0.38352634
v -0.44135990 0.04457149 0.38352634
v -0.44144891 0.04632215 0.38453519
v -0.43752950 0.04632215 0.38475638
v -0.43752950 0.04632215 0.38677947
v -0.44144891 0.04632215 0.38453519
v -0.44162425 0.04632215 0.38655019
v -0.43752950 0.04632215 0.38677947
v -0.43752950 0.04457149 0.38779102
v -0.44162425 0.04632215 0.38655019
v -0.44171327 0.04457149 0.38755904
v -0.43752950 0.04457149 0.38779102
v -0.43752950 0.04281815 0.38677947
v -0.44171327 0.04457149 0.38755904
v -0.44162425 0.04281815 0.38655019
v -0.43752950 0.04281815 0.38677947
v -0.43752950 0.04281815 0.38475638
v -0.44162425 0.04281815 0.38655019
v -0.44144891 0.04281815 0.38453519
v -0.43752950 0.04281815 0.38475638
v -0.43752950 0.04457149 0.38374483
v -0.44144891 0.04281815 0.38453519
v -0.44135990 0.04457149 0.38352634
v -0.43752950 0.04457149 0.38374483
v -0.44135990 0.04457149 0.38352634
v -0.44581880 0.04457149 0.38269822
v -0.44599414 0.04632215 0.38369088
v -0.44599414 0.04632215 0.38369088
v -0.44144891 0.04632215 0.38453519
v -0.44135990 0.04457149 0.38352634
v -0.44634481 0.04632215 0.38567621
v -0.44634481 0.04632215 0.38567621
v -0.44162425 0.04632215 0.38655019
v -0.44144891 0.04632215 0.38453519
v -0.44652014 0.04457149 0.38666888
v -0.44652014 0.04457149 0.38666888
v -0.44171327 0.04457149 0.38755904
v -0.44162425 0.04632215 0.38655019
v -0.44652014 0.04457149 0.38666888
v -0.44634481 0.04281815 0.38567621
v -0.44162425 0.04281815 0.38655019
v -0.44162425 0.04281815 0.38655019
v -0.44634481 0.04281815 0.38567621
v -0.44599414 0.04281815 0.38369088
v -0.44144891 0.04281815 0.38453519
v -0.44144891 0.04281815 0.38453519
v -0.44599414 0.04281815 0.38369088
v -0.44581880 0.04457149 0.38269822
v -0.44135990 0.04457149 0.38352634
v -0.44135990 0.04457149 0.38352634
v -0.41874708 0.04632215 0.37024943
v -0.41874708 0.04632215 0.33741594
v -0.41975863 0.04457149 0.33741594
v -0.41975863 0.04457149 0.33741594
v -0.41975863 0.04457149 0.37024943
v -0.41874708 0.04632215 0.37024943
v -0.41672399 0.04632215 0.37024943
v -0.41672399 0.04632215 0.33741594
v -0.41874708 0.04632215 0.33741594
v -0.41672399 0.04632215 0.37024943
v -0.41571244 0.04457149 0.37024943
v -0.41571244 0.04457149 0.33741594
v -0.41672399 0.04632215 0.33741594
v -0.41571244 0.04457149 0.37024943
v -0.41672399 0.04281815 0.37024943
v -0.41672399 0.04281815 0.33741594
v -0.41571244 0.04457149 0.33741594
v -0.41672399 0.04281815 0.37024943
v -0.41874708 0.04281815 0.37024943
v -0.41874708 0.04281815 0.33741594
v -0.41672399 0.04281815 0.33741594
v -0.41874708 0.04281815 0.37024943
v -0.41975863 0.04457149 0.37024943
v -0.41975863 0.04457149 0.33741594
v -0.41874708 0.04281815 0.33741594
v -0.41975863 0.04457149 0.37024943
v -0.41907348 0.04632215 0.37423089
v -0.41874708 0.04632215 0.37024943
v -0.41975863 0.04457149 0.37024943
v -0.41975863 0.04457149 0.37024943
v -0.42004996 0.04457149 0.37396923
v -0.41907348 0.04632215 0.37423089
v -0.41712051 0.04632215 0.37475419
v -0.41672399 0.04632215 0.37024943
v -0.41874708 0.04632215 0.37024943
v -0.41712051 0.04632215 0.37475419
v -0.41614134 0.04457149 0.37501585
v -0.41571244 0.04457149 0.37024943
v -0.41672399 0.04632215 0.37024943
v -0.41614134 0.04457149 0.37501585
v -0.41712051 0.04281815 0.37475419
v -0.41672399 0.04281815 0.37024943
v -0.41571244 0.04457149 0.37024943
v -0.41712051 0.04281815 0.37475419
v -0.41907348 0.04281815 0.37423089
v -0.41874708 0.04281815 0.37024943
v -0.41672399 0.04281815 0.37024943
v -0.41907348 0.04281815 0.37423089
v -0.42004996 0.04457149 0.37396923
v -0.41975863 0.04457149 0.37024943
v -0.41874708 0.04281815 0.37024943
v -0.42004996 0.04457149 0.37396923
v -0.42013628 0.04632215 0.37708750
v -0.41907348 0.04632215 0.37423089
v -0.42004996 0.04457149 0.37396923
v -0.42004996 0.04457149 0.37396923
v -0.42096440 0.04457149 0.37650754
v -0.42013628 0.04632215 0.37708750
v -0.41848003 0.04632215 0.37825010
v -0.41712051 0.04632215 0.37475419
v -0.41907348 0.04632215 0.37423089
v -0.41848003 0.04632215 0.37825010
v -0.41764922 0.04457149 0.37883006
v -0.41614134 0.04457149 0.37501585
v -0.41712051 0.04632215 0.37475419
v -0.41764922 0.04457149 0.37883006
v -0.41848003 0.04281815 0.37825010
v -0.41712051 0.04281815 0.37475419
v -0.41614134 0.04457149 0.37501585
v -0.41848003 0.04281815 0.37825010
v -0.42013628 0.04281815 0.37708750
v -0.41907348 0.04281815 0.37423089
v -0.41712051 0.04281815 0.37475419
v -0.42013628 0.04281815 0.37708750
v -0.42096440 0.04457149 0.37650754
v -0.42004996 0.04457149 0.37396923
v -0.41907348 0.04281815 0.37423089
v -0.42096440 0.04457149 0.37650754
v -0.42229155 0.04632215 0.37998457
v -0.42013628 0.04632215 0.37708750
v -0.42096440 0.04457149 0.37650754
v -0.42096440 0.04457149 0.37650754
v -0.42287150 0.04457149 0.37915645
v -0.42229155 0.04632215 0.37998457
v -0.42113164 0.04632215 0.38164351
v -0.41848003 0.04632215 0.37825010
v -0.42013628 0.04632215 0.37708750
v -0.42113164 0.04632215 0.38164351
v -0.42054899 0.04457149 0.38247163
v -0.41764922 0.04457149 0.37883006
v -0.41848003 0.04632215 0.37825010
v -0.42054899 0.04457149 0.38247163
v -0.42113164 0.04281815 0.38164351
v -0.41848003 0.04281815 0.37825010
v -0.41764922 0.04457149 0.37883006
v -0.42113164 0.04281815 0.38164351
v -0.42229155 0.04281815 0.37998457
v -0.42013628 0.04281815 0.37708750
v -0.41848003 0.04281815 0.37825010
v -0.42229155 0.04281815 0.37998457
v -0.42287150 0.04457149 0.37915645
v -0.42096440 0.04457149 0.37650754
v -0.42013628 0.04281815 0.37708750
v -0.42287150 0.04457149 0.37915645
v -0.42548534 0.04632215 0.38237992
v -0.42229155 0.04632215 0.37998457
v -0.42287150 0.04457149 0.37915645
v -0.42287150 0.04457149 0.37915645
v -0.42591424 0.04457149 0.38146278
v -0.42548534 0.04632215 0.38237992
v -0.42463025 0.04632215 0.38421149
v -0.42113164 0.04632215 0.38164351
v -0.42229155 0.04632215 0.37998457
v -0.42463025 0.04632215 0.38421149
v -0.42420405 0.04457149 0.38512863
v -0.42054899 0.04457149 0.38247163
v -0.42113164 0.04632215 0.38164351
v -0.42420405 0.04457149 0.38512863
v -0.42463025 0.04281815 0.38421149
v -0.42113164 0.04281815 0.38164351
v -0.42054899 0.04457149 0.38247163
v -0.42463025 0.04281815 0.38421149
v -0.42548534 0.04281815 0.38237992
v -0.42229155 0.04281815 0.37998457
v -0.42113164 0.04281815 0.38164351
v -0.42548534 0.04281815 0.38237992
v -0.42591424 0.04457149 0.38146278
v -0.42287150 0.04457149 0.37915645
v -0.42229155 0.04281815 0.37998457
v -0.42591424 0.04457149 0.38146278
v -0.42923751 0.04457149 0.38269822
v -0.42906217 0.04632215 0.38369088
v -0.42548534 0.04632215 0.38237992
v -0.42548534 0.04632215 0.38237992
v -0.42591424 0.04457149 0.38146278
v -0.42923751 0.04457149 0.38269822
v -0.42906217 0.04632215 0.38369088
v -0.42871420 0.04632215 0.38567621
v -0.42463025 0.04632215 0.38421149
v -0.42463025 0.04632215 0.38421149
v -0.42871420 0.04632215 0.38567621
v -0.42853887 0.04457149 0.38666888
v -0.42420405 0.04457149 0.38512863
v -0.42420405 0.04457149 0.38512863
v -0.42871420 0.04281815 0.38567621
v -0.42463025 0.04281815 0.38421149
v -0.42420405 0.04457149 0.38512863
v -0.42871420 0.04281815 0.38567621
v -0.42906217 0.04281815 0.38369088
v -0.42548534 0.04281815 0.38237992
v -0.42463025 0.04281815 0.38421149
v -0.42906217 0.04281815 0.38369088
v -0.42923751 0.04457149 0.38269822
v -0.42591424 0.04457149 0.38146278
v -0.42548534 0.04281815 0.38237992
v -0.42923751 0.04457149 0.38269822
v -0.43752950 0.04632215 0.38475638
v -0.43361009 0.04632215 0.38453519
v -0.43369641 0.04457149 0.38352634
v -0.43369641 0.04457149 0.38352634
v -0.43752950 0.04457149 0.38374483
v -0.43752950 0.04632215 0.38475638
v -0.43752950 0.04632215 0.38677947
v -0.43343206 0.04632215 0.38655019
v -0.43361009 0.04632215 0.38453519
v -0.43752950 0.04632215 0.38677947
v -0.43752950 0.04457149 0.38779102
v -0.43334574 0.04457149 0.38755904
v -0.43343206 0.04632215 0.38655019
v -0.43752950 0.04457149 0.38779102
v -0.43752950 0.04281815 0.38677947
v -0.43343206 0.04281815 0.38655019
v -0.43334574 0.04457149 0.38755904
v -0.43752950 0.04281815 0.38677947
v -0.43752950 0.04281815 0.38475638
v -0.43361009 0.04281815 0.38453519
v -0.43343206 0.04281815 0.38655019
v -0.43752950 0.04281815 0.38475638
v -0.43752950 0.04457149 0.38374483
v -0.43369641 0.04457149 0.38352634
v -0.43361009 0.04281815 0.38453519
v -0.43752950 0.04457149 0.38374483
v -0.43369641 0.04457149 0.38352634
v -0.43361009 0.04632215 0.38453519
v -0.42906217 0.04632215 0.38369088
v -0.42906217 0.04632215 0.38369088
v -0.42923751 0.04457149 0.38269822
v -0.43369641 0.04457149 0.38352634
v -0.43361009 0.04632215 0.38453519
v -0.43343206 0.04632215 0.38655019
v -0.42871420 0.04632215 0.38567621
v -0.42871420 0.04632215 0.38567621
v -0.43343206 0.04632215 0.38655019
v -0.43334574 0.04457149 0.38755904
v -0.42853887 0.04457149 0.38666888
v -0.42853887 0.04457149 0.38666888
v -0.43343206 0.04281815 0.38655019
v -0.43343206 0.04281815 0.38655019
v -0.42871420 0.04281815 0.38567621
v -0.42853887 0.04457149 0.38666888
v -0.43361009 0.04281815 0.38453519
v -0.43361009 0.04281815 0.38453519
v -0.42906217 0.04281815 0.38369088
v -0.42871420 0.04281815 0.38567621
v -0.43369641 0.04457149 0.38352634
v -0.43369641 0.04457149 0.38352634
v -0.42923751 0.04457149 0.38269822
v -0.42906217 0.04281815 0.38369088
v -0.45082799 0.04492486 0.02457522
v -0.45082799 0.04012608 0.02628001
v -0.45538939 0.04106210 0.06846291
v -0.45538939 0.04106210 0.06846291
v -0.45538939 0.04743080 0.06836580
v -0.45082799 0.04492486 0.02457522
v -0.42448458 0.04012608 0.02628001
v -0.42448458 0.04492486 0.02457522
v -0.41992318 0.04743080 0.06836580
v -0.41992318 0.04743080 0.06836580
v -0.41992318 0.04106210 0.06846291
v -0.42448458 0.04012608 0.02628001
v -0.43765628 0.04743080 0.06836580
v -0.41992318 0.04743080 0.06836580
v -0.42448458 0.04492486 0.02457522
v -0.42448458 0.04492486 0.02457522
v -0.43765628 0.04572601 0.02423803
v -0.43765628 0.04743080 0.06836580
v -0.43765628 0.04106210 0.06846291
v -0.45538939 0.04106210 0.06846291
v -0.45082799 0.04012608 0.02628001
v -0.45082799 0.04012608 0.02628001
v -0.43765628 0.03932763 0.02661720
v -0.43765628 0.04106210 0.06846291
v -0.44921760 0.04391331 -0.01151951
v -0.44921760 0.03914420 -0.00959622
v -0.45082799 0.04012608 0.02628001
v -0.44921760 0.04391331 -0.01151951
v -0.42609497 0.03914420 -0.00959622
v -0.42609497 0.04391331 -0.01151951
v -0.42448458 0.04492486 0.02457522
v -0.42609497 0.03914420 -0.00959622
v -0.43765628 0.04572601 0.02423803
v -0.42448458 0.04492486 0.02457522
v -0.42609497 0.04391331 -0.01151951
v -0.42609497 0.04391331 -0.01151951
v -0.43765628 0.04471446 -0.01185669
v -0.43765628 0.04572601 0.02423803
v -0.43765628 0.03932763 0.02661720
v -0.45082799 0.04012608 0.02628001
v -0.44921760 0.03914420 -0.00959622
v -0.44921760 0.03914420 -0.00959622
v -0.43765628 0.03834576 -0.00925634
v -0.43765628 0.03932763 0.02661720
v -0.44820605 0.04375686 -0.04204397
v -0.44820605 0.03910374 -0.04066018
v -0.44921760 0.03914420 -0.00959622
v -0.44820605 0.04375686 -0.04204397
v -0.42710651 0.03910374 -0.04066018
v -0.42710651 0.04375686 -0.04204397
v -0.42609497 0.04391331 -0.01151951
v -0.42710651 0.03910374 -0.04066018
v -0.43765628 0.04471446 -0.01185669
v -0.42609497 0.04391331 -0.01151951
v -0.42710651 0.04375686 -0.04204397
v -0.42710651 0.04375686 -0.04204397
v -0.43765628 0.04452294 -0.04227596
v -0.43765628 0.04471446 -0.01185669
v -0.43765628 0.03834576 -0.00925634
v -0.44921760 0.03914420 -0.00959622
v -0.44820605 0.03910374 -0.04066018
v -0.44820605 0.03910374 -0.04066018
v -0.43765628 0.03833497 -0.04042819
v -0.43765628 0.03834576 -0.00925634
v -0.44760452 0.04444471 -0.07337498
v -0.44760452 0.03977541 -0.07259542
v -0.44820605 0.03910374 -0.04066018
v -0.44760452 0.04444471 -0.07337498
v -0.42770805 0.03977541 -0.07259542
v -0.42770805 0.04444471 -0.07337498
v -0.42710651 0.04375686 -0.04204397
v -0.42770805 0.03977541 -0.07259542
v -0.43765628 0.04452294 -0.04227596
v -0.42710651 0.04375686 -0.04204397
v -0.42770805 0.04444471 -0.07337498
v -0.42770805 0.04444471 -0.07337498
v -0.43765628 0.04522968 -0.07349367
v -0.43765628 0.04452294 -0.04227596
v -0.43765628 0.03833497 -0.04042819
v -0.44820605 0.03910374 -0.04066018
v -0.44760452 0.03977541 -0.07259542
v -0.44760452 0.03977541 -0.07259542
v -0.43765628 0.03899045 -0.07247673
v -0.43765628 0.03833497 -0.04042819
v -0.44711358 0.04547245 -0.09993688
v -0.44711358 0.04093802 -0.09950529
v -0.44760452 0.03977541 -0.07259542
v -0.44711358 0.04547245 -0.09993688
v -0.42819899 0.04093802 -0.09950529
v -0.42819899 0.04547245 -0.09993688
v -0.42770805 0.04444471 -0.07337498
v -0.42819899 0.04093802 -0.09950529
v -0.43765628 0.04522968 -0.07349367
v -0.42770805 0.04444471 -0.07337498
v -0.42819899 0.04547245 -0.09993688
v -0.42819899 0.04547245 -0.09993688
v -0.43765628 0.04622504 -0.10002050
v -0.43765628 0.04522968 -0.07349367
v -0.43765628 0.03899045 -0.07247673
v -0.44760452 0.03977541 -0.07259542
v -0.44711358 0.04093802 -0.09950529
v -0.44711358 0.04093802 -0.09950529
v -0.43765628 0.04018542 -0.09942166
v -0.43765628 0.03899045 -0.07247673
v -0.44687081 0.04697493 -0.11738136
v -0.44687081 0.04261853 -0.11747307
v -0.44711358 0.04093802 -0.09950529
v -0.44687081 0.04697493 -0.11738136
v -0.42844176 0.04261853 -0.11747307
v -0.42844176 0.04697493 -0.11738136
v -0.42819899 0.04547245 -0.09993688
v -0.42844176 0.04261853 -0.11747307
v -0.43765628 0.04622504 -0.10002050
v -0.42819899 0.04547245 -0.09993688
v -0.42844176 0.04697493 -0.11738136
v -0.42844176 0.04697493 -0.11738136
v -0.43765628 0.04771404 -0.11736517
v -0.43765628 0.04622504 -0.10002050
v -0.43765628 0.04018542 -0.09942166
v -0.44711358 0.04093802 -0.09950529
v -0.44687081 0.04261853 -0.11747307
v -0.44687081 0.04261853 -0.11747307
v -0.43765628 0.04188213 -0.11749195
v -0.43765628 0.04018542 -0.09942166
v -0.44735635 0.05037373 -0.13114380
v -0.44735635 0.04640037 -0.13168060
v -0.44687081 0.04261853 -0.11747307
v -0.44735635 0.05037373 -0.13114380
v -0.42795621 0.04640037 -0.13168060
v -0.42795621 0.05037373 -0.13114380
v -0.42844176 0.04697493 -0.11738136
v -0.42795621 0.04640037 -0.13168060
v -0.42844176 0.04697493 -0.11738136
v -0.42795621 0.05037373 -0.13114380
v -0.43765628 0.05102922 -0.13103860
v -0.43765628 0.05102922 -0.13103860
v -0.43765628 0.04771404 -0.11736517
v -0.42844176 0.04697493 -0.11738136
v -0.44687081 0.04261853 -0.11747307
v -0.44735635 0.04640037 -0.13168060
v -0.43765628 0.04574489 -0.13178310
v -0.43765628 0.04574489 -0.13178310
v -0.43765628 0.04188213 -0.11749195
v -0.44687081 0.04261853 -0.11747307
v -0.44803881 0.05675593 -0.14442071
v -0.44803881 0.05294711 -0.14510856
v -0.44735635 0.04640037 -0.13168060
v -0.44803881 0.05675593 -0.14442071
v -0.42727376 0.05294711 -0.14510856
v -0.42727376 0.05675593 -0.14442071
v -0.42795621 0.05037373 -0.13114380
v -0.42727376 0.05294711 -0.14510856
v -0.42795621 0.05037373 -0.13114380
v -0.42727376 0.05675593 -0.14442071
v -0.43765628 0.05737634 -0.14431820
v -0.43765628 0.05737634 -0.14431820
v -0.43765628 0.05102922 -0.13103860
v -0.42795621 0.05037373 -0.13114380
v -0.44735635 0.04640037 -0.13168060
v -0.44803881 0.05294711 -0.14510856
v -0.43765628 0.05232669 -0.14521106
v -0.43765628 0.05232669 -0.14521106
v -0.43765628 0.04574489 -0.13178310
v -0.44735635 0.04640037 -0.13168060
v -0.44895325 0.06457856 -0.15530226
v -0.44893707 0.06116358 -0.15674001
v -0.44803881 0.05294711 -0.14510856
v -0.44895325 0.06457856 -0.15530226
v -0.42637550 0.06116358 -0.15674001
v -0.42637550 0.06457856 -0.15530226
v -0.42727376 0.05675593 -0.14442071
v -0.42637550 0.06116358 -0.15674001
v -0.42727376 0.05675593 -0.14442071
v -0.42637550 0.06457856 -0.15530226
v -0.43766438 0.06525293 -0.15513232
v -0.43766438 0.06525293 -0.15513232
v -0.43765628 0.05737634 -0.14431820
v -0.42727376 0.05675593 -0.14442071
v -0.44803881 0.05294711 -0.14510856
v -0.44893707 0.06116358 -0.15674001
v -0.43765628 0.06048921 -0.15690995
v -0.43765628 0.06048921 -0.15690995
v -0.43765628 0.05232669 -0.14521106
v -0.44803881 0.05294711 -0.14510856
v -0.45191506 0.07283549 -0.16657226
v -0.45181256 0.07177809 -0.16997375
v -0.44893707 0.06116358 -0.15674001
v -0.45191506 0.07283549 -0.16657226
v -0.42356745 0.07177809 -0.16997375
v -0.42353508 0.07283549 -0.16657226
v -0.42637550 0.06457856 -0.15530226
v -0.42356745 0.07177809 -0.16997375
v -0.42637550 0.06457856 -0.15530226
v -0.42353508 0.07283549 -0.16657226
v -0.43772372 0.07317267 -0.16583315
v -0.43772372 0.07317267 -0.16583315
v -0.43766438 0.06525293 -0.15513232
v -0.42637550 0.06457856 -0.15530226
v -0.44893707 0.06116358 -0.15674001
v -0.45181256 0.07177809 -0.16997375
v -0.43767247 0.07183743 -0.17027857
v -0.43767247 0.07183743 -0.17027857
v -0.43765628 0.06048921 -0.15690995
v -0.44893707 0.06116358 -0.15674001
v -0.42190042 0.09098940 -0.25099199
v -0.39931458 0.08227391 -0.24931957
v -0.39956004 0.07896682 -0.27549842
v -0.39956004 0.07896682 -0.27549842
v -0.42190042 0.08760948 -0.27709262
v -0.42190042 0.09098940 -0.25099199
v -0.39931458 0.08227391 -0.24931957
v -0.38508007 0.07158117 -0.24691343
v -0.38482921 0.06811493 -0.27372619
v -0.38482921 0.06811493 -0.27372619
v -0.39956004 0.07896682 -0.27549842
v -0.39931458 0.08227391 -0.24931957
v -0.38508007 0.07158117 -0.24691343
v -0.37559041 0.06179748 -0.24467454
v -0.37570640 0.05777287 -0.27233700
v -0.37570640 0.05777287 -0.27233700
v -0.38482921 0.06811493 -0.27372619
v -0.38508007 0.07158117 -0.24691343
v -0.42282564 0.08623917 -0.19282664
v -0.40555650 0.07978415 -0.19297231
v -0.40039895 0.08378448 -0.22288715
v -0.40039895 0.08378448 -0.22288715
v -0.42190042 0.09227609 -0.22446786
v -0.42282564 0.08623917 -0.19282664
v -0.42190042 0.08760948 -0.27709262
v -0.39956004 0.07896682 -0.27549842
v -0.40207408 0.06975499 -0.30487107
v -0.40207408 0.06975499 -0.30487107
v -0.42230503 0.07795257 -0.30643830
v -0.42190042 0.08760948 -0.27709262
v -0.40207408 0.06975499 -0.30487107
v -0.38800142 0.05992814 -0.30334701
v -0.39261678 0.05124232 -0.33137633
v -0.39261678 0.05124232 -0.33137633
v -0.40472838 0.05856862 -0.33452696
v -0.40207408 0.06975499 -0.30487107
v -0.38800142 0.05992814 -0.30334701
v -0.37968515 0.05229433 -0.30190387
v -0.38768043 0.04701809 -0.32989002
v -0.38768043 0.04701809 -0.32989002
v -0.39261678 0.05124232 -0.33137633
v -0.38800142 0.05992814 -0.30334701
v -0.40581276 0.04366245 -0.35840758
v -0.42058405 0.04261584 -0.36848799
v -0.42225109 0.06488877 -0.33729995
v -0.42225109 0.06488877 -0.33729995
v -0.40472838 0.05856862 -0.33452696
v -0.40581276 0.04366245 -0.35840758
v -0.39261678 0.05124232 -0.33137633
v -0.39543832 0.04453373 -0.34517384
v -0.40581276 0.04366245 -0.35840758
v -0.40581276 0.04366245 -0.35840758
v -0.40472838 0.05856862 -0.33452696
v -0.39261678 0.05124232 -0.33137633
v -0.39261678 0.05124232 -0.33137633
v -0.38768043 0.04701809 -0.32989002
v -0.39543832 0.04453373 -0.34517384
v -0.43778306 0.08724802 -0.19288059
v -0.43772372 0.07317267 -0.16583315
v -0.42353508 0.07283549 -0.16657226
v -0.42353508 0.07283549 -0.16657226
v -0.42282564 0.08623917 -0.19282664
v -0.43778306 0.08724802 -0.19288059
v -0.43779116 0.09350613 -0.22469714
v -0.43778306 0.08724802 -0.19288059
v -0.42282564 0.08623917 -0.19282664
v -0.42282564 0.08623917 -0.19282664
v -0.42190042 0.09227609 -0.22446786
v -0.43779116 0.09350613 -0.22469714
v -0.42190042 0.09098940 -0.25099199
v -0.43779116 0.09221675 -0.25122128
v -0.43779116 0.09350613 -0.22469714
v -0.43779116 0.09350613 -0.22469714
v -0.42190042 0.09227609 -0.22446786
v -0.42190042 0.09098940 -0.25099199
v -0.42230503 0.07795257 -0.30643830
v -0.43779116 0.07910709 -0.30666758
v -0.43779116 0.08883683 -0.27731921
v -0.43779116 0.08883683 -0.27731921
v -0.42190042 0.08760948 -0.27709262
v -0.42230503 0.07795257 -0.30643830
v -0.43779116 0.04191989 -0.37239661
v -0.43779116 0.06588144 -0.33814695
v -0.42225109 0.06488877 -0.33729995
v -0.42225109 0.06488877 -0.33729995
v -0.42058405 0.04261584 -0.36848799
v -0.43779116 0.04191989 -0.37239661
v -0.42353508 0.07283549 -0.16657226
v -0.40941387 0.07277075 -0.17389047
v -0.40555650 0.07978415 -0.19297231
v -0.40555650 0.07978415 -0.19297231
v -0.42282564 0.08623917 -0.19282664
v -0.42353508 0.07283549 -0.16657226
v -0.39360135 0.07220698 -0.19282125
v -0.38715442 0.07347749 -0.21991994
v -0.40039895 0.08378448 -0.22288715
v -0.40039895 0.08378448 -0.22288715
v -0.40555650 0.07978415 -0.19297231
v -0.39360135 0.07220698 -0.19282125
v -0.40941387 0.07277075 -0.17389047
v -0.39794696 0.07096075 -0.18042911
v -0.39360135 0.07220698 -0.19282125
v -0.39360135 0.07220698 -0.19282125
v -0.40555650 0.07978415 -0.19297231
v -0.40941387 0.07277075 -0.17389047
v -0.39360135 0.07220698 -0.19282125
v -0.38751049 0.06802322 -0.19582082
v -0.37911059 0.06560899 -0.21800744
v -0.37911059 0.06560899 -0.21800744
v -0.38715442 0.07347749 -0.21991994
v -0.39360135 0.07220698 -0.19282125
v -0.39794696 0.07096075 -0.18042911
v -0.39241987 0.06945827 -0.18648761
v -0.38751049 0.06802322 -0.19582082
v -0.38751049 0.06802322 -0.19582082
v -0.39360135 0.07220698 -0.19282125
v -0.39794696 0.07096075 -0.18042911
v -0.47602497 0.07896682 -0.27549842
v -0.47627044 0.08227391 -0.24931957
v -0.45368460 0.09098940 -0.25099199
v -0.45368460 0.09098940 -0.25099199
v -0.45368460 0.08760948 -0.27709262
v -0.47602497 0.07896682 -0.27549842
v -0.49075850 0.06811493 -0.27372619
v -0.49051033 0.07158117 -0.24691343
v -0.47627044 0.08227391 -0.24931957
v -0.47627044 0.08227391 -0.24931957
v -0.47602497 0.07896682 -0.27549842
v -0.49075850 0.06811493 -0.27372619
v -0.49985434 0.05777287 -0.27230463
v -0.50000000 0.06179748 -0.24467454
v -0.49051033 0.07158117 -0.24691343
v -0.49051033 0.07158117 -0.24691343
v -0.49075850 0.06811493 -0.27372619
v -0.49985434 0.05777287 -0.27230463
v -0.45274049 0.08623917 -0.19282664
v -0.45368460 0.09227609 -0.22446786
v -0.47518606 0.08378448 -0.22288715
v -0.47518606 0.08378448 -0.22288715
v -0.47002851 0.07978415 -0.19297231
v -0.45274049 0.08623917 -0.19282664
v -0.45368460 0.08760948 -0.27709262
v -0.45327998 0.07795257 -0.30643830
v -0.47351093 0.06975499 -0.30487107
v -0.47351093 0.06975499 -0.30487107
v -0.47602497 0.07896682 -0.27549842
v -0.45368460 0.08760948 -0.27709262
v -0.48298442 0.05124232 -0.33131428
v -0.48759168 0.05992814 -0.30331464
v -0.47351093 0.06975499 -0.30487107
v -0.47351093 0.06975499 -0.30487107
v -0.47085663 0.05856862 -0.33452696
v -0.48298442 0.05124232 -0.33131428
v -0.48797202 0.04702349 -0.32960949
v -0.49592953 0.05229702 -0.30171774
v -0.48759168 0.05992814 -0.30331464
v -0.48759168 0.05992814 -0.30331464
v -0.48298442 0.05124232 -0.33131428
v -0.48797202 0.04702349 -0.32960949
v -0.46977225 0.04366245 -0.35840758
v -0.47085663 0.05856862 -0.33452696
v -0.45333393 0.06488877 -0.33729995
v -0.45333393 0.06488877 -0.33729995
v -0.45500096 0.04261584 -0.36848799
v -0.46977225 0.04366245 -0.35840758
v -0.48298442 0.05124232 -0.33131428
v -0.47085663 0.05856862 -0.33452696
v -0.46977225 0.04366245 -0.35840758
v -0.46977225 0.04366245 -0.35840758
v -0.48016018 0.04453373 -0.34511180
v -0.48298442 0.05124232 -0.33131428
v -0.48016018 0.04453373 -0.34511180
v -0.48797202 0.04702349 -0.32960949
v -0.48298442 0.05124232 -0.33131428
v -0.43779116 0.09350613 -0.22469714
v -0.45368460 0.09227609 -0.22446786
v -0.45274049 0.08623917 -0.19282664
v -0.45274049 0.08623917 -0.19282664
v -0.43778306 0.08724802 -0.19288059
v -0.43779116 0.09350613 -0.22469714
v -0.43779116 0.09350613 -0.22469714
v -0.43779116 0.09221675 -0.25122128
v -0.45368460 0.09098940 -0.25099199
v -0.45368460 0.09098940 -0.25099199
v -0.45368460 0.09227609 -0.22446786
v -0.43779116 0.09350613 -0.22469714
v -0.43779116 0.08883683 -0.27731921
v -0.43779116 0.07910709 -0.30666758
v -0.45327998 0.07795257 -0.30643830
v -0.45327998 0.07795257 -0.30643830
v -0.45368460 0.08760948 -0.27709262
v -0.43779116 0.08883683 -0.27731921
v -0.43779116 0.04191989 -0.37239661
v -0.45500096 0.04261584 -0.36848799
v -0.45333393 0.06488877 -0.33729995
v -0.45333393 0.06488877 -0.33729995
v -0.43779116 0.06588144 -0.33814695
v -0.43779116 0.04191989 -0.37239661
v -0.45191506 0.07283549 -0.16657226
v -0.45274049 0.08623917 -0.19282664
v -0.47002851 0.07978415 -0.19297231
v -0.47002851 0.07978415 -0.19297231
v -0.46615496 0.07277075 -0.17389047
v -0.45191506 0.07283549 -0.16657226
v -0.48198366 0.07220698 -0.19282125
v -0.47002851 0.07978415 -0.19297231
v -0.47518606 0.08378448 -0.22288715
v -0.47518606 0.08378448 -0.22288715
v -0.48843059 0.07347749 -0.21991994
v -0.48198366 0.07220698 -0.19282125
v -0.46615496 0.07277075 -0.17389047
v -0.47002851 0.07978415 -0.19297231
v -0.48198366 0.07220698 -0.19282125
v -0.48198366 0.07220698 -0.19282125
v -0.47823419 0.07075575 -0.18154316
v -0.46615496 0.07277075 -0.17389047
v -0.48198366 0.07220698 -0.19282125
v -0.48843059 0.07347749 -0.21991994
v -0.49648521 0.06560899 -0.21800744
v -0.49648521 0.06560899 -0.21800744
v -0.48740556 0.06822283 -0.19498461
v -0.48198366 0.07220698 -0.19282125
v -0.48740556 0.06822283 -0.19498461
v -0.47823419 0.07075575 -0.18154316
v -0.48198366 0.07220698 -0.19282125
v -0.39991611 0.07836259 -0.27475392
v -0.39967334 0.08165079 -0.24968372
v -0.42204878 0.09036899 -0.25129411
v -0.42204878 0.09036899 -0.25129411
v -0.42204878 0.08700525 -0.27628878
v -0.39991611 0.07836259 -0.27475392
v -0.38541726 0.06751070 -0.27305183
v -0.38566542 0.07095536 -0.24737200
v -0.39967334 0.08165079 -0.24968372
v -0.39967334 0.08165079 -0.24968372
v -0.39991611 0.07836259 -0.27475392
v -0.38541726 0.06751070 -0.27305183
v -0.37655610 0.05731969 -0.27186764
v -0.37650485 0.06133082 -0.24508455
v -0.38566542 0.07095536 -0.24737200
v -0.38566542 0.07095536 -0.24737200
v -0.38541726 0.06751070 -0.27305183
v -0.37655610 0.05731969 -0.27186764
v -0.42294973 0.08556751 -0.19573720
v -0.42204878 0.09163679 -0.22589212
v -0.40074693 0.08314249 -0.22437075
v -0.40074693 0.08314249 -0.22437075
v -0.40585592 0.07912327 -0.19571562
v -0.42294973 0.08556751 -0.19573720
v -0.42204878 0.08700525 -0.27628878
v -0.42244800 0.07736992 -0.30438823
v -0.40240587 0.06917234 -0.30288305
v -0.40240587 0.06917234 -0.30288305
v -0.39991611 0.07836259 -0.27475392
v -0.42204878 0.08700525 -0.27628878
v -0.39301600 0.05067045 -0.32854669
v -0.38850045 0.05934279 -0.30142102
v -0.40240587 0.06917234 -0.30288305
v -0.40240587 0.06917234 -0.30288305
v -0.40503319 0.05799946 -0.33169193
v -0.39301600 0.05067045 -0.32854669
v -0.38800952 0.04658920 -0.32792358
v -0.38026780 0.05185464 -0.30052007
v -0.38850045 0.05934279 -0.30142102
v -0.38850045 0.05934279 -0.30142102
v -0.39301600 0.05067045 -0.32854669
v -0.38800952 0.04658920 -0.32792358
v -0.40603395 0.04322007 -0.35721800
v -0.40503319 0.05799946 -0.33169193
v -0.42239405 0.06431961 -0.33437860
v -0.42239405 0.06431961 -0.33437860
v -0.42070005 0.04217615 -0.36720940
v -0.40603395 0.04322007 -0.35721800
v -0.39301600 0.05067045 -0.32854669
v -0.40503319 0.05799946 -0.33169193
v -0.40603395 0.04322007 -0.35721800
v -0.40603395 0.04322007 -0.35721800
v -0.39571616 0.04409674 -0.34367135
v -0.39301600 0.05067045 -0.32854669
v -0.39571616 0.04409674 -0.34367135
v -0.38800952 0.04658920 -0.32792358
v -0.39301600 0.05067045 -0.32854669
v -0.45181256 0.07177809 -0.16997375
v -0.45260291 0.08556751 -0.19573720
v -0.43777497 0.08657636 -0.19579115
v -0.43777497 0.08657636 -0.19579115
v -0.43767247 0.07183743 -0.17027857
v -0.45181256 0.07177809 -0.16997375
v -0.43779116 0.09286683 -0.22611061
v -0.42204878 0.09163679 -0.22589212
v -0.42294973 0.08556751 -0.19573720
v -0.42294973 0.08556751 -0.19573720
v -0.43777497 0.08657636 -0.19579115
v -0.43779116 0.09286683 -0.22611061
v -0.43779116 0.09286683 -0.22611061
v -0.43779116 0.09159633 -0.25151260
v -0.42204878 0.09036899 -0.25129411
v -0.42204878 0.09036899 -0.25129411
v -0.42204878 0.09163679 -0.22589212
v -0.43779116 0.09286683 -0.22611061
v -0.43779116 0.08823529 -0.27650727
v -0.43779116 0.07852443 -0.30460942
v -0.42244800 0.07736992 -0.30438823
v -0.42244800 0.07736992 -0.30438823
v -0.42204878 0.08700525 -0.27628878
v -0.43779116 0.08823529 -0.27650727
v -0.43779116 0.04148020 -0.37102900
v -0.42070005 0.04217615 -0.36720940
v -0.42239405 0.06431961 -0.33437860
v -0.42239405 0.06431961 -0.33437860
v -0.43779116 0.06531497 -0.33519323
v -0.43779116 0.04148020 -0.37102900
v -0.42356745 0.07177809 -0.16997375
v -0.42294973 0.08556751 -0.19573720
v -0.40585592 0.07912327 -0.19571562
v -0.40585592 0.07912327 -0.19571562
v -0.40959460 0.07225554 -0.17669313
v -0.42356745 0.07177809 -0.16997375
v -0.39401137 0.07154610 -0.19556996
v -0.40585592 0.07912327 -0.19571562
v -0.40074693 0.08314249 -0.22437075
v -0.40074693 0.08314249 -0.22437075
v -0.38772628 0.07283549 -0.22152223
v -0.39401137 0.07154610 -0.19556996
v -0.40959460 0.07225554 -0.17669313
v -0.40585592 0.07912327 -0.19571562
v -0.39401137 0.07154610 -0.19556996
v -0.39401137 0.07154610 -0.19556996
v -0.39822480 0.07045903 -0.18289189
v -0.40959460 0.07225554 -0.17669313
v -0.39401137 0.07154610 -0.19556996
v -0.38772628 0.07283549 -0.22152223
v -0.37991444 0.06512615 -0.21925906
v -0.37991444 0.06512615 -0.21925906
v -0.38796096 0.06752689 -0.19778188
v -0.39401137 0.07154610 -0.19556996
v -0.39822480 0.07045903 -0.18289189
v -0.39401137 0.07154610 -0.19556996
v -0.38796096 0.06752689 -0.19778188
v -0.38796096 0.06752689 -0.19778188
v -0.39270310 0.06901319 -0.18850801
v -0.39822480 0.07045903 -0.18289189
v -0.45353624 0.09036899 -0.25129411
v -0.47591167 0.08165079 -0.24968372
v -0.47566890 0.07836259 -0.27475392
v -0.47566890 0.07836259 -0.27475392
v -0.45353624 0.08700525 -0.27628878
v -0.45353624 0.09036899 -0.25129411
v -0.47591167 0.08165079 -0.24968372
v -0.48989801 0.07095536 -0.24737200
v -0.49011381 0.06751070 -0.27305183
v -0.49011381 0.06751070 -0.27305183
v -0.47566890 0.07836259 -0.27475392
v -0.47591167 0.08165079 -0.24968372
v -0.48989801 0.07095536 -0.24737200
v -0.49895608 0.06133082 -0.24508455
v -0.49877266 0.05731969 -0.27186764
v -0.49877266 0.05731969 -0.27186764
v -0.49011381 0.06751070 -0.27305183
v -0.48989801 0.07095536 -0.24737200
v -0.45260291 0.08556751 -0.19573720
v -0.46972909 0.07912327 -0.19571562
v -0.47483808 0.08314249 -0.22437075
v -0.47483808 0.08314249 -0.22437075
v -0.45353624 0.09163679 -0.22589212
v -0.45260291 0.08556751 -0.19573720
v -0.45353624 0.08700525 -0.27628878
v -0.47566890 0.07836259 -0.27475392
v -0.47317915 0.06917234 -0.30288305
v -0.47317915 0.06917234 -0.30288305
v -0.45313701 0.07736992 -0.30438823
v -0.45353624 0.08700525 -0.27628878
v -0.47317915 0.06917234 -0.30288305
v -0.48706028 0.05934279 -0.30142102
v -0.48256901 0.05067045 -0.32854669
v -0.48256901 0.05067045 -0.32854669
v -0.47054912 0.05799946 -0.33169193
v -0.47317915 0.06917234 -0.30288305
v -0.48706028 0.05934279 -0.30142102
v -0.49516615 0.05185464 -0.30049040
v -0.48756471 0.04658920 -0.32786153
v -0.48756471 0.04658920 -0.32786153
v -0.48256901 0.05067045 -0.32854669
v -0.48706028 0.05934279 -0.30142102
v -0.46955106 0.04322007 -0.35721800
v -0.45488497 0.04217615 -0.36720940
v -0.45319096 0.06431961 -0.33437860
v -0.45319096 0.06431961 -0.33437860
v -0.47054912 0.05799946 -0.33169193
v -0.46955106 0.04322007 -0.35721800
v -0.48256901 0.05067045 -0.32854669
v -0.47986885 0.04409674 -0.34367135
v -0.46955106 0.04322007 -0.35721800
v -0.46955106 0.04322007 -0.35721800
v -0.47054912 0.05799946 -0.33169193
v -0.48256901 0.05067045 -0.32854669
v -0.48256901 0.05067045 -0.32854669
v -0.48756471 0.04658920 -0.32786153
v -0.47986885 0.04409674 -0.34367135
v -0.43779116 0.09286683 -0.22611061
v -0.43777497 0.08657636 -0.19579115
v -0.45260291 0.08556751 -0.19573720
v -0.45260291 0.08556751 -0.19573720
v -0.45353624 0.09163679 -0.22589212
v -0.43779116 0.09286683 -0.22611061
v -0.45353624 0.09036899 -0.25129411
v -0.43779116 0.09159633 -0.25151260
v -0.43779116 0.09286683 -0.22611061
v -0.43779116 0.09286683 -0.22611061
v -0.45353624 0.09163679 -0.22589212
v -0.45353624 0.09036899 -0.25129411
v -0.45313701 0.07736992 -0.30438823
v -0.43779116 0.07852443 -0.30460942
v -0.43779116 0.08823529 -0.27650727
v -0.43779116 0.08823529 -0.27650727
v -0.45353624 0.08700525 -0.27628878
v -0.45313701 0.07736992 -0.30438823
v -0.43779116 0.04148020 -0.37102900
v -0.43779116 0.06531497 -0.33519323
v -0.45319096 0.06431961 -0.33437860
v -0.45319096 0.06431961 -0.33437860
v -0.45488497 0.04217615 -0.36720940
v -0.43779116 0.04148020 -0.37102900
v -0.45181256 0.07177809 -0.16997375
v -0.46595535 0.07225554 -0.17669313
v -0.46972909 0.07912327 -0.19571562
v -0.46972909 0.07912327 -0.19571562
v -0.45260291 0.08556751 -0.19573720
v -0.45181256 0.07177809 -0.16997375
v -0.48157364 0.07154610 -0.19556996
v -0.48786412 0.07283549 -0.22152223
v -0.47483808 0.08314249 -0.22437075
v -0.47483808 0.08314249 -0.22437075
v -0.46972909 0.07912327 -0.19571562
v -0.48157364 0.07154610 -0.19556996
v -0.46595535 0.07225554 -0.17669313
v -0.47795095 0.07025402 -0.18396009
v -0.48157364 0.07154610 -0.19556996
v -0.48157364 0.07154610 -0.19556996
v -0.46972909 0.07912327 -0.19571562
v -0.46595535 0.07225554 -0.17669313
v -0.48157364 0.07154610 -0.19556996
v -0.48696587 0.06772920 -0.19698613
v -0.49567327 0.06512615 -0.21925906
v -0.49567327 0.06512615 -0.21925906
v -0.48786412 0.07283549 -0.22152223
v -0.48157364 0.07154610 -0.19556996
v -0.48157364 0.07154610 -0.19556996
v -0.47795095 0.07025402 -0.18396009
v -0.48696587 0.06772920 -0.19698613
v -0.45500096 0.04261584 -0.36848799
v -0.43779116 0.04191989 -0.37239661
v -0.43779116 0.04148020 -0.37102900
v -0.43779116 0.04148020 -0.37102900
v -0.45488497 0.04217615 -0.36720940
v -0.45500096 0.04261584 -0.36848799
v -0.46977225 0.04366245 -0.35840758
v -0.45488497 0.04217615 -0.36720940
v -0.46955106 0.04322007 -0.35721800
v -0.46977225 0.04366245 -0.35840758
v -0.48016018 0.04453373 -0.34511180
v -0.46977225 0.04366245 -0.35840758
v -0.46955106 0.04322007 -0.35721800
v -0.46955106 0.04322007 -0.35721800
v -0.47986885 0.04409674 -0.34367135
v -0.48016018 0.04453373 -0.34511180
v -0.48797202 0.04702349 -0.32960949
v -0.47986885 0.04409674 -0.34367135
v -0.48756471 0.04658920 -0.32786153
v -0.48797202 0.04702349 -0.32960949
v -0.48756471 0.04658920 -0.32786153
v -0.49516615 0.05185464 -0.30049040
v -0.49592953 0.05229702 -0.30171774
v -0.49592953 0.05229702 -0.30171774
v -0.49877266 0.05731969 -0.27186764
v -0.49895608 0.06133082 -0.24508455
v -0.50000000 0.06179748 -0.24467454
v -0.50000000 0.06179748 -0.24467454
v -0.49985434 0.05777287 -0.27230463
v -0.49877266 0.05731969 -0.27186764
v -0.48740556 0.06822283 -0.19498461
v -0.49648521 0.06560899 -0.21800744
v -0.49567327 0.06512615 -0.21925906
v -0.49567327 0.06512615 -0.21925906
v -0.48696587 0.06772920 -0.19698613
v -0.48740556 0.06822283 -0.19498461
v -0.47823419 0.07075575 -0.18154316
v -0.48696587 0.06772920 -0.19698613
v -0.47795095 0.07025402 -0.18396009
v -0.47823419 0.07075575 -0.18154316
v -0.46615496 0.07277075 -0.17389047
v -0.47795095 0.07025402 -0.18396009
v -0.46595535 0.07225554 -0.17669313
v -0.46615496 0.07277075 -0.17389047
v -0.45191506 0.07283549 -0.16657226
v -0.46595535 0.07225554 -0.17669313
v -0.45181256 0.07177809 -0.16997375
v -0.45191506 0.07283549 -0.16657226
v -0.39543832 0.04453373 -0.34517384
v -0.38768043 0.04701809 -0.32989002
v -0.38800952 0.04658920 -0.32792358
v -0.38800952 0.04658920 -0.32792358
v -0.39571616 0.04409674 -0.34367135
v -0.39543832 0.04453373 -0.34517384
v -0.40472838 0.05856862 -0.33452696
v -0.42225109 0.06488877 -0.33729995
v -0.42230503 0.07795257 -0.30643830
v -0.42230503 0.07795257 -0.30643830
v -0.40207408 0.06975499 -0.30487107
v -0.40472838 0.05856862 -0.33452696
v -0.39956004 0.07896682 -0.27549842
v -0.38482921 0.06811493 -0.27372619
v -0.38800142 0.05992814 -0.30334701
v -0.38800142 0.05992814 -0.30334701
v -0.40207408 0.06975499 -0.30487107
v -0.39956004 0.07896682 -0.27549842
v -0.38482921 0.06811493 -0.27372619
v -0.37570640 0.05777287 -0.27233700
v -0.37968515 0.05229433 -0.30190387
v -0.37968515 0.05229433 -0.30190387
v -0.38800142 0.05992814 -0.30334701
v -0.38482921 0.06811493 -0.27372619
v -0.42225109 0.06488877 -0.33729995
v -0.43779116 0.06588144 -0.33814695
v -0.43779116 0.07910709 -0.30666758
v -0.43779116 0.07910709 -0.30666758
v -0.42230503 0.07795257 -0.30643830
v -0.42225109 0.06488877 -0.33729995
v -0.45327998 0.07795257 -0.30643830
v -0.45333393 0.06488877 -0.33729995
v -0.47085663 0.05856862 -0.33452696
v -0.47085663 0.05856862 -0.33452696
v -0.47351093 0.06975499 -0.30487107
v -0.45327998 0.07795257 -0.30643830
v -0.48759168 0.05992814 -0.30331464
v -0.49075850 0.06811493 -0.27372619
v -0.47602497 0.07896682 -0.27549842
v -0.47602497 0.07896682 -0.27549842
v -0.47351093 0.06975499 -0.30487107
v -0.48759168 0.05992814 -0.30331464
v -0.49592953 0.05229702 -0.30171774
v -0.49985434 0.05777287 -0.27230463
v -0.49075850 0.06811493 -0.27372619
v -0.49075850 0.06811493 -0.27372619
v -0.48759168 0.05992814 -0.30331464
v -0.49592953 0.05229702 -0.30171774
v -0.43779116 0.06588144 -0.33814695
v -0.45333393 0.06488877 -0.33729995
v -0.45327998 0.07795257 -0.30643830
v -0.45327998 0.07795257 -0.30643830
v -0.43779116 0.07910709 -0.30666758
v -0.43779116 0.06588144 -0.33814695
v -0.42244800 0.07736992 -0.30438823
v -0.42239405 0.06431961 -0.33437860
v -0.40503319 0.05799946 -0.33169193
v -0.40503319 0.05799946 -0.33169193
v -0.40240587 0.06917234 -0.30288305
v -0.42244800 0.07736992 -0.30438823
v -0.38850045 0.05934279 -0.30142102
v -0.38541726 0.06751070 -0.27305183
v -0.39991611 0.07836259 -0.27475392
v -0.39991611 0.07836259 -0.27475392
v -0.40240587 0.06917234 -0.30288305
v -0.38850045 0.05934279 -0.30142102
v -0.38026780 0.05185464 -0.30052007
v -0.37655610 0.05731969 -0.27186764
v -0.38541726 0.06751070 -0.27305183
v -0.38541726 0.06751070 -0.27305183
v -0.38850045 0.05934279 -0.30142102
v -0.38026780 0.05185464 -0.30052007
v -0.43779116 0.06531497 -0.33519323
v -0.42239405 0.06431961 -0.33437860
v -0.42244800 0.07736992 -0.30438823
v -0.42244800 0.07736992 -0.30438823
v -0.43779116 0.07852443 -0.30460942
v -0.43779116 0.06531497 -0.33519323
v -0.47054912 0.05799946 -0.33169193
v -0.45319096 0.06431961 -0.33437860
v -0.45313701 0.07736992 -0.30438823
v -0.45313701 0.07736992 -0.30438823
v -0.47317915 0.06917234 -0.30288305
v -0.47054912 0.05799946 -0.33169193
v -0.47566890 0.07836259 -0.27475392
v -0.49011381 0.06751070 -0.27305183
v -0.48706028 0.05934279 -0.30142102
v -0.48706028 0.05934279 -0.30142102
v -0.47317915 0.06917234 -0.30288305
v -0.47566890 0.07836259 -0.27475392
v -0.49011381 0.06751070 -0.27305183
v -0.49877266 0.05731969 -0.27186764
v -0.49516615 0.05185464 -0.30049040
v -0.49516615 0.05185464 -0.30049040
v -0.48706028 0.05934279 -0.30142102
v -0.49011381 0.06751070 -0.27305183
v -0.45319096 0.06431961 -0.33437860
v -0.43779116 0.06531497 -0.33519323
v -0.43779116 0.07852443 -0.30460942
v -0.43779116 0.07852443 -0.30460942
v -0.45313701 0.07736992 -0.30438823
v -0.45319096 0.06431961 -0.33437860
v -0.49516615 0.05185464 -0.30049040
v -0.49985434 0.05777287 -0.27230463
v -0.42190042 0.09227609 -0.22446786
v -0.40039895 0.08378448 -0.22288715
v -0.39931458 0.08227391 -0.24931957
v -0.39931458 0.08227391 -0.24931957
v -0.42190042 0.09098940 -0.25099199
v -0.42190042 0.09227609 -0.22446786
v -0.40039895 0.08378448 -0.22288715
v -0.38715442 0.07347749 -0.21991994
v -0.38508007 0.07158117 -0.24691343
v -0.38508007 0.07158117 -0.24691343
v -0.39931458 0.08227391 -0.24931957
v -0.40039895 0.08378448 -0.22288715
v -0.38715442 0.07347749 -0.21991994
v -0.37911059 0.06560899 -0.21800744
v -0.37559041 0.06179748 -0.24467454
v -0.37559041 0.06179748 -0.24467454
v -0.38508007 0.07158117 -0.24691343
v -0.38715442 0.07347749 -0.21991994
v -0.42190042 0.08760948 -0.27709262
v -0.43779116 0.08883683 -0.27731921
v -0.43779116 0.09221675 -0.25122128
v -0.43779116 0.09221675 -0.25122128
v -0.42190042 0.09098940 -0.25099199
v -0.42190042 0.08760948 -0.27709262
v -0.47627044 0.08227391 -0.24931957
v -0.47518606 0.08378448 -0.22288715
v -0.45368460 0.09227609 -0.22446786
v -0.45368460 0.09227609 -0.22446786
v -0.45368460 0.09098940 -0.25099199
v -0.47627044 0.08227391 -0.24931957
v -0.49051033 0.07158117 -0.24691343
v -0.48843059 0.07347749 -0.21991994
v -0.47518606 0.08378448 -0.22288715
v -0.47518606 0.08378448 -0.22288715
v -0.47627044 0.08227391 -0.24931957
v -0.49051033 0.07158117 -0.24691343
v -0.50000000 0.06179748 -0.24467454
v -0.49648521 0.06560899 -0.21800744
v -0.48843059 0.07347749 -0.21991994
v -0.48843059 0.07347749 -0.21991994
v -0.49051033 0.07158117 -0.24691343
v -0.50000000 0.06179748 -0.24467454
v -0.43779116 0.08883683 -0.27731921
v -0.45368460 0.08760948 -0.27709262
v -0.45368460 0.09098940 -0.25099199
v -0.45368460 0.09098940 -0.25099199
v -0.43779116 0.09221675 -0.25122128
v -0.43779116 0.08883683 -0.27731921
v -0.39967334 0.08165079 -0.24968372
v -0.40074693 0.08314249 -0.22437075
v -0.42204878 0.09163679 -0.22589212
v -0.42204878 0.09163679 -0.22589212
v -0.42204878 0.09036899 -0.25129411
v -0.39967334 0.08165079 -0.24968372
v -0.38566542 0.07095536 -0.24737200
v -0.38772628 0.07283549 -0.22152223
v -0.40074693 0.08314249 -0.22437075
v -0.40074693 0.08314249 -0.22437075
v -0.39967334 0.08165079 -0.24968372
v -0.38566542 0.07095536 -0.24737200
v -0.37650485 0.06133082 -0.24508455
v -0.37991444 0.06512615 -0.21925906
v -0.38772628 0.07283549 -0.22152223
v -0.38772628 0.07283549 -0.22152223
v -0.38566542 0.07095536 -0.24737200
v -0.37650485 0.06133082 -0.24508455
v -0.43779116 0.08823529 -0.27650727
v -0.42204878 0.08700525 -0.27628878
v -0.42204878 0.09036899 -0.25129411
v -0.42204878 0.09036899 -0.25129411
v -0.43779116 0.09159633 -0.25151260
v -0.43779116 0.08823529 -0.27650727
v -0.45353624 0.09163679 -0.22589212
v -0.47483808 0.08314249 -0.22437075
v -0.47591167 0.08165079 -0.24968372
v -0.47591167 0.08165079 -0.24968372
v -0.45353624 0.09036899 -0.25129411
v -0.45353624 0.09163679 -0.22589212
v -0.47483808 0.08314249 -0.22437075
v -0.48786412 0.07283549 -0.22152223
v -0.48989801 0.07095536 -0.24737200
v -0.48989801 0.07095536 -0.24737200
v -0.47591167 0.08165079 -0.24968372
v -0.47483808 0.08314249 -0.22437075
v -0.48786412 0.07283549 -0.22152223
v -0.49567327 0.06512615 -0.21925906
v -0.49895608 0.06133082 -0.24508455
v -0.49895608 0.06133082 -0.24508455
v -0.48989801 0.07095536 -0.24737200
v -0.48786412 0.07283549 -0.22152223
v -0.45353624 0.08700525 -0.27628878
v -0.43779116 0.08823529 -0.27650727
v -0.43779116 0.09159633 -0.25151260
v -0.43779116 0.09159633 -0.25151260
v -0.45353624 0.09036899 -0.25129411
v -0.45353624 0.08700525 -0.27628878
v -0.50000000 0.06179748 -0.24467454
v -0.49567327 0.06512615 -0.21925906
v -0.42356745 0.07177809 -0.16997375
v -0.40959460 0.07225554 -0.17669313
v -0.40941387 0.07277075 -0.17389047
v -0.40941387 0.07277075 -0.17389047
v -0.42353508 0.07283549 -0.16657226
v -0.42356745 0.07177809 -0.16997375
v -0.40959460 0.07225554 -0.17669313
v -0.39822480 0.07045903 -0.18289189
v -0.39794696 0.07096075 -0.18042911
v -0.39794696 0.07096075 -0.18042911
v -0.40941387 0.07277075 -0.17389047
v -0.40959460 0.07225554 -0.17669313
v -0.39822480 0.07045903 -0.18289189
v -0.39270310 0.06901319 -0.18850801
v -0.39241987 0.06945827 -0.18648761
v -0.39241987 0.06945827 -0.18648761
v -0.39794696 0.07096075 -0.18042911
v -0.39822480 0.07045903 -0.18289189
v -0.39270310 0.06901319 -0.18850801
v -0.38796096 0.06752689 -0.19778188
v -0.38751049 0.06802322 -0.19582082
v -0.38751049 0.06802322 -0.19582082
v -0.39241987 0.06945827 -0.18648761
v -0.39270310 0.06901319 -0.18850801
v -0.38796096 0.06752689 -0.19778188
v -0.37991444 0.06512615 -0.21925906
v -0.37911059 0.06560899 -0.21800744
v -0.37911059 0.06560899 -0.21800744
v -0.38751049 0.06802322 -0.19582082
v -0.38796096 0.06752689 -0.19778188
v -0.37559041 0.06179748 -0.24467454
v -0.37911059 0.06560899 -0.21800744
v -0.37991444 0.06512615 -0.21925906
v -0.37991444 0.06512615 -0.21925906
v -0.37650485 0.06133082 -0.24508455
v -0.37559041 0.06179748 -0.24467454
v -0.37559041 0.06179748 -0.24467454
v -0.37650485 0.06133082 -0.24508455
v -0.37655610 0.05731969 -0.27186764
v -0.37655610 0.05731969 -0.27186764
v -0.37570640 0.05777287 -0.27233700
v -0.37559041 0.06179748 -0.24467454
v -0.37968515 0.05229433 -0.30190387
v -0.37570640 0.05777287 -0.27233700
v -0.37655610 0.05731969 -0.27186764
v -0.37655610 0.05731969 -0.27186764
v -0.38026780 0.05185464 -0.30052007
v -0.37968515 0.05229433 -0.30190387
v -0.37968515 0.05229433 -0.30190387
v -0.38026780 0.05185464 -0.30052007
v -0.38800952 0.04658920 -0.32792358
v -0.38800952 0.04658920 -0.32792358
v -0.38768043 0.04701809 -0.32989002
v -0.37968515 0.05229433 -0.30190387
v -0.39543832 0.04453373 -0.34517384
v -0.39571616 0.04409674 -0.34367135
v -0.40603395 0.04322007 -0.35721800
v -0.40603395 0.04322007 -0.35721800
v -0.40581276 0.04366245 -0.35840758
v -0.39543832 0.04453373 -0.34517384
v -0.40581276 0.04366245 -0.35840758
v -0.40603395 0.04322007 -0.35721800
v -0.42070005 0.04217615 -0.36720940
v -0.42070005 0.04217615 -0.36720940
v -0.42058405 0.04261584 -0.36848799
v -0.40581276 0.04366245 -0.35840758
v -0.42058405 0.04261584 -0.36848799
v -0.42070005 0.04217615 -0.36720940
v -0.43779116 0.04148020 -0.37102900
v -0.43779116 0.04148020 -0.37102900
v -0.43779116 0.04191989 -0.37239661
v -0.42058405 0.04261584 -0.36848799
v -0.43765628 0.04743080 0.06836580
v -0.43765628 0.04572601 0.02423803
v -0.45082799 0.04492486 0.02457522
v -0.45082799 0.04492486 0.02457522
v -0.45538939 0.04743080 0.06836580
v -0.43765628 0.04743080 0.06836580
v -0.43765628 0.04106210 0.06846291
v -0.43765628 0.03932763 0.02661720
v -0.42448458 0.04012608 0.02628001
v -0.42448458 0.04012608 0.02628001
v -0.41992318 0.04106210 0.06846291
v -0.43765628 0.04106210 0.06846291
v -0.43765628 0.04572601 0.02423803
v -0.43765628 0.04471446 -0.01185669
v -0.44921760 0.04391331 -0.01151951
v -0.44921760 0.04391331 -0.01151951
v -0.45082799 0.04492486 0.02457522
v -0.43765628 0.04572601 0.02423803
v -0.43765628 0.03932763 0.02661720
v -0.43765628 0.03834576 -0.00925634
v -0.42609497 0.03914420 -0.00959622
v -0.42609497 0.03914420 -0.00959622
v -0.42448458 0.04012608 0.02628001
v -0.43765628 0.03932763 0.02661720
v -0.43765628 0.04471446 -0.01185669
v -0.43765628 0.04452294 -0.04227596
v -0.44820605 0.04375686 -0.04204397
v -0.44820605 0.04375686 -0.04204397
v -0.44921760 0.04391331 -0.01151951
v -0.43765628 0.04471446 -0.01185669
v -0.43765628 0.03834576 -0.00925634
v -0.43765628 0.03833497 -0.04042819
v -0.42710651 0.03910374 -0.04066018
v -0.42710651 0.03910374 -0.04066018
v -0.42609497 0.03914420 -0.00959622
v -0.43765628 0.03834576 -0.00925634
v -0.43765628 0.04452294 -0.04227596
v -0.43765628 0.04522968 -0.07349367
v -0.44760452 0.04444471 -0.07337498
v -0.44760452 0.04444471 -0.07337498
v -0.44820605 0.04375686 -0.04204397
v -0.43765628 0.04452294 -0.04227596
v -0.43765628 0.03833497 -0.04042819
v -0.43765628 0.03899045 -0.07247673
v -0.42770805 0.03977541 -0.07259542
v -0.42770805 0.03977541 -0.07259542
v -0.42710651 0.03910374 -0.04066018
v -0.43765628 0.03833497 -0.04042819
v -0.43765628 0.04522968 -0.07349367
v -0.43765628 0.04622504 -0.10002050
v -0.44711358 0.04547245 -0.09993688
v -0.44711358 0.04547245 -0.09993688
v -0.44760452 0.04444471 -0.07337498
v -0.43765628 0.04522968 -0.07349367
v -0.43765628 0.03899045 -0.07247673
v -0.43765628 0.04018542 -0.09942166
v -0.42819899 0.04093802 -0.09950529
v -0.42819899 0.04093802 -0.09950529
v -0.42770805 0.03977541 -0.07259542
v -0.43765628 0.03899045 -0.07247673
v -0.43765628 0.04622504 -0.10002050
v -0.43765628 0.04771404 -0.11736517
v -0.44687081 0.04697493 -0.11738136
v -0.44687081 0.04697493 -0.11738136
v -0.44711358 0.04547245 -0.09993688
v -0.43765628 0.04622504 -0.10002050
v -0.43765628 0.04018542 -0.09942166
v -0.43765628 0.04188213 -0.11749195
v -0.42844176 0.04261853 -0.11747307
v -0.42844176 0.04261853 -0.11747307
v -0.42819899 0.04093802 -0.09950529
v -0.43765628 0.04018542 -0.09942166
v -0.44687081 0.04697493 -0.11738136
v -0.43765628 0.04771404 -0.11736517
v -0.43765628 0.05102922 -0.13103860
v -0.43765628 0.05102922 -0.13103860
v -0.44735635 0.05037373 -0.13114380
v -0.44687081 0.04697493 -0.11738136
v -0.42844176 0.04261853 -0.11747307
v -0.43765628 0.04188213 -0.11749195
v -0.43765628 0.04574489 -0.13178310
v -0.43765628 0.04574489 -0.13178310
v -0.42795621 0.04640037 -0.13168060
v -0.42844176 0.04261853 -0.11747307
v -0.44735635 0.05037373 -0.13114380
v -0.43765628 0.05102922 -0.13103860
v -0.43765628 0.05737634 -0.14431820
v -0.43765628 0.05737634 -0.14431820
v -0.44803881 0.05675593 -0.14442071
v -0.44735635 0.05037373 -0.13114380
v -0.42795621 0.04640037 -0.13168060
v -0.43765628 0.04574489 -0.13178310
v -0.43765628 0.05232669 -0.14521106
v -0.43765628 0.05232669 -0.14521106
v -0.42727376 0.05294711 -0.14510856
v -0.42795621 0.04640037 -0.13168060
v -0.44803881 0.05675593 -0.14442071
v -0.43765628 0.05737634 -0.14431820
v -0.43766438 0.06525293 -0.15513232
v -0.43766438 0.06525293 -0.15513232
v -0.44895325 0.06457856 -0.15530226
v -0.44803881 0.05675593 -0.14442071
v -0.42727376 0.05294711 -0.14510856
v -0.43765628 0.05232669 -0.14521106
v -0.43765628 0.06048921 -0.15690995
v -0.43765628 0.06048921 -0.15690995
v -0.42637550 0.06116358 -0.15674001
v -0.42727376 0.05294711 -0.14510856
v -0.44895325 0.06457856 -0.15530226
v -0.43766438 0.06525293 -0.15513232
v -0.43772372 0.07317267 -0.16583315
v -0.43772372 0.07317267 -0.16583315
v -0.45191506 0.07283549 -0.16657226
v -0.44895325 0.06457856 -0.15530226
v -0.42637550 0.06116358 -0.15674001
v -0.43765628 0.06048921 -0.15690995
v -0.43767247 0.07183743 -0.17027857
v -0.43767247 0.07183743 -0.17027857
v -0.42356745 0.07177809 -0.16997375
v -0.42637550 0.06116358 -0.15674001
v -0.45191506 0.07283549 -0.16657226
v -0.43772372 0.07317267 -0.16583315
v -0.43778306 0.08724802 -0.19288059
v -0.43778306 0.08724802 -0.19288059
v -0.45274049 0.08623917 -0.19282664
v -0.45191506 0.07283549 -0.16657226
v -0.42356745 0.07177809 -0.16997375
v -0.43767247 0.07183743 -0.17027857
v -0.43777497 0.08657636 -0.19579115
v -0.43777497 0.08657636 -0.19579115
v -0.42294973 0.08556751 -0.19573720
v -0.42356745 0.07177809 -0.16997375
vn -0.98078399 0.19509682 0.00000000
vn -1.00000000 0.00000000 0.00000000
vn -1.00000000 0.00000000 0.00000000
vn -1.00000000 0.00000000 0.00000000
vn -0.98078399 0.19509682 0.00000000
vn -0.98078399 0.19509682 0.00000000
vn -0.92387667 0.38269034 0.00000000
vn -0.98078399 0.19509682 0.00000000
vn -0.98078399 0.19509682 0.00000000
vn -0.98078399 0.19509682 0.00000000
vn -0.92387667 0.38269034 0.00000000
vn -0.92387667 0.38269034 0.00000000
vn -0.83146524 0.55557677 0.00000000
vn -0.92387667 0.38269034 0.00000000
vn -0.92387667 0.38269034 0.00000000
vn -0.92387667 0.38269034 0.00000000
vn -0.83146524 0.55557677 0.00000000
vn -0.83146524 0.55557677 0.00000000
vn -0.70710678 0.70710678 0.00000000
vn -0.83151143 0.55550764 0.00000000
vn -0.83151143 0.55550764 0.00000000
vn -0.83146524 0.55557677 0.00000000
vn -0.70710678 0.70710678 0.00000000
vn -0.70710678 0.70710678 0.00000000
vn -0.55557677 0.83146524 0.00000000
vn -0.70710678 0.70710678 0.00000000
vn -0.70710678 0.70710678 0.00000000
vn -0.70710678 0.70710678 0.00000000
vn -0.55557677 0.83146524 0.00000000
vn -0.55557677 0.83146524 0.00000000
vn -0.38269034 0.92387667 0.00000000
vn -0.55557677 0.83146524 0.00000000
vn -0.55557677 0.83146524 0.00000000
vn -0.55557677 0.83146524 0.00000000
vn -0.38269034 0.92387667 0.00000000
vn -0.38269034 0.92387667 0.00000000
vn -0.19509682 0.98078399 0.00000000
vn -0.38269034 0.92387667 0.00000000
vn -0.38269034 0.92387667 0.00000000
vn -0.38269034 0.92387667 0.00000000
vn -0.19509682 0.98078399 0.00000000
vn -0.19509682 0.98078399 0.00000000
vn 0.00000000 1.00000000 0.00000000
vn -0.19509682 0.98078399 0.00000000
vn -0.19509682 0.98078399 0.00000000
vn -0.19509682 0.98078399 0.00000000
vn 0.00000000 1.00000000 0.00000000
vn 0.00000000 1.00000000 0.00000000
vn 0.19509682 0.98078399 0.00000000
vn 0.00000000 1.00000000 0.00000000
vn 0.00000000 1.00000000 0.00000000
vn 0.00000000 1.00000000 0.00000000
vn 0.19509682 0.98078399 0.00000000
vn 0.19509682 0.98078399 0.00000000
vn 0.38269034 0.92387667 0.00000000
vn 0.19509682 0.98078399 0.00000000
vn 0.19509682 0.98078399 0.00000000
vn 0.19509682 0.98078399 0.00000000
vn 0.38269034 0.92387667 0.00000000
vn 0.38269034 0.92387667 0.00000000
vn 0.55557677 0.83146524 0.00000000
vn 0.38269034 0.92387667 0.00000000
vn 0.38269034 0.92387667 0.00000000
vn 0.38269034 0.92387667 0.00000000
vn 0.55557677 0.83146524 0.00000000
vn 0.55557677 0.83146524 0.00000000
vn 0.70710678 0.70710678 0.00000000
vn 0.55557677 0.83146524 0.00000000
vn 0.55557677 0.83146524 0.00000000
vn 0.55557677 0.83146524 0.00000000
vn 0.70710678 0.70710678 0.00000000
vn 0.70710678 0.70710678 0.00000000
vn 0.83151143 0.55550764 0.00000000
vn 0.70710678 0.70710678 0.00000000
vn 0.70710678 0.70710678 0.00000000
vn 0.70710678 0.70710678 0.00000000
vn 0.83146524 0.55557677 0.00000000
vn 0.83146524 0.55557677 0.00000000
vn 0.92387667 0.38269034 0.00000000
vn 0.83146524 0.55557677 0.00000000
vn 0.83146524 0.55557677 0.00000000
vn 0.83146524 0.55557677 0.00000000
vn 0.92387667 0.38269034 0.00000000
vn 0.92387667 0.38269034 0.00000000
vn 0.98078399 0.19509682 0.00000000
vn 0.92387667 0.38269034 0.00000000
vn 0.92387667 0.38269034 0.00000000
vn 0.92387667 0.38269034 0.00000000
vn 0.98078399 0.19509682 0.00000000
vn 0.98078399 0.19509682 0.00000000
vn 1.00000000 0.00000000 0.00000000
vn 0.98078399 0.19509682 0.00000000
vn 0.98078399 0.19509682 0.00000000
vn 0.98078399 0.19509682 0.00000000
vn 1.00000000 0.00000000 0.00000000
vn 1.00000000 0.00000000 0.00000000
vn 0.98078399 -0.19509682 0.00000000
vn 1.00000000 0.00000000 0.00000000
vn 1.00000000 0.00000000 0.00000000
vn 1.00000000 0.00000000 0.00000000
vn 0.98078399 -0.19509682 0.00000000
vn 0.98078399 -0.19509682 0.00000000
vn 0.92387667 -0.38269034 0.00000000
vn 0.98078399 -0.19509682 0.00000000
vn 0.98078399 -0.19509682 0.00000000
vn 0.98078399 -0.19509682 0.00000000
vn 0.92387667 -0.38269034 0.00000000
vn 0.92387667 -0.38269034 0.00000000
vn 0.83146524 -0.55557677 0.00000000
vn 0.92387667 -0.38269034 0.00000000
vn 0.92387667 -0.38269034 0.00000000
vn 0.92387667 -0.38269034 0.00000000
vn 0.83146524 -0.55557677 0.00000000
vn 0.83146524 -0.55557677 0.00000000
vn 0.70710678 -0.70710678 0.00000000
vn 0.83146524 -0.55557677 0.00000000
vn 0.83146524 -0.55557677 0.00000000
vn 0.83146524 -0.55557677 0.00000000
vn 0.70710678 -0.70710678 0.00000000
vn 0.70710678 -0.70710678 0.00000000
vn 0.55557677 -0.83146524 0.00000000
vn 0.70710678 -0.70710678 0.00000000
vn 0.70710678 -0.70710678 0.00000000
vn 0.70710678 -0.70710678 0.00000000
vn 0.55557677 -0.83146524 0.00000000
vn 0.55557677 -0.83146524 0.00000000
vn 0.38269034 -0.92387667 0.00000000
vn 0.55557677 -0.83146524 0.00000000
vn 0.55557677 -0.83146524 0.00000000
vn 0.55557677 -0.83146524 0.00000000
vn 0.38269034 -0.92387667 0.00000000
vn 0.38269034 -0.92387667 0.00000000
vn 0.19509682 -0.98078399 0.00000000
vn 0.38269034 -0.92387667 0.00000000
vn 0.38269034 -0.92387667 0.00000000
vn 0.38269034 -0.92387667 0.00000000
vn 0.19509682 -0.98078399 0.00000000
vn 0.19509682 -0.98078399 0.00000000
vn 0.00000000 -1.00000000 0.00000000
vn 0.19509682 -0.98078399 0.00000000
vn 0.19509682 -0.98078399 0.00000000
vn 0.19509682 -0.98078399 0.00000000
vn 0.00000000 -1.00000000 0.00000000
vn 0.00000000 -1.00000000 0.00000000
vn -0.19509682 -0.98078399 0.00000000
vn 0.00000000 -1.00000000 0.00000000
vn 0.00000000 -1.00000000 0.00000000
vn 0.00000000 -1.00000000 0.00000000
vn -0.19509682 -0.98078399 0.00000000
vn -0.19509682 -0.98078399 0.00000000
vn -0.38269034 -0.92387667 0.00000000
vn -0.19509682 -0.98078399 0.00000000
vn -0.19509682 -0.98078399 0.00000000
vn -0.19509682 -0.98078399 0.00000000
vn -0.38269034 -0.92387667 0.00000000
vn -0.38269034 -0.92387667 0.00000000
vn -0.55557677 -0.83146524 0.00000000
vn -0.38269034 -0.92387667 0.00000000
vn -0.38269034 -0.92387667 0.00000000
vn -0.38269034 -0.92387667 0.00000000
vn -0.55557677 -0.83146524 0.00000000
vn -0.55557677 -0.83146524 0.00000000
vn -0.70710678 -0.70710678 0.00000000
vn -0.55557677 -0.83146524 0.00000000
vn -0.55557677 -0.83146524 0.00000000
vn -0.55557677 -0.83146524 0.00000000
vn -0.70710678 -0.70710678 0.00000000
vn -0.70710678 -0.70710678 0.00000000
vn -0.83146524 -0.55557677 0.00000000
vn -0.70710678 -0.70710678 0.00000000
vn -0.70710678 -0.70710678 0.00000000
vn -0.70710678 -0.70710678 0.00000000
vn -0.83146524 -0.55557677 0.00000000
vn -0.83146524 -0.55557677 0.00000000
vn -0.92387667 -0.38269034 0.00000000
vn -0.83146524 -0.55557677 0.00000000
vn -0.83146524 -0.55557677 0.00000000
vn -0.83146524 -0.55557677 0.00000000
vn -0.92387667 -0.38269034 0.00000000
vn -0.92387667 -0.38269034 0.00000000
vn -0.98078399 -0.19509682 0.00000000
vn -0.92387667 -0.38269034 0.00000000
vn -0.92387667 -0.38269034 0.00000000
vn -0.92387667 -0.38269034 0.00000000
vn -0.98078399 -0.19509682 0.00000000
vn -0.98078399 -0.19509682 0.00000000
vn -1.00000000 0.00000000 0.00000000
vn -0.98078399 -0.19509682 0.00000000
vn -0.98078399 -0.19509682 0.00000000
vn -0.98078399 -0.19509682 0.00000000
vn -1.00000000 0.00000000 0.00000000
vn -1.00000000 0.00000000 0.00000000
vn 0.00000000 0.00000000 1.00000000
vn 0.00000000 0.00000000 1.00000000
vn 0.00000000 0.00000000 1.00000000
vn 0.00000000 0.00000000 1.00000000
vn 0.00000000 0.00000000 1.00000000
vn 0.00000000 0.00000000 1.00000000
vn 0.00000000 0.00000000 1.00000000
vn 0.00000000 0.00000000 1.00000000
vn 0.00000000 0.00000000 1.00000000
vn 0.00000000 0.00000000 1.00000000
vn 0.00000000 0.00000000 1.00000000
vn 0.00000000 0.00000000 1.00000000
vn 0.00000000 0.00000000 1.00000000
vn 0.00000000 0.00000000 1.00000000
vn 0.00000000 0.00000000 1.00000000
vn 0.00000000 0.00000000 1.00000000
vn 0.00000000 0.00000000 1.00000000
vn 0.00000000 0.00000000 1.00000000
vn 0.00000000 0.00000000 1.00000000
vn 0.00000000 0.00000000 1.00000000
vn 0.00000000 0.00000000 1.00000000
vn 0.00000000 0.00000000 1.00000000
vn 0.00000000 0.00000000 1.00000000
vn 0.00000000 0.00000000 1.00000000
vn 0.00000000 0.00000000 1.00000000
vn 0.00000000 0.00000000 1.00000000
vn 0.00000000 0.00000000 1.00000000
vn 0.00000000 0.00000000 1.00000000
vn 0.00000000 0.00000000 1.00000000
vn 0.00000000 0.00000000 1.00000000
vn 0.00000000 0.00000000 1.00000000
vn 0.00000000 0.00000000 1.00000000
vn 0.00000000 0.00000000 1.00000000
vn 0.00000000 0.00000000 1.00000000
vn 0.00000000 0.00000000 1.00000000
vn 0.00000000 0.00000000 1.00000000
vn 0.00000000 0.00000000 1.00000000
vn 0.00000000 0.00000000 1.00000000
vn 0.00000000 0.00000000 1.00000000
vn 0.00000000 0.00000000 1.00000000
vn 0.00000000 0.00000000 1.00000000
vn 0.00000000 0.00000000 1.00000000
vn 0.00000000 0.00000000 1.00000000
vn 0.00000000 0.00000000 1.00000000
vn 0.00000000 0.00000000 1.00000000
vn 0.00000000 0.00000000 1.00000000
vn 0.00000000 0.00000000 1.00000000
vn 0.00000000 0.00000000 1.00000000
vn 0.00000000 0.00000000 1.00000000
vn 0.00000000 0.00000000 1.00000000
vn 0.00000000 0.00000000 1.00000000
vn 0.00000000 0.00000000 1.00000000
vn 0.00000000 0.00000000 1.00000000
vn 0.00000000 0.00000000 1.00000000
vn 0.00000000 0.00000000 1.00000000
vn 0.00000000 0.00000000 1.00000000
vn 0.00000000 0.00000000 1.00000000
vn 0.00000000 0.00000000 1.00000000
vn 0.00000000 0.00000000 1.00000000
vn 0.00000000 0.00000000 1.00000000
vn 0.00000000 0.00000000 1.00000000
vn 0.00000000 0.00000000 1.00000000
vn 0.00000000 0.00000000 1.00000000
vn 0.00000000 0.00000000 1.00000000
vn 0.00000000 0.00000000 1.00000000
vn 0.00000000 0.00000000 1.00000000
vn 0.00000000 0.00000000 1.00000000
vn 0.00000000 0.00000000 1.00000000
vn 0.00000000 0.00000000 1.00000000
vn 0.00000000 0.00000000 1.00000000
vn 0.00000000 0.00000000 1.00000000
vn 0.00000000 0.00000000 1.00000000
vn 0.00000000 0.00000000 1.00000000
vn 0.00000000 0.00000000 1.00000000
vn 0.00000000 0.00000000 1.00000000
vn 0.00000000 0.00000000 1.00000000
vn 0.00000000 0.00000000 1.00000000
vn 0.00000000 0.00000000 1.00000000
vn 0.00000000 0.00000000 1.00000000
vn 0.00000000 0.00000000 1.00000000
vn 0.00000000 0.00000000 1.00000000
vn 0.00000000 0.00000000 1.00000000
vn 0.00000000 0.00000000 1.00000000
vn 0.00000000 0.00000000 1.00000000
vn 0.00000000 0.00000000 1.00000000
vn 0.00000000 0.00000000 1.00000000
vn 0.00000000 0.00000000 1.00000000
vn 0.00000000 0.00000000 1.00000000
vn 0.00000000 0.00000000 1.00000000
vn 0.00000000 0.00000000 1.00000000
vn 0.00000000 0.00000000 1.00000000
vn 0.00000000 0.00000000 1.00000000
vn 0.00000000 0.00000000 1.00000000
vn 0.00000000 0.00000000 1.00000000
vn 0.00000000 0.00000000 1.00000000
vn 0.00000000 0.00000000 1.00000000
vn 0.00000000 0.00000000 1.00000000
vn 0.00000000 0.00000000 1.00000000
vn 0.00000000 0.00000000 1.00000000
vn 0.00000000 0.00000000 1.00000000
vn 0.00000000 0.00000000 1.00000000
vn 0.00000000 0.00000000 1.00000000
vn 0.00000000 0.00000000 1.00000000
vn 0.00000000 0.00000000 1.00000000
vn 0.00000000 0.00000000 1.00000000
vn 0.00000000 0.00000000 1.00000000
vn 0.00000000 0.00000000 1.00000000
vn 0.00000000 0.00000000 1.00000000
vn 0.00000000 0.00000000 1.00000000
vn 0.00000000 0.00000000 1.00000000
vn 0.00000000 0.00000000 1.00000000
vn 0.00000000 0.00000000 1.00000000
vn 0.00000000 0.00000000 1.00000000
vn 0.00000000 0.00000000 1.00000000
vn 0.00000000 0.00000000 1.00000000
vn 0.00000000 0.00000000 1.00000000
vn 0.00000000 0.00000000 1.00000000
vn 0.00000000 0.00000000 1.00000000
vn 0.00000000 0.00000000 1.00000000
vn 0.00000000 0.00000000 1.00000000
vn 0.00000000 0.00000000 1.00000000
vn 0.00000000 0.00000000 1.00000000
vn 0.00000000 0.00000000 1.00000000
vn 0.00000000 0.00000000 1.00000000
vn 0.00000000 0.00000000 1.00000000
vn 0.00000000 0.00000000 1.00000000
vn 0.00000000 0.00000000 1.00000000
vn 0.00000000 0.00000000 1.00000000
vn 0.00000000 0.00000000 1.00000000
vn 0.00000000 0.00000000 1.00000000
vn 0.00000000 0.00000000 1.00000000
vn 0.00000000 0.00000000 1.00000000
vn 0.00000000 0.00000000 1.00000000
vn 0.00000000 0.00000000 1.00000000
vn 0.00000000 0.00000000 1.00000000
vn 0.00000000 0.00000000 1.00000000
vn 0.00000000 0.00000000 1.00000000
vn 0.00000000 0.00000000 1.00000000
vn 0.00000000 0.00000000 1.00000000
vn 0.00000000 0.00000000 1.00000000
vn 0.00000000 0.00000000 1.00000000
vn 0.00000000 0.00000000 1.00000000
vn 0.00000000 0.00000000 1.00000000
vn 0.00000000 0.00000000 1.00000000
vn 0.00000000 0.00000000 1.00000000
vn 0.00000000 0.00000000 1.00000000
vn 0.00000000 0.00000000 1.00000000
vn 0.00000000 0.00000000 1.00000000
vn 0.00000000 0.00000000 1.00000000
vn 0.00000000 0.00000000 1.00000000
vn 0.00000000 0.00000000 1.00000000
vn 0.00000000 0.00000000 1.00000000
vn 0.00000000 0.00000000 1.00000000
vn 0.00000000 0.00000000 1.00000000
vn 0.00000000 0.00000000 1.00000000
vn 0.00000000 0.00000000 1.00000000
vn 0.00000000 0.00000000 1.00000000
vn 0.00000000 0.00000000 1.00000000
vn 0.00000000 0.00000000 1.00000000
vn 0.00000000 0.00000000 1.00000000
vn 0.00000000 0.00000000 1.00000000
vn 0.00000000 0.00000000 1.00000000
vn 0.00000000 0.00000000 1.00000000
vn 0.00000000 0.00000000 1.00000000
vn 0.00000000 0.00000000 1.00000000
vn 0.00000000 0.00000000 1.00000000
vn 0.00000000 0.00000000 1.00000000
vn 0.00000000 0.00000000 1.00000000
vn 0.00000000 0.00000000 1.00000000
vn 0.00000000 0.00000000 1.00000000
vn 0.00000000 0.00000000 1.00000000
vn 0.00000000 0.00000000 1.00000000
vn 0.00000000 0.00000000 1.00000000
vn 0.00000000 0.00000000 1.00000000
vn 0.00000000 0.00000000 1.00000000
vn 0.00000000 0.00000000 1.00000000
vn 0.00000000 0.00000000 1.00000000
vn 0.00000000 0.00000000 1.00000000
vn 0.00000000 0.00000000 1.00000000
vn 0.00000000 0.00000000 1.00000000
vn 0.00000000 0.00000000 1.00000000
vn 0.00000000 0.00000000 1.00000000
vn 0.00000000 0.00000000 1.00000000
vn 0.00000000 0.00000000 1.00000000
vn 0.00000000 0.00000000 1.00000000
vn 0.00000000 0.00000000 1.00000000
vn 0.00000000 0.00000000 1.00000000
vn 0.00000000 0.00000000 1.00000000
vn 0.00000000 0.00000000 1.00000000
vn 0.00000000 0.00000000 1.00000000
vn 0.00000000 0.00000000 1.00000000
vn 0.00000000 0.00000000 1.00000000
vn 0.00000000 0.00000000 1.00000000
vn 0.00000000 0.00000000 1.00000000
vn 0.00000000 0.00000000 1.00000000
vn 0.00000000 0.00000000 1.00000000
vn 0.00000000 0.00000000 1.00000000
vn 0.00000000 0.00000000 1.00000000
vn 0.00000000 0.00000000 1.00000000
vn 0.00000000 0.00000000 1.00000000
vn 0.00000000 0.00000000 1.00000000
vn 0.00000000 0.00000000 1.00000000
vn 0.00000000 0.00000000 1.00000000
vn 0.00000000 0.00000000 1.00000000
vn 0.00000000 0.00000000 1.00000000
vn 0.00000000 0.00000000 1.00000000
vn 0.00000000 0.00000000 1.00000000
vn 0.00000000 0.00000000 1.00000000
vn 0.00000000 0.00000000 1.00000000
vn 0.00000000 0.00000000 1.00000000
vn 0.00000000 0.00000000 1.00000000
vn 0.00000000 0.00000000 1.00000000
vn 0.00000000 0.00000000 1.00000000
vn 0.00000000 0.00000000 1.00000000
vn 0.00000000 0.00000000 1.00000000
vn 0.00000000 0.00000000 1.00000000
vn 0.00000000 0.00000000 1.00000000
vn 0.00000000 0.00000000 1.00000000
vn 0.00000000 0.00000000 1.00000000
vn 0.00000000 0.00000000 1.00000000
vn 0.00000000 0.00000000 1.00000000
vn 0.00000000 0.00000000 1.00000000
vn 0.00000000 0.00000000 1.00000000
vn 0.00000000 0.00000000 1.00000000
vn 0.00000000 0.00000000 1.00000000
vn 0.00000000 0.00000000 1.00000000
vn 0.00000000 0.00000000 1.00000000
vn 0.00000000 0.00000000 1.00000000
vn 0.00000000 0.00000000 1.00000000
vn 0.00000000 0.00000000 1.00000000
vn 0.00000000 0.00000000 1.00000000
vn 0.00000000 0.00000000 1.00000000
vn 0.00000000 0.00000000 1.00000000
vn 0.00000000 0.00000000 1.00000000
vn 0.00000000 0.00000000 1.00000000
vn 0.00000000 0.00000000 1.00000000
vn 0.00000000 0.00000000 1.00000000
vn 0.00000000 0.00000000 1.00000000
vn 0.00000000 0.00000000 1.00000000
vn 0.00000000 0.00000000 1.00000000
vn 0.00000000 0.00000000 1.00000000
vn 0.00000000 0.00000000 1.00000000
vn 0.00000000 0.00000000 1.00000000
vn 0.00000000 0.00000000 1.00000000
vn 0.00000000 0.00000000 1.00000000
vn 0.00000000 0.00000000 1.00000000
vn 0.00000000 0.00000000 1.00000000
vn 0.00000000 0.00000000 1.00000000
vn 0.00000000 0.00000000 1.00000000
vn 0.00000000 0.00000000 1.00000000
vn 0.00000000 0.00000000 1.00000000
vn 0.00000000 0.00000000 1.00000000
vn 0.00000000 0.00000000 1.00000000
vn 0.00000000 0.00000000 1.00000000
vn 0.00000000 0.00000000 1.00000000
vn 0.00000000 0.00000000 1.00000000
vn 0.00000000 0.00000000 1.00000000
vn 0.00000000 0.00000000 1.00000000
vn 0.00000000 0.00000000 1.00000000
vn 0.00000000 0.00000000 1.00000000
vn 0.00000000 0.00000000 1.00000000
vn 0.00000000 0.00000000 1.00000000
vn 0.00000000 0.00000000 1.00000000
vn 0.00000000 0.00000000 1.00000000
vn 0.00000000 0.00000000 1.00000000
vn 0.00000000 0.00000000 1.00000000
vn 0.00000000 0.00000000 1.00000000
vn 0.00000000 0.00000000 1.00000000
vn 0.00000000 0.00000000 1.00000000
vn 0.00000000 0.00000000 1.00000000
vn 0.00000000 0.00000000 1.00000000
vn 0.00000000 0.00000000 1.00000000
vn 0.00000000 0.00000000 1.00000000
vn 0.00000000 0.00000000 1.00000000
vn 0.00000000 0.00000000 1.00000000
vn 0.00000000 0.00000000 1.00000000
vn 0.00000000 0.00000000 1.00000000
vn 0.00000000 0.00000000 1.00000000
vn 0.00000000 0.00000000 1.00000000
vn 0.00000000 0.00000000 1.00000000
vn 0.00000000 0.00000000 1.00000000
vn 0.00000000 0.00000000 1.00000000
vn 0.00000000 0.00000000 1.00000000
vn 0.00000000 0.00000000 1.00000000
vn 0.00000000 0.00000000 1.00000000
vn 0.00000000 0.00000000 1.00000000
vn 0.00000000 0.00000000 1.00000000
vn 0.00000000 0.00000000 1.00000000
vn 0.00000000 0.00000000 1.00000000
vn 0.00000000 0.00000000 1.00000000
vn 0.00000000 0.00000000 1.00000000
vn 0.00000000 0.00000000 1.00000000
vn 0.00000000 0.00000000 1.00000000
vn 0.00000000 0.00000000 1.00000000
vn 0.00000000 0.00000000 1.00000000
vn 0.00000000 0.00000000 1.00000000
vn 0.00000000 0.00000000 1.00000000
vn 0.00000000 0.00000000 1.00000000
vn 0.00000000 0.00000000 1.00000000
vn 0.00000000 0.00000000 1.00000000
vn 0.00000000 0.00000000 1.00000000
vn 0.00000000 0.00000000 1.00000000
vn 0.00000000 0.00000000 1.00000000
vn 0.00000000 0.00000000 1.00000000
vn 0.00000000 0.00000000 1.00000000
vn 0.00000000 0.00000000 1.00000000
vn 0.00000000 0.00000000 1.00000000
vn 0.00000000 0.00000000 1.00000000
vn 0.00000000 0.00000000 1.00000000
vn 0.00000000 0.00000000 1.00000000
vn 0.00000000 0.00000000 1.00000000
vn 0.00000000 0.00000000 1.00000000
vn 0.00000000 0.00000000 1.00000000
vn 0.00000000 0.00000000 1.00000000
vn 0.00000000 0.00000000 1.00000000
vn 0.00000000 0.00000000 1.00000000
vn 0.00000000 0.00000000 1.00000000
vn 0.00000000 0.00000000 1.00000000
vn 0.00000000 0.00000000 1.00000000
vn 0.00000000 0.00000000 1.00000000
vn 0.00000000 0.00000000 1.00000000
vn 0.00000000 0.00000000 1.00000000
vn 0.00000000 0.00000000 1.00000000
vn 0.00000000 0.00000000 1.00000000
vn 0.00000000 0.00000000 1.00000000
vn 0.00000000 0.00000000 1.00000000
vn 0.00000000 0.00000000 1.00000000
vn 0.00000000 0.00000000 1.00000000
vn 0.00000000 0.00000000 1.00000000
vn 0.00000000 0.00000000 1.00000000
vn 0.00000000 0.00000000 1.00000000
vn 0.00000000 0.00000000 1.00000000
vn 0.00000000 0.00000000 1.00000000
vn 0.00000000 0.00000000 1.00000000
vn 0.00000000 0.00000000 1.00000000
vn 0.00000000 0.00000000 1.00000000
vn 0.00000000 0.00000000 1.00000000
vn 0.00000000 0.00000000 1.00000000
vn 0.00000000 0.00000000 1.00000000
vn 0.00000000 0.00000000 1.00000000
vn 0.00000000 0.00000000 1.00000000
vn 0.00000000 0.00000000 1.00000000
vn 0.00000000 0.00000000 1.00000000
vn 0.00000000 0.00000000 1.00000000
vn 0.00000000 0.00000000 1.00000000
vn 0.00000000 0.00000000 1.00000000
vn 0.00000000 0.00000000 1.00000000
vn 0.00000000 0.00000000 1.00000000
vn 0.00000000 0.00000000 1.00000000
vn 0.00000000 0.00000000 1.00000000
vn 0.00000000 0.00000000 1.00000000
vn 0.00000000 0.00000000 1.00000000
vn 0.00000000 0.00000000 1.00000000
vn 0.00000000 0.00000000 1.00000000
vn 0.00000000 0.00000000 1.00000000
vn 0.00000000 0.00000000 1.00000000
vn 0.00000000 0.00000000 1.00000000
vn 0.00000000 0.00000000 1.00000000
vn 0.00000000 0.00000000 1.00000000
vn 0.00000000 0.00000000 1.00000000
vn 0.00000000 0.00000000 1.00000000
vn 0.00000000 0.00000000 1.00000000
vn 0.00000000 0.00000000 1.00000000
vn 0.00000000 0.00000000 1.00000000
vn 0.00000000 0.00000000 1.00000000
vn 0.00000000 0.00000000 1.00000000
vn 0.00000000 0.00000000 1.00000000
vn 0.00000000 0.00000000 1.00000000
vn 0.00000000 0.00000000 1.00000000
vn 0.00000000 0.00000000 1.00000000
vn 0.00000000 0.00000000 1.00000000
vn 0.00000000 0.00000000 1.00000000
vn 0.00000000 0.00000000 1.00000000
vn 0.00000000 0.00000000 1.00000000
vn 0.00000000 0.00000000 1.00000000
vn 0.00000000 0.00000000 1.00000000
vn 0.00000000 0.00000000 1.00000000
vn 0.00000000 0.00000000 1.00000000
vn 0.00000000 0.00000000 -1.00000000
vn 0.00000000 0.00000000 -1.00000000
vn 0.00000000 0.00000000 -1.00000000
vn 0.00000000 0.00000000 -1.00000000
vn 0.00000000 0.00000000 -1.00000000
vn 0.00000000 0.00000000 -1.00000000
vn 0.00000000 0.00000000 -1.00000000
vn 0.00000000 0.00000000 -1.00000000
vn 0.00000000 0.00000000 -1.00000000
vn 0.00000000 0.00000000 -1.00000000
vn 0.00000000 0.00000000 -1.00000000
vn 0.00000000 0.00000000 -1.00000000
vn 0.00000000 0.00000000 -1.00000000
vn 0.00000000 0.00000000 -1.00000000
vn 0.00000000 0.00000000 -1.00000000
vn 0.00000000 0.00000000 -1.00000000
vn 0.00000000 0.00000000 -1.00000000
vn 0.00000000 0.00000000 -1.00000000
vn 0.00000000 0.00000000 -1.00000000
vn 0.00000000 0.00000000 -1.00000000
vn 0.00000000 0.00000000 -1.00000000
vn 0.00000000 0.00000000 -1.00000000
vn 0.00000000 0.00000000 -1.00000000
vn 0.00000000 0.00000000 -1.00000000
vn 0.00000000 0.00000000 -1.00000000
vn 0.00000000 0.00000000 -1.00000000
vn 0.00000000 0.00000000 -1.00000000
vn 0.00000000 0.00000000 -1.00000000
vn 0.00000000 0.00000000 -1.00000000
vn 0.00000000 0.00000000 -1.00000000
vn 0.00000000 0.00000000 -1.00000000
vn 0.00000000 0.00000000 -1.00000000
vn 0.00000000 0.00000000 -1.00000000
vn 0.00000000 0.00000000 -1.00000000
vn 0.00000000 0.00000000 -1.00000000
vn 0.00000000 0.00000000 -1.00000000
vn 0.00000000 0.00000000 -1.00000000
vn 0.00000000 0.00000000 -1.00000000
vn 0.00000000 0.00000000 -1.00000000
vn 0.00000000 0.00000000 -1.00000000
vn 0.00000000 0.00000000 -1.00000000
vn 0.00000000 0.00000000 -1.00000000
vn 0.00000000 0.00000000 -1.00000000
vn 0.00000000 0.00000000 -1.00000000
vn 0.00000000 0.00000000 -1.00000000
vn 0.00000000 0.00000000 -1.00000000
vn 0.00000000 0.00000000 -1.00000000
vn 0.00000000 0.00000000 -1.00000000
vn 0.00000000 0.00000000 -1.00000000
vn 0.00000000 0.00000000 -1.00000000
vn 0.00000000 0.00000000 -1.00000000
vn 0.00000000 0.00000000 -1.00000000
vn 0.00000000 0.00000000 -1.00000000
vn 0.00000000 0.00000000 -1.00000000
vn 0.00000000 0.00000000 -1.00000000
vn 0.00000000 0.00000000 -1.00000000
vn 0.00000000 0.00000000 -1.00000000
vn 0.00000000 0.00000000 -1.00000000
vn 0.00000000 0.00000000 -1.00000000
vn 0.00000000 0.00000000 -1.00000000
vn 0.00000000 0.00000000 -1.00000000
vn 0.00000000 0.00000000 -1.00000000
vn 0.00000000 0.00000000 -1.00000000
vn 0.00000000 0.00000000 -1.00000000
vn 0.00000000 0.00000000 -1.00000000
vn 0.00000000 0.00000000 -1.00000000
vn 0.00000000 0.00000000 -1.00000000
vn 0.00000000 0.00000000 -1.00000000
vn 0.00000000 0.00000000 -1.00000000
vn 0.00000000 0.00000000 -1.00000000
vn 0.00000000 0.00000000 -1.00000000
vn 0.00000000 0.00000000 -1.00000000
vn 0.00000000 0.00000000 -1.00000000
vn 0.00000000 0.00000000 -1.00000000
vn 0.00000000 0.00000000 -1.00000000
vn 0.00000000 0.00000000 -1.00000000
vn 0.00000000 0.00000000 -1.00000000
vn 0.00000000 0.00000000 -1.00000000
vn 0.00000000 0.00000000 -1.00000000
vn 0.00000000 0.00000000 -1.00000000
vn 0.00000000 0.00000000 -1.00000000
vn 0.00000000 0.00000000 -1.00000000
vn 0.00000000 0.00000000 -1.00000000
vn 0.00000000 0.00000000 -1.00000000
vn 0.00000000 0.00000000 -1.00000000
vn 0.00000000 0.00000000 -1.00000000
vn 0.00000000 0.00000000 -1.00000000
vn 0.00000000 0.00000000 -1.00000000
vn 0.00000000 0.00000000 -1.00000000
vn 0.00000000 0.00000000 -1.00000000
vn 0.00000000 0.00000000 -1.00000000
vn 0.00000000 0.00000000 -1.00000000
vn 0.00000000 0.00000000 -1.00000000
vn 0.00000000 0.00000000 -1.00000000
vn 0.00000000 0.00000000 -1.00000000
vn 0.00000000 0.00000000 -1.00000000
vn 0.00000000 0.00000000 -1.00000000
vn 0.00000000 0.00000000 -1.00000000
vn 0.00000000 0.00000000 -1.00000000
vn 0.00000000 0.00000000 -1.00000000
vn 0.00000000 0.00000000 -1.00000000
vn 0.00000000 0.00000000 -1.00000000
vn 0.00000000 0.00000000 -1.00000000
vn 0.00000000 0.00000000 -1.00000000
vn 0.00000000 0.00000000 -1.00000000
vn 0.00000000 0.00000000 -1.00000000
vn 0.00000000 0.00000000 -1.00000000
vn 0.00000000 0.00000000 -1.00000000
vn 0.00000000 0.00000000 -1.00000000
vn 0.00000000 0.00000000 -1.00000000
vn 0.00000000 0.00000000 -1.00000000
vn 0.00000000 0.00000000 -1.00000000
vn 0.00000000 0.00000000 -1.00000000
vn 0.00000000 0.00000000 -1.00000000
vn 0.00000000 0.00000000 -1.00000000
vn 0.00000000 0.00000000 -1.00000000
vn 0.00000000 0.00000000 -1.00000000
vn 0.00000000 0.00000000 -1.00000000
vn 0.00000000 0.00000000 -1.00000000
vn 0.00000000 0.00000000 -1.00000000
vn 0.00000000 0.00000000 -1.00000000
vn 0.00000000 0.00000000 -1.00000000
vn 0.00000000 0.00000000 -1.00000000
vn 0.00000000 0.00000000 -1.00000000
vn 0.00000000 0.00000000 -1.00000000
vn 0.00000000 0.00000000 -1.00000000
vn 0.00000000 0.00000000 -1.00000000
vn 0.00000000 0.00000000 -1.00000000
vn 0.00000000 0.00000000 -1.00000000
vn 0.00000000 0.00000000 -1.00000000
vn 0.00000000 0.00000000 -1.00000000
vn 0.00000000 0.00000000 -1.00000000
vn 0.00000000 0.00000000 -1.00000000
vn 0.00000000 0.00000000 -1.00000000
vn 0.00000000 0.00000000 -1.00000000
vn 0.00000000 0.00000000 -1.00000000
vn 0.00000000 0.00000000 -1.00000000
vn 0.00000000 0.00000000 -1.00000000
vn 0.00000000 0.00000000 -1.00000000
vn 0.00000000 0.00000000 -1.00000000
vn 0.00000000 0.00000000 -1.00000000
vn 0.00000000 0.00000000 -1.00000000
vn 0.00000000 0.00000000 -1.00000000
vn 0.00000000 0.00000000 -1.00000000
vn 0.00000000 0.00000000 -1.00000000
vn 0.00000000 0.00000000 -1.00000000
vn 0.00000000 0.00000000 -1.00000000
vn 0.00000000 0.00000000 -1.00000000
vn 0.00000000 0.00000000 -1.00000000
vn 0.00000000 0.00000000 -1.00000000
vn 0.00000000 0.00000000 -1.00000000
vn 0.00000000 0.00000000 -1.00000000
vn 0.00000000 0.00000000 -1.00000000
vn 0.00000000 0.00000000 -1.00000000
vn 0.00000000 0.00000000 -1.00000000
vn 0.00000000 0.00000000 -1.00000000
vn 0.00000000 0.00000000 -1.00000000
vn 0.00000000 0.00000000 -1.00000000
vn 0.00000000 0.00000000 -1.00000000
vn 0.00000000 0.00000000 -1.00000000
vn 0.00000000 0.00000000 -1.00000000
vn 0.00000000 0.00000000 -1.00000000
vn 0.00000000 0.00000000 -1.00000000
vn 0.00000000 0.00000000 -1.00000000
vn 0.00000000 0.00000000 -1.00000000
vn 0.00000000 0.00000000 -1.00000000
vn 0.00000000 0.00000000 -1.00000000
vn 0.00000000 0.00000000 -1.00000000
vn 0.00000000 0.00000000 -1.00000000
vn 0.00000000 0.00000000 -1.00000000
vn 0.00000000 0.00000000 -1.00000000
vn 0.00000000 0.00000000 -1.00000000
vn 0.00000000 0.00000000 -1.00000000
vn 0.00000000 0.00000000 -1.00000000
vn 0.00000000 0.00000000 -1.00000000
vn 0.00000000 0.00000000 -1.00000000
vn 0.00000000 0.00000000 -1.00000000
vn 0.00000000 0.00000000 -1.00000000
vn 0.00000000 0.00000000 -1.00000000
vn 0.00000000 0.00000000 -1.00000000
vn 0.00000000 0.00000000 -1.00000000
vn 0.00000000 0.00000000 -1.00000000
vn 0.00000000 0.00000000 -1.00000000
vn 0.00000000 0.00000000 -1.00000000
vn 0.00000000 0.00000000 -1.00000000
vn 0.00000000 0.00000000 -1.00000000
vn 0.00000000 0.00000000 -1.00000000
vn 0.00000000 0.00000000 -1.00000000
vn 0.00000000 0.00000000 -1.00000000
vn 0.00000000 0.00000000 -1.00000000
vn 0.00000000 0.00000000 -1.00000000
vn 0.00000000 0.00000000 -1.00000000
vn 0.00000000 0.00000000 -1.00000000
vn 0.00000000 0.00000000 -1.00000000
vn 0.00000000 0.00000000 -1.00000000
vn 0.00000000 0.00000000 -1.00000000
vn 0.00000000 0.00000000 -1.00000000
vn 0.00000000 0.00000000 -1.00000000
vn 0.00000000 0.00000000 -1.00000000
vn 0.00000000 0.00000000 -1.00000000
vn 0.00000000 0.00000000 -1.00000000
vn 0.00000000 0.00000000 -1.00000000
vn 0.00000000 0.00000000 -1.00000000
vn 0.00000000 0.00000000 -1.00000000
vn 0.00000000 0.00000000 -1.00000000
vn 0.00000000 0.00000000 -1.00000000
vn 0.00000000 0.00000000 -1.00000000
vn 0.00000000 0.00010000 -1.00000000
vn 0.00000000 0.00010000 -1.00000000
vn 0.00000000 0.00010000 -1.00000000
vn 0.00000000 0.00000000 -1.00000000
vn 0.00000000 0.00000000 -1.00000000
vn 0.00000000 0.00000000 -1.00000000
vn 0.00000000 0.00000000 -1.00000000
vn 0.00000000 0.00000000 -1.00000000
vn 0.00000000 0.00000000 -1.00000000
vn 0.00000000 0.00000000 -1.00000000
vn 0.00000000 0.00000000 -1.00000000
vn 0.00000000 0.00000000 -1.00000000
vn 0.00000000 0.00000000 -1.00000000
vn 0.00000000 0.00000000 -1.00000000
vn 0.00000000 0.00000000 -1.00000000
vn 0.00000000 0.00000000 -1.00000000
vn 0.00000000 0.00000000 -1.00000000
vn 0.00000000 0.00000000 -1.00000000
vn 0.00000000 0.00000000 -1.00000000
vn 0.00000000 0.00000000 -1.00000000
vn 0.00000000 0.00000000 -1.00000000
vn 0.00000000 0.00000000 -1.00000000
vn 0.00000000 0.00000000 -1.00000000
vn 0.00000000 0.00000000 -1.00000000
vn 0.00000000 0.00000000 -1.00000000
vn 0.00000000 0.00000000 -1.00000000
vn 0.00000000 0.00000000 -1.00000000
vn 0.00000000 0.00000000 -1.00000000
vn 0.00000000 0.00000000 -1.00000000
vn 0.00000000 0.00000000 -1.00000000
vn 0.00000000 0.00000000 -1.00000000
vn 0.00000000 0.00000000 -1.00000000
vn 0.00000000 0.00000000 -1.00000000
vn 0.00000000 0.00000000 -1.00000000
vn 0.00000000 0.00000000 -1.00000000
vn 0.00000000 0.00000000 -1.00000000
vn 0.00000000 0.00000000 -1.00000000
vn 0.00000000 0.00000000 -1.00000000
vn 0.00000000 0.00000000 -1.00000000
vn 0.00000000 0.00000000 -1.00000000
vn 0.00000000 0.00000000 -1.00000000
vn 0.00000000 0.00000000 -1.00000000
vn 0.00000000 0.00000000 -1.00000000
vn 0.00000000 0.00000000 -1.00000000
vn 0.00000000 0.00000000 -1.00000000
vn 0.00000000 0.00000000 -1.00000000
vn 0.00000000 0.00000000 -1.00000000
vn 0.00000000 0.00000000 -1.00000000
vn 0.00000000 0.00000000 -1.00000000
vn 0.00000000 0.00000000 -1.00000000
vn 0.00000000 0.00000000 -1.00000000
vn 0.00000000 0.00000000 -1.00000000
vn 0.00000000 0.00000000 -1.00000000
vn 0.00000000 0.00000000 -1.00000000
vn 0.00000000 0.00000000 -1.00000000
vn 0.00000000 0.00000000 -1.00000000
vn 0.00000000 0.00000000 -1.00000000
vn 0.00000000 0.00000000 -1.00000000
vn 0.00000000 0.00000000 -1.00000000
vn 0.00000000 0.00000000 -1.00000000
vn 0.00000000 0.00000000 -1.00000000
vn 0.00000000 0.00000000 -1.00000000
vn 0.00000000 0.00000000 -1.00000000
vn 0.00000000 0.00000000 -1.00000000
vn 0.00000000 0.00000000 -1.00000000
vn 0.00000000 0.00000000 -1.00000000
vn 0.00000000 0.00000000 -1.00000000
vn 0.00000000 0.00000000 -1.00000000
vn 0.00000000 0.00000000 -1.00000000
vn 0.00000000 0.00000000 -1.00000000
vn 0.00000000 0.00000000 -1.00000000
vn 0.00000000 0.00000000 -1.00000000
vn 0.00000000 0.00000000 -1.00000000
vn 0.00000000 0.00000000 -1.00000000
vn 0.00000000 0.00000000 -1.00000000
vn 0.00000000 0.00000000 -1.00000000
vn 0.00000000 0.00000000 -1.00000000
vn 0.00000000 0.00000000 -1.00000000
vn 0.00000000 0.00000000 -1.00000000
vn 0.00000000 0.00000000 -1.00000000
vn 0.00000000 0.00000000 -1.00000000
vn 0.00010000 -0.00010000 -0.99999999
vn 0.00010000 -0.00010000 -0.99999999
vn 0.00010000 -0.00010000 -0.99999999
vn 0.00010000 -0.00010000 -0.99999999
vn 0.00010000 -0.00010000 -0.99999999
vn 0.00010000 -0.00010000 -0.99999999
vn 0.00000000 0.00000000 -1.00000000
vn 0.00000000 0.00000000 -1.00000000
vn 0.00000000 0.00000000 -1.00000000
vn 0.00000000 0.00000000 -1.00000000
vn 0.00000000 0.00000000 -1.00000000
vn 0.00000000 0.00000000 -1.00000000
vn 0.00000000 0.00000000 -1.00000000
vn 0.00000000 0.00000000 -1.00000000
vn 0.00000000 0.00000000 -1.00000000
vn 0.00000000 0.00000000 -1.00000000
vn 0.00000000 0.00000000 -1.00000000
vn 0.00000000 0.00000000 -1.00000000
vn 0.00000000 0.00000000 -1.00000000
vn 0.00000000 0.00000000 -1.00000000
vn 0.00000000 0.00000000 -1.00000000
vn 0.00000000 0.00000000 -1.00000000
vn 0.00000000 0.00000000 -1.00000000
vn 0.00000000 0.00000000 -1.00000000
vn 0.00000000 0.00000000 -1.00000000
vn 0.00000000 0.00000000 -1.00000000
vn 0.00000000 0.00000000 -1.00000000
vn 0.00000000 0.00000000 -1.00000000
vn 0.00000000 0.00000000 -1.00000000
vn 0.00000000 0.00000000 -1.00000000
vn 0.00000000 0.00000000 -1.00000000
vn 0.00000000 0.00000000 -1.00000000
vn 0.00000000 0.00000000 -1.00000000
vn 0.00000000 0.00000000 -1.00000000
vn 0.00000000 0.00000000 -1.00000000
vn 0.00000000 0.00000000 -1.00000000
vn 0.00000000 0.00000000 -1.00000000
vn 0.00000000 0.00000000 -1.00000000
vn 0.00000000 0.00000000 -1.00000000
vn 0.00000000 0.00000000 -1.00000000
vn 0.00000000 0.00000000 -1.00000000
vn 0.00000000 0.00000000 -1.00000000
vn 0.00000000 0.00010000 -1.00000000
vn 0.00000000 0.00010000 -1.00000000
vn 0.00000000 0.00010000 -1.00000000
vn 0.00000000 0.00000000 -1.00000000
vn 0.00000000 0.00000000 -1.00000000
vn 0.00000000 0.00000000 -1.00000000
vn 0.00000000 0.00000000 -1.00000000
vn 0.00000000 0.00000000 -1.00000000
vn 0.00000000 0.00000000 -1.00000000
vn 0.00000000 0.00000000 -1.00000000
vn 0.00000000 0.00000000 -1.00000000
vn 0.00000000 0.00000000 -1.00000000
vn 0.00000000 0.00000000 -1.00000000
vn 0.00000000 0.00000000 -1.00000000
vn 0.00000000 0.00000000 -1.00000000
vn 0.00000000 0.00000000 -1.00000000
vn 0.00000000 0.00000000 -1.00000000
vn 0.00000000 0.00000000 -1.00000000
vn 0.00000000 0.00000000 -1.00000000
vn 0.00000000 0.00000000 -1.00000000
vn 0.00000000 0.00000000 -1.00000000
vn 0.00000000 0.00000000 -1.00000000
vn 0.00000000 0.00000000 -1.00000000
vn 0.00000000 0.00000000 -1.00000000
vn 0.00000000 0.00000000 -1.00000000
vn 0.00000000 0.00000000 -1.00000000
vn 0.00000000 0.00000000 -1.00000000
vn 0.00000000 0.00000000 -1.00000000
vn 0.00000000 0.00000000 -1.00000000
vn 0.00000000 0.00000000 -1.00000000
vn 0.00000000 0.00000000 -1.00000000
vn 0.00000000 0.00000000 -1.00000000
vn 0.00000000 0.00000000 -1.00000000
vn 0.00000000 0.00000000 -1.00000000
vn 0.00000000 0.00000000 -1.00000000
vn 0.00000000 0.00000000 -1.00000000
vn 0.00000000 0.00000000 -1.00000000
vn 0.00000000 0.00000000 -1.00000000
vn 0.00000000 0.00000000 -1.00000000
vn 0.00000000 0.00000000 -1.00000000
vn 0.00000000 0.00000000 -1.00000000
vn 0.00000000 0.00000000 -1.00000000
vn 0.00000000 0.00000000 -1.00000000
vn 0.00000000 0.00000000 -1.00000000
vn 0.00000000 0.00000000 -1.00000000
vn 0.00000000 0.00000000 -1.00000000
vn 0.00000000 0.00000000 -1.00000000
vn 0.00000000 0.00000000 -1.00000000
vn 0.00000000 0.00000000 -1.00000000
vn 0.00000000 0.00000000 -1.00000000
vn 0.00000000 0.00000000 -1.00000000
vn 0.00000000 0.00000000 -1.00000000
vn 0.00000000 0.00000000 -1.00000000
vn 0.00000000 0.00000000 -1.00000000
vn 0.48988122 0.87156659 -0.01969924
vn 0.99919555 -0.00050000 -0.04009982
vn 1.00000000 0.00000000 0.00000000
vn 1.00000000 0.00000000 0.00000000
vn 0.50001100 0.86601905 0.00000000
vn 0.48988122 0.87156659 -0.01969924
vn -0.51021997 0.85973364 0.02310090
vn 0.50001100 0.86601905 0.00000000
vn -0.50001100 0.86601905 0.00000000
vn -0.51021997 0.85973364 0.02310090
vn -0.99904020 0.00030001 0.04380176
vn -0.50001100 0.86601905 0.00000000
vn -1.00000000 0.00000000 0.00000000
vn -0.99904020 0.00030001 0.04380176
vn -0.50999011 -0.85988333 0.02259956
vn -1.00000000 0.00000000 0.00000000
vn -0.50001100 -0.86601905 0.00000000
vn -0.50991612 -0.85992718 0.02260071
vn 0.49027532 -0.87135613 -0.01919903
vn 0.50001100 -0.86601905 0.00000000
vn 0.99919154 -0.00050000 -0.04019966
vn 0.50001100 -0.86601905 0.00000000
vn 1.00000000 0.00000000 0.00000000
vn 0.99919154 -0.00050000 -0.04019966
vn 0.45440311 0.88500605 -0.10140069
vn 0.97761312 -0.00180002 -0.21040282
vn 0.99919555 -0.00050000 -0.04009982
vn 0.99919555 -0.00050000 -0.04009982
vn 0.48988122 0.87156659 -0.01969924
vn 0.45448706 0.88497481 -0.10129712
vn -0.51907717 0.84606278 0.12139466
vn 0.48988122 0.87156659 -0.01969924
vn -0.51021997 0.85973364 0.02310090
vn -0.51900411 0.84610670 0.12140096
vn -0.97295582 0.00089996 0.23098951
vn -0.51021997 0.85973364 0.02310090
vn -0.99904020 0.00030001 0.04380176
vn -0.97295582 0.00089996 0.23098951
vn -0.51839625 -0.84659387 0.12059913
vn -0.99904457 0.00030001 0.04370195
vn -0.50999011 -0.85988333 0.02259956
vn -0.51832312 -0.84663776 0.12060538
vn 0.45602137 -0.88424144 -0.10080472
vn -0.50999011 -0.85988333 0.02259956
vn 0.49027532 -0.87135613 -0.01919903
vn 0.45602137 -0.88424144 -0.10080472
vn 0.97761312 -0.00180002 -0.21040282
vn 0.49027532 -0.87135613 -0.01919903
vn 0.99919555 -0.00050000 -0.04009982
vn 0.97761312 -0.00180002 -0.21040282
vn 0.40791818 0.88543946 -0.22270993
vn 0.88546963 -0.00349988 -0.46468406
vn 0.97761294 -0.00190003 -0.21040278
vn 0.97759237 -0.00189999 -0.21049836
vn 0.45440311 0.88500605 -0.10140069
vn 0.40791818 0.88543946 -0.22270993
vn -0.46540461 0.84480836 0.26400261
vn 0.45440311 0.88500605 -0.10140069
vn -0.51907717 0.84606278 0.12139466
vn -0.46540461 0.84480836 0.26400261
vn -0.86487438 0.00179995 0.50198513
vn -0.51900411 0.84610670 0.12140096
vn -0.97295582 0.00089996 0.23098951
vn -0.86487438 0.00179995 0.50198513
vn -0.46432069 -0.84583769 0.26261170
vn -0.97295582 0.00089996 0.23098951
vn -0.51839625 -0.84659387 0.12059913
vn -0.46439913 -0.84579841 0.26259951
vn 0.41091310 -0.88392817 -0.22320711
vn -0.51832312 -0.84663776 0.12060538
vn 0.45601677 -0.88423252 -0.10090371
vn 0.41091310 -0.88392817 -0.22320711
vn 0.88540688 -0.00350003 -0.46480361
vn 0.45601677 -0.88423252 -0.10090371
vn 0.97761294 -0.00190003 -0.21040278
vn 0.88544804 -0.00350019 -0.46472521
vn 0.32839325 0.88528179 -0.32929323
vn 0.71959073 -0.00319996 -0.69439106
vn 0.88544804 -0.00350019 -0.46472521
vn 0.88544804 -0.00350019 -0.46472521
vn 0.40791818 0.88543946 -0.22270993
vn 0.32851153 0.88523108 -0.32931156
vn -0.37438182 0.84525895 0.38128148
vn 0.40790909 0.88541974 -0.22280497
vn -0.46540461 0.84480836 0.26400261
vn -0.37438182 0.84525895 0.38128148
vn -0.68877486 0.00159994 0.72497354
vn -0.46540461 0.84480836 0.26400261
vn -0.86487438 0.00179995 0.50198513
vn -0.68882490 0.00150005 0.72492621
vn -0.37241914 -0.84624350 0.38101958
vn -0.86487438 0.00179995 0.50198513
vn -0.46439913 -0.84579841 0.26259951
vn -0.37238763 -0.84627188 0.38098734
vn 0.32910584 -0.88411569 -0.33170589
vn -0.46439913 -0.84579841 0.26259951
vn 0.41091310 -0.88392817 -0.22320711
vn 0.32919501 -0.88408659 -0.33169497
vn 0.71959073 -0.00319996 -0.69439106
vn 0.41091310 -0.88392817 -0.22320711
vn 0.88546963 -0.00349988 -0.46468406
vn 0.71959073 -0.00319996 -0.69439106
vn 0.22149792 0.88589166 -0.40759616
vn 0.48328068 -0.00089996 -0.87546500
vn 0.71959073 -0.00319996 -0.69439106
vn 0.71959073 -0.00319996 -0.69439106
vn 0.32851153 0.88523108 -0.32931156
vn 0.22149792 0.88589166 -0.40759616
vn -0.25149292 0.84597619 0.47018677
vn 0.32850071 0.88520193 -0.32940072
vn -0.37441346 0.84523039 0.38131371
vn -0.25149292 0.84597619 0.47018677
vn -0.46591535 0.00050002 0.88482916
vn -0.37439609 0.84529117 0.38119602
vn -0.68882479 0.00160006 0.72492609
vn -0.46591537 0.00040001 0.88482920
vn -0.25041028 -0.84633476 0.47011931
vn -0.68882479 0.00160006 0.72492609
vn -0.37241914 -0.84624350 0.38101958
vn -0.25050401 -0.84631356 0.47010753
vn 0.22109505 -0.88558015 -0.40849085
vn -0.37238763 -0.84627188 0.38098734
vn 0.32919501 -0.88408659 -0.33169497
vn 0.22099993 -0.88559973 -0.40849988
vn 0.48328068 -0.00089996 -0.87546500
vn 0.32919501 -0.88408659 -0.33169497
vn 0.71959073 -0.00319996 -0.69439106
vn 0.48328068 -0.00089996 -0.87546500
vn 0.26760776 -0.00010000 -0.96352793
vn 0.48328068 -0.00089996 -0.87546500
vn 0.22149792 0.88589166 -0.40759616
vn 0.22149792 0.88589166 -0.40759616
vn 0.12609570 0.87677008 -0.46408416
vn 0.26760776 0.00000000 -0.96352794
vn -0.25158659 0.84595491 0.47017494
vn -0.25149292 0.84597619 0.47018677
vn -0.13609629 0.85427668 0.50168631
vn 0.12609570 0.87677008 -0.46408416
vn -0.46599364 0.00049999 0.88478793
vn -0.46591535 0.00050002 0.88482916
vn -0.25709622 0.00000000 0.96638581
vn -0.13609629 0.85427668 0.50168631
vn -0.13599814 -0.85428830 0.50169313
vn -0.46591535 0.00050002 0.88482916
vn -0.25050401 -0.84631356 0.47010753
vn -0.13609629 -0.85427668 0.50168631
vn 0.12610675 -0.87674695 -0.46412485
vn -0.25050401 -0.84631356 0.47010753
vn 0.22109505 -0.88558015 -0.40849085
vn 0.12599729 -0.87678113 -0.46409001
vn 0.26760776 0.00000000 -0.96352794
vn 0.22099993 -0.88559973 -0.40849988
vn 0.48328072 -0.00079997 -0.87546508
vn 0.26760776 0.00000000 -0.96352794
vn 0.00000000 0.87383632 -0.48622021
vn 0.00000000 -0.00010000 -1.00000000
vn 0.12069868 -0.00010000 -0.99268918
vn 0.12069868 -0.00010000 -0.99268918
vn 0.05780016 0.87470246 -0.48120135
vn 0.00000000 0.87385996 -0.48617772
vn 0.00000000 0.85827720 0.51318637
vn 0.05780016 0.87470246 -0.48120135
vn -0.06179880 0.85718338 0.51129009
vn 0.00000000 0.85827720 0.51318637
vn 0.00000000 0.00010000 1.00000000
vn -0.06180196 0.85722721 0.51121623
vn -0.11860496 0.00000000 0.99294152
vn 0.00000000 0.00010000 1.00000000
vn 0.00000000 -0.85832124 0.51311270
vn -0.11860496 0.00000000 0.99294152
vn -0.06180196 -0.85722721 0.51121623
vn 0.00000000 -0.85832124 0.51311270
vn 0.00000000 -0.87383632 -0.48622021
vn -0.06180196 -0.85722721 0.51121623
vn 0.05780016 -0.87470246 -0.48120135
vn 0.00000000 -0.87385996 -0.48617772
vn 0.00000000 -0.00010000 -1.00000000
vn 0.05789983 -0.87469740 -0.48119857
vn 0.12069868 -0.00010000 -0.99268918
vn 0.00000000 -0.00010000 -1.00000000
vn 0.12069868 -0.00010000 -0.99268918
vn 0.26760776 0.00000000 -0.96352794
vn 0.12609570 0.87677008 -0.46408416
vn 0.12609570 0.87677008 -0.46408416
vn 0.05779738 0.87466037 -0.48127819
vn 0.12060014 -0.00010000 -0.99270116
vn -0.13599814 0.85428830 0.50169313
vn -0.13609629 0.85427668 0.50168631
vn -0.06159957 0.85719396 0.51129640
vn 0.05770050 0.87470751 -0.48120413
vn -0.25709622 0.00000000 0.96638581
vn -0.25709622 0.00000000 0.96638581
vn -0.11860496 0.00000000 0.99294152
vn -0.06179880 0.85718338 0.51129009
vn -0.25709622 0.00000000 0.96638581
vn -0.13609629 -0.85427668 0.50168631
vn -0.06180196 -0.85722721 0.51121623
vn -0.06180196 -0.85722721 0.51121623
vn -0.13609629 -0.85427668 0.50168631
vn 0.12599729 -0.87678113 -0.46409001
vn 0.05780016 -0.87470246 -0.48120135
vn 0.05780016 -0.87470246 -0.48120135
vn 0.12609570 -0.87677008 -0.46408416
vn 0.26760776 0.00000000 -0.96352794
vn 0.12069868 -0.00010000 -0.99268918
vn 0.12060014 -0.00010000 -0.99270116
vn -0.48988122 0.87156659 -0.01969924
vn -0.50001100 0.86601905 0.00000000
vn -1.00000000 0.00000000 0.00000000
vn -1.00000000 0.00000000 0.00000000
vn -0.99919555 -0.00050000 -0.04009982
vn -0.48988122 0.87156659 -0.01969924
vn 0.51021997 0.85973364 0.02310090
vn 0.50001100 0.86601905 0.00000000
vn -0.50001100 0.86601905 0.00000000
vn 0.51021997 0.85973364 0.02310090
vn 0.99904020 0.00030001 0.04380176
vn 1.00000000 0.00000000 0.00000000
vn 0.50001100 0.86601905 0.00000000
vn 0.99904020 0.00030001 0.04380176
vn 0.50991612 -0.85992718 0.02260071
vn 0.50001100 -0.86601905 0.00000000
vn 1.00000000 0.00000000 0.00000000
vn 0.50999011 -0.85988333 0.02259956
vn -0.49027532 -0.87135613 -0.01919903
vn -0.50001100 -0.86601905 0.00000000
vn 0.50001100 -0.86601905 0.00000000
vn -0.49027626 -0.87135780 -0.01909908
vn -0.99919154 -0.00050000 -0.04019966
vn -1.00000000 0.00000000 0.00000000
vn -0.50001100 -0.86601905 0.00000000
vn -0.99919154 -0.00050000 -0.04019966
vn -0.45448706 0.88497481 -0.10129712
vn -0.48988122 0.87156659 -0.01969924
vn -0.99919555 -0.00050000 -0.04009982
vn -0.99919555 -0.00050000 -0.04009982
vn -0.97761294 -0.00190003 -0.21040278
vn -0.45440311 0.88500605 -0.10140069
vn 0.51900411 0.84610670 0.12140096
vn 0.51021997 0.85973364 0.02310090
vn -0.48988122 0.87156659 -0.01969924
vn 0.51907717 0.84606278 0.12139466
vn 0.97295582 0.00089996 0.23098951
vn 0.99904020 0.00030001 0.04380176
vn 0.51021997 0.85973364 0.02310090
vn 0.97295582 0.00089996 0.23098951
vn 0.51832312 -0.84663776 0.12060538
vn 0.50999011 -0.85988333 0.02259956
vn 0.99904457 0.00030001 0.04370195
vn 0.51839625 -0.84659387 0.12059913
vn -0.45601677 -0.88423252 -0.10090371
vn -0.49027532 -0.87135613 -0.01919903
vn 0.50999011 -0.85988333 0.02259956
vn -0.45601677 -0.88423252 -0.10090371
vn -0.97761312 -0.00180002 -0.21040282
vn -0.99919555 -0.00050000 -0.04009982
vn -0.49027532 -0.87135613 -0.01919903
vn -0.97761312 -0.00180002 -0.21040282
vn -0.40800154 0.88540334 -0.22270084
vn -0.45448706 0.88497481 -0.10129712
vn -0.97761294 -0.00190003 -0.21040278
vn -0.97761312 -0.00180002 -0.21040282
vn -0.88546963 -0.00349988 -0.46468406
vn -0.40800154 0.88540334 -0.22270084
vn 0.46540461 0.84480836 0.26400261
vn 0.51907717 0.84606278 0.12139466
vn -0.45440311 0.88500605 -0.10140069
vn 0.46540461 0.84480836 0.26400261
vn 0.86487438 0.00179995 0.50198513
vn 0.97295582 0.00089996 0.23098951
vn 0.51900411 0.84610670 0.12140096
vn 0.86487438 0.00179995 0.50198513
vn 0.46439913 -0.84579841 0.26259951
vn 0.51839625 -0.84659387 0.12059913
vn 0.97295582 0.00089996 0.23098951
vn 0.46438693 -0.84577620 0.26269261
vn -0.41091310 -0.88392817 -0.22320711
vn -0.45601677 -0.88423252 -0.10090371
vn 0.51839625 -0.84659387 0.12059913
vn -0.41091310 -0.88392817 -0.22320711
vn -0.88544804 -0.00350019 -0.46472521
vn -0.97761312 -0.00180002 -0.21040282
vn -0.45601677 -0.88423252 -0.10090371
vn -0.88544804 -0.00350019 -0.46472521
vn -0.32851153 0.88523108 -0.32931156
vn -0.40799245 0.88538362 -0.22279588
vn -0.88544804 -0.00350019 -0.46472521
vn -0.88544804 -0.00350019 -0.46472521
vn -0.71959073 -0.00319996 -0.69439106
vn -0.32839325 0.88528179 -0.32929323
vn 0.37438182 0.84525895 0.38128148
vn 0.46540461 0.84480836 0.26400261
vn -0.40790909 0.88541974 -0.22280497
vn 0.37438182 0.84525895 0.38128148
vn 0.68882479 0.00160006 0.72492609
vn 0.86487438 0.00179995 0.50198513
vn 0.46540461 0.84480836 0.26400261
vn 0.68877486 0.00159994 0.72497354
vn 0.37238763 -0.84627188 0.38098734
vn 0.46439913 -0.84579841 0.26259951
vn 0.86487438 0.00179995 0.50198513
vn 0.37241914 -0.84624350 0.38101958
vn -0.32919501 -0.88408659 -0.33169497
vn -0.41091310 -0.88392817 -0.22320711
vn 0.46439913 -0.84579841 0.26259951
vn -0.32910584 -0.88411569 -0.33170589
vn -0.71959073 -0.00319996 -0.69439106
vn -0.88546963 -0.00349988 -0.46468406
vn -0.41091310 -0.88392817 -0.22320711
vn -0.71959073 -0.00319996 -0.69439106
vn -0.22149792 0.88589166 -0.40759616
vn -0.32839325 0.88528179 -0.32929323
vn -0.71959073 -0.00319996 -0.69439106
vn -0.71959073 -0.00319996 -0.69439106
vn -0.48328068 -0.00089996 -0.87546500
vn -0.22149792 0.88589166 -0.40759616
vn 0.25149292 0.84597619 0.47018677
vn 0.37441346 0.84523039 0.38131371
vn -0.32850071 0.88520193 -0.32940072
vn 0.25149292 0.84597619 0.47018677
vn 0.46591537 0.00040001 0.88482920
vn 0.68882479 0.00160006 0.72492609
vn 0.37438182 0.84525895 0.38128148
vn 0.46591535 0.00050002 0.88482916
vn 0.25050401 -0.84631356 0.47010753
vn 0.37241914 -0.84624350 0.38101958
vn 0.68882479 0.00160006 0.72492609
vn 0.25050401 -0.84631356 0.47010753
vn -0.22099993 -0.88559973 -0.40849988
vn -0.32919501 -0.88408659 -0.33169497
vn 0.37238763 -0.84627188 0.38098734
vn -0.22109505 -0.88558015 -0.40849085
vn -0.48328068 -0.00089996 -0.87546500
vn -0.71959073 -0.00319996 -0.69439106
vn -0.32910584 -0.88411569 -0.33170589
vn -0.48328068 -0.00089996 -0.87546500
vn -0.26760776 0.00000000 -0.96352794
vn -0.12609570 0.87677008 -0.46408416
vn -0.22149792 0.88589166 -0.40759616
vn -0.22149792 0.88589166 -0.40759616
vn -0.48328072 -0.00079997 -0.87546508
vn -0.26760776 0.00000000 -0.96352794
vn -0.12609570 0.87677008 -0.46408416
vn 0.13609629 0.85427668 0.50168631
vn 0.25150475 0.84601596 0.47010887
vn 0.25158659 0.84595491 0.47017494
vn 0.13609629 0.85427668 0.50168631
vn 0.25709622 0.00000000 0.96638581
vn 0.46591535 0.00050002 0.88482916
vn 0.46599364 0.00049999 0.88478793
vn 0.13609629 -0.85427668 0.50168631
vn 0.25050401 -0.84631356 0.47010753
vn 0.46591537 0.00040001 0.88482920
vn 0.13599814 -0.85428830 0.50169313
vn -0.12599729 -0.87678113 -0.46409001
vn -0.22109505 -0.88558015 -0.40849085
vn 0.25050401 -0.84631356 0.47010753
vn -0.12610675 -0.87674695 -0.46412485
vn -0.26760776 0.00000000 -0.96352794
vn -0.48328072 -0.00079997 -0.87546508
vn -0.22099993 -0.88559973 -0.40849988
vn -0.26760776 0.00000000 -0.96352794
vn 0.00000000 0.87385996 -0.48617772
vn -0.05780016 0.87470246 -0.48120135
vn -0.12069868 -0.00010000 -0.99268918
vn -0.12069868 -0.00010000 -0.99268918
vn 0.00000000 -0.00010000 -1.00000000
vn 0.00000000 0.87385996 -0.48617772
vn 0.00000000 0.85832124 0.51311270
vn 0.06179880 0.85718338 0.51129009
vn -0.05780016 0.87470246 -0.48120135
vn 0.00000000 0.85827720 0.51318637
vn 0.00000000 0.00010000 1.00000000
vn 0.11860496 0.00000000 0.99294152
vn 0.06179880 0.85718338 0.51129009
vn 0.00000000 0.00010000 1.00000000
vn 0.00000000 -0.85832124 0.51311270
vn 0.06180196 -0.85722721 0.51121623
vn 0.11860496 0.00000000 0.99294152
vn 0.00000000 -0.85832124 0.51311270
vn 0.00000000 -0.87383632 -0.48622021
vn -0.05780016 -0.87470246 -0.48120135
vn 0.06180196 -0.85722721 0.51121623
vn 0.00000000 -0.87383632 -0.48622021
vn 0.00000000 -0.00010000 -1.00000000
vn -0.12069868 -0.00010000 -0.99268918
vn -0.05789983 -0.87469740 -0.48119857
vn 0.00000000 -0.00010000 -1.00000000
vn -0.12060014 -0.00010000 -0.99270116
vn -0.05780016 0.87470246 -0.48120135
vn -0.12609570 0.87677008 -0.46408416
vn -0.12610090 0.87670625 -0.46420331
vn -0.26760776 0.00000000 -0.96352794
vn -0.12069868 -0.00010000 -0.99268918
vn -0.05770050 0.87470751 -0.48120413
vn 0.06180196 0.85722721 0.51121623
vn 0.13609629 0.85427668 0.50168631
vn 0.13599814 0.85428830 0.50169313
vn 0.06169918 0.85718868 0.51129325
vn 0.11860496 0.00000000 0.99294152
vn 0.25709622 0.00000000 0.96638581
vn 0.25709622 -0.00010000 0.96638580
vn 0.06180196 -0.85722721 0.51121623
vn 0.06190158 -0.85722191 0.51121306
vn 0.13609629 -0.85427668 0.50168631
vn 0.25709622 0.00000000 0.96638581
vn -0.05780016 -0.87470246 -0.48120135
vn -0.05780016 -0.87470246 -0.48120135
vn -0.12599729 -0.87678113 -0.46409001
vn 0.13609629 -0.85427668 0.50168631
vn -0.12069868 -0.00010000 -0.99268918
vn -0.12069869 0.00000000 -0.99268919
vn -0.26760776 0.00000000 -0.96352794
vn -0.12610090 -0.87670625 -0.46420331
vn -0.99732361 -0.02300054 -0.06940164
vn -0.99623181 -0.02910093 -0.08170261
vn -0.99458985 -0.00409996 -0.10379894
vn -0.99460057 -0.00400000 -0.10370006
vn -0.99462786 -0.00160004 -0.10350290
vn -0.99732361 -0.02300054 -0.06940164
vn 0.99652743 -0.02630072 -0.07900217
vn 0.99742128 -0.02410051 -0.06760144
vn 0.99424957 -0.00420021 -0.10700534
vn 0.99423893 -0.00420016 -0.10710419
vn 0.99420359 -0.00170001 -0.10750039
vn 0.99652743 -0.02630072 -0.07900217
vn 0.00000000 0.99855724 -0.05369770
vn 0.00000000 0.99836857 -0.05709820
vn 0.05389748 0.99785337 -0.03719826
vn 0.05389748 0.99785337 -0.03719826
vn 0.00000000 0.99941157 -0.03430040
vn 0.00000000 0.99855724 -0.05369770
vn 0.00000000 -0.99966456 0.02589908
vn 0.00000000 -0.99975579 0.02209902
vn -0.05359932 -0.99808742 0.03079961
vn -0.05359932 -0.99808742 0.03079961
vn 0.00000000 -0.99944202 0.03340140
vn 0.00000000 -0.99966456 0.02589908
vn -0.99919898 -0.01499998 -0.03709996
vn -0.99905072 -0.01629920 -0.04039801
vn -0.99623181 -0.02910093 -0.08170261
vn -0.99918781 -0.01499982 -0.03739954
vn 0.99909307 -0.01589989 -0.03949973
vn 0.99919526 -0.01499993 -0.03719982
vn 0.99742128 -0.02410051 -0.06760144
vn 0.99908516 -0.01589976 -0.03969941
vn 0.00000000 0.99941157 -0.03430040
vn 0.05389748 0.99785337 -0.03719826
vn 0.06859813 0.99747284 -0.01849950
vn 0.06859826 0.99747468 -0.01839953
vn 0.00000000 0.99984859 -0.01740085
vn 0.00000000 0.99941157 -0.03430040
vn 0.00000000 -0.99944202 0.03340140
vn -0.05359932 -0.99808742 0.03079961
vn -0.06849771 -0.99756658 0.01299956
vn -0.06849771 -0.99756658 0.01299956
vn 0.00000000 -0.99990751 0.01360010
vn 0.00000000 -0.99944202 0.03340140
vn -0.99966680 -0.00749975 -0.02469918
vn -0.99958543 -0.00819988 -0.02759960
vn -0.99907162 -0.01599955 -0.03999886
vn -0.99966680 -0.00749975 -0.02469918
vn 0.99959991 -0.00810000 -0.02710000
vn 0.99967146 -0.00719979 -0.02459930
vn 0.99920566 -0.01480008 -0.03700021
vn 0.99959010 -0.00829992 -0.02739973
vn 0.00000000 0.99984859 -0.01740085
vn 0.06859826 0.99747468 -0.01839953
vn 0.07189933 0.99739071 0.00649994
vn 0.07189933 0.99739071 0.00649994
vn 0.00000000 0.99997188 0.00749979
vn 0.00000000 0.99984859 -0.01740085
vn 0.00000000 -0.99990751 0.01360010
vn -0.06849771 -0.99756658 0.01299956
vn -0.07179694 -0.99735751 -0.01109953
vn -0.07179686 -0.99735640 -0.01119951
vn 0.00000000 -0.99994275 -0.01070046
vn 0.00000000 -0.99990751 0.01360010
vn -0.99982033 -0.00310006 -0.01870038
vn -0.99981845 -0.00310006 -0.01880035
vn -0.99959800 -0.00799998 -0.02719995
vn -0.99981781 -0.00330006 -0.01880033
vn 0.99981625 -0.00320005 -0.01890031
vn 0.99981845 -0.00310006 -0.01880035
vn 0.99966900 -0.00719978 -0.02469923
vn 0.99981593 -0.00330005 -0.01890030
vn 0.00000000 0.99997188 0.00749979
vn 0.07189933 0.99739071 0.00649994
vn 0.07780252 0.99653222 0.02950095
vn 0.07780252 0.99653222 0.02950095
vn 0.00000000 0.99954685 0.03010141
vn 0.00000000 0.99997188 0.00749979
vn 0.00000000 -0.99994275 -0.01070046
vn -0.07179686 -0.99735640 -0.01119951
vn -0.07780303 -0.99643884 -0.03250127
vn -0.07780303 -0.99643884 -0.03250127
vn 0.00000000 -0.99947824 -0.03229930
vn 0.00000000 -0.99994275 -0.01070046
vn -0.99986895 -0.00169995 -0.01609950
vn -0.99986094 -0.00159994 -0.01659935
vn -0.99982063 -0.00300006 -0.01870039
vn -0.99987072 -0.00159995 -0.01599953
vn 0.99986765 -0.00149995 -0.01619948
vn 0.99987087 -0.00149996 -0.01599953
vn 0.99981876 -0.00300006 -0.01880035
vn 0.99986408 -0.00169994 -0.01639941
vn 0.00000000 0.99954685 0.03010141
vn 0.07780252 0.99653222 0.02950095
vn 0.07859755 0.99506904 0.06049812
vn 0.07859755 0.99506904 0.06049812
vn 0.00000000 0.99810706 0.06150043
vn 0.00000000 0.99954685 0.03010141
vn 0.00000000 -0.99947824 -0.03229930
vn -0.07780303 -0.99643884 -0.03250127
vn -0.07850128 -0.99451626 -0.06910113
vn -0.07850128 -0.99451626 -0.06910113
vn 0.00000000 -0.99761658 -0.06900115
vn 0.00000000 -0.99947824 -0.03229930
vn -0.99991671 -0.00040001 0.01290022
vn -0.99996707 -0.00049998 0.00809973
vn -0.99986618 -0.00139995 -0.01629945
vn -0.99991671 -0.00040001 0.01290022
vn 0.99997108 -0.00029999 0.00759978
vn 0.99992661 -0.00060002 0.01210032
vn 0.99987261 -0.00139996 -0.01589956
vn 0.99997108 -0.00029999 0.00759978
vn 0.00000000 0.99811319 0.06140081
vn 0.07859755 0.99506904 0.06049812
vn 0.07690296 0.98383791 0.16170623
vn 0.07690296 0.98383791 0.16170623
vn 0.00000000 0.98687342 0.16149565
vn 0.00000000 0.99810706 0.06150043
vn 0.00000000 -0.99761658 -0.06900115
vn -0.07850128 -0.99451626 -0.06910113
vn -0.07680147 -0.98111879 -0.17750340
vn -0.07680147 -0.98111879 -0.17750340
vn 0.00000000 -0.98417565 -0.17719562
vn 0.00000000 -0.99761658 -0.06900115
vn -0.99911138 -0.00540006 0.04180048
vn -0.99921677 -0.00540009 0.03920066
vn -0.99996707 -0.00049998 0.00809973
vn -0.99911609 -0.00530009 0.04170067
vn 0.99919566 -0.00489998 0.03979983
vn 0.99910856 -0.00590005 0.04180036
vn 0.99992661 -0.00060002 0.01210032
vn 0.99919118 -0.00499996 0.03989965
vn 0.07690296 0.98383791 0.16170623
vn 0.06550202 0.93802892 0.34031049
vn 0.00000000 0.94114084 0.33801467
vn 0.00000000 0.94114084 0.33801467
vn 0.00000000 0.98687342 0.16149565
vn 0.07690296 0.98383791 0.16170623
vn -0.07680147 -0.98111879 -0.17750340
vn -0.06530052 -0.93420737 -0.35070277
vn 0.00000000 -0.93693192 -0.34951191
vn 0.00000000 -0.93693192 -0.34951191
vn 0.00000000 -0.98417565 -0.17719562
vn -0.07680147 -0.98111879 -0.17750340
vn -0.99792412 -0.01130027 0.06340153
vn -0.99837581 -0.01149972 0.05579865
vn -0.99920837 -0.00550005 0.03940033
vn -0.99791779 -0.01130020 0.06350113
vn 0.99841609 -0.00980016 0.05540089
vn 0.99815039 -0.01199940 0.05959704
vn 0.99911332 -0.00580008 0.04170056
vn 0.99842162 -0.00980021 0.05530120
vn 0.06549588 0.93804093 0.34027857
vn 0.05690196 0.85552951 0.51461775
vn 0.00000000 0.85749293 0.51449576
vn 0.00000000 0.85749293 0.51449576
vn 0.00000000 0.94114084 0.33801467
vn 0.06550202 0.93802892 0.34031049
vn -0.06530052 -0.93420737 -0.35070277
vn -0.05709836 -0.85917538 -0.50848543
vn 0.00000000 -0.86288897 -0.50539354
vn 0.00000000 -0.86288897 -0.50539354
vn 0.00000000 -0.93693192 -0.34951191
vn -0.06530052 -0.93420737 -0.35070277
vn -0.98877314 -0.06079835 0.13649629
vn -0.99258574 -0.06139912 0.10489849
vn -0.99837581 -0.01149972 0.05579865
vn -0.98877314 -0.06079835 0.13649629
vn 0.99380872 -0.04190037 0.10290090
vn 0.99198329 -0.05909900 0.11169812
vn 0.99815039 -0.01199940 0.05959704
vn 0.99380872 -0.04190037 0.10290090
vn 0.05689709 0.85555631 0.51457372
vn 0.05520268 0.80453903 0.59132869
vn 0.00010000 0.80643360 0.59132464
vn 0.00010000 0.80643360 0.59132464
vn 0.00000000 0.85749293 0.51449576
vn 0.05690196 0.85552951 0.51461775
vn -0.05709836 -0.85917538 -0.50848543
vn -0.04599987 -0.79229768 -0.60839822
vn 0.00000000 -0.79218141 -0.61028568
vn 0.00000000 -0.79218141 -0.61028568
vn 0.00000000 -0.86288897 -0.50539354
vn -0.05709836 -0.85917538 -0.50848543
vn -0.97762602 -0.20300540 0.05510147
vn -0.97552207 -0.21650490 0.03850087
vn -0.99258574 -0.06139912 0.10489849
vn -0.97762602 -0.20300540 0.05510147
vn 0.97502070 -0.20470435 0.08620183
vn 0.96783747 -0.24270940 0.06620256
vn 0.99198329 -0.05909900 0.11169812
vn 0.97502070 -0.20470435 0.08620183
vn 0.05519941 0.80449145 0.59139372
vn 0.10869690 0.86207539 0.49498587
vn -0.00010001 0.84634805 0.53263024
vn -0.00010000 0.84637642 0.53258516
vn 0.00010000 0.80643360 0.59132464
vn 0.05519941 0.80449145 0.59139372
vn -0.04590008 -0.79230132 -0.60840102
vn 0.06570262 -0.85113390 -0.52082074
vn 0.00000000 -0.82330303 -0.56760209
vn 0.00000000 -0.82330303 -0.56760209
vn 0.00000000 -0.79214416 -0.61033403
vn -0.04600266 -0.79234589 -0.60833523
vn 0.22270521 0.97102273 -0.08670203
vn 0.48982765 0.86884905 -0.07190406
vn 0.48278789 0.85147864 -0.20469486
vn 0.48278789 0.85147864 -0.20469486
vn 0.22469818 0.94959230 -0.21859823
vn 0.22270521 0.97102273 -0.08670203
vn 0.48990366 0.86880649 -0.07190054
vn 0.66979408 0.74079345 -0.05099955
vn 0.67458823 0.71818747 -0.17069702
vn 0.67458823 0.71818747 -0.17069702
vn 0.48278789 0.85147864 -0.20469486
vn 0.48990366 0.86880649 -0.07190054
vn 0.66979408 0.74079345 -0.05099955
vn 0.72019918 0.69199921 -0.04949994
vn 0.74732044 0.64721770 -0.15040411
vn 0.74732044 0.64721770 -0.15040411
vn 0.67457671 0.71817521 -0.17079410
vn 0.66979408 0.74079345 -0.05099955
vn 0.19930330 0.92621532 0.32000529
vn 0.41459589 0.85969148 0.29839704
vn 0.48131212 0.87322200 0.07630192
vn 0.48127010 0.87324574 0.07629526
vn 0.21950418 0.97311851 0.06970133
vn 0.19930330 0.92621532 0.32000529
vn 0.22469818 0.94959230 -0.21859823
vn 0.48278789 0.85147864 -0.20469486
vn 0.47109088 0.82168408 -0.32079379
vn 0.47109088 0.82168408 -0.32079379
vn 0.22639876 0.91179500 -0.34259812
vn 0.22469818 0.94959230 -0.21859823
vn 0.47109088 0.82168408 -0.32079379
vn 0.62410573 0.72190663 -0.29890275
vn 0.60729827 0.69339803 -0.38779890
vn 0.60732182 0.69342492 -0.38771393
vn 0.45640610 0.78451049 -0.41980561
vn 0.47109088 0.82168408 -0.32079379
vn 0.62410573 0.72190663 -0.29890275
vn 0.68482275 0.67222233 -0.28130934
vn 0.66677979 0.65138026 -0.36208903
vn 0.66677979 0.65138026 -0.36208903
vn 0.60732182 0.69342492 -0.38771393
vn 0.62410573 0.72190663 -0.29890275
vn 0.38439989 0.76609978 -0.51509985
vn 0.18250362 0.80471595 -0.56491120
vn 0.21899284 0.85737196 -0.46578477
vn 0.21899284 0.85737196 -0.46578477
vn 0.45640610 0.78451049 -0.41980561
vn 0.38439989 0.76609978 -0.51509985
vn 0.60732182 0.69342492 -0.38771393
vn 0.54156654 0.70715631 -0.45457192
vn 0.38439989 0.76609978 -0.51509985
vn 0.38439989 0.76609978 -0.51509985
vn 0.45640610 0.78451049 -0.41980561
vn 0.60729827 0.69339803 -0.38779890
vn 0.60729827 0.69339803 -0.38779890
vn 0.66677979 0.65138026 -0.36208903
vn 0.54156654 0.70715631 -0.45457192
vn 0.00000000 0.94522836 0.32640979
vn -0.00010000 0.84637642 0.53258516
vn 0.10869690 0.86207539 0.49498587
vn 0.10869690 0.86207539 0.49498587
vn 0.19921364 0.92626341 0.31992190
vn 0.00000000 0.94522836 0.32640979
vn 0.00000000 0.99754676 0.07000328
vn 0.00000000 0.94522836 0.32640979
vn 0.19920726 0.92623377 0.32001167
vn 0.19930330 0.92621532 0.32000529
vn 0.21950418 0.97311851 0.06970133
vn 0.00000000 0.99754676 0.07000328
vn 0.22270521 0.97102273 -0.08670203
vn 0.00000000 0.99605871 -0.08869632
vn 0.00000000 0.99754676 0.07000328
vn 0.00000000 0.99754676 0.07000328
vn 0.21950418 0.97311851 0.06970133
vn 0.22270521 0.97102273 -0.08670203
vn 0.22640651 0.91182624 -0.34250986
vn 0.00040001 0.93622221 -0.35140834
vn 0.00000000 0.97504929 -0.22198846
vn 0.00000000 0.97504929 -0.22198846
vn 0.22469818 0.94959230 -0.21859823
vn 0.22639876 0.91179500 -0.34259812
vn 0.00000000 0.81709810 -0.57649866
vn 0.00040002 0.87483562 -0.48441973
vn 0.21899284 0.85737196 -0.46578477
vn 0.21899284 0.85737196 -0.46578477
vn 0.18250362 0.80471595 -0.56491120
vn 0.00000000 0.81709810 -0.57649866
vn 0.10869690 0.86207539 0.49498587
vn 0.26299433 0.89628069 0.35709230
vn 0.41459589 0.85969148 0.29839704
vn 0.41459589 0.85969148 0.29839704
vn 0.19920726 0.92623377 0.32001167
vn 0.10869690 0.86207539 0.49498587
vn 0.56811135 0.78231562 0.25540510
vn 0.64559199 0.75849059 0.08889890
vn 0.48127377 0.87325240 0.07619585
vn 0.48131212 0.87322200 0.07630192
vn 0.41459589 0.85969148 0.29839704
vn 0.56802910 0.78234008 0.25551309
vn 0.26299433 0.89628069 0.35709230
vn 0.30570996 0.93283040 0.19070622
vn 0.56802910 0.78234008 0.25551309
vn 0.56809683 0.78229564 0.25549858
vn 0.41459589 0.85969148 0.29839704
vn 0.26299433 0.89628069 0.35709230
vn 0.56802910 0.78234008 0.25551309
vn 0.60350974 0.77891258 0.17050275
vn 0.68268043 0.72607918 0.08219764
vn 0.68268043 0.72607918 0.08219764
vn 0.64559199 0.75849059 0.08889890
vn 0.56809683 0.78229564 0.25549858
vn 0.30570996 0.93283040 0.19070622
vn 0.23759056 0.97106142 -0.02429903
vn 0.60350974 0.77891258 0.17050275
vn 0.60350974 0.77891258 0.17050275
vn 0.56809683 0.78229564 0.25549858
vn 0.30570996 0.93283040 0.19070622
vn -0.48277800 0.85146120 -0.20479067
vn -0.48978157 0.86886731 -0.07199729
vn -0.22270521 0.97102273 -0.08670203
vn -0.22270521 0.97102273 -0.08670203
vn -0.22469818 0.94959230 -0.21859823
vn -0.48277800 0.85146120 -0.20479067
vn -0.67519411 0.71759374 -0.17079851
vn -0.66979066 0.74078967 -0.05109929
vn -0.48978510 0.86887356 -0.07189781
vn -0.48978510 0.86887356 -0.07189781
vn -0.48277800 0.85146120 -0.20479067
vn -0.67519411 0.71759374 -0.17079851
vn -0.74831566 0.64611352 -0.15020314
vn -0.72013672 0.69203529 -0.04990254
vn -0.66979066 0.74078967 -0.05109929
vn -0.66979066 0.74078967 -0.05109929
vn -0.67519411 0.71759374 -0.17079851
vn -0.74831566 0.64611352 -0.15020314
vn -0.19920658 0.92613059 0.32031058
vn -0.21950418 0.97311851 0.06970133
vn -0.48119326 0.87328777 0.07629893
vn -0.48119326 0.87328777 0.07629893
vn -0.41431030 0.85972138 0.29870743
vn -0.19920658 0.92613059 0.32031058
vn -0.22469818 0.94959230 -0.21859823
vn -0.22680410 0.91191648 -0.34200618
vn -0.47120739 0.82161288 -0.32080503
vn -0.47120739 0.82161288 -0.32080503
vn -0.48277800 0.85146120 -0.20479067
vn -0.22469818 0.94959230 -0.21859823
vn -0.61017691 0.69087385 -0.38778532
vn -0.62518979 0.72088823 -0.29909512
vn -0.47120739 0.82161288 -0.32080503
vn -0.47120739 0.82161288 -0.32080503
vn -0.45679434 0.78429029 -0.41979480
vn -0.61021906 0.69082158 -0.38781212
vn -0.67111151 0.64791111 -0.36030618
vn -0.68659759 0.67049765 -0.28109901
vn -0.62518979 0.72088823 -0.29909512
vn -0.62518979 0.72088823 -0.29909512
vn -0.61021906 0.69082158 -0.38781212
vn -0.67111151 0.64791111 -0.36030618
vn -0.38468498 0.76597009 -0.51507989
vn -0.45679434 0.78429029 -0.41979480
vn -0.21940792 0.85703094 -0.46621683
vn -0.21940792 0.85703094 -0.46621683
vn -0.18250362 0.80471595 -0.56491120
vn -0.38471444 0.76592876 -0.51511934
vn -0.61021906 0.69082158 -0.38781212
vn -0.45687347 0.78425446 -0.41977562
vn -0.38471444 0.76592876 -0.51511934
vn -0.38468498 0.76597009 -0.51507989
vn -0.54391470 0.70551907 -0.45431228
vn -0.61021906 0.69082158 -0.38781212
vn -0.54391470 0.70551907 -0.45431228
vn -0.67111151 0.64791111 -0.36030618
vn -0.61021906 0.69082158 -0.38781212
vn 0.00000000 0.99754676 0.07000328
vn -0.21950418 0.97311851 0.06970133
vn -0.19920658 0.92613059 0.32031058
vn -0.19920658 0.92613059 0.32031058
vn 0.00000000 0.94522836 0.32640979
vn 0.00000000 0.99754676 0.07000328
vn 0.00000000 0.99754676 0.07000328
vn 0.00000000 0.99605871 -0.08869632
vn -0.22270521 0.97102273 -0.08670203
vn -0.22270521 0.97102273 -0.08670203
vn -0.21950418 0.97311851 0.06970133
vn 0.00000000 0.99754676 0.07000328
vn 0.00000000 0.97504929 -0.22198846
vn 0.00040001 0.93622221 -0.35140834
vn -0.22679634 0.91188529 -0.34209448
vn -0.22679634 0.91188529 -0.34209448
vn -0.22469818 0.94959230 -0.21859823
vn 0.00000000 0.97504929 -0.22198846
vn 0.00000000 0.81709810 -0.57649866
vn -0.18250362 0.80471595 -0.56491120
vn -0.21940792 0.85703094 -0.46621683
vn -0.21940792 0.85703094 -0.46621683
vn 0.00040002 0.87483562 -0.48441973
vn 0.00000000 0.81709810 -0.57649866
vn -0.10840441 0.86203510 0.49512016
vn -0.19920658 0.92613059 0.32031058
vn -0.41431030 0.85972138 0.29870743
vn -0.41431030 0.85972138 0.29870743
vn -0.26570611 0.89322054 0.36270834
vn -0.10839507 0.86206079 0.49507748
vn -0.57178670 0.77818190 0.25979396
vn -0.41431030 0.85972138 0.29870743
vn -0.48119326 0.87328777 0.07629893
vn -0.48119326 0.87328777 0.07629893
vn -0.64537739 0.75867342 0.08889689
vn -0.57178670 0.77818190 0.25979396
vn -0.26570611 0.89322054 0.36270834
vn -0.41431030 0.85972138 0.29870743
vn -0.57171939 0.77822639 0.25980881
vn -0.57178670 0.77818190 0.25979396
vn -0.34529688 0.90939179 0.23189791
vn -0.26570611 0.89322054 0.36270834
vn -0.57178670 0.77818190 0.25979396
vn -0.64537739 0.75867342 0.08889689
vn -0.68363359 0.72513563 0.08260406
vn -0.68363359 0.72513563 0.08260406
vn -0.63002095 0.75182500 0.19450647
vn -0.57171939 0.77822639 0.25980881
vn -0.63002095 0.75182500 0.19450647
vn -0.34529688 0.90939179 0.23189791
vn -0.57178670 0.77818190 0.25979396
vn -0.48649766 -0.84759592 0.21189898
vn -0.49450567 -0.86600993 0.07410085
vn -0.22450803 -0.97033472 0.08970321
vn -0.22450803 -0.97033472 0.08970321
vn -0.22611228 -0.94735145 0.22671231
vn -0.48649766 -0.84759592 0.21189898
vn -0.67797523 -0.71407392 0.17449363
vn -0.67610042 -0.73500045 0.05160003
vn -0.49450201 -0.86600351 0.07420030
vn -0.49450567 -0.86600993 0.07410085
vn -0.48649766 -0.84759592 0.21189898
vn -0.67797523 -0.71407392 0.17449363
vn -0.75091602 -0.64271371 0.15180324
vn -0.72659844 -0.68529853 0.04919989
vn -0.67610042 -0.73500045 0.05160003
vn -0.67610042 -0.73500045 0.05160003
vn -0.67797523 -0.71407392 0.17449363
vn -0.75091602 -0.64271371 0.15180324
vn -0.19869299 -0.92186746 -0.33268826
vn -0.22111015 -0.97244465 -0.07390339
vn -0.48541031 -0.87061849 -0.08000170
vn -0.48541031 -0.87061849 -0.08000170
vn -0.41230104 -0.85890217 -0.30380077
vn -0.19869299 -0.92186746 -0.33268826
vn -0.22620717 -0.94733002 0.22670718
vn -0.22779561 -0.90778252 0.35219322
vn -0.47311139 -0.81681966 0.33010795
vn -0.47311139 -0.81681966 0.33010795
vn -0.48649766 -0.84759592 0.21189898
vn -0.22620717 -0.94733002 0.22670718
vn -0.58151855 -0.72142301 0.37601199
vn -0.61709397 -0.72529291 0.30519702
vn -0.47311139 -0.81681966 0.33010795
vn -0.47311139 -0.81681966 0.33010795
vn -0.45918908 -0.78838125 0.40939026
vn -0.58154041 -0.72145014 0.37592612
vn -0.62051743 -0.69661957 0.36011012
vn -0.67372074 -0.68152098 0.28570880
vn -0.61713873 -0.72524551 0.30521915
vn -0.61709397 -0.72529291 0.30519702
vn -0.58154041 -0.72145014 0.37592612
vn -0.62051743 -0.69661957 0.36011012
vn -0.37251220 -0.78642576 0.49271614
vn -0.45918908 -0.78838125 0.40939026
vn -0.21870081 -0.86120320 0.45880170
vn -0.21870081 -0.86120320 0.45880170
vn -0.17179700 -0.82078567 0.54479049
vn -0.37251220 -0.78642576 0.49271614
vn -0.58151855 -0.72142301 0.37601199
vn -0.45918908 -0.78838125 0.40939026
vn -0.37251220 -0.78642576 0.49271614
vn -0.37251220 -0.78642576 0.49271614
vn -0.50241910 -0.75652876 0.41861591
vn -0.58149846 -0.72149808 0.37589900
vn -0.50249385 -0.75649075 0.41859488
vn -0.62051743 -0.69661957 0.36011012
vn -0.58149846 -0.72149808 0.37589900
vn 0.06570262 -0.85113390 -0.52082074
vn 0.19860049 -0.92170226 -0.33320082
vn 0.00000000 -0.93911419 -0.34360519
vn 0.00000000 -0.93911419 -0.34360519
vn 0.00000000 -0.82330303 -0.56760209
vn 0.06570262 -0.85113390 -0.52082074
vn 0.00000000 -0.99722832 -0.07440211
vn -0.22111015 -0.97244465 -0.07390339
vn -0.19869960 -0.92189813 -0.33259932
vn -0.19869299 -0.92186746 -0.33268826
vn 0.00000000 -0.93914646 -0.34351699
vn 0.00000000 -0.99722832 -0.07440211
vn 0.00000000 -0.99723574 -0.07430266
vn 0.00000000 -0.99576851 0.09189709
vn -0.22450803 -0.97033472 0.08970321
vn -0.22450803 -0.97033472 0.08970321
vn -0.22111015 -0.97244465 -0.07390339
vn -0.00020000 -0.99722088 -0.07450156
vn 0.00000000 -0.97311864 0.23030441
vn 0.00040001 -0.93221463 0.36190568
vn -0.22779561 -0.90778252 0.35219322
vn -0.22779561 -0.90778252 0.35219322
vn -0.22620717 -0.94733002 0.22670718
vn 0.00000000 -0.97309622 0.23039910
vn 0.00000000 -0.83158847 0.55539230
vn -0.17169995 -0.82079977 0.54479984
vn -0.21870081 -0.86120320 0.45880170
vn -0.21870081 -0.86120320 0.45880170
vn 0.00040000 -0.87819724 0.47829850
vn 0.00000000 -0.83158847 0.55539230
vn -0.06609871 -0.85118334 -0.52068981
vn -0.19869299 -0.92186746 -0.33268826
vn -0.41230104 -0.85890217 -0.30380077
vn -0.41230104 -0.85890217 -0.30380077
vn -0.22469470 -0.91157851 -0.34429189
vn -0.06609871 -0.85118334 -0.52068981
vn -0.55202115 -0.79833058 -0.24070922
vn -0.41230104 -0.85890217 -0.30380077
vn -0.48541031 -0.87061849 -0.08000170
vn -0.48541031 -0.87061849 -0.08000170
vn -0.64939533 -0.75509457 -0.09009935
vn -0.55202115 -0.79833058 -0.24070922
vn -0.22469470 -0.91157851 -0.34429189
vn -0.41230104 -0.85890217 -0.30380077
vn -0.55202115 -0.79833058 -0.24070922
vn -0.55202115 -0.79833058 -0.24070922
vn -0.28639654 -0.94398859 -0.16389802
vn -0.22469470 -0.91157851 -0.34429189
vn -0.55202115 -0.79833058 -0.24070922
vn -0.64939533 -0.75509457 -0.09009935
vn -0.68103603 -0.72743848 -0.08380443
vn -0.68103603 -0.72743848 -0.08380443
vn -0.57221108 -0.80591561 -0.15190294
vn -0.55202115 -0.79833058 -0.24070922
vn -0.28640123 -0.94400406 -0.16380070
vn -0.55197708 -0.79836685 -0.24069001
vn -0.57221108 -0.80591561 -0.15190294
vn -0.57221108 -0.80591561 -0.15190294
vn -0.20129036 -0.97805318 0.05379742
vn -0.28639654 -0.94398859 -0.16389802
vn 0.22450803 -0.97033472 0.08970321
vn 0.49500814 -0.86571423 0.07420122
vn 0.48721740 -0.84723026 0.21170756
vn 0.48721740 -0.84723026 0.21170756
vn 0.22611228 -0.94735145 0.22671231
vn 0.22450803 -0.97033472 0.08970321
vn 0.49493263 -0.86575708 0.07420489
vn 0.67882547 -0.73242748 0.05240197
vn 0.68257527 -0.70987428 0.17369371
vn 0.68252186 -0.70992274 0.17370556
vn 0.48721740 -0.84723026 0.21170756
vn 0.49493263 -0.86575708 0.07420489
vn 0.67882547 -0.73242748 0.05240197
vn 0.73016386 -0.68136627 0.05099748
vn 0.75792393 -0.63472004 0.15060475
vn 0.75792393 -0.63472004 0.15060475
vn 0.68257527 -0.70987428 0.17369371
vn 0.67882191 -0.73242364 0.05250169
vn 0.19860049 -0.92170226 -0.33320082
vn 0.41188347 -0.85896553 -0.30418779
vn 0.48541031 -0.87061849 -0.08000170
vn 0.48541031 -0.87061849 -0.08000170
vn 0.22120363 -0.97241595 -0.07400121
vn 0.19860049 -0.92170226 -0.33320082
vn 0.22620717 -0.94733002 0.22670718
vn 0.48721740 -0.84723026 0.21170756
vn 0.47347606 -0.81665870 0.32998331
vn 0.47347606 -0.81665870 0.32998331
vn 0.22739689 -0.90768759 0.35269518
vn 0.22620717 -0.94733002 0.22670718
vn 0.47347606 -0.81665870 0.32998331
vn 0.62066853 -0.72266335 0.30418458
vn 0.58338540 -0.72008198 0.37569060
vn 0.58338540 -0.72008198 0.37569060
vn 0.45918908 -0.78838125 0.40939026
vn 0.47347606 -0.81665870 0.32998331
vn 0.62071338 -0.72261558 0.30420656
vn 0.68010078 -0.67600078 0.28370033
vn 0.62440748 -0.69370831 0.35900430
vn 0.62440748 -0.69370831 0.35900430
vn 0.58338540 -0.72008198 0.37569060
vn 0.62071338 -0.72261558 0.30420656
vn 0.37251220 -0.78642576 0.49271614
vn 0.17179700 -0.82078567 0.54479049
vn 0.21839876 -0.86149510 0.45839739
vn 0.21830353 -0.86151391 0.45840740
vn 0.45918908 -0.78838125 0.40939026
vn 0.37251220 -0.78642576 0.49271614
vn 0.58338540 -0.72008198 0.37569060
vn 0.50290684 -0.75621028 0.41860569
vn 0.37251220 -0.78642576 0.49271614
vn 0.37251220 -0.78642576 0.49271614
vn 0.45918908 -0.78838125 0.40939026
vn 0.58338540 -0.72008198 0.37569060
vn 0.58338540 -0.72008198 0.37569060
vn 0.62440748 -0.69370831 0.35900430
vn 0.50290684 -0.75621028 0.41860569
vn 0.00000000 -0.99723574 -0.07430266
vn 0.00000000 -0.93914646 -0.34351699
vn 0.19860049 -0.92170226 -0.33320082
vn 0.19860049 -0.92170226 -0.33320082
vn 0.22120363 -0.97241595 -0.07400121
vn 0.00000000 -0.99723574 -0.07430266
vn 0.22450803 -0.97033472 0.08970321
vn 0.00000000 -0.99576851 0.09189709
vn 0.00020000 -0.99722088 -0.07450156
vn 0.00000000 -0.99723574 -0.07430266
vn 0.22110852 -0.97243745 -0.07400285
vn 0.22450803 -0.97033472 0.08970321
vn 0.22739689 -0.90768759 0.35269518
vn 0.00040001 -0.93221463 0.36190568
vn 0.00000000 -0.97311864 0.23030441
vn 0.00000000 -0.97309622 0.23039910
vn 0.22620717 -0.94733002 0.22670718
vn 0.22739689 -0.90768759 0.35269518
vn 0.00000000 -0.83158847 0.55539230
vn 0.00040000 -0.87819724 0.47829850
vn 0.21839876 -0.86149510 0.45839739
vn 0.21839876 -0.86149510 0.45839739
vn 0.17169995 -0.82079977 0.54479984
vn 0.00000000 -0.83158847 0.55539230
vn 0.06570262 -0.85113390 -0.52082074
vn 0.22689854 -0.90889417 -0.34989776
vn 0.41180044 -0.85900091 -0.30420032
vn 0.41188347 -0.85896553 -0.30418779
vn 0.19860049 -0.92170226 -0.33320082
vn 0.06570262 -0.85113390 -0.52082074
vn 0.55532594 -0.79493713 -0.24431141
vn 0.64992130 -0.75472473 -0.08940293
vn 0.48541031 -0.87061849 -0.08000170
vn 0.48541031 -0.87061849 -0.08000170
vn 0.41188347 -0.85896553 -0.30418779
vn 0.55532594 -0.79493713 -0.24431141
vn 0.22689854 -0.90889417 -0.34989776
vn 0.32321410 -0.92414032 -0.20370889
vn 0.55539510 -0.79489298 -0.24429784
vn 0.55532594 -0.79493713 -0.24431141
vn 0.41188347 -0.85896553 -0.30418779
vn 0.22689854 -0.90889417 -0.34989776
vn 0.55532594 -0.79493713 -0.24431141
vn 0.59919615 -0.78099498 -0.17609887
vn 0.68299935 -0.72569931 -0.08289992
vn 0.68299935 -0.72569931 -0.08289992
vn 0.64992130 -0.75472473 -0.08940293
vn 0.55532594 -0.79493713 -0.24431141
vn 0.55532594 -0.79493713 -0.24431141
vn 0.32321410 -0.92414032 -0.20370889
vn 0.59919615 -0.78099498 -0.17609887
vn -0.17149923 -0.93619582 -0.30679863
vn -0.10749582 -0.94646315 -0.30438815
vn -0.10749979 -0.94629813 -0.30489940
vn -0.10759863 -0.94628795 -0.30489612
vn -0.19989798 -0.93179057 -0.30299693
vn -0.17159629 -0.93617976 -0.30679337
vn -0.30838683 -0.90906118 -0.28018803
vn -0.19999398 -0.93177194 -0.30299087
vn -0.35100661 -0.89761691 -0.26660502
vn -0.30841487 -0.90904382 -0.28021351
vn -0.40320279 -0.89480619 -0.19170133
vn -0.30838683 -0.90906118 -0.28018803
vn -0.35101597 -0.89764084 -0.26651213
vn -0.35109429 -0.89758540 -0.26659566
vn -0.49098779 -0.85647870 -0.15929604
vn -0.40321052 -0.89482334 -0.19160500
vn -0.52498092 -0.84646924 -0.08879677
vn -0.49098779 -0.85647870 -0.15929604
vn -0.60751416 -0.79251847 -0.05330124
vn -0.52498558 -0.84647675 -0.08869756
vn -0.60751739 -0.79252269 -0.05320152
vn -0.56510756 -0.82301100 0.05750077
vn -0.54208798 -0.83968138 0.03279927
vn -0.54213350 -0.83965189 0.03280203
vn -0.42548108 -0.89646014 0.12379449
vn -0.35381271 -0.92273315 0.15290549
vn -0.35038899 -0.92247103 0.16209491
vn -0.35038331 -0.92245607 0.16219228
vn -0.42801816 -0.89553800 0.12170516
vn -0.42560112 -0.89640235 0.12380032
vn -0.09320134 -0.97101396 0.22010316
vn -0.25770200 -0.94590733 0.19710153
vn -0.27920719 -0.94282429 0.18200469
vn -0.27940175 -0.94280592 0.18180114
vn -0.16999557 -0.96487487 0.20029478
vn -0.09320134 -0.97101396 0.22010316
vn 0.01810000 -0.97830026 0.20640006
vn -0.16999898 -0.96489419 0.20019879
vn -0.00040002 -0.97934236 0.20220875
vn 0.01810038 -0.97832045 0.20630431
vn -0.03819992 -0.98299784 0.17959960
vn -0.00050001 -0.97932251 0.20230465
vn -0.00380009 -0.98212254 0.18820432
vn -0.03829977 -0.98299408 0.17959892
vn -0.15799665 -0.94877989 0.27359420
vn -0.00380009 -0.98212254 0.18820432
vn -0.16890419 -0.94252340 0.28830716
vn -0.15800097 -0.94880584 0.27350168
vn 0.54368618 -0.82827895 -0.13549656
vn 0.48939295 -0.86538753 -0.10769845
vn 0.49440339 -0.86220591 -0.11030076
vn 0.49440339 -0.86220591 -0.11030076
vn 0.54911556 -0.82422335 -0.13830392
vn 0.54379428 -0.82819129 -0.13559857
vn 0.45640610 0.78451049 -0.41980561
vn 0.21899284 0.85737196 -0.46578477
vn 0.22640651 0.91182624 -0.34250986
vn 0.22639876 0.91179500 -0.34259812
vn 0.47109088 0.82168408 -0.32079379
vn 0.45640610 0.78451049 -0.41980561
vn 0.48278789 0.85147864 -0.20469486
vn 0.67463668 0.71813905 -0.17070928
vn 0.62410573 0.72190663 -0.29890275
vn 0.62410573 0.72190663 -0.29890275
vn 0.47109088 0.82168408 -0.32079379
vn 0.48278789 0.85147864 -0.20469486
vn 0.67463668 0.71813905 -0.17070928
vn 0.74733168 0.64722744 -0.15030637
vn 0.68482275 0.67222233 -0.28130934
vn 0.68482275 0.67222233 -0.28130934
vn 0.62410573 0.72190663 -0.29890275
vn 0.67463668 0.71813905 -0.17070928
vn 0.21899284 0.85737196 -0.46578477
vn 0.00040000 0.87479324 -0.48449626
vn 0.00040001 0.93622221 -0.35140834
vn 0.00040001 0.93622221 -0.35140834
vn 0.22639876 0.91179500 -0.34259812
vn 0.21899284 0.85737196 -0.46578477
vn -0.22679634 0.91188529 -0.34209448
vn -0.21940792 0.85703094 -0.46621683
vn -0.45687347 0.78425446 -0.41977562
vn -0.45687347 0.78425446 -0.41977562
vn -0.47120739 0.82161288 -0.32080503
vn -0.22679634 0.91188529 -0.34209448
vn -0.62518979 0.72088823 -0.29909512
vn -0.67519411 0.71759374 -0.17079851
vn -0.48277800 0.85146120 -0.20479067
vn -0.48277800 0.85146120 -0.20479067
vn -0.47120739 0.82161288 -0.32080503
vn -0.62518979 0.72088823 -0.29909512
vn -0.68659759 0.67049765 -0.28109901
vn -0.74831566 0.64611352 -0.15020314
vn -0.67519411 0.71759374 -0.17079851
vn -0.67519411 0.71759374 -0.17079851
vn -0.62518979 0.72088823 -0.29909512
vn -0.68659759 0.67049765 -0.28109901
vn 0.00040002 0.87483562 -0.48441973
vn -0.21938912 0.85705749 -0.46617688
vn -0.22680410 0.91191648 -0.34200618
vn -0.22679634 0.91188529 -0.34209448
vn 0.00040001 0.93622221 -0.35140834
vn 0.00040000 0.87479324 -0.48449626
vn -0.22779561 -0.90778252 0.35219322
vn -0.21879603 -0.86118436 0.45879167
vn -0.45918908 -0.78838125 0.40939026
vn -0.45918908 -0.78838125 0.40939026
vn -0.47311139 -0.81681966 0.33010795
vn -0.22779561 -0.90778252 0.35219322
vn -0.61709397 -0.72529291 0.30519702
vn -0.67797523 -0.71407392 0.17449363
vn -0.48649766 -0.84759592 0.21189898
vn -0.48649766 -0.84759592 0.21189898
vn -0.47311139 -0.81681966 0.33010795
vn -0.61709397 -0.72529291 0.30519702
vn -0.67377535 -0.68147507 0.28568955
vn -0.75091602 -0.64271371 0.15180324
vn -0.67792120 -0.71412233 0.17450546
vn -0.67797523 -0.71407392 0.17449363
vn -0.61709397 -0.72529291 0.30519702
vn -0.67372074 -0.68152098 0.28570880
vn 0.00040002 -0.87823924 0.47822137
vn -0.21871085 -0.86124271 0.45872275
vn -0.22779561 -0.90778252 0.35219322
vn -0.22779561 -0.90778252 0.35219322
vn 0.00040001 -0.93221463 0.36190568
vn 0.00040000 -0.87819724 0.47829850
vn 0.45918908 -0.78838125 0.40939026
vn 0.21839876 -0.86149510 0.45839739
vn 0.22739689 -0.90768759 0.35269518
vn 0.22739689 -0.90768759 0.35269518
vn 0.47347606 -0.81665870 0.32998331
vn 0.45918908 -0.78838125 0.40939026
vn 0.48721740 -0.84723026 0.21170756
vn 0.68252186 -0.70992274 0.17370556
vn 0.62071338 -0.72261558 0.30420656
vn 0.62071338 -0.72261558 0.30420656
vn 0.47339847 -0.81669737 0.32999894
vn 0.48721740 -0.84723026 0.21170756
vn 0.68257527 -0.70987428 0.17369371
vn 0.75792393 -0.63472004 0.15060475
vn 0.68004703 -0.67604675 0.28371962
vn 0.68010078 -0.67600078 0.28370033
vn 0.62066853 -0.72266335 0.30418458
vn 0.68257527 -0.70987428 0.17369371
vn 0.21830353 -0.86151391 0.45840740
vn 0.00040000 -0.87819724 0.47829850
vn 0.00040001 -0.93221463 0.36190568
vn 0.00040001 -0.93221463 0.36190568
vn 0.22739689 -0.90768759 0.35269518
vn 0.21830353 -0.86151391 0.45840740
vn -0.56510756 -0.82301100 0.05750077
vn -0.42801816 -0.89553800 0.12170516
vn 0.21950418 0.97311851 0.06970133
vn 0.48127377 0.87325240 0.07619585
vn 0.48990366 0.86880649 -0.07190054
vn 0.48990366 0.86880649 -0.07190054
vn 0.22280025 0.97100110 -0.08670010
vn 0.21950418 0.97311851 0.06970133
vn 0.48131579 0.87322866 0.07620250
vn 0.64559199 0.75849059 0.08889890
vn 0.66973894 0.74084307 -0.05100297
vn 0.66979408 0.74079345 -0.05099955
vn 0.48990366 0.86880649 -0.07190054
vn 0.48131212 0.87322200 0.07630192
vn 0.64559199 0.75849059 0.08889890
vn 0.68268043 0.72607918 0.08219764
vn 0.72010120 0.69210115 -0.04950008
vn 0.72019918 0.69199921 -0.04949994
vn 0.66973894 0.74084307 -0.05100297
vn 0.64559199 0.75849059 0.08889890
vn 0.22469818 0.94959230 -0.21859823
vn 0.00000000 0.97507093 -0.22189339
vn 0.00000000 0.99605871 -0.08869632
vn 0.00000000 0.99605871 -0.08869632
vn 0.22280025 0.97100110 -0.08670010
vn 0.22469818 0.94959230 -0.21859823
vn -0.48978510 0.86887356 -0.07189781
vn -0.48119326 0.87328777 0.07629893
vn -0.21950418 0.97311851 0.06970133
vn -0.21950418 0.97311851 0.06970133
vn -0.22280025 0.97100110 -0.08670010
vn -0.48978510 0.86887356 -0.07189781
vn -0.66979066 0.74078967 -0.05109929
vn -0.64537739 0.75867342 0.08889689
vn -0.48119326 0.87328777 0.07629893
vn -0.48119326 0.87328777 0.07629893
vn -0.48978510 0.86887356 -0.07189781
vn -0.66979066 0.74078967 -0.05109929
vn -0.72013672 0.69203529 -0.04990254
vn -0.68363359 0.72513563 0.08260406
vn -0.64537739 0.75867342 0.08889689
vn -0.64537739 0.75867342 0.08889689
vn -0.66979066 0.74078967 -0.05109929
vn -0.72013672 0.69203529 -0.04990254
vn 0.00000000 0.97507093 -0.22189339
vn -0.22469818 0.94959230 -0.21859823
vn -0.22280025 0.97100110 -0.08670010
vn -0.22280025 0.97100110 -0.08670010
vn 0.00000000 0.99605871 -0.08869632
vn 0.00000000 0.97507093 -0.22189339
vn -0.49458121 -0.86596711 0.07409719
vn -0.48541031 -0.87061849 -0.08000170
vn -0.22111015 -0.97244465 -0.07390339
vn -0.22111015 -0.97244465 -0.07390339
vn -0.22460299 -0.97031293 0.08970120
vn -0.49457755 -0.86596069 0.07419663
vn -0.67610042 -0.73500045 0.05160003
vn -0.64939533 -0.75509457 -0.09009935
vn -0.48541031 -0.87061849 -0.08000170
vn -0.48541031 -0.87061849 -0.08000170
vn -0.49450201 -0.86600351 0.07420030
vn -0.67610042 -0.73500045 0.05160003
vn -0.72659844 -0.68529853 0.04919989
vn -0.68103603 -0.72743848 -0.08380443
vn -0.65010195 -0.75440226 -0.09080027
vn -0.64939533 -0.75509457 -0.09009935
vn -0.67610042 -0.73500045 0.05160003
vn -0.72659844 -0.68529853 0.04919989
vn 0.00000000 -0.97309622 0.23039910
vn -0.22620717 -0.94733002 0.22670718
vn -0.22460299 -0.97031293 0.08970120
vn -0.22460299 -0.97031293 0.08970120
vn 0.00000000 -0.99576851 0.09189709
vn 0.00000000 -0.97309622 0.23039910
vn 0.22120363 -0.97241595 -0.07400121
vn 0.48541031 -0.87061849 -0.08000170
vn 0.49500814 -0.86571423 0.07420122
vn 0.49500814 -0.86571423 0.07420122
vn 0.22460299 -0.97031293 0.08970120
vn 0.22120363 -0.97241595 -0.07400121
vn 0.48541031 -0.87061849 -0.08000170
vn 0.64992130 -0.75472473 -0.08940293
vn 0.67882547 -0.73242748 0.05240197
vn 0.67882547 -0.73242748 0.05240197
vn 0.49500814 -0.86571423 0.07420122
vn 0.48541031 -0.87061849 -0.08000170
vn 0.64992130 -0.75472473 -0.08940293
vn 0.68299935 -0.72569931 -0.08289992
vn 0.73011717 -0.68141602 0.05100120
vn 0.73016386 -0.68136627 0.05099748
vn 0.67882547 -0.73242748 0.05240197
vn 0.64992130 -0.75472473 -0.08940293
vn 0.22620717 -0.94733002 0.22670718
vn 0.00000000 -0.97309622 0.23039910
vn 0.00000000 -0.99576851 0.09189709
vn 0.00000000 -0.99576851 0.09189709
vn 0.22460299 -0.97031293 0.08970120
vn 0.22620717 -0.94733002 0.22670718
vn -0.35029559 -0.92248839 0.16219796
vn -0.27940175 -0.94280592 0.18180114
vn 0.11649551 -0.97806227 0.17269334
vn 0.11649551 -0.97806227 0.17269334
vn 0.11649551 -0.97806227 0.17269334
vn 0.14740084 -0.94480540 0.29260167
vn 0.14740084 -0.94480540 0.29260167
vn 0.14740084 -0.94480540 0.29260167
vn -0.04300179 -0.97794070 0.20440851
vn -0.04300179 -0.97794070 0.20440851
vn -0.04300179 -0.97794070 0.20440851
vn -0.05000080 -0.98161561 0.18420293
vn -0.05000080 -0.98161561 0.18420293
vn -0.05000080 -0.98161561 0.18420293
vn -0.03270069 -0.97522059 0.21880462
vn -0.03270069 -0.97522059 0.21880462
vn -0.03270069 -0.97522059 0.21880462
vn -0.04219993 -0.97799837 0.20429966
vn -0.04219993 -0.97799837 0.20429966
vn -0.04219993 -0.97799837 0.20429966
vn 0.11980310 -0.96892509 0.21640560
vn 0.11980310 -0.96892509 0.21640560
vn 0.11980310 -0.96892509 0.21640560
vn 0.09649890 -0.97488891 0.20069772
vn 0.09649890 -0.97488891 0.20069772
vn 0.09649890 -0.97488891 0.20069772
vn 0.25440921 -0.94593424 0.20120728
vn 0.25440921 -0.94593424 0.20120728
vn 0.25440921 -0.94593424 0.20120728
vn 0.22461000 -0.95594255 0.18900841
vn 0.22461000 -0.95594255 0.18900841
vn 0.22461000 -0.95594255 0.18900841
vn 0.29448441 -0.93985025 0.17309084
vn 0.29448441 -0.93985025 0.17309084
vn 0.29448441 -0.93985025 0.17309084
vn 0.38181582 -0.90583753 0.18350760
vn 0.38181582 -0.90583753 0.18350760
vn 0.38181582 -0.90583753 0.18350760
vn 0.40329437 -0.90508736 0.13479812
vn 0.40329437 -0.90508736 0.13479812
vn 0.40329437 -0.90508736 0.13479812
vn 0.51991243 -0.84562022 0.12090289
vn 0.51991243 -0.84562022 0.12090289
vn 0.51991243 -0.84562022 0.12090289
vn 0.50870250 -0.85620421 0.09020044
vn 0.50870250 -0.85620421 0.09020044
vn 0.50870250 -0.85620421 0.09020044
vn 0.67727652 -0.73387456 0.05219819
vn 0.67727652 -0.73387456 0.05219819
vn 0.67727652 -0.73387456 0.05219819
vn 0.58667215 -0.80976156 -0.01009952
vn 0.58667215 -0.80976156 -0.01009952
vn 0.58667215 -0.80976156 -0.01009952
vn 0.66827102 -0.74216782 -0.05099779
vn 0.66827102 -0.74216782 -0.05099779
vn 0.66827102 -0.74216782 -0.05099779
vn 0.34430901 -0.91662399 -0.20310532
vn 0.34430901 -0.91662399 -0.20310532
vn 0.34430901 -0.91662399 -0.20310532
vn 0.39748672 -0.88187054 -0.25359153
vn 0.39748672 -0.88187054 -0.25359153
vn 0.39748672 -0.88187054 -0.25359153
vn 0.26458937 -0.91906306 -0.29208826
vn 0.26458937 -0.91906306 -0.29208826
vn 0.26458937 -0.91906306 -0.29208826
vn 0.26479305 -0.91887588 -0.29249232
vn 0.26479305 -0.91887588 -0.29249232
vn 0.26479305 -0.91887588 -0.29249232
vn 0.10880698 -0.94276045 -0.31522021
vn 0.10880698 -0.94276045 -0.31522021
vn 0.10880698 -0.94276045 -0.31522021
vn 0.10749582 -0.94646315 -0.30438815
vn 0.10749582 -0.94646315 -0.30438815
vn 0.10749582 -0.94646315 -0.30438815
vn 0.00000000 0.99855724 -0.05369770
vn 0.00000000 0.99941157 -0.03430040
vn -0.05389748 0.99785337 -0.03719826
vn -0.05389748 0.99785337 -0.03719826
vn 0.00000000 0.99836857 -0.05709820
vn 0.00000000 0.99855724 -0.05369770
vn 0.00000000 -0.99966456 0.02589908
vn 0.00000000 -0.99944202 0.03340140
vn 0.05359932 -0.99808742 0.03079961
vn 0.05359932 -0.99808742 0.03079961
vn 0.00000000 -0.99975579 0.02209902
vn 0.00000000 -0.99966456 0.02589908
vn 0.00000000 0.99941157 -0.03430040
vn 0.00000000 0.99984859 -0.01740085
vn -0.06859826 0.99747468 -0.01839953
vn -0.06859813 0.99747284 -0.01849950
vn -0.05389748 0.99785337 -0.03719826
vn 0.00000000 0.99941157 -0.03430040
vn 0.00000000 -0.99944202 0.03340140
vn 0.00000000 -0.99990751 0.01360010
vn 0.06849771 -0.99756658 0.01299956
vn 0.06849771 -0.99756658 0.01299956
vn 0.05359932 -0.99808742 0.03079961
vn 0.00000000 -0.99944202 0.03340140
vn 0.00000000 0.99984859 -0.01740085
vn 0.00000000 0.99997188 0.00749979
vn -0.07189933 0.99739071 0.00649994
vn -0.07189933 0.99739071 0.00649994
vn -0.06859826 0.99747468 -0.01839953
vn 0.00000000 0.99984859 -0.01740085
vn 0.00000000 -0.99990751 0.01360010
vn 0.00000000 -0.99994275 -0.01070046
vn 0.07179686 -0.99735640 -0.01119951
vn 0.07179686 -0.99735640 -0.01119951
vn 0.06849771 -0.99756658 0.01299956
vn 0.00000000 -0.99990751 0.01360010
vn 0.00000000 0.99997188 0.00749979
vn 0.00000000 0.99954685 0.03010141
vn -0.07780252 0.99653222 0.02950095
vn -0.07780252 0.99653222 0.02950095
vn -0.07189933 0.99739071 0.00649994
vn 0.00000000 0.99997188 0.00749979
vn 0.00000000 -0.99994275 -0.01070046
vn 0.00000000 -0.99947824 -0.03229930
vn 0.07780303 -0.99643884 -0.03250127
vn 0.07780303 -0.99643884 -0.03250127
vn 0.07179686 -0.99735640 -0.01119951
vn 0.00000000 -0.99994275 -0.01070046
vn 0.00000000 0.99954685 0.03010141
vn 0.00000000 0.99810706 0.06150043
vn -0.07859755 0.99506904 0.06049812
vn -0.07879631 0.99505338 0.06049717
vn -0.07780252 0.99653222 0.02950095
vn 0.00000000 0.99954685 0.03010141
vn 0.00000000 -0.99947824 -0.03229930
vn 0.00000000 -0.99761658 -0.06900115
vn 0.07850128 -0.99451626 -0.06910113
vn 0.07850128 -0.99451626 -0.06910113
vn 0.07780303 -0.99643884 -0.03250127
vn 0.00000000 -0.99947824 -0.03229930
vn 0.00000000 0.99810706 0.06150043
vn 0.00000000 0.98687342 0.16149565
vn -0.07690296 0.98383791 0.16170623
vn -0.07690296 0.98383791 0.16170623
vn -0.07859755 0.99506904 0.06049812
vn 0.00000000 0.99811319 0.06140081
vn 0.00000000 -0.99761658 -0.06900115
vn 0.00000000 -0.98417565 -0.17719562
vn 0.07680147 -0.98111879 -0.17750340
vn 0.07680147 -0.98111879 -0.17750340
vn 0.07850128 -0.99451626 -0.06910113
vn 0.00000000 -0.99761658 -0.06900115
vn -0.07690296 0.98383791 0.16170623
vn 0.00000000 0.98687342 0.16149565
vn 0.00000000 0.94114084 0.33801467
vn 0.00000000 0.94114084 0.33801467
vn -0.06549588 0.93804093 0.34027857
vn -0.07690296 0.98383791 0.16170623
vn 0.07680147 -0.98111879 -0.17750340
vn 0.00000000 -0.98417565 -0.17719562
vn 0.00000000 -0.93693192 -0.34951191
vn 0.00000000 -0.93693192 -0.34951191
vn 0.06530052 -0.93420737 -0.35070277
vn 0.07680147 -0.98111879 -0.17750340
vn -0.06550202 0.93802892 0.34031049
vn 0.00000000 0.94114084 0.33801467
vn 0.00000000 0.85749293 0.51449576
vn 0.00000000 0.85749293 0.51449576
vn -0.05690196 0.85552951 0.51461775
vn -0.06549588 0.93804093 0.34027857
vn 0.06530052 -0.93420737 -0.35070277
vn 0.00000000 -0.93693192 -0.34951191
vn 0.00000000 -0.86288897 -0.50539354
vn 0.00000000 -0.86288897 -0.50539354
vn 0.05709836 -0.85917538 -0.50848543
vn 0.06530052 -0.93420737 -0.35070277
vn -0.05690196 0.85552951 0.51461775
vn 0.00000000 0.85749293 0.51449576
vn 0.00010000 0.80643360 0.59132464
vn 0.00010000 0.80643360 0.59132464
vn -0.05520176 0.80432570 0.59161891
vn -0.05690196 0.85552951 0.51461775
vn 0.05709836 -0.85917538 -0.50848543
vn 0.00000000 -0.86288897 -0.50539354
vn 0.00000000 -0.79214416 -0.61033403
vn 0.00000000 -0.79214416 -0.61033403
vn 0.04599987 -0.79229768 -0.60839822
vn 0.05709836 -0.85917538 -0.50848543
vn -0.05520176 0.80432570 0.59161891
vn 0.00010000 0.80643360 0.59132464
vn 0.00000000 0.84637642 0.53258516
vn 0.00000000 0.84637642 0.53258516
vn -0.10840441 0.86203510 0.49512016
vn -0.05520176 0.80432570 0.59161891
vn 0.04600266 -0.79234589 -0.60833523
vn 0.00000000 -0.79214416 -0.61033403
vn 0.00000000 -0.82330303 -0.56760209
vn 0.00000000 -0.82330303 -0.56760209
vn -0.06609871 -0.85118334 -0.52068981
vn 0.04599987 -0.79229768 -0.60839822
vn -0.10840441 0.86203510 0.49512016
vn 0.00000000 0.84637642 0.53258516
vn 0.00000000 0.94522836 0.32640979
vn 0.00000000 0.94522836 0.32640979
vn -0.19930261 0.92611214 0.32030420
vn -0.10839507 0.86206079 0.49507748
vn -0.06609871 -0.85118334 -0.52068981
vn 0.00000000 -0.82330303 -0.56760209
vn 0.00000000 -0.93914646 -0.34351699
vn 0.00000000 -0.93911419 -0.34360519
vn -0.19869299 -0.92186746 -0.33268826
vn -0.06609871 -0.85118334 -0.52068981
vt 0.73663800 0.69968000
vt 0.75014600 0.69968000
vt 0.75014500 0.00730000
vt 0.75014500 0.00730000
vt 0.73663800 0.00730000
vt 0.73663800 0.69968000
vt 0.72364900 0.69968000
vt 0.73663800 0.69968000
vt 0.73663800 0.00730000
vt 0.73663800 0.00730000
vt 0.72364900 0.00730000
vt 0.72364900 0.69968000
vt 0.71167900 0.69968000
vt 0.72364900 0.69968000
vt 0.72364900 0.00730000
vt 0.72364900 0.00730000
vt 0.71167900 0.00730000
vt 0.71167900 0.69968000
vt 0.70118700 0.69968000
vt 0.71167900 0.69968000
vt 0.71167900 0.00730000
vt 0.71167900 0.00730000
vt 0.70118700 0.00730000
vt 0.70118700 0.69968000
vt 0.69069500 0.69968000
vt 0.70118700 0.69968000
vt 0.70118700 0.00730000
vt 0.70118700 0.00730000
vt 0.69069500 0.00730000
vt 0.69069500 0.69968000
vt 0.67872400 0.69968000
vt 0.69069500 0.69968000
vt 0.69069500 0.00730000
vt 0.69069500 0.00730000
vt 0.67872400 0.00730000
vt 0.67872400 0.69968000
vt 0.66573600 0.69968000
vt 0.67872400 0.69968000
vt 0.67872400 0.00730000
vt 0.67872400 0.00730000
vt 0.66573600 0.00730000
vt 0.66573600 0.69968000
vt 0.65222800 0.69968000
vt 0.66573600 0.69968000
vt 0.66573600 0.00730000
vt 0.66573600 0.00730000
vt 0.65222800 0.00730000
vt 0.65222800 0.69968000
vt 0.63872100 0.69968000
vt 0.65222800 0.69968000
vt 0.65222800 0.00730000
vt 0.65222800 0.00730000
vt 0.63872100 0.00730000
vt 0.63872100 0.69968000
vt 0.62573200 0.69968000
vt 0.63872100 0.69968000
vt 0.63872100 0.00730000
vt 0.63872100 0.00730000
vt 0.62573200 0.00730000
vt 0.62573200 0.69968000
vt 0.61376200 0.69968000
vt 0.62573200 0.69968000
vt 0.62573200 0.00730000
vt 0.62573200 0.00730000
vt 0.61376100 0.00730000
vt 0.61376200 0.69968000
vt 0.60327000 0.69968000
vt 0.61376200 0.69968000
vt 0.61376100 0.00730000
vt 0.61376100 0.00730000
vt 0.60326900 0.00730000
vt 0.60327000 0.69968000
vt 0.98444700 0.69968000
vt 0.99493900 0.69968000
vt 0.99493900 0.00730000
vt 0.99493900 0.00730000
vt 0.98444700 0.00730000
vt 0.98444700 0.69968000
vt 0.97247700 0.69968000
vt 0.98444700 0.69968000
vt 0.98444700 0.00730000
vt 0.98444700 0.00730000
vt 0.97247700 0.00730000
vt 0.97247700 0.69968000
vt 0.95948800 0.69968000
vt 0.97247700 0.69968000
vt 0.97247700 0.00730000
vt 0.97247700 0.00730000
vt 0.95948800 0.00730000
vt 0.95948800 0.69968000
vt 0.94598000 0.69968000
vt 0.95948800 0.69968000
vt 0.95948800 0.00730000
vt 0.95948800 0.00730000
vt 0.94598000 0.00730000
vt 0.94598000 0.69968000
vt 0.93247300 0.69968000
vt 0.94598000 0.69968000
vt 0.94598000 0.00730000
vt 0.94598000 0.00730000
vt 0.93247300 0.00730000
vt 0.93247300 0.69968000
vt 0.91948400 0.69968000
vt 0.93247300 0.69968000
vt 0.93247300 0.00730000
vt 0.93247300 0.00730000
vt 0.91948400 0.00730000
vt 0.91948400 0.69968000
vt 0.90751400 0.69968000
vt 0.91948400 0.69968000
vt 0.91948400 0.00730000
vt 0.91948400 0.00730000
vt 0.90751400 0.00730000
vt 0.90751400 0.69968000
vt 0.89702200 0.69968000
vt 0.90751400 0.69968000
vt 0.90751400 0.00730000
vt 0.90751400 0.00730000
vt 0.89702200 0.00730000
vt 0.89702200 0.69968000
vt 0.88653000 0.69968000
vt 0.89702200 0.69968000
vt 0.89702200 0.00730000
vt 0.89702200 0.00730000
vt 0.88652900 0.00730000
vt 0.88653000 0.69968000
vt 0.87455900 0.69968000
vt 0.88653000 0.69968000
vt 0.88652900 0.00730000
vt 0.88652900 0.00730000
vt 0.87455900 0.00730000
vt 0.87455900 0.69968000
vt 0.86157100 0.69968000
vt 0.87455900 0.69968000
vt 0.87455900 0.00730000
vt 0.87455900 0.00730000
vt 0.86157100 0.00730000
vt 0.86157100 0.69968000
vt 0.84806300 0.69968000
vt 0.86157100 0.69968000
vt 0.86157100 0.00730000
vt 0.86157100 0.00730000
vt 0.84806300 0.00730000
vt 0.84806300 0.69968000
vt 0.83455500 0.69968000
vt 0.84806300 0.69968000
vt 0.84806300 0.00730000
vt 0.84806300 0.00730000
vt 0.83455500 0.00730000
vt 0.83455500 0.69968000
vt 0.82156700 0.69968000
vt 0.83455500 0.69968000
vt 0.83455500 0.00730000
vt 0.83455500 0.00730000
vt 0.82156700 0.00730000
vt 0.82156700 0.69968000
vt 0.80959600 0.69968000
vt 0.82156700 0.69968000
vt 0.82156700 0.00730000
vt 0.82156700 0.00730000
vt 0.80959600 0.00730000
vt 0.80959600 0.69968000
vt 0.79910400 0.69968000
vt 0.80959600 0.69968000
vt 0.80959600 0.00730000
vt 0.80959600 0.00730000
vt 0.79910400 0.00730000
vt 0.79910400 0.69968000
vt 0.78861200 0.69968000
vt 0.79910400 0.69968000
vt 0.79910400 0.00730000
vt 0.79910400 0.00730000
vt 0.78861200 0.00730000
vt 0.78861200 0.69968000
vt 0.77664200 0.69968000
vt 0.78861200 0.69968000
vt 0.78861200 0.00730000
vt 0.78861200 0.00730000
vt 0.77664200 0.00730000
vt 0.77664200 0.69968000
vt 0.76365300 0.69968000
vt 0.77664200 0.69968000
vt 0.77664200 0.00730000
vt 0.77664200 0.00730000
vt 0.76365300 0.00730000
vt 0.76365300 0.69968000
vt 0.75014600 0.69968000
vt 0.76365300 0.69968000
vt 0.76365300 0.00730000
vt 0.76365300 0.00730000
vt 0.75014500 0.00730000
vt 0.75014600 0.69968000
vt 0.67105600 0.72339300
vt 0.67809300 0.73116500
vt 0.68186400 0.72425600
vt 0.68186400 0.72425600
vt 0.67556000 0.71792700
vt 0.67105600 0.72339300
vt 0.67809300 0.73116500
vt 0.68429100 0.73995600
vt 0.68681200 0.73169300
vt 0.68681200 0.73169300
vt 0.68186400 0.72425600
vt 0.67809300 0.73116500
vt 0.68429100 0.73995600
vt 0.68970800 0.74969400
vt 0.69021400 0.73995300
vt 0.69021400 0.73995300
vt 0.68681200 0.73169300
vt 0.68429100 0.73995600
vt 0.68970800 0.74969400
vt 0.69192200 0.75765100
vt 0.69194000 0.74871800
vt 0.69194000 0.74871800
vt 0.69021400 0.73995300
vt 0.68970800 0.74969400
vt 0.68970800 0.74969400
vt 0.68643100 0.75911000
vt 0.69016200 0.76640900
vt 0.69016200 0.76640900
vt 0.69192200 0.75765100
vt 0.68970800 0.74969400
vt 0.68643100 0.75911000
vt 0.68162200 0.76829500
vt 0.68672700 0.77465500
vt 0.68672700 0.77465500
vt 0.69016200 0.76640900
vt 0.68643100 0.75911000
vt 0.68162200 0.76829500
vt 0.67546700 0.77689600
vt 0.68174900 0.78207300
vt 0.68174900 0.78207300
vt 0.68672700 0.77465500
vt 0.68162200 0.76829500
vt 0.67546700 0.77689600
vt 0.66820200 0.78458200
vt 0.67542000 0.78837700
vt 0.67542000 0.78837700
vt 0.68174900 0.78207300
vt 0.67546700 0.77689600
vt 0.66820200 0.78458200
vt 0.66010500 0.79105800
vt 0.66798300 0.79332500
vt 0.66798300 0.79332500
vt 0.67542000 0.78837700
vt 0.66820200 0.78458200
vt 0.66010500 0.79105800
vt 0.65148900 0.79607500
vt 0.65972300 0.79672700
vt 0.65972300 0.79672700
vt 0.66798300 0.79332500
vt 0.66010500 0.79105800
vt 0.65148900 0.79607500
vt 0.64202500 0.79843500
vt 0.65095800 0.79845300
vt 0.65095800 0.79845300
vt 0.65972300 0.79672700
vt 0.65148900 0.79607500
vt 0.65148900 0.79607500
vt 0.64089500 0.79262000
vt 0.63326700 0.79667400
vt 0.63326700 0.79667400
vt 0.64202500 0.79843500
vt 0.65148900 0.79607500
vt 0.64089500 0.79262000
vt 0.63108100 0.78821700
vt 0.62502100 0.79324000
vt 0.62502100 0.79324000
vt 0.63326700 0.79667400
vt 0.64089500 0.79262000
vt 0.63108100 0.78821700
vt 0.62210700 0.78279600
vt 0.61760300 0.78826200
vt 0.61760300 0.78826200
vt 0.62502100 0.79324000
vt 0.63108100 0.78821700
vt 0.62210700 0.78279600
vt 0.61507000 0.77502400
vt 0.61129900 0.78193300
vt 0.61129900 0.78193300
vt 0.61760300 0.78826200
vt 0.62210700 0.78279600
vt 0.61507000 0.77502400
vt 0.60887200 0.76623200
vt 0.60635100 0.77449500
vt 0.60635100 0.77449500
vt 0.61129900 0.78193300
vt 0.61507000 0.77502400
vt 0.60887200 0.76623200
vt 0.60345500 0.75649400
vt 0.60294900 0.76623600
vt 0.60635100 0.77449500
vt 0.60345500 0.75649400
vt 0.60124100 0.74853800
vt 0.60122300 0.75747100
vt 0.60122300 0.75747100
vt 0.60294900 0.76623600
vt 0.60345500 0.75649400
vt 0.60345500 0.75649400
vt 0.60673200 0.74707800
vt 0.60300100 0.73978000
vt 0.60300100 0.73978000
vt 0.60124100 0.74853800
vt 0.60345500 0.75649400
vt 0.60673200 0.74707800
vt 0.61154100 0.73789300
vt 0.60643600 0.73153300
vt 0.60643600 0.73153300
vt 0.60300100 0.73978000
vt 0.60673200 0.74707800
vt 0.61154100 0.73789300
vt 0.61769600 0.72929300
vt 0.61141400 0.72411600
vt 0.61141400 0.72411600
vt 0.60643600 0.73153300
vt 0.61154100 0.73789300
vt 0.61769600 0.72929300
vt 0.62496200 0.72160600
vt 0.61774300 0.71781200
vt 0.61774300 0.71781200
vt 0.61141400 0.72411600
vt 0.61769600 0.72929300
vt 0.62496200 0.72160600
vt 0.63305800 0.71513000
vt 0.62518100 0.71286400
vt 0.62518100 0.71286400
vt 0.61774300 0.71781200
vt 0.62496200 0.72160600
vt 0.63305800 0.71513000
vt 0.64167400 0.71011300
vt 0.63344000 0.70946100
vt 0.63344000 0.70946100
vt 0.62518100 0.71286400
vt 0.63305800 0.71513000
vt 0.64167400 0.71011300
vt 0.65113800 0.70775400
vt 0.64220500 0.70773600
vt 0.64220500 0.70773600
vt 0.63344000 0.70946100
vt 0.64167400 0.71011300
vt 0.64167400 0.71011300
vt 0.65226800 0.71356900
vt 0.65989600 0.70951400
vt 0.65989600 0.70951400
vt 0.65113800 0.70775400
vt 0.64167400 0.71011300
vt 0.65226800 0.71356900
vt 0.66208200 0.71797100
vt 0.66814200 0.71294900
vt 0.66814200 0.71294900
vt 0.65989600 0.70951400
vt 0.65226800 0.71356900
vt 0.66208200 0.71797100
vt 0.67105600 0.72339300
vt 0.67556000 0.71792700
vt 0.66814200 0.71294900
vt 0.64539200 0.73529600
vt 0.63695300 0.74516000
vt 0.64658200 0.75309400
vt 0.64658200 0.75309400
vt 0.65517600 0.74266500
vt 0.64539200 0.73529600
vt 0.64658200 0.75309400
vt 0.63695300 0.74516000
vt 0.62888400 0.75533000
vt 0.62888400 0.75533000
vt 0.63798700 0.76352400
vt 0.64658200 0.75309400
vt 0.63798700 0.76352400
vt 0.62888400 0.75533000
vt 0.62149500 0.76541400
vt 0.62149500 0.76541400
vt 0.62972300 0.77355300
vt 0.63798700 0.76352400
vt 0.65387700 0.72611500
vt 0.64539200 0.73529600
vt 0.65517600 0.74266500
vt 0.65517600 0.74266500
vt 0.66344000 0.73263600
vt 0.65387700 0.72611500
vt 0.66208200 0.71797100
vt 0.65387700 0.72611500
vt 0.66344000 0.73263600
vt 0.66344000 0.73263600
vt 0.67105600 0.72339300
vt 0.66208200 0.71797100
vt 0.62972300 0.77355300
vt 0.62149500 0.76541400
vt 0.61507000 0.77502400
vt 0.61507000 0.77502400
vt 0.62210700 0.78279600
vt 0.62972300 0.77355300
vt 0.68162200 0.76829500
vt 0.67308800 0.75941100
vt 0.66583800 0.76896200
vt 0.66583800 0.76896200
vt 0.67546700 0.77689600
vt 0.68162200 0.76829500
vt 0.67308800 0.75941100
vt 0.66427900 0.75085900
vt 0.65621000 0.76102800
vt 0.65621000 0.76102800
vt 0.66583800 0.76896200
vt 0.67308800 0.75941100
vt 0.66427900 0.75085900
vt 0.65517600 0.74266500
vt 0.64658200 0.75309400
vt 0.64658200 0.75309400
vt 0.65621000 0.76102800
vt 0.66427900 0.75085900
vt 0.62732500 0.73722600
vt 0.63531400 0.72828500
vt 0.62496200 0.72160600
vt 0.62496200 0.72160600
vt 0.61769600 0.72929300
vt 0.62732500 0.73722600
vt 0.63695300 0.74516000
vt 0.64539200 0.73529600
vt 0.63531400 0.72828500
vt 0.63531400 0.72828500
vt 0.62732500 0.73722600
vt 0.63695300 0.74516000
vt 0.66583800 0.76896200
vt 0.65784900 0.77790400
vt 0.66820200 0.78458200
vt 0.66820200 0.78458200
vt 0.67546700 0.77689600
vt 0.66583800 0.76896200
vt 0.65621000 0.76102800
vt 0.64777100 0.77089300
vt 0.65784900 0.77790400
vt 0.65784900 0.77790400
vt 0.66583800 0.76896200
vt 0.65621000 0.76102800
vt 0.64658200 0.75309400
vt 0.63798700 0.76352400
vt 0.64777100 0.77089300
vt 0.64777100 0.77089300
vt 0.65621000 0.76102800
vt 0.64658200 0.75309400
vt 0.61154100 0.73789300
vt 0.62007600 0.74677800
vt 0.62732500 0.73722600
vt 0.62732500 0.73722600
vt 0.61769600 0.72929300
vt 0.61154100 0.73789300
vt 0.62007600 0.74677800
vt 0.62888400 0.75533000
vt 0.63695300 0.74516000
vt 0.63695300 0.74516000
vt 0.62732500 0.73722600
vt 0.62007600 0.74677800
vt 0.65784900 0.77790400
vt 0.64942700 0.78589200
vt 0.66010500 0.79105800
vt 0.66010500 0.79105800
vt 0.66820200 0.78458200
vt 0.65784900 0.77790400
vt 0.64777100 0.77089300
vt 0.63928600 0.78007400
vt 0.64942700 0.78589200
vt 0.64942700 0.78589200
vt 0.65784900 0.77790400
vt 0.64777100 0.77089300
vt 0.63798700 0.76352400
vt 0.62972300 0.77355300
vt 0.63928600 0.78007400
vt 0.63928600 0.78007400
vt 0.64777100 0.77089300
vt 0.63798700 0.76352400
vt 0.60673200 0.74707800
vt 0.61384500 0.75657200
vt 0.62007600 0.74677800
vt 0.62007600 0.74677800
vt 0.61154100 0.73789300
vt 0.60673200 0.74707800
vt 0.61384500 0.75657200
vt 0.62149500 0.76541400
vt 0.62888400 0.75533000
vt 0.62888400 0.75533000
vt 0.62007600 0.74677800
vt 0.61384500 0.75657200
vt 0.68643100 0.75911000
vt 0.67931800 0.74961700
vt 0.67308800 0.75941100
vt 0.67308800 0.75941100
vt 0.68162200 0.76829500
vt 0.68643100 0.75911000
vt 0.67931800 0.74961700
vt 0.67166800 0.74077500
vt 0.66427900 0.75085900
vt 0.66427900 0.75085900
vt 0.67308800 0.75941100
vt 0.67931800 0.74961700
vt 0.67166800 0.74077500
vt 0.66344000 0.73263600
vt 0.65517600 0.74266500
vt 0.65517600 0.74266500
vt 0.66427900 0.75085900
vt 0.67166800 0.74077500
vt 0.63531400 0.72828500
vt 0.64373600 0.72029700
vt 0.63305800 0.71513000
vt 0.63305800 0.71513000
vt 0.62496200 0.72160600
vt 0.63531400 0.72828500
vt 0.64539200 0.73529600
vt 0.65387700 0.72611500
vt 0.64373600 0.72029700
vt 0.64373600 0.72029700
vt 0.63531400 0.72828500
vt 0.64539200 0.73529600
vt 0.68970800 0.74969400
vt 0.68429100 0.73995600
vt 0.67931800 0.74961700
vt 0.67931800 0.74961700
vt 0.68643100 0.75911000
vt 0.68970800 0.74969400
vt 0.68429100 0.73995600
vt 0.67809300 0.73116500
vt 0.67166800 0.74077500
vt 0.67166800 0.74077500
vt 0.67931800 0.74961700
vt 0.68429100 0.73995600
vt 0.67809300 0.73116500
vt 0.67105600 0.72339300
vt 0.66344000 0.73263600
vt 0.66344000 0.73263600
vt 0.67166800 0.74077500
vt 0.67809300 0.73116500
vt 0.64373600 0.72029700
vt 0.65226800 0.71356900
vt 0.64167400 0.71011300
vt 0.64167400 0.71011300
vt 0.63305800 0.71513000
vt 0.64373600 0.72029700
vt 0.65387700 0.72611500
vt 0.66208200 0.71797100
vt 0.65226800 0.71356900
vt 0.65226800 0.71356900
vt 0.64373600 0.72029700
vt 0.65387700 0.72611500
vt 0.64942700 0.78589200
vt 0.64089500 0.79262000
vt 0.65148900 0.79607500
vt 0.65148900 0.79607500
vt 0.66010500 0.79105800
vt 0.64942700 0.78589200
vt 0.63928600 0.78007400
vt 0.63108100 0.78821700
vt 0.64089500 0.79262000
vt 0.64089500 0.79262000
vt 0.64942700 0.78589200
vt 0.63928600 0.78007400
vt 0.62972300 0.77355300
vt 0.62210700 0.78279600
vt 0.63108100 0.78821700
vt 0.63108100 0.78821700
vt 0.63928600 0.78007400
vt 0.62972300 0.77355300
vt 0.60345500 0.75649400
vt 0.60887200 0.76623200
vt 0.61384500 0.75657200
vt 0.60673200 0.74707800
vt 0.60887200 0.76623200
vt 0.61507000 0.77502400
vt 0.62149500 0.76541400
vt 0.62149500 0.76541400
vt 0.61384500 0.75657200
vt 0.60887200 0.76623200
vt 0.73858100 0.75309400
vt 0.73074100 0.76260900
vt 0.74095300 0.77071700
vt 0.74095300 0.77071700
vt 0.74892200 0.76161500
vt 0.73858100 0.75309400
vt 0.72083000 0.75413500
vt 0.73074100 0.76260900
vt 0.73858100 0.75309400
vt 0.73858100 0.75309400
vt 0.72824000 0.74457300
vt 0.72083000 0.75413500
vt 0.71160100 0.74562100
vt 0.72083000 0.75413500
vt 0.72824000 0.74457300
vt 0.72824000 0.74457300
vt 0.71829600 0.73638000
vt 0.71160100 0.74562100
vt 0.74892200 0.76161500
vt 0.74095300 0.77071700
vt 0.75107400 0.77814800
vt 0.75107400 0.77814800
vt 0.75886500 0.76980900
vt 0.74892200 0.76161500
vt 0.70340900 0.73739400
vt 0.71160100 0.74562100
vt 0.71829600 0.73638000
vt 0.71829600 0.73638000
vt 0.70913200 0.72882800
vt 0.70340900 0.73739400
vt 0.75886500 0.76980900
vt 0.75107400 0.77814800
vt 0.76071600 0.78461600
vt 0.76071600 0.78461600
vt 0.76802900 0.77736000
vt 0.75886500 0.76980900
vt 0.76210100 0.72455100
vt 0.76983600 0.73184600
vt 0.77386300 0.72425600
vt 0.77386300 0.72425600
vt 0.76755900 0.71792700
vt 0.76210100 0.72455100
vt 0.75426100 0.73406600
vt 0.76326100 0.74209600
vt 0.76983600 0.73184600
vt 0.76983600 0.73184600
vt 0.76210100 0.72455100
vt 0.75426100 0.73406600
vt 0.74642100 0.74358000
vt 0.75633200 0.75205400
vt 0.76326100 0.74209600
vt 0.76326100 0.74209600
vt 0.75426100 0.73406600
vt 0.74642100 0.74358000
vt 0.73858100 0.75309400
vt 0.74892200 0.76161500
vt 0.75633200 0.75205400
vt 0.75633200 0.75205400
vt 0.74642100 0.74358000
vt 0.73858100 0.75309400
vt 0.71702000 0.79324000
vt 0.72370100 0.78783600
vt 0.71506100 0.78163800
vt 0.71506100 0.78163800
vt 0.70960200 0.78826200
vt 0.71702000 0.79324000
vt 0.72370100 0.78783600
vt 0.73250400 0.77942200
vt 0.72290100 0.77212300
vt 0.72290100 0.77212300
vt 0.71506100 0.78163800
vt 0.72370100 0.78783600
vt 0.73250400 0.77942200
vt 0.74095300 0.77071700
vt 0.73074100 0.76260900
vt 0.73074100 0.76260900
vt 0.72290100 0.77212300
vt 0.73250400 0.77942200
vt 0.76014200 0.71294900
vt 0.75346100 0.71835300
vt 0.76210100 0.72455100
vt 0.76210100 0.72455100
vt 0.76755900 0.71792700
vt 0.76014200 0.71294900
vt 0.75346100 0.71835300
vt 0.74465800 0.72676600
vt 0.75426100 0.73406600
vt 0.75426100 0.73406600
vt 0.76210100 0.72455100
vt 0.75346100 0.71835300
vt 0.74465800 0.72676600
vt 0.73620800 0.73547200
vt 0.74642100 0.74358000
vt 0.74642100 0.74358000
vt 0.75426100 0.73406600
vt 0.74465800 0.72676600
vt 0.73620800 0.73547200
vt 0.72824000 0.74457300
vt 0.73858100 0.75309400
vt 0.73858100 0.75309400
vt 0.74642100 0.74358000
vt 0.73620800 0.73547200
vt 0.71506100 0.78163800
vt 0.70732500 0.77434200
vt 0.70329800 0.78193300
vt 0.70329800 0.78193300
vt 0.70960200 0.78826200
vt 0.71506100 0.78163800
vt 0.72290100 0.77212300
vt 0.71390000 0.76409300
vt 0.70732500 0.77434200
vt 0.70732500 0.77434200
vt 0.71506100 0.78163800
vt 0.72290100 0.77212300
vt 0.73074100 0.76260900
vt 0.72083000 0.75413500
vt 0.71390000 0.76409300
vt 0.71390000 0.76409300
vt 0.72290100 0.77212300
vt 0.73074100 0.76260900
vt 0.75189500 0.70951400
vt 0.74425000 0.71349000
vt 0.75346100 0.71835300
vt 0.75346100 0.71835300
vt 0.76014200 0.71294900
vt 0.75189500 0.70951400
vt 0.74425000 0.71349000
vt 0.73482100 0.72047900
vt 0.74465800 0.72676600
vt 0.74465800 0.72676600
vt 0.75346100 0.71835300
vt 0.74425000 0.71349000
vt 0.73482100 0.72047900
vt 0.72608700 0.72804100
vt 0.73620800 0.73547200
vt 0.73620800 0.73547200
vt 0.74465800 0.72676600
vt 0.73482100 0.72047900
vt 0.72608700 0.72804100
vt 0.71829600 0.73638000
vt 0.72824000 0.74457300
vt 0.72824000 0.74457300
vt 0.73620800 0.73547200
vt 0.72608700 0.72804100
vt 0.70732500 0.77434200
vt 0.70079100 0.76623100
vt 0.69835000 0.77449500
vt 0.69835000 0.77449500
vt 0.70329800 0.78193300
vt 0.70732500 0.77434200
vt 0.71390000 0.76409300
vt 0.70584800 0.75564000
vt 0.70079100 0.76623100
vt 0.70079100 0.76623100
vt 0.70732500 0.77434200
vt 0.71390000 0.76409300
vt 0.72083000 0.75413500
vt 0.71160100 0.74562100
vt 0.70584800 0.75564000
vt 0.70584800 0.75564000
vt 0.71390000 0.76409300
vt 0.72083000 0.75413500
vt 0.76983600 0.73184600
vt 0.77637100 0.73995800
vt 0.77881200 0.73169300
vt 0.77881200 0.73169300
vt 0.77386300 0.72425600
vt 0.76983600 0.73184600
vt 0.76326100 0.74209600
vt 0.77131400 0.75054900
vt 0.77637100 0.73995800
vt 0.77637100 0.73995800
vt 0.76983600 0.73184600
vt 0.76326100 0.74209600
vt 0.75633200 0.75205400
vt 0.76556100 0.76056800
vt 0.77131400 0.75054900
vt 0.77131400 0.75054900
vt 0.76326100 0.74209600
vt 0.75633200 0.75205400
vt 0.74892200 0.76161500
vt 0.75886500 0.76980900
vt 0.76556100 0.76056800
vt 0.76556100 0.76056800
vt 0.75633200 0.75205400
vt 0.74892200 0.76161500
vt 0.72526600 0.79667500
vt 0.73291200 0.79269900
vt 0.72370100 0.78783600
vt 0.72370100 0.78783600
vt 0.71702000 0.79324000
vt 0.72526600 0.79667500
vt 0.73291200 0.79269900
vt 0.74234100 0.78571000
vt 0.73250400 0.77942200
vt 0.73250400 0.77942200
vt 0.72370100 0.78783600
vt 0.73291200 0.79269900
vt 0.74234100 0.78571000
vt 0.75107400 0.77814800
vt 0.74095300 0.77071700
vt 0.74095300 0.77071700
vt 0.73250400 0.77942200
vt 0.74234100 0.78571000
vt 0.74313800 0.70775400
vt 0.73482100 0.71014900
vt 0.74425000 0.71349000
vt 0.74425000 0.71349000
vt 0.75189500 0.70951400
vt 0.74313800 0.70775400
vt 0.73482100 0.71014900
vt 0.72512900 0.71544500
vt 0.73482100 0.72047900
vt 0.73482100 0.72047900
vt 0.74425000 0.71349000
vt 0.73482100 0.71014900
vt 0.72512900 0.71544500
vt 0.71644600 0.72157300
vt 0.72608700 0.72804100
vt 0.72608700 0.72804100
vt 0.73482100 0.72047900
vt 0.72512900 0.71544500
vt 0.71644600 0.72157300
vt 0.70913200 0.72882800
vt 0.71829600 0.73638000
vt 0.71829600 0.73638000
vt 0.72608700 0.72804100
vt 0.71644600 0.72157300
vt 0.70079100 0.76623100
vt 0.69570800 0.75761400
vt 0.69494800 0.76623600
vt 0.69494800 0.76623600
vt 0.69835000 0.77449500
vt 0.70079100 0.76623100
vt 0.70584800 0.75564000
vt 0.69905400 0.74708800
vt 0.69570800 0.75761400
vt 0.69570800 0.75761400
vt 0.70079100 0.76623100
vt 0.70584800 0.75564000
vt 0.71160100 0.74562100
vt 0.70340900 0.73739400
vt 0.69905400 0.74708800
vt 0.69905400 0.74708800
vt 0.70584800 0.75564000
vt 0.71160100 0.74562100
vt 0.77637100 0.73995800
vt 0.78145300 0.74857500
vt 0.78221400 0.73995300
vt 0.78221400 0.73995300
vt 0.77881200 0.73169300
vt 0.77637100 0.73995800
vt 0.77131400 0.75054900
vt 0.77810800 0.75910000
vt 0.78145300 0.74857500
vt 0.78145300 0.74857500
vt 0.77637100 0.73995800
vt 0.77131400 0.75054900
vt 0.76556100 0.76056800
vt 0.77375300 0.76879400
vt 0.77810800 0.75910000
vt 0.77810800 0.75910000
vt 0.77131400 0.75054900
vt 0.76556100 0.76056800
vt 0.75886500 0.76980900
vt 0.76802900 0.77736000
vt 0.77375300 0.76879400
vt 0.77375300 0.76879400
vt 0.76556100 0.76056800
vt 0.75886500 0.76980900
vt 0.73402400 0.79843500
vt 0.74234100 0.79604000
vt 0.73291200 0.79269900
vt 0.73291200 0.79269900
vt 0.72526600 0.79667500
vt 0.73402400 0.79843500
vt 0.74234100 0.79604000
vt 0.75203300 0.79074400
vt 0.74234100 0.78571000
vt 0.74234100 0.78571000
vt 0.73291200 0.79269900
vt 0.74234100 0.79604000
vt 0.75203300 0.79074400
vt 0.76071600 0.78461600
vt 0.75107400 0.77814800
vt 0.75107400 0.77814800
vt 0.74234100 0.78571000
vt 0.75203300 0.79074400
vt 0.69322300 0.75747100
vt 0.69494800 0.76623600
vt 0.69570800 0.75761400
vt 0.69570800 0.75761400
vt 0.69324000 0.74853800
vt 0.69322300 0.75747100
vt 0.69324000 0.74853800
vt 0.69570800 0.75761400
vt 0.69905400 0.74708800
vt 0.69905400 0.74708800
vt 0.69500100 0.73978000
vt 0.69324000 0.74853800
vt 0.69500100 0.73978000
vt 0.69905400 0.74708800
vt 0.70340900 0.73739400
vt 0.70340900 0.73739400
vt 0.69843500 0.73153400
vt 0.69500100 0.73978000
vt 0.69843500 0.73153400
vt 0.70340900 0.73739400
vt 0.70913200 0.72882800
vt 0.70913200 0.72882800
vt 0.70341300 0.72411600
vt 0.69843500 0.73153400
vt 0.70974200 0.71781200
vt 0.70341300 0.72411600
vt 0.70913200 0.72882800
vt 0.70913200 0.72882800
vt 0.71644600 0.72157300
vt 0.70974200 0.71781200
vt 0.71718000 0.71286400
vt 0.70974200 0.71781200
vt 0.71644600 0.72157300
vt 0.71644600 0.72157300
vt 0.72512900 0.71544500
vt 0.71718000 0.71286400
vt 0.72544000 0.70946200
vt 0.71718000 0.71286400
vt 0.72512900 0.71544500
vt 0.72512900 0.71544500
vt 0.73482100 0.71014900
vt 0.72544000 0.70946200
vt 0.73420500 0.70773600
vt 0.72544000 0.70946200
vt 0.73482100 0.71014900
vt 0.73482100 0.71014900
vt 0.74313800 0.70775400
vt 0.73420500 0.70773600
vt 0.78393900 0.74871800
vt 0.78221400 0.73995300
vt 0.78145300 0.74857500
vt 0.78145300 0.74857500
vt 0.78392100 0.75765100
vt 0.78393900 0.74871800
vt 0.74295700 0.79845300
vt 0.75172200 0.79672700
vt 0.74234100 0.79604000
vt 0.74234100 0.79604000
vt 0.73402400 0.79843500
vt 0.74295700 0.79845300
vt 0.75172200 0.79672700
vt 0.75998200 0.79332500
vt 0.75203300 0.79074400
vt 0.75203300 0.79074400
vt 0.74234100 0.79604000
vt 0.75172200 0.79672700
vt 0.75998200 0.79332500
vt 0.76741900 0.78837700
vt 0.76071600 0.78461600
vt 0.76071600 0.78461600
vt 0.75203300 0.79074400
vt 0.75998200 0.79332500
vt 0.76741900 0.78837700
vt 0.77374900 0.78207300
vt 0.76802900 0.77736000
vt 0.76802900 0.77736000
vt 0.76071600 0.78461600
vt 0.76741900 0.78837700
vt 0.77872600 0.77465500
vt 0.77375300 0.76879400
vt 0.76802900 0.77736000
vt 0.76802900 0.77736000
vt 0.77374900 0.78207300
vt 0.77872600 0.77465500
vt 0.78216100 0.76640900
vt 0.77810800 0.75910000
vt 0.77375300 0.76879400
vt 0.77375300 0.76879400
vt 0.77872600 0.77465500
vt 0.78216100 0.76640900
vt 0.78392100 0.75765100
vt 0.78145300 0.74857500
vt 0.77810800 0.75910000
vt 0.77810800 0.75910000
vt 0.78216100 0.76640900
vt 0.78392100 0.75765100
vt 0.83934000 0.73179200
vt 0.83934000 0.73423400
vt 0.90547800 0.73423400
vt 0.90547800 0.73423400
vt 0.90547800 0.73179200
vt 0.83934000 0.73179200
vt 0.83934000 0.72936200
vt 0.90547800 0.73179200
vt 0.90547800 0.72936200
vt 0.83934000 0.72936200
vt 0.83934000 0.72690700
vt 0.90547800 0.72936200
vt 0.90547800 0.72690700
vt 0.83934000 0.72690700
vt 0.83934000 0.72445300
vt 0.90547800 0.72690700
vt 0.90547800 0.72445300
vt 0.83934000 0.72445300
vt 0.83934000 0.72202700
vt 0.90547800 0.72202700
vt 0.83934000 0.71958800
vt 0.90547800 0.72202700
vt 0.90547800 0.71958800
vt 0.83934000 0.71958800
vt 0.83086900 0.73179200
vt 0.83086900 0.73423400
vt 0.83934000 0.73423400
vt 0.83934000 0.73423400
vt 0.83934000 0.73179200
vt 0.83086900 0.73179200
vt 0.83086900 0.72936200
vt 0.83934000 0.73179200
vt 0.83934000 0.72936200
vt 0.83086900 0.72936200
vt 0.83086900 0.72690700
vt 0.83934000 0.72936200
vt 0.83934000 0.72690700
vt 0.83086900 0.72690700
vt 0.83086900 0.72445300
vt 0.83934000 0.72690700
vt 0.83934000 0.72445300
vt 0.83086900 0.72445300
vt 0.83086900 0.72202700
vt 0.83934000 0.72445300
vt 0.83934000 0.72202700
vt 0.83086900 0.72202700
vt 0.83086900 0.71958800
vt 0.83934000 0.72202700
vt 0.83934000 0.71958800
vt 0.83086900 0.71958800
vt 0.82414900 0.73179200
vt 0.82414900 0.73423400
vt 0.83086900 0.73423400
vt 0.83086900 0.73423400
vt 0.83086900 0.73179200
vt 0.82414900 0.73179200
vt 0.82414900 0.72936200
vt 0.83086900 0.73179200
vt 0.83086900 0.72936200
vt 0.82414900 0.72936200
vt 0.82414900 0.72690700
vt 0.83086900 0.72936200
vt 0.83086900 0.72690700
vt 0.82414900 0.72690700
vt 0.82414900 0.72445300
vt 0.83086900 0.72690700
vt 0.83086900 0.72445300
vt 0.82414900 0.72445300
vt 0.82414900 0.72202700
vt 0.83086900 0.72445300
vt 0.83086900 0.72202700
vt 0.82414900 0.72202700
vt 0.82414900 0.71958800
vt 0.83086900 0.72202700
vt 0.83086900 0.71958800
vt 0.82414900 0.71958800
vt 0.81628700 0.73179200
vt 0.81628700 0.73423400
vt 0.82414900 0.73423400
vt 0.82414900 0.73423400
vt 0.82414900 0.73179200
vt 0.81628700 0.73179200
vt 0.81628700 0.72936200
vt 0.82414900 0.73179200
vt 0.82414900 0.72936200
vt 0.81628700 0.72936200
vt 0.81628700 0.72690700
vt 0.82414900 0.72936200
vt 0.82414900 0.72690700
vt 0.81628700 0.72690700
vt 0.81628700 0.72445300
vt 0.82414900 0.72690700
vt 0.82414900 0.72445300
vt 0.81628700 0.72445300
vt 0.81628700 0.72202700
vt 0.82414900 0.72445300
vt 0.82414900 0.72202700
vt 0.81628700 0.72202700
vt 0.81628700 0.71958800
vt 0.82414900 0.72202700
vt 0.82414900 0.71958800
vt 0.81628700 0.71958800
vt 0.80790700 0.73179200
vt 0.80790700 0.73423400
vt 0.81628700 0.73423400
vt 0.81628700 0.73423400
vt 0.81628700 0.73179200
vt 0.80790700 0.73179200
vt 0.80790700 0.72936200
vt 0.81628700 0.73179200
vt 0.81628700 0.72936200
vt 0.80790700 0.72936200
vt 0.80790700 0.72690700
vt 0.81628700 0.72936200
vt 0.81628700 0.72690700
vt 0.80790700 0.72690700
vt 0.80790700 0.72445300
vt 0.81628700 0.72690700
vt 0.81628700 0.72445300
vt 0.80790700 0.72445300
vt 0.80790700 0.72202700
vt 0.81628700 0.72445300
vt 0.81628700 0.72202700
vt 0.80790700 0.72202700
vt 0.80790700 0.71958800
vt 0.81628700 0.72202700
vt 0.81628700 0.71958800
vt 0.80790700 0.71958800
vt 0.79978900 0.73423400
vt 0.80790700 0.73423400
vt 0.80790700 0.73179200
vt 0.80790700 0.73179200
vt 0.79978900 0.73179200
vt 0.79978900 0.73423400
vt 0.80790700 0.72936200
vt 0.80790700 0.72936200
vt 0.79978900 0.72936200
vt 0.79978900 0.73179200
vt 0.80790700 0.72690700
vt 0.80790700 0.72690700
vt 0.79978900 0.72690700
vt 0.79978900 0.72936200
vt 0.79978900 0.72445300
vt 0.80790700 0.72690700
vt 0.80790700 0.72445300
vt 0.79978900 0.72445300
vt 0.79978900 0.72202700
vt 0.80790700 0.72445300
vt 0.80790700 0.72202700
vt 0.79978900 0.72202700
vt 0.79978900 0.71958800
vt 0.80790700 0.72202700
vt 0.80790700 0.71958800
vt 0.79978900 0.71958800
vt 0.78230200 0.73179200
vt 0.78230200 0.73423400
vt 0.79031700 0.73423400
vt 0.79031700 0.73423400
vt 0.79031700 0.73179200
vt 0.78230200 0.73179200
vt 0.78230200 0.72936200
vt 0.79031700 0.73179200
vt 0.79031700 0.72936200
vt 0.78230200 0.72936200
vt 0.78230200 0.72690700
vt 0.79031700 0.72936200
vt 0.79031700 0.72690700
vt 0.78230200 0.72690700
vt 0.78230200 0.72445300
vt 0.79031700 0.72690700
vt 0.79031700 0.72445300
vt 0.78230200 0.72445300
vt 0.78230200 0.72202700
vt 0.79031700 0.72445300
vt 0.79031700 0.72202700
vt 0.78230200 0.72202700
vt 0.78230200 0.71958800
vt 0.79031700 0.72202700
vt 0.79031700 0.71958800
vt 0.78230200 0.71958800
vt 0.79031700 0.73423400
vt 0.79978900 0.73423400
vt 0.79978900 0.73179200
vt 0.79978900 0.73179200
vt 0.79031700 0.73179200
vt 0.79031700 0.73423400
vt 0.79978900 0.72936200
vt 0.79978900 0.72936200
vt 0.79031700 0.72936200
vt 0.79031700 0.73179200
vt 0.79978900 0.72690700
vt 0.79978900 0.72690700
vt 0.79031700 0.72690700
vt 0.79031700 0.72936200
vt 0.79978900 0.72690700
vt 0.79978900 0.72445300
vt 0.79031700 0.72445300
vt 0.79031700 0.72445300
vt 0.79978900 0.72445300
vt 0.79978900 0.72202700
vt 0.79031700 0.72202700
vt 0.79031700 0.72202700
vt 0.79978900 0.72202700
vt 0.79978900 0.71958800
vt 0.79031700 0.71958800
vt 0.79031700 0.71958800
vt 0.83889100 0.70638700
vt 0.90449700 0.70638700
vt 0.90449700 0.70394400
vt 0.90449700 0.70394400
vt 0.83889100 0.70394400
vt 0.83889100 0.70638700
vt 0.83889100 0.70881800
vt 0.90449700 0.70881800
vt 0.90449700 0.70638700
vt 0.83889100 0.70881800
vt 0.83889100 0.71127600
vt 0.90449700 0.71127600
vt 0.90449700 0.70881800
vt 0.83889100 0.71127600
vt 0.83889100 0.71373600
vt 0.90449700 0.71373600
vt 0.90449700 0.71127600
vt 0.83889100 0.71373600
vt 0.83889100 0.71617300
vt 0.90449700 0.71617300
vt 0.90449700 0.71373600
vt 0.83889100 0.71617300
vt 0.83889100 0.71862100
vt 0.90449700 0.71862100
vt 0.90449700 0.71617300
vt 0.83889100 0.71862100
vt 0.83048800 0.70638700
vt 0.83889100 0.70638700
vt 0.83889100 0.70394400
vt 0.83889100 0.70394400
vt 0.83048800 0.70394400
vt 0.83048800 0.70638700
vt 0.83048800 0.70881800
vt 0.83889100 0.70881800
vt 0.83889100 0.70638700
vt 0.83048800 0.70881800
vt 0.83048800 0.71127600
vt 0.83889100 0.71127600
vt 0.83889100 0.70881800
vt 0.83048800 0.71127600
vt 0.83048800 0.71373600
vt 0.83889100 0.71373600
vt 0.83889100 0.71127600
vt 0.83048800 0.71373600
vt 0.83048800 0.71617300
vt 0.83889100 0.71617300
vt 0.83889100 0.71373600
vt 0.83048800 0.71617300
vt 0.83048800 0.71862100
vt 0.83889100 0.71862100
vt 0.83889100 0.71617300
vt 0.83048800 0.71862100
vt 0.82382300 0.70638700
vt 0.83048800 0.70638700
vt 0.83048800 0.70394400
vt 0.83048800 0.70394400
vt 0.82382300 0.70394400
vt 0.82382300 0.70638700
vt 0.82382300 0.70881800
vt 0.83048800 0.70881800
vt 0.83048800 0.70638700
vt 0.82382300 0.70881800
vt 0.82382300 0.71127600
vt 0.83048800 0.71127600
vt 0.83048800 0.70881800
vt 0.82382300 0.71127600
vt 0.82382300 0.71373600
vt 0.83048800 0.71373600
vt 0.83048800 0.71127600
vt 0.82382300 0.71373600
vt 0.82382300 0.71617300
vt 0.83048800 0.71617300
vt 0.83048800 0.71373600
vt 0.82382300 0.71617300
vt 0.82382300 0.71862100
vt 0.83048800 0.71862100
vt 0.83048800 0.71617300
vt 0.82382300 0.71862100
vt 0.81602500 0.70638700
vt 0.82382300 0.70638700
vt 0.82382300 0.70394400
vt 0.82382300 0.70394400
vt 0.81602500 0.70394400
vt 0.81602500 0.70638700
vt 0.81602500 0.70881800
vt 0.82382300 0.70881800
vt 0.82382300 0.70638700
vt 0.81602500 0.70881800
vt 0.81602500 0.71127600
vt 0.82382300 0.71127600
vt 0.82382300 0.70881800
vt 0.81602500 0.71127600
vt 0.81602500 0.71373600
vt 0.82382300 0.71373600
vt 0.82382300 0.71127600
vt 0.81602500 0.71373600
vt 0.81602500 0.71617300
vt 0.82382300 0.71617300
vt 0.82382300 0.71373600
vt 0.81602500 0.71617300
vt 0.81602500 0.71862100
vt 0.82382300 0.71862100
vt 0.82382300 0.71617300
vt 0.81602500 0.71862100
vt 0.80771200 0.70638700
vt 0.81602500 0.70638700
vt 0.81602500 0.70394400
vt 0.81602500 0.70394400
vt 0.80771200 0.70394400
vt 0.80771200 0.70638700
vt 0.80771200 0.70881800
vt 0.81602500 0.70881800
vt 0.81602500 0.70638700
vt 0.80771200 0.70881800
vt 0.80771200 0.71127600
vt 0.81602500 0.71127600
vt 0.81602500 0.70881800
vt 0.80771200 0.71127600
vt 0.80771200 0.71373600
vt 0.81602500 0.71373600
vt 0.81602500 0.71127600
vt 0.80771200 0.71373600
vt 0.80771200 0.71617300
vt 0.81602500 0.71617300
vt 0.81602500 0.71373600
vt 0.80771200 0.71617300
vt 0.80771200 0.71862100
vt 0.81602500 0.71862100
vt 0.81602500 0.71617300
vt 0.80771200 0.71862100
vt 0.79965900 0.70394400
vt 0.79965900 0.70638700
vt 0.80771200 0.70638700
vt 0.80771200 0.70638700
vt 0.80771200 0.70394400
vt 0.79965900 0.70394400
vt 0.79965900 0.70638700
vt 0.79965900 0.70881800
vt 0.80771200 0.70881800
vt 0.80771200 0.70881800
vt 0.79965900 0.70881800
vt 0.79965900 0.71127600
vt 0.80771200 0.71127600
vt 0.80771200 0.71127600
vt 0.79965900 0.71373600
vt 0.80771200 0.71373600
vt 0.80771200 0.71127600
vt 0.79965900 0.71373600
vt 0.79965900 0.71617300
vt 0.80771200 0.71617300
vt 0.80771200 0.71373600
vt 0.79965900 0.71617300
vt 0.79965900 0.71862100
vt 0.80771200 0.71862100
vt 0.80771200 0.71617300
vt 0.79965900 0.71862100
vt 0.78231500 0.70638700
vt 0.79026500 0.70638700
vt 0.79026500 0.70394400
vt 0.79026500 0.70394400
vt 0.78231500 0.70394400
vt 0.78231500 0.70638700
vt 0.78231500 0.70881800
vt 0.79026500 0.70881800
vt 0.79026500 0.70638700
vt 0.78231500 0.70881800
vt 0.78231500 0.71127600
vt 0.79026500 0.71127600
vt 0.79026500 0.70881800
vt 0.78231500 0.71127600
vt 0.78231500 0.71373600
vt 0.79026500 0.71373600
vt 0.79026500 0.71127600
vt 0.78231500 0.71373600
vt 0.78231500 0.71617300
vt 0.79026500 0.71617300
vt 0.79026500 0.71373600
vt 0.78231500 0.71617300
vt 0.78231500 0.71862100
vt 0.79026500 0.71862100
vt 0.79026500 0.71617300
vt 0.78231500 0.71862100
vt 0.79026500 0.70394400
vt 0.79026500 0.70638700
vt 0.79965900 0.70638700
vt 0.79965900 0.70638700
vt 0.79965900 0.70394400
vt 0.79026500 0.70394400
vt 0.79026500 0.70638700
vt 0.79026500 0.70881800
vt 0.79965900 0.70881800
vt 0.79965900 0.70881800
vt 0.79026500 0.70881800
vt 0.79026500 0.71127600
vt 0.79965900 0.71127600
vt 0.79965900 0.71127600
vt 0.79026500 0.71373600
vt 0.79026500 0.71373600
vt 0.79965900 0.71373600
vt 0.79965900 0.71127600
vt 0.79026500 0.71617300
vt 0.79026500 0.71617300
vt 0.79965900 0.71617300
vt 0.79965900 0.71373600
vt 0.79026500 0.71862100
vt 0.79026500 0.71862100
vt 0.79965900 0.71862100
vt 0.79965900 0.71617300
vt 0.46756300 0.02783200
vt 0.47881100 0.02783200
vt 0.47881100 0.00750500
vt 0.47881100 0.00750500
vt 0.46756300 0.00750500
vt 0.46756300 0.02783200
vt 0.49364800 0.47398200
vt 0.48240000 0.47398200
vt 0.48240000 0.48824000
vt 0.48240000 0.48824000
vt 0.49364800 0.48824000
vt 0.49364800 0.47398200
vt 0.04097600 0.48876600
vt 0.00390900 0.48883500
vt 0.01360000 0.58051800
vt 0.01360000 0.58051800
vt 0.04118900 0.58110700
vt 0.04097600 0.48876600
vt 0.55878200 0.53415800
vt 0.59606500 0.53512700
vt 0.58882300 0.44613000
vt 0.58882300 0.44613000
vt 0.56106100 0.44609200
vt 0.55878200 0.53415800
vt 0.46756300 0.05264000
vt 0.47881100 0.05264000
vt 0.47881100 0.02783200
vt 0.46756300 0.05264000
vt 0.49364800 0.46276700
vt 0.48240000 0.46276700
vt 0.48240000 0.47398200
vt 0.49364800 0.46276700
vt 0.04118900 0.58110700
vt 0.01360000 0.58051800
vt 0.01711300 0.65598700
vt 0.01711300 0.65598700
vt 0.04135000 0.65662800
vt 0.04118900 0.58110700
vt 0.56106100 0.44609200
vt 0.58882300 0.44613000
vt 0.58736100 0.37050100
vt 0.58736100 0.37050100
vt 0.56297100 0.37064000
vt 0.56106100 0.44609200
vt 0.46756300 0.07066200
vt 0.47881100 0.07066200
vt 0.47881100 0.05264000
vt 0.46756300 0.07066200
vt 0.49364800 0.45361000
vt 0.48240000 0.45361000
vt 0.48240000 0.46276700
vt 0.49364800 0.45361000
vt 0.04135000 0.65662800
vt 0.01711300 0.65598700
vt 0.01931800 0.71976200
vt 0.01931800 0.71976200
vt 0.04143700 0.72025700
vt 0.04135000 0.65662800
vt 0.56297100 0.37064000
vt 0.58736100 0.37050100
vt 0.58665100 0.30497100
vt 0.58665100 0.30497100
vt 0.56439400 0.30511300
vt 0.56297100 0.37064000
vt 0.46756300 0.08660800
vt 0.47881100 0.08660800
vt 0.47881100 0.07066200
vt 0.46756300 0.08660800
vt 0.49364800 0.44439500
vt 0.48240000 0.44439500
vt 0.48240000 0.45361000
vt 0.49364800 0.44439500
vt 0.04143700 0.72025700
vt 0.01931800 0.71976200
vt 0.02055400 0.78522200
vt 0.02055400 0.78522200
vt 0.04141400 0.78556600
vt 0.04143700 0.72025700
vt 0.56439400 0.30511300
vt 0.58665100 0.30497100
vt 0.58630000 0.23751700
vt 0.58630000 0.23751700
vt 0.56530800 0.23770900
vt 0.56439400 0.30511300
vt 0.46756300 0.10035800
vt 0.47881100 0.10035800
vt 0.47881100 0.08660800
vt 0.46756300 0.10035800
vt 0.49364800 0.43579700
vt 0.48240000 0.43579700
vt 0.48240000 0.44439500
vt 0.49364800 0.43579700
vt 0.04141400 0.78556600
vt 0.02055400 0.78522200
vt 0.02138400 0.84069300
vt 0.02138400 0.84069300
vt 0.04121100 0.84110400
vt 0.04141400 0.78556600
vt 0.56530800 0.23770900
vt 0.58630000 0.23751700
vt 0.58524400 0.18049300
vt 0.58524400 0.18049300
vt 0.56527800 0.18101500
vt 0.56530800 0.23770900
vt 0.46756300 0.11052900
vt 0.47881100 0.11052900
vt 0.47881100 0.10035800
vt 0.46756300 0.11052900
vt 0.49364800 0.42898600
vt 0.48240000 0.42898600
vt 0.48240000 0.43579700
vt 0.49364800 0.42898600
vt 0.04121100 0.84110400
vt 0.02138400 0.84069300
vt 0.02156600 0.87712100
vt 0.02156600 0.87712100
vt 0.04088100 0.87757700
vt 0.04121100 0.84110400
vt 0.56527800 0.18101500
vt 0.58524400 0.18049300
vt 0.58399200 0.14201200
vt 0.58399200 0.14201200
vt 0.56451200 0.14297200
vt 0.56527800 0.18101500
vt 0.46756300 0.11947400
vt 0.47881100 0.11947400
vt 0.47881100 0.11052900
vt 0.46756300 0.11947400
vt 0.49364800 0.42178300
vt 0.48240000 0.42178300
vt 0.48240000 0.42898600
vt 0.49364800 0.42178300
vt 0.02156600 0.87712100
vt 0.02019100 0.90645700
vt 0.04041900 0.90715100
vt 0.04041900 0.90715100
vt 0.04088100 0.87757700
vt 0.02156600 0.87712100
vt 0.58399200 0.14201200
vt 0.58323100 0.11084900
vt 0.56288900 0.11200500
vt 0.56288900 0.11200500
vt 0.56451200 0.14297200
vt 0.58399200 0.14201200
vt 0.46756300 0.12970800
vt 0.47881100 0.12970800
vt 0.47881100 0.11947400
vt 0.46756300 0.12970800
vt 0.49364800 0.41359800
vt 0.48240000 0.41359800
vt 0.48240000 0.42178300
vt 0.49364800 0.41359800
vt 0.02019100 0.90645700
vt 0.01793300 0.93710500
vt 0.03953600 0.93814300
vt 0.03953600 0.93814300
vt 0.04041900 0.90715100
vt 0.02019100 0.90645700
vt 0.58323100 0.11084900
vt 0.58365900 0.07956500
vt 0.56183300 0.08063600
vt 0.56183300 0.08063600
vt 0.56288900 0.11200500
vt 0.58323100 0.11084900
vt 0.46756300 0.14211000
vt 0.47881100 0.14211000
vt 0.47881100 0.12970800
vt 0.46756300 0.14211000
vt 0.49364800 0.40439800
vt 0.48240000 0.40439800
vt 0.48240000 0.41359800
vt 0.49364800 0.40439800
vt 0.01793300 0.93710500
vt 0.01587900 0.96519900
vt 0.03955900 0.96623400
vt 0.03955900 0.96623400
vt 0.03953600 0.93814300
vt 0.01793300 0.93710500
vt 0.58365900 0.07956500
vt 0.58491700 0.04974700
vt 0.56118800 0.05069400
vt 0.56118800 0.05069400
vt 0.56183300 0.08063600
vt 0.58365900 0.07956500
vt 0.46756300 0.15947900
vt 0.47881100 0.15947900
vt 0.47881100 0.14211000
vt 0.46756300 0.15947900
vt 0.49364800 0.39211400
vt 0.48240000 0.39211400
vt 0.48240000 0.40439800
vt 0.49364800 0.39211400
vt 0.01587900 0.96519900
vt 0.00962000 0.99434300
vt 0.03968400 0.99406500
vt 0.03968400 0.99406500
vt 0.03955900 0.96623400
vt 0.01587900 0.96519900
vt 0.58491700 0.04974700
vt 0.59062500 0.01410100
vt 0.56080200 0.01382500
vt 0.56080200 0.01382500
vt 0.56118800 0.05069400
vt 0.58491700 0.04974700
vt 0.33508600 0.67800400
vt 0.27765700 0.67611100
vt 0.27893700 0.73917600
vt 0.27893700 0.73917600
vt 0.33548200 0.73924700
vt 0.33508600 0.67800400
vt 0.27765700 0.67611100
vt 0.23515000 0.67283400
vt 0.23550400 0.73989100
vt 0.23550400 0.73989100
vt 0.27893700 0.73917600
vt 0.27765700 0.67611100
vt 0.23515000 0.67283400
vt 0.20220300 0.66955100
vt 0.20241100 0.74163500
vt 0.20241100 0.74163500
vt 0.23550400 0.73989100
vt 0.23515000 0.67283400
vt 0.33589000 0.53974100
vt 0.29148300 0.53946300
vt 0.28087200 0.61273300
vt 0.28087200 0.61273300
vt 0.33526100 0.61608600
vt 0.33589000 0.53974100
vt 0.33548200 0.73924700
vt 0.27893700 0.73917600
vt 0.28323400 0.81322600
vt 0.28323400 0.81322600
vt 0.33559800 0.81190100
vt 0.33548200 0.73924700
vt 0.28323400 0.81322600
vt 0.24193400 0.81584400
vt 0.25429700 0.88774300
vt 0.25429700 0.88774300
vt 0.28952000 0.88980400
vt 0.28323400 0.81322600
vt 0.24193400 0.81584400
vt 0.21455500 0.81782800
vt 0.23805200 0.88769800
vt 0.23805200 0.88769800
vt 0.25429700 0.88774300
vt 0.24193400 0.81584400
vt 0.28651400 0.95792100
vt 0.32610100 0.98362900
vt 0.33503000 0.89165900
vt 0.33503000 0.89165900
vt 0.28952000 0.88980400
vt 0.28651400 0.95792100
vt 0.25429700 0.88774300
vt 0.25853000 0.92560600
vt 0.28651400 0.95792100
vt 0.28651400 0.95792100
vt 0.28952000 0.88980400
vt 0.25429700 0.88774300
vt 0.25429700 0.88774300
vt 0.23805200 0.88769800
vt 0.25853000 0.92560600
vt 0.37178700 0.53964500
vt 0.37157600 0.46730200
vt 0.33420800 0.46879900
vt 0.33420800 0.46879900
vt 0.33589000 0.53974100
vt 0.37178700 0.53964500
vt 0.37196500 0.61628200
vt 0.37178700 0.53964500
vt 0.33589000 0.53974100
vt 0.33589000 0.53974100
vt 0.33526100 0.61608600
vt 0.37196500 0.61628200
vt 0.33508600 0.67800400
vt 0.37209700 0.67815600
vt 0.37196500 0.61628200
vt 0.37196500 0.61628200
vt 0.33526100 0.61608600
vt 0.33508600 0.67800400
vt 0.33559800 0.81190100
vt 0.37239500 0.81200100
vt 0.37223300 0.73933600
vt 0.37223300 0.73933600
vt 0.33548200 0.73924700
vt 0.33559800 0.81190100
vt 0.37279900 0.99401900
vt 0.37257600 0.89325700
vt 0.33503000 0.89165900
vt 0.33503000 0.89165900
vt 0.32610100 0.98362900
vt 0.37279900 0.99401900
vt 0.33420800 0.46879900
vt 0.29572300 0.48948700
vt 0.29148300 0.53946300
vt 0.29148300 0.53946300
vt 0.33589000 0.53974100
vt 0.33420800 0.46879900
vt 0.25703300 0.53879500
vt 0.24127200 0.60576500
vt 0.28087200 0.61273300
vt 0.28087200 0.61273300
vt 0.29148300 0.53946300
vt 0.25703300 0.53879500
vt 0.29572300 0.48948700
vt 0.26633400 0.50781600
vt 0.25703300 0.53879500
vt 0.25703300 0.53879500
vt 0.29148300 0.53946300
vt 0.29572300 0.48948700
vt 0.25703300 0.53879500
vt 0.23848900 0.54553200
vt 0.21441700 0.60078900
vt 0.21441700 0.60078900
vt 0.24127200 0.60576500
vt 0.25703300 0.53879500
vt 0.26633400 0.50781600
vt 0.25197400 0.52282000
vt 0.23848900 0.54553200
vt 0.23848900 0.54553200
vt 0.25703300 0.53879500
vt 0.26633400 0.50781600
vt 0.46553000 0.73879500
vt 0.46653200 0.67573800
vt 0.40910900 0.67786200
vt 0.40910900 0.67786200
vt 0.40898300 0.73909900
vt 0.46553000 0.73879500
vt 0.50897800 0.73932600
vt 0.50903700 0.67228500
vt 0.46653200 0.67573800
vt 0.46653200 0.67573800
vt 0.46553000 0.73879500
vt 0.50897800 0.73932600
vt 0.54204900 0.74085700
vt 0.54197000 0.66885900
vt 0.50903700 0.67228500
vt 0.50903700 0.67228500
vt 0.50897800 0.73932600
vt 0.54204900 0.74085700
vt 0.40769600 0.53963100
vt 0.40866900 0.61595400
vt 0.46304200 0.61239000
vt 0.46304200 0.61239000
vt 0.45213900 0.53918100
vt 0.40769600 0.53963100
vt 0.40898300 0.73909900
vt 0.40919000 0.81174900
vt 0.46156000 0.81285200
vt 0.46156000 0.81285200
vt 0.46553000 0.73879500
vt 0.40898300 0.73909900
vt 0.49088200 0.88709700
vt 0.50290300 0.81522300
vt 0.46156000 0.81285200
vt 0.46156000 0.81285200
vt 0.45561400 0.88945100
vt 0.49088200 0.88709700
vt 0.50734900 0.88649700
vt 0.53040400 0.81673200
vt 0.50290300 0.81522300
vt 0.50290300 0.81522300
vt 0.49088200 0.88709700
vt 0.50734900 0.88649700
vt 0.45892800 0.95755100
vt 0.45561400 0.88945100
vt 0.41011400 0.89150100
vt 0.41011400 0.89150100
vt 0.41945200 0.98343000
vt 0.45892800 0.95755100
vt 0.49088200 0.88709700
vt 0.45561400 0.88945100
vt 0.45892800 0.95755100
vt 0.45892800 0.95755100
vt 0.48682300 0.92497500
vt 0.49088200 0.88709700
vt 0.48682300 0.92497500
vt 0.50734900 0.88649700
vt 0.49088200 0.88709700
vt 0.37196500 0.61628200
vt 0.40866900 0.61595400
vt 0.40769600 0.53963100
vt 0.40769600 0.53963100
vt 0.37178700 0.53964500
vt 0.37196500 0.61628200
vt 0.37196500 0.61628200
vt 0.37209700 0.67815600
vt 0.40910900 0.67786200
vt 0.40910900 0.67786200
vt 0.40866900 0.61595400
vt 0.37196500 0.61628200
vt 0.37223300 0.73933600
vt 0.37239500 0.81200100
vt 0.40919000 0.81174900
vt 0.40919000 0.81174900
vt 0.40898300 0.73909900
vt 0.37223300 0.73933600
vt 0.37279900 0.99401900
vt 0.41945200 0.98343000
vt 0.41011400 0.89150100
vt 0.41011400 0.89150100
vt 0.37257600 0.89325700
vt 0.37279900 0.99401900
vt 0.40893800 0.46872000
vt 0.40769600 0.53963100
vt 0.45213900 0.53918100
vt 0.45213900 0.53918100
vt 0.44777700 0.48920800
vt 0.40893800 0.46872000
vt 0.48658700 0.53838300
vt 0.45213900 0.53918100
vt 0.46304200 0.61239000
vt 0.46304200 0.61239000
vt 0.50260700 0.60526200
vt 0.48658700 0.53838300
vt 0.44777700 0.48920800
vt 0.45213900 0.53918100
vt 0.48658700 0.53838300
vt 0.48658700 0.53838300
vt 0.47884600 0.51003200
vt 0.44777700 0.48920800
vt 0.48658700 0.53838300
vt 0.50260700 0.60526200
vt 0.52945900 0.60017700
vt 0.52945900 0.60017700
vt 0.50345800 0.54303500
vt 0.48658700 0.53838300
vt 0.50345800 0.54303500
vt 0.47884600 0.51003200
vt 0.48658700 0.53838300
vt 0.08358300 0.25758700
vt 0.08262700 0.31760700
vt 0.13911400 0.31567000
vt 0.13911400 0.31567000
vt 0.13922800 0.25746100
vt 0.08358300 0.25758700
vt 0.04093600 0.25681900
vt 0.04091400 0.32075400
vt 0.08262700 0.31760700
vt 0.08262700 0.31760700
vt 0.08358300 0.25758700
vt 0.04093600 0.25681900
vt 0.00883300 0.25471300
vt 0.00902100 0.32423500
vt 0.04091400 0.32075400
vt 0.04091400 0.32075400
vt 0.04093600 0.25681900
vt 0.00883300 0.25471300
vt 0.14034400 0.44684700
vt 0.13953000 0.37449100
vt 0.08603200 0.37789100
vt 0.08603200 0.37789100
vt 0.09658400 0.44771600
vt 0.14034400 0.44684700
vt 0.13922800 0.25746100
vt 0.13892700 0.18812700
vt 0.08729000 0.18684700
vt 0.08729000 0.18684700
vt 0.08358300 0.25758700
vt 0.13922800 0.25746100
vt 0.05804600 0.11474800
vt 0.04658000 0.18421000
vt 0.08729000 0.18684700
vt 0.08729000 0.18684700
vt 0.09292600 0.11261300
vt 0.05804600 0.11474800
vt 0.04244200 0.11314000
vt 0.02002600 0.18119100
vt 0.04658000 0.18421000
vt 0.04658000 0.18421000
vt 0.05804600 0.11474800
vt 0.04244200 0.11314000
vt 0.09029500 0.04169100
vt 0.09292600 0.11261300
vt 0.13789800 0.11080900
vt 0.13789800 0.11080900
vt 0.12906800 0.01633000
vt 0.09029500 0.04169100
vt 0.05804600 0.11474800
vt 0.09292600 0.11261300
vt 0.09029500 0.04169100
vt 0.09029500 0.04169100
vt 0.06269500 0.07447200
vt 0.05804600 0.11474800
vt 0.06269500 0.07447200
vt 0.04244200 0.11314000
vt 0.05804600 0.11474800
vt 0.21260500 0.51608800
vt 0.21095800 0.44651300
vt 0.17564400 0.44680600
vt 0.17564400 0.44680600
vt 0.17550300 0.51627800
vt 0.21260500 0.51608800
vt 0.17554000 0.37414700
vt 0.13953000 0.37449100
vt 0.14034400 0.44684700
vt 0.14034400 0.44684700
vt 0.17564400 0.44680600
vt 0.17554000 0.37414700
vt 0.17554000 0.37414700
vt 0.17543000 0.31537300
vt 0.13911400 0.31567000
vt 0.13911400 0.31567000
vt 0.13953000 0.37449100
vt 0.17554000 0.37414700
vt 0.17532300 0.25722800
vt 0.17519400 0.18788500
vt 0.13892700 0.18812700
vt 0.13892700 0.18812700
vt 0.13922800 0.25746100
vt 0.17532300 0.25722800
vt 0.17484100 0.00607000
vt 0.12906800 0.01633000
vt 0.13789800 0.11080900
vt 0.13789800 0.11080900
vt 0.17504400 0.10915900
vt 0.17484100 0.00607000
vt 0.13850000 0.51681400
vt 0.14034400 0.44684700
vt 0.09658400 0.44771600
vt 0.09658400 0.44771600
vt 0.10087300 0.49705900
vt 0.13850000 0.51681400
vt 0.06253300 0.44847500
vt 0.09658400 0.44771600
vt 0.08603200 0.37789100
vt 0.08603200 0.37789100
vt 0.04716800 0.38466200
vt 0.06253300 0.44847500
vt 0.10087300 0.49705900
vt 0.09658400 0.44771600
vt 0.06253300 0.44847500
vt 0.06253300 0.44847500
vt 0.07183600 0.47978100
vt 0.10087300 0.49705900
vt 0.06253300 0.44847500
vt 0.04716800 0.38466200
vt 0.02121200 0.39049200
vt 0.02121200 0.39049200
vt 0.04455000 0.44356400
vt 0.06253300 0.44847500
vt 0.07183600 0.47978100
vt 0.06253300 0.44847500
vt 0.04455000 0.44356400
vt 0.04455000 0.44356400
vt 0.05763000 0.46595100
vt 0.07183600 0.47978100
vt 0.21175200 0.31548100
vt 0.26825900 0.31716500
vt 0.26707400 0.25718100
vt 0.26707400 0.25718100
vt 0.21142100 0.25729400
vt 0.21175200 0.31548100
vt 0.26825900 0.31716500
vt 0.30995300 0.32014500
vt 0.30962400 0.25623800
vt 0.30962400 0.25623800
vt 0.26707400 0.25718100
vt 0.26825900 0.31716500
vt 0.30995300 0.32014500
vt 0.34168800 0.32350800
vt 0.34139900 0.25399500
vt 0.34139900 0.25399500
vt 0.30962400 0.25623800
vt 0.30995300 0.32014500
vt 0.21095800 0.44651300
vt 0.25478700 0.44721200
vt 0.26508100 0.37741500
vt 0.26508100 0.37741500
vt 0.21155900 0.37426000
vt 0.21095800 0.44651300
vt 0.21142100 0.25729400
vt 0.26707400 0.25718100
vt 0.26310000 0.18647600
vt 0.26310000 0.18647600
vt 0.21146400 0.18797000
vt 0.21142100 0.25729400
vt 0.26310000 0.18647600
vt 0.30375200 0.18367200
vt 0.29206300 0.11426700
vt 0.29206300 0.11426700
vt 0.25717500 0.11227500
vt 0.26310000 0.18647600
vt 0.30375200 0.18367200
vt 0.33008800 0.18060400
vt 0.30766900 0.11272900
vt 0.30766900 0.11272900
vt 0.29206300 0.11426700
vt 0.30375200 0.18367200
vt 0.25952600 0.04134500
vt 0.22065400 0.01614300
vt 0.21219600 0.11065500
vt 0.21219600 0.11065500
vt 0.25717500 0.11227500
vt 0.25952600 0.04134500
vt 0.29206300 0.11426700
vt 0.28725500 0.07401400
vt 0.25952600 0.04134500
vt 0.25952600 0.04134500
vt 0.25717500 0.11227500
vt 0.29206300 0.11426700
vt 0.29206300 0.11426700
vt 0.30766900 0.11272900
vt 0.28725500 0.07401400
vt 0.17554000 0.37414700
vt 0.17564400 0.44680600
vt 0.21095800 0.44651300
vt 0.21095800 0.44651300
vt 0.21155900 0.37426000
vt 0.17554000 0.37414700
vt 0.21175200 0.31548100
vt 0.17543000 0.31537300
vt 0.17554000 0.37414700
vt 0.17554000 0.37414700
vt 0.21155900 0.37426000
vt 0.21175200 0.31548100
vt 0.21146400 0.18797000
vt 0.17519400 0.18788500
vt 0.17532300 0.25722800
vt 0.17532300 0.25722800
vt 0.21142100 0.25729400
vt 0.21146400 0.18797000
vt 0.17484100 0.00607000
vt 0.17504400 0.10915900
vt 0.21219600 0.11065500
vt 0.21219600 0.11065500
vt 0.22065400 0.01614300
vt 0.17484100 0.00607000
vt 0.21260500 0.51608800
vt 0.25061500 0.49655000
vt 0.25478700 0.44721200
vt 0.25478700 0.44721200
vt 0.21095800 0.44651300
vt 0.21260500 0.51608800
vt 0.28883100 0.44787700
vt 0.30397500 0.38404400
vt 0.26508100 0.37741500
vt 0.26508100 0.37741500
vt 0.25478700 0.44721200
vt 0.28883100 0.44787700
vt 0.25061500 0.49655000
vt 0.28124500 0.47672900
vt 0.28883100 0.44787700
vt 0.28883100 0.44787700
vt 0.25478700 0.44721200
vt 0.25061500 0.49655000
vt 0.28883100 0.44787700
vt 0.30514700 0.44482400
vt 0.32994100 0.38978400
vt 0.32994100 0.38978400
vt 0.30397500 0.38404400
vt 0.28883100 0.44787700
vt 0.28883100 0.44787700
vt 0.28124500 0.47672900
vt 0.30514700 0.44482400
vt 0.48240000 0.07767700
vt 0.48240000 0.12538200
vt 0.49364800 0.12538200
vt 0.49364800 0.12538200
vt 0.49364800 0.07767700
vt 0.48240000 0.07767700
vt 0.48240000 0.03969000
vt 0.49364800 0.07767700
vt 0.49364800 0.03969000
vt 0.48240000 0.03969000
vt 0.46756300 0.45992400
vt 0.46756300 0.48801500
vt 0.47881100 0.48801500
vt 0.47881100 0.48801500
vt 0.47881100 0.45992400
vt 0.46756300 0.45992400
vt 0.46756300 0.43415000
vt 0.47881100 0.45992400
vt 0.47881100 0.43415000
vt 0.46756300 0.43415000
vt 0.47881100 0.43415000
vt 0.47881100 0.40402900
vt 0.46756300 0.40402900
vt 0.46756300 0.40402900
vt 0.47881100 0.37900400
vt 0.47881100 0.35165300
vt 0.46756300 0.35165300
vt 0.46756300 0.35165300
vt 0.46756300 0.37900400
vt 0.47881100 0.37900400
vt 0.46756300 0.29198500
vt 0.46756300 0.32595500
vt 0.47881100 0.32595500
vt 0.47881100 0.32595500
vt 0.47881100 0.29198500
vt 0.46756300 0.29198500
vt 0.46756300 0.25310700
vt 0.47881100 0.29198500
vt 0.47881100 0.25310700
vt 0.46756300 0.25310700
vt 0.46756300 0.20107200
vt 0.47881100 0.25310700
vt 0.47881100 0.20107200
vt 0.46756300 0.20107200
vt 0.46756300 0.15947900
vt 0.47881100 0.20107200
vt 0.47881100 0.15947900
vt 0.46756300 0.15947900
vt 0.48240000 0.22137400
vt 0.48240000 0.24044700
vt 0.49364800 0.24044700
vt 0.49364800 0.24044700
vt 0.49364800 0.22137400
vt 0.48240000 0.22137400
vt 0.28952000 0.88980400
vt 0.33503000 0.89165900
vt 0.33559800 0.81190100
vt 0.33559800 0.81190100
vt 0.28323400 0.81322600
vt 0.28952000 0.88980400
vt 0.27893700 0.73917600
vt 0.23550400 0.73989100
vt 0.24193400 0.81584400
vt 0.24193400 0.81584400
vt 0.28323400 0.81322600
vt 0.27893700 0.73917600
vt 0.23550400 0.73989100
vt 0.20241100 0.74163500
vt 0.21455500 0.81782800
vt 0.21455500 0.81782800
vt 0.24193400 0.81584400
vt 0.23550400 0.73989100
vt 0.33503000 0.89165900
vt 0.37257600 0.89325700
vt 0.37239500 0.81200100
vt 0.37239500 0.81200100
vt 0.33559800 0.81190100
vt 0.33503000 0.89165900
vt 0.40919000 0.81174900
vt 0.41011400 0.89150100
vt 0.45561400 0.88945100
vt 0.45561400 0.88945100
vt 0.46156000 0.81285200
vt 0.40919000 0.81174900
vt 0.50290300 0.81522300
vt 0.50897800 0.73932600
vt 0.46553000 0.73879500
vt 0.46553000 0.73879500
vt 0.46156000 0.81285200
vt 0.50290300 0.81522300
vt 0.53040400 0.81673200
vt 0.54204900 0.74085700
vt 0.50897800 0.73932600
vt 0.50897800 0.73932600
vt 0.50290300 0.81522300
vt 0.53040400 0.81673200
vt 0.37257600 0.89325700
vt 0.41011400 0.89150100
vt 0.40919000 0.81174900
vt 0.40919000 0.81174900
vt 0.37239500 0.81200100
vt 0.37257600 0.89325700
vt 0.13892700 0.18812700
vt 0.13789800 0.11080900
vt 0.09292600 0.11261300
vt 0.09292600 0.11261300
vt 0.08729000 0.18684700
vt 0.13892700 0.18812700
vt 0.04658000 0.18421000
vt 0.04093600 0.25681900
vt 0.08358300 0.25758700
vt 0.08358300 0.25758700
vt 0.08729000 0.18684700
vt 0.04658000 0.18421000
vt 0.02002600 0.18119100
vt 0.00883300 0.25471300
vt 0.04093600 0.25681900
vt 0.04093600 0.25681900
vt 0.04658000 0.18421000
vt 0.02002600 0.18119100
vt 0.17504400 0.10915900
vt 0.13789800 0.11080900
vt 0.13892700 0.18812700
vt 0.13892700 0.18812700
vt 0.17519400 0.18788500
vt 0.17504400 0.10915900
vt 0.25717500 0.11227500
vt 0.21219600 0.11065500
vt 0.21146400 0.18797000
vt 0.21146400 0.18797000
vt 0.26310000 0.18647600
vt 0.25717500 0.11227500
vt 0.26707400 0.25718100
vt 0.30962400 0.25623800
vt 0.30375200 0.18367200
vt 0.30375200 0.18367200
vt 0.26310000 0.18647600
vt 0.26707400 0.25718100
vt 0.30962400 0.25623800
vt 0.34139900 0.25399500
vt 0.33008800 0.18060400
vt 0.33008800 0.18060400
vt 0.30375200 0.18367200
vt 0.30962400 0.25623800
vt 0.21219600 0.11065500
vt 0.17504400 0.10915900
vt 0.17519400 0.18788500
vt 0.17519400 0.18788500
vt 0.21146400 0.18797000
vt 0.21219600 0.11065500
vt 0.47881100 0.40402900
vt 0.46756300 0.37900400
vt 0.33526100 0.61608600
vt 0.28087200 0.61273300
vt 0.27765700 0.67611100
vt 0.27765700 0.67611100
vt 0.33508600 0.67800400
vt 0.33526100 0.61608600
vt 0.28087200 0.61273300
vt 0.24127200 0.60576500
vt 0.23515000 0.67283400
vt 0.23515000 0.67283400
vt 0.27765700 0.67611100
vt 0.28087200 0.61273300
vt 0.24127200 0.60576500
vt 0.21441700 0.60078900
vt 0.20220300 0.66955100
vt 0.20220300 0.66955100
vt 0.23515000 0.67283400
vt 0.24127200 0.60576500
vt 0.33548200 0.73924700
vt 0.37223300 0.73933600
vt 0.37209700 0.67815600
vt 0.37209700 0.67815600
vt 0.33508600 0.67800400
vt 0.33548200 0.73924700
vt 0.46653200 0.67573800
vt 0.46304200 0.61239000
vt 0.40866900 0.61595400
vt 0.40866900 0.61595400
vt 0.40910900 0.67786200
vt 0.46653200 0.67573800
vt 0.50903700 0.67228500
vt 0.50260700 0.60526200
vt 0.46304200 0.61239000
vt 0.46304200 0.61239000
vt 0.46653200 0.67573800
vt 0.50903700 0.67228500
vt 0.54197000 0.66885900
vt 0.52945900 0.60017700
vt 0.50260700 0.60526200
vt 0.50260700 0.60526200
vt 0.50903700 0.67228500
vt 0.54197000 0.66885900
vt 0.37223300 0.73933600
vt 0.40898300 0.73909900
vt 0.40910900 0.67786200
vt 0.40910900 0.67786200
vt 0.37209700 0.67815600
vt 0.37223300 0.73933600
vt 0.08262700 0.31760700
vt 0.08603200 0.37789100
vt 0.13953000 0.37449100
vt 0.13953000 0.37449100
vt 0.13911400 0.31567000
vt 0.08262700 0.31760700
vt 0.04091400 0.32075400
vt 0.04716800 0.38466200
vt 0.08603200 0.37789100
vt 0.08603200 0.37789100
vt 0.08262700 0.31760700
vt 0.04091400 0.32075400
vt 0.00902100 0.32423500
vt 0.02121200 0.39049200
vt 0.04716800 0.38466200
vt 0.04716800 0.38466200
vt 0.04091400 0.32075400
vt 0.00902100 0.32423500
vt 0.17532300 0.25722800
vt 0.13922800 0.25746100
vt 0.13911400 0.31567000
vt 0.13911400 0.31567000
vt 0.17543000 0.31537300
vt 0.17532300 0.25722800
vt 0.21155900 0.37426000
vt 0.26508100 0.37741500
vt 0.26825900 0.31716500
vt 0.26825900 0.31716500
vt 0.21175200 0.31548100
vt 0.21155900 0.37426000
vt 0.26508100 0.37741500
vt 0.30397500 0.38404400
vt 0.30995300 0.32014500
vt 0.30995300 0.32014500
vt 0.26825900 0.31716500
vt 0.26508100 0.37741500
vt 0.30397500 0.38404400
vt 0.32994100 0.38978400
vt 0.34168800 0.32350800
vt 0.34168800 0.32350800
vt 0.30995300 0.32014500
vt 0.30397500 0.38404400
vt 0.21142100 0.25729400
vt 0.17532300 0.25722800
vt 0.17543000 0.31537300
vt 0.17543000 0.31537300
vt 0.21175200 0.31548100
vt 0.21142100 0.25729400
vt 0.46756300 0.35165300
vt 0.47881100 0.32595500
vt 0.49364800 0.39211400
vt 0.49364800 0.35790600
vt 0.48240000 0.35790600
vt 0.48240000 0.35790600
vt 0.48240000 0.39211400
vt 0.49364800 0.39211400
vt 0.49364800 0.35790600
vt 0.49364800 0.32897900
vt 0.48240000 0.32897900
vt 0.48240000 0.32897900
vt 0.48240000 0.35790600
vt 0.49364800 0.35790600
vt 0.49364800 0.32897900
vt 0.49364800 0.31376300
vt 0.48240000 0.31376300
vt 0.48240000 0.31376300
vt 0.48240000 0.32897900
vt 0.49364800 0.32897900
vt 0.49364800 0.31376300
vt 0.49364800 0.30041600
vt 0.48240000 0.30041600
vt 0.48240000 0.30041600
vt 0.48240000 0.31376300
vt 0.49364800 0.31376300
vt 0.49364800 0.30041600
vt 0.49364800 0.27810200
vt 0.48240000 0.27810200
vt 0.48240000 0.27810200
vt 0.48240000 0.30041600
vt 0.49364800 0.30041600
vt 0.48240000 0.25991400
vt 0.48240000 0.27810200
vt 0.49364800 0.27810200
vt 0.49364800 0.27810200
vt 0.49364800 0.25991400
vt 0.48240000 0.25991400
vt 0.48240000 0.25991400
vt 0.49364800 0.25991400
vt 0.49364800 0.26150900
vt 0.49364800 0.26150900
vt 0.48240000 0.26150900
vt 0.48240000 0.25991400
vt 0.48240000 0.24192700
vt 0.48240000 0.26150900
vt 0.49364800 0.26150900
vt 0.49364800 0.26150900
vt 0.49364800 0.24192700
vt 0.48240000 0.24192700
vt 0.48240000 0.24192700
vt 0.49364800 0.24192700
vt 0.49364800 0.24044700
vt 0.49364800 0.24044700
vt 0.48240000 0.24044700
vt 0.48240000 0.24192700
vt 0.48240000 0.22137400
vt 0.49364800 0.22137400
vt 0.49364800 0.19945400
vt 0.49364800 0.19945400
vt 0.48240000 0.19945400
vt 0.48240000 0.22137400
vt 0.48240000 0.19945400
vt 0.49364800 0.19945400
vt 0.49364800 0.16753700
vt 0.49364800 0.16753700
vt 0.48240000 0.16753700
vt 0.48240000 0.19945400
vt 0.48240000 0.16753700
vt 0.49364800 0.16753700
vt 0.49364800 0.12538200
vt 0.49364800 0.12538200
vt 0.48240000 0.12538200
vt 0.48240000 0.16753700
vt 0.04097600 0.48876600
vt 0.04118900 0.58110700
vt 0.06877400 0.58040100
vt 0.06877400 0.58040100
vt 0.07804300 0.48866900
vt 0.04097600 0.48876600
vt 0.55878200 0.53415800
vt 0.56106100 0.44609200
vt 0.53333300 0.44473800
vt 0.53333300 0.44473800
vt 0.52149900 0.53321400
vt 0.55878200 0.53415800
vt 0.04118900 0.58110700
vt 0.04135000 0.65662800
vt 0.06558400 0.65591200
vt 0.06558400 0.65591200
vt 0.06877400 0.58040100
vt 0.04118900 0.58110700
vt 0.56106100 0.44609200
vt 0.56297100 0.37064000
vt 0.53861300 0.36940300
vt 0.53861300 0.36940300
vt 0.53333300 0.44473800
vt 0.56106100 0.44609200
vt 0.04135000 0.65662800
vt 0.04143700 0.72025700
vt 0.06355600 0.71975400
vt 0.06355600 0.71975400
vt 0.06558400 0.65591200
vt 0.04135000 0.65662800
vt 0.56297100 0.37064000
vt 0.56439400 0.30511300
vt 0.54215400 0.30424500
vt 0.54215400 0.30424500
vt 0.53861300 0.36940300
vt 0.56297100 0.37064000
vt 0.04143700 0.72025700
vt 0.04141400 0.78556600
vt 0.06227500 0.78532500
vt 0.06227500 0.78532500
vt 0.06355600 0.71975400
vt 0.04143700 0.72025700
vt 0.56439400 0.30511300
vt 0.56530800 0.23770900
vt 0.54431900 0.23730400
vt 0.54431900 0.23730400
vt 0.54215400 0.30424500
vt 0.56439400 0.30511300
vt 0.04141400 0.78556600
vt 0.04121100 0.84110400
vt 0.06104200 0.84096200
vt 0.06104200 0.84096200
vt 0.06227500 0.78532500
vt 0.04141400 0.78556600
vt 0.56530800 0.23770900
vt 0.56527800 0.18101500
vt 0.54530500 0.18095900
vt 0.54530500 0.18095900
vt 0.54431900 0.23730400
vt 0.56530800 0.23770900
vt 0.04121100 0.84110400
vt 0.04088100 0.87757700
vt 0.06020100 0.87760700
vt 0.06020100 0.87760700
vt 0.06104200 0.84096200
vt 0.04121100 0.84110400
vt 0.56527800 0.18101500
vt 0.56451200 0.14297200
vt 0.54500300 0.14329100
vt 0.54500300 0.14329100
vt 0.54530500 0.18095900
vt 0.56527800 0.18101500
vt 0.06020100 0.87760700
vt 0.04088100 0.87757700
vt 0.04041900 0.90715100
vt 0.04041900 0.90715100
vt 0.06066300 0.90722500
vt 0.06020100 0.87760700
vt 0.54500300 0.14329100
vt 0.56451200 0.14297200
vt 0.56288900 0.11200500
vt 0.56288900 0.11200500
vt 0.54251600 0.11243700
vt 0.54500300 0.14329100
vt 0.06066300 0.90722500
vt 0.04041900 0.90715100
vt 0.03953600 0.93814300
vt 0.03953600 0.93814300
vt 0.06115400 0.93768500
vt 0.06066300 0.90722500
vt 0.54251600 0.11243700
vt 0.56288900 0.11200500
vt 0.56183300 0.08063600
vt 0.56183300 0.08063600
vt 0.53998100 0.08078100
vt 0.54251600 0.11243700
vt 0.06115400 0.93768500
vt 0.03953600 0.93814300
vt 0.03955900 0.96623400
vt 0.03955900 0.96623400
vt 0.06324000 0.96530300
vt 0.06115400 0.93768500
vt 0.53998100 0.08078100
vt 0.56183300 0.08063600
vt 0.56118800 0.05069400
vt 0.56118800 0.05069400
vt 0.53744200 0.05059400
vt 0.53998100 0.08078100
vt 0.06324000 0.96530300
vt 0.03955900 0.96623400
vt 0.03968400 0.99406500
vt 0.03968400 0.99406500
vt 0.06974900 0.99437500
vt 0.06324000 0.96530300
vt 0.53744200 0.05059400
vt 0.56118800 0.05069400
vt 0.56080200 0.01382500
vt 0.56080200 0.01382500
vt 0.53106600 0.01488400
vt 0.53744200 0.05059400
vt 0.40893800 0.46872000
vt 0.37157600 0.46730200
vt 0.37178700 0.53964500
vt 0.37178700 0.53964500
vt 0.40769600 0.53963100
vt 0.40893800 0.46872000
vt 0.13850000 0.51681400
vt 0.17550300 0.51627800
vt 0.17564400 0.44680600
vt 0.17564400 0.44680600
vt 0.14034400 0.44684700
vt 0.13850000 0.51681400
f 193/193/193 194/194/194 195/195/195
f 196/196/196 197/197/197 198/198/198
f 199/199/199 200/200/200 201/201/201
f 202/202/202 203/203/203 204/204/204
f 205/205/205 206/206/206 207/207/207
f 208/208/208 209/209/209 210/210/210
f 211/211/211 212/212/212 213/213/213
f 214/214/214 215/215/215 216/216/216
f 217/217/217 218/218/218 219/219/219
f 220/220/220 221/221/221 222/222/222
f 223/223/223 224/224/224 225/225/225
f 226/226/226 227/227/227 228/228/228
f 229/229/229 230/230/230 231/231/231
f 232/232/232 233/233/233 234/234/234
f 235/235/235 236/236/236 237/237/237
f 238/238/238 239/239/239 240/240/240
f 241/241/241 242/242/242 243/243/243
f 244/244/244 245/245/245 246/246/246
f 247/247/247 248/248/248 249/249/249
f 250/250/250 251/251/251 252/252/252
f 253/253/253 254/254/254 255/255/255
f 256/256/256 257/257/257 258/258/258
f 259/259/259 260/260/260 261/261/261
f 262/262/262 263/263/263 264/264/264
f 265/265/265 266/266/266 267/267/267
f 268/268/268 269/269/269 270/270/270
f 271/271/271 272/272/272 273/273/273
f 274/274/274 275/275/275 276/276/276
f 277/277/277 278/278/278 279/279/279
f 280/280/280 281/281/281 282/282/282
f 283/283/283 284/284/284 285/285/285
f 286/286/286 287/287/287 288/288/288
f 289/289/289 290/290/290 291/291/291
f 291/291/291 292/292/292 289/289/289
f 293/293/293 294/294/294 295/295/295
f 296/296/296 297/297/297 298/298/298
f 299/299/299 300/300/300 301/301/301
f 302/302/302 303/303/303 304/304/304
f 305/305/305 306/306/306 307/307/307
f 308/308/308 309/309/309 310/310/310
f 311/311/311 312/312/312 313/313/313
f 314/314/314 315/315/315 316/316/316
f 317/317/317 318/318/318 319/319/319
f 320/320/320 321/321/321 322/322/322
f 323/323/323 324/324/324 325/325/325
f 326/326/326 327/327/327 328/328/328
f 329/329/329 330/330/330 331/331/331
f 332/332/332 333/333/333 334/334/334
f 335/335/335 336/336/336 337/337/337
f 338/338/338 339/339/339 340/340/340
f 341/341/341 342/342/342 343/343/343
f 344/344/344 345/345/345 346/346/346
f 347/347/347 348/348/348 349/349/349
f 350/350/350 351/351/351 352/352/352
f 353/353/353 354/354/354 355/355/355
f 355/355/355 356/356/356 353/353/353
f 357/357/357 358/358/358 359/359/359
f 360/360/360 361/361/361 362/362/362
f 363/363/363 364/364/364 365/365/365
f 366/366/366 367/367/367 368/368/368
f 369/369/369 370/370/370 371/371/371
f 372/372/372 373/373/373 374/374/374
f 375/375/375 376/376/376 377/377/377
f 378/378/378 379/379/379 380/380/380
f 381/381/381 382/382/382 383/383/383
f 384/384/384 385/385/385 386/386/386
f 387/387/387 388/388/388 389/389/389
f 390/390/390 391/391/391 392/392/392
f 393/393/393 394/394/394 395/395/395
f 396/396/396 397/397/397 398/398/398
f 399/399/399 400/400/400 401/401/401
f 402/402/402 403/403/403 404/404/404
f 405/405/405 406/406/406 407/407/407
f 408/408/408 409/409/409 410/410/410
f 411/411/411 412/412/412 413/413/413
f 414/414/414 415/415/415 416/416/416
f 417/417/417 418/418/418 419/419/419
f 420/420/420 421/421/421 422/422/422
f 423/423/423 424/424/424 425/425/425
f 426/426/426 427/427/427 428/428/428
f 429/429/429 430/430/430 431/431/431
f 432/432/432 433/433/433 434/434/434
f 435/435/435 436/436/436 437/437/437
f 438/438/438 439/439/439 440/440/440
f 441/441/441 442/442/442 443/443/443
f 444/444/444 445/445/445 446/446/446
f 447/447/447 448/448/448 449/449/449
f 450/450/450 451/451/451 452/452/452
f 453/453/453 454/454/454 455/455/455
f 456/456/456 457/457/457 458/458/458
f 459/459/459 460/460/460 461/461/461
f 462/462/462 463/463/463 464/464/464
f 465/465/465 466/466/466 467/467/467
f 468/468/468 469/469/469 470/470/470
f 471/471/471 472/472/472 473/473/473
f 474/474/474 475/475/475 476/476/476
f 477/477/477 478/478/478 479/479/479
f 480/480/480 481/481/481 482/482/482
f 483/483/483 484/484/484 485/485/485
f 486/486/486 487/487/487 488/488/488
f 489/489/489 490/490/490 491/491/491
f 492/492/492 493/493/493 494/494/494
f 495/495/495 496/496/496 497/497/497
f 498/498/498 499/499/499 500/500/500
f 501/501/501 502/502/502 503/503/503
f 504/504/504 505/505/505 506/506/506
f 507/507/507 508/508/508 509/509/509
f 510/510/510 511/511/511 512/512/512
f 513/513/513 514/514/514 515/515/515
f 516/516/516 517/517/517 518/518/518
f 519/519/519 520/520/520 521/521/521
f 522/522/522 523/523/523 524/524/524
f 525/525/525 526/526/526 527/527/527
f 528/528/528 529/529/529 530/530/530
f 531/531/531 532/532/532 533/533/533
f 534/534/534 535/535/535 536/536/536
f 537/537/537 538/538/538 539/539/539
f 540/540/540 541/541/541 542/542/542
f 543/543/543 544/544/544 545/545/545
f 546/546/546 547/547/547 548/548/548
f 549/549/549 550/550/550 551/551/551
f 552/552/552 553/553/553 554/554/554
f 555/555/555 556/556/556 557/557/557
f 558/558/558 559/559/559 560/560/560
f 561/561/561 562/562/562 563/563/563
f 563/563/563 564/564/564 561/561/561
f 565/565/565 566/566/566 567/567/567
f 568/568/568 569/569/569 570/570/570
f 571/571/571 572/572/572 573/573/573
f 574/574/574 575/575/575 576/576/576
f 577/577/577 578/578/578 579/579/579
f 580/580/580 581/581/581 582/582/582
f 583/583/583 584/584/584 585/585/585
f 586/586/586 587/587/587 588/588/588
f 589/589/589 590/590/590 591/591/591
f 592/592/592 593/593/593 594/594/594
f 595/595/595 596/596/596 597/597/597
f 598/598/598 599/599/599 600/600/600
f 601/601/601 602/602/602 603/603/603
f 604/604/604 605/605/605 606/606/606
f 607/607/607 608/608/608 609/609/609
f 610/610/610 611/611/611 612/612/612
f 613/613/613 614/614/614 615/615/615
f 616/616/616 617/617/617 618/618/618
f 619/619/619 620/620/620 621/621/621
f 622/622/622 623/623/623 624/624/624
f 625/625/625 626/626/626 627/627/627
f 628/628/628 629/629/629 630/630/630
f 631/631/631 632/632/632 633/633/633
f 634/634/634 635/635/635 636/636/636
f 637/637/637 638/638/638 639/639/639
f 640/640/640 641/641/641 642/642/642
f 643/643/643 644/644/644 645/645/645
f 646/646/646 647/647/647 648/648/648
f 649/649/649 650/650/650 651/651/651
f 652/652/652 653/653/653 654/654/654
f 655/655/655 656/656/656 657/657/657
f 658/658/658 659/659/659 660/660/660
f 661/661/661 662/662/662 663/663/663
f 664/664/664 665/665/665 666/666/666
f 667/667/667 668/668/668 669/669/669
f 670/670/670 671/671/671 672/672/672
f 673/673/673 674/674/674 675/675/675
f 676/676/676 677/677/677 678/678/678
f 679/679/679 680/680/680 681/681/681
f 682/682/682 683/683/683 684/684/684
f 685/685/685 686/686/686 687/687/687
f 688/688/688 689/689/689 690/690/690
f 691/691/691 692/692/692 693/693/693
f 694/694/694 695/695/695 696/696/696
f 697/697/697 698/698/698 699/699/699
f 700/700/700 701/701/701 702/702/702
f 703/703/703 704/704/704 705/705/705
f 706/706/706 707/707/707 708/708/708
f 709/709/709 710/710/710 711/711/711
f 712/712/712 713/713/713 714/714/714
f 715/715/715 716/716/716 717/717/717
f 718/718/718 719/719/719 720/720/720
f 721/721/721 722/722/722 723/723/723
f 724/724/724 725/725/725 726/726/726
f 727/727/727 728/728/728 729/729/729
f 730/730/730 731/731/731 732/732/732
f 733/733/733 734/734/734 735/735/735
f 736/736/736 737/737/737 738/738/738
f 739/739/739 740/740/740 741/741/741
f 742/742/742 743/743/743 744/744/744
f 745/745/745 746/746/746 747/747/747
f 748/748/748 749/749/749 750/750/750
f 751/751/751 752/752/752 753/753/753
f 754/754/754 755/755/755 756/756/756
f 757/757/757 758/758/758 759/759/759
f 760/760/760 761/761/761 762/762/762
f 763/763/763 764/764/764 765/765/765
f 766/766/766 767/767/767 768/768/768
f 769/769/769 770/770/770 771/771/771
f 772/772/772 773/773/773 774/774/774
f 775/775/775 776/776/776 777/777/777
f 778/778/778 779/779/779 780/780/780
f 781/781/781 782/782/782 783/783/783
f 784/784/784 785/785/785 786/786/786
f 787/787/787 788/788/788 789/789/789
f 790/790/790 791/791/791 792/792/792
f 793/793/793 794/794/794 795/795/795
f 796/796/796 797/797/797 798/798/798
f 799/799/799 800/800/800 801/801/801
f 802/802/802 803/803/803 804/804/804
f 805/805/805 806/806/806 807/807/807
f 808/808/808 809/809/809 810/810/810
f 811/811/811 812/812/812 813/813/813
f 814/814/814 815/815/815 816/816/816
f 817/817/817 818/818/818 819/819/819
f 820/820/820 821/821/821 822/822/822
f 823/823/823 824/824/824 825/825/825
f 826/826/826 827/827/827 828/828/828
f 829/829/829 830/830/830 831/831/831
f 832/832/832 833/833/833 834/834/834
f 835/835/835 836/836/836 837/837/837
f 838/838/838 839/839/839 840/840/840
f 841/841/841 842/842/842 843/843/843
f 844/844/844 845/845/845 846/846/846
f 847/847/847 848/848/848 849/849/849
f 850/850/850 851/851/851 852/852/852
f 853/853/853 854/854/854 855/855/855
f 856/856/856 857/857/857 858/858/858
f 859/859/859 860/860/860 861/861/861
f 862/862/862 863/863/863 864/864/864
f 865/865/865 866/866/866 867/867/867
f 868/868/868 869/869/869 870/870/870
f 871/871/871 872/872/872 873/873/873
f 874/874/874 875/875/875 876/876/876
f 877/877/877 878/878/878 879/879/879
f 880/880/880 881/881/881 882/882/882
f 883/883/883 884/884/884 885/885/885
f 886/886/886 887/887/887 888/888/888
f 889/889/889 890/890/890 891/891/891
f 892/892/892 893/893/893 894/894/894
f 895/895/895 896/896/896 897/897/897
f 898/898/898 899/899/899 900/900/900
f 901/901/901 902/902/902 903/903/903
f 904/904/904 905/905/905 906/906/906
f 907/907/907 908/908/908 909/909/909
f 910/910/910 911/911/911 912/912/912
f 913/913/913 914/914/914 915/915/915
f 916/916/916 917/917/917 918/918/918
f 919/919/919 920/920/920 921/921/921
f 922/922/922 923/923/923 924/924/924
f 925/925/925 926/926/926 927/927/927
f 928/928/928 929/929/929 930/930/930
f 931/931/931 932/932/932 933/933/933
f 934/934/934 935/935/935 936/936/936
f 937/937/937 938/938/938 939/939/939
f 940/940/940 941/941/941 942/942/942
f 943/943/943 944/944/944 945/945/945
f 946/946/946 947/947/947 948/948/948
f 949/949/949 950/950/950 951/951/951
f 952/952/952 953/953/953 954/954/954
f 2273/2273/2273 2274/2274/2274 2275/2275/2275
f 2276/2276/2276 2277/2277/2277 2278/2278/2278
f 2279/2279/2279 2280/2280/2280 2281/2281/2281
f 2282/2282/2282 2283/2283/2283 2284/2284/2284
f 2285/2285/2285 2286/2286/2286 2287/2287/2287
f 2288/2288/2288 2289/2289/2289 2290/2290/2290
f 2291/2291/2291 2292/2292/2292 2293/2293/2293
f 2294/2294/2294 2295/2295/2295 2296/2296/2296
f 2297/2297/2297 2298/2298/2298 2299/2299/2299
f 2300/2300/2300 2301/2301/2301 2302/2302/2302
f 2303/2303/2303 2304/2304/2304 2305/2305/2305
f 2306/2306/2306 2307/2307/2307 2308/2308/2308
f 2309/2309/2309 2310/2310/2310 2311/2311/2311
f 2312/2312/2312 2313/2313/2313 2314/2314/2314
f 2315/2315/2315 2316/2316/2316 2317/2317/2317
f 2318/2318/2318 2319/2319/2319 2320/2320/2320
f 2321/2321/2321 2322/2322/2322 2323/2323/2323
f 2324/2324/2324 2325/2325/2325 2326/2326/2326
f 2327/2327/2327 2328/2328/2328 2329/2329/2329
f 2330/2330/2330 2331/2331/2331 2332/2332/2332
f 2333/2333/2333 2334/2334/2334 2335/2335/2335
f 2336/2336/2336 2337/2337/2337 2338/2338/2338
f 2339/2339/2339 2340/2340/2340 2341/2341/2341
f 2342/2342/2342 2343/2343/2343 2344/2344/2344
f 1/1/1 2/2/2 3/3/3
f 4/4/4 5/5/5 6/6/6
f 7/7/7 8/8/8 9/9/9
f 10/10/10 11/11/11 12/12/12
f 13/13/13 14/14/14 15/15/15
f 16/16/16 17/17/17 18/18/18
f 19/19/19 20/20/20 21/21/21
f 22/22/22 23/23/23 24/24/24
f 25/25/25 26/26/26 27/27/27
f 28/28/28 29/29/29 30/30/30
f 31/31/31 32/32/32 33/33/33
f 34/34/34 35/35/35 36/36/36
f 37/37/37 38/38/38 39/39/39
f 40/40/40 41/41/41 42/42/42
f 43/43/43 44/44/44 45/45/45
f 46/46/46 47/47/47 48/48/48
f 49/49/49 50/50/50 51/51/51
f 52/52/52 53/53/53 54/54/54
f 55/55/55 56/56/56 57/57/57
f 58/58/58 59/59/59 60/60/60
f 61/61/61 62/62/62 63/63/63
f 64/64/64 65/65/65 66/66/66
f 67/67/67 68/68/68 69/69/69
f 70/70/70 71/71/71 72/72/72
f 73/73/73 74/74/74 75/75/75
f 76/76/76 77/77/77 78/78/78
f 79/79/79 80/80/80 81/81/81
f 82/82/82 83/83/83 84/84/84
f 85/85/85 86/86/86 87/87/87
f 88/88/88 89/89/89 90/90/90
f 91/91/91 92/92/92 93/93/93
f 94/94/94 95/95/95 96/96/96
f 97/97/97 98/98/98 99/99/99
f 100/100/100 101/101/101 102/102/102
f 103/103/103 104/104/104 105/105/105
f 106/106/106 107/107/107 108/108/108
f 109/109/109 110/110/110 111/111/111
f 112/112/112 113/113/113 114/114/114
f 115/115/115 116/116/116 117/117/117
f 118/118/118 119/119/119 120/120/120
f 121/121/121 122/122/122 123/123/123
f 124/124/124 125/125/125 126/126/126
f 127/127/127 128/128/128 129/129/129
f 130/130/130 131/131/131 132/132/132
f 133/133/133 134/134/134 135/135/135
f 136/136/136 137/137/137 138/138/138
f 139/139/139 140/140/140 141/141/141
f 142/142/142 143/143/143 144/144/144
f 145/145/145 146/146/146 147/147/147
f 148/148/148 149/149/149 150/150/150
f 151/151/151 152/152/152 153/153/153
f 154/154/154 155/155/155 156/156/156
f 157/157/157 158/158/158 159/159/159
f 160/160/160 161/161/161 162/162/162
f 163/163/163 164/164/164 165/165/165
f 166/166/166 167/167/167 168/168/168
f 169/169/169 170/170/170 171/171/171
f 172/172/172 173/173/173 174/174/174
f 175/175/175 176/176/176 177/177/177
f 178/178/178 179/179/179 180/180/180
f 181/181/181 182/182/182 183/183/183
f 184/184/184 185/185/185 186/186/186
f 187/187/187 188/188/188 189/189/189
f 190/190/190 191/191/191 192/192/192
f 955/955/955 956/956/956 957/957/957
f 958/958/958 959/959/959 960/960/960
f 961/961/961 960/960/960 959/959/959
f 962/962/962 963/963/963 964/964/964
f 965/965/965 964/964/964 963/963/963
f 966/966/966 967/967/967 968/968/968
f 969/969/969 968/968/968 967/967/967
f 970/970/970 971/971/971 972/972/972
f 973/973/973 972/972/972 971/971/971
f 971/971/971 974/974/974 973/973/973
f 975/975/975 973/973/973 974/974/974
f 976/976/976 977/977/977 978/978/978
f 979/979/979 980/980/980 981/981/981
f 982/982/982 983/983/983 984/984/984
f 985/985/985 984/984/984 983/983/983
f 986/986/986 987/987/987 988/988/988
f 989/989/989 988/988/988 987/987/987
f 990/990/990 991/991/991 992/992/992
f 993/993/993 992/992/992 991/991/991
f 994/994/994 995/995/995 996/996/996
f 997/997/997 996/996/996 995/995/995
f 998/998/998 999/999/999 1000/1000/1000
f 1001/1001/1001 1000/1000/1000 999/999/999
f 1002/1002/1002 1003/1003/1003 1004/1004/1004
f 1005/1005/1005 1006/1006/1006 1007/1007/1007
f 1008/1008/1008 1009/1009/1009 1010/1010/1010
f 1011/1011/1011 1010/1010/1010 1009/1009/1009
f 1012/1012/1012 1013/1013/1013 1014/1014/1014
f 1015/1015/1015 1014/1014/1014 1013/1013/1013
f 1016/1016/1016 1017/1017/1017 1018/1018/1018
f 1019/1019/1019 1018/1018/1018 1017/1017/1017
f 1020/1020/1020 1021/1021/1021 1022/1022/1022
f 1023/1023/1023 1022/1022/1022 1021/1021/1021
f 1024/1024/1024 1025/1025/1025 1026/1026/1026
f 1027/1027/1027 1026/1026/1026 1025/1025/1025
f 1028/1028/1028 1029/1029/1029 1030/1030/1030
f 1031/1031/1031 1032/1032/1032 1033/1033/1033
f 1034/1034/1034 1035/1035/1035 1036/1036/1036
f 1037/1037/1037 1036/1036/1036 1035/1035/1035
f 1038/1038/1038 1039/1039/1039 1040/1040/1040
f 1041/1041/1041 1040/1040/1040 1039/1039/1039
f 1042/1042/1042 1043/1043/1043 1044/1044/1044
f 1045/1045/1045 1044/1044/1044 1043/1043/1043
f 1046/1046/1046 1047/1047/1047 1048/1048/1048
f 1049/1049/1049 1048/1048/1048 1047/1047/1047
f 1050/1050/1050 1051/1051/1051 1052/1052/1052
f 1053/1053/1053 1052/1052/1052 1051/1051/1051
f 1054/1054/1054 1055/1055/1055 1056/1056/1056
f 1057/1057/1057 1058/1058/1058 1059/1059/1059
f 1060/1060/1060 1061/1061/1061 1062/1062/1062
f 1063/1063/1063 1062/1062/1062 1061/1061/1061
f 1064/1064/1064 1065/1065/1065 1066/1066/1066
f 1067/1067/1067 1066/1066/1066 1065/1065/1065
f 1068/1068/1068 1069/1069/1069 1070/1070/1070
f 1071/1071/1071 1070/1070/1070 1069/1069/1069
f 1072/1072/1072 1073/1073/1073 1074/1074/1074
f 1075/1075/1075 1074/1074/1074 1073/1073/1073
f 1076/1076/1076 1077/1077/1077 1078/1078/1078
f 1079/1079/1079 1078/1078/1078 1077/1077/1077
f 1080/1080/1080 1081/1081/1081 1082/1082/1082
f 1083/1083/1083 1084/1084/1084 1085/1085/1085
f 1086/1086/1086 1087/1087/1087 1088/1088/1088
f 1087/1087/1087 1086/1086/1086 1089/1089/1089
f 1090/1090/1090 1091/1091/1091 1092/1092/1092
f 1091/1091/1091 1090/1090/1090 1093/1093/1093
f 1094/1094/1094 1095/1095/1095 1096/1096/1096
f 1097/1097/1097 1095/1095/1095 1094/1094/1094
f 1098/1098/1098 1099/1099/1099 1100/1100/1100
f 1101/1101/1101 1100/1100/1100 1099/1099/1099
f 1102/1102/1102 1103/1103/1103 1104/1104/1104
f 1105/1105/1105 1104/1104/1104 1103/1103/1103
f 1106/1106/1106 1107/1107/1107 1108/1108/1108
f 1109/1109/1109 1110/1110/1110 1111/1111/1111
f 1112/1112/1112 1113/1113/1113 1114/1114/1114
f 1115/1115/1115 1114/1114/1114 1113/1113/1113
f 1116/1116/1116 1117/1117/1117 1118/1118/1118
f 1119/1119/1119 1118/1118/1118 1117/1117/1117
f 1120/1120/1120 1121/1121/1121 1122/1122/1122
f 1123/1123/1123 1122/1122/1122 1121/1121/1121
f 1124/1124/1124 1125/1125/1125 1126/1126/1126
f 1127/1127/1127 1126/1126/1126 1125/1125/1125
f 1128/1128/1128 1129/1129/1129 1130/1130/1130
f 1131/1131/1131 1130/1130/1130 1129/1129/1129
f 1132/1132/1132 1133/1133/1133 1134/1134/1134
f 1135/1135/1135 1136/1136/1136 1137/1137/1137
f 1138/1138/1138 1139/1139/1139 1140/1140/1140
f 1139/1139/1139 1138/1138/1138 1141/1141/1141
f 1142/1142/1142 1143/1143/1143 1144/1144/1144
f 1143/1143/1143 1142/1142/1142 1145/1145/1145
f 1146/1146/1146 1147/1147/1147 1148/1148/1148
f 1149/1149/1149 1150/1150/1150 1151/1151/1151
f 1152/1152/1152 1147/1147/1147 1146/1146/1146
f 1153/1153/1153 1154/1154/1154 1155/1155/1155
f 1156/1156/1156 1151/1151/1151 1150/1150/1150
f 1157/1157/1157 1158/1158/1158 1159/1159/1159
f 1160/1160/1160 1155/1155/1155 1154/1154/1154
f 1161/1161/1161 1162/1162/1162 1163/1163/1163
f 1164/1164/1164 1165/1165/1165 1166/1166/1166
f 1167/1167/1167 1168/1168/1168 1169/1169/1169
f 1162/1162/1162 1161/1161/1161 1170/1170/1170
f 1171/1171/1171 1172/1172/1172 1173/1173/1173
f 1168/1168/1168 1167/1167/1167 1174/1174/1174
f 1175/1175/1175 1176/1176/1176 1177/1177/1177
f 1172/1172/1172 1171/1171/1171 1178/1178/1178
f 1179/1179/1179 1180/1180/1180 1181/1181/1181
f 1176/1176/1176 1175/1175/1175 1182/1182/1182
f 1183/1183/1183 1184/1184/1184 1185/1185/1185
f 1180/1180/1180 1179/1179/1179 1186/1186/1186
f 1187/1187/1187 1188/1188/1188 1189/1189/1189
f 1190/1190/1190 1191/1191/1191 1192/1192/1192
f 1193/1193/1193 1194/1194/1194 1195/1195/1195
f 1188/1188/1188 1187/1187/1187 1196/1196/1196
f 1197/1197/1197 1198/1198/1198 1199/1199/1199
f 1194/1194/1194 1193/1193/1193 1200/1200/1200
f 1201/1201/1201 1202/1202/1202 1203/1203/1203
f 1198/1198/1198 1197/1197/1197 1204/1204/1204
f 1205/1205/1205 1206/1206/1206 1207/1207/1207
f 1202/1202/1202 1201/1201/1201 1208/1208/1208
f 1209/1209/1209 1210/1210/1210 1211/1211/1211
f 1206/1206/1206 1205/1205/1205 1212/1212/1212
f 1213/1213/1213 1214/1214/1214 1215/1215/1215
f 1216/1216/1216 1217/1217/1217 1218/1218/1218
f 1219/1219/1219 1220/1220/1220 1221/1221/1221
f 1214/1214/1214 1213/1213/1213 1222/1222/1222
f 1223/1223/1223 1224/1224/1224 1225/1225/1225
f 1220/1220/1220 1219/1219/1219 1226/1226/1226
f 1227/1227/1227 1228/1228/1228 1229/1229/1229
f 1224/1224/1224 1223/1223/1223 1230/1230/1230
f 1231/1231/1231 1232/1232/1232 1233/1233/1233
f 1228/1228/1228 1227/1227/1227 1234/1234/1234
f 1235/1235/1235 1236/1236/1236 1237/1237/1237
f 1232/1232/1232 1231/1231/1231 1238/1238/1238
f 1239/1239/1239 1240/1240/1240 1241/1241/1241
f 1242/1242/1242 1243/1243/1243 1244/1244/1244
f 1245/1245/1245 1246/1246/1246 1247/1247/1247
f 1240/1240/1240 1239/1239/1239 1248/1248/1248
f 1249/1249/1249 1250/1250/1250 1251/1251/1251
f 1246/1246/1246 1245/1245/1245 1252/1252/1252
f 1253/1253/1253 1254/1254/1254 1255/1255/1255
f 1250/1250/1250 1249/1249/1249 1256/1256/1256
f 1257/1257/1257 1258/1258/1258 1259/1259/1259
f 1254/1254/1254 1253/1253/1253 1260/1260/1260
f 1261/1261/1261 1262/1262/1262 1263/1263/1263
f 1258/1258/1258 1257/1257/1257 1264/1264/1264
f 1265/1265/1265 1266/1266/1266 1267/1267/1267
f 1268/1268/1268 1269/1269/1269 1270/1270/1270
f 1271/1271/1271 1272/1272/1272 1273/1273/1273
f 1266/1266/1266 1265/1265/1265 1274/1274/1274
f 1275/1275/1275 1276/1276/1276 1277/1277/1277
f 1272/1272/1272 1271/1271/1271 1278/1278/1278
f 1279/1279/1279 1280/1280/1280 1281/1281/1281
f 1276/1276/1276 1275/1275/1275 1282/1282/1282
f 1283/1283/1283 1284/1284/1284 1285/1285/1285
f 1280/1280/1280 1279/1279/1279 1286/1286/1286
f 1287/1287/1287 1288/1288/1288 1289/1289/1289
f 1284/1284/1284 1283/1283/1283 1290/1290/1290
f 1291/1291/1291 1292/1292/1292 1293/1293/1293
f 1294/1294/1294 1295/1295/1295 1296/1296/1296
f 1297/1297/1297 1298/1298/1298 1299/1299/1299
f 1300/1300/1300 1293/1293/1293 1292/1292/1292
f 1301/1301/1301 1302/1302/1302 1303/1303/1303
f 1304/1304/1304 1299/1299/1299 1298/1298/1298
f 1305/1305/1305 1306/1306/1306 1307/1307/1307
f 1303/1303/1303 1302/1302/1302 1308/1308/1308
f 1309/1309/1309 1310/1310/1310 1311/1311/1311
f 1306/1306/1306 1305/1305/1305 1312/1312/1312
f 1313/1313/1313 1314/1314/1314 1315/1315/1315
f 1310/1310/1310 1309/1309/1309 1316/1316/1316
f 1317/1317/1317 1318/1318/1318 1319/1319/1319
f 1320/1320/1320 1321/1321/1321 1322/1322/1322
f 1323/1323/1323 1324/1324/1324 1325/1325/1325
f 1318/1318/1318 1317/1317/1317 1326/1326/1326
f 1327/1327/1327 1328/1328/1328 1329/1329/1329
f 1324/1324/1324 1323/1323/1323 1330/1330/1330
f 1331/1331/1331 1332/1332/1332 1333/1333/1333
f 1328/1328/1328 1327/1327/1327 1334/1334/1334
f 1335/1335/1335 1336/1336/1336 1337/1337/1337
f 1332/1332/1332 1331/1331/1331 1338/1338/1338
f 1339/1339/1339 1340/1340/1340 1341/1341/1341
f 1336/1336/1336 1335/1335/1335 1342/1342/1342
f 1343/1343/1343 1344/1344/1344 1345/1345/1345
f 1346/1346/1346 1347/1347/1347 1348/1348/1348
f 1349/1349/1349 1350/1350/1350 1351/1351/1351
f 1352/1352/1352 1345/1345/1345 1344/1344/1344
f 1353/1353/1353 1354/1354/1354 1355/1355/1355
f 1356/1356/1356 1351/1351/1351 1350/1350/1350
f 1355/1355/1355 1354/1354/1354 1357/1357/1357
f 1358/1358/1358 1359/1359/1359 1360/1360/1360
f 1359/1359/1359 1358/1358/1358 1361/1361/1361
f 1362/1362/1362 1363/1363/1363 1364/1364/1364
f 1363/1363/1363 1362/1362/1362 1365/1365/1365
f 1366/1366/1366 1367/1367/1367 1368/1368/1368
f 1369/1369/1369 1370/1370/1370 1371/1371/1371
f 1372/1372/1372 1373/1373/1373 1374/1374/1374
f 1375/1375/1375 1376/1376/1376 1377/1377/1377
f 1378/1378/1378 1379/1379/1379 1380/1380/1380
f 1381/1381/1381 1382/1382/1382 1383/1383/1383
f 1384/1384/1384 1385/1385/1385 1386/1386/1386
f 1387/1387/1387 1388/1388/1388 1389/1389/1389
f 1390/1390/1390 1391/1391/1391 1392/1392/1392
f 1393/1393/1393 1394/1394/1394 1395/1395/1395
f 1370/1370/1370 1369/1369/1369 1396/1396/1396
f 1397/1397/1397 1398/1398/1398 1399/1399/1399
f 1376/1376/1376 1375/1375/1375 1400/1400/1400
f 1401/1401/1401 1402/1402/1402 1403/1403/1403
f 1404/1404/1404 1405/1405/1405 1406/1406/1406
f 1407/1407/1407 1408/1408/1408 1409/1409/1409
f 1410/1410/1410 1411/1411/1411 1412/1412/1412
f 1413/1413/1413 1414/1414/1414 1415/1415/1415
f 1394/1394/1394 1393/1393/1393 1416/1416/1416
f 1417/1417/1417 1418/1418/1418 1419/1419/1419
f 1398/1398/1398 1397/1397/1397 1420/1420/1420
f 1421/1421/1421 1422/1422/1422 1423/1423/1423
f 1424/1424/1424 1425/1425/1425 1426/1426/1426
f 1427/1427/1427 1428/1428/1428 1429/1429/1429
f 1430/1430/1430 1431/1431/1431 1432/1432/1432
f 1433/1433/1433 1434/1434/1434 1435/1435/1435
f 1414/1414/1414 1413/1413/1413 1436/1436/1436
f 1437/1437/1437 1438/1438/1438 1439/1439/1439
f 1418/1418/1418 1417/1417/1417 1440/1440/1440
f 1441/1441/1441 1442/1442/1442 1443/1443/1443
f 1444/1444/1444 1445/1445/1445 1446/1446/1446
f 1447/1447/1447 1448/1448/1448 1449/1449/1449
f 1450/1450/1450 1451/1451/1451 1452/1452/1452
f 1453/1453/1453 1454/1454/1454 1455/1455/1455
f 1434/1434/1434 1433/1433/1433 1456/1456/1456
f 1457/1457/1457 1458/1458/1458 1459/1459/1459
f 1438/1438/1438 1437/1437/1437 1460/1460/1460
f 1461/1461/1461 1462/1462/1462 1463/1463/1463
f 1464/1464/1464 1465/1465/1465 1466/1466/1466
f 1467/1467/1467 1468/1468/1468 1469/1469/1469
f 1470/1470/1470 1471/1471/1471 1472/1472/1472
f 1473/1473/1473 1474/1474/1474 1475/1475/1475
f 1454/1454/1454 1453/1453/1453 1476/1476/1476
f 1477/1477/1477 1478/1478/1478 1479/1479/1479
f 1458/1458/1458 1457/1457/1457 1480/1480/1480
f 1481/1481/1481 1482/1482/1482 1483/1483/1483
f 1484/1484/1484 1485/1485/1485 1486/1486/1486
f 1487/1487/1487 1488/1488/1488 1489/1489/1489
f 1490/1490/1490 1491/1491/1491 1492/1492/1492
f 1493/1493/1493 1494/1494/1494 1495/1495/1495
f 1474/1474/1474 1473/1473/1473 1496/1496/1496
f 1497/1497/1497 1498/1498/1498 1499/1499/1499
f 1478/1478/1478 1477/1477/1477 1500/1500/1500
f 1501/1501/1501 1502/1502/1502 1503/1503/1503
f 1504/1504/1504 1505/1505/1505 1506/1506/1506
f 1507/1507/1507 1508/1508/1508 1509/1509/1509
f 1510/1510/1510 1511/1511/1511 1512/1512/1512
f 1513/1513/1513 1514/1514/1514 1515/1515/1515
f 1494/1494/1494 1493/1493/1493 1516/1516/1516
f 1517/1517/1517 1518/1518/1518 1519/1519/1519
f 1498/1498/1498 1497/1497/1497 1520/1520/1520
f 1521/1521/1521 1522/1522/1522 1523/1523/1523
f 1524/1524/1524 1525/1525/1525 1526/1526/1526
f 1527/1527/1527 1528/1528/1528 1529/1529/1529
f 1530/1530/1530 1531/1531/1531 1532/1532/1532
f 1533/1533/1533 1534/1534/1534 1535/1535/1535
f 1514/1514/1514 1513/1513/1513 1536/1536/1536
f 1537/1537/1537 1538/1538/1538 1539/1539/1539
f 1518/1518/1518 1517/1517/1517 1540/1540/1540
f 1541/1541/1541 1542/1542/1542 1543/1543/1543
f 1544/1544/1544 1545/1545/1545 1546/1546/1546
f 1547/1547/1547 1548/1548/1548 1549/1549/1549
f 1550/1550/1550 1551/1551/1551 1552/1552/1552
f 1553/1553/1553 1554/1554/1554 1555/1555/1555
f 1534/1534/1534 1533/1533/1533 1556/1556/1556
f 1557/1557/1557 1558/1558/1558 1559/1559/1559
f 1538/1538/1538 1537/1537/1537 1560/1560/1560
f 1561/1561/1561 1562/1562/1562 1563/1563/1563
f 1564/1564/1564 1565/1565/1565 1566/1566/1566
f 1567/1567/1567 1568/1568/1568 1569/1569/1569
f 1570/1570/1570 1571/1571/1571 1572/1572/1572
f 1573/1573/1573 1574/1574/1574 1575/1575/1575
f 1576/1576/1576 1577/1577/1577 1578/1578/1578
f 1579/1579/1579 1580/1580/1580 1581/1581/1581
f 1582/1582/1582 1583/1583/1583 1584/1584/1584
f 1585/1585/1585 1586/1586/1586 1587/1587/1587
f 1588/1588/1588 1589/1589/1589 1590/1590/1590
f 1591/1591/1591 1592/1592/1592 1593/1593/1593
f 1594/1594/1594 1595/1595/1595 1596/1596/1596
f 1597/1597/1597 1598/1598/1598 1599/1599/1599
f 1600/1600/1600 1601/1601/1601 1602/1602/1602
f 1603/1603/1603 1604/1604/1604 1605/1605/1605
f 1606/1606/1606 1607/1607/1607 1608/1608/1608
f 1609/1609/1609 1610/1610/1610 1611/1611/1611
f 1612/1612/1612 1613/1613/1613 1614/1614/1614
f 1615/1615/1615 1616/1616/1616 1617/1617/1617
f 1618/1618/1618 1619/1619/1619 1620/1620/1620
f 1621/1621/1621 1622/1622/1622 1623/1623/1623
f 1624/1624/1624 1625/1625/1625 1626/1626/1626
f 1627/1627/1627 1628/1628/1628 1629/1629/1629
f 1630/1630/1630 1631/1631/1631 1632/1632/1632
f 1633/1633/1633 1634/1634/1634 1635/1635/1635
f 1636/1636/1636 1637/1637/1637 1638/1638/1638
f 1639/1639/1639 1640/1640/1640 1641/1641/1641
f 1642/1642/1642 1643/1643/1643 1644/1644/1644
f 1645/1645/1645 1646/1646/1646 1647/1647/1647
f 1648/1648/1648 1649/1649/1649 1650/1650/1650
f 1651/1651/1651 1652/1652/1652 1653/1653/1653
f 1654/1654/1654 1655/1655/1655 1656/1656/1656
f 1657/1657/1657 1658/1658/1658 1659/1659/1659
f 1660/1660/1660 1661/1661/1661 1662/1662/1662
f 1663/1663/1663 1664/1664/1664 1665/1665/1665
f 1666/1666/1666 1667/1667/1667 1668/1668/1668
f 1669/1669/1669 1670/1670/1670 1671/1671/1671
f 1672/1672/1672 1673/1673/1673 1674/1674/1674
f 1675/1675/1675 1676/1676/1676 1677/1677/1677
f 1678/1678/1678 1679/1679/1679 1680/1680/1680
f 1681/1681/1681 1682/1682/1682 1683/1683/1683
f 1684/1684/1684 1685/1685/1685 1686/1686/1686
f 1687/1687/1687 1688/1688/1688 1689/1689/1689
f 1690/1690/1690 1691/1691/1691 1692/1692/1692
f 1693/1693/1693 1694/1694/1694 1695/1695/1695
f 1696/1696/1696 1697/1697/1697 1698/1698/1698
f 1699/1699/1699 1700/1700/1700 1701/1701/1701
f 1702/1702/1702 1703/1703/1703 1704/1704/1704
f 1705/1705/1705 1706/1706/1706 1707/1707/1707
f 1708/1708/1708 1709/1709/1709 1710/1710/1710
f 1711/1711/1711 1712/1712/1712 1713/1713/1713
f 1714/1714/1714 1715/1715/1715 1716/1716/1716
f 1717/1717/1717 1718/1718/1718 1719/1719/1719
f 1720/1720/1720 1721/1721/1721 1722/1722/1722
f 1723/1723/1723 1724/1724/1724 1725/1725/1725
f 1726/1726/1726 1727/1727/1727 1728/1728/1728
f 1729/1729/1729 1730/1730/1730 1731/1731/1731
f 1732/1732/1732 1733/1733/1733 1734/1734/1734
f 1735/1735/1735 1736/1736/1736 1737/1737/1737
f 1738/1738/1738 1739/1739/1739 1740/1740/1740
f 1741/1741/1741 1742/1742/1742 1743/1743/1743
f 1744/1744/1744 1745/1745/1745 1746/1746/1746
f 1747/1747/1747 1748/1748/1748 1749/1749/1749
f 1750/1750/1750 1751/1751/1751 1752/1752/1752
f 1753/1753/1753 1754/1754/1754 1755/1755/1755
f 1756/1756/1756 1757/1757/1757 1758/1758/1758
f 1759/1759/1759 1760/1760/1760 1761/1761/1761
f 1762/1762/1762 1763/1763/1763 1764/1764/1764
f 1765/1765/1765 1766/1766/1766 1767/1767/1767
f 1768/1768/1768 1769/1769/1769 1770/1770/1770
f 1771/1771/1771 1772/1772/1772 1773/1773/1773
f 1774/1774/1774 1775/1775/1775 1776/1776/1776
f 1777/1777/1777 1778/1778/1778 1779/1779/1779
f 1780/1780/1780 1781/1781/1781 1782/1782/1782
f 1783/1783/1783 1784/1784/1784 1785/1785/1785
f 1786/1786/1786 1787/1787/1787 1788/1788/1788
f 1789/1789/1789 1790/1790/1790 1791/1791/1791
f 1792/1792/1792 1793/1793/1793 1794/1794/1794
f 1795/1795/1795 1796/1796/1796 1797/1797/1797
f 1798/1798/1798 1799/1799/1799 1800/1800/1800
f 1801/1801/1801 1802/1802/1802 1803/1803/1803
f 1804/1804/1804 1805/1805/1805 1806/1806/1806
f 1807/1807/1807 1808/1808/1808 1809/1809/1809
f 1810/1810/1810 1811/1811/1811 1812/1812/1812
f 1813/1813/1813 1814/1814/1814 1815/1815/1815
f 1816/1816/1816 1817/1817/1817 1818/1818/1818
f 1819/1819/1819 1820/1820/1820 1821/1821/1821
f 1822/1822/1822 1823/1823/1823 1824/1824/1824
f 1825/1825/1825 1826/1826/1826 1827/1827/1827
f 1828/1828/1828 1829/1829/1829 1830/1830/1830
f 1831/1831/1831 1832/1832/1832 1833/1833/1833
f 1834/1834/1834 1835/1835/1835 1836/1836/1836
f 1837/1837/1837 1838/1838/1838 1839/1839/1839
f 1840/1840/1840 1841/1841/1841 1842/1842/1842
f 1843/1843/1843 1844/1844/1844 1845/1845/1845
f 1846/1846/1846 1847/1847/1847 1848/1848/1848
f 1849/1849/1849 1850/1850/1850 1851/1851/1851
f 1852/1852/1852 1853/1853/1853 1854/1854/1854
f 1855/1855/1855 1856/1856/1856 1857/1857/1857
f 1858/1858/1858 1859/1859/1859 1860/1860/1860
f 1861/1861/1861 1862/1862/1862 1863/1863/1863
f 1864/1864/1864 1865/1865/1865 1866/1866/1866
f 1867/1867/1867 1868/1868/1868 1869/1869/1869
f 1870/1870/1870 1871/1871/1871 1872/1872/1872
f 1873/1873/1873 1874/1874/1874 1875/1875/1875
f 1876/1876/1876 1877/1877/1877 1878/1878/1878
f 1879/1879/1879 1880/1880/1880 1881/1881/1881
f 1882/1882/1882 1883/1883/1883 1884/1884/1884
f 1885/1885/1885 1886/1886/1886 1887/1887/1887
f 1888/1888/1888 1889/1889/1889 1890/1890/1890
f 1891/1891/1891 1892/1892/1892 1893/1893/1893
f 1894/1894/1894 1895/1895/1895 1896/1896/1896
f 1897/1897/1897 1898/1898/1898 1899/1899/1899
f 1900/1900/1900 1901/1901/1901 1902/1902/1902
f 1903/1903/1903 1904/1904/1904 1905/1905/1905
f 1906/1906/1906 1907/1907/1907 1908/1908/1908
f 1909/1909/1909 1910/1910/1910 1911/1911/1911
f 1912/1912/1912 1913/1913/1913 1914/1914/1914
f 1915/1915/1915 1916/1916/1916 1917/1917/1917
f 1918/1918/1918 1919/1919/1919 1920/1920/1920
f 1921/1921/1921 1922/1922/1922 1923/1923/1923
f 1924/1924/1924 1925/1925/1925 1926/1926/1926
f 1927/1927/1927 1928/1928/1928 1929/1929/1929
f 1930/1930/1930 1931/1931/1931 1932/1932/1932
f 1933/1933/1933 1934/1934/1934 1935/1935/1935
f 1936/1936/1936 1937/1937/1937 1938/1938/1938
f 1939/1939/1939 1940/1940/1940 1941/1941/1941
f 1942/1942/1942 1943/1943/1943 1944/1944/1944
f 1945/1945/1945 1946/1946/1946 1947/1947/1947
f 1948/1948/1948 1949/1949/1949 1950/1950/1950
f 1951/1951/1951 1952/1952/1952 1953/1953/1953
f 1954/1954/1954 1955/1955/1955 1956/1956/1956
f 1957/1957/1957 1958/1958/1958 1959/1959/1959
f 1960/1960/1960 1961/1961/1961 1962/1962/1962
f 1963/1963/1963 1964/1964/1964 1965/1965/1965
f 1966/1966/1966 1967/1967/1967 1968/1968/1968
f 1969/1969/1969 1970/1970/1970 1971/1971/1971
f 1972/1972/1972 1973/1973/1973 1974/1974/1974
f 1975/1975/1975 1976/1976/1976 1977/1977/1977
f 1978/1978/1978 1979/1979/1979 1980/1980/1980
f 1981/1981/1981 1982/1982/1982 1983/1983/1983
f 1984/1984/1984 1985/1985/1985 1986/1986/1986
f 1987/1987/1987 1988/1988/1988 1989/1989/1989
f 1990/1990/1990 1991/1991/1991 1992/1992/1992
f 1993/1993/1993 1994/1994/1994 1995/1995/1995
f 1996/1996/1996 1997/1997/1997 1998/1998/1998
f 1999/1999/1999 2000/2000/2000 2001/2001/2001
f 2002/2002/2002 2003/2003/2003 2004/2004/2004
f 2005/2005/2005 2006/2006/2006 2007/2007/2007
f 2008/2008/2008 2009/2009/2009 2010/2010/2010
f 2011/2011/2011 2012/2012/2012 2013/2013/2013
f 2014/2014/2014 2015/2015/2015 2016/2016/2016
f 2017/2017/2017 2018/2018/2018 2019/2019/2019
f 2020/2020/2020 2021/2021/2021 2022/2022/2022
f 2023/2023/2023 2024/2024/2024 2025/2025/2025
f 2026/2026/2026 2027/2027/2027 2028/2028/2028
f 2029/2029/2029 2028/2028/2028 2027/2027/2027
f 2030/2030/2030 2031/2031/2031 2032/2032/2032
f 2033/2033/2033 2034/2034/2034 2035/2035/2035
f 2036/2036/2036 2037/2037/2037 2038/2038/2038
f 2039/2039/2039 2038/2038/2038 2037/2037/2037
f 2040/2040/2040 2041/2041/2041 2042/2042/2042
f 2043/2043/2043 2044/2044/2044 2045/2045/2045
f 2046/2046/2046 2042/2042/2042 2041/2041/2041
f 2047/2047/2047 2048/2048/2048 2049/2049/2049
f 2050/2050/2050 2051/2051/2051 2052/2052/2052
f 2053/2053/2053 2054/2054/2054 2055/2055/2055
f 2056/2056/2056 2057/2057/2057 2058/2058/2058
f 2059/2059/2059 2058/2058/2058 2057/2057/2057
f 2060/2060/2060 2061/2061/2061 2062/2062/2062
f 2063/2063/2063 2062/2062/2062 2061/2061/2061
f 2064/2064/2064 2065/2065/2065 2066/2066/2066
f 2067/2067/2067 2066/2066/2066 2065/2065/2065
f 2068/2068/2068 2069/2069/2069 2070/2070/2070
f 2071/2071/2071 2072/2072/2072 2073/2073/2073
f 2074/2074/2074 2075/2075/2075 2076/2076/2076
f 2077/2077/2077 2078/2078/2078 2079/2079/2079
f 2080/2080/2080 2081/2081/2081 2082/2082/2082
f 2083/2083/2083 2084/2084/2084 2085/2085/2085
f 2086/2086/2086 2087/2087/2087 2088/2088/2088
f 2089/2089/2089 2090/2090/2090 2091/2091/2091
f 2092/2092/2092 2093/2093/2093 2094/2094/2094
f 2095/2095/2095 2096/2096/2096 2097/2097/2097
f 2098/2098/2098 2099/2099/2099 2100/2100/2100
f 2101/2101/2101 2102/2102/2102 2103/2103/2103
f 2104/2104/2104 2105/2105/2105 2106/2106/2106
f 2107/2107/2107 2108/2108/2108 2109/2109/2109
f 2110/2110/2110 2111/2111/2111 2112/2112/2112
f 2113/2113/2113 2114/2114/2114 2115/2115/2115
f 2116/2116/2116 2117/2117/2117 2118/2118/2118
f 2119/2119/2119 2120/2120/2120 2121/2121/2121
f 2122/2122/2122 2123/2123/2123 2124/2124/2124
f 2125/2125/2125 2126/2126/2126 2127/2127/2127
f 2128/2128/2128 2129/2129/2129 2130/2130/2130
f 2131/2131/2131 2132/2132/2132 2133/2133/2133
f 2134/2134/2134 2135/2135/2135 2136/2136/2136
f 2137/2137/2137 2138/2138/2138 2139/2139/2139
f 2140/2140/2140 2141/2141/2141 2142/2142/2142
f 2143/2143/2143 2144/2144/2144 2145/2145/2145
f 2146/2146/2146 2147/2147/2147 2148/2148/2148
f 2149/2149/2149 2150/2150/2150 2151/2151/2151
f 2152/2152/2152 2153/2153/2153 2154/2154/2154
f 2155/2155/2155 2156/2156/2156 2157/2157/2157
f 2158/2158/2158 2159/2159/2159 2160/2160/2160
f 2161/2161/2161 2162/2162/2162 2163/2163/2163
f 2164/2164/2164 2165/2165/2165 2166/2166/2166
f 2167/2167/2167 2168/2168/2168 2169/2169/2169
f 2170/2170/2170 2171/2171/2171 2172/2172/2172
f 2173/2173/2173 2052/2052/2052 2051/2051/2051
f 2174/2174/2174 2045/2045/2045 2044/2044/2044
f 2175/2175/2175 2176/2176/2176 2177/2177/2177
f 2178/2178/2178 2179/2179/2179 2180/2180/2180
f 2181/2181/2181 2182/2182/2182 2183/2183/2183
f 2184/2184/2184 2185/2185/2185 2186/2186/2186
f 2187/2187/2187 2188/2188/2188 2189/2189/2189
f 2190/2190/2190 2191/2191/2191 2192/2192/2192
f 2193/2193/2193 2194/2194/2194 2195/2195/2195
f 2196/2196/2196 2197/2197/2197 2198/2198/2198
f 2199/2199/2199 2200/2200/2200 2201/2201/2201
f 2202/2202/2202 2203/2203/2203 2204/2204/2204
f 2205/2205/2205 2206/2206/2206 2207/2207/2207
f 2208/2208/2208 2209/2209/2209 2210/2210/2210
f 2211/2211/2211 2212/2212/2212 2213/2213/2213
f 2214/2214/2214 2215/2215/2215 2216/2216/2216
f 2217/2217/2217 2218/2218/2218 2219/2219/2219
f 2220/2220/2220 2221/2221/2221 2222/2222/2222
f 2223/2223/2223 2224/2224/2224 2225/2225/2225
f 2226/2226/2226 2227/2227/2227 2228/2228/2228
f 2229/2229/2229 2230/2230/2230 2231/2231/2231
f 2232/2232/2232 2233/2233/2233 2234/2234/2234
f 2235/2235/2235 2236/2236/2236 2237/2237/2237
f 2238/2238/2238 2239/2239/2239 2240/2240/2240
f 2241/2241/2241 2242/2242/2242 2243/2243/2243
f 2244/2244/2244 2245/2245/2245 2246/2246/2246
f 2247/2247/2247 2248/2248/2248 2249/2249/2249
f 2250/2250/2250 2251/2251/2251 2252/2252/2252
f 2253/2253/2253 2254/2254/2254 2255/2255/2255
f 2256/2256/2256 2257/2257/2257 2258/2258/2258
f 2259/2259/2259 2260/2260/2260 2261/2261/2261
f 2262/2262/2262 2263/2263/2263 2264/2264/2264
f 2265/2265/2265 2266/2266/2266 2267/2267/2267
f 2268/2268/2268 2269/2269/2269 2270/2270/2270
f 2055/2055/2055 2054/2054/2054 2271/2271/2271
f 2049/2049/2049 2048/2048/2048 2272/2272/2272
f 2345/2345/2345 2346/2346/2346 2347/2347/2347
f 2348/2348/2348 2349/2349/2349 2350/2350/2350
f 2351/2351/2351 2352/2352/2352 2353/2353/2353
f 2354/2354/2354 2355/2355/2355 2356/2356/2356
f 2357/2357/2357 2358/2358/2358 2359/2359/2359
f 2360/2360/2360 2361/2361/2361 2362/2362/2362
f 2363/2363/2363 2364/2364/2364 2365/2365/2365
f 2366/2366/2366 2367/2367/2367 2368/2368/2368
f 2369/2369/2369 2370/2370/2370 2371/2371/2371
f 2372/2372/2372 2373/2373/2373 2374/2374/2374
f 2375/2375/2375 2376/2376/2376 2377/2377/2377
f 2378/2378/2378 2379/2379/2379 2380/2380/2380
f 2381/2381/2381 2382/2382/2382 2383/2383/2383
f 2384/2384/2384 2385/2385/2385 2386/2386/2386
f 2387/2387/2387 2388/2388/2388 2389/2389/2389
f 2390/2390/2390 2391/2391/2391 2392/2392/2392
f 2393/2393/2393 2394/2394/2394 2395/2395/2395
f 2396/2396/2396 2397/2397/2397 2398/2398/2398
f 2399/2399/2399 2400/2400/2400 2401/2401/2401
f 2402/2402/2402 2403/2403/2403 2404/2404/2404
f 2405/2405/2405 2406/2406/2406 2407/2407/2407
f 2408/2408/2408 2409/2409/2409 2410/2410/2410
f 2411/2411/2411 2412/2412/2412 2413/2413/2413
f 2414/2414/2414 2415/2415/2415 2416/2416/2416
f 2417/2417/2417 2418/2418/2418 2419/2419/2419
f 2420/2420/2420 2421/2421/2421 2422/2422/2422
f 2423/2423/2423 2424/2424/2424 2425/2425/2425
f 2426/2426/2426 2427/2427/2427 2428/2428/2428
f 2429/2429/2429 2430/2430/2430 2431/2431/2431
f 2432/2432/2432 2433/2433/2433 2434/2434/2434
f 2435/2435/2435 2436/2436/2436 2437/2437/2437
f 2438/2438/2438 2439/2439/2439 2440/2440/2440
f 2441/2441/2441 2442/2442/2442 2443/2443/2443
f 2444/2444/2444 2445/2445/2445 2446/2446/2446
f 2447/2447/2447 2448/2448/2448 2449/2449/2449
f 2450/2450/2450 2451/2451/2451 2452/2452/2452
f 2453/2453/2453 2454/2454/2454 2455/2455/2455
f 2456/2456/2456 2457/2457/2457 2458/2458/2458
f 2459/2459/2459 2460/2460/2460 2461/2461/2461
f 2462/2462/2462 2463/2463/2463 2464/2464/2464
f 2465/2465/2465 2466/2466/2466 2467/2467/2467
f 2468/2468/2468 2469/2469/2469 2470/2470/2470
f 2471/2471/2471 2472/2472/2472 2473/2473/2473
f 2474/2474/2474 2475/2475/2475 2476/2476/2476