# https://github.com/mikedh/trimesh
mtllib material.mtl
usemtl material_0
v 0.15997157 0.04442583 0.33753463
v 0.16048948 0.04968858 0.33753463
v 0.16048948 0.04968858 0.06778854
v 0.16048948 0.04968858 0.06778854
v 0.15997157 0.04442583 0.06778854
v 0.15997157 0.04442583 0.33753463
v 0.16048948 0.04968858 0.33753463
v 0.16202434 0.05474901 0.33753463
v 0.16202434 0.05474901 0.06778854
v 0.16202434 0.05474901 0.06778854
v 0.16048948 0.04968858 0.06778854
v 0.16048948 0.04968858 0.33753463
v 0.16202434 0.05474901 0.33753463
v 0.16451679 0.05941292 0.33753463
v 0.16451679 0.05941292 0.06778854
v 0.16451679 0.05941292 0.06778854
v 0.16202434 0.05474901 0.06778854
v 0.16202434 0.05474901 0.33753463
v 0.16451679 0.05941292 0.33753463
v 0.16787243 0.06349958 0.33753463
v 0.16787243 0.06349958 0.06778854
v 0.16787243 0.06349958 0.06778854
v 0.16451679 0.05941292 0.06778854
v 0.16451679 0.05941292 0.33753463
v 0.16787243 0.06349958 0.33753463
v 0.17195908 0.06685522 0.33753463
v 0.17195908 0.06685522 0.06778854
v 0.17195908 0.06685522 0.06778854
v 0.16787243 0.06349958 0.06778854
v 0.16787243 0.06349958 0.33753463
v 0.17195908 0.06685522 0.33753463
v 0.17662299 0.06934767 0.33753463
v 0.17662299 0.06934767 0.06778854
v 0.17662299 0.06934767 0.06778854
v 0.17195908 0.06685522 0.06778854
v 0.17195908 0.06685522 0.33753463
v 0.17662299 0.06934767 0.33753463
v 0.18168343 0.07088253 0.33753463
v 0.18168343 0.07088253 0.06778854
v 0.18168343 0.07088253 0.06778854
v 0.17662299 0.06934767 0.06778854
v 0.17662299 0.06934767 0.33753463
v 0.18168343 0.07088253 0.33753463
v 0.18694618 0.07140044 0.33753463
v 0.18694618 0.07140044 0.06778854
v 0.18694618 0.07140044 0.06778854
v 0.18168343 0.07088253 0.06778854
v 0.18168343 0.07088253 0.33753463
v 0.18694618 0.07140044 0.33753463
v 0.19220892 0.07088253 0.33753463
v 0.19220892 0.07088253 0.06778854
v 0.19220892 0.07088253 0.06778854
v 0.18694618 0.07140044 0.06778854
v 0.18694618 0.07140044 0.33753463
v 0.19220892 0.07088253 0.33753463
v 0.19726936 0.06934767 0.33753463
v 0.19726666 0.06934767 0.06778854
v 0.19726666 0.06934767 0.06778854
v 0.19220892 0.07088253 0.06778854
v 0.19220892 0.07088253 0.33753463
v 0.19726936 0.06934767 0.33753463
v 0.20193057 0.06685522 0.33753463
v 0.20193057 0.06685522 0.06778854
v 0.20193057 0.06685522 0.06778854
v 0.19726666 0.06934767 0.06778854
v 0.19726936 0.06934767 0.33753463
v 0.20193057 0.06685522 0.33753463
v 0.20601992 0.06349958 0.33753463
v 0.20601992 0.06349958 0.06778854
v 0.20601992 0.06349958 0.06778854
v 0.20193057 0.06685522 0.06778854
v 0.20193057 0.06685522 0.33753463
v 0.20601992 0.06349958 0.33753463
v 0.20937287 0.05941292 0.33753463
v 0.20937287 0.05941292 0.06778854
v 0.20937287 0.05941292 0.06778854
v 0.20601992 0.06349958 0.06778854
v 0.20601992 0.06349958 0.33753463
v 0.20937287 0.05941292 0.33753463
v 0.21186532 0.05474901 0.33753463
v 0.21186532 0.05474901 0.06778854
v 0.21186532 0.05474901 0.06778854
v 0.20937287 0.05941292 0.06778854
v 0.20937287 0.05941292 0.33753463
v 0.21186532 0.05474901 0.33753463
v 0.21340287 0.04968858 0.33753463
v 0.21340018 0.04968858 0.06778854
v 0.21340018 0.04968858 0.06778854
v 0.21186532 0.05474901 0.06778854
v 0.21186532 0.05474901 0.33753463
v 0.21340287 0.04968858 0.33753463
v 0.21392079 0.04442583 0.33753463
v 0.21392079 0.04442583 0.06778854
v 0.21392079 0.04442583 0.06778854
v 0.21340018 0.04968858 0.06778854
v 0.21340287 0.04968858 0.33753463
v 0.21392079 0.04442583 0.33753463
v 0.21340287 0.03916309 0.33753463
v 0.21340018 0.03916309 0.06778854
v 0.21340018 0.03916309 0.06778854
v 0.21392079 0.04442583 0.06778854
v 0.21392079 0.04442583 0.33753463
v 0.21340287 0.03916309 0.33753463
v 0.21186532 0.03410265 0.33753463
v 0.21186532 0.03410265 0.06778854
v 0.21186532 0.03410265 0.06778854
v 0.21340018 0.03916309 0.06778854
v 0.21340287 0.03916309 0.33753463
v 0.21186532 0.03410265 0.33753463
v 0.20937287 0.02944144 0.33753463
v 0.20937287 0.02944144 0.06778854
v 0.20937287 0.02944144 0.06778854
v 0.21186532 0.03410265 0.06778854
v 0.21186532 0.03410265 0.33753463
v 0.20937287 0.02944144 0.33753463
v 0.20601992 0.02535209 0.33753463
v 0.20601992 0.02535209 0.06778854
v 0.20601992 0.02535209 0.06778854
v 0.20937287 0.02944144 0.06778854
v 0.20937287 0.02944144 0.33753463
v 0.20601992 0.02535209 0.33753463
v 0.20193057 0.02199914 0.33753463
v 0.20193057 0.02199914 0.06778854
v 0.20193057 0.02199914 0.06778854
v 0.20601992 0.02535209 0.06778854
v 0.20601992 0.02535209 0.33753463
v 0.20193057 0.02199914 0.33753463
v 0.19726936 0.01950399 0.33753463
v 0.19726666 0.01950399 0.06778854
v 0.19726666 0.01950399 0.06778854
v 0.20193057 0.02199914 0.06778854
v 0.20193057 0.02199914 0.33753463
v 0.19726936 0.01950399 0.33753463
v 0.19220892 0.01796914 0.33753463
v 0.19220892 0.01796914 0.06778854
v 0.19220892 0.01796914 0.06778854
v 0.19726666 0.01950399 0.06778854
v 0.19726936 0.01950399 0.33753463
v 0.19220892 0.01796914 0.33753463
v 0.18694618 0.01745122 0.33753463
v 0.18694618 0.01745122 0.06778854
v 0.18694618 0.01745122 0.06778854
v 0.19220892 0.01796914 0.06778854
v 0.19220892 0.01796914 0.33753463
v 0.18694618 0.01745122 0.33753463
v 0.18168343 0.01796914 0.33753463
v 0.18168343 0.01796914 0.06778854
v 0.18168343 0.01796914 0.06778854
v 0.18694618 0.01745122 0.06778854
v 0.18694618 0.01745122 0.33753463
v 0.18168343 0.01796914 0.33753463
v 0.17662299 0.01950399 0.33753463
v 0.17662299 0.01950399 0.06778854
v 0.17662299 0.01950399 0.06778854
v 0.18168343 0.01796914 0.06778854
v 0.18168343 0.01796914 0.33753463
v 0.17662299 0.01950399 0.33753463
v 0.17195908 0.02199914 0.33753463
v 0.17195908 0.02199914 0.06778854
v 0.17195908 0.02199914 0.06778854
v 0.17662299 0.01950399 0.06778854
v 0.17662299 0.01950399 0.33753463
v 0.17195908 0.02199914 0.33753463
v 0.16787243 0.02535209 0.33753463
v 0.16787243 0.02535209 0.06778854
v 0.16787243 0.02535209 0.06778854
v 0.17195908 0.02199914 0.06778854
v 0.17195908 0.02199914 0.33753463
v 0.16787243 0.02535209 0.33753463
v 0.16451679 0.02944144 0.33753463
v 0.16451679 0.02944144 0.06778854
v 0.16451679 0.02944144 0.06778854
v 0.16787243 0.02535209 0.06778854
v 0.16787243 0.02535209 0.33753463
v 0.16451679 0.02944144 0.33753463
v 0.16202434 0.03410265 0.33753463
v 0.16202434 0.03410265 0.06778854
v 0.16202434 0.03410265 0.06778854
v 0.16451679 0.02944144 0.06778854
v 0.16451679 0.02944144 0.33753463
v 0.16202434 0.03410265 0.33753463
v 0.16048948 0.03916309 0.33753463
v 0.16048948 0.03916309 0.06778854
v 0.16048948 0.03916309 0.06778854
v 0.16202434 0.03410265 0.06778854
v 0.16202434 0.03410265 0.33753463
v 0.16048948 0.03916309 0.33753463
v 0.15997157 0.04442583 0.33753463
v 0.15997157 0.04442583 0.06778854
v 0.15997157 0.04442583 0.06778854
v 0.16048948 0.03916309 0.06778854
v 0.16048948 0.03916309 0.33753463
v 0.16048948 0.04968858 0.33753463
v 0.15997157 0.04442583 0.33753463
v 0.16416342 0.04442583 0.33753463
v 0.16416342 0.04442583 0.33753463
v 0.16506437 0.05056795 0.33753463
v 0.16048948 0.04968858 0.33753463
v 0.16202434 0.05474901 0.33753463
v 0.16048948 0.04968858 0.33753463
v 0.16506437 0.05056795 0.33753463
v 0.16506437 0.05056795 0.33753463
v 0.16674759 0.05670737 0.33753463
v 0.16202434 0.05474901 0.33753463
v 0.16451679 0.05941292 0.33753463
v 0.16202434 0.05474901 0.33753463
v 0.16674759 0.05670737 0.33753463
v 0.16674759 0.05670737 0.33753463
v 0.16915642 0.06284949 0.33753463
v 0.16451679 0.05941292 0.33753463
v 0.16787243 0.06349958 0.33753463
v 0.16451679 0.05941292 0.33753463
v 0.16915642 0.06284949 0.33753463
v 0.16915642 0.06284949 0.33753463
v 0.17195908 0.06685522 0.33753463
v 0.16787243 0.06349958 0.33753463
v 0.17662299 0.06934767 0.33753463
v 0.17195908 0.06685522 0.33753463
v 0.16915642 0.06284949 0.33753463
v 0.16915642 0.06284949 0.33753463
v 0.17469161 0.06489686 0.33753463
v 0.17662299 0.06934767 0.33753463
v 0.18168343 0.07088253 0.33753463
v 0.17662299 0.06934767 0.33753463
v 0.17469161 0.06489686 0.33753463
v 0.17469161 0.06489686 0.33753463
v 0.18069886 0.06615658 0.33753463
v 0.18168343 0.07088253 0.33753463
v 0.18694618 0.07140044 0.33753463
v 0.18168343 0.07088253 0.33753463
v 0.18069886 0.06615658 0.33753463
v 0.18069886 0.06615658 0.33753463
v 0.18694618 0.06658278 0.33753463
v 0.18694618 0.07140044 0.33753463
v 0.19220892 0.07088253 0.33753463
v 0.18694618 0.07140044 0.33753463
v 0.18694618 0.06658278 0.33753463
v 0.18694618 0.06658278 0.33753463
v 0.19319080 0.06615658 0.33753463
v 0.19220892 0.07088253 0.33753463
v 0.19726936 0.06934767 0.33753463
v 0.19220892 0.07088253 0.33753463
v 0.19319080 0.06615658 0.33753463
v 0.19319080 0.06615658 0.33753463
v 0.19919804 0.06489686 0.33753463
v 0.19726936 0.06934767 0.33753463
v 0.20193057 0.06685522 0.33753463
v 0.19726936 0.06934767 0.33753463
v 0.19919804 0.06489686 0.33753463
v 0.19919804 0.06489686 0.33753463
v 0.20473323 0.06284949 0.33753463
v 0.20193057 0.06685522 0.33753463
v 0.20601992 0.06349958 0.33753463
v 0.20193057 0.06685522 0.33753463
v 0.20473323 0.06284949 0.33753463
v 0.20473323 0.06284949 0.33753463
v 0.20937287 0.05941292 0.33753463
v 0.20601992 0.06349958 0.33753463
v 0.21186532 0.05474901 0.33753463
v 0.20937287 0.05941292 0.33753463
v 0.20473323 0.06284949 0.33753463
v 0.20473323 0.06284949 0.33753463
v 0.20714207 0.05670737 0.33753463
v 0.21186532 0.05474901 0.33753463
v 0.21340287 0.04968858 0.33753463
v 0.21186532 0.05474901 0.33753463
v 0.20714207 0.05670737 0.33753463
v 0.20714207 0.05670737 0.33753463
v 0.20882528 0.05056795 0.33753463
v 0.21340287 0.04968858 0.33753463
v 0.21392079 0.04442583 0.33753463
v 0.21340287 0.04968858 0.33753463
v 0.20882528 0.05056795 0.33753463
v 0.20882528 0.05056795 0.33753463
v 0.20972623 0.04442583 0.33753463
v 0.21392079 0.04442583 0.33753463
v 0.21340287 0.03916309 0.33753463
v 0.21392079 0.04442583 0.33753463
v 0.20972623 0.04442583 0.33753463
v 0.20972623 0.04442583 0.33753463
v 0.20882528 0.03828641 0.33753463
v 0.21340287 0.03916309 0.33753463
v 0.21186532 0.03410265 0.33753463
v 0.21340287 0.03916309 0.33753463
v 0.20882528 0.03828641 0.33753463
v 0.20882528 0.03828641 0.33753463
v 0.20714207 0.03214429 0.33753463
v 0.21186532 0.03410265 0.33753463
v 0.20937287 0.02944144 0.33753463
v 0.21186532 0.03410265 0.33753463
v 0.20714207 0.03214429 0.33753463
v 0.20473323 0.02600487 0.33753463
v 0.20937287 0.02944144 0.33753463
v 0.20601992 0.02535209 0.33753463
v 0.20937287 0.02944144 0.33753463
v 0.20473323 0.02600487 0.33753463
v 0.20473323 0.02600487 0.33753463
v 0.20193057 0.02199914 0.33753463
v 0.20601992 0.02535209 0.33753463
v 0.19726936 0.01950399 0.33753463
v 0.20193057 0.02199914 0.33753463
v 0.20473323 0.02600487 0.33753463
v 0.20473323 0.02600487 0.33753463
v 0.19919804 0.02395750 0.33753463
v 0.19726936 0.01950399 0.33753463
v 0.19220892 0.01796914 0.33753463
v 0.19726936 0.01950399 0.33753463
v 0.19919804 0.02395750 0.33753463
v 0.19919804 0.02395750 0.33753463
v 0.19319080 0.02269509 0.33753463
v 0.19220892 0.01796914 0.33753463
v 0.18694618 0.01745122 0.33753463
v 0.19220892 0.01796914 0.33753463
v 0.19319080 0.02269509 0.33753463
v 0.19319080 0.02269509 0.33753463
v 0.18694618 0.02227159 0.33753463
v 0.18694618 0.01745122 0.33753463
v 0.18168343 0.01796914 0.33753463
v 0.18694618 0.01745122 0.33753463
v 0.18694618 0.02227159 0.33753463
v 0.18694618 0.02227159 0.33753463
v 0.18069886 0.02269509 0.33753463
v 0.18168343 0.01796914 0.33753463
v 0.17662299 0.01950399 0.33753463
v 0.18168343 0.01796914 0.33753463
v 0.18069886 0.02269509 0.33753463
v 0.18069886 0.02269509 0.33753463
v 0.17469161 0.02395750 0.33753463
v 0.17662299 0.01950399 0.33753463
v 0.17195908 0.02199914 0.33753463
v 0.17662299 0.01950399 0.33753463
v 0.17469161 0.02395750 0.33753463
v 0.17469161 0.02395750 0.33753463
v 0.16915642 0.02600487 0.33753463
v 0.17195908 0.02199914 0.33753463
v 0.16787243 0.02535209 0.33753463
v 0.17195908 0.02199914 0.33753463
v 0.16915642 0.02600487 0.33753463
v 0.16915642 0.02600487 0.33753463
v 0.16451679 0.02944144 0.33753463
v 0.16787243 0.02535209 0.33753463
v 0.16202434 0.03410265 0.33753463
v 0.16451679 0.02944144 0.33753463
v 0.16915642 0.02600487 0.33753463
v 0.16915642 0.02600487 0.33753463
v 0.16674759 0.03214429 0.33753463
v 0.16202434 0.03410265 0.33753463
v 0.16048948 0.03916309 0.33753463
v 0.16202434 0.03410265 0.33753463
v 0.16674759 0.03214429 0.33753463
v 0.16674759 0.03214429 0.33753463
v 0.16506437 0.03828641 0.33753463
v 0.16048948 0.03916309 0.33753463
v 0.15997157 0.04442583 0.33753463
v 0.16048948 0.03916309 0.33753463
v 0.16506437 0.03828641 0.33753463
v 0.16506437 0.03828641 0.33753463
v 0.16416342 0.04442583 0.33753463
v 0.15997157 0.04442583 0.33753463
v 0.18694618 0.04442583 0.33753463
v 0.17894551 0.04442583 0.33753463
v 0.17926111 0.03718315 0.33753463
v 0.17926111 0.03718315 0.33753463
v 0.18694618 0.03704018 0.33753463
v 0.18694618 0.04442583 0.33753463
v 0.19462855 0.03718315 0.33753463
v 0.19494415 0.04442583 0.33753463
v 0.18694618 0.04442583 0.33753463
v 0.18694618 0.04442583 0.33753463
v 0.18694618 0.03704018 0.33753463
v 0.19462855 0.03718315 0.33753463
v 0.20201689 0.03760395 0.33753463
v 0.20263731 0.04442583 0.33753463
v 0.19494415 0.04442583 0.33753463
v 0.19494415 0.04442583 0.33753463
v 0.19462855 0.03718315 0.33753463
v 0.20201689 0.03760395 0.33753463
v 0.17894551 0.04442583 0.33753463
v 0.17125235 0.04442583 0.33753463
v 0.17187277 0.03760395 0.33753463
v 0.17187277 0.03760395 0.33753463
v 0.17926111 0.03718315 0.33753463
v 0.17894551 0.04442583 0.33753463
v 0.17125235 0.04442583 0.33753463
v 0.16416342 0.04442583 0.33753463
v 0.16506437 0.03828641 0.33753463
v 0.16506437 0.03828641 0.33753463
v 0.17187277 0.03760395 0.33753463
v 0.17125235 0.04442583 0.33753463
v 0.20882528 0.03828641 0.33753463
v 0.20972623 0.04442583 0.33753463
v 0.20263731 0.04442583 0.33753463
v 0.20263731 0.04442583 0.33753463
v 0.20201689 0.03760395 0.33753463
v 0.20882528 0.03828641 0.33753463
v 0.18694618 0.05919713 0.33753463
v 0.18694618 0.06658278 0.33753463
v 0.18069886 0.06615658 0.33753463
v 0.18069886 0.06615658 0.33753463
v 0.17985186 0.05891389 0.33753463
v 0.18694618 0.05919713 0.33753463
v 0.18694618 0.05181148 0.33753463
v 0.18694618 0.05919713 0.33753463
v 0.17985186 0.05891389 0.33753463
v 0.17985186 0.05891389 0.33753463
v 0.17926111 0.05167121 0.33753463
v 0.18694618 0.05181148 0.33753463
v 0.18694618 0.04442583 0.33753463
v 0.18694618 0.05181148 0.33753463
v 0.17926111 0.05167121 0.33753463
v 0.17926111 0.05167121 0.33753463
v 0.17894551 0.04442583 0.33753463
v 0.18694618 0.04442583 0.33753463
v 0.18069886 0.02269509 0.33753463
v 0.18694618 0.02227159 0.33753463
v 0.18694618 0.02965723 0.33753463
v 0.18694618 0.02965723 0.33753463
v 0.17985186 0.02994047 0.33753463
v 0.18069886 0.02269509 0.33753463
v 0.17985186 0.02994047 0.33753463
v 0.18694618 0.02965723 0.33753463
v 0.18694618 0.03704018 0.33753463
v 0.18694618 0.03704018 0.33753463
v 0.17926111 0.03718315 0.33753463
v 0.17985186 0.02994047 0.33753463
v 0.19319080 0.06615658 0.33753463
v 0.18694618 0.06658278 0.33753463
v 0.18694618 0.05919713 0.33753463
v 0.18694618 0.05919713 0.33753463
v 0.19403780 0.05891389 0.33753463
v 0.19319080 0.06615658 0.33753463
v 0.19403780 0.05891389 0.33753463
v 0.18694618 0.05919713 0.33753463
v 0.18694618 0.05181148 0.33753463
v 0.18694618 0.05181148 0.33753463
v 0.19462855 0.05167121 0.33753463
v 0.19403780 0.05891389 0.33753463
v 0.19462855 0.05167121 0.33753463
v 0.18694618 0.05181148 0.33753463
v 0.18694618 0.04442583 0.33753463
v 0.18694618 0.04442583 0.33753463
v 0.19494415 0.04442583 0.33753463
v 0.19462855 0.05167121 0.33753463
v 0.18694618 0.02965723 0.33753463
v 0.18694618 0.02227159 0.33753463
v 0.19319080 0.02269509 0.33753463
v 0.19319080 0.02269509 0.33753463
v 0.19403780 0.02994047 0.33753463
v 0.18694618 0.02965723 0.33753463
v 0.18694618 0.03704018 0.33753463
v 0.18694618 0.02965723 0.33753463
v 0.19403780 0.02994047 0.33753463
v 0.19403780 0.02994047 0.33753463
v 0.19462855 0.03718315 0.33753463
v 0.18694618 0.03704018 0.33753463
v 0.19919804 0.06489686 0.33753463
v 0.19319080 0.06615658 0.33753463
v 0.19403780 0.05891389 0.33753463
v 0.19403780 0.05891389 0.33753463
v 0.20085698 0.05807229 0.33753463
v 0.19919804 0.06489686 0.33753463
v 0.20085698 0.05807229 0.33753463
v 0.19403780 0.05891389 0.33753463
v 0.19462855 0.05167121 0.33753463
v 0.19462855 0.05167121 0.33753463
v 0.20201689 0.05125041 0.33753463
v 0.20085698 0.05807229 0.33753463
v 0.20201689 0.05125041 0.33753463
v 0.19462855 0.05167121 0.33753463
v 0.19494415 0.04442583 0.33753463
v 0.19494415 0.04442583 0.33753463
v 0.20263731 0.04442583 0.33753463
v 0.20201689 0.05125041 0.33753463
v 0.19403780 0.02994047 0.33753463
v 0.19319080 0.02269509 0.33753463
v 0.19919804 0.02395750 0.33753463
v 0.19919804 0.02395750 0.33753463
v 0.20085698 0.03077938 0.33753463
v 0.19403780 0.02994047 0.33753463
v 0.19462855 0.03718315 0.33753463
v 0.19403780 0.02994047 0.33753463
v 0.20085698 0.03077938 0.33753463
v 0.20085698 0.03077938 0.33753463
v 0.20201689 0.03760395 0.33753463
v 0.19462855 0.03718315 0.33753463
v 0.17985186 0.05891389 0.33753463
v 0.18069886 0.06615658 0.33753463
v 0.17469161 0.06489686 0.33753463
v 0.17469161 0.06489686 0.33753463
v 0.17303267 0.05807229 0.33753463
v 0.17985186 0.05891389 0.33753463
v 0.17926111 0.05167121 0.33753463
v 0.17985186 0.05891389 0.33753463
v 0.17303267 0.05807229 0.33753463
v 0.17303267 0.05807229 0.33753463
v 0.17187277 0.05125041 0.33753463
v 0.17926111 0.05167121 0.33753463
v 0.17894551 0.04442583 0.33753463
v 0.17926111 0.05167121 0.33753463
v 0.17187277 0.05125041 0.33753463
v 0.17187277 0.05125041 0.33753463
v 0.17125235 0.04442583 0.33753463
v 0.17894551 0.04442583 0.33753463
v 0.17469161 0.02395750 0.33753463
v 0.18069886 0.02269509 0.33753463
v 0.17985186 0.02994047 0.33753463
v 0.17985186 0.02994047 0.33753463
v 0.17303267 0.03077938 0.33753463
v 0.17469161 0.02395750 0.33753463
v 0.17303267 0.03077938 0.33753463
v 0.17985186 0.02994047 0.33753463
v 0.17926111 0.03718315 0.33753463
v 0.17926111 0.03718315 0.33753463
v 0.17187277 0.03760395 0.33753463
v 0.17303267 0.03077938 0.33753463
v 0.17303267 0.05807229 0.33753463
v 0.17469161 0.06489686 0.33753463
v 0.16915642 0.06284949 0.33753463
v 0.16915642 0.06284949 0.33753463
v 0.16674759 0.05670737 0.33753463
v 0.17303267 0.05807229 0.33753463
v 0.17187277 0.05125041 0.33753463
v 0.17303267 0.05807229 0.33753463
v 0.16674759 0.05670737 0.33753463
v 0.16674759 0.05670737 0.33753463
v 0.16506437 0.05056795 0.33753463
v 0.17187277 0.05125041 0.33753463
v 0.17125235 0.04442583 0.33753463
v 0.17187277 0.05125041 0.33753463
v 0.16506437 0.05056795 0.33753463
v 0.16506437 0.05056795 0.33753463
v 0.16416342 0.04442583 0.33753463
v 0.17125235 0.04442583 0.33753463
v 0.16915642 0.02600487 0.33753463
v 0.17469161 0.02395750 0.33753463
v 0.17303267 0.03077938 0.33753463
v 0.17303267 0.03077938 0.33753463
v 0.16674759 0.03214429 0.33753463
v 0.16915642 0.02600487 0.33753463
v 0.16674759 0.03214429 0.33753463
v 0.17303267 0.03077938 0.33753463
v 0.17187277 0.03760395 0.33753463
v 0.17187277 0.03760395 0.33753463
v 0.16506437 0.03828641 0.33753463
v 0.16674759 0.03214429 0.33753463
v 0.20473323 0.06284949 0.33753463
v 0.19919804 0.06489686 0.33753463
v 0.20085698 0.05807229 0.33753463
v 0.20085698 0.05807229 0.33753463
v 0.20714207 0.05670737 0.33753463
v 0.20473323 0.06284949 0.33753463
v 0.20714207 0.05670737 0.33753463
v 0.20085698 0.05807229 0.33753463
v 0.20201689 0.05125041 0.33753463
v 0.20201689 0.05125041 0.33753463
v 0.20882528 0.05056795 0.33753463
v 0.20714207 0.05670737 0.33753463
v 0.20882528 0.05056795 0.33753463
v 0.20201689 0.05125041 0.33753463
v 0.20263731 0.04442583 0.33753463
v 0.20263731 0.04442583 0.33753463
v 0.20972623 0.04442583 0.33753463
v 0.20882528 0.05056795 0.33753463
v 0.20085698 0.03077938 0.33753463
v 0.19919804 0.02395750 0.33753463
v 0.20473323 0.02600487 0.33753463
v 0.20473323 0.02600487 0.33753463
v 0.20714207 0.03214429 0.33753463
v 0.20085698 0.03077938 0.33753463
v 0.20201689 0.03760395 0.33753463
v 0.20085698 0.03077938 0.33753463
v 0.20714207 0.03214429 0.33753463
v 0.20714207 0.03214429 0.33753463
v 0.20882528 0.03828641 0.33753463
v 0.20201689 0.03760395 0.33753463
v 0.17922874 0.03726947 0.06778854
v 0.17901295 0.04442583 0.06778854
v 0.18694618 0.04442583 0.06778854
v 0.18694618 0.04442583 0.06778854
v 0.18694618 0.03712920 0.06778854
v 0.17922874 0.03726947 0.06778854
v 0.18694618 0.04442583 0.06778854
v 0.19487671 0.04442583 0.06778854
v 0.19466361 0.03726947 0.06778854
v 0.19466361 0.03726947 0.06778854
v 0.18694618 0.03712920 0.06778854
v 0.18694618 0.04442583 0.06778854
v 0.19487671 0.04442583 0.06778854
v 0.20250513 0.04442583 0.06778854
v 0.20208433 0.03768488 0.06778854
v 0.20208433 0.03768488 0.06778854
v 0.19466361 0.03726947 0.06778854
v 0.19487671 0.04442583 0.06778854
v 0.17180533 0.03768488 0.06778854
v 0.17138722 0.04442583 0.06778854
v 0.17901295 0.04442583 0.06778854
v 0.17901295 0.04442583 0.06778854
v 0.17922874 0.03726947 0.06778854
v 0.17180533 0.03768488 0.06778854
v 0.20250513 0.04442583 0.06778854
v 0.20953202 0.04442583 0.06778854
v 0.20892239 0.03835924 0.06778854
v 0.20892239 0.03835924 0.06778854
v 0.20208433 0.03768488 0.06778854
v 0.20250513 0.04442583 0.06778854
v 0.16496727 0.03835924 0.06778854
v 0.16435764 0.04442583 0.06778854
v 0.17138722 0.04442583 0.06778854
v 0.17138722 0.04442583 0.06778854
v 0.17180533 0.03768488 0.06778854
v 0.16496727 0.03835924 0.06778854
v 0.18168343 0.07088253 0.06778854
v 0.18694618 0.07140044 0.06778854
v 0.18694618 0.06632112 0.06778854
v 0.18694618 0.06632112 0.06778854
v 0.18066379 0.06590032 0.06778854
v 0.18168343 0.07088253 0.06778854
v 0.18066379 0.06590032 0.06778854
v 0.18694618 0.06632112 0.06778854
v 0.18694618 0.05902179 0.06778854
v 0.18694618 0.05902179 0.06778854
v 0.17981139 0.05874126 0.06778854
v 0.18066379 0.06590032 0.06778854
v 0.17981139 0.05874126 0.06778854
v 0.18694618 0.05902179 0.06778854
v 0.18694618 0.05172516 0.06778854
v 0.18694618 0.05172516 0.06778854
v 0.17922874 0.05158489 0.06778854
v 0.17981139 0.05874126 0.06778854
v 0.17922874 0.05158489 0.06778854
v 0.18694618 0.05172516 0.06778854
v 0.18694618 0.04442583 0.06778854
v 0.18694618 0.04442583 0.06778854
v 0.17901295 0.04442583 0.06778854
v 0.17922874 0.05158489 0.06778854
v 0.18694618 0.02253324 0.06778854
v 0.18694618 0.01745122 0.06778854
v 0.18168343 0.01796914 0.06778854
v 0.18168343 0.01796914 0.06778854
v 0.18066379 0.02295404 0.06778854
v 0.18694618 0.02253324 0.06778854
v 0.18694618 0.02982987 0.06778854
v 0.18694618 0.02253324 0.06778854
v 0.18066379 0.02295404 0.06778854
v 0.18066379 0.02295404 0.06778854
v 0.17981139 0.03011041 0.06778854
v 0.18694618 0.02982987 0.06778854
v 0.18694618 0.03712920 0.06778854
v 0.18694618 0.02982987 0.06778854
v 0.17981139 0.03011041 0.06778854
v 0.17981139 0.03011041 0.06778854
v 0.17922874 0.03726947 0.06778854
v 0.18694618 0.03712920 0.06778854
v 0.18694618 0.06632112 0.06778854
v 0.18694618 0.07140044 0.06778854
v 0.19220892 0.07088253 0.06778854
v 0.19220892 0.07088253 0.06778854
v 0.19322587 0.06590032 0.06778854
v 0.18694618 0.06632112 0.06778854
v 0.18694618 0.05902179 0.06778854
v 0.18694618 0.06632112 0.06778854
v 0.19322587 0.06590032 0.06778854
v 0.19322587 0.06590032 0.06778854
v 0.19408096 0.05874126 0.06778854
v 0.18694618 0.05902179 0.06778854
v 0.18694618 0.05172516 0.06778854
v 0.18694618 0.05902179 0.06778854
v 0.19408096 0.05874126 0.06778854
v 0.19408096 0.05874126 0.06778854
v 0.19466361 0.05158489 0.06778854
v 0.18694618 0.05172516 0.06778854
v 0.18694618 0.04442583 0.06778854
v 0.18694618 0.05172516 0.06778854
v 0.19466361 0.05158489 0.06778854
v 0.19466361 0.05158489 0.06778854
v 0.19487671 0.04442583 0.06778854
v 0.18694618 0.04442583 0.06778854
v 0.19220892 0.01796914 0.06778854
v 0.18694618 0.01745122 0.06778854
v 0.18694618 0.02253324 0.06778854
v 0.18694618 0.02253324 0.06778854
v 0.19322587 0.02295404 0.06778854
v 0.19220892 0.01796914 0.06778854
v 0.19322587 0.02295404 0.06778854
v 0.18694618 0.02253324 0.06778854
v 0.18694618 0.02982987 0.06778854
v 0.18694618 0.02982987 0.06778854
v 0.19408096 0.03011041 0.06778854
v 0.19322587 0.02295404 0.06778854
v 0.19408096 0.03011041 0.06778854
v 0.18694618 0.02982987 0.06778854
v 0.18694618 0.03712920 0.06778854
v 0.18694618 0.03712920 0.06778854
v 0.19466361 0.03726947 0.06778854
v 0.19408096 0.03011041 0.06778854
v 0.19322587 0.06590032 0.06778854
v 0.19220892 0.07088253 0.06778854
v 0.19726666 0.06934767 0.06778854
v 0.19726666 0.06934767 0.06778854
v 0.19926548 0.06465409 0.06778854
v 0.19322587 0.06590032 0.06778854
v 0.19408096 0.05874126 0.06778854
v 0.19322587 0.06590032 0.06778854
v 0.19926548 0.06465409 0.06778854
v 0.19926548 0.06465409 0.06778854
v 0.20094060 0.05791044 0.06778854
v 0.19408096 0.05874126 0.06778854
v 0.19466361 0.05158489 0.06778854
v 0.19408096 0.05874126 0.06778854
v 0.20094060 0.05791044 0.06778854
v 0.20094060 0.05791044 0.06778854
v 0.20208433 0.05116948 0.06778854
v 0.19466361 0.05158489 0.06778854
v 0.19487671 0.04442583 0.06778854
v 0.19466361 0.05158489 0.06778854
v 0.20208433 0.05116948 0.06778854
v 0.20208433 0.05116948 0.06778854
v 0.20250513 0.04442583 0.06778854
v 0.19487671 0.04442583 0.06778854
v 0.19726666 0.01950399 0.06778854
v 0.19220892 0.01796914 0.06778854
v 0.19322587 0.02295404 0.06778854
v 0.19322587 0.02295404 0.06778854
v 0.19926548 0.02420027 0.06778854
v 0.19726666 0.01950399 0.06778854
v 0.19926548 0.02420027 0.06778854
v 0.19322587 0.02295404 0.06778854
v 0.19408096 0.03011041 0.06778854
v 0.19408096 0.03011041 0.06778854
v 0.20094060 0.03094123 0.06778854
v 0.19926548 0.02420027 0.06778854
v 0.20094060 0.03094123 0.06778854
v 0.19408096 0.03011041 0.06778854
v 0.19466361 0.03726947 0.06778854
v 0.19466361 0.03726947 0.06778854
v 0.20208433 0.03768488 0.06778854
v 0.20094060 0.03094123 0.06778854
v 0.17662299 0.06934767 0.06778854
v 0.18168343 0.07088253 0.06778854
v 0.18066379 0.06590032 0.06778854
v 0.18066379 0.06590032 0.06778854
v 0.17462687 0.06465409 0.06778854
v 0.17662299 0.06934767 0.06778854
v 0.17462687 0.06465409 0.06778854
v 0.18066379 0.06590032 0.06778854
v 0.17981139 0.05874126 0.06778854
v 0.17981139 0.05874126 0.06778854
v 0.17294905 0.05791044 0.06778854
v 0.17462687 0.06465409 0.06778854
v 0.17294905 0.05791044 0.06778854
v 0.17981139 0.05874126 0.06778854
v 0.17922874 0.05158489 0.06778854
v 0.17922874 0.05158489 0.06778854
v 0.17180533 0.05116948 0.06778854
v 0.17294905 0.05791044 0.06778854
v 0.17180533 0.05116948 0.06778854
v 0.17922874 0.05158489 0.06778854
v 0.17901295 0.04442583 0.06778854
v 0.17901295 0.04442583 0.06778854
v 0.17138722 0.04442583 0.06778854
v 0.17180533 0.05116948 0.06778854
v 0.18066379 0.02295404 0.06778854
v 0.18168343 0.01796914 0.06778854
v 0.17662299 0.01950399 0.06778854
v 0.17662299 0.01950399 0.06778854
v 0.17462687 0.02420027 0.06778854
v 0.18066379 0.02295404 0.06778854
v 0.17981139 0.03011041 0.06778854
v 0.18066379 0.02295404 0.06778854
v 0.17462687 0.02420027 0.06778854
v 0.17462687 0.02420027 0.06778854
v 0.17294905 0.03094123 0.06778854
v 0.17981139 0.03011041 0.06778854
v 0.17922874 0.03726947 0.06778854
v 0.17981139 0.03011041 0.06778854
v 0.17294905 0.03094123 0.06778854
v 0.17294905 0.03094123 0.06778854
v 0.17180533 0.03768488 0.06778854
v 0.17922874 0.03726947 0.06778854
v 0.19926548 0.06465409 0.06778854
v 0.19726666 0.06934767 0.06778854
v 0.20193057 0.06685522 0.06778854
v 0.20193057 0.06685522 0.06778854
v 0.20483034 0.06263100 0.06778854
v 0.19926548 0.06465409 0.06778854
v 0.20094060 0.05791044 0.06778854
v 0.19926548 0.06465409 0.06778854
v 0.20483034 0.06263100 0.06778854
v 0.20483034 0.06263100 0.06778854
v 0.20726345 0.05656171 0.06778854
v 0.20094060 0.05791044 0.06778854
v 0.20208433 0.05116948 0.06778854
v 0.20094060 0.05791044 0.06778854
v 0.20726345 0.05656171 0.06778854
v 0.20726345 0.05656171 0.06778854
v 0.20892239 0.05049512 0.06778854
v 0.20208433 0.05116948 0.06778854
v 0.20250513 0.04442583 0.06778854
v 0.20208433 0.05116948 0.06778854
v 0.20892239 0.05049512 0.06778854
v 0.20892239 0.05049512 0.06778854
v 0.20953202 0.04442583 0.06778854
v 0.20250513 0.04442583 0.06778854
v 0.20193057 0.02199914 0.06778854
v 0.19726666 0.01950399 0.06778854
v 0.19926548 0.02420027 0.06778854
v 0.19926548 0.02420027 0.06778854
v 0.20483034 0.02622337 0.06778854
v 0.20193057 0.02199914 0.06778854
v 0.20483034 0.02622337 0.06778854
v 0.19926548 0.02420027 0.06778854
v 0.20094060 0.03094123 0.06778854
v 0.20094060 0.03094123 0.06778854
v 0.20726345 0.03228996 0.06778854
v 0.20483034 0.02622337 0.06778854
v 0.20726345 0.03228996 0.06778854
v 0.20094060 0.03094123 0.06778854
v 0.20208433 0.03768488 0.06778854
v 0.20208433 0.03768488 0.06778854
v 0.20892239 0.03835924 0.06778854
v 0.20726345 0.03228996 0.06778854
v 0.17195908 0.06685522 0.06778854
v 0.17662299 0.06934767 0.06778854
v 0.17462687 0.06465409 0.06778854
v 0.17462687 0.06465409 0.06778854
v 0.16906201 0.06263100 0.06778854
v 0.17195908 0.06685522 0.06778854
v 0.16906201 0.06263100 0.06778854
v 0.17462687 0.06465409 0.06778854
v 0.17294905 0.05791044 0.06778854
v 0.17294905 0.05791044 0.06778854
v 0.16662620 0.05656171 0.06778854
v 0.16906201 0.06263100 0.06778854
v 0.16662620 0.05656171 0.06778854
v 0.17294905 0.05791044 0.06778854
v 0.17180533 0.05116948 0.06778854
v 0.17180533 0.05116948 0.06778854
v 0.16496727 0.05049512 0.06778854
v 0.16662620 0.05656171 0.06778854
v 0.16496727 0.05049512 0.06778854
v 0.17180533 0.05116948 0.06778854
v 0.17138722 0.04442583 0.06778854
v 0.17138722 0.04442583 0.06778854
v 0.16435764 0.04442583 0.06778854
v 0.16496727 0.05049512 0.06778854
v 0.17462687 0.02420027 0.06778854
v 0.17662299 0.01950399 0.06778854
v 0.17195908 0.02199914 0.06778854
v 0.17195908 0.02199914 0.06778854
v 0.16906201 0.02622337 0.06778854
v 0.17462687 0.02420027 0.06778854
v 0.17294905 0.03094123 0.06778854
v 0.17462687 0.02420027 0.06778854
v 0.16906201 0.02622337 0.06778854
v 0.16906201 0.02622337 0.06778854
v 0.16662620 0.03228996 0.06778854
v 0.17294905 0.03094123 0.06778854
v 0.17180533 0.03768488 0.06778854
v 0.17294905 0.03094123 0.06778854
v 0.16662620 0.03228996 0.06778854
v 0.16662620 0.03228996 0.06778854
v 0.16496727 0.03835924 0.06778854
v 0.17180533 0.03768488 0.06778854
v 0.20483034 0.02622337 0.06778854
v 0.20937287 0.02944144 0.06778854
v 0.20601992 0.02535209 0.06778854
v 0.20601992 0.02535209 0.06778854
v 0.20193057 0.02199914 0.06778854
v 0.20483034 0.02622337 0.06778854
v 0.20726345 0.03228996 0.06778854
v 0.21186532 0.03410265 0.06778854
v 0.20937287 0.02944144 0.06778854
v 0.20937287 0.02944144 0.06778854
v 0.20483034 0.02622337 0.06778854
v 0.20726345 0.03228996 0.06778854
v 0.20892239 0.03835924 0.06778854
v 0.21340018 0.03916309 0.06778854
v 0.21186532 0.03410265 0.06778854
v 0.21186532 0.03410265 0.06778854
v 0.20726345 0.03228996 0.06778854
v 0.20892239 0.03835924 0.06778854
v 0.20953202 0.04442583 0.06778854
v 0.21392079 0.04442583 0.06778854
v 0.21340018 0.03916309 0.06778854
v 0.21340018 0.03916309 0.06778854
v 0.20892239 0.03835924 0.06778854
v 0.20953202 0.04442583 0.06778854
v 0.20953202 0.04442583 0.06778854
v 0.20892239 0.05049512 0.06778854
v 0.21340018 0.04968858 0.06778854
v 0.21340018 0.04968858 0.06778854
v 0.21392079 0.04442583 0.06778854
v 0.20953202 0.04442583 0.06778854
v 0.20892239 0.05049512 0.06778854
v 0.20726345 0.05656171 0.06778854
v 0.21186532 0.05474901 0.06778854
v 0.21186532 0.05474901 0.06778854
v 0.21340018 0.04968858 0.06778854
v 0.20892239 0.05049512 0.06778854
v 0.20726345 0.05656171 0.06778854
v 0.20483034 0.06263100 0.06778854
v 0.20937287 0.05941292 0.06778854
v 0.20937287 0.05941292 0.06778854
v 0.21186532 0.05474901 0.06778854
v 0.20726345 0.05656171 0.06778854
v 0.20483034 0.06263100 0.06778854
v 0.20193057 0.06685522 0.06778854
v 0.20601992 0.06349958 0.06778854
v 0.20601992 0.06349958 0.06778854
v 0.20937287 0.05941292 0.06778854
v 0.20483034 0.06263100 0.06778854
v 0.16906201 0.06263100 0.06778854
v 0.16451679 0.05941292 0.06778854
v 0.16787243 0.06349958 0.06778854
v 0.16787243 0.06349958 0.06778854
v 0.17195908 0.06685522 0.06778854
v 0.16906201 0.06263100 0.06778854
v 0.16906201 0.02622337 0.06778854
v 0.17195908 0.02199914 0.06778854
v 0.16787243 0.02535209 0.06778854
v 0.16787243 0.02535209 0.06778854
v 0.16451679 0.02944144 0.06778854
v 0.16906201 0.02622337 0.06778854
v 0.16662620 0.03228996 0.06778854
v 0.16906201 0.02622337 0.06778854
v 0.16451679 0.02944144 0.06778854
v 0.16451679 0.02944144 0.06778854
v 0.16202434 0.03410265 0.06778854
v 0.16662620 0.03228996 0.06778854
v 0.16496727 0.03835924 0.06778854
v 0.16662620 0.03228996 0.06778854
v 0.16202434 0.03410265 0.06778854
v 0.16202434 0.03410265 0.06778854
v 0.16048948 0.03916309 0.06778854
v 0.16496727 0.03835924 0.06778854
v 0.16435764 0.04442583 0.06778854
v 0.16496727 0.03835924 0.06778854
v 0.16048948 0.03916309 0.06778854
v 0.16048948 0.03916309 0.06778854
v 0.15997157 0.04442583 0.06778854
v 0.16435764 0.04442583 0.06778854
v 0.16435764 0.04442583 0.06778854
v 0.15997157 0.04442583 0.06778854
v 0.16048948 0.04968858 0.06778854
v 0.16048948 0.04968858 0.06778854
v 0.16496727 0.05049512 0.06778854
v 0.16435764 0.04442583 0.06778854
v 0.16496727 0.05049512 0.06778854
v 0.16048948 0.04968858 0.06778854
v 0.16202434 0.05474901 0.06778854
v 0.16202434 0.05474901 0.06778854
v 0.16662620 0.05656171 0.06778854
v 0.16496727 0.05049512 0.06778854
v 0.16662620 0.05656171 0.06778854
v 0.16202434 0.05474901 0.06778854
v 0.16451679 0.05941292 0.06778854
v 0.16451679 0.05941292 0.06778854
v 0.16906201 0.06263100 0.06778854
v 0.16662620 0.05656171 0.06778854
v 0.16922386 0.04440965 0.33730534
v 0.16821231 0.04616030 0.33730534
v 0.16821231 0.04616030 0.37013884
v 0.16821231 0.04616030 0.37013884
v 0.16922386 0.04440965 0.37013884
v 0.16922386 0.04440965 0.33730534
v 0.16821231 0.04616030 0.33730534
v 0.16618922 0.04616030 0.33730534
v 0.16618922 0.04616030 0.37013884
v 0.16618922 0.04616030 0.37013884
v 0.16618922 0.04616030 0.33730534
v 0.16517767 0.04440965 0.33730534
v 0.16517767 0.04440965 0.37013884
v 0.16517767 0.04440965 0.37013884
v 0.16517767 0.04440965 0.33730534
v 0.16618922 0.04265630 0.33730534
v 0.16618922 0.04265630 0.37013884
v 0.16618922 0.04265630 0.37013884
v 0.16821231 0.04265630 0.33730534
v 0.16821231 0.04265630 0.37013884
v 0.16821231 0.04265630 0.33730534
v 0.16922386 0.04440965 0.33730534
v 0.16922386 0.04440965 0.37013884
v 0.16922386 0.04440965 0.37013884
v 0.16922386 0.04440965 0.37013884
v 0.16821231 0.04616030 0.37013884
v 0.16853870 0.04616030 0.37412029
v 0.16853870 0.04616030 0.37412029
v 0.16951519 0.04440695 0.37385864
v 0.16922386 0.04440965 0.37013884
v 0.16821231 0.04616030 0.37013884
v 0.16618922 0.04616030 0.37013884
v 0.16658305 0.04616030 0.37464360
v 0.16658305 0.04616030 0.37464360
v 0.16618922 0.04616030 0.37013884
v 0.16517767 0.04440965 0.37013884
v 0.16560656 0.04440695 0.37490525
v 0.16560656 0.04440695 0.37490525
v 0.16517767 0.04440965 0.37013884
v 0.16618922 0.04265630 0.37013884
v 0.16658305 0.04265630 0.37464360
v 0.16658305 0.04265630 0.37464360
v 0.16618922 0.04265630 0.37013884
v 0.16821231 0.04265630 0.37013884
v 0.16853870 0.04265630 0.37412029
v 0.16853870 0.04265630 0.37412029
v 0.16821231 0.04265630 0.37013884
v 0.16922386 0.04440965 0.37013884
v 0.16951519 0.04440695 0.37385864
v 0.16951519 0.04440695 0.37385864
v 0.16951519 0.04440695 0.37385864
v 0.16853870 0.04616030 0.37412029
v 0.16960150 0.04616030 0.37697690
v 0.16960150 0.04616030 0.37697690
v 0.17042962 0.04440695 0.37639695
v 0.16951519 0.04440695 0.37385864
v 0.16853870 0.04616030 0.37412029
v 0.16658305 0.04616030 0.37464360
v 0.16794257 0.04616030 0.37813681
v 0.16794257 0.04616030 0.37813681
v 0.16658305 0.04616030 0.37464360
v 0.16560656 0.04440695 0.37490525
v 0.16711445 0.04440965 0.37871676
v 0.16711445 0.04440965 0.37871676
v 0.16560656 0.04440695 0.37490525
v 0.16658305 0.04265630 0.37464360
v 0.16794257 0.04265630 0.37813681
v 0.16794257 0.04265630 0.37813681
v 0.16658305 0.04265630 0.37464360
v 0.16853870 0.04265630 0.37412029
v 0.16960150 0.04265630 0.37697690
v 0.16960150 0.04265630 0.37697690
v 0.16853870 0.04265630 0.37412029
v 0.16951519 0.04440695 0.37385864
v 0.17042962 0.04440695 0.37639695
v 0.17042962 0.04440695 0.37639695
v 0.17042962 0.04440695 0.37639695
v 0.16960150 0.04616030 0.37697690
v 0.17175678 0.04616030 0.37987397
v 0.17175678 0.04616030 0.37987397
v 0.17233673 0.04440695 0.37904585
v 0.17042962 0.04440695 0.37639695
v 0.16960150 0.04616030 0.37697690
v 0.16794257 0.04616030 0.37813681
v 0.17059417 0.04616030 0.38153022
v 0.17059417 0.04616030 0.38153022
v 0.16794257 0.04616030 0.37813681
v 0.16711445 0.04440965 0.37871676
v 0.17001422 0.04440965 0.38236103
v 0.17001422 0.04440965 0.38236103
v 0.16711445 0.04440965 0.37871676
v 0.16794257 0.04265630 0.37813681
v 0.17059417 0.04265630 0.38153022
v 0.17059417 0.04265630 0.38153022
v 0.16794257 0.04265630 0.37813681
v 0.16960150 0.04265630 0.37697690
v 0.17175678 0.04265630 0.37987397
v 0.17175678 0.04265630 0.37987397
v 0.16960150 0.04265630 0.37697690
v 0.17042962 0.04440695 0.37639695
v 0.17233673 0.04440695 0.37904585
v 0.17233673 0.04440695 0.37904585
v 0.17233673 0.04440695 0.37904585
v 0.17175678 0.04616030 0.37987397
v 0.17495057 0.04616030 0.38226662
v 0.17495057 0.04616030 0.38226662
v 0.17537677 0.04440965 0.38135218
v 0.17233673 0.04440695 0.37904585
v 0.17175678 0.04616030 0.37987397
v 0.17059417 0.04616030 0.38153022
v 0.17409547 0.04616030 0.38410090
v 0.17409547 0.04616030 0.38410090
v 0.17059417 0.04616030 0.38153022
v 0.17001422 0.04440965 0.38236103
v 0.17366928 0.04440695 0.38501803
v 0.17366928 0.04440695 0.38501803
v 0.17001422 0.04440965 0.38236103
v 0.17059417 0.04265630 0.38153022
v 0.17409547 0.04265630 0.38410090
v 0.17409547 0.04265630 0.38410090
v 0.17059417 0.04265630 0.38153022
v 0.17175678 0.04265630 0.37987397
v 0.17495057 0.04265630 0.38226662
v 0.17495057 0.04265630 0.38226662
v 0.17175678 0.04265630 0.37987397
v 0.17233673 0.04440695 0.37904585
v 0.17537677 0.04440965 0.38135218
v 0.17537677 0.04440965 0.38135218
v 0.17495057 0.04616030 0.38226662
v 0.17852740 0.04616030 0.38358029
v 0.17870274 0.04440965 0.38258762
v 0.17870274 0.04440965 0.38258762
v 0.17537677 0.04440965 0.38135218
v 0.17495057 0.04616030 0.38226662
v 0.17409547 0.04616030 0.38410090
v 0.17817673 0.04616030 0.38556292
v 0.17852740 0.04616030 0.38358029
v 0.17409547 0.04616030 0.38410090
v 0.17366928 0.04440695 0.38501803
v 0.17800140 0.04440965 0.38655559
v 0.17817673 0.04616030 0.38556292
v 0.17366928 0.04440695 0.38501803
v 0.17366928 0.04440695 0.38501803
v 0.17409547 0.04265630 0.38410090
v 0.17817673 0.04265630 0.38556292
v 0.17817673 0.04265630 0.38556292
v 0.17409547 0.04265630 0.38410090
v 0.17495057 0.04265630 0.38226662
v 0.17852740 0.04265630 0.38358029
v 0.17852740 0.04265630 0.38358029
v 0.17495057 0.04265630 0.38226662
v 0.17537677 0.04440965 0.38135218
v 0.17870274 0.04440965 0.38258762
v 0.17870274 0.04440965 0.38258762
v 0.18316164 0.04440695 0.38341574
v 0.18307532 0.04616030 0.38442459
v 0.18699473 0.04616030 0.38464578
v 0.18699473 0.04616030 0.38464578
v 0.18699473 0.04440965 0.38363424
v 0.18316164 0.04440695 0.38341574
v 0.18307532 0.04616030 0.38442459
v 0.18289729 0.04616030 0.38643959
v 0.18699473 0.04616030 0.38666888
v 0.18699473 0.04616030 0.38666888
v 0.18289729 0.04616030 0.38643959
v 0.18280827 0.04440695 0.38744575
v 0.18699473 0.04440965 0.38768043
v 0.18699473 0.04440965 0.38768043
v 0.18280827 0.04440695 0.38744575
v 0.18289729 0.04265630 0.38643959
v 0.18699473 0.04265630 0.38666888
v 0.18699473 0.04265630 0.38666888
v 0.18289729 0.04265630 0.38643959
v 0.18307532 0.04265630 0.38442459
v 0.18699473 0.04265630 0.38464578
v 0.18699473 0.04265630 0.38464578
v 0.18307532 0.04265630 0.38442459
v 0.18316164 0.04440695 0.38341574
v 0.18699473 0.04440965 0.38363424
v 0.18699473 0.04440965 0.38363424
v 0.17852740 0.04616030 0.38358029
v 0.18307532 0.04616030 0.38442459
v 0.18316164 0.04440695 0.38341574
v 0.18316164 0.04440695 0.38341574
v 0.17870274 0.04440965 0.38258762
v 0.17852740 0.04616030 0.38358029
v 0.17817673 0.04616030 0.38556292
v 0.18289729 0.04616030 0.38643959
v 0.18307532 0.04616030 0.38442459
v 0.17817673 0.04616030 0.38556292
v 0.17800140 0.04440965 0.38655559
v 0.18280827 0.04440695 0.38744575
v 0.18289729 0.04616030 0.38643959
v 0.17800140 0.04440965 0.38655559
v 0.18289729 0.04265630 0.38643959
v 0.17800140 0.04440965 0.38655559
v 0.17817673 0.04265630 0.38556292
v 0.18289729 0.04265630 0.38643959
v 0.18307532 0.04265630 0.38442459
v 0.17817673 0.04265630 0.38556292
v 0.17852740 0.04265630 0.38358029
v 0.18307532 0.04265630 0.38442459
v 0.18316164 0.04440695 0.38341574
v 0.17852740 0.04265630 0.38358029
v 0.17870274 0.04440965 0.38258762
v 0.18316164 0.04440695 0.38341574
v 0.20476291 0.04440965 0.33730534
v 0.20476291 0.04440965 0.37013884
v 0.20577445 0.04616030 0.37013884
v 0.20577445 0.04616030 0.37013884
v 0.20577445 0.04616030 0.33730534
v 0.20476291 0.04440965 0.33730534
v 0.20779755 0.04616030 0.37013884
v 0.20779755 0.04616030 0.37013884
v 0.20779755 0.04616030 0.33730534
v 0.20577445 0.04616030 0.33730534
v 0.20880910 0.04440965 0.37013884
v 0.20880910 0.04440965 0.37013884
v 0.20880910 0.04440965 0.33730534
v 0.20779755 0.04616030 0.33730534
v 0.20779755 0.04265630 0.37013884
v 0.20779755 0.04265630 0.37013884
v 0.20779755 0.04265630 0.33730534
v 0.20880910 0.04440965 0.33730534
v 0.20577445 0.04265630 0.37013884
v 0.20577445 0.04265630 0.37013884
v 0.20577445 0.04265630 0.33730534
v 0.20779755 0.04265630 0.33730534
v 0.20476291 0.04440965 0.37013884
v 0.20476291 0.04440965 0.37013884
v 0.20476291 0.04440965 0.33730534
v 0.20577445 0.04265630 0.33730534
v 0.20476291 0.04440965 0.37013884
v 0.20447158 0.04440965 0.37385864
v 0.20544806 0.04616030 0.37412029
v 0.20544806 0.04616030 0.37412029
v 0.20577445 0.04616030 0.37013884
v 0.20476291 0.04440965 0.37013884
v 0.20740372 0.04616030 0.37464360
v 0.20740372 0.04616030 0.37464360
v 0.20779755 0.04616030 0.37013884
v 0.20577445 0.04616030 0.37013884
v 0.20838020 0.04440695 0.37490525
v 0.20838020 0.04440695 0.37490525
v 0.20880910 0.04440965 0.37013884
v 0.20779755 0.04616030 0.37013884
v 0.20740372 0.04265630 0.37464360
v 0.20740372 0.04265630 0.37464360
v 0.20779755 0.04265630 0.37013884
v 0.20880910 0.04440965 0.37013884
v 0.20544806 0.04265630 0.37412029
v 0.20544806 0.04265630 0.37412029
v 0.20577445 0.04265630 0.37013884
v 0.20779755 0.04265630 0.37013884
v 0.20447158 0.04440965 0.37385864
v 0.20447158 0.04440965 0.37385864
v 0.20476291 0.04440965 0.37013884
v 0.20577445 0.04265630 0.37013884
v 0.20447158 0.04440965 0.37385864
v 0.20355714 0.04440695 0.37639695
v 0.20438526 0.04616030 0.37697690
v 0.20438526 0.04616030 0.37697690
v 0.20544806 0.04616030 0.37412029
v 0.20447158 0.04440965 0.37385864
v 0.20604420 0.04616030 0.37813681
v 0.20604420 0.04616030 0.37813681
v 0.20740372 0.04616030 0.37464360
v 0.20544806 0.04616030 0.37412029
v 0.20687232 0.04440965 0.37871676
v 0.20687232 0.04440965 0.37871676
v 0.20838020 0.04440695 0.37490525
v 0.20740372 0.04616030 0.37464360
v 0.20604420 0.04265630 0.37813681
v 0.20604420 0.04265630 0.37813681
v 0.20740372 0.04265630 0.37464360
v 0.20838020 0.04440695 0.37490525
v 0.20438526 0.04265630 0.37697690
v 0.20438526 0.04265630 0.37697690
v 0.20544806 0.04265630 0.37412029
v 0.20740372 0.04265630 0.37464360
v 0.20355714 0.04440695 0.37639695
v 0.20355714 0.04440695 0.37639695
v 0.20447158 0.04440965 0.37385864
v 0.20544806 0.04265630 0.37412029
v 0.20355714 0.04440695 0.37639695
v 0.20165273 0.04440695 0.37904585
v 0.20223269 0.04616030 0.37987397
v 0.20223269 0.04616030 0.37987397
v 0.20438526 0.04616030 0.37697690
v 0.20355714 0.04440695 0.37639695
v 0.20339260 0.04616030 0.38153022
v 0.20339260 0.04616030 0.38153022
v 0.20604420 0.04616030 0.37813681
v 0.20438526 0.04616030 0.37697690
v 0.20397255 0.04440965 0.38236103
v 0.20397255 0.04440965 0.38236103
v 0.20687232 0.04440965 0.37871676
v 0.20604420 0.04616030 0.37813681
v 0.20339260 0.04265630 0.38153022
v 0.20339260 0.04265630 0.38153022
v 0.20604420 0.04265630 0.37813681
v 0.20687232 0.04440965 0.37871676
v 0.20223269 0.04265630 0.37987397
v 0.20223269 0.04265630 0.37987397
v 0.20438526 0.04265630 0.37697690
v 0.20604420 0.04265630 0.37813681
v 0.20165273 0.04440695 0.37904585
v 0.20165273 0.04440695 0.37904585
v 0.20355714 0.04440695 0.37639695
v 0.20438526 0.04265630 0.37697690
v 0.20165273 0.04440695 0.37904585
v 0.19861000 0.04440965 0.38135218
v 0.19903620 0.04616030 0.38226662
v 0.19903620 0.04616030 0.38226662
v 0.20223269 0.04616030 0.37987397
v 0.20165273 0.04440695 0.37904585
v 0.19989129 0.04616030 0.38410090
v 0.19989129 0.04616030 0.38410090
v 0.20339260 0.04616030 0.38153022
v 0.20223269 0.04616030 0.37987397
v 0.20032019 0.04440695 0.38501803
v 0.20032019 0.04440695 0.38501803
v 0.20397255 0.04440965 0.38236103
v 0.20339260 0.04616030 0.38153022
v 0.19989129 0.04265630 0.38410090
v 0.19989129 0.04265630 0.38410090
v 0.20339260 0.04265630 0.38153022
v 0.20397255 0.04440965 0.38236103
v 0.19903620 0.04265630 0.38226662
v 0.19903620 0.04265630 0.38226662
v 0.20223269 0.04265630 0.37987397
v 0.20339260 0.04265630 0.38153022
v 0.19861000 0.04440965 0.38135218
v 0.19861000 0.04440965 0.38135218
v 0.20165273 0.04440695 0.37904585
v 0.20223269 0.04265630 0.37987397
v 0.19903620 0.04616030 0.38226662
v 0.19861000 0.04440965 0.38135218
v 0.19528403 0.04440965 0.38258762
v 0.19528403 0.04440965 0.38258762
v 0.19545936 0.04616030 0.38358029
v 0.19903620 0.04616030 0.38226662
v 0.19989129 0.04616030 0.38410090
v 0.19545936 0.04616030 0.38358029
v 0.19581003 0.04616030 0.38556292
v 0.19989129 0.04616030 0.38410090
v 0.20032019 0.04440695 0.38501803
v 0.19581003 0.04616030 0.38556292
v 0.19598537 0.04440965 0.38655559
v 0.20032019 0.04440695 0.38501803
v 0.19581003 0.04265630 0.38556292
v 0.19581003 0.04265630 0.38556292
v 0.19989129 0.04265630 0.38410090
v 0.20032019 0.04440695 0.38501803
v 0.19545936 0.04265630 0.38358029
v 0.19545936 0.04265630 0.38358029
v 0.19903620 0.04265630 0.38226662
v 0.19989129 0.04265630 0.38410090
v 0.19528403 0.04440965 0.38258762
v 0.19528403 0.04440965 0.38258762
v 0.19861000 0.04440965 0.38135218
v 0.19903620 0.04265630 0.38226662
v 0.19082513 0.04440695 0.38341574
v 0.18699473 0.04440965 0.38363424
v 0.18699473 0.04616030 0.38464578
v 0.18699473 0.04616030 0.38464578
v 0.19091414 0.04616030 0.38442459
v 0.19082513 0.04440695 0.38341574
v 0.18699473 0.04616030 0.38666888
v 0.18699473 0.04616030 0.38666888
v 0.19108948 0.04616030 0.38643959
v 0.19091414 0.04616030 0.38442459
v 0.18699473 0.04440965 0.38768043
v 0.18699473 0.04440965 0.38768043
v 0.19117849 0.04440695 0.38744575
v 0.19108948 0.04616030 0.38643959
v 0.18699473 0.04265630 0.38666888
v 0.18699473 0.04265630 0.38666888
v 0.19108948 0.04265630 0.38643959
v 0.19117849 0.04440695 0.38744575
v 0.18699473 0.04265630 0.38464578
v 0.18699473 0.04265630 0.38464578
v 0.19091414 0.04265630 0.38442459
v 0.19108948 0.04265630 0.38643959
v 0.18699473 0.04440965 0.38363424
v 0.18699473 0.04440965 0.38363424
v 0.19082513 0.04440695 0.38341574
v 0.19091414 0.04265630 0.38442459
v 0.19545936 0.04616030 0.38358029
v 0.19528403 0.04440965 0.38258762
v 0.19082513 0.04440695 0.38341574
v 0.19082513 0.04440695 0.38341574
v 0.19091414 0.04616030 0.38442459
v 0.19545936 0.04616030 0.38358029
v 0.19581003 0.04616030 0.38556292
v 0.19091414 0.04616030 0.38442459
v 0.19108948 0.04616030 0.38643959
v 0.19581003 0.04616030 0.38556292
v 0.19598537 0.04440965 0.38655559
v 0.19108948 0.04616030 0.38643959
v 0.19117849 0.04440695 0.38744575
v 0.19598537 0.04440965 0.38655559
v 0.19108948 0.04265630 0.38643959
v 0.19581003 0.04265630 0.38556292
v 0.19598537 0.04440965 0.38655559
v 0.19108948 0.04265630 0.38643959
v 0.19091414 0.04265630 0.38442459
v 0.19545936 0.04265630 0.38358029
v 0.19581003 0.04265630 0.38556292
v 0.19091414 0.04265630 0.38442459
v 0.19082513 0.04440695 0.38341574
v 0.19528403 0.04440965 0.38258762
v 0.19545936 0.04265630 0.38358029
v 0.19082513 0.04440695 0.38341574
v 0.18694618 -0.15073546 -0.28766667
v 0.18694618 -0.14263499 -0.30119983
v 0.20404268 -0.14118915 -0.30081140
v 0.20404268 -0.14118915 -0.30081140
v 0.20479258 -0.14922758 -0.28726205
v 0.18694618 -0.15073546 -0.28766667
v 0.20479258 -0.14922758 -0.28726205
v 0.20404268 -0.14118915 -0.30081140
v 0.22062128 -0.13690019 -0.29966228
v 0.22062128 -0.13690019 -0.29966228
v 0.22209949 -0.14474710 -0.28606168
v 0.20479258 -0.14922758 -0.28726205
v 0.22209949 -0.14474710 -0.28606168
v 0.22062128 -0.13690019 -0.29966228
v 0.23617754 -0.12989218 -0.29778485
v 0.23617754 -0.12989218 -0.29778485
v 0.23833820 -0.13743428 -0.28410332
v 0.22209949 -0.14474710 -0.28606168
v 0.23833820 -0.13743428 -0.28410332
v 0.23617754 -0.12989218 -0.29778485
v 0.25023670 -0.12038363 -0.29523574
v 0.25023670 -0.12038363 -0.29523574
v 0.25301509 -0.12750763 -0.28144363
v 0.23833820 -0.13743428 -0.28410332
v 0.25301509 -0.12750763 -0.28144363
v 0.25023670 -0.12038363 -0.29523574
v 0.26237258 -0.10866047 -0.29209590
v 0.26237258 -0.10866047 -0.29209590
v 0.26568236 -0.11527194 -0.27816351
v 0.25301509 -0.12750763 -0.28144363
v 0.26568236 -0.11527194 -0.27816351
v 0.26237258 -0.10866047 -0.29209590
v 0.27221561 -0.09508145 -0.28845703
v 0.27221561 -0.09508145 -0.28845703
v 0.27595969 -0.10109409 -0.27436549
v 0.26568236 -0.11527194 -0.27816351
v 0.27595969 -0.10109409 -0.27436549
v 0.27221561 -0.09508145 -0.28845703
v 0.27946909 -0.08005659 -0.28442972
v 0.27946909 -0.08005659 -0.28442972
v 0.28353146 -0.08541105 -0.27016285
v 0.27595969 -0.10109409 -0.27436549
v 0.28353146 -0.08541105 -0.27016285
v 0.27946909 -0.08005659 -0.28442972
v 0.28391180 -0.06404177 -0.28014075
v 0.28391180 -0.06404177 -0.28014075
v 0.28816840 -0.06869489 -0.26568506
v 0.28353146 -0.08541105 -0.27016285
v 0.28816840 -0.06869489 -0.26568506
v 0.28391180 -0.06404177 -0.28014075
v 0.28540620 -0.04752791 -0.27571422
v 0.28540620 -0.04752791 -0.27571422
v 0.28973023 -0.05145272 -0.26106431
v 0.28816840 -0.06869489 -0.26568506
v 0.28973023 -0.05145272 -0.26106431
v 0.28540620 -0.04752791 -0.27571422
v 0.28391180 -0.03101136 -0.27129038
v 0.28391180 -0.03101136 -0.27129038
v 0.28816840 -0.03421325 -0.25644356
v 0.28973023 -0.05145272 -0.26106431
v 0.28816840 -0.03421325 -0.25644356
v 0.28391180 -0.03101136 -0.27129038
v 0.27946909 -0.01499923 -0.26699872
v 0.27946909 -0.01499923 -0.26699872
v 0.28353146 -0.01749708 -0.25196577
v 0.28816840 -0.03421325 -0.25644356
v 0.28353146 -0.01749708 -0.25196577
v 0.27946909 -0.01499923 -0.26699872
v 0.27221561 0.00002563 -0.26297411
v 0.27221561 0.00002563 -0.26297411
v 0.27595969 -0.00181134 -0.24776313
v 0.28353146 -0.01749708 -0.25196577
v 0.27595969 -0.00181134 -0.24776313
v 0.27221561 0.00002563 -0.26297411
v 0.26237258 0.01360464 -0.25933524
v 0.26237258 0.01360464 -0.25933524
v 0.26568236 0.01236381 -0.24396511
v 0.27595969 -0.00181134 -0.24776313
v 0.26568236 0.01236381 -0.24396511
v 0.26237258 0.01360464 -0.25933524
v 0.25023670 0.02532781 -0.25619270
v 0.25023670 0.02532781 -0.25619270
v 0.25301509 0.02460219 -0.24068499
v 0.26568236 0.01236381 -0.24396511
v 0.25301509 0.02460219 -0.24068499
v 0.25023670 0.02532781 -0.25619270
v 0.23617754 0.03483636 -0.25364629
v 0.23617754 0.03483636 -0.25364629
v 0.23833820 0.03452885 -0.23802530
v 0.25301509 0.02460219 -0.24068499
v 0.23833820 0.03452885 -0.23802530
v 0.23617754 0.03483636 -0.25364629
v 0.22062128 0.04184436 -0.25176886
v 0.22062128 0.04184436 -0.25176886
v 0.22209949 0.04184166 -0.23606694
v 0.23833820 0.03452885 -0.23802530
v 0.22209949 0.04184166 -0.23606694
v 0.22062128 0.04184436 -0.25176886
v 0.20404268 0.04613332 -0.25061704
v 0.20404268 0.04613332 -0.25061704
v 0.20479258 0.04631945 -0.23486657
v 0.22209949 0.04184166 -0.23606694
v 0.20479258 0.04631945 -0.23486657
v 0.20404268 0.04613332 -0.25061704
v 0.18694618 0.04757916 -0.25023131
v 0.18694618 0.04757916 -0.25023131
v 0.18694618 0.04783003 -0.23446195
v 0.20479258 0.04631945 -0.23486657
v 0.18694618 0.04783003 -0.23446195
v 0.18694618 0.04757916 -0.25023131
v 0.16984697 0.04613332 -0.25061704
v 0.16984697 0.04613332 -0.25061704
v 0.16909708 0.04631945 -0.23486657
v 0.18694618 0.04783003 -0.23446195
v 0.16909708 0.04631945 -0.23486657
v 0.16984697 0.04613332 -0.25061704
v 0.15326838 0.04184436 -0.25176886
v 0.15326838 0.04184436 -0.25176886
v 0.15179017 0.04184166 -0.23606694
v 0.16909708 0.04631945 -0.23486657
v 0.15179017 0.04184166 -0.23606694
v 0.15326838 0.04184436 -0.25176886
v 0.13771482 0.03483636 -0.25364629
v 0.13771482 0.03483636 -0.25364629
v 0.13555415 0.03452885 -0.23802530
v 0.15179017 0.04184166 -0.23606694
v 0.13555415 0.03452885 -0.23802530
v 0.13771482 0.03483636 -0.25364629
v 0.12365565 0.02532781 -0.25619270
v 0.12365565 0.02532781 -0.25619270
v 0.12087727 0.02460219 -0.24068499
v 0.13555415 0.03452885 -0.23802530
v 0.12087727 0.02460219 -0.24068499
v 0.12365565 0.02532781 -0.25619270
v 0.11151978 0.01360464 -0.25933524
v 0.11151978 0.01360464 -0.25933524
v 0.10820729 0.01236381 -0.24396511
v 0.12087727 0.02460219 -0.24068499
v 0.10820729 0.01236381 -0.24396511
v 0.11151978 0.01360464 -0.25933524
v 0.10167404 0.00002563 -0.26297411
v 0.10167404 0.00002563 -0.26297411
v 0.09792997 -0.00181134 -0.24776313
v 0.10820729 0.01236381 -0.24396511
v 0.09792997 -0.00181134 -0.24776313
v 0.10167404 0.00002563 -0.26297411
v 0.09442057 -0.01499923 -0.26699872
v 0.09442057 -0.01499923 -0.26699872
v 0.09035820 -0.01749708 -0.25196577
v 0.09792997 -0.00181134 -0.24776313
v 0.09035820 -0.01749708 -0.25196577
v 0.09442057 -0.01499923 -0.26699872
v 0.08997785 -0.03101136 -0.27129038
v 0.08997785 -0.03101136 -0.27129038
v 0.08572126 -0.03421325 -0.25644356
v 0.09035820 -0.01749708 -0.25196577
v 0.08572126 -0.03421325 -0.25644356
v 0.08997785 -0.03101136 -0.27129038
v 0.08848346 -0.04752791 -0.27571422
v 0.08848346 -0.04752791 -0.27571422
v 0.08415943 -0.05145272 -0.26106431
v 0.08572126 -0.03421325 -0.25644356
v 0.08415943 -0.05145272 -0.26106431
v 0.08848346 -0.04752791 -0.27571422
v 0.08997785 -0.06404177 -0.28014075
v 0.08997785 -0.06404177 -0.28014075
v 0.08572126 -0.06869489 -0.26568506
v 0.08415943 -0.05145272 -0.26106431
v 0.08572126 -0.06869489 -0.26568506
v 0.08997785 -0.06404177 -0.28014075
v 0.09442057 -0.08005659 -0.28442972
v 0.09442057 -0.08005659 -0.28442972
v 0.09035820 -0.08541105 -0.27016285
v 0.08572126 -0.06869489 -0.26568506
v 0.09035820 -0.08541105 -0.27016285
v 0.09442057 -0.08005659 -0.28442972
v 0.10167404 -0.09508145 -0.28845703
v 0.10167404 -0.09508145 -0.28845703
v 0.09792997 -0.10109409 -0.27436549
v 0.09035820 -0.08541105 -0.27016285
v 0.09792997 -0.10109409 -0.27436549
v 0.10167404 -0.09508145 -0.28845703
v 0.11151978 -0.10866047 -0.29209590
v 0.11151978 -0.10866047 -0.29209590
v 0.10820729 -0.11527194 -0.27816351
v 0.09792997 -0.10109409 -0.27436549
v 0.10820729 -0.11527194 -0.27816351
v 0.11151978 -0.10866047 -0.29209590
v 0.12365565 -0.12038363 -0.29523574
v 0.12365565 -0.12038363 -0.29523574
v 0.12087727 -0.12750763 -0.28144363
v 0.10820729 -0.11527194 -0.27816351
v 0.12087727 -0.12750763 -0.28144363
v 0.12365565 -0.12038363 -0.29523574
v 0.13771482 -0.12989218 -0.29778485
v 0.13771482 -0.12989218 -0.29778485
v 0.13555415 -0.13743428 -0.28410332
v 0.12087727 -0.12750763 -0.28144363
v 0.13555415 -0.13743428 -0.28410332
v 0.13771482 -0.12989218 -0.29778485
v 0.15326838 -0.13690019 -0.29966228
v 0.15326838 -0.13690019 -0.29966228
v 0.15179017 -0.14474710 -0.28606168
v 0.13555415 -0.13743428 -0.28410332
v 0.15179017 -0.14474710 -0.28606168
v 0.15326838 -0.13690019 -0.29966228
v 0.16984697 -0.14118915 -0.30081140
v 0.16984697 -0.14118915 -0.30081140
v 0.16909708 -0.14922758 -0.28726205
v 0.15179017 -0.14474710 -0.28606168
v 0.16909708 -0.14922758 -0.28726205
v 0.16984697 -0.14118915 -0.30081140
v 0.18694618 -0.14263499 -0.30119983
v 0.18694618 -0.14263499 -0.30119983
v 0.18694618 -0.15073546 -0.28766667
v 0.16909708 -0.14922758 -0.28726205
v 0.18694618 -0.14263499 -0.30119983
v 0.18694618 -0.13277037 -0.31306057
v 0.20292054 -0.13141895 -0.31269911
v 0.20292054 -0.13141895 -0.31269911
v 0.20404268 -0.14118915 -0.30081140
v 0.18694618 -0.14263499 -0.30119983
v 0.20404268 -0.14118915 -0.30081140
v 0.20292054 -0.13141895 -0.31269911
v 0.21841206 -0.12741052 -0.31162282
v 0.21841206 -0.12741052 -0.31162282
v 0.22062128 -0.13690019 -0.29966228
v 0.20404268 -0.14118915 -0.30081140
v 0.22062128 -0.13690019 -0.29966228
v 0.21841206 -0.12741052 -0.31162282
v 0.23294598 -0.12086378 -0.30986947
v 0.23294598 -0.12086378 -0.30986947
v 0.23617754 -0.12989218 -0.29778485
v 0.22062128 -0.13690019 -0.29966228
v 0.23617754 -0.12989218 -0.29778485
v 0.23294598 -0.12086378 -0.30986947
v 0.24608261 -0.11197834 -0.30748761
v 0.24608261 -0.11197834 -0.30748761
v 0.25023670 -0.12038363 -0.29523574
v 0.23617754 -0.12989218 -0.29778485
v 0.25023670 -0.12038363 -0.29523574
v 0.24608261 -0.11197834 -0.30748761
v 0.25742274 -0.10102396 -0.30455277
v 0.25742274 -0.10102396 -0.30455277
v 0.26237258 -0.10866047 -0.29209590
v 0.25023670 -0.12038363 -0.29523574
v 0.26237258 -0.10866047 -0.29209590
v 0.25742274 -0.10102396 -0.30455277
v 0.26662108 -0.08833510 -0.30115397
v 0.26662108 -0.08833510 -0.30115397
v 0.27221561 -0.09508145 -0.28845703
v 0.26237258 -0.10866047 -0.29209590
v 0.27221561 -0.09508145 -0.28845703
v 0.26662108 -0.08833510 -0.30115397
v 0.27339980 -0.07429751 -0.29739102
v 0.27339980 -0.07429751 -0.29739102
v 0.27946909 -0.08005659 -0.28442972
v 0.27221561 -0.09508145 -0.28845703
v 0.27946909 -0.08005659 -0.28442972
v 0.27339980 -0.07429751 -0.29739102
v 0.27755119 -0.05933470 -0.29338259
v 0.27755119 -0.05933470 -0.29338259
v 0.28391180 -0.06404177 -0.28014075
v 0.27946909 -0.08005659 -0.28442972
v 0.28391180 -0.06404177 -0.28014075
v 0.27755119 -0.05933470 -0.29338259
v 0.27894848 -0.04390252 -0.28924738
v 0.27894848 -0.04390252 -0.28924738
v 0.28540620 -0.04752791 -0.27571422
v 0.28391180 -0.06404177 -0.28014075
v 0.28540620 -0.04752791 -0.27571422
v 0.27894848 -0.04390252 -0.28924738
v 0.27755119 -0.02847035 -0.28511217
v 0.27755119 -0.02847035 -0.28511217
v 0.28391180 -0.03101136 -0.27129038
v 0.28540620 -0.04752791 -0.27571422
v 0.28391180 -0.03101136 -0.27129038
v 0.27755119 -0.02847035 -0.28511217
v 0.27339980 -0.01350754 -0.28110375
v 0.27339980 -0.01350754 -0.28110375
v 0.27946909 -0.01499923 -0.26699872
v 0.28391180 -0.03101136 -0.27129038
v 0.27946909 -0.01499923 -0.26699872
v 0.27339980 -0.01350754 -0.28110375
v 0.26662108 0.00053275 -0.27734079
v 0.26662108 0.00053275 -0.27734079
v 0.27221561 0.00002563 -0.26297411
v 0.27946909 -0.01499923 -0.26699872
v 0.27221561 0.00002563 -0.26297411
v 0.26662108 0.00053275 -0.27734079
v 0.25742274 0.01322160 -0.27394199
v 0.25742274 0.01322160 -0.27394199
v 0.26237258 0.01360464 -0.25933524
v 0.27221561 0.00002563 -0.26297411
v 0.26237258 0.01360464 -0.25933524
v 0.25742274 0.01322160 -0.27394199
v 0.24608261 0.02417599 -0.27100715
v 0.24608261 0.02417599 -0.27100715
v 0.25023670 0.02532781 -0.25619270
v 0.26237258 0.01360464 -0.25933524
v 0.25023670 0.02532781 -0.25619270
v 0.24608261 0.02417599 -0.27100715
v 0.23294598 0.03306143 -0.26862529
v 0.23294598 0.03306143 -0.26862529
v 0.23617754 0.03483636 -0.25364629
v 0.25023670 0.02532781 -0.25619270
v 0.23617754 0.03483636 -0.25364629
v 0.23294598 0.03306143 -0.26862529
v 0.21841206 0.03960547 -0.26687194
v 0.21841206 0.03960547 -0.26687194
v 0.22062128 0.04184436 -0.25176886
v 0.23617754 0.03483636 -0.25364629
v 0.22062128 0.04184436 -0.25176886
v 0.21841206 0.03960547 -0.26687194
v 0.20292054 0.04361659 -0.26579835
v 0.20292054 0.04361659 -0.26579835
v 0.20404268 0.04613332 -0.25061704
v 0.22062128 0.04184436 -0.25176886
v 0.20404268 0.04613332 -0.25061704
v 0.20292054 0.04361659 -0.26579835
v 0.18694618 0.04496532 -0.26543689
v 0.18694618 0.04496532 -0.26543689
v 0.18694618 0.04757916 -0.25023131
v 0.20404268 0.04613332 -0.25061704
v 0.18694618 0.04757916 -0.25023131
v 0.18694618 0.04496532 -0.26543689
v 0.17096912 0.04361659 -0.26579835
v 0.17096912 0.04361659 -0.26579835
v 0.16984697 0.04613332 -0.25061704
v 0.18694618 0.04757916 -0.25023131
v 0.16984697 0.04613332 -0.25061704
v 0.17096912 0.04361659 -0.26579835
v 0.15547760 0.03960547 -0.26687194
v 0.15547760 0.03960547 -0.26687194
v 0.15326838 0.04184436 -0.25176886
v 0.16984697 0.04613332 -0.25061704
v 0.15326838 0.04184436 -0.25176886
v 0.15547760 0.03960547 -0.26687194
v 0.14094368 0.03306143 -0.26862529
v 0.14094368 0.03306143 -0.26862529
v 0.13771482 0.03483636 -0.25364629
v 0.15326838 0.04184436 -0.25176886
v 0.13771482 0.03483636 -0.25364629
v 0.14094368 0.03306143 -0.26862529
v 0.12780705 0.02417599 -0.27100715
v 0.12780705 0.02417599 -0.27100715
v 0.12365565 0.02532781 -0.25619270
v 0.13771482 0.03483636 -0.25364629
v 0.12365565 0.02532781 -0.25619270
v 0.12780705 0.02417599 -0.27100715
v 0.11646692 0.01322160 -0.27394199
v 0.11646692 0.01322160 -0.27394199
v 0.11151978 0.01360464 -0.25933524
v 0.12365565 0.02532781 -0.25619270
v 0.11151978 0.01360464 -0.25933524
v 0.11646692 0.01322160 -0.27394199
v 0.10726858 0.00053275 -0.27734079
v 0.10726858 0.00053275 -0.27734079
v 0.10167404 0.00002563 -0.26297411
v 0.11151978 0.01360464 -0.25933524
v 0.10167404 0.00002563 -0.26297411
v 0.10726858 0.00053275 -0.27734079
v 0.10048986 -0.01350754 -0.28110375
v 0.10048986 -0.01350754 -0.28110375
v 0.09442057 -0.01499923 -0.26699872
v 0.10167404 0.00002563 -0.26297411
v 0.09442057 -0.01499923 -0.26699872
v 0.10048986 -0.01350754 -0.28110375
v 0.09634116 -0.02847035 -0.28511217
v 0.09634116 -0.02847035 -0.28511217
v 0.08997785 -0.03101136 -0.27129038
v 0.09442057 -0.01499923 -0.26699872
v 0.08997785 -0.03101136 -0.27129038
v 0.09634116 -0.02847035 -0.28511217
v 0.09494388 -0.04390252 -0.28924738
v 0.09494388 -0.04390252 -0.28924738
v 0.08848346 -0.04752791 -0.27571422
v 0.08997785 -0.03101136 -0.27129038
v 0.08848346 -0.04752791 -0.27571422
v 0.09494388 -0.04390252 -0.28924738
v 0.09634116 -0.05933470 -0.29338259
v 0.09634116 -0.05933470 -0.29338259
v 0.08997785 -0.06404177 -0.28014075
v 0.08848346 -0.04752791 -0.27571422
v 0.08997785 -0.06404177 -0.28014075
v 0.09634116 -0.05933470 -0.29338259
v 0.10048986 -0.07429751 -0.29739102
v 0.10048986 -0.07429751 -0.29739102
v 0.09442057 -0.08005659 -0.28442972
v 0.08997785 -0.06404177 -0.28014075
v 0.09442057 -0.08005659 -0.28442972
v 0.10048986 -0.07429751 -0.29739102
v 0.10726858 -0.08833510 -0.30115397
v 0.10726858 -0.08833510 -0.30115397
v 0.10167404 -0.09508145 -0.28845703
v 0.09442057 -0.08005659 -0.28442972
v 0.10167404 -0.09508145 -0.28845703
v 0.10726858 -0.08833510 -0.30115397
v 0.11646692 -0.10102396 -0.30455277
v 0.11646692 -0.10102396 -0.30455277
v 0.11151978 -0.10866047 -0.29209590
v 0.10167404 -0.09508145 -0.28845703
v 0.11151978 -0.10866047 -0.29209590
v 0.11646692 -0.10102396 -0.30455277
v 0.12780705 -0.11197834 -0.30748761
v 0.12780705 -0.11197834 -0.30748761
v 0.12365565 -0.12038363 -0.29523574
v 0.11151978 -0.10866047 -0.29209590
v 0.12365565 -0.12038363 -0.29523574
v 0.12780705 -0.11197834 -0.30748761
v 0.14094368 -0.12086378 -0.30986947
v 0.14094368 -0.12086378 -0.30986947
v 0.13771482 -0.12989218 -0.29778485
v 0.12365565 -0.12038363 -0.29523574
v 0.13771482 -0.12989218 -0.29778485
v 0.14094368 -0.12086378 -0.30986947
v 0.15547760 -0.12741052 -0.31162282
v 0.15547760 -0.12741052 -0.31162282
v 0.15326838 -0.13690019 -0.29966228
v 0.13771482 -0.12989218 -0.29778485
v 0.15326838 -0.13690019 -0.29966228
v 0.15547760 -0.12741052 -0.31162282
v 0.17096912 -0.13141895 -0.31269911
v 0.17096912 -0.13141895 -0.31269911
v 0.16984697 -0.14118915 -0.30081140
v 0.15326838 -0.13690019 -0.29966228
v 0.16984697 -0.14118915 -0.30081140
v 0.17096912 -0.13141895 -0.31269911
v 0.18694618 -0.13277037 -0.31306057
v 0.18694618 -0.13277037 -0.31306057
v 0.18694618 -0.14263499 -0.30119983
v 0.16984697 -0.14118915 -0.30081140
v 0.18694618 -0.13277037 -0.31306057
v 0.18694618 -0.11969578 -0.32315716
v 0.20118338 -0.11849271 -0.32283347
v 0.20118338 -0.11849271 -0.32283347
v 0.20292054 -0.13141895 -0.31269911
v 0.18694618 -0.13277037 -0.31306057
v 0.20292054 -0.13141895 -0.31269911
v 0.20118338 -0.11849271 -0.32283347
v 0.21498628 -0.11492127 -0.32187587
v 0.21498628 -0.11492127 -0.32187587
v 0.21841206 -0.12741052 -0.31162282
v 0.20292054 -0.13141895 -0.31269911
v 0.21841206 -0.12741052 -0.31162282
v 0.21498628 -0.11492127 -0.32187587
v 0.22793949 -0.10908667 -0.32031404
v 0.22793949 -0.10908667 -0.32031404
v 0.23294598 -0.12086378 -0.30986947
v 0.21841206 -0.12741052 -0.31162282
v 0.23294598 -0.12086378 -0.30986947
v 0.22793949 -0.10908667 -0.32031404
v 0.23964647 -0.10116962 -0.31819114
v 0.23964647 -0.10116962 -0.31819114
v 0.24608261 -0.11197834 -0.30748761
v 0.23294598 -0.12086378 -0.30986947
v 0.24608261 -0.11197834 -0.30748761
v 0.23964647 -0.10116962 -0.31819114
v 0.24975116 -0.09140751 -0.31557730
v 0.24975116 -0.09140751 -0.31557730
v 0.25742274 -0.10102396 -0.30455277
v 0.24608261 -0.11197834 -0.30748761
v 0.25742274 -0.10102396 -0.30455277
v 0.24975116 -0.09140751 -0.31557730
v 0.25794874 -0.08009975 -0.31254535
v 0.25794874 -0.08009975 -0.31254535
v 0.26662108 -0.08833510 -0.30115397
v 0.25742274 -0.10102396 -0.30455277
v 0.26662108 -0.08833510 -0.30115397
v 0.25794874 -0.08009975 -0.31254535
v 0.26398836 -0.06758893 -0.30919241
v 0.26398836 -0.06758893 -0.30919241
v 0.27339980 -0.07429751 -0.29739102
v 0.26662108 -0.08833510 -0.30115397
v 0.27339980 -0.07429751 -0.29739102
v 0.26398836 -0.06758893 -0.30919241
v 0.26768658 -0.05425268 -0.30562097
v 0.26768658 -0.05425268 -0.30562097
v 0.27755119 -0.05933470 -0.29338259
v 0.27339980 -0.07429751 -0.29739102
v 0.27755119 -0.05933470 -0.29338259
v 0.26768658 -0.05425268 -0.30562097
v 0.26893280 -0.04050103 -0.30193624
v 0.26893280 -0.04050103 -0.30193624
v 0.27894848 -0.04390252 -0.28924738
v 0.27755119 -0.05933470 -0.29338259
v 0.27894848 -0.04390252 -0.28924738
v 0.26893280 -0.04050103 -0.30193624
v 0.26768658 -0.02674937 -0.29825151
v 0.26768658 -0.02674937 -0.29825151
v 0.27755119 -0.02847035 -0.28511217
v 0.27894848 -0.04390252 -0.28924738
v 0.27755119 -0.02847035 -0.28511217
v 0.26768658 -0.02674937 -0.29825151
v 0.26398836 -0.01341582 -0.29467737
v 0.26398836 -0.01341582 -0.29467737
v 0.27339980 -0.01350754 -0.28110375
v 0.27755119 -0.02847035 -0.28511217
v 0.27339980 -0.01350754 -0.28110375
v 0.26398836 -0.01341582 -0.29467737
v 0.25794874 -0.00090500 -0.29132712
v 0.25794874 -0.00090500 -0.29132712
v 0.26662108 0.00053275 -0.27734079
v 0.27339980 -0.01350754 -0.28110375
v 0.26662108 0.00053275 -0.27734079
v 0.25794874 -0.00090500 -0.29132712
v 0.24975116 0.01040276 -0.28829518
v 0.24975116 0.01040276 -0.28829518
v 0.25742274 0.01322160 -0.27394199
v 0.26662108 0.00053275 -0.27734079
v 0.25742274 0.01322160 -0.27394199
v 0.24975116 0.01040276 -0.28829518
v 0.23964647 0.02016487 -0.28568134
v 0.23964647 0.02016487 -0.28568134
v 0.24608261 0.02417599 -0.27100715
v 0.25742274 0.01322160 -0.27394199
v 0.24608261 0.02417599 -0.27100715
v 0.23964647 0.02016487 -0.28568134
v 0.22793949 0.02808192 -0.28355844
v 0.22793949 0.02808192 -0.28355844
v 0.23294598 0.03306143 -0.26862529
v 0.24608261 0.02417599 -0.27100715
v 0.23294598 0.03306143 -0.26862529
v 0.22793949 0.02808192 -0.28355844
v 0.21498628 0.03391652 -0.28199661
v 0.21498628 0.03391652 -0.28199661
v 0.21841206 0.03960547 -0.26687194
v 0.23294598 0.03306143 -0.26862529
v 0.21841206 0.03960547 -0.26687194
v 0.21498628 0.03391652 -0.28199661
v 0.20118338 0.03749066 -0.28103901
v 0.20118338 0.03749066 -0.28103901
v 0.20292054 0.04361659 -0.26579835
v 0.21841206 0.03960547 -0.26687194
v 0.20292054 0.04361659 -0.26579835
v 0.20118338 0.03749066 -0.28103901
v 0.18694618 0.03869373 -0.28071531
v 0.18694618 0.03869373 -0.28071531
v 0.18694618 0.04496532 -0.26543689
v 0.20292054 0.04361659 -0.26579835
v 0.18694618 0.04496532 -0.26543689
v 0.18694618 0.03869373 -0.28071531
v 0.17270898 0.03749066 -0.28103901
v 0.17270898 0.03749066 -0.28103901
v 0.17096912 0.04361659 -0.26579835
v 0.18694618 0.04496532 -0.26543689
v 0.17096912 0.04361659 -0.26579835
v 0.17270898 0.03749066 -0.28103901
v 0.15890337 0.03391652 -0.28199661
v 0.15890337 0.03391652 -0.28199661
v 0.15547760 0.03960547 -0.26687194
v 0.17096912 0.04361659 -0.26579835
v 0.15547760 0.03960547 -0.26687194
v 0.15890337 0.03391652 -0.28199661
v 0.14595017 0.02808192 -0.28355844
v 0.14595017 0.02808192 -0.28355844
v 0.14094368 0.03306143 -0.26862529
v 0.15547760 0.03960547 -0.26687194
v 0.14094368 0.03306143 -0.26862529
v 0.14595017 0.02808192 -0.28355844
v 0.13424319 0.02016487 -0.28568134
v 0.13424319 0.02016487 -0.28568134
v 0.12780705 0.02417599 -0.27100715
v 0.14094368 0.03306143 -0.26862529
v 0.12780705 0.02417599 -0.27100715
v 0.13424319 0.02016487 -0.28568134
v 0.12413850 0.01040276 -0.28829518
v 0.12413850 0.01040276 -0.28829518
v 0.11646692 0.01322160 -0.27394199
v 0.12780705 0.02417599 -0.27100715
v 0.11646692 0.01322160 -0.27394199
v 0.12413850 0.01040276 -0.28829518
v 0.11594091 -0.00090500 -0.29132712
v 0.11594091 -0.00090500 -0.29132712
v 0.10726858 0.00053275 -0.27734079
v 0.11646692 0.01322160 -0.27394199
v 0.10726858 0.00053275 -0.27734079
v 0.11594091 -0.00090500 -0.29132712
v 0.10990130 -0.01341582 -0.29467737
v 0.10990130 -0.01341582 -0.29467737
v 0.10048986 -0.01350754 -0.28110375
v 0.10726858 0.00053275 -0.27734079
v 0.10048986 -0.01350754 -0.28110375
v 0.10990130 -0.01341582 -0.29467737
v 0.10620308 -0.02674937 -0.29825151
v 0.10620308 -0.02674937 -0.29825151
v 0.09634116 -0.02847035 -0.28511217
v 0.10048986 -0.01350754 -0.28110375
v 0.09634116 -0.02847035 -0.28511217
v 0.10620308 -0.02674937 -0.29825151
v 0.10495685 -0.04050103 -0.30193624
v 0.10495685 -0.04050103 -0.30193624
v 0.09494388 -0.04390252 -0.28924738
v 0.09634116 -0.02847035 -0.28511217
v 0.09494388 -0.04390252 -0.28924738
v 0.10495685 -0.04050103 -0.30193624
v 0.10620308 -0.05425268 -0.30562097
v 0.10620308 -0.05425268 -0.30562097
v 0.09634116 -0.05933470 -0.29338259
v 0.09494388 -0.04390252 -0.28924738
v 0.09634116 -0.05933470 -0.29338259
v 0.10620308 -0.05425268 -0.30562097
v 0.10990130 -0.06758893 -0.30919241
v 0.10990130 -0.06758893 -0.30919241
v 0.10048986 -0.07429751 -0.29739102
v 0.09634116 -0.05933470 -0.29338259
v 0.10048986 -0.07429751 -0.29739102
v 0.10990130 -0.06758893 -0.30919241
v 0.11594091 -0.08009975 -0.31254535
v 0.11594091 -0.08009975 -0.31254535
v 0.10726858 -0.08833510 -0.30115397
v 0.10048986 -0.07429751 -0.29739102
v 0.10726858 -0.08833510 -0.30115397
v 0.11594091 -0.08009975 -0.31254535
v 0.12413850 -0.09140751 -0.31557730
v 0.12413850 -0.09140751 -0.31557730
v 0.11646692 -0.10102396 -0.30455277
v 0.10726858 -0.08833510 -0.30115397
v 0.11646692 -0.10102396 -0.30455277
v 0.12413850 -0.09140751 -0.31557730
v 0.13424319 -0.10116962 -0.31819114
v 0.13424319 -0.10116962 -0.31819114
v 0.12780705 -0.11197834 -0.30748761
v 0.11646692 -0.10102396 -0.30455277
v 0.12780705 -0.11197834 -0.30748761
v 0.13424319 -0.10116962 -0.31819114
v 0.14595017 -0.10908667 -0.32031404
v 0.14595017 -0.10908667 -0.32031404
v 0.14094368 -0.12086378 -0.30986947
v 0.12780705 -0.11197834 -0.30748761
v 0.14094368 -0.12086378 -0.30986947
v 0.14595017 -0.10908667 -0.32031404
v 0.15890337 -0.11492127 -0.32187587
v 0.15890337 -0.11492127 -0.32187587
v 0.15547760 -0.12741052 -0.31162282
v 0.14094368 -0.12086378 -0.30986947
v 0.15547760 -0.12741052 -0.31162282
v 0.15890337 -0.11492127 -0.32187587
v 0.17270898 -0.11849271 -0.32283347
v 0.17270898 -0.11849271 -0.32283347
v 0.17096912 -0.13141895 -0.31269911
v 0.15547760 -0.12741052 -0.31162282
v 0.17096912 -0.13141895 -0.31269911
v 0.17270898 -0.11849271 -0.32283347
v 0.18694618 -0.11969578 -0.32315716
v 0.18694618 -0.11969578 -0.32315716
v 0.18694618 -0.13277037 -0.31306057
v 0.17096912 -0.13141895 -0.31269911
v 0.18694618 -0.11969578 -0.32315716
v 0.18694618 -0.10250486 -0.33083144
v 0.19864507 -0.10151759 -0.33056709
v 0.19864507 -0.10151759 -0.33056709
v 0.20118338 -0.11849271 -0.32283347
v 0.18694618 -0.11969578 -0.32315716
v 0.20118338 -0.11849271 -0.32283347
v 0.19864507 -0.10151759 -0.33056709
v 0.20998789 -0.09858006 -0.32977943
v 0.20998789 -0.09858006 -0.32977943
v 0.21498628 -0.11492127 -0.32187587
v 0.20118338 -0.11849271 -0.32283347
v 0.21498628 -0.11492127 -0.32187587
v 0.20998789 -0.09858006 -0.32977943
v 0.22062937 -0.09378667 -0.32849544
v 0.22062937 -0.09378667 -0.32849544
v 0.22793949 -0.10908667 -0.32031404
v 0.21498628 -0.11492127 -0.32187587
v 0.22793949 -0.10908667 -0.32031404
v 0.22062937 -0.09378667 -0.32849544
v 0.23024852 -0.08728039 -0.32675018
v 0.23024852 -0.08728039 -0.32675018
v 0.23964647 -0.10116962 -0.31819114
v 0.22793949 -0.10908667 -0.32031404
v 0.23964647 -0.10116962 -0.31819114
v 0.23024852 -0.08728039 -0.32675018
v 0.23855400 -0.07926084 -0.32460300
v 0.23855400 -0.07926084 -0.32460300
v 0.24975116 -0.09140751 -0.31557730
v 0.23964647 -0.10116962 -0.31819114
v 0.24975116 -0.09140751 -0.31557730
v 0.23855400 -0.07926084 -0.32460300
v 0.24528956 -0.06996809 -0.32211324
v 0.24528956 -0.06996809 -0.32211324
v 0.25794874 -0.08009975 -0.31254535
v 0.24975116 -0.09140751 -0.31557730
v 0.25794874 -0.08009975 -0.31254535
v 0.24528956 -0.06996809 -0.32211324
v 0.25025289 -0.05968807 -0.31935914
v 0.25025289 -0.05968807 -0.31935914
v 0.26398836 -0.06758893 -0.30919241
v 0.25794874 -0.08009975 -0.31254535
v 0.26398836 -0.06758893 -0.30919241
v 0.25025289 -0.05968807 -0.31935914
v 0.25329023 -0.04873098 -0.31642160
v 0.25329023 -0.04873098 -0.31642160
v 0.26768658 -0.05425268 -0.30562097
v 0.26398836 -0.06758893 -0.30919241
v 0.26768658 -0.05425268 -0.30562097
v 0.25329023 -0.04873098 -0.31642160
v 0.25431526 -0.03743132 -0.31339505
v 0.25431526 -0.03743132 -0.31339505
v 0.26893280 -0.04050103 -0.30193624
v 0.26768658 -0.05425268 -0.30562097
v 0.26893280 -0.04050103 -0.30193624
v 0.25431526 -0.03743132 -0.31339505
v 0.25329023 -0.02613165 -0.31036580
v 0.25329023 -0.02613165 -0.31036580
v 0.26768658 -0.02674937 -0.29825151
v 0.26893280 -0.04050103 -0.30193624
v 0.26768658 -0.02674937 -0.29825151
v 0.25329023 -0.02613165 -0.31036580
v 0.25025289 -0.01517457 -0.30743097
v 0.25025289 -0.01517457 -0.30743097
v 0.26398836 -0.01341582 -0.29467737
v 0.26768658 -0.02674937 -0.29825151
v 0.26398836 -0.01341582 -0.29467737
v 0.25025289 -0.01517457 -0.30743097
v 0.24528956 -0.00489454 -0.30467686
v 0.24528956 -0.00489454 -0.30467686
v 0.25794874 -0.00090500 -0.29132712
v 0.26398836 -0.01341582 -0.29467737
v 0.25794874 -0.00090500 -0.29132712
v 0.24528956 -0.00489454 -0.30467686
v 0.23855400 0.00439821 -0.30218710
v 0.23855400 0.00439821 -0.30218710
v 0.24975116 0.01040276 -0.28829518
v 0.25794874 -0.00090500 -0.29132712
v 0.24975116 0.01040276 -0.28829518
v 0.23855400 0.00439821 -0.30218710
v 0.23024852 0.01241776 -0.30003722
v 0.23024852 0.01241776 -0.30003722
v 0.23964647 0.02016487 -0.28568134
v 0.24975116 0.01040276 -0.28829518
v 0.23964647 0.02016487 -0.28568134
v 0.23024852 0.01241776 -0.30003722
v 0.22062937 0.01892404 -0.29829467
v 0.22062937 0.01892404 -0.29829467
v 0.22793949 0.02808192 -0.28355844
v 0.23964647 0.02016487 -0.28568134
v 0.22793949 0.02808192 -0.28355844
v 0.22062937 0.01892404 -0.29829467
v 0.20998789 0.02371742 -0.29700798
v 0.20998789 0.02371742 -0.29700798
v 0.21498628 0.03391652 -0.28199661
v 0.22793949 0.02808192 -0.28355844
v 0.21498628 0.03391652 -0.28199661
v 0.20998789 0.02371742 -0.29700798
v 0.19864507 0.02665496 -0.29622302
v 0.19864507 0.02665496 -0.29622302
v 0.20118338 0.03749066 -0.28103901
v 0.21498628 0.03391652 -0.28199661
v 0.20118338 0.03749066 -0.28103901
v 0.19864507 0.02665496 -0.29622302
v 0.18694618 0.02764223 -0.29595866
v 0.18694618 0.02764223 -0.29595866
v 0.18694618 0.03869373 -0.28071531
v 0.20118338 0.03749066 -0.28103901
v 0.18694618 0.03869373 -0.28071531
v 0.18694618 0.02764223 -0.29595866
v 0.17524729 0.02665496 -0.29622302
v 0.17524729 0.02665496 -0.29622302
v 0.17270898 0.03749066 -0.28103901
v 0.18694618 0.03869373 -0.28071531
v 0.17270898 0.03749066 -0.28103901
v 0.17524729 0.02665496 -0.29622302
v 0.16390447 0.02371742 -0.29700798
v 0.16390447 0.02371742 -0.29700798
v 0.15890337 0.03391652 -0.28199661
v 0.17270898 0.03749066 -0.28103901
v 0.15890337 0.03391652 -0.28199661
v 0.16390447 0.02371742 -0.29700798
v 0.15326029 0.01892404 -0.29829467
v 0.15326029 0.01892404 -0.29829467
v 0.14595017 0.02808192 -0.28355844
v 0.15890337 0.03391652 -0.28199661
v 0.14595017 0.02808192 -0.28355844
v 0.15326029 0.01892404 -0.29829467
v 0.14364114 0.01241776 -0.30003722
v 0.14364114 0.01241776 -0.30003722
v 0.13424319 0.02016487 -0.28568134
v 0.14595017 0.02808192 -0.28355844
v 0.13424319 0.02016487 -0.28568134
v 0.14364114 0.01241776 -0.30003722
v 0.13533836 0.00439821 -0.30218710
v 0.13533836 0.00439821 -0.30218710
v 0.12413850 0.01040276 -0.28829518
v 0.13424319 0.02016487 -0.28568134
v 0.12413850 0.01040276 -0.28829518
v 0.13533836 0.00439821 -0.30218710
v 0.12860280 -0.00489454 -0.30467686
v 0.12860280 -0.00489454 -0.30467686
v 0.11594091 -0.00090500 -0.29132712
v 0.12413850 0.01040276 -0.28829518
v 0.11594091 -0.00090500 -0.29132712
v 0.12860280 -0.00489454 -0.30467686
v 0.12363947 -0.01517457 -0.30743097
v 0.12363947 -0.01517457 -0.30743097
v 0.10990130 -0.01341582 -0.29467737
v 0.11594091 -0.00090500 -0.29132712
v 0.10990130 -0.01341582 -0.29467737
v 0.12363947 -0.01517457 -0.30743097
v 0.12059943 -0.02613165 -0.31036580
v 0.12059943 -0.02613165 -0.31036580
v 0.10620308 -0.02674937 -0.29825151
v 0.10990130 -0.01341582 -0.29467737
v 0.10620308 -0.02674937 -0.29825151
v 0.12059943 -0.02613165 -0.31036580
v 0.11957439 -0.03743132 -0.31339505
v 0.11957439 -0.03743132 -0.31339505
v 0.10495685 -0.04050103 -0.30193624
v 0.10620308 -0.02674937 -0.29825151
v 0.10495685 -0.04050103 -0.30193624
v 0.11957439 -0.03743132 -0.31339505
v 0.12059943 -0.04873098 -0.31642160
v 0.12059943 -0.04873098 -0.31642160
v 0.10620308 -0.05425268 -0.30562097
v 0.10495685 -0.04050103 -0.30193624
v 0.10620308 -0.05425268 -0.30562097
v 0.12059943 -0.04873098 -0.31642160
v 0.12363947 -0.05968807 -0.31935914
v 0.12363947 -0.05968807 -0.31935914
v 0.10990130 -0.06758893 -0.30919241
v 0.10620308 -0.05425268 -0.30562097
v 0.10990130 -0.06758893 -0.30919241
v 0.12363947 -0.05968807 -0.31935914
v 0.12860280 -0.06996809 -0.32211324
v 0.12860280 -0.06996809 -0.32211324
v 0.11594091 -0.08009975 -0.31254535
v 0.10990130 -0.06758893 -0.30919241
v 0.11594091 -0.08009975 -0.31254535
v 0.12860280 -0.06996809 -0.32211324
v 0.13533836 -0.07926084 -0.32460300
v 0.13533836 -0.07926084 -0.32460300
v 0.12413850 -0.09140751 -0.31557730
v 0.11594091 -0.08009975 -0.31254535
v 0.12413850 -0.09140751 -0.31557730
v 0.13533836 -0.07926084 -0.32460300
v 0.14364114 -0.08728039 -0.32675018
v 0.14364114 -0.08728039 -0.32675018
v 0.13424319 -0.10116962 -0.31819114
v 0.12413850 -0.09140751 -0.31557730
v 0.13424319 -0.10116962 -0.31819114
v 0.14364114 -0.08728039 -0.32675018
v 0.15326029 -0.09378667 -0.32849544
v 0.15326029 -0.09378667 -0.32849544
v 0.14595017 -0.10908667 -0.32031404
v 0.13424319 -0.10116962 -0.31819114
v 0.14595017 -0.10908667 -0.32031404
v 0.15326029 -0.09378667 -0.32849544
v 0.16390447 -0.09858006 -0.32977943
v 0.16390447 -0.09858006 -0.32977943
v 0.15890337 -0.11492127 -0.32187587
v 0.14595017 -0.10908667 -0.32031404
v 0.15890337 -0.11492127 -0.32187587
v 0.16390447 -0.09858006 -0.32977943
v 0.17524729 -0.10151759 -0.33056709
v 0.17524729 -0.10151759 -0.33056709
v 0.17270898 -0.11849271 -0.32283347
v 0.15890337 -0.11492127 -0.32187587
v 0.17270898 -0.11849271 -0.32283347
v 0.17524729 -0.10151759 -0.33056709
v 0.18694618 -0.10250486 -0.33083144
v 0.18694618 -0.10250486 -0.33083144
v 0.18694618 -0.11969578 -0.32315716
v 0.17270898 -0.11849271 -0.32283347
v 0.18694618 -0.10250486 -0.33083144
v 0.18694618 -0.08124617 -0.33512849
v 0.19527054 -0.08054214 -0.33493967
v 0.19527054 -0.08054214 -0.33493967
v 0.19864507 -0.10151759 -0.33056709
v 0.18694618 -0.10250486 -0.33083144
v 0.19864507 -0.10151759 -0.33056709
v 0.19527054 -0.08054214 -0.33493967
v 0.20334404 -0.07845430 -0.33437860
v 0.20334404 -0.07845430 -0.33437860
v 0.20998789 -0.09858006 -0.32977943
v 0.19864507 -0.10151759 -0.33056709
v 0.20998789 -0.09858006 -0.32977943
v 0.20334404 -0.07845430 -0.33437860
v 0.21091851 -0.07504201 -0.33346416
v 0.21091851 -0.07504201 -0.33346416
v 0.22062937 -0.09378667 -0.32849544
v 0.20998789 -0.09858006 -0.32977943
v 0.22062937 -0.09378667 -0.32849544
v 0.21091851 -0.07504201 -0.33346416
v 0.21776467 -0.07041047 -0.33222333
v 0.21776467 -0.07041047 -0.33222333
v 0.23024852 -0.08728039 -0.32675018
v 0.22062937 -0.09378667 -0.32849544
v 0.23024852 -0.08728039 -0.32675018
v 0.21776467 -0.07041047 -0.33222333
v 0.22367480 -0.06470265 -0.33069387
v 0.22367480 -0.06470265 -0.33069387
v 0.23855400 -0.07926084 -0.32460300
v 0.23024852 -0.08728039 -0.32675018
v 0.23855400 -0.07926084 -0.32460300
v 0.22367480 -0.06470265 -0.33069387
v 0.22846819 -0.05809117 -0.32892164
v 0.22846819 -0.05809117 -0.32892164
v 0.24528956 -0.06996809 -0.32211324
v 0.23855400 -0.07926084 -0.32460300
v 0.24528956 -0.06996809 -0.32211324
v 0.22846819 -0.05809117 -0.32892164
v 0.23200187 -0.05077296 -0.32696328
v 0.23200187 -0.05077296 -0.32696328
v 0.25025289 -0.05968807 -0.31935914
v 0.24528956 -0.06996809 -0.32211324
v 0.25025289 -0.05968807 -0.31935914
v 0.23200187 -0.05077296 -0.32696328
v 0.23416523 -0.04297460 -0.32487275
v 0.23416523 -0.04297460 -0.32487275
v 0.25329023 -0.04873098 -0.31642160
v 0.25025289 -0.05968807 -0.31935914
v 0.25329023 -0.04873098 -0.31642160
v 0.23416523 -0.04297460 -0.32487275
v 0.23489354 -0.03493347 -0.32271748
v 0.23489354 -0.03493347 -0.32271748
v 0.25431526 -0.03743132 -0.31339505
v 0.25329023 -0.04873098 -0.31642160
v 0.25431526 -0.03743132 -0.31339505
v 0.23489354 -0.03493347 -0.32271748
v 0.23416523 -0.02689234 -0.32056220
v 0.23416523 -0.02689234 -0.32056220
v 0.25329023 -0.02613165 -0.31036580
v 0.25431526 -0.03743132 -0.31339505
v 0.25329023 -0.02613165 -0.31036580
v 0.23416523 -0.02689234 -0.32056220
v 0.23200187 -0.01909398 -0.31847437
v 0.23200187 -0.01909398 -0.31847437
v 0.25025289 -0.01517457 -0.30743097
v 0.25329023 -0.02613165 -0.31036580
v 0.25025289 -0.01517457 -0.30743097
v 0.23200187 -0.01909398 -0.31847437
v 0.22846819 -0.01177577 -0.31651332
v 0.22846819 -0.01177577 -0.31651332
v 0.24528956 -0.00489454 -0.30467686
v 0.25025289 -0.01517457 -0.30743097
v 0.24528956 -0.00489454 -0.30467686
v 0.22846819 -0.01177577 -0.31651332
v 0.22367480 -0.00516429 -0.31474108
v 0.22367480 -0.00516429 -0.31474108
v 0.23855400 0.00439821 -0.30218710
v 0.24528956 -0.00489454 -0.30467686
v 0.23855400 0.00439821 -0.30218710
v 0.22367480 -0.00516429 -0.31474108
v 0.21776467 0.00054354 -0.31321162
v 0.21776467 0.00054354 -0.31321162
v 0.23024852 0.01241776 -0.30003722
v 0.23855400 0.00439821 -0.30218710
v 0.23024852 0.01241776 -0.30003722
v 0.21776467 0.00054354 -0.31321162
v 0.21091851 0.00517508 -0.31197079
v 0.21091851 0.00517508 -0.31197079
v 0.22062937 0.01892404 -0.29829467
v 0.23024852 0.01241776 -0.30003722
v 0.22062937 0.01892404 -0.29829467
v 0.21091851 0.00517508 -0.31197079
v 0.20334404 0.00858737 -0.31105635
v 0.20334404 0.00858737 -0.31105635
v 0.20998789 0.02371742 -0.29700798
v 0.22062937 0.01892404 -0.29829467
v 0.20998789 0.02371742 -0.29700798
v 0.20334404 0.00858737 -0.31105635
v 0.19527054 0.01067520 -0.31049528
v 0.19527054 0.01067520 -0.31049528
v 0.19864507 0.02665496 -0.29622302
v 0.20998789 0.02371742 -0.29700798
v 0.19864507 0.02665496 -0.29622302
v 0.19527054 0.01067520 -0.31049528
v 0.18694618 0.01137924 -0.31030916
v 0.18694618 0.01137924 -0.31030916
v 0.18694618 0.02764223 -0.29595866
v 0.19864507 0.02665496 -0.29622302
v 0.18694618 0.02764223 -0.29595866
v 0.18694618 0.01137924 -0.31030916
v 0.17861912 0.01067520 -0.31049528
v 0.17861912 0.01067520 -0.31049528
v 0.17524729 0.02665496 -0.29622302
v 0.18694618 0.02764223 -0.29595866
v 0.17524729 0.02665496 -0.29622302
v 0.17861912 0.01067520 -0.31049528
v 0.17054562 0.00858737 -0.31105635
v 0.17054562 0.00858737 -0.31105635
v 0.16390447 0.02371742 -0.29700798
v 0.17524729 0.02665496 -0.29622302
v 0.16390447 0.02371742 -0.29700798
v 0.17054562 0.00858737 -0.31105635
v 0.16297115 0.00517508 -0.31197079
v 0.16297115 0.00517508 -0.31197079
v 0.15326029 0.01892404 -0.29829467
v 0.16390447 0.02371742 -0.29700798
v 0.15326029 0.01892404 -0.29829467
v 0.16297115 0.00517508 -0.31197079
v 0.15612499 0.00054354 -0.31321162
v 0.15612499 0.00054354 -0.31321162
v 0.14364114 0.01241776 -0.30003722
v 0.15326029 0.01892404 -0.29829467
v 0.14364114 0.01241776 -0.30003722
v 0.15612499 0.00054354 -0.31321162
v 0.15021485 -0.00516429 -0.31474108
v 0.15021485 -0.00516429 -0.31474108
v 0.13533836 0.00439821 -0.30218710
v 0.14364114 0.01241776 -0.30003722
v 0.13533836 0.00439821 -0.30218710
v 0.15021485 -0.00516429 -0.31474108
v 0.14542146 -0.01177577 -0.31651332
v 0.14542146 -0.01177577 -0.31651332
v 0.12860280 -0.00489454 -0.30467686
v 0.13533836 0.00439821 -0.30218710
v 0.12860280 -0.00489454 -0.30467686
v 0.14542146 -0.01177577 -0.31651332
v 0.14189049 -0.01909398 -0.31847437
v 0.14189049 -0.01909398 -0.31847437
v 0.12363947 -0.01517457 -0.30743097
v 0.12860280 -0.00489454 -0.30467686
v 0.12363947 -0.01517457 -0.30743097
v 0.14189049 -0.01909398 -0.31847437
v 0.13972712 -0.02689234 -0.32056220
v 0.13972712 -0.02689234 -0.32056220
v 0.12059943 -0.02613165 -0.31036580
v 0.12363947 -0.01517457 -0.30743097
v 0.12059943 -0.02613165 -0.31036580
v 0.13972712 -0.02689234 -0.32056220
v 0.13899881 -0.03493347 -0.32271748
v 0.13899881 -0.03493347 -0.32271748
v 0.11957439 -0.03743132 -0.31339505
v 0.12059943 -0.02613165 -0.31036580
v 0.11957439 -0.03743132 -0.31339505
v 0.13899881 -0.03493347 -0.32271748
v 0.13972712 -0.04297460 -0.32487275
v 0.13972712 -0.04297460 -0.32487275
v 0.12059943 -0.04873098 -0.31642160
v 0.11957439 -0.03743132 -0.31339505
v 0.12059943 -0.04873098 -0.31642160
v 0.13972712 -0.04297460 -0.32487275
v 0.14189049 -0.05077296 -0.32696328
v 0.14189049 -0.05077296 -0.32696328
v 0.12363947 -0.05968807 -0.31935914
v 0.12059943 -0.04873098 -0.31642160
v 0.12363947 -0.05968807 -0.31935914
v 0.14189049 -0.05077296 -0.32696328
v 0.14542146 -0.05809117 -0.32892164
v 0.14542146 -0.05809117 -0.32892164
v 0.12860280 -0.06996809 -0.32211324
v 0.12363947 -0.05968807 -0.31935914
v 0.12860280 -0.06996809 -0.32211324
v 0.14542146 -0.05809117 -0.32892164
v 0.15021485 -0.06470265 -0.33069387
v 0.15021485 -0.06470265 -0.33069387
v 0.13533836 -0.07926084 -0.32460300
v 0.12860280 -0.06996809 -0.32211324
v 0.13533836 -0.07926084 -0.32460300
v 0.15021485 -0.06470265 -0.33069387
v 0.15612499 -0.07041047 -0.33222333
v 0.15612499 -0.07041047 -0.33222333
v 0.14364114 -0.08728039 -0.32675018
v 0.13533836 -0.07926084 -0.32460300
v 0.14364114 -0.08728039 -0.32675018
v 0.15612499 -0.07041047 -0.33222333
v 0.16297115 -0.07504201 -0.33346416
v 0.16297115 -0.07504201 -0.33346416
v 0.15326029 -0.09378667 -0.32849544
v 0.14364114 -0.08728039 -0.32675018
v 0.15326029 -0.09378667 -0.32849544
v 0.16297115 -0.07504201 -0.33346416
v 0.17054562 -0.07845430 -0.33437860
v 0.17054562 -0.07845430 -0.33437860
v 0.16390447 -0.09858006 -0.32977943
v 0.15326029 -0.09378667 -0.32849544
v 0.16390447 -0.09858006 -0.32977943
v 0.17054562 -0.07845430 -0.33437860
v 0.17861912 -0.08054214 -0.33493967
v 0.17861912 -0.08054214 -0.33493967
v 0.17524729 -0.10151759 -0.33056709
v 0.16390447 -0.09858006 -0.32977943
v 0.17524729 -0.10151759 -0.33056709
v 0.17861912 -0.08054214 -0.33493967
v 0.18694618 -0.08124617 -0.33512849
v 0.18694618 -0.08124617 -0.33512849
v 0.18694618 -0.10250486 -0.33083144
v 0.17524729 -0.10151759 -0.33056709
v 0.18694618 -0.08124617 -0.33512849
v 0.18694618 -0.05717673 -0.33521481
v 0.19123784 -0.05681257 -0.33511770
v 0.19123784 -0.05681257 -0.33511770
v 0.19527054 -0.08054214 -0.33493967
v 0.18694618 -0.08124617 -0.33512849
v 0.19527054 -0.08054214 -0.33493967
v 0.19123784 -0.05681257 -0.33511770
v 0.19540002 -0.05573629 -0.33482908
v 0.19540002 -0.05573629 -0.33482908
v 0.20334404 -0.07845430 -0.33437860
v 0.19527054 -0.08054214 -0.33493967
v 0.20334404 -0.07845430 -0.33437860
v 0.19540002 -0.05573629 -0.33482908
v 0.19930325 -0.05397754 -0.33435702
v 0.19930325 -0.05397754 -0.33435702
v 0.21091851 -0.07504201 -0.33346416
v 0.20334404 -0.07845430 -0.33437860
v 0.21091851 -0.07504201 -0.33346416
v 0.19930325 -0.05397754 -0.33435702
v 0.20283422 -0.05159029 -0.33371772
v 0.20283422 -0.05159029 -0.33371772
v 0.21776467 -0.07041047 -0.33222333
v 0.21091851 -0.07504201 -0.33346416
v 0.21776467 -0.07041047 -0.33222333
v 0.20283422 -0.05159029 -0.33371772
v 0.20587966 -0.04864736 -0.33292737
v 0.20587966 -0.04864736 -0.33292737
v 0.22367480 -0.06470265 -0.33069387
v 0.21776467 -0.07041047 -0.33222333
v 0.22367480 -0.06470265 -0.33069387
v 0.20587966 -0.04864736 -0.33292737
v 0.20835323 -0.04523777 -0.33201562
v 0.20835323 -0.04523777 -0.33201562
v 0.22846819 -0.05809117 -0.32892164
v 0.22367480 -0.06470265 -0.33069387
v 0.22846819 -0.05809117 -0.32892164
v 0.20835323 -0.04523777 -0.33201562
v 0.21017401 -0.04146672 -0.33100408
v 0.21017401 -0.04146672 -0.33100408
v 0.23200187 -0.05077296 -0.32696328
v 0.22846819 -0.05809117 -0.32892164
v 0.23200187 -0.05077296 -0.32696328
v 0.21017401 -0.04146672 -0.33100408
v 0.21128806 -0.03744480 -0.32992779
v 0.21128806 -0.03744480 -0.32992779
v 0.23416523 -0.04297460 -0.32487275
v 0.23200187 -0.05077296 -0.32696328
v 0.23416523 -0.04297460 -0.32487275
v 0.21128806 -0.03744480 -0.32992779
v 0.21166301 -0.03329881 -0.32881644
v 0.21166301 -0.03329881 -0.32881644
v 0.23489354 -0.03493347 -0.32271748
v 0.23416523 -0.04297460 -0.32487275
v 0.23489354 -0.03493347 -0.32271748
v 0.21166301 -0.03329881 -0.32881644
v 0.21128806 -0.02915281 -0.32770508
v 0.21128806 -0.02915281 -0.32770508
v 0.23416523 -0.02689234 -0.32056220
v 0.23489354 -0.03493347 -0.32271748
v 0.23416523 -0.02689234 -0.32056220
v 0.21128806 -0.02915281 -0.32770508
v 0.21017401 -0.02513359 -0.32662879
v 0.21017401 -0.02513359 -0.32662879
v 0.23200187 -0.01909398 -0.31847437
v 0.23416523 -0.02689234 -0.32056220
v 0.23200187 -0.01909398 -0.31847437
v 0.21017401 -0.02513359 -0.32662879
v 0.20835323 -0.02136254 -0.32561725
v 0.20835323 -0.02136254 -0.32561725
v 0.22846819 -0.01177577 -0.31651332
v 0.23200187 -0.01909398 -0.31847437
v 0.22846819 -0.01177577 -0.31651332
v 0.20835323 -0.02136254 -0.32561725
v 0.20587966 -0.01795295 -0.32470281
v 0.20587966 -0.01795295 -0.32470281
v 0.22367480 -0.00516429 -0.31474108
v 0.22846819 -0.01177577 -0.31651332
v 0.22367480 -0.00516429 -0.31474108
v 0.20587966 -0.01795295 -0.32470281
v 0.20283422 -0.01501002 -0.32391515
v 0.20283422 -0.01501002 -0.32391515
v 0.21776467 0.00054354 -0.31321162
v 0.22367480 -0.00516429 -0.31474108
v 0.21776467 0.00054354 -0.31321162
v 0.20283422 -0.01501002 -0.32391515
v 0.19930325 -0.01262277 -0.32327585
v 0.19930325 -0.01262277 -0.32327585
v 0.21091851 0.00517508 -0.31197079
v 0.21776467 0.00054354 -0.31321162
v 0.21091851 0.00517508 -0.31197079
v 0.19930325 -0.01262277 -0.32327585
v 0.19540002 -0.01086402 -0.32280379
v 0.19540002 -0.01086402 -0.32280379
v 0.20334404 0.00858737 -0.31105635
v 0.21091851 0.00517508 -0.31197079
v 0.20334404 0.00858737 -0.31105635
v 0.19540002 -0.01086402 -0.32280379
v 0.19123784 -0.00978504 -0.32251517
v 0.19123784 -0.00978504 -0.32251517
v 0.19527054 0.01067520 -0.31049528
v 0.20334404 0.00858737 -0.31105635
v 0.19527054 0.01067520 -0.31049528
v 0.19123784 -0.00978504 -0.32251517
v 0.18694618 -0.00942358 -0.32241806
v 0.18694618 -0.00942358 -0.32241806
v 0.18694618 0.01137924 -0.31030916
v 0.19527054 0.01067520 -0.31049528
v 0.18694618 0.01137924 -0.31030916
v 0.18694618 -0.00942358 -0.32241806
v 0.18265182 -0.00978504 -0.32251517
v 0.18265182 -0.00978504 -0.32251517
v 0.17861912 0.01067520 -0.31049528
v 0.18694618 0.01137924 -0.31030916
v 0.17861912 0.01067520 -0.31049528
v 0.18265182 -0.00978504 -0.32251517
v 0.17849234 -0.01086402 -0.32280379
v 0.17849234 -0.01086402 -0.32280379
v 0.17054562 0.00858737 -0.31105635
v 0.17861912 0.01067520 -0.31049528
v 0.17054562 0.00858737 -0.31105635
v 0.17849234 -0.01086402 -0.32280379
v 0.17458641 -0.01262277 -0.32327585
v 0.17458641 -0.01262277 -0.32327585
v 0.16297115 0.00517508 -0.31197079
v 0.17054562 0.00858737 -0.31105635
v 0.16297115 0.00517508 -0.31197079
v 0.17458641 -0.01262277 -0.32327585
v 0.17105544 -0.01501002 -0.32391515
v 0.17105544 -0.01501002 -0.32391515
v 0.15612499 0.00054354 -0.31321162
v 0.16297115 0.00517508 -0.31197079
v 0.15612499 0.00054354 -0.31321162
v 0.17105544 -0.01501002 -0.32391515
v 0.16801000 -0.01795295 -0.32470281
v 0.16801000 -0.01795295 -0.32470281
v 0.15021485 -0.00516429 -0.31474108
v 0.15612499 0.00054354 -0.31321162
v 0.15021485 -0.00516429 -0.31474108
v 0.16801000 -0.01795295 -0.32470281
v 0.16553913 -0.02136254 -0.32561725
v 0.16553913 -0.02136254 -0.32561725
v 0.14542146 -0.01177577 -0.31651332
v 0.15021485 -0.00516429 -0.31474108
v 0.14542146 -0.01177577 -0.31651332
v 0.16553913 -0.02136254 -0.32561725
v 0.16371834 -0.02513359 -0.32662879
v 0.16371834 -0.02513359 -0.32662879
v 0.14189049 -0.01909398 -0.31847437
v 0.14542146 -0.01177577 -0.31651332
v 0.14189049 -0.01909398 -0.31847437
v 0.16371834 -0.02513359 -0.32662879
v 0.16260159 -0.02915281 -0.32770508
v 0.16260159 -0.02915281 -0.32770508
v 0.13972712 -0.02689234 -0.32056220
v 0.14189049 -0.01909398 -0.31847437
v 0.13972712 -0.02689234 -0.32056220
v 0.16260159 -0.02915281 -0.32770508
v 0.16222665 -0.03329881 -0.32881644
v 0.16222665 -0.03329881 -0.32881644
v 0.13899881 -0.03493347 -0.32271748
v 0.13972712 -0.02689234 -0.32056220
v 0.13899881 -0.03493347 -0.32271748
v 0.16222665 -0.03329881 -0.32881644
v 0.16260159 -0.03744480 -0.32992779
v 0.16260159 -0.03744480 -0.32992779
v 0.13972712 -0.04297460 -0.32487275
v 0.13899881 -0.03493347 -0.32271748
v 0.13972712 -0.04297460 -0.32487275
v 0.16260159 -0.03744480 -0.32992779
v 0.16371834 -0.04146672 -0.33100408
v 0.16371834 -0.04146672 -0.33100408
v 0.14189049 -0.05077296 -0.32696328
v 0.13972712 -0.04297460 -0.32487275
v 0.14189049 -0.05077296 -0.32696328
v 0.16371834 -0.04146672 -0.33100408
v 0.16553913 -0.04523777 -0.33201562
v 0.16553913 -0.04523777 -0.33201562
v 0.14542146 -0.05809117 -0.32892164
v 0.14189049 -0.05077296 -0.32696328
v 0.14542146 -0.05809117 -0.32892164
v 0.16553913 -0.04523777 -0.33201562
v 0.16801000 -0.04864736 -0.33292737
v 0.16801000 -0.04864736 -0.33292737
v 0.15021485 -0.06470265 -0.33069387
v 0.14542146 -0.05809117 -0.32892164
v 0.15021485 -0.06470265 -0.33069387
v 0.16801000 -0.04864736 -0.33292737
v 0.17105544 -0.05159029 -0.33371772
v 0.17105544 -0.05159029 -0.33371772
v 0.15612499 -0.07041047 -0.33222333
v 0.15021485 -0.06470265 -0.33069387
v 0.15612499 -0.07041047 -0.33222333
v 0.17105544 -0.05159029 -0.33371772
v 0.17458641 -0.05397754 -0.33435702
v 0.17458641 -0.05397754 -0.33435702
v 0.16297115 -0.07504201 -0.33346416
v 0.15612499 -0.07041047 -0.33222333
v 0.16297115 -0.07504201 -0.33346416
v 0.17458641 -0.05397754 -0.33435702
v 0.17849234 -0.05573629 -0.33482908
v 0.17849234 -0.05573629 -0.33482908
v 0.17054562 -0.07845430 -0.33437860
v 0.16297115 -0.07504201 -0.33346416
v 0.17054562 -0.07845430 -0.33437860
v 0.17849234 -0.05573629 -0.33482908
v 0.18265182 -0.05681257 -0.33511770
v 0.18265182 -0.05681257 -0.33511770
v 0.17861912 -0.08054214 -0.33493967
v 0.17054562 -0.07845430 -0.33437860
v 0.17861912 -0.08054214 -0.33493967
v 0.18265182 -0.05681257 -0.33511770
v 0.18694618 -0.05717673 -0.33521481
v 0.18694618 -0.05717673 -0.33521481
v 0.18694618 -0.08124617 -0.33512849
v 0.17861912 -0.08054214 -0.33493967
v 0.20505693 -0.15300672 -0.27895927
v 0.18694618 -0.15453619 -0.27936928
v 0.18694618 -0.15073546 -0.28766667
v 0.18694618 -0.15073546 -0.28766667
v 0.20479258 -0.14922758 -0.28726205
v 0.20505693 -0.15300672 -0.27895927
v 0.22262010 -0.14845881 -0.27774271
v 0.20505693 -0.15300672 -0.27895927
v 0.20479258 -0.14922758 -0.28726205
v 0.20479258 -0.14922758 -0.28726205
v 0.22209949 -0.14474710 -0.28606168
v 0.22262010 -0.14845881 -0.27774271
v 0.23909889 -0.14103809 -0.27575198
v 0.22262010 -0.14845881 -0.27774271
v 0.22209949 -0.14474710 -0.28606168
v 0.22209949 -0.14474710 -0.28606168
v 0.23833820 -0.13743428 -0.28410332
v 0.23909889 -0.14103809 -0.27575198
v 0.25399427 -0.13096307 -0.27305452
v 0.23909889 -0.14103809 -0.27575198
v 0.23833820 -0.13743428 -0.28410332
v 0.23833820 -0.13743428 -0.28410332
v 0.25301509 -0.12750763 -0.28144363
v 0.25399427 -0.13096307 -0.27305452
v 0.26685036 -0.11854666 -0.26972586
v 0.25399427 -0.13096307 -0.27305452
v 0.25301509 -0.12750763 -0.28144363
v 0.25301509 -0.12750763 -0.28144363
v 0.26568236 -0.11527194 -0.27816351
v 0.26685036 -0.11854666 -0.26972586
v 0.27727875 -0.10415841 -0.26587119
v 0.26685036 -0.11854666 -0.26972586
v 0.26568236 -0.11527194 -0.27816351
v 0.26568236 -0.11527194 -0.27816351
v 0.27595969 -0.10109409 -0.27436549
v 0.27727875 -0.10415841 -0.26587119
v 0.28496381 -0.08824339 -0.26160650
v 0.27727875 -0.10415841 -0.26587119
v 0.27595969 -0.10109409 -0.27436549
v 0.27595969 -0.10109409 -0.27436549
v 0.28353146 -0.08541105 -0.27016285
v 0.28496381 -0.08824339 -0.26160650
v 0.28966819 -0.07127906 -0.25706128
v 0.28496381 -0.08824339 -0.26160650
v 0.28353146 -0.08541105 -0.27016285
v 0.28353146 -0.08541105 -0.27016285
v 0.28816840 -0.06869489 -0.26568506
v 0.28966819 -0.07127906 -0.25706128
v 0.29125429 -0.05378332 -0.25237309
v 0.28966819 -0.07127906 -0.25706128
v 0.28816840 -0.06869489 -0.26568506
v 0.28816840 -0.06869489 -0.26568506
v 0.28973023 -0.05145272 -0.26106431
v 0.29125429 -0.05378332 -0.25237309
v 0.28966819 -0.03628759 -0.24768490
v 0.29125429 -0.05378332 -0.25237309
v 0.28973023 -0.05145272 -0.26106431
v 0.28973023 -0.05145272 -0.26106431
v 0.28816840 -0.03421325 -0.25644356
v 0.28966819 -0.03628759 -0.24768490
v 0.28496381 -0.01932326 -0.24313968
v 0.28966819 -0.03628759 -0.24768490
v 0.28816840 -0.03421325 -0.25644356
v 0.28816840 -0.03421325 -0.25644356
v 0.28353146 -0.01749708 -0.25196577
v 0.28496381 -0.01932326 -0.24313968
v 0.27727875 -0.00340554 -0.23887500
v 0.28496381 -0.01932326 -0.24313968
v 0.28353146 -0.01749708 -0.25196577
v 0.28353146 -0.01749708 -0.25196577
v 0.27595969 -0.00181134 -0.24776313
v 0.27727875 -0.00340554 -0.23887500
v 0.26685036 0.01098001 -0.23502033
v 0.27727875 -0.00340554 -0.23887500
v 0.27595969 -0.00181134 -0.24776313
v 0.27595969 -0.00181134 -0.24776313
v 0.26568236 0.01236381 -0.24396511
v 0.26685036 0.01098001 -0.23502033
v 0.25399427 0.02339912 -0.23169166
v 0.26685036 0.01098001 -0.23502033
v 0.26568236 0.01236381 -0.24396511
v 0.26568236 0.01236381 -0.24396511
v 0.25301509 0.02460219 -0.24068499
v 0.25399427 0.02339912 -0.23169166
v 0.23909889 0.03347414 -0.22899150
v 0.25399427 0.02339912 -0.23169166
v 0.25301509 0.02460219 -0.24068499
v 0.25301509 0.02460219 -0.24068499
v 0.23833820 0.03452885 -0.23802530
v 0.23909889 0.03347414 -0.22899150
v 0.22262010 0.04089486 -0.22700347
v 0.23909889 0.03347414 -0.22899150
v 0.23833820 0.03452885 -0.23802530
v 0.23833820 0.03452885 -0.23802530
v 0.22209949 0.04184166 -0.23606694
v 0.22262010 0.04089486 -0.22700347
v 0.20505693 0.04544008 -0.22578692
v 0.22262010 0.04089486 -0.22700347
v 0.22209949 0.04184166 -0.23606694
v 0.22209949 0.04184166 -0.23606694
v 0.20479258 0.04631945 -0.23486657
v 0.20505693 0.04544008 -0.22578692
v 0.18694618 0.04697224 -0.22537690
v 0.20505693 0.04544008 -0.22578692
v 0.20479258 0.04631945 -0.23486657
v 0.20479258 0.04631945 -0.23486657
v 0.18694618 0.04783003 -0.23446195
v 0.18694618 0.04697224 -0.22537690
v 0.16883273 0.04544008 -0.22578692
v 0.18694618 0.04697224 -0.22537690
v 0.18694618 0.04783003 -0.23446195
v 0.18694618 0.04783003 -0.23446195
v 0.16909708 0.04631945 -0.23486657
v 0.16883273 0.04544008 -0.22578692
v 0.15126956 0.04089486 -0.22700347
v 0.16883273 0.04544008 -0.22578692
v 0.16909708 0.04631945 -0.23486657
v 0.16909708 0.04631945 -0.23486657
v 0.15179017 0.04184166 -0.23606694
v 0.15126956 0.04089486 -0.22700347
v 0.13479077 0.03347414 -0.22899150
v 0.15126956 0.04089486 -0.22700347
v 0.15179017 0.04184166 -0.23606694
v 0.15179017 0.04184166 -0.23606694
v 0.13555415 0.03452885 -0.23802530
v 0.13479077 0.03347414 -0.22899150
v 0.11989809 0.02339912 -0.23169166
v 0.13479077 0.03347414 -0.22899150
v 0.13555415 0.03452885 -0.23802530
v 0.13555415 0.03452885 -0.23802530
v 0.12087727 0.02460219 -0.24068499
v 0.11989809 0.02339912 -0.23169166
v 0.10703929 0.01098001 -0.23502033
v 0.11989809 0.02339912 -0.23169166
v 0.12087727 0.02460219 -0.24068499
v 0.12087727 0.02460219 -0.24068499
v 0.10820729 0.01236381 -0.24396511
v 0.10703929 0.01098001 -0.23502033
v 0.09661091 -0.00340554 -0.23887500
v 0.10703929 0.01098001 -0.23502033
v 0.10820729 0.01236381 -0.24396511
v 0.10820729 0.01236381 -0.24396511
v 0.09792997 -0.00181134 -0.24776313
v 0.09661091 -0.00340554 -0.23887500
v 0.08892854 -0.01932326 -0.24313968
v 0.09661091 -0.00340554 -0.23887500
v 0.09792997 -0.00181134 -0.24776313
v 0.09792997 -0.00181134 -0.24776313
v 0.09035820 -0.01749708 -0.25196577
v 0.08892854 -0.01932326 -0.24313968
v 0.08422147 -0.03628759 -0.24768490
v 0.08892854 -0.01932326 -0.24313968
v 0.09035820 -0.01749708 -0.25196577
v 0.09035820 -0.01749708 -0.25196577
v 0.08572126 -0.03421325 -0.25644356
v 0.08422147 -0.03628759 -0.24768490
v 0.08263806 -0.05378332 -0.25237309
v 0.08422147 -0.03628759 -0.24768490
v 0.08572126 -0.03421325 -0.25644356
v 0.08572126 -0.03421325 -0.25644356
v 0.08415943 -0.05145272 -0.26106431
v 0.08263806 -0.05378332 -0.25237309
v 0.08422147 -0.07127906 -0.25706128
v 0.08263806 -0.05378332 -0.25237309
v 0.08415943 -0.05145272 -0.26106431
v 0.08415943 -0.05145272 -0.26106431
v 0.08572126 -0.06869489 -0.26568506
v 0.08422147 -0.07127906 -0.25706128
v 0.08892854 -0.08824339 -0.26160650
v 0.08422147 -0.07127906 -0.25706128
v 0.08572126 -0.06869489 -0.26568506
v 0.08572126 -0.06869489 -0.26568506
v 0.09035820 -0.08541105 -0.27016285
v 0.08892854 -0.08824339 -0.26160650
v 0.09661091 -0.10415841 -0.26587119
v 0.08892854 -0.08824339 -0.26160650
v 0.09035820 -0.08541105 -0.27016285
v 0.09035820 -0.08541105 -0.27016285
v 0.09792997 -0.10109409 -0.27436549
v 0.09661091 -0.10415841 -0.26587119
v 0.10703929 -0.11854666 -0.26972586
v 0.09661091 -0.10415841 -0.26587119
v 0.09792997 -0.10109409 -0.27436549
v 0.09792997 -0.10109409 -0.27436549
v 0.10820729 -0.11527194 -0.27816351
v 0.10703929 -0.11854666 -0.26972586
v 0.11989809 -0.13096307 -0.27305452
v 0.10703929 -0.11854666 -0.26972586
v 0.10820729 -0.11527194 -0.27816351
v 0.10820729 -0.11527194 -0.27816351
v 0.12087727 -0.12750763 -0.28144363
v 0.11989809 -0.13096307 -0.27305452
v 0.13479077 -0.14103809 -0.27575198
v 0.11989809 -0.13096307 -0.27305452
v 0.12087727 -0.12750763 -0.28144363
v 0.12087727 -0.12750763 -0.28144363
v 0.13555415 -0.13743428 -0.28410332
v 0.13479077 -0.14103809 -0.27575198
v 0.15126956 -0.14845881 -0.27774271
v 0.13479077 -0.14103809 -0.27575198
v 0.13555415 -0.13743428 -0.28410332
v 0.13555415 -0.13743428 -0.28410332
v 0.15179017 -0.14474710 -0.28606168
v 0.15126956 -0.14845881 -0.27774271
v 0.16883273 -0.15300672 -0.27895927
v 0.15126956 -0.14845881 -0.27774271
v 0.15179017 -0.14474710 -0.28606168
v 0.15179017 -0.14474710 -0.28606168
v 0.16909708 -0.14922758 -0.28726205
v 0.16883273 -0.15300672 -0.27895927
v 0.18694618 -0.15453619 -0.27936928
v 0.16883273 -0.15300672 -0.27895927
v 0.16909708 -0.14922758 -0.28726205
v 0.16909708 -0.14922758 -0.28726205
v 0.18694618 -0.15073546 -0.28766667
v 0.18694618 -0.15453619 -0.27936928
v 0.20360300 -0.13902309 -0.29926575
v 0.18694618 -0.14043116 -0.29964070
v 0.18694618 -0.14834821 -0.28641235
v 0.18694618 -0.14834821 -0.28641235
v 0.20433671 -0.14687809 -0.28601852
v 0.20360300 -0.13902309 -0.29926575
v 0.21975539 -0.13484472 -0.29814361
v 0.20360300 -0.13902309 -0.29926575
v 0.20433671 -0.14687809 -0.28601852
v 0.20433671 -0.14687809 -0.28601852
v 0.22119854 -0.14251360 -0.28484782
v 0.21975539 -0.13484472 -0.29814361
v 0.23490973 -0.12801745 -0.29631473
v 0.21975539 -0.13484472 -0.29814361
v 0.22119854 -0.14251360 -0.28484782
v 0.22119854 -0.14251360 -0.28484782
v 0.23702184 -0.13538691 -0.28293802
v 0.23490973 -0.12801745 -0.29631473
v 0.24860744 -0.11875167 -0.29383306
v 0.23490973 -0.12801745 -0.29631473
v 0.23702184 -0.13538691 -0.28293802
v 0.23702184 -0.13538691 -0.28293802
v 0.25132378 -0.12571382 -0.28034846
v 0.24860744 -0.11875167 -0.29383306
v 0.26043310 -0.10733062 -0.29077414
v 0.24860744 -0.11875167 -0.29383306
v 0.25132378 -0.12571382 -0.28034846
v 0.25132378 -0.12571382 -0.28034846
v 0.26366736 -0.11379104 -0.27715197
v 0.26043310 -0.10733062 -0.29077414
v 0.27002528 -0.09409957 -0.28722698
v 0.26043310 -0.10733062 -0.29077414
v 0.26366736 -0.11379104 -0.27715197
v 0.26366736 -0.11379104 -0.27715197
v 0.27368033 -0.09997734 -0.27345105
v 0.27002528 -0.09409957 -0.28722698
v 0.27708993 -0.07946045 -0.28330488
v 0.27002528 -0.09409957 -0.28722698
v 0.27368033 -0.09997734 -0.27345105
v 0.27368033 -0.09997734 -0.27345105
v 0.28105789 -0.08469353 -0.26935630
v 0.27708993 -0.07946045 -0.28330488
v 0.28141935 -0.06386104 -0.27912381
v 0.27708993 -0.07946045 -0.28330488
v 0.28105789 -0.08469353 -0.26935630
v 0.28105789 -0.08469353 -0.26935630
v 0.28557614 -0.06840626 -0.26499181
v 0.28141935 -0.06386104 -0.27912381
v 0.28287598 -0.04777068 -0.27481327
v 0.28141935 -0.06386104 -0.27912381
v 0.28557614 -0.06840626 -0.26499181
v 0.28557614 -0.06840626 -0.26499181
v 0.28709751 -0.05160647 -0.26048975
v 0.28287598 -0.04777068 -0.27481327
v 0.28141935 -0.03167763 -0.27050273
v 0.28287598 -0.04777068 -0.27481327
v 0.28709751 -0.05160647 -0.26048975
v 0.28709751 -0.05160647 -0.26048975
v 0.28557614 -0.03480938 -0.25599039
v 0.28141935 -0.03167763 -0.27050273
v 0.27708993 -0.01607822 -0.26632166
v 0.28141935 -0.03167763 -0.27050273
v 0.28557614 -0.03480938 -0.25599039
v 0.28557614 -0.03480938 -0.25599039
v 0.28105789 -0.01851942 -0.25162589
v 0.27708993 -0.01607822 -0.26632166
v 0.27002528 -0.00143910 -0.26239955
v 0.27708993 -0.01607822 -0.26632166
v 0.28105789 -0.01851942 -0.25162589
v 0.28105789 -0.01851942 -0.25162589
v 0.27368033 -0.00323560 -0.24753115
v 0.27002528 -0.00143910 -0.26239955
v 0.26043310 0.01179195 -0.25885239
v 0.27002528 -0.00143910 -0.26239955
v 0.27368033 -0.00323560 -0.24753115
v 0.27368033 -0.00323560 -0.24753115
v 0.26366736 0.01057540 -0.24382754
v 0.26043310 0.01179195 -0.25885239
v 0.24860744 0.02321300 -0.25579347
v 0.26043310 0.01179195 -0.25885239
v 0.26366736 0.01057540 -0.24382754
v 0.26366736 0.01057540 -0.24382754
v 0.25132378 0.02250087 -0.24063374
v 0.24860744 0.02321300 -0.25579347
v 0.23490973 0.03247878 -0.25331181
v 0.24860744 0.02321300 -0.25579347
v 0.25132378 0.02250087 -0.24063374
v 0.25132378 0.02250087 -0.24063374
v 0.23702184 0.03217396 -0.23804148
v 0.23490973 0.03247878 -0.25331181
v 0.21975539 0.03930605 -0.25148293
v 0.23490973 0.03247878 -0.25331181
v 0.23702184 0.03217396 -0.23804148
v 0.23702184 0.03217396 -0.23804148
v 0.22119854 0.03930066 -0.23613168
v 0.21975539 0.03930605 -0.25148293
v 0.20360300 0.04348442 -0.25036079
v 0.21975539 0.03930605 -0.25148293
v 0.22119854 0.03930066 -0.23613168
v 0.22119854 0.03930066 -0.23613168
v 0.20433671 0.04366515 -0.23496368
v 0.20360300 0.04348442 -0.25036079
v 0.18694618 0.04489249 -0.24998314
v 0.20360300 0.04348442 -0.25036079
v 0.20433671 0.04366515 -0.23496368
v 0.20433671 0.04366515 -0.23496368
v 0.18694618 0.04513257 -0.23456985
v 0.18694618 0.04489249 -0.24998314
v 0.17028666 0.04348442 -0.25036079
v 0.18694618 0.04489249 -0.24998314
v 0.18694618 0.04513257 -0.23456985
v 0.18694618 0.04513257 -0.23456985
v 0.16955295 0.04366515 -0.23496368
v 0.17028666 0.04348442 -0.25036079
v 0.15413426 0.03930605 -0.25148293
v 0.17028666 0.04348442 -0.25036079
v 0.16955295 0.04366515 -0.23496368
v 0.16955295 0.04366515 -0.23496368
v 0.15269112 0.03930066 -0.23613168
v 0.15413426 0.03930605 -0.25148293
v 0.13897993 0.03247878 -0.25331181
v 0.15413426 0.03930605 -0.25148293
v 0.15269112 0.03930066 -0.23613168
v 0.15269112 0.03930066 -0.23613168
v 0.13686782 0.03217396 -0.23804148
v 0.13897993 0.03247878 -0.25331181
v 0.12528222 0.02321300 -0.25579347
v 0.13897993 0.03247878 -0.25331181
v 0.13686782 0.03217396 -0.23804148
v 0.13686782 0.03217396 -0.23804148
v 0.12256858 0.02250087 -0.24063374
v 0.12528222 0.02321300 -0.25579347
v 0.11345655 0.01179195 -0.25885239
v 0.12528222 0.02321300 -0.25579347
v 0.12256858 0.02250087 -0.24063374
v 0.12256858 0.02250087 -0.24063374
v 0.11022230 0.01057540 -0.24382754
v 0.11345655 0.01179195 -0.25885239
v 0.10386708 -0.00143910 -0.26239955
v 0.11345655 0.01179195 -0.25885239
v 0.11022230 0.01057540 -0.24382754
v 0.11022230 0.01057540 -0.24382754
v 0.10020932 -0.00323560 -0.24753115
v 0.10386708 -0.00143910 -0.26239955
v 0.09679973 -0.01607822 -0.26632166
v 0.10386708 -0.00143910 -0.26239955
v 0.10020932 -0.00323560 -0.24753115
v 0.10020932 -0.00323560 -0.24753115
v 0.09283177 -0.01851942 -0.25162589
v 0.09679973 -0.01607822 -0.26632166
v 0.09247031 -0.03167763 -0.27050273
v 0.09679973 -0.01607822 -0.26632166
v 0.09283177 -0.01851942 -0.25162589
v 0.09283177 -0.01851942 -0.25162589
v 0.08831352 -0.03480938 -0.25599039
v 0.09247031 -0.03167763 -0.27050273
v 0.09101368 -0.04777068 -0.27481327
v 0.09247031 -0.03167763 -0.27050273
v 0.08831352 -0.03480938 -0.25599039
v 0.08831352 -0.03480938 -0.25599039
v 0.08679215 -0.05160647 -0.26048975
v 0.09101368 -0.04777068 -0.27481327
v 0.09247031 -0.06386104 -0.27912381
v 0.09101368 -0.04777068 -0.27481327
v 0.08679215 -0.05160647 -0.26048975
v 0.08679215 -0.05160647 -0.26048975
v 0.08831352 -0.06840626 -0.26499181
v 0.09247031 -0.06386104 -0.27912381
v 0.09679973 -0.07946045 -0.28330488
v 0.09247031 -0.06386104 -0.27912381
v 0.08831352 -0.06840626 -0.26499181
v 0.08831352 -0.06840626 -0.26499181
v 0.09283177 -0.08469353 -0.26935630
v 0.09679973 -0.07946045 -0.28330488
v 0.10386708 -0.09409957 -0.28722698
v 0.09679973 -0.07946045 -0.28330488
v 0.09283177 -0.08469353 -0.26935630
v 0.09283177 -0.08469353 -0.26935630
v 0.10020932 -0.09997734 -0.27345105
v 0.10386708 -0.09409957 -0.28722698
v 0.11345655 -0.10733062 -0.29077145
v 0.10386708 -0.09409957 -0.28722698
v 0.10020932 -0.09997734 -0.27345105
v 0.10020932 -0.09997734 -0.27345105
v 0.11022230 -0.11379104 -0.27715197
v 0.11345655 -0.10733062 -0.29077145
v 0.12528222 -0.11875167 -0.29383306
v 0.11345655 -0.10733062 -0.29077145
v 0.11022230 -0.11379104 -0.27715197
v 0.11022230 -0.11379104 -0.27715197
v 0.12256858 -0.12571382 -0.28034846
v 0.12528222 -0.11875167 -0.29383306
v 0.13897993 -0.12801745 -0.29631473
v 0.12528222 -0.11875167 -0.29383306
v 0.12256858 -0.12571382 -0.28034846
v 0.12256858 -0.12571382 -0.28034846
v 0.13686782 -0.13538691 -0.28293802
v 0.13897993 -0.12801745 -0.29631473
v 0.15413426 -0.13484472 -0.29814361
v 0.13897993 -0.12801745 -0.29631473
v 0.13686782 -0.13538691 -0.28293802
v 0.13686782 -0.13538691 -0.28293802
v 0.15269112 -0.14251360 -0.28484782
v 0.15413426 -0.13484472 -0.29814361
v 0.17028666 -0.13902309 -0.29926575
v 0.15413426 -0.13484472 -0.29814361
v 0.15269112 -0.14251360 -0.28484782
v 0.15269112 -0.14251360 -0.28484782
v 0.16955295 -0.14687809 -0.28601852
v 0.17028666 -0.13902309 -0.29926575
v 0.18694618 -0.14043116 -0.29964070
v 0.17028666 -0.13902309 -0.29926575
v 0.16955295 -0.14687809 -0.28601852
v 0.16955295 -0.14687809 -0.28601852
v 0.18694618 -0.14834821 -0.28641235
v 0.18694618 -0.14043116 -0.29964070
v 0.20251862 -0.12957388 -0.31077042
v 0.18694618 -0.13089024 -0.31112379
v 0.18694618 -0.14043116 -0.29964070
v 0.18694618 -0.14043116 -0.29964070
v 0.20360300 -0.13902309 -0.29926575
v 0.20251862 -0.12957388 -0.31077042
v 0.21761901 -0.12566526 -0.30972381
v 0.20251862 -0.12957388 -0.31077042
v 0.20360300 -0.13902309 -0.29926575
v 0.20360300 -0.13902309 -0.29926575
v 0.21975539 -0.13484472 -0.29814361
v 0.21761901 -0.12566526 -0.30972381
v 0.23178877 -0.11928577 -0.30801362
v 0.21761901 -0.12566526 -0.30972381
v 0.21975539 -0.13484472 -0.29814361
v 0.21975539 -0.13484472 -0.29814361
v 0.23490973 -0.12801745 -0.29631473
v 0.23178877 -0.11928577 -0.30801362
v 0.24459631 -0.11062422 -0.30569380
v 0.23178877 -0.11928577 -0.30801362
v 0.23490973 -0.12801745 -0.29631473
v 0.23490973 -0.12801745 -0.29631473
v 0.24860744 -0.11875167 -0.29383306
v 0.24459631 -0.11062422 -0.30569380
v 0.25565051 -0.09994497 -0.30283179
v 0.24459631 -0.11062422 -0.30569380
v 0.24860744 -0.11875167 -0.29383306
v 0.24860744 -0.11875167 -0.29383306
v 0.26043310 -0.10733062 -0.29077414
v 0.25565051 -0.09994497 -0.30283179
v 0.26461687 -0.08757442 -0.29951662
v 0.25565051 -0.09994497 -0.30283179
v 0.26043310 -0.10733062 -0.29077414
v 0.26043310 -0.10733062 -0.29077414
v 0.27002528 -0.09409957 -0.28722698
v 0.26461687 -0.08757442 -0.29951662
v 0.27122295 -0.07389020 -0.29585077
v 0.26461687 -0.08757442 -0.29951662
v 0.27002528 -0.09409957 -0.28722698
v 0.27002528 -0.09409957 -0.28722698
v 0.27708993 -0.07946045 -0.28330488
v 0.27122295 -0.07389020 -0.29585077
v 0.27526914 -0.05930233 -0.29194214
v 0.27122295 -0.07389020 -0.29585077
v 0.27708993 -0.07946045 -0.28330488
v 0.27708993 -0.07946045 -0.28330488
v 0.28141935 -0.06386104 -0.27912381
v 0.27526914 -0.05930233 -0.29194214
v 0.27663136 -0.04425859 -0.28791214
v 0.27526914 -0.05930233 -0.29194214
v 0.28141935 -0.06386104 -0.27912381
v 0.28141935 -0.06386104 -0.27912381
v 0.28287598 -0.04777068 -0.27481327
v 0.27663136 -0.04425859 -0.28791214
v 0.27526914 -0.02921755 -0.28387943
v 0.27663136 -0.04425859 -0.28791214
v 0.28287598 -0.04777068 -0.27481327
v 0.28287598 -0.04777068 -0.27481327
v 0.28141935 -0.03167763 -0.27050273
v 0.27526914 -0.02921755 -0.28387943
v 0.27122295 -0.01462968 -0.27997081
v 0.27526914 -0.02921755 -0.28387943
v 0.28141935 -0.03167763 -0.27050273
v 0.28141935 -0.03167763 -0.27050273
v 0.27708993 -0.01607822 -0.26632166
v 0.27122295 -0.01462968 -0.27997081
v 0.26461687 -0.00094546 -0.27630496
v 0.27122295 -0.01462968 -0.27997081
v 0.27708993 -0.01607822 -0.26632166
v 0.27708993 -0.01607822 -0.26632166
v 0.27002528 -0.00143910 -0.26239955
v 0.26461687 -0.00094546 -0.27630496
v 0.25565051 0.01142510 -0.27298978
v 0.26461687 -0.00094546 -0.27630496
v 0.27002528 -0.00143910 -0.26239955
v 0.27002528 -0.00143910 -0.26239955
v 0.26043310 0.01179195 -0.25885239
v 0.25565051 0.01142510 -0.27298978
v 0.24459631 0.02210434 -0.27013048
v 0.25565051 0.01142510 -0.27298978
v 0.26043310 0.01179195 -0.25885239
v 0.26043310 0.01179195 -0.25885239
v 0.24860744 0.02321300 -0.25579347
v 0.24459631 0.02210434 -0.27013048
v 0.23178877 0.03076589 -0.26780796
v 0.24459631 0.02210434 -0.27013048
v 0.24860744 0.02321300 -0.25579347
v 0.24860744 0.02321300 -0.25579347
v 0.23490973 0.03247878 -0.25331181
v 0.23178877 0.03076589 -0.26780796
v 0.21761901 0.03714808 -0.26609777
v 0.23178877 0.03076589 -0.26780796
v 0.23490973 0.03247878 -0.25331181
v 0.23490973 0.03247878 -0.25331181
v 0.21975539 0.03930605 -0.25148293
v 0.21761901 0.03714808 -0.26609777
v 0.20251862 0.04105401 -0.26505116
v 0.21761901 0.03714808 -0.26609777
v 0.21975539 0.03930605 -0.25148293
v 0.21975539 0.03930605 -0.25148293
v 0.20360300 0.04348442 -0.25036079
v 0.20251862 0.04105401 -0.26505116
v 0.18694618 0.04237037 -0.26469779
v 0.20251862 0.04105401 -0.26505116
v 0.20360300 0.04348442 -0.25036079
v 0.20360300 0.04348442 -0.25036079
v 0.18694618 0.04489249 -0.24998314
v 0.18694618 0.04237037 -0.26469779
v 0.17137104 0.04105401 -0.26505116
v 0.18694618 0.04237037 -0.26469779
v 0.18694618 0.04489249 -0.24998314
v 0.18694618 0.04489249 -0.24998314
v 0.17028666 0.04348442 -0.25036079
v 0.17137104 0.04105401 -0.26505116
v 0.15627065 0.03714808 -0.26609777
v 0.17137104 0.04105401 -0.26505116
v 0.17028666 0.04348442 -0.25036079
v 0.17028666 0.04348442 -0.25036079
v 0.15413426 0.03930605 -0.25148293
v 0.15627065 0.03714808 -0.26609777
v 0.14210089 0.03076589 -0.26780796
v 0.15627065 0.03714808 -0.26609777
v 0.15413426 0.03930605 -0.25148293
v 0.15413426 0.03930605 -0.25148293
v 0.13897993 0.03247878 -0.25331181
v 0.14210089 0.03076589 -0.26780796
v 0.12929604 0.02210434 -0.27013048
v 0.14210089 0.03076589 -0.26780796
v 0.13897993 0.03247878 -0.25331181
v 0.13897993 0.03247878 -0.25331181
v 0.12528222 0.02321300 -0.25579347
v 0.12929604 0.02210434 -0.27013048
v 0.11824185 0.01142510 -0.27298978
v 0.12929604 0.02210434 -0.27013048
v 0.12528222 0.02321300 -0.25579347
v 0.12528222 0.02321300 -0.25579347
v 0.11345655 0.01179195 -0.25885239
v 0.11824185 0.01142510 -0.27298978
v 0.10927279 -0.00094546 -0.27630496
v 0.11824185 0.01142510 -0.27298978
v 0.11345655 0.01179195 -0.25885239
v 0.11345655 0.01179195 -0.25885239
v 0.10386708 -0.00143910 -0.26239955
v 0.10927279 -0.00094546 -0.27630496
v 0.10266671 -0.01462968 -0.27997081
v 0.10927279 -0.00094546 -0.27630496
v 0.10386708 -0.00143910 -0.26239955
v 0.10386708 -0.00143910 -0.26239955
v 0.09679973 -0.01607822 -0.26632166
v 0.10266671 -0.01462968 -0.27997081
v 0.09862052 -0.02921755 -0.28387943
v 0.10266671 -0.01462968 -0.27997081
v 0.09679973 -0.01607822 -0.26632166
v 0.09679973 -0.01607822 -0.26632166
v 0.09247031 -0.03167763 -0.27050273
v 0.09862052 -0.02921755 -0.28387943
v 0.09725830 -0.04425859 -0.28791214
v 0.09862052 -0.02921755 -0.28387943
v 0.09247031 -0.03167763 -0.27050273
v 0.09247031 -0.03167763 -0.27050273
v 0.09101368 -0.04777068 -0.27481327
v 0.09725830 -0.04425859 -0.28791214
v 0.09862052 -0.05930233 -0.29194214
v 0.09725830 -0.04425859 -0.28791214
v 0.09101368 -0.04777068 -0.27481327
v 0.09101368 -0.04777068 -0.27481327
v 0.09247031 -0.06386104 -0.27912381
v 0.09862052 -0.05930233 -0.29194214
v 0.10266671 -0.07389020 -0.29585077
v 0.09862052 -0.05930233 -0.29194214
v 0.09247031 -0.06386104 -0.27912381
v 0.09247031 -0.06386104 -0.27912381
v 0.09679973 -0.07946045 -0.28330488
v 0.10266671 -0.07389020 -0.29585077
v 0.10927279 -0.08757442 -0.29951662
v 0.10266671 -0.07389020 -0.29585077
v 0.09679973 -0.07946045 -0.28330488
v 0.09679973 -0.07946045 -0.28330488
v 0.10386708 -0.09409957 -0.28722698
v 0.10927279 -0.08757442 -0.29951662
v 0.11824185 -0.09994497 -0.30283179
v 0.10927279 -0.08757442 -0.29951662
v 0.10386708 -0.09409957 -0.28722698
v 0.10386708 -0.09409957 -0.28722698
v 0.11345655 -0.10733062 -0.29077145
v 0.11824185 -0.09994497 -0.30283179
v 0.12929604 -0.11062422 -0.30569380
v 0.11824185 -0.09994497 -0.30283179
v 0.11345655 -0.10733062 -0.29077145
v 0.11345655 -0.10733062 -0.29077145
v 0.12528222 -0.11875167 -0.29383306
v 0.12929604 -0.11062422 -0.30569380
v 0.14210089 -0.11928577 -0.30801362
v 0.12929604 -0.11062422 -0.30569380
v 0.12528222 -0.11875167 -0.29383306
v 0.12528222 -0.11875167 -0.29383306
v 0.13897993 -0.12801745 -0.29631473
v 0.14210089 -0.11928577 -0.30801362
v 0.15627065 -0.12566526 -0.30972381
v 0.14210089 -0.11928577 -0.30801362
v 0.13897993 -0.12801745 -0.29631473
v 0.13897993 -0.12801745 -0.29631473
v 0.15413426 -0.13484472 -0.29814361
v 0.15627065 -0.12566526 -0.30972381
v 0.17137104 -0.12957388 -0.31077042
v 0.15627065 -0.12566526 -0.30972381
v 0.15413426 -0.13484472 -0.29814361
v 0.15413426 -0.13484472 -0.29814361
v 0.17028666 -0.13902309 -0.29926575
v 0.17137104 -0.12957388 -0.31077042
v 0.18694618 -0.13089024 -0.31112379
v 0.17137104 -0.12957388 -0.31077042
v 0.17028666 -0.13902309 -0.29926575
v 0.17028666 -0.13902309 -0.29926575
v 0.18694618 -0.14043116 -0.29964070
v 0.18694618 -0.13089024 -0.31112379
v 0.20084350 -0.11712780 -0.32053253
v 0.18694618 -0.11830119 -0.32084814
v 0.18694618 -0.13089024 -0.31112379
v 0.18694618 -0.13089024 -0.31112379
v 0.20251862 -0.12957388 -0.31077042
v 0.20084350 -0.11712780 -0.32053253
v 0.21432271 -0.11363998 -0.31959651
v 0.20084350 -0.11712780 -0.32053253
v 0.20251862 -0.12957388 -0.31077042
v 0.20251862 -0.12957388 -0.31077042
v 0.21761901 -0.12566526 -0.30972381
v 0.21432271 -0.11363998 -0.31959651
v 0.22696840 -0.10794294 -0.31807245
v 0.21432271 -0.11363998 -0.31959651
v 0.21761901 -0.12566526 -0.30972381
v 0.21761901 -0.12566526 -0.30972381
v 0.23178877 -0.11928577 -0.30801362
v 0.22696840 -0.10794294 -0.31807245
v 0.23839755 -0.10021202 -0.31600080
v 0.22696840 -0.10794294 -0.31807245
v 0.23178877 -0.11928577 -0.30801362
v 0.23178877 -0.11928577 -0.30801362
v 0.24459631 -0.11062422 -0.30569380
v 0.23839755 -0.10021202 -0.31600080
v 0.24826216 -0.09068459 -0.31344630
v 0.23839755 -0.10021202 -0.31600080
v 0.24459631 -0.11062422 -0.30569380
v 0.24459631 -0.11062422 -0.30569380
v 0.25565051 -0.09994497 -0.30283179
v 0.24826216 -0.09068459 -0.31344630
v 0.25626553 -0.07964388 -0.31048989
v 0.24826216 -0.09068459 -0.31344630
v 0.25565051 -0.09994497 -0.30283179
v 0.25565051 -0.09994497 -0.30283179
v 0.26461687 -0.08757442 -0.29951662
v 0.25626553 -0.07964388 -0.31048989
v 0.26216218 -0.06742978 -0.30721517
v 0.25626553 -0.07964388 -0.31048989
v 0.26461687 -0.08757442 -0.29951662
v 0.26461687 -0.08757442 -0.29951662
v 0.27122295 -0.07389020 -0.29585077
v 0.26216218 -0.06742978 -0.30721517
v 0.26577408 -0.05441183 -0.30372735
v 0.26216218 -0.06742978 -0.30721517
v 0.27122295 -0.07389020 -0.29585077
v 0.27122295 -0.07389020 -0.29585077
v 0.27526914 -0.05930233 -0.29194214
v 0.26577408 -0.05441183 -0.30372735
v 0.26698793 -0.04098657 -0.30012894
v 0.26577408 -0.05441183 -0.30372735
v 0.27526914 -0.05930233 -0.29194214
v 0.27526914 -0.05930233 -0.29194214
v 0.27663136 -0.04425859 -0.28791214
v 0.26698793 -0.04098657 -0.30012894
v 0.26577408 -0.02755861 -0.29653322
v 0.26698793 -0.04098657 -0.30012894
v 0.27663136 -0.04425859 -0.28791214
v 0.27663136 -0.04425859 -0.28791214
v 0.27526914 -0.02921755 -0.28387943
v 0.26577408 -0.02755861 -0.29653322
v 0.26216218 -0.01454336 -0.29304541
v 0.26577408 -0.02755861 -0.29653322
v 0.27526914 -0.02921755 -0.28387943
v 0.27526914 -0.02921755 -0.28387943
v 0.27122295 -0.01462968 -0.27997081
v 0.26216218 -0.01454336 -0.29304541
v 0.25626553 -0.00232656 -0.28977069
v 0.26216218 -0.01454336 -0.29304541
v 0.27122295 -0.01462968 -0.27997081
v 0.27122295 -0.01462968 -0.27997081
v 0.26461687 -0.00094546 -0.27630496
v 0.25626553 -0.00232656 -0.28977069
v 0.24826216 0.00871145 -0.28681427
v 0.25626553 -0.00232656 -0.28977069
v 0.26461687 -0.00094546 -0.27630496
v 0.26461687 -0.00094546 -0.27630496
v 0.25565051 0.01142510 -0.27298978
v 0.24826216 0.00871145 -0.28681427
v 0.23839755 0.01824158 -0.28425978
v 0.24826216 0.00871145 -0.28681427
v 0.25565051 0.01142510 -0.27298978
v 0.25565051 0.01142510 -0.27298978
v 0.24459631 0.02210434 -0.27013048
v 0.23839755 0.01824158 -0.28425978
v 0.22696840 0.02597250 -0.28218813
v 0.23839755 0.01824158 -0.28425978
v 0.24459631 0.02210434 -0.27013048
v 0.24459631 0.02210434 -0.27013048
v 0.23178877 0.03076589 -0.26780796
v 0.22696840 0.02597250 -0.28218813
v 0.21432271 0.03166684 -0.28066406
v 0.22696840 0.02597250 -0.28218813
v 0.23178877 0.03076589 -0.26780796
v 0.23178877 0.03076589 -0.26780796
v 0.21761901 0.03714808 -0.26609777
v 0.21432271 0.03166684 -0.28066406
v 0.20084350 0.03515466 -0.27972804
v 0.21432271 0.03166684 -0.28066406
v 0.21761901 0.03714808 -0.26609777
v 0.21761901 0.03714808 -0.26609777
v 0.20251862 0.04105401 -0.26505116
v 0.20084350 0.03515466 -0.27972804
v 0.18694618 0.03633075 -0.27941244
v 0.20084350 0.03515466 -0.27972804
v 0.20251862 0.04105401 -0.26505116
v 0.20251862 0.04105401 -0.26505116
v 0.18694618 0.04237037 -0.26469779
v 0.18694618 0.03633075 -0.27941244
v 0.17304616 0.03515466 -0.27972804
v 0.18694618 0.03633075 -0.27941244
v 0.18694618 0.04237037 -0.26469779
v 0.18694618 0.04237037 -0.26469779
v 0.17137104 0.04105401 -0.26505116
v 0.17304616 0.03515466 -0.27972804
v 0.15956965 0.03166684 -0.28066406
v 0.17304616 0.03515466 -0.27972804
v 0.17137104 0.04105401 -0.26505116
v 0.17137104 0.04105401 -0.26505116
v 0.15627065 0.03714808 -0.26609777
v 0.15956965 0.03166684 -0.28066406
v 0.14692395 0.02597250 -0.28218813
v 0.15956965 0.03166684 -0.28066406
v 0.15627065 0.03714808 -0.26609777
v 0.15627065 0.03714808 -0.26609777
v 0.14210089 0.03076589 -0.26780796
v 0.14692395 0.02597250 -0.28218813
v 0.13549481 0.01824158 -0.28425978
v 0.14692395 0.02597250 -0.28218813
v 0.14210089 0.03076589 -0.26780796
v 0.14210089 0.03076589 -0.26780796
v 0.12929604 0.02210434 -0.27013048
v 0.13549481 0.01824158 -0.28425978
v 0.12562750 0.00871145 -0.28681427
v 0.13549481 0.01824158 -0.28425978
v 0.12929604 0.02210434 -0.27013048
v 0.12929604 0.02210434 -0.27013048
v 0.11824185 0.01142510 -0.27298978
v 0.12562750 0.00871145 -0.28681427
v 0.11762683 -0.00232656 -0.28977069
v 0.12562750 0.00871145 -0.28681427
v 0.11824185 0.01142510 -0.27298978
v 0.11824185 0.01142510 -0.27298978
v 0.10927279 -0.00094546 -0.27630496
v 0.11762683 -0.00232656 -0.28977069
v 0.11173018 -0.01454066 -0.29304541
v 0.11762683 -0.00232656 -0.28977069
v 0.10927279 -0.00094546 -0.27630496
v 0.10927279 -0.00094546 -0.27630496
v 0.10266671 -0.01462968 -0.27997081
v 0.11173018 -0.01454066 -0.29304541
v 0.10811828 -0.02755861 -0.29653322
v 0.11173018 -0.01454066 -0.29304541
v 0.10266671 -0.01462968 -0.27997081
v 0.10266671 -0.01462968 -0.27997081
v 0.09862052 -0.02921755 -0.28387943
v 0.10811828 -0.02755861 -0.29653322
v 0.10690172 -0.04098657 -0.30012894
v 0.10811828 -0.02755861 -0.29653322
v 0.09862052 -0.02921755 -0.28387943
v 0.09862052 -0.02921755 -0.28387943
v 0.09725830 -0.04425859 -0.28791214
v 0.10690172 -0.04098657 -0.30012894
v 0.10811828 -0.05441183 -0.30372735
v 0.10690172 -0.04098657 -0.30012894
v 0.09725830 -0.04425859 -0.28791214
v 0.09725830 -0.04425859 -0.28791214
v 0.09862052 -0.05930233 -0.29194214
v 0.10811828 -0.05441183 -0.30372735
v 0.11173018 -0.06742978 -0.30721517
v 0.10811828 -0.05441183 -0.30372735
v 0.09862052 -0.05930233 -0.29194214
v 0.09862052 -0.05930233 -0.29194214
v 0.10266671 -0.07389020 -0.29585077
v 0.11173018 -0.06742978 -0.30721517
v 0.11762683 -0.07964388 -0.31048989
v 0.11173018 -0.06742978 -0.30721517
v 0.10266671 -0.07389020 -0.29585077
v 0.10266671 -0.07389020 -0.29585077
v 0.10927279 -0.08757442 -0.29951662
v 0.11762683 -0.07964388 -0.31048989
v 0.12562750 -0.09068459 -0.31344630
v 0.11762683 -0.07964388 -0.31048989
v 0.10927279 -0.08757442 -0.29951662
v 0.10927279 -0.08757442 -0.29951662
v 0.11824185 -0.09994497 -0.30283179
v 0.12562750 -0.09068459 -0.31344630
v 0.13549481 -0.10021202 -0.31600080
v 0.12562750 -0.09068459 -0.31344630
v 0.11824185 -0.09994497 -0.30283179
v 0.11824185 -0.09994497 -0.30283179
v 0.12929604 -0.11062422 -0.30569380
v 0.13549481 -0.10021202 -0.31600080
v 0.14692395 -0.10794294 -0.31807245
v 0.13549481 -0.10021202 -0.31600080
v 0.12929604 -0.11062422 -0.30569380
v 0.12929604 -0.11062422 -0.30569380
v 0.14210089 -0.11928577 -0.30801362
v 0.14692395 -0.10794294 -0.31807245
v 0.15956965 -0.11363998 -0.31959651
v 0.14692395 -0.10794294 -0.31807245
v 0.14210089 -0.11928577 -0.30801362
v 0.14210089 -0.11928577 -0.30801362
v 0.15627065 -0.12566526 -0.30972381
v 0.15956965 -0.11363998 -0.31959651
v 0.17304616 -0.11712780 -0.32053253
v 0.15956965 -0.11363998 -0.31959651
v 0.15627065 -0.12566526 -0.30972381
v 0.15627065 -0.12566526 -0.30972381
v 0.17137104 -0.12957388 -0.31077042
v 0.17304616 -0.11712780 -0.32053253
v 0.18694618 -0.11830119 -0.32084814
v 0.17304616 -0.11712780 -0.32053253
v 0.17137104 -0.12957388 -0.31077042
v 0.17137104 -0.12957388 -0.31077042
v 0.18694618 -0.13089024 -0.31112379
v 0.18694618 -0.11830119 -0.32084814
v 0.19838881 -0.10070296 -0.32800720
v 0.18694618 -0.10167135 -0.32826615
v 0.18694618 -0.11830119 -0.32084814
v 0.18694618 -0.11830119 -0.32084814
v 0.20084350 -0.11712780 -0.32053253
v 0.19838881 -0.10070296 -0.32800720
v 0.20948346 -0.09783286 -0.32723842
v 0.19838881 -0.10070296 -0.32800720
v 0.20084350 -0.11712780 -0.32053253
v 0.20084350 -0.11712780 -0.32053253
v 0.21432271 -0.11363998 -0.31959651
v 0.20948346 -0.09783286 -0.32723842
v 0.21989566 -0.09314198 -0.32598140
v 0.20948346 -0.09783286 -0.32723842
v 0.21432271 -0.11363998 -0.31959651
v 0.21432271 -0.11363998 -0.31959651
v 0.22696840 -0.10794294 -0.31807245
v 0.21989566 -0.09314198 -0.32598140
v 0.22930441 -0.08677867 -0.32427661
v 0.21989566 -0.09314198 -0.32598140
v 0.22696840 -0.10794294 -0.31807245
v 0.22696840 -0.10794294 -0.31807245
v 0.23839755 -0.10021202 -0.31600080
v 0.22930441 -0.08677867 -0.32427661
v 0.23742646 -0.07893175 -0.32217259
v 0.22930441 -0.08677867 -0.32427661
v 0.23839755 -0.10021202 -0.31600080
v 0.23839755 -0.10021202 -0.31600080
v 0.24826216 -0.09068459 -0.31344630
v 0.23742646 -0.07893175 -0.32217259
v 0.24401636 -0.06984401 -0.31973678
v 0.23742646 -0.07893175 -0.32217259
v 0.24826216 -0.09068459 -0.31344630
v 0.24826216 -0.09068459 -0.31344630
v 0.25626553 -0.07964388 -0.31048989
v 0.24401636 -0.06984401 -0.31973678
v 0.24886909 -0.05978787 -0.31704472
v 0.24401636 -0.06984401 -0.31973678
v 0.25626553 -0.07964388 -0.31048989
v 0.25626553 -0.07964388 -0.31048989
v 0.26216218 -0.06742978 -0.30721517
v 0.24886909 -0.05978787 -0.31704472
v 0.25184439 -0.04907086 -0.31417192
v 0.24886909 -0.05978787 -0.31704472
v 0.26216218 -0.06742978 -0.30721517
v 0.26216218 -0.06742978 -0.30721517
v 0.26577408 -0.05441183 -0.30372735
v 0.25184439 -0.04907086 -0.31417192
v 0.25284515 -0.03801666 -0.31121011
v 0.25184439 -0.04907086 -0.31417192
v 0.26577408 -0.05441183 -0.30372735
v 0.26577408 -0.05441183 -0.30372735
v 0.26698793 -0.04098657 -0.30012894
v 0.25284515 -0.03801666 -0.31121011
v 0.25184439 -0.02696247 -0.30824830
v 0.25284515 -0.03801666 -0.31121011
v 0.26698793 -0.04098657 -0.30012894
v 0.26698793 -0.04098657 -0.30012894
v 0.26577408 -0.02755861 -0.29653322
v 0.25184439 -0.02696247 -0.30824830
v 0.24886909 -0.01624546 -0.30537550
v 0.25184439 -0.02696247 -0.30824830
v 0.26577408 -0.02755861 -0.29653322
v 0.26577408 -0.02755861 -0.29653322
v 0.26216218 -0.01454336 -0.29304541
v 0.24886909 -0.01624546 -0.30537550
v 0.24401636 -0.00618932 -0.30268074
v 0.24886909 -0.01624546 -0.30537550
v 0.26216218 -0.01454336 -0.29304541
v 0.26216218 -0.01454336 -0.29304541
v 0.25626553 -0.00232656 -0.28977069
v 0.24401636 -0.00618932 -0.30268074
v 0.23742646 0.00289842 -0.30024763
v 0.24401636 -0.00618932 -0.30268074
v 0.25626553 -0.00232656 -0.28977069
v 0.25626553 -0.00232656 -0.28977069
v 0.24826216 0.00871145 -0.28681427
v 0.23742646 0.00289842 -0.30024763
v 0.22930441 0.01074534 -0.29814361
v 0.23742646 0.00289842 -0.30024763
v 0.24826216 0.00871145 -0.28681427
v 0.24826216 0.00871145 -0.28681427
v 0.23839755 0.01824158 -0.28425978
v 0.22930441 0.01074534 -0.29814361
v 0.21989566 0.01710865 -0.29643881
v 0.22930441 0.01074534 -0.29814361
v 0.23839755 0.01824158 -0.28425978
v 0.23839755 0.01824158 -0.28425978
v 0.22696840 0.02597250 -0.28218813
v 0.21989566 0.01710865 -0.29643881
v 0.20948346 0.02179683 -0.29518180
v 0.21989566 0.01710865 -0.29643881
v 0.22696840 0.02597250 -0.28218813
v 0.22696840 0.02597250 -0.28218813
v 0.21432271 0.03166684 -0.28066406
v 0.20948346 0.02179683 -0.29518180
v 0.19838881 0.02466963 -0.29441302
v 0.20948346 0.02179683 -0.29518180
v 0.21432271 0.03166684 -0.28066406
v 0.21432271 0.03166684 -0.28066406
v 0.20084350 0.03515466 -0.27972804
v 0.19838881 0.02466963 -0.29441302
v 0.18694618 0.02563802 -0.29415406
v 0.19838881 0.02466963 -0.29441302
v 0.20084350 0.03515466 -0.27972804
v 0.20084350 0.03515466 -0.27972804
v 0.18694618 0.03633075 -0.27941244
v 0.18694618 0.02563802 -0.29415406
v 0.17550085 0.02466963 -0.29441302
v 0.18694618 0.02563802 -0.29415406
v 0.18694618 0.03633075 -0.27941244
v 0.18694618 0.03633075 -0.27941244
v 0.17304616 0.03515466 -0.27972804
v 0.17550085 0.02466963 -0.29441302
v 0.16440619 0.02179683 -0.29518180
v 0.17550085 0.02466963 -0.29441302
v 0.17304616 0.03515466 -0.27972804
v 0.17304616 0.03515466 -0.27972804
v 0.15956965 0.03166684 -0.28066406
v 0.16440619 0.02179683 -0.29518180
v 0.15399669 0.01710865 -0.29643881
v 0.16440619 0.02179683 -0.29518180
v 0.15956965 0.03166684 -0.28066406
v 0.15956965 0.03166684 -0.28066406
v 0.14692395 0.02597250 -0.28218813
v 0.15399669 0.01710865 -0.29643881
v 0.14458525 0.01074534 -0.29814361
v 0.15399669 0.01710865 -0.29643881
v 0.14692395 0.02597250 -0.28218813
v 0.14692395 0.02597250 -0.28218813
v 0.13549481 0.01824158 -0.28425978
v 0.14458525 0.01074534 -0.29814361
v 0.13646320 0.00289842 -0.30024763
v 0.14458525 0.01074534 -0.29814361
v 0.13549481 0.01824158 -0.28425978
v 0.13549481 0.01824158 -0.28425978
v 0.12562750 0.00871145 -0.28681427
v 0.13646320 0.00289842 -0.30024763
v 0.12987600 -0.00618932 -0.30268074
v 0.13646320 0.00289842 -0.30024763
v 0.12562750 0.00871145 -0.28681427
v 0.12562750 0.00871145 -0.28681427
v 0.11762683 -0.00232656 -0.28977069
v 0.12987600 -0.00618932 -0.30268074
v 0.12502057 -0.01624546 -0.30537550
v 0.12987600 -0.00618932 -0.30268074
v 0.11762683 -0.00232656 -0.28977069
v 0.11762683 -0.00232656 -0.28977069
v 0.11173018 -0.01454066 -0.29304541
v 0.12502057 -0.01624546 -0.30537550
v 0.12204797 -0.02696247 -0.30824830
v 0.12502057 -0.01624546 -0.30537550
v 0.11173018 -0.01454066 -0.29304541
v 0.11173018 -0.01454066 -0.29304541
v 0.10811828 -0.02755861 -0.29653322
v 0.12204797 -0.02696247 -0.30824830
v 0.12104721 -0.03801666 -0.31121011
v 0.12204797 -0.02696247 -0.30824830
v 0.10811828 -0.02755861 -0.29653322
v 0.10811828 -0.02755861 -0.29653322
v 0.10690172 -0.04098657 -0.30012894
v 0.12104721 -0.03801666 -0.31121011
v 0.12204797 -0.04907086 -0.31417192
v 0.12104721 -0.03801666 -0.31121011
v 0.10690172 -0.04098657 -0.30012894
v 0.10690172 -0.04098657 -0.30012894
v 0.10811828 -0.05441183 -0.30372735
v 0.12204797 -0.04907086 -0.31417192
v 0.12502057 -0.05978787 -0.31704202
v 0.12204797 -0.04907086 -0.31417192
v 0.10811828 -0.05441183 -0.30372735
v 0.10811828 -0.05441183 -0.30372735
v 0.11173018 -0.06742978 -0.30721517
v 0.12502057 -0.05978787 -0.31704202
v 0.12987600 -0.06984401 -0.31973678
v 0.12502057 -0.05978787 -0.31704202
v 0.11173018 -0.06742978 -0.30721517
v 0.11173018 -0.06742978 -0.30721517
v 0.11762683 -0.07964388 -0.31048989
v 0.12987600 -0.06984401 -0.31973678
v 0.13646320 -0.07893175 -0.32217259
v 0.12987600 -0.06984401 -0.31973678
v 0.11762683 -0.07964388 -0.31048989
v 0.11762683 -0.07964388 -0.31048989
v 0.12562750 -0.09068459 -0.31344630
v 0.13646320 -0.07893175 -0.32217259
v 0.14458525 -0.08677867 -0.32427661
v 0.13646320 -0.07893175 -0.32217259
v 0.12562750 -0.09068459 -0.31344630
v 0.12562750 -0.09068459 -0.31344630
v 0.13549481 -0.10021202 -0.31600080
v 0.14458525 -0.08677867 -0.32427661
v 0.15399669 -0.09314198 -0.32598140
v 0.14458525 -0.08677867 -0.32427661
v 0.13549481 -0.10021202 -0.31600080
v 0.13549481 -0.10021202 -0.31600080
v 0.14692395 -0.10794294 -0.31807245
v 0.15399669 -0.09314198 -0.32598140
v 0.16440619 -0.09783286 -0.32723842
v 0.15399669 -0.09314198 -0.32598140
v 0.14692395 -0.10794294 -0.31807245
v 0.14692395 -0.10794294 -0.31807245
v 0.15956965 -0.11363998 -0.31959651
v 0.16440619 -0.09783286 -0.32723842
v 0.17550085 -0.10070296 -0.32800720
v 0.16440619 -0.09783286 -0.32723842
v 0.15956965 -0.11363998 -0.31959651
v 0.15956965 -0.11363998 -0.31959651
v 0.17304616 -0.11712780 -0.32053253
v 0.17550085 -0.10070296 -0.32800720
v 0.18694618 -0.10167135 -0.32826615
v 0.17550085 -0.10070296 -0.32800720
v 0.17304616 -0.11712780 -0.32053253
v 0.17304616 -0.11712780 -0.32053253
v 0.18694618 -0.11830119 -0.32084814
v 0.18694618 -0.10167135 -0.32826615
v 0.19510330 -0.08026969 -0.33226109
v 0.18694618 -0.08096024 -0.33244452
v 0.18694618 -0.10167135 -0.32826615
v 0.18694618 -0.10167135 -0.32826615
v 0.19838881 -0.10070296 -0.32800720
v 0.19510330 -0.08026969 -0.33226109
v 0.20301225 -0.07822232 -0.33171081
v 0.19510330 -0.08026969 -0.33226109
v 0.19838881 -0.10070296 -0.32800720
v 0.19838881 -0.10070296 -0.32800720
v 0.20948346 -0.09783286 -0.32723842
v 0.20301225 -0.07822232 -0.33171081
v 0.21043297 -0.07488017 -0.33081525
v 0.20301225 -0.07822232 -0.33171081
v 0.20948346 -0.09783286 -0.32723842
v 0.20948346 -0.09783286 -0.32723842
v 0.21989566 -0.09314198 -0.32598140
v 0.21043297 -0.07488017 -0.33081525
v 0.21714155 -0.07034304 -0.32960140
v 0.21043297 -0.07488017 -0.33081525
v 0.21989566 -0.09314198 -0.32598140
v 0.21989566 -0.09314198 -0.32598140
v 0.22930441 -0.08677867 -0.32427661
v 0.21714155 -0.07034304 -0.32960140
v 0.22293031 -0.06475120 -0.32810161
v 0.21714155 -0.07034304 -0.32960140
v 0.22930441 -0.08677867 -0.32427661
v 0.22930441 -0.08677867 -0.32427661
v 0.23742646 -0.07893175 -0.32217259
v 0.22293031 -0.06475120 -0.32810161
v 0.22762659 -0.05827190 -0.32636714
v 0.22293031 -0.06475120 -0.32810161
v 0.23742646 -0.07893175 -0.32217259
v 0.23742646 -0.07893175 -0.32217259
v 0.24401636 -0.06984401 -0.31973678
v 0.22762659 -0.05827190 -0.32636714
v 0.23108743 -0.05110475 -0.32444655
v 0.22762659 -0.05827190 -0.32636714
v 0.24401636 -0.06984401 -0.31973678
v 0.24401636 -0.06984401 -0.31973678
v 0.24886909 -0.05978787 -0.31704472
v 0.23108743 -0.05110475 -0.32444655
v 0.23320763 -0.04346284 -0.32239918
v 0.23108743 -0.05110475 -0.32444655
v 0.24886909 -0.05978787 -0.31704472
v 0.24886909 -0.05978787 -0.31704472
v 0.25184439 -0.04907086 -0.31417192
v 0.23320763 -0.04346284 -0.32239918
v 0.23392246 -0.03558356 -0.32028706
v 0.23320763 -0.04346284 -0.32239918
v 0.25184439 -0.04907086 -0.31417192
v 0.25184439 -0.04907086 -0.31417192
v 0.25284515 -0.03801666 -0.31121011
v 0.23392246 -0.03558356 -0.32028706
v 0.23320763 -0.02770427 -0.31817495
v 0.23392246 -0.03558356 -0.32028706
v 0.25284515 -0.03801666 -0.31121011
v 0.25284515 -0.03801666 -0.31121011
v 0.25184439 -0.02696247 -0.30824830
v 0.23320763 -0.02770427 -0.31817495
v 0.23108743 -0.02006506 -0.31612758
v 0.23320763 -0.02770427 -0.31817495
v 0.25184439 -0.02696247 -0.30824830
v 0.25184439 -0.02696247 -0.30824830
v 0.24886909 -0.01624546 -0.30537550
v 0.23108743 -0.02006506 -0.31612758
v 0.22762659 -0.01289791 -0.31420699
v 0.23108743 -0.02006506 -0.31612758
v 0.24886909 -0.01624546 -0.30537550
v 0.24886909 -0.01624546 -0.30537550
v 0.24401636 -0.00618932 -0.30268074
v 0.22762659 -0.01289791 -0.31420699
v 0.22293031 -0.00641861 -0.31247252
v 0.22762659 -0.01289791 -0.31420699
v 0.24401636 -0.00618932 -0.30268074
v 0.24401636 -0.00618932 -0.30268074
v 0.23742646 0.00289842 -0.30024763
v 0.22293031 -0.00641861 -0.31247252
v 0.21714155 -0.00082407 -0.31097273
v 0.22293031 -0.00641861 -0.31247252
v 0.23742646 0.00289842 -0.30024763
v 0.23742646 0.00289842 -0.30024763
v 0.22930441 0.01074534 -0.29814361
v 0.21714155 -0.00082407 -0.31097273
v 0.21043297 0.00371036 -0.30975887
v 0.21714155 -0.00082407 -0.31097273
v 0.22930441 0.01074534 -0.29814361
v 0.22930441 0.01074534 -0.29814361
v 0.21989566 0.01710865 -0.29643881
v 0.21043297 0.00371036 -0.30975887
v 0.20301225 0.00705521 -0.30886062
v 0.21043297 0.00371036 -0.30975887
v 0.21989566 0.01710865 -0.29643881
v 0.21989566 0.01710865 -0.29643881
v 0.20948346 0.02179683 -0.29518180
v 0.20301225 0.00705521 -0.30886062
v 0.19510330 0.00909988 -0.30831303
v 0.20301225 0.00705521 -0.30886062
v 0.20948346 0.02179683 -0.29518180
v 0.20948346 0.02179683 -0.29518180
v 0.19838881 0.02466963 -0.29441302
v 0.19510330 0.00909988 -0.30831303
v 0.18694618 0.00979043 -0.30812961
v 0.19510330 0.00909988 -0.30831303
v 0.19838881 0.02466963 -0.29441302
v 0.19838881 0.02466963 -0.29441302
v 0.18694618 0.02563802 -0.29415406
v 0.18694618 0.00979043 -0.30812961
v 0.17878906 0.00909988 -0.30831303
v 0.18694618 0.00979043 -0.30812961
v 0.18694618 0.02563802 -0.29415406
v 0.18694618 0.02563802 -0.29415406
v 0.17550085 0.02466963 -0.29441302
v 0.17878906 0.00909988 -0.30831303
v 0.17087740 0.00705521 -0.30886062
v 0.17878906 0.00909988 -0.30831303
v 0.17550085 0.02466963 -0.29441302
v 0.17550085 0.02466963 -0.29441302
v 0.16440619 0.02179683 -0.29518180
v 0.17087740 0.00705521 -0.30886062
v 0.16345669 0.00371036 -0.30975887
v 0.17087740 0.00705521 -0.30886062
v 0.16440619 0.02179683 -0.29518180
v 0.16440619 0.02179683 -0.29518180
v 0.15399669 0.01710865 -0.29643881
v 0.16345669 0.00371036 -0.30975887
v 0.15675080 -0.00082407 -0.31097273
v 0.16345669 0.00371036 -0.30975887
v 0.15399669 0.01710865 -0.29643881
v 0.15399669 0.01710865 -0.29643881
v 0.14458525 0.01074534 -0.29814361
v 0.15675080 -0.00082407 -0.31097273
v 0.15095935 -0.00641861 -0.31247252
v 0.15675080 -0.00082407 -0.31097273
v 0.14458525 0.01074534 -0.29814361
v 0.14458525 0.01074534 -0.29814361
v 0.13646320 0.00289842 -0.30024763
v 0.15095935 -0.00641861 -0.31247252
v 0.14626307 -0.01289791 -0.31420699
v 0.15095935 -0.00641861 -0.31247252
v 0.13646320 0.00289842 -0.30024763
v 0.13646320 0.00289842 -0.30024763
v 0.12987600 -0.00618932 -0.30268074
v 0.14626307 -0.01289791 -0.31420699
v 0.14280223 -0.02006506 -0.31612758
v 0.14626307 -0.01289791 -0.31420699
v 0.12987600 -0.00618932 -0.30268074
v 0.12987600 -0.00618932 -0.30268074
v 0.12502057 -0.01624546 -0.30537550
v 0.14280223 -0.02006506 -0.31612758
v 0.14068203 -0.02770427 -0.31817495
v 0.14280223 -0.02006506 -0.31612758
v 0.12502057 -0.01624546 -0.30537550
v 0.12502057 -0.01624546 -0.30537550
v 0.12204797 -0.02696247 -0.30824830
v 0.14068203 -0.02770427 -0.31817495
v 0.13996990 -0.03558356 -0.32028706
v 0.14068203 -0.02770427 -0.31817495
v 0.12204797 -0.02696247 -0.30824830
v 0.12204797 -0.02696247 -0.30824830
v 0.12104721 -0.03801666 -0.31121011
v 0.13996990 -0.03558356 -0.32028706
v 0.14068203 -0.04346284 -0.32239918
v 0.13996990 -0.03558356 -0.32028706
v 0.12104721 -0.03801666 -0.31121011
v 0.12104721 -0.03801666 -0.31121011
v 0.12204797 -0.04907086 -0.31417192
v 0.14068203 -0.04346284 -0.32239918
v 0.14280223 -0.05110475 -0.32444655
v 0.14068203 -0.04346284 -0.32239918
v 0.12204797 -0.04907086 -0.31417192
v 0.12204797 -0.04907086 -0.31417192
v 0.12502057 -0.05978787 -0.31704202
v 0.14280223 -0.05110475 -0.32444655
v 0.14626307 -0.05827190 -0.32636714
v 0.14280223 -0.05110475 -0.32444655
v 0.12502057 -0.05978787 -0.31704202
v 0.12502057 -0.05978787 -0.31704202
v 0.12987600 -0.06984401 -0.31973678
v 0.14626307 -0.05827190 -0.32636714
v 0.15095935 -0.06475120 -0.32810161
v 0.14626307 -0.05827190 -0.32636714
v 0.12987600 -0.06984401 -0.31973678
v 0.12987600 -0.06984401 -0.31973678
v 0.13646320 -0.07893175 -0.32217259
v 0.15095935 -0.06475120 -0.32810161
v 0.15675080 -0.07034304 -0.32960140
v 0.15095935 -0.06475120 -0.32810161
v 0.13646320 -0.07893175 -0.32217259
v 0.13646320 -0.07893175 -0.32217259
v 0.14458525 -0.08677867 -0.32427661
v 0.15675080 -0.07034304 -0.32960140
v 0.16345669 -0.07488017 -0.33081525
v 0.15675080 -0.07034304 -0.32960140
v 0.14458525 -0.08677867 -0.32427661
v 0.14458525 -0.08677867 -0.32427661
v 0.15399669 -0.09314198 -0.32598140
v 0.16345669 -0.07488017 -0.33081525
v 0.17087740 -0.07822232 -0.33171081
v 0.16345669 -0.07488017 -0.33081525
v 0.15399669 -0.09314198 -0.32598140
v 0.15399669 -0.09314198 -0.32598140
v 0.16440619 -0.09783286 -0.32723842
v 0.17087740 -0.07822232 -0.33171081
v 0.17878906 -0.08026969 -0.33226109
v 0.17087740 -0.07822232 -0.33171081
v 0.16440619 -0.09783286 -0.32723842
v 0.16440619 -0.09783286 -0.32723842
v 0.17550085 -0.10070296 -0.32800720
v 0.17878906 -0.08026969 -0.33226109
v 0.18694618 -0.08096024 -0.33244452
v 0.17878906 -0.08026969 -0.33226109
v 0.17550085 -0.10070296 -0.32800720
v 0.17550085 -0.10070296 -0.32800720
v 0.18694618 -0.10167135 -0.32826615
v 0.18694618 -0.08096024 -0.33244452
v 0.19115422 -0.05703646 -0.33243103
v 0.18694618 -0.05739253 -0.33252544
v 0.18694618 -0.08096024 -0.33244452
v 0.18694618 -0.08096024 -0.33244452
v 0.19510330 -0.08026969 -0.33226109
v 0.19115422 -0.05703646 -0.33243103
v 0.19523278 -0.05598175 -0.33214780
v 0.19115422 -0.05703646 -0.33243103
v 0.19510330 -0.08026969 -0.33226109
v 0.19510330 -0.08026969 -0.33226109
v 0.20301225 -0.07822232 -0.33171081
v 0.19523278 -0.05598175 -0.33214780
v 0.19906047 -0.05425808 -0.33168384
v 0.19523278 -0.05598175 -0.33214780
v 0.20301225 -0.07822232 -0.33171081
v 0.20301225 -0.07822232 -0.33171081
v 0.21043297 -0.07488017 -0.33081525
v 0.19906047 -0.05425808 -0.33168384
v 0.20252132 -0.05191668 -0.33105803
v 0.19906047 -0.05425808 -0.33168384
v 0.21043297 -0.07488017 -0.33081525
v 0.21043297 -0.07488017 -0.33081525
v 0.21714155 -0.07034304 -0.32960140
v 0.20252132 -0.05191668 -0.33105803
v 0.20550741 -0.04903040 -0.33028385
v 0.20252132 -0.05191668 -0.33105803
v 0.21714155 -0.07034304 -0.32960140
v 0.21714155 -0.07034304 -0.32960140
v 0.22293031 -0.06475120 -0.32810161
v 0.20550741 -0.04903040 -0.33028385
v 0.20793242 -0.04568824 -0.32938830
v 0.20550741 -0.04903040 -0.33028385
v 0.22293031 -0.06475120 -0.32810161
v 0.22293031 -0.06475120 -0.32810161
v 0.22762659 -0.05827190 -0.32636714
v 0.20793242 -0.04568824 -0.32938830
v 0.20971544 -0.04199272 -0.32839833
v 0.20793242 -0.04568824 -0.32938830
v 0.22762659 -0.05827190 -0.32636714
v 0.22762659 -0.05827190 -0.32636714
v 0.23108743 -0.05110475 -0.32444655
v 0.20971544 -0.04199272 -0.32839833
v 0.21081061 -0.03805173 -0.32734362
v 0.20971544 -0.04199272 -0.32839833
v 0.23108743 -0.05110475 -0.32444655
v 0.23108743 -0.05110475 -0.32444655
v 0.23320763 -0.04346284 -0.32239918
v 0.21081061 -0.03805173 -0.32734362
v 0.21117747 -0.03398666 -0.32625385
v 0.21081061 -0.03805173 -0.32734362
v 0.23320763 -0.04346284 -0.32239918
v 0.23320763 -0.04346284 -0.32239918
v 0.23392246 -0.03558356 -0.32028706
v 0.21117747 -0.03398666 -0.32625385
v 0.21081061 -0.02992158 -0.32516407
v 0.21117747 -0.03398666 -0.32625385
v 0.23392246 -0.03558356 -0.32028706
v 0.23392246 -0.03558356 -0.32028706
v 0.23320763 -0.02770427 -0.31817495
v 0.21081061 -0.02992158 -0.32516407
v 0.20971544 -0.02598059 -0.32410937
v 0.21081061 -0.02992158 -0.32516407
v 0.23320763 -0.02770427 -0.31817495
v 0.23320763 -0.02770427 -0.31817495
v 0.23108743 -0.02006506 -0.31612758
v 0.20971544 -0.02598059 -0.32410937
v 0.20793242 -0.02228238 -0.32311670
v 0.20971544 -0.02598059 -0.32410937
v 0.23108743 -0.02006506 -0.31612758
v 0.23108743 -0.02006506 -0.31612758
v 0.22762659 -0.01289791 -0.31420699
v 0.20793242 -0.02228238 -0.32311670
v 0.20550741 -0.01894022 -0.32222114
v 0.20793242 -0.02228238 -0.32311670
v 0.22762659 -0.01289791 -0.31420699
v 0.22762659 -0.01289791 -0.31420699
v 0.22293031 -0.00641861 -0.31247252
v 0.20550741 -0.01894022 -0.32222114
v 0.20252132 -0.01605664 -0.32144967
v 0.20550741 -0.01894022 -0.32222114
v 0.22293031 -0.00641861 -0.31247252
v 0.22293031 -0.00641861 -0.31247252
v 0.21714155 -0.00082407 -0.31097273
v 0.20252132 -0.01605664 -0.32144967
v 0.19906047 -0.01371524 -0.32082116
v 0.20252132 -0.01605664 -0.32144967
v 0.21714155 -0.00082407 -0.31097273
v 0.21714155 -0.00082407 -0.31097273
v 0.21043297 0.00371036 -0.30975887
v 0.19906047 -0.01371524 -0.32082116
v 0.19523278 -0.01199156 -0.32035990
v 0.19906047 -0.01371524 -0.32082116
v 0.21043297 0.00371036 -0.30975887
v 0.21043297 0.00371036 -0.30975887
v 0.20301225 0.00705521 -0.30886062
v 0.19523278 -0.01199156 -0.32035990
v 0.19115422 -0.01093416 -0.32007666
v 0.19523278 -0.01199156 -0.32035990
v 0.20301225 0.00705521 -0.30886062
v 0.20301225 0.00705521 -0.30886062
v 0.19510330 0.00909988 -0.30831303
v 0.19115422 -0.01093416 -0.32007666
v 0.18694618 -0.01057809 -0.31998225
v 0.19115422 -0.01093416 -0.32007666
v 0.19510330 0.00909988 -0.30831303
v 0.19510330 0.00909988 -0.30831303
v 0.18694618 0.00979043 -0.30812961
v 0.18694618 -0.01057809 -0.31998225
v 0.18273814 -0.01093416 -0.32007666
v 0.18694618 -0.01057809 -0.31998225
v 0.18694618 0.00979043 -0.30812961
v 0.18694618 0.00979043 -0.30812961
v 0.17878906 0.00909988 -0.30831303
v 0.18273814 -0.01093416 -0.32007666
v 0.17865688 -0.01199156 -0.32035990
v 0.18273814 -0.01093416 -0.32007666
v 0.17878906 0.00909988 -0.30831303
v 0.17878906 0.00909988 -0.30831303
v 0.17087740 0.00705521 -0.30886062
v 0.17865688 -0.01199156 -0.32035990
v 0.17482918 -0.01371524 -0.32082116
v 0.17865688 -0.01199156 -0.32035990
v 0.17087740 0.00705521 -0.30886062
v 0.17087740 0.00705521 -0.30886062
v 0.16345669 0.00371036 -0.30975887
v 0.17482918 -0.01371524 -0.32082116
v 0.17136834 -0.01605664 -0.32144967
v 0.17482918 -0.01371524 -0.32082116
v 0.16345669 0.00371036 -0.30975887
v 0.16345669 0.00371036 -0.30975887
v 0.15675080 -0.00082407 -0.31097273
v 0.17136834 -0.01605664 -0.32144967
v 0.16838225 -0.01894022 -0.32222114
v 0.17136834 -0.01605664 -0.32144967
v 0.15675080 -0.00082407 -0.31097273
v 0.15675080 -0.00082407 -0.31097273
v 0.15095935 -0.00641861 -0.31247252
v 0.16838225 -0.01894022 -0.32222114
v 0.16595993 -0.02228238 -0.32311670
v 0.16838225 -0.01894022 -0.32222114
v 0.15095935 -0.00641861 -0.31247252
v 0.15095935 -0.00641861 -0.31247252
v 0.14626307 -0.01289791 -0.31420699
v 0.16595993 -0.02228238 -0.32311670
v 0.16417421 -0.02598059 -0.32410937
v 0.16595993 -0.02228238 -0.32311670
v 0.14626307 -0.01289791 -0.31420699
v 0.14626307 -0.01289791 -0.31420699
v 0.14280223 -0.02006506 -0.31612758
v 0.16417421 -0.02598059 -0.32410937
v 0.16308174 -0.02992158 -0.32516407
v 0.16417421 -0.02598059 -0.32410937
v 0.14280223 -0.02006506 -0.31612758
v 0.14280223 -0.02006506 -0.31612758
v 0.14068203 -0.02770427 -0.31817495
v 0.16308174 -0.02992158 -0.32516407
v 0.16271219 -0.03398666 -0.32625385
v 0.16308174 -0.02992158 -0.32516407
v 0.14068203 -0.02770427 -0.31817495
v 0.14068203 -0.02770427 -0.31817495
v 0.13996990 -0.03558356 -0.32028706
v 0.16271219 -0.03398666 -0.32625385
v 0.16308174 -0.03805173 -0.32734362
v 0.16271219 -0.03398666 -0.32625385
v 0.13996990 -0.03558356 -0.32028706
v 0.13996990 -0.03558356 -0.32028706
v 0.14068203 -0.04346284 -0.32239918
v 0.16308174 -0.03805173 -0.32734362
v 0.16417421 -0.04199272 -0.32839833
v 0.16308174 -0.03805173 -0.32734362
v 0.14068203 -0.04346284 -0.32239918
v 0.14068203 -0.04346284 -0.32239918
v 0.14280223 -0.05110475 -0.32444655
v 0.16417421 -0.04199272 -0.32839833
v 0.16595993 -0.04568824 -0.32938830
v 0.16417421 -0.04199272 -0.32839833
v 0.14280223 -0.05110475 -0.32444655
v 0.14280223 -0.05110475 -0.32444655
v 0.14626307 -0.05827190 -0.32636714
v 0.16595993 -0.04568824 -0.32938830
v 0.16838225 -0.04903040 -0.33028385
v 0.16595993 -0.04568824 -0.32938830
v 0.14626307 -0.05827190 -0.32636714
v 0.14626307 -0.05827190 -0.32636714
v 0.15095935 -0.06475120 -0.32810161
v 0.16838225 -0.04903040 -0.33028385
v 0.17136834 -0.05191668 -0.33105803
v 0.16838225 -0.04903040 -0.33028385
v 0.15095935 -0.06475120 -0.32810161
v 0.15095935 -0.06475120 -0.32810161
v 0.15675080 -0.07034304 -0.32960140
v 0.17136834 -0.05191668 -0.33105803
v 0.17482918 -0.05425808 -0.33168384
v 0.17136834 -0.05191668 -0.33105803
v 0.15675080 -0.07034304 -0.32960140
v 0.15675080 -0.07034304 -0.32960140
v 0.16345669 -0.07488017 -0.33081525
v 0.17482918 -0.05425808 -0.33168384
v 0.17865688 -0.05598175 -0.33214780
v 0.17482918 -0.05425808 -0.33168384
v 0.16345669 -0.07488017 -0.33081525
v 0.16345669 -0.07488017 -0.33081525
v 0.17087740 -0.07822232 -0.33171081
v 0.17865688 -0.05598175 -0.33214780
v 0.18273814 -0.05703646 -0.33243103
v 0.17865688 -0.05598175 -0.33214780
v 0.17087740 -0.07822232 -0.33171081
v 0.17087740 -0.07822232 -0.33171081
v 0.17878906 -0.08026969 -0.33226109
v 0.18273814 -0.05703646 -0.33243103
v 0.18694618 -0.05739253 -0.33252544
v 0.18273814 -0.05703646 -0.33243103
v 0.17878906 -0.08026969 -0.33226109
v 0.17878906 -0.08026969 -0.33226109
v 0.18694618 -0.08096024 -0.33244452
v 0.18694618 -0.05739253 -0.33252544
v 0.18694618 -0.14834821 -0.28641235
v 0.18694618 -0.15208419 -0.27824714
v 0.20459566 -0.15059250 -0.27784791
v 0.20459566 -0.15059250 -0.27784791
v 0.20433671 -0.14687809 -0.28601852
v 0.18694618 -0.14834821 -0.28641235
v 0.20433671 -0.14687809 -0.28601852
v 0.20459566 -0.15059250 -0.27784791
v 0.22171105 -0.14616327 -0.27666103
v 0.22171105 -0.14616327 -0.27666103
v 0.22119854 -0.14251360 -0.28484782
v 0.20433671 -0.14687809 -0.28601852
v 0.22119854 -0.14251360 -0.28484782
v 0.22171105 -0.14616327 -0.27666103
v 0.23776904 -0.13892868 -0.27472155
v 0.23776904 -0.13892868 -0.27472155
v 0.23702184 -0.13538691 -0.28293802
v 0.22119854 -0.14251360 -0.28484782
v 0.23702184 -0.13538691 -0.28293802
v 0.23776904 -0.13892868 -0.27472155
v 0.25228408 -0.12911262 -0.27209153
v 0.25228408 -0.12911262 -0.27209153
v 0.25132378 -0.12571382 -0.28034846
v 0.23702184 -0.13538691 -0.28293802
v 0.25132378 -0.12571382 -0.28034846
v 0.25228408 -0.12911262 -0.27209153
v 0.26481378 -0.11701181 -0.26884918
v 0.26481378 -0.11701181 -0.26884918
v 0.26366736 -0.11379104 -0.27715197
v 0.25132378 -0.12571382 -0.28034846
v 0.26366736 -0.11379104 -0.27715197
v 0.26481378 -0.11701181 -0.26884918
v 0.27497512 -0.10299041 -0.26509162
v 0.27497512 -0.10299041 -0.26509162
v 0.27368033 -0.09997734 -0.27345105
v 0.26366736 -0.11379104 -0.27715197
v 0.27368033 -0.09997734 -0.27345105
v 0.27497512 -0.10299041 -0.26509162
v 0.28246327 -0.08748001 -0.26093483
v 0.28246327 -0.08748001 -0.26093483
v 0.28105789 -0.08469353 -0.26935630
v 0.27368033 -0.09997734 -0.27345105
v 0.28105789 -0.08469353 -0.26935630
v 0.28246327 -0.08748001 -0.26093483
v 0.28704895 -0.07094727 -0.25650560
v 0.28704895 -0.07094727 -0.25650560
v 0.28557614 -0.06840626 -0.26499181
v 0.28105789 -0.08469353 -0.26935630
v 0.28557614 -0.06840626 -0.26499181
v 0.28704895 -0.07094727 -0.25650560
v 0.28859460 -0.05389931 -0.25193880
v 0.28859460 -0.05389931 -0.25193880
v 0.28709751 -0.05160647 -0.26048975
v 0.28557614 -0.06840626 -0.26499181
v 0.28709751 -0.05160647 -0.26048975
v 0.28859460 -0.05389931 -0.25193880
v 0.28704895 -0.03684866 -0.24736930
v 0.28704895 -0.03684866 -0.24736930
v 0.28557614 -0.03480938 -0.25599039
v 0.28709751 -0.05160647 -0.26048975
v 0.28557614 -0.03480938 -0.25599039
v 0.28704895 -0.03684866 -0.24736930
v 0.28246327 -0.02031862 -0.24294007
v 0.28246327 -0.02031862 -0.24294007
v 0.28105789 -0.01851942 -0.25162589
v 0.28557614 -0.03480938 -0.25599039
v 0.28105789 -0.01851942 -0.25162589
v 0.28246327 -0.02031862 -0.24294007
v 0.27497512 -0.00480553 -0.23878328
v 0.27497512 -0.00480553 -0.23878328
v 0.27368033 -0.00323560 -0.24753115
v 0.28105789 -0.01851942 -0.25162589
v 0.27368033 -0.00323560 -0.24753115
v 0.27497512 -0.00480553 -0.23878328
v 0.26481378 0.00921318 -0.23502842
v 0.26481378 0.00921318 -0.23502842
v 0.26366736 0.01057540 -0.24382754
v 0.27368033 -0.00323560 -0.24753115
v 0.26366736 0.01057540 -0.24382754
v 0.26481378 0.00921318 -0.23502842
v 0.25228408 0.02131399 -0.23178337
v 0.25228408 0.02131399 -0.23178337
v 0.25132378 0.02250087 -0.24063374
v 0.26366736 0.01057540 -0.24382754
v 0.25132378 0.02250087 -0.24063374
v 0.25228408 0.02131399 -0.23178337
v 0.23776904 0.03113274 -0.22915335
v 0.23776904 0.03113274 -0.22915335
v 0.23702184 0.03217396 -0.23804148
v 0.25132378 0.02250087 -0.24063374
v 0.23702184 0.03217396 -0.23804148
v 0.23776904 0.03113274 -0.22915335
v 0.22171105 0.03836464 -0.22721657
v 0.22171105 0.03836464 -0.22721657
v 0.22119854 0.03930066 -0.23613168
v 0.23702184 0.03217396 -0.23804148
v 0.22119854 0.03930066 -0.23613168
v 0.22171105 0.03836464 -0.22721657
v 0.20467389 0.04277499 -0.22594876
v 0.20467389 0.04277499 -0.22594876
v 0.20433671 0.04366515 -0.23496368
v 0.22119854 0.03930066 -0.23613168
v 0.20433671 0.04366515 -0.23496368
v 0.20467389 0.04277499 -0.22594876
v 0.18694618 0.04427747 -0.22550099
v 0.18694618 0.04427747 -0.22550099
v 0.18694618 0.04513257 -0.23456985
v 0.20433671 0.04366515 -0.23496368
v 0.18694618 0.04513257 -0.23456985
v 0.18694618 0.04427747 -0.22550099
v 0.16921577 0.04277499 -0.22594876
v 0.16921577 0.04277499 -0.22594876
v 0.16955295 0.04366515 -0.23496368
v 0.18694618 0.04513257 -0.23456985
v 0.16955295 0.04366515 -0.23496368
v 0.16921577 0.04277499 -0.22594876
v 0.15217860 0.03836464 -0.22721657
v 0.15217860 0.03836464 -0.22721657
v 0.15269112 0.03930066 -0.23613168
v 0.16955295 0.04366515 -0.23496368
v 0.15269112 0.03930066 -0.23613168
v 0.15217860 0.03836464 -0.22721657
v 0.13612062 0.03113274 -0.22915335
v 0.13612062 0.03113274 -0.22915335
v 0.13686782 0.03217396 -0.23804148
v 0.15269112 0.03930066 -0.23613168
v 0.13686782 0.03217396 -0.23804148
v 0.13612062 0.03113274 -0.22915335
v 0.12160558 0.02131399 -0.23178337
v 0.12160558 0.02131399 -0.23178337
v 0.12256858 0.02250087 -0.24063374
v 0.13686782 0.03217396 -0.23804148
v 0.12256858 0.02250087 -0.24063374
v 0.12160558 0.02131399 -0.23178337
v 0.10907857 0.00921318 -0.23502572
v 0.10907857 0.00921318 -0.23502572
v 0.11022230 0.01057540 -0.24382754
v 0.12256858 0.02250087 -0.24063374
v 0.11022230 0.01057540 -0.24382754
v 0.10907857 0.00921318 -0.23502572
v 0.09891454 -0.00480553 -0.23878328
v 0.09891454 -0.00480553 -0.23878328
v 0.10020932 -0.00323560 -0.24753115
v 0.11022230 0.01057540 -0.24382754
v 0.10020932 -0.00323560 -0.24753115
v 0.09891454 -0.00480553 -0.23878328
v 0.09142639 -0.02031862 -0.24294007
v 0.09142639 -0.02031862 -0.24294007
v 0.09283177 -0.01851942 -0.25162589
v 0.10020932 -0.00323560 -0.24753115
v 0.09283177 -0.01851942 -0.25162589
v 0.09142639 -0.02031862 -0.24294007
v 0.08684071 -0.03684866 -0.24736930
v 0.08684071 -0.03684866 -0.24736930
v 0.08831352 -0.03480938 -0.25599039
v 0.09283177 -0.01851942 -0.25162589
v 0.08831352 -0.03480938 -0.25599039
v 0.08684071 -0.03684866 -0.24736930
v 0.08529776 -0.05389931 -0.25193880
v 0.08529776 -0.05389931 -0.25193880
v 0.08679215 -0.05160647 -0.26048975
v 0.08831352 -0.03480938 -0.25599039
v 0.08679215 -0.05160647 -0.26048975
v 0.08529776 -0.05389931 -0.25193880
v 0.08684071 -0.07094727 -0.25650560
v 0.08684071 -0.07094727 -0.25650560
v 0.08831352 -0.06840626 -0.26499181
v 0.08679215 -0.05160647 -0.26048975
v 0.08831352 -0.06840626 -0.26499181
v 0.08684071 -0.07094727 -0.25650560
v 0.09142639 -0.08748001 -0.26093483
v 0.09142639 -0.08748001 -0.26093483
v 0.09283177 -0.08469353 -0.26935630
v 0.08831352 -0.06840626 -0.26499181
v 0.09283177 -0.08469353 -0.26935630
v 0.09142639 -0.08748001 -0.26093483
v 0.09891454 -0.10299041 -0.26509162
v 0.09891454 -0.10299041 -0.26509162
v 0.10020932 -0.09997734 -0.27345105
v 0.09283177 -0.08469353 -0.26935630
v 0.10020932 -0.09997734 -0.27345105
v 0.09891454 -0.10299041 -0.26509162
v 0.10907857 -0.11701181 -0.26884918
v 0.10907857 -0.11701181 -0.26884918
v 0.11022230 -0.11379104 -0.27715197
v 0.10020932 -0.09997734 -0.27345105
v 0.11022230 -0.11379104 -0.27715197
v 0.10907857 -0.11701181 -0.26884918
v 0.12160558 -0.12911262 -0.27209153
v 0.12160558 -0.12911262 -0.27209153
v 0.12256858 -0.12571382 -0.28034846
v 0.11022230 -0.11379104 -0.27715197
v 0.12256858 -0.12571382 -0.28034846
v 0.12160558 -0.12911262 -0.27209153
v 0.13612062 -0.13892868 -0.27472155
v 0.13612062 -0.13892868 -0.27472155
v 0.13686782 -0.13538691 -0.28293802
v 0.12256858 -0.12571382 -0.28034846
v 0.13686782 -0.13538691 -0.28293802
v 0.13612062 -0.13892868 -0.27472155
v 0.15217860 -0.14616327 -0.27666103
v 0.15217860 -0.14616327 -0.27666103
v 0.15269112 -0.14251360 -0.28484782
v 0.13686782 -0.13538691 -0.28293802
v 0.15269112 -0.14251360 -0.28484782
v 0.15217860 -0.14616327 -0.27666103
v 0.16929399 -0.15059250 -0.27784791
v 0.16929399 -0.15059250 -0.27784791
v 0.16955295 -0.14687809 -0.28601852
v 0.15269112 -0.14251360 -0.28484782
v 0.16955295 -0.14687809 -0.28601852
v 0.16929399 -0.15059250 -0.27784791
v 0.18694618 -0.15208419 -0.27824714
v 0.18694618 -0.15208419 -0.27824714
v 0.18694618 -0.14834821 -0.28641235
v 0.16955295 -0.14687809 -0.28601852
v 0.18694618 -0.04716375 -0.33129001
v 0.18694618 -0.05739253 -0.33252544
v 0.19115422 -0.05703646 -0.33243103
v 0.19115422 -0.05703646 -0.33243103
v 0.18938198 -0.04695335 -0.33124685
v 0.18694618 -0.04716375 -0.33129001
v 0.19115422 -0.05703646 -0.33243103
v 0.19523278 -0.05598175 -0.33214780
v 0.19174496 -0.04630866 -0.33120908
v 0.19174496 -0.04630866 -0.33120908
v 0.18938198 -0.04695335 -0.33124685
v 0.19115422 -0.05703646 -0.33243103
v 0.19523278 -0.05598175 -0.33214780
v 0.19906047 -0.05425808 -0.33168384
v 0.19396227 -0.04528362 -0.33103645
v 0.19396227 -0.04528362 -0.33103645
v 0.19174496 -0.04630866 -0.33120908
v 0.19523278 -0.05598175 -0.33214780
v 0.19906047 -0.05425808 -0.33168384
v 0.20252132 -0.05191668 -0.33105803
v 0.19596379 -0.04391331 -0.33073163
v 0.19596379 -0.04391331 -0.33073163
v 0.19396227 -0.04528362 -0.33103645
v 0.19906047 -0.05425808 -0.33168384
v 0.20252132 -0.05191668 -0.33105803
v 0.20550741 -0.04903040 -0.33028385
v 0.19769286 -0.04223819 -0.33030274
v 0.19769286 -0.04223819 -0.33030274
v 0.19596379 -0.04391331 -0.33073163
v 0.20252132 -0.05191668 -0.33105803
v 0.20550741 -0.04903040 -0.33028385
v 0.20793242 -0.04568824 -0.32938830
v 0.19909824 -0.04030951 -0.32975515
v 0.19909824 -0.04030951 -0.32975515
v 0.19769286 -0.04223819 -0.33030274
v 0.20550741 -0.04903040 -0.33028385
v 0.20793242 -0.04568824 -0.32938830
v 0.20971544 -0.04199272 -0.32839833
v 0.20013137 -0.03818930 -0.32911316
v 0.20013137 -0.03818930 -0.32911316
v 0.19909824 -0.04030951 -0.32975515
v 0.20793242 -0.04568824 -0.32938830
v 0.20971544 -0.04199272 -0.32839833
v 0.21081061 -0.03805173 -0.32734362
v 0.20076257 -0.03593423 -0.32839833
v 0.20076257 -0.03593423 -0.32839833
v 0.20013137 -0.03818930 -0.32911316
v 0.20971544 -0.04199272 -0.32839833
v 0.21081061 -0.03805173 -0.32734362
v 0.21117747 -0.03398666 -0.32625385
v 0.20097567 -0.03358743 -0.32774554
v 0.20097567 -0.03358743 -0.32774554
v 0.20076257 -0.03593423 -0.32839833
v 0.21081061 -0.03805173 -0.32734362
v 0.21117747 -0.03398666 -0.32625385
v 0.21081061 -0.02992158 -0.32516407
v 0.20076257 -0.03122716 -0.32713592
v 0.20076257 -0.03122716 -0.32713592
v 0.20097567 -0.03358743 -0.32774554
v 0.21117747 -0.03398666 -0.32625385
v 0.21081061 -0.02992158 -0.32516407
v 0.20971544 -0.02598059 -0.32410937
v 0.20013137 -0.02891813 -0.32662879
v 0.20013137 -0.02891813 -0.32662879
v 0.20076257 -0.03122716 -0.32713592
v 0.21081061 -0.02992158 -0.32516407
v 0.20971544 -0.02598059 -0.32410937
v 0.20793242 -0.02228238 -0.32311670
v 0.19909824 -0.02675746 -0.32612437
v 0.19909824 -0.02675746 -0.32612437
v 0.20013137 -0.02891813 -0.32662879
v 0.20971544 -0.02598059 -0.32410937
v 0.20793242 -0.02228238 -0.32311670
v 0.20550741 -0.01894022 -0.32222114
v 0.19769286 -0.02481529 -0.32563343
v 0.19769286 -0.02481529 -0.32563343
v 0.19909824 -0.02675746 -0.32612437
v 0.20793242 -0.02228238 -0.32311670
v 0.20550741 -0.01894022 -0.32222114
v 0.20252132 -0.01605664 -0.32144967
v 0.19596379 -0.02314826 -0.32516947
v 0.19596379 -0.02314826 -0.32516947
v 0.19769286 -0.02481529 -0.32563343
v 0.20550741 -0.01894022 -0.32222114
v 0.20252132 -0.01605664 -0.32144967
v 0.19906047 -0.01371524 -0.32082116
v 0.19396227 -0.02181032 -0.32474597
v 0.19396227 -0.02181032 -0.32474597
v 0.19596379 -0.02314826 -0.32516947
v 0.20252132 -0.01605664 -0.32144967
v 0.19906047 -0.01371524 -0.32082116
v 0.19523278 -0.01199156 -0.32035990
v 0.19174496 -0.02083654 -0.32438451
v 0.19174496 -0.02083654 -0.32438451
v 0.19396227 -0.02181032 -0.32474597
v 0.19906047 -0.01371524 -0.32082116
v 0.19523278 -0.01199156 -0.32035990
v 0.19115422 -0.01093416 -0.32007666
v 0.18938198 -0.02025928 -0.32409318
v 0.18938198 -0.02025928 -0.32409318
v 0.19174496 -0.02083654 -0.32438451
v 0.19523278 -0.01199156 -0.32035990
v 0.19115422 -0.01093416 -0.32007666
v 0.18694618 -0.01057809 -0.31998225
v 0.18694618 -0.02005697 -0.32402574
v 0.18694618 -0.02005697 -0.32402574
v 0.18938198 -0.02025928 -0.32409318
v 0.19115422 -0.01093416 -0.32007666
v 0.18694618 -0.01057809 -0.31998225
v 0.18273814 -0.01093416 -0.32007666
v 0.18450767 -0.02025928 -0.32409318
v 0.18450767 -0.02025928 -0.32409318
v 0.18694618 -0.02005697 -0.32402574
v 0.18694618 -0.01057809 -0.31998225
v 0.18273814 -0.01093416 -0.32007666
v 0.17865688 -0.01199156 -0.32035990
v 0.18214739 -0.02083654 -0.32438451
v 0.18214739 -0.02083654 -0.32438451
v 0.18450767 -0.02025928 -0.32409318
v 0.18273814 -0.01093416 -0.32007666
v 0.17865688 -0.01199156 -0.32035990
v 0.17482918 -0.01371524 -0.32082116
v 0.17993008 -0.02181032 -0.32474597
v 0.17993008 -0.02181032 -0.32474597
v 0.18214739 -0.02083654 -0.32438451
v 0.17865688 -0.01199156 -0.32035990
v 0.17482918 -0.01371524 -0.32082116
v 0.17136834 -0.01605664 -0.32144967
v 0.17792587 -0.02314826 -0.32516947
v 0.17792587 -0.02314826 -0.32516947
v 0.17993008 -0.02181032 -0.32474597
v 0.17482918 -0.01371524 -0.32082116
v 0.17136834 -0.01605664 -0.32144967
v 0.16838225 -0.01894022 -0.32222114
v 0.17619680 -0.02481529 -0.32563343
v 0.17619680 -0.02481529 -0.32563343
v 0.17792587 -0.02314826 -0.32516947
v 0.17136834 -0.01605664 -0.32144967
v 0.16838225 -0.01894022 -0.32222114
v 0.16595993 -0.02228238 -0.32311670
v 0.17479412 -0.02675746 -0.32612437
v 0.17479412 -0.02675746 -0.32612437
v 0.17619680 -0.02481529 -0.32563343
v 0.16838225 -0.01894022 -0.32222114
v 0.16595993 -0.02228238 -0.32311670
v 0.16417421 -0.02598059 -0.32410937
v 0.17376099 -0.02891813 -0.32662879
v 0.17376099 -0.02891813 -0.32662879
v 0.17479412 -0.02675746 -0.32612437
v 0.16595993 -0.02228238 -0.32311670
v 0.16417421 -0.02598059 -0.32410937
v 0.16308174 -0.02992158 -0.32516407
v 0.17312709 -0.03122716 -0.32713592
v 0.17312709 -0.03122716 -0.32713592
v 0.17376099 -0.02891813 -0.32662879
v 0.16417421 -0.02598059 -0.32410937
v 0.16308174 -0.02992158 -0.32516407
v 0.16271219 -0.03398666 -0.32625385
v 0.17291399 -0.03358743 -0.32774554
v 0.17291399 -0.03358743 -0.32774554
v 0.17312709 -0.03122716 -0.32713592
v 0.16308174 -0.02992158 -0.32516407
v 0.16271219 -0.03398666 -0.32625385
v 0.16308174 -0.03805173 -0.32734362
v 0.17312709 -0.03593423 -0.32839833
v 0.17312709 -0.03593423 -0.32839833
v 0.17291399 -0.03358743 -0.32774554
v 0.16271219 -0.03398666 -0.32625385
v 0.16308174 -0.03805173 -0.32734362
v 0.16417421 -0.04199272 -0.32839833
v 0.17376099 -0.03818660 -0.32911316
v 0.17376099 -0.03818660 -0.32911316
v 0.17312709 -0.03593423 -0.32839833
v 0.16308174 -0.03805173 -0.32734362
v 0.16417421 -0.04199272 -0.32839833
v 0.16595993 -0.04568824 -0.32938830
v 0.17479412 -0.04030951 -0.32975515
v 0.17479412 -0.04030951 -0.32975515
v 0.17376099 -0.03818660 -0.32911316
v 0.16417421 -0.04199272 -0.32839833
v 0.16595993 -0.04568824 -0.32938830
v 0.16838225 -0.04903040 -0.33028385
v 0.17619680 -0.04223819 -0.33030274
v 0.17619680 -0.04223819 -0.33030274
v 0.17479412 -0.04030951 -0.32975515
v 0.16595993 -0.04568824 -0.32938830
v 0.16838225 -0.04903040 -0.33028385
v 0.17136834 -0.05191668 -0.33105803
v 0.17792587 -0.04391331 -0.33073163
v 0.17792587 -0.04391331 -0.33073163
v 0.17619680 -0.04223819 -0.33030274
v 0.16838225 -0.04903040 -0.33028385
v 0.17136834 -0.05191668 -0.33105803
v 0.17482918 -0.05425808 -0.33168384
v 0.17993008 -0.04528362 -0.33103645
v 0.17993008 -0.04528362 -0.33103645
v 0.17792587 -0.04391331 -0.33073163
v 0.17136834 -0.05191668 -0.33105803
v 0.17482918 -0.05425808 -0.33168384
v 0.17865688 -0.05598175 -0.33214780
v 0.18214739 -0.04630866 -0.33120908
v 0.18214739 -0.04630866 -0.33120908
v 0.17993008 -0.04528362 -0.33103645
v 0.17482918 -0.05425808 -0.33168384
v 0.17865688 -0.05598175 -0.33214780
v 0.18273814 -0.05703646 -0.33243103
v 0.18450767 -0.04695335 -0.33124685
v 0.18450767 -0.04695335 -0.33124685
v 0.18214739 -0.04630866 -0.33120908
v 0.17865688 -0.05598175 -0.33214780
v 0.18450767 -0.04695335 -0.33124685
v 0.18273814 -0.05703646 -0.33243103
v 0.18694618 -0.05739253 -0.33252544
v 0.18694618 -0.05739253 -0.33252544
v 0.18694618 -0.04716375 -0.33129001
v 0.18450767 -0.04695335 -0.33124685
v 0.18694618 0.04427747 -0.22550099
v 0.20467389 0.04277499 -0.22594876
v 0.20474942 0.04296381 0.06830376
v 0.20474942 0.04296381 0.06830376
v 0.18694618 0.04447708 0.06874344
v 0.18694618 0.04427747 -0.22550099
v 0.16921577 0.04277499 -0.22594876
v 0.18694618 0.04447708 0.06874344
v 0.16913754 0.04296381 0.06830106
v 0.16921577 0.04277499 -0.22594876
v 0.20459566 -0.15059250 -0.27784791
v 0.18694618 -0.15208419 -0.27824714
v 0.18694618 -0.15453619 -0.27936928
v 0.20505693 -0.15300672 -0.27895927
v 0.22171105 -0.14616327 -0.27666103
v 0.22262010 -0.14845881 -0.27774271
v 0.23776904 -0.13892868 -0.27472155
v 0.23909889 -0.14103809 -0.27575198
v 0.25228408 -0.12911262 -0.27209153
v 0.25399427 -0.13096307 -0.27305452
v 0.26481378 -0.11701181 -0.26884918
v 0.26685036 -0.11854666 -0.26972586
v 0.27497512 -0.10299041 -0.26509162
v 0.27727875 -0.10415841 -0.26587119
v 0.28246327 -0.08748001 -0.26093483
v 0.28496381 -0.08824339 -0.26160650
v 0.28704895 -0.07094727 -0.25650560
v 0.28966819 -0.07127906 -0.25706128
v 0.28859460 -0.05389931 -0.25193880
v 0.29125429 -0.05378332 -0.25237309
v 0.28704895 -0.03684866 -0.24736930
v 0.28966819 -0.03628759 -0.24768490
v 0.28246327 -0.02031862 -0.24294007
v 0.28496381 -0.01932326 -0.24313968
v 0.27497512 -0.00480553 -0.23878328
v 0.27727875 -0.00340554 -0.23887500
v 0.26481378 0.00921318 -0.23502842
v 0.26685036 0.01098001 -0.23502033
v 0.25228408 0.02131399 -0.23178337
v 0.25399427 0.02339912 -0.23169166
v 0.23776904 0.03113274 -0.22915335
v 0.23909889 0.03347414 -0.22899150
v 0.22171105 0.03836464 -0.22721657
v 0.22262010 0.04089486 -0.22700347
v 0.20467389 0.04277499 -0.22594876
v 0.20505693 0.04544008 -0.22578692
v 0.15217860 0.03836464 -0.22721657
v 0.16921577 0.04277499 -0.22594876
v 0.16883273 0.04544008 -0.22578692
v 0.15126956 0.04089486 -0.22700347
v 0.13612062 0.03113274 -0.22915335
v 0.13479077 0.03347414 -0.22899150
v 0.12160558 0.02131399 -0.23178337
v 0.11989809 0.02339912 -0.23169166
v 0.10907857 0.00921318 -0.23502572
v 0.10703929 0.01098001 -0.23502033
v 0.09891454 -0.00480553 -0.23878328
v 0.09661091 -0.00340554 -0.23887500
v 0.09142639 -0.02031862 -0.24294007
v 0.08892854 -0.01932326 -0.24313968
v 0.08684071 -0.03684866 -0.24736930
v 0.08422147 -0.03628759 -0.24768490
v 0.08529776 -0.05389931 -0.25193880
v 0.08263806 -0.05378332 -0.25237309
v 0.08684071 -0.07094727 -0.25650560
v 0.08422147 -0.07127906 -0.25706128
v 0.09142639 -0.08748001 -0.26093483
v 0.08892854 -0.08824339 -0.26160650
v 0.09891454 -0.10299041 -0.26509162
v 0.09661091 -0.10415841 -0.26587119
v 0.10907857 -0.11701181 -0.26884918
v 0.10703929 -0.11854666 -0.26972586
v 0.12160558 -0.12911262 -0.27209153
v 0.11989809 -0.13096307 -0.27305452
v 0.13612062 -0.13892868 -0.27472155
v 0.13479077 -0.14103809 -0.27575198
v 0.15217860 -0.14616327 -0.27666103
v 0.15126956 -0.14845881 -0.27774271
v 0.16929399 -0.15059250 -0.27784791
v 0.16883273 -0.15300672 -0.27895927
v 0.16883273 0.04544008 -0.22578692
v 0.16921577 0.04277499 -0.22594876
v 0.16913754 0.04296381 0.06830106
v 0.16883273 0.04563969 0.06831455
v 0.18694618 0.04716915 0.06872456
v 0.20505693 0.04563969 0.06831455
v 0.20505693 0.04544008 -0.22578692
v 0.20505693 0.04544008 -0.22578692
v 0.18694618 0.04697224 -0.22537690
v 0.18694618 0.04716915 0.06872456
v 0.16883273 0.04563969 0.06831455
v 0.18694618 0.04697224 -0.22537690
v 0.16883273 0.04544008 -0.22578692
v 0.16883273 0.04563969 0.06831455
v 0.20505693 0.04563969 0.06831455
v 0.20474942 0.04296381 0.06830376
v 0.20467389 0.04277499 -0.22594876
v 0.20505693 0.04544008 -0.22578692
v 0.18694618 -0.04678072 -0.33389306
v 0.18943593 -0.04656762 -0.33385259
v 0.19123784 -0.05681257 -0.33511770
v 0.19123784 -0.05681257 -0.33511770
v 0.18694618 -0.05717673 -0.33521481
v 0.18694618 -0.04678072 -0.33389306
v 0.18943593 -0.04656762 -0.33385259
v 0.19184746 -0.04590944 -0.33380944
v 0.19540002 -0.05573629 -0.33482908
v 0.19540002 -0.05573629 -0.33482908
v 0.19123784 -0.05681257 -0.33511770
v 0.18943593 -0.04656762 -0.33385259
v 0.19184746 -0.04590944 -0.33380944
v 0.19411333 -0.04486282 -0.33363140
v 0.19930325 -0.05397754 -0.33435702
v 0.19930325 -0.05397754 -0.33435702
v 0.19540002 -0.05573629 -0.33482908
v 0.19184746 -0.04590944 -0.33380944
v 0.19411333 -0.04486282 -0.33363140
v 0.19616070 -0.04346284 -0.33331850
v 0.20283422 -0.05159029 -0.33371772
v 0.20283422 -0.05159029 -0.33371772
v 0.19930325 -0.05397754 -0.33435702
v 0.19411333 -0.04486282 -0.33363140
v 0.19616070 -0.04346284 -0.33331850
v 0.19792754 -0.04175265 -0.33287881
v 0.20587966 -0.04864736 -0.33292737
v 0.20587966 -0.04864736 -0.33292737
v 0.20283422 -0.05159029 -0.33371772
v 0.19616070 -0.04346284 -0.33331850
v 0.19792754 -0.04175265 -0.33287881
v 0.19936259 -0.03978080 -0.33232044
v 0.20835323 -0.04523777 -0.33201562
v 0.20835323 -0.04523777 -0.33201562
v 0.20587966 -0.04864736 -0.33292737
v 0.19792754 -0.04175265 -0.33287881
v 0.19936259 -0.03978080 -0.33232044
v 0.20041730 -0.03761205 -0.33166495
v 0.21017401 -0.04146672 -0.33100408
v 0.21017401 -0.04146672 -0.33100408
v 0.20835323 -0.04523777 -0.33201562
v 0.19936259 -0.03978080 -0.33232044
v 0.20041730 -0.03761205 -0.33166495
v 0.20106469 -0.03530841 -0.33093664
v 0.21128806 -0.03744480 -0.32992779
v 0.21128806 -0.03744480 -0.32992779
v 0.21017401 -0.04146672 -0.33100408
v 0.20041730 -0.03761205 -0.33166495
v 0.20106469 -0.03530841 -0.33093664
v 0.20128318 -0.03291037 -0.33026767
v 0.21166301 -0.03329881 -0.32881644
v 0.21166301 -0.03329881 -0.32881644
v 0.21128806 -0.03744480 -0.32992779
v 0.20106469 -0.03530841 -0.33093664
v 0.20128318 -0.03291037 -0.33026767
v 0.20106469 -0.03049884 -0.32964725
v 0.21128806 -0.02915281 -0.32770508
v 0.21128806 -0.02915281 -0.32770508
v 0.21166301 -0.03329881 -0.32881644
v 0.20128318 -0.03291037 -0.33026767
v 0.20106469 -0.03049884 -0.32964725
v 0.20041730 -0.02813856 -0.32912664
v 0.21017401 -0.02513359 -0.32662879
v 0.21017401 -0.02513359 -0.32662879
v 0.21128806 -0.02915281 -0.32770508
v 0.20106469 -0.03049884 -0.32964725
v 0.20041730 -0.02813856 -0.32912664
v 0.19936259 -0.02593204 -0.32861143
v 0.20835323 -0.02136254 -0.32561725
v 0.20835323 -0.02136254 -0.32561725
v 0.21017401 -0.02513359 -0.32662879
v 0.20041730 -0.02813856 -0.32912664
v 0.19936259 -0.02593204 -0.32861143
v 0.19792754 -0.02394941 -0.32810700
v 0.20587966 -0.01795295 -0.32470281
v 0.20587966 -0.01795295 -0.32470281
v 0.20835323 -0.02136254 -0.32561725
v 0.19936259 -0.02593204 -0.32861143
v 0.19792754 -0.02394941 -0.32810700
v 0.19616070 -0.02224731 -0.32763495
v 0.20283422 -0.01501002 -0.32391515
v 0.20283422 -0.01501002 -0.32391515
v 0.20587966 -0.01795295 -0.32470281
v 0.19792754 -0.02394941 -0.32810700
v 0.19616070 -0.02224731 -0.32763495
v 0.19411333 -0.02087700 -0.32720605
v 0.19930325 -0.01262277 -0.32327585
v 0.19930325 -0.01262277 -0.32327585
v 0.20283422 -0.01501002 -0.32391515
v 0.19616070 -0.02224731 -0.32763495
v 0.19411333 -0.02087700 -0.32720605
v 0.19184746 -0.01988164 -0.32683650
v 0.19540002 -0.01086402 -0.32280379
v 0.19540002 -0.01086402 -0.32280379
v 0.19930325 -0.01262277 -0.32327585
v 0.19411333 -0.02087700 -0.32720605
v 0.19184746 -0.01988164 -0.32683650
v 0.18943593 -0.01929089 -0.32654248
v 0.19123784 -0.00978504 -0.32251517
v 0.19123784 -0.00978504 -0.32251517
v 0.19540002 -0.01086402 -0.32280379
v 0.19184746 -0.01988164 -0.32683650
v 0.18943593 -0.01929089 -0.32654248
v 0.18694618 -0.01908588 -0.32647234
v 0.18694618 -0.00942358 -0.32241806
v 0.18694618 -0.00942358 -0.32241806
v 0.19123784 -0.00978504 -0.32251517
v 0.18943593 -0.01929089 -0.32654248
v 0.18694618 -0.01908588 -0.32647234
v 0.18445642 -0.01929089 -0.32654248
v 0.18265182 -0.00978504 -0.32251517
v 0.18265182 -0.00978504 -0.32251517
v 0.18694618 -0.00942358 -0.32241806
v 0.18694618 -0.01908588 -0.32647234
v 0.18445642 -0.01929089 -0.32654248
v 0.18204219 -0.01988164 -0.32683650
v 0.17849234 -0.01086402 -0.32280379
v 0.17849234 -0.01086402 -0.32280379
v 0.18265182 -0.00978504 -0.32251517
v 0.18445642 -0.01929089 -0.32654248
v 0.18204219 -0.01988164 -0.32683650
v 0.17977633 -0.02087700 -0.32720605
v 0.17458641 -0.01262277 -0.32327585
v 0.17458641 -0.01262277 -0.32327585
v 0.17849234 -0.01086402 -0.32280379
v 0.18204219 -0.01988164 -0.32683650
v 0.17977633 -0.02087700 -0.32720605
v 0.17772895 -0.02224731 -0.32763495
v 0.17105544 -0.01501002 -0.32391515
v 0.17105544 -0.01501002 -0.32391515
v 0.17458641 -0.01262277 -0.32327585
v 0.17977633 -0.02087700 -0.32720605
v 0.17772895 -0.02224731 -0.32763495
v 0.17596212 -0.02394941 -0.32810700
v 0.16801000 -0.01795295 -0.32470281
v 0.16801000 -0.01795295 -0.32470281
v 0.17105544 -0.01501002 -0.32391515
v 0.17772895 -0.02224731 -0.32763495
v 0.17596212 -0.02394941 -0.32810700
v 0.17452977 -0.02593204 -0.32861143
v 0.16553913 -0.02136254 -0.32561725
v 0.16553913 -0.02136254 -0.32561725
v 0.16801000 -0.01795295 -0.32470281
v 0.17596212 -0.02394941 -0.32810700
v 0.17452977 -0.02593204 -0.32861143
v 0.17347236 -0.02813856 -0.32912664
v 0.16371834 -0.02513359 -0.32662879
v 0.16371834 -0.02513359 -0.32662879
v 0.16553913 -0.02136254 -0.32561725
v 0.17452977 -0.02593204 -0.32861143
v 0.17347236 -0.02813856 -0.32912664
v 0.17282767 -0.03049884 -0.32964725
v 0.16260159 -0.02915281 -0.32770508
v 0.16260159 -0.02915281 -0.32770508
v 0.16371834 -0.02513359 -0.32662879
v 0.17347236 -0.02813856 -0.32912664
v 0.17282767 -0.03049884 -0.32964725
v 0.17260917 -0.03291037 -0.33026767
v 0.16222665 -0.03329881 -0.32881644
v 0.16222665 -0.03329881 -0.32881644
v 0.16260159 -0.02915281 -0.32770508
v 0.17282767 -0.03049884 -0.32964725
v 0.17260917 -0.03291037 -0.33026767
v 0.17282767 -0.03530841 -0.33093664
v 0.16260159 -0.03744480 -0.32992779
v 0.16260159 -0.03744480 -0.32992779
v 0.16222665 -0.03329881 -0.32881644
v 0.17260917 -0.03291037 -0.33026767
v 0.17282767 -0.03530841 -0.33093664
v 0.17347236 -0.03761205 -0.33166495
v 0.16371834 -0.04146672 -0.33100408
v 0.16371834 -0.04146672 -0.33100408
v 0.16260159 -0.03744480 -0.32992779
v 0.17282767 -0.03530841 -0.33093664
v 0.17347236 -0.03761205 -0.33166495
v 0.17452977 -0.03978080 -0.33232044
v 0.16553913 -0.04523777 -0.33201562
v 0.16553913 -0.04523777 -0.33201562
v 0.16371834 -0.04146672 -0.33100408
v 0.17347236 -0.03761205 -0.33166495
v 0.17452977 -0.03978080 -0.33232044
v 0.17596212 -0.04175265 -0.33287881
v 0.16801000 -0.04864736 -0.33292737
v 0.16801000 -0.04864736 -0.33292737
v 0.16553913 -0.04523777 -0.33201562
v 0.17452977 -0.03978080 -0.33232044
v 0.17596212 -0.04175265 -0.33287881
v 0.17772895 -0.04346284 -0.33331850
v 0.17105544 -0.05159029 -0.33371772
v 0.17105544 -0.05159029 -0.33371772
v 0.16801000 -0.04864736 -0.33292737
v 0.17596212 -0.04175265 -0.33287881
v 0.17772895 -0.04346284 -0.33331850
v 0.17977633 -0.04486282 -0.33363140
v 0.17458641 -0.05397754 -0.33435702
v 0.17458641 -0.05397754 -0.33435702
v 0.17105544 -0.05159029 -0.33371772
v 0.17772895 -0.04346284 -0.33331850
v 0.17977633 -0.04486282 -0.33363140
v 0.18204219 -0.04590944 -0.33380944
v 0.17849234 -0.05573629 -0.33482908
v 0.17849234 -0.05573629 -0.33482908
v 0.17458641 -0.05397754 -0.33435702
v 0.17977633 -0.04486282 -0.33363140
v 0.18204219 -0.04590944 -0.33380944
v 0.18445642 -0.04656762 -0.33385259
v 0.18265182 -0.05681257 -0.33511770
v 0.18265182 -0.05681257 -0.33511770
v 0.17849234 -0.05573629 -0.33482908
v 0.18204219 -0.04590944 -0.33380944
v 0.18445642 -0.04656762 -0.33385259
v 0.18694618 -0.04678072 -0.33389306
v 0.18694618 -0.05717673 -0.33521481
v 0.18694618 -0.05717673 -0.33521481
v 0.18265182 -0.05681257 -0.33511770
v 0.18445642 -0.04656762 -0.33385259
v 0.18316164 -0.03011310 -0.32802608
v 0.18310230 -0.03328262 -0.32887578
v 0.18694618 -0.03328262 -0.32887578
v 0.18694618 -0.03328262 -0.32887578
v 0.18694618 -0.03006995 -0.32801529
v 0.18316164 -0.03011310 -0.32802608
v 0.18694618 -0.03328262 -0.32887578
v 0.18310230 -0.03328262 -0.32887578
v 0.18316164 -0.03645214 -0.32972548
v 0.18316164 -0.03645214 -0.32972548
v 0.18694618 -0.03649799 -0.32973627
v 0.18694618 -0.03328262 -0.32887578
v 0.18333428 -0.02706228 -0.32711703
v 0.18316164 -0.03011310 -0.32802608
v 0.18694618 -0.03006995 -0.32801529
v 0.18694618 -0.03006995 -0.32801529
v 0.18694618 -0.02697865 -0.32709276
v 0.18333428 -0.02706228 -0.32711703
v 0.18694618 -0.03649799 -0.32973627
v 0.18316164 -0.03645214 -0.32972548
v 0.18333428 -0.03954882 -0.33046189
v 0.18333428 -0.03954882 -0.33046189
v 0.18694618 -0.03963514 -0.33048347
v 0.18694618 -0.03649799 -0.32973627
v 0.18361751 -0.02427040 -0.32600568
v 0.18333428 -0.02706228 -0.32711703
v 0.18694618 -0.02697865 -0.32709276
v 0.18694618 -0.02697865 -0.32709276
v 0.18694618 -0.02414632 -0.32596522
v 0.18361751 -0.02427040 -0.32600568
v 0.18694618 -0.03963514 -0.33048347
v 0.18333428 -0.03954882 -0.33046189
v 0.18361751 -0.04252412 -0.33089618
v 0.18361751 -0.04252412 -0.33089618
v 0.18694618 -0.04265090 -0.33092315
v 0.18694618 -0.03963514 -0.33048347
v 0.18694618 -0.04265090 -0.33092315
v 0.18361751 -0.04252412 -0.33089618
v 0.18400055 -0.04525395 -0.33113895
v 0.18400055 -0.04525395 -0.33113895
v 0.18694618 -0.04541850 -0.33116862
v 0.18694618 -0.04265090 -0.33092315
v 0.18400055 -0.02178604 -0.32484847
v 0.18361751 -0.02427040 -0.32600568
v 0.18694618 -0.02414632 -0.32596522
v 0.18694618 -0.02414632 -0.32596522
v 0.18694618 -0.02162959 -0.32479452
v 0.18400055 -0.02178604 -0.32484847
v 0.20076257 -0.03122716 -0.32713592
v 0.19829709 -0.03087918 -0.32752705
v 0.19847243 -0.03346335 -0.32820411
v 0.19847243 -0.03346335 -0.32820411
v 0.20097567 -0.03358743 -0.32774554
v 0.20076257 -0.03122716 -0.32713592
v 0.19829709 -0.03087918 -0.32752705
v 0.19451525 -0.03042601 -0.32795864
v 0.19463124 -0.03332308 -0.32873012
v 0.19463124 -0.03332308 -0.32873012
v 0.19847243 -0.03346335 -0.32820411
v 0.19829709 -0.03087918 -0.32752705
v 0.19451525 -0.03042601 -0.32795864
v 0.19073072 -0.03011310 -0.32802608
v 0.19078736 -0.03328262 -0.32887578
v 0.19078736 -0.03328262 -0.32887578
v 0.19463124 -0.03332308 -0.32873012
v 0.19451525 -0.03042601 -0.32795864
v 0.19073072 -0.03011310 -0.32802608
v 0.18694618 -0.03006995 -0.32801529
v 0.18694618 -0.03328262 -0.32887578
v 0.18694618 -0.03328262 -0.32887578
v 0.19078736 -0.03328262 -0.32887578
v 0.19073072 -0.03011310 -0.32802608
v 0.17541723 -0.03346335 -0.32820411
v 0.17559256 -0.03087918 -0.32752705
v 0.17312709 -0.03122716 -0.32713592
v 0.17312709 -0.03122716 -0.32713592
v 0.17291399 -0.03358743 -0.32774554
v 0.17541723 -0.03346335 -0.32820411
v 0.17926111 -0.03332308 -0.32873012
v 0.17937710 -0.03042601 -0.32795864
v 0.17559256 -0.03087918 -0.32752705
v 0.17559256 -0.03087918 -0.32752705
v 0.17541723 -0.03346335 -0.32820411
v 0.17926111 -0.03332308 -0.32873012
v 0.18310230 -0.03328262 -0.32887578
v 0.18316164 -0.03011310 -0.32802608
v 0.17937710 -0.03042601 -0.32795864
v 0.17937710 -0.03042601 -0.32795864
v 0.17926111 -0.03332308 -0.32873012
v 0.18310230 -0.03328262 -0.32887578
v 0.19847243 -0.03346335 -0.32820411
v 0.19829709 -0.03603943 -0.32891085
v 0.20076257 -0.03593423 -0.32839833
v 0.20076257 -0.03593423 -0.32839833
v 0.20097567 -0.03358743 -0.32774554
v 0.19847243 -0.03346335 -0.32820411
v 0.19463124 -0.03332308 -0.32873012
v 0.19451525 -0.03621476 -0.32950968
v 0.19829709 -0.03603943 -0.32891085
v 0.19829709 -0.03603943 -0.32891085
v 0.19847243 -0.03346335 -0.32820411
v 0.19463124 -0.03332308 -0.32873012
v 0.19078736 -0.03328262 -0.32887578
v 0.19073072 -0.03645214 -0.32972548
v 0.19451525 -0.03621476 -0.32950968
v 0.19451525 -0.03621476 -0.32950968
v 0.19463124 -0.03332308 -0.32873012
v 0.19078736 -0.03328262 -0.32887578
v 0.18694618 -0.03328262 -0.32887578
v 0.18694618 -0.03649799 -0.32973627
v 0.19073072 -0.03645214 -0.32972548
v 0.19073072 -0.03645214 -0.32972548
v 0.19078736 -0.03328262 -0.32887578
v 0.18694618 -0.03328262 -0.32887578
v 0.17312709 -0.03593423 -0.32839833
v 0.17559256 -0.03603943 -0.32891085
v 0.17541723 -0.03346335 -0.32820411
v 0.17541723 -0.03346335 -0.32820411
v 0.17291399 -0.03358743 -0.32774554
v 0.17312709 -0.03593423 -0.32839833
v 0.17559256 -0.03603943 -0.32891085
v 0.17937710 -0.03621476 -0.32950968
v 0.17926111 -0.03332308 -0.32873012
v 0.17926111 -0.03332308 -0.32873012
v 0.17541723 -0.03346335 -0.32820411
v 0.17559256 -0.03603943 -0.32891085
v 0.17937710 -0.03621476 -0.32950968
v 0.18316164 -0.03645214 -0.32972548
v 0.18310230 -0.03328262 -0.32887578
v 0.18310230 -0.03328262 -0.32887578
v 0.17926111 -0.03332308 -0.32873012
v 0.17937710 -0.03621476 -0.32950968
v 0.20013137 -0.02891813 -0.32662879
v 0.19777918 -0.02836515 -0.32690394
v 0.19829709 -0.03087918 -0.32752705
v 0.19829709 -0.03087918 -0.32752705
v 0.20076257 -0.03122716 -0.32713592
v 0.20013137 -0.02891813 -0.32662879
v 0.19777918 -0.02836515 -0.32690394
v 0.19416728 -0.02763144 -0.32715750
v 0.19451525 -0.03042601 -0.32795864
v 0.19451525 -0.03042601 -0.32795864
v 0.19829709 -0.03087918 -0.32752705
v 0.19777918 -0.02836515 -0.32690394
v 0.19416728 -0.02763144 -0.32715750
v 0.19055538 -0.02706228 -0.32711703
v 0.19073072 -0.03011310 -0.32802608
v 0.19073072 -0.03011310 -0.32802608
v 0.19451525 -0.03042601 -0.32795864
v 0.19416728 -0.02763144 -0.32715750
v 0.19055538 -0.02706228 -0.32711703
v 0.18694618 -0.02697865 -0.32709276
v 0.18694618 -0.03006995 -0.32801529
v 0.18694618 -0.03006995 -0.32801529
v 0.19073072 -0.03011310 -0.32802608
v 0.19055538 -0.02706228 -0.32711703
v 0.17559256 -0.03087918 -0.32752705
v 0.17611317 -0.02836515 -0.32690394
v 0.17376099 -0.02891813 -0.32662879
v 0.17376099 -0.02891813 -0.32662879
v 0.17312709 -0.03122716 -0.32713592
v 0.17559256 -0.03087918 -0.32752705
v 0.17937710 -0.03042601 -0.32795864
v 0.17972238 -0.02763144 -0.32715750
v 0.17611317 -0.02836515 -0.32690394
v 0.17611317 -0.02836515 -0.32690394
v 0.17559256 -0.03087918 -0.32752705
v 0.17937710 -0.03042601 -0.32795864
v 0.18316164 -0.03011310 -0.32802608
v 0.18333428 -0.02706228 -0.32711703
v 0.17972238 -0.02763144 -0.32715750
v 0.17972238 -0.02763144 -0.32715750
v 0.17937710 -0.03042601 -0.32795864
v 0.18316164 -0.03011310 -0.32802608
v 0.19829709 -0.03603943 -0.32891085
v 0.19777918 -0.03852918 -0.32962837
v 0.20013137 -0.03818930 -0.32911316
v 0.20013137 -0.03818930 -0.32911316
v 0.20076257 -0.03593423 -0.32839833
v 0.19829709 -0.03603943 -0.32891085
v 0.19451525 -0.03621476 -0.32950968
v 0.19416728 -0.03903631 -0.33021102
v 0.19777918 -0.03852918 -0.32962837
v 0.19777918 -0.03852918 -0.32962837
v 0.19829709 -0.03603943 -0.32891085
v 0.19451525 -0.03621476 -0.32950968
v 0.19073072 -0.03645214 -0.32972548
v 0.19055538 -0.03954882 -0.33046189
v 0.19416728 -0.03903631 -0.33021102
v 0.19416728 -0.03903631 -0.33021102
v 0.19451525 -0.03621476 -0.32950968
v 0.19073072 -0.03645214 -0.32972548
v 0.18694618 -0.03649799 -0.32973627
v 0.18694618 -0.03963514 -0.33048347
v 0.19055538 -0.03954882 -0.33046189
v 0.19055538 -0.03954882 -0.33046189
v 0.19073072 -0.03645214 -0.32972548
v 0.18694618 -0.03649799 -0.32973627
v 0.17376099 -0.03818660 -0.32911316
v 0.17611317 -0.03852918 -0.32962837
v 0.17559256 -0.03603943 -0.32891085
v 0.17559256 -0.03603943 -0.32891085
v 0.17312709 -0.03593423 -0.32839833
v 0.17376099 -0.03818660 -0.32911316
v 0.17611317 -0.03852918 -0.32962837
v 0.17972238 -0.03903631 -0.33021102
v 0.17937710 -0.03621476 -0.32950968
v 0.17937710 -0.03621476 -0.32950968
v 0.17559256 -0.03603943 -0.32891085
v 0.17611317 -0.03852918 -0.32962837
v 0.17972238 -0.03903631 -0.33021102
v 0.18333428 -0.03954882 -0.33046189
v 0.18316164 -0.03645214 -0.32972548
v 0.18316164 -0.03645214 -0.32972548
v 0.17937710 -0.03621476 -0.32950968
v 0.17972238 -0.03903631 -0.33021102
v 0.19909824 -0.02675746 -0.32612437
v 0.19692948 -0.02602915 -0.32622957
v 0.19777918 -0.02836515 -0.32690394
v 0.19777918 -0.02836515 -0.32690394
v 0.20013137 -0.02891813 -0.32662879
v 0.19909824 -0.02675746 -0.32612437
v 0.19692948 -0.02602915 -0.32622957
v 0.19360081 -0.02505806 -0.32623227
v 0.19416728 -0.02763144 -0.32715750
v 0.19416728 -0.02763144 -0.32715750
v 0.19777918 -0.02836515 -0.32690394
v 0.19692948 -0.02602915 -0.32622957
v 0.19360081 -0.02505806 -0.32623227
v 0.19027215 -0.02427040 -0.32600568
v 0.19055538 -0.02706228 -0.32711703
v 0.19055538 -0.02706228 -0.32711703
v 0.19416728 -0.02763144 -0.32715750
v 0.19360081 -0.02505806 -0.32623227
v 0.19027215 -0.02427040 -0.32600568
v 0.18694618 -0.02414632 -0.32596522
v 0.18694618 -0.02697865 -0.32709276
v 0.18694618 -0.02697865 -0.32709276
v 0.19055538 -0.02706228 -0.32711703
v 0.19027215 -0.02427040 -0.32600568
v 0.17611317 -0.02836515 -0.32690394
v 0.17696287 -0.02602915 -0.32622957
v 0.17479412 -0.02675746 -0.32612437
v 0.17479412 -0.02675746 -0.32612437
v 0.17376099 -0.02891813 -0.32662879
v 0.17611317 -0.02836515 -0.32690394
v 0.17972238 -0.02763144 -0.32715750
v 0.18028884 -0.02505806 -0.32623227
v 0.17696287 -0.02602915 -0.32622957
v 0.17696287 -0.02602915 -0.32622957
v 0.17611317 -0.02836515 -0.32690394
v 0.17972238 -0.02763144 -0.32715750
v 0.18333428 -0.02706228 -0.32711703
v 0.18361751 -0.02427040 -0.32600568
v 0.18028884 -0.02505806 -0.32623227
v 0.18028884 -0.02505806 -0.32623227
v 0.17972238 -0.02763144 -0.32715750
v 0.18333428 -0.02706228 -0.32711703
v 0.19777918 -0.03852918 -0.32962837
v 0.19692948 -0.04088946 -0.33021102
v 0.19909824 -0.04030951 -0.32975515
v 0.19909824 -0.04030951 -0.32975515
v 0.20013137 -0.03818930 -0.32911316
v 0.19777918 -0.03852918 -0.32962837
v 0.19416728 -0.03903631 -0.33021102
v 0.19360081 -0.04172837 -0.33069926
v 0.19692948 -0.04088946 -0.33021102
v 0.19692948 -0.04088946 -0.33021102
v 0.19777918 -0.03852918 -0.32962837
v 0.19416728 -0.03903631 -0.33021102
v 0.19055538 -0.03954882 -0.33046189
v 0.19027215 -0.04252412 -0.33089618
v 0.19360081 -0.04172837 -0.33069926
v 0.19360081 -0.04172837 -0.33069926
v 0.19416728 -0.03903631 -0.33021102
v 0.19055538 -0.03954882 -0.33046189
v 0.18694618 -0.03963514 -0.33048347
v 0.18694618 -0.04265090 -0.33092315
v 0.19027215 -0.04252412 -0.33089618
v 0.19027215 -0.04252412 -0.33089618
v 0.19055538 -0.03954882 -0.33046189
v 0.18694618 -0.03963514 -0.33048347
v 0.17479412 -0.04030951 -0.32975515
v 0.17696287 -0.04088946 -0.33021102
v 0.17611317 -0.03852918 -0.32962837
v 0.17611317 -0.03852918 -0.32962837
v 0.17376099 -0.03818660 -0.32911316
v 0.17479412 -0.04030951 -0.32975515
v 0.17696287 -0.04088946 -0.33021102
v 0.18028884 -0.04172837 -0.33069926
v 0.17972238 -0.03903631 -0.33021102
v 0.17972238 -0.03903631 -0.33021102
v 0.17611317 -0.03852918 -0.32962837
v 0.17696287 -0.04088946 -0.33021102
v 0.18028884 -0.04172837 -0.33069926
v 0.18361751 -0.04252412 -0.33089618
v 0.18333428 -0.03954882 -0.33046189
v 0.18333428 -0.03954882 -0.33046189
v 0.17972238 -0.03903631 -0.33021102
v 0.18028884 -0.04172837 -0.33069926
v 0.19692948 -0.04088946 -0.33021102
v 0.19577766 -0.04304203 -0.33065610
v 0.19769286 -0.04223819 -0.33030274
v 0.19769286 -0.04223819 -0.33030274
v 0.19909824 -0.04030951 -0.32975515
v 0.19692948 -0.04088946 -0.33021102
v 0.19360081 -0.04172837 -0.33069926
v 0.19283204 -0.04419655 -0.33100947
v 0.19577766 -0.04304203 -0.33065610
v 0.19577766 -0.04304203 -0.33065610
v 0.19692948 -0.04088946 -0.33021102
v 0.19360081 -0.04172837 -0.33069926
v 0.19027215 -0.04252412 -0.33089618
v 0.18988911 -0.04525395 -0.33113895
v 0.19283204 -0.04419655 -0.33100947
v 0.19283204 -0.04419655 -0.33100947
v 0.19360081 -0.04172837 -0.33069926
v 0.19027215 -0.04252412 -0.33089618
v 0.18694618 -0.04265090 -0.33092315
v 0.18694618 -0.04541850 -0.33116862
v 0.18988911 -0.04525395 -0.33113895
v 0.18988911 -0.04525395 -0.33113895
v 0.19027215 -0.04252412 -0.33089618
v 0.18694618 -0.04265090 -0.33092315
v 0.17619680 -0.04223819 -0.33030274
v 0.17811469 -0.04304203 -0.33065610
v 0.17696287 -0.04088946 -0.33021102
v 0.17696287 -0.04088946 -0.33021102
v 0.17479412 -0.04030951 -0.32975515
v 0.17619680 -0.04223819 -0.33030274
v 0.17811469 -0.04304203 -0.33065610
v 0.18105762 -0.04419655 -0.33100947
v 0.18028884 -0.04172837 -0.33069926
v 0.18028884 -0.04172837 -0.33069926
v 0.17696287 -0.04088946 -0.33021102
v 0.17811469 -0.04304203 -0.33065610
v 0.18105762 -0.04419655 -0.33100947
v 0.18400055 -0.04525395 -0.33113895
v 0.18361751 -0.04252412 -0.33089618
v 0.18361751 -0.04252412 -0.33089618
v 0.18028884 -0.04172837 -0.33069926
v 0.18105762 -0.04419655 -0.33100947
v 0.19769286 -0.02481529 -0.32563343
v 0.19577766 -0.02394131 -0.32553902
v 0.19692948 -0.02602915 -0.32622957
v 0.19692948 -0.02602915 -0.32622957
v 0.19909824 -0.02675746 -0.32612437
v 0.19769286 -0.02481529 -0.32563343
v 0.19577766 -0.02394131 -0.32553902
v 0.19283204 -0.02276522 -0.32526658
v 0.19360081 -0.02505806 -0.32623227
v 0.19360081 -0.02505806 -0.32623227
v 0.19692948 -0.02602915 -0.32622957
v 0.19577766 -0.02394131 -0.32553902
v 0.19283204 -0.02276522 -0.32526658
v 0.18988911 -0.02178604 -0.32484847
v 0.19027215 -0.02427040 -0.32600568
v 0.19027215 -0.02427040 -0.32600568
v 0.19360081 -0.02505806 -0.32623227
v 0.19283204 -0.02276522 -0.32526658
v 0.18988911 -0.02178604 -0.32484847
v 0.18694618 -0.02162959 -0.32479452
v 0.18694618 -0.02414632 -0.32596522
v 0.18694618 -0.02414632 -0.32596522
v 0.19027215 -0.02427040 -0.32600568
v 0.18988911 -0.02178604 -0.32484847
v 0.17696287 -0.02602915 -0.32622957
v 0.17811469 -0.02394131 -0.32553902
v 0.17619680 -0.02481529 -0.32563343
v 0.17619680 -0.02481529 -0.32563343
v 0.17479412 -0.02675746 -0.32612437
v 0.17696287 -0.02602915 -0.32622957
v 0.18028884 -0.02505806 -0.32623227
v 0.18105762 -0.02276522 -0.32526658
v 0.17811469 -0.02394131 -0.32553902
v 0.17811469 -0.02394131 -0.32553902
v 0.17696287 -0.02602915 -0.32622957
v 0.18028884 -0.02505806 -0.32623227
v 0.18361751 -0.02427040 -0.32600568
v 0.18400055 -0.02178604 -0.32484847
v 0.18105762 -0.02276522 -0.32526658
v 0.18105762 -0.02276522 -0.32526658
v 0.18028884 -0.02505806 -0.32623227
v 0.18361751 -0.02427040 -0.32600568
v 0.17792587 -0.02314826 -0.32516947
v 0.17619680 -0.02481529 -0.32563343
v 0.17811469 -0.02394131 -0.32553902
v 0.17811469 -0.02394131 -0.32553902
v 0.17993008 -0.02181032 -0.32474597
v 0.17792587 -0.02314826 -0.32516947
v 0.17993008 -0.02181032 -0.32474597
v 0.17811469 -0.02394131 -0.32553902
v 0.18105762 -0.02276522 -0.32526658
v 0.18105762 -0.02276522 -0.32526658
v 0.18214739 -0.02083654 -0.32438451
v 0.17993008 -0.02181032 -0.32474597
v 0.18214739 -0.02083654 -0.32438451
v 0.18105762 -0.02276522 -0.32526658
v 0.18400055 -0.02178604 -0.32484847
v 0.18400055 -0.02178604 -0.32484847
v 0.18450767 -0.02025928 -0.32409318
v 0.18214739 -0.02083654 -0.32438451
v 0.18450767 -0.02025928 -0.32409318
v 0.18400055 -0.02178604 -0.32484847
v 0.18694618 -0.02162959 -0.32479452
v 0.18694618 -0.02162959 -0.32479452
v 0.18694618 -0.02005697 -0.32402574
v 0.18450767 -0.02025928 -0.32409318
v 0.18938198 -0.02025928 -0.32409318
v 0.18694618 -0.02005697 -0.32402574
v 0.18694618 -0.02162959 -0.32479452
v 0.18694618 -0.02162959 -0.32479452
v 0.18988911 -0.02178604 -0.32484847
v 0.18938198 -0.02025928 -0.32409318
v 0.19174496 -0.02083654 -0.32438451
v 0.18938198 -0.02025928 -0.32409318
v 0.18988911 -0.02178604 -0.32484847
v 0.18988911 -0.02178604 -0.32484847
v 0.19283204 -0.02276522 -0.32526658
v 0.19174496 -0.02083654 -0.32438451
v 0.19396227 -0.02181032 -0.32474597
v 0.19174496 -0.02083654 -0.32438451
v 0.19283204 -0.02276522 -0.32526658
v 0.19283204 -0.02276522 -0.32526658
v 0.19577766 -0.02394131 -0.32553902
v 0.19396227 -0.02181032 -0.32474597
v 0.19596379 -0.02314826 -0.32516947
v 0.19396227 -0.02181032 -0.32474597
v 0.19577766 -0.02394131 -0.32553902
v 0.19577766 -0.02394131 -0.32553902
v 0.19769286 -0.02481529 -0.32563343
v 0.19596379 -0.02314826 -0.32516947
v 0.19596379 -0.04391331 -0.33073163
v 0.19769286 -0.04223819 -0.33030274
v 0.19577766 -0.04304203 -0.33065610
v 0.19577766 -0.04304203 -0.33065610
v 0.19396227 -0.04528362 -0.33103645
v 0.19596379 -0.04391331 -0.33073163
v 0.19396227 -0.04528362 -0.33103645
v 0.19577766 -0.04304203 -0.33065610
v 0.19283204 -0.04419655 -0.33100947
v 0.19283204 -0.04419655 -0.33100947
v 0.19174496 -0.04630866 -0.33120908
v 0.19396227 -0.04528362 -0.33103645
v 0.19174496 -0.04630866 -0.33120908
v 0.19283204 -0.04419655 -0.33100947
v 0.18988911 -0.04525395 -0.33113895
v 0.18988911 -0.04525395 -0.33113895
v 0.18938198 -0.04695335 -0.33124685
v 0.19174496 -0.04630866 -0.33120908
v 0.18938198 -0.04695335 -0.33124685
v 0.18988911 -0.04525395 -0.33113895
v 0.18694618 -0.04541850 -0.33116862
v 0.18694618 -0.04541850 -0.33116862
v 0.18694618 -0.04716375 -0.33129001
v 0.18938198 -0.04695335 -0.33124685
v 0.18450767 -0.04695335 -0.33124685
v 0.18694618 -0.04716375 -0.33129001
v 0.18694618 -0.04541850 -0.33116862
v 0.18694618 -0.04541850 -0.33116862
v 0.18400055 -0.04525395 -0.33113895
v 0.18450767 -0.04695335 -0.33124685
v 0.18214739 -0.04630866 -0.33120908
v 0.18450767 -0.04695335 -0.33124685
v 0.18400055 -0.04525395 -0.33113895
v 0.18400055 -0.04525395 -0.33113895
v 0.18105762 -0.04419655 -0.33100947
v 0.18214739 -0.04630866 -0.33120908
v 0.17993008 -0.04528362 -0.33103645
v 0.18214739 -0.04630866 -0.33120908
v 0.18105762 -0.04419655 -0.33100947
v 0.18105762 -0.04419655 -0.33100947
v 0.17811469 -0.04304203 -0.33065610
v 0.17993008 -0.04528362 -0.33103645
v 0.17792587 -0.04391331 -0.33073163
v 0.17993008 -0.04528362 -0.33103645
v 0.17811469 -0.04304203 -0.33065610
v 0.17811469 -0.04304203 -0.33065610
v 0.17619680 -0.04223819 -0.33030274
v 0.17792587 -0.04391331 -0.33073163
v 0.18694618 -0.03259207 -0.33145725
v 0.18315625 -0.03259207 -0.33145725
v 0.18321559 -0.02939288 -0.33060215
v 0.18321559 -0.02939288 -0.33060215
v 0.18694618 -0.02930656 -0.33057788
v 0.18694618 -0.03259207 -0.33145725
v 0.18321559 -0.03578856 -0.33231504
v 0.18315625 -0.03259207 -0.33145725
v 0.18694618 -0.03259207 -0.33145725
v 0.18694618 -0.03259207 -0.33145725
v 0.18694618 -0.03587758 -0.33233932
v 0.18321559 -0.03578856 -0.33231504
v 0.18694618 -0.02930656 -0.33057788
v 0.18321559 -0.02939288 -0.33060215
v 0.18338553 -0.02631778 -0.32967962
v 0.18338553 -0.02631778 -0.32967962
v 0.18694618 -0.02614784 -0.32962567
v 0.18694618 -0.02930656 -0.33057788
v 0.18694618 -0.02614784 -0.32962567
v 0.18338553 -0.02631778 -0.32967962
v 0.18366607 -0.02350163 -0.32855478
v 0.18366607 -0.02350163 -0.32855478
v 0.18694618 -0.02325616 -0.32846037
v 0.18694618 -0.02614784 -0.32962567
v 0.18338553 -0.03891492 -0.33305684
v 0.18321559 -0.03578856 -0.33231504
v 0.18694618 -0.03587758 -0.33233932
v 0.18694618 -0.03587758 -0.33233932
v 0.18694618 -0.03908756 -0.33309461
v 0.18338553 -0.03891492 -0.33305684
v 0.18366607 -0.04191719 -0.33348844
v 0.18338553 -0.03891492 -0.33305684
v 0.18694618 -0.03908756 -0.33309461
v 0.18694618 -0.03908756 -0.33309461
v 0.18694618 -0.04217615 -0.33352890
v 0.18366607 -0.04191719 -0.33348844
v 0.18694618 -0.02325616 -0.32846037
v 0.18366607 -0.02350163 -0.32855478
v 0.18404371 -0.02099569 -0.32738408
v 0.18404371 -0.02099569 -0.32738408
v 0.18694618 -0.02068278 -0.32725730
v 0.18694618 -0.02325616 -0.32846037
v 0.18404371 -0.04466860 -0.33372851
v 0.18366607 -0.04191719 -0.33348844
v 0.18694618 -0.04217615 -0.33352890
v 0.18694618 -0.04217615 -0.33352890
v 0.18694618 -0.04500579 -0.33377437
v 0.18404371 -0.04466860 -0.33372851
v 0.19830788 -0.03276471 -0.33081256
v 0.19813525 -0.03012659 -0.33012470
v 0.20106469 -0.03049884 -0.32964725
v 0.20106469 -0.03049884 -0.32964725
v 0.20128318 -0.03291037 -0.33026767
v 0.19830788 -0.03276471 -0.33081256
v 0.19452065 -0.03262714 -0.33132507
v 0.19440466 -0.02967072 -0.33053472
v 0.19813525 -0.03012659 -0.33012470
v 0.19813525 -0.03012659 -0.33012470
v 0.19830788 -0.03276471 -0.33081256
v 0.19452065 -0.03262714 -0.33132507
v 0.19073341 -0.03259207 -0.33145725
v 0.19067677 -0.02939288 -0.33060215
v 0.19440466 -0.02967072 -0.33053472
v 0.19440466 -0.02967072 -0.33053472
v 0.19452065 -0.03262714 -0.33132507
v 0.19073341 -0.03259207 -0.33145725
v 0.18694618 -0.03259207 -0.33145725
v 0.18694618 -0.02930656 -0.33057788
v 0.19067677 -0.02939288 -0.33060215
v 0.19067677 -0.02939288 -0.33060215
v 0.19073341 -0.03259207 -0.33145725
v 0.18694618 -0.03259207 -0.33145725
v 0.17282767 -0.03049884 -0.32964725
v 0.17575441 -0.03012659 -0.33012470
v 0.17558177 -0.03276471 -0.33081256
v 0.17558177 -0.03276471 -0.33081256
v 0.17260917 -0.03291037 -0.33026767
v 0.17282767 -0.03049884 -0.32964725
v 0.17575441 -0.03012659 -0.33012470
v 0.17948500 -0.02967072 -0.33053472
v 0.17936901 -0.03262714 -0.33132507
v 0.17936901 -0.03262714 -0.33132507
v 0.17558177 -0.03276471 -0.33081256
v 0.17575441 -0.03012659 -0.33012470
v 0.17948500 -0.02967072 -0.33053472
v 0.18321559 -0.02939288 -0.33060215
v 0.18315625 -0.03259207 -0.33145725
v 0.18315625 -0.03259207 -0.33145725
v 0.17936901 -0.03262714 -0.33132507
v 0.17948500 -0.02967072 -0.33053472
v 0.20106469 -0.03530841 -0.33093664
v 0.19813525 -0.03539473 -0.33153548
v 0.19830788 -0.03276471 -0.33081256
v 0.19830788 -0.03276471 -0.33081256
v 0.20128318 -0.03291037 -0.33026767
v 0.20106469 -0.03530841 -0.33093664
v 0.19813525 -0.03539473 -0.33153548
v 0.19440466 -0.03558356 -0.33212082
v 0.19452065 -0.03262714 -0.33132507
v 0.19452065 -0.03262714 -0.33132507
v 0.19830788 -0.03276471 -0.33081256
v 0.19813525 -0.03539473 -0.33153548
v 0.19440466 -0.03558356 -0.33212082
v 0.19067677 -0.03578856 -0.33231504
v 0.19073341 -0.03259207 -0.33145725
v 0.19073341 -0.03259207 -0.33145725
v 0.19452065 -0.03262714 -0.33132507
v 0.19440466 -0.03558356 -0.33212082
v 0.19067677 -0.03578856 -0.33231504
v 0.18694618 -0.03587758 -0.33233932
v 0.18694618 -0.03259207 -0.33145725
v 0.18694618 -0.03259207 -0.33145725
v 0.19073341 -0.03259207 -0.33145725
v 0.19067677 -0.03578856 -0.33231504
v 0.17558177 -0.03276471 -0.33081256
v 0.17575441 -0.03539473 -0.33153548
v 0.17282767 -0.03530841 -0.33093664
v 0.17282767 -0.03530841 -0.33093664
v 0.17260917 -0.03291037 -0.33026767
v 0.17558177 -0.03276471 -0.33081256
v 0.17936901 -0.03262714 -0.33132507
v 0.17948500 -0.03558356 -0.33212082
v 0.17575441 -0.03539473 -0.33153548
v 0.17575441 -0.03539473 -0.33153548
v 0.17558177 -0.03276471 -0.33081256
v 0.17936901 -0.03262714 -0.33132507
v 0.18315625 -0.03259207 -0.33145725
v 0.18321559 -0.03578856 -0.33231504
v 0.17948500 -0.03558356 -0.33212082
v 0.17948500 -0.03558356 -0.33212082
v 0.17936901 -0.03262714 -0.33132507
v 0.18315625 -0.03259207 -0.33145725
v 0.19813525 -0.03012659 -0.33012470
v 0.19762273 -0.02756131 -0.32947731
v 0.20041730 -0.02813856 -0.32912664
v 0.20041730 -0.02813856 -0.32912664
v 0.20106469 -0.03049884 -0.32964725
v 0.19813525 -0.03012659 -0.33012470
v 0.19440466 -0.02967072 -0.33053472
v 0.19406478 -0.02681950 -0.32970660
v 0.19762273 -0.02756131 -0.32947731
v 0.19762273 -0.02756131 -0.32947731
v 0.19813525 -0.03012659 -0.33012470
v 0.19440466 -0.02967072 -0.33053472
v 0.19067677 -0.02939288 -0.33060215
v 0.19050413 -0.02631778 -0.32967962
v 0.19406478 -0.02681950 -0.32970660
v 0.19406478 -0.02681950 -0.32970660
v 0.19440466 -0.02967072 -0.33053472
v 0.19067677 -0.02939288 -0.33060215
v 0.18694618 -0.02930656 -0.33057788
v 0.18694618 -0.02614784 -0.32962567
v 0.19050413 -0.02631778 -0.32967962
v 0.19050413 -0.02631778 -0.32967962
v 0.19067677 -0.02939288 -0.33060215
v 0.18694618 -0.02930656 -0.33057788
v 0.17347236 -0.02813856 -0.32912664
v 0.17626693 -0.02756131 -0.32947731
v 0.17575441 -0.03012659 -0.33012470
v 0.17575441 -0.03012659 -0.33012470
v 0.17282767 -0.03049884 -0.32964725
v 0.17347236 -0.02813856 -0.32912664
v 0.17626693 -0.02756131 -0.32947731
v 0.17982758 -0.02681950 -0.32970660
v 0.17948500 -0.02967072 -0.33053472
v 0.17948500 -0.02967072 -0.33053472
v 0.17575441 -0.03012659 -0.33012470
v 0.17626693 -0.02756131 -0.32947731
v 0.17982758 -0.02681950 -0.32970660
v 0.18338553 -0.02631778 -0.32967962
v 0.18321559 -0.02939288 -0.33060215
v 0.18321559 -0.02939288 -0.33060215
v 0.17948500 -0.02967072 -0.33053472
v 0.17982758 -0.02681950 -0.32970660
v 0.19762273 -0.02756131 -0.32947731
v 0.19678651 -0.02518215 -0.32877328
v 0.19936259 -0.02593204 -0.32861143
v 0.19936259 -0.02593204 -0.32861143
v 0.20041730 -0.02813856 -0.32912664
v 0.19762273 -0.02756131 -0.32947731
v 0.19406478 -0.02681950 -0.32970660
v 0.19350640 -0.02419488 -0.32874900
v 0.19678651 -0.02518215 -0.32877328
v 0.19678651 -0.02518215 -0.32877328
v 0.19762273 -0.02756131 -0.32947731
v 0.19406478 -0.02681950 -0.32970660
v 0.19050413 -0.02631778 -0.32967962
v 0.19022629 -0.02350163 -0.32855478
v 0.19350640 -0.02419488 -0.32874900
v 0.19350640 -0.02419488 -0.32874900
v 0.19406478 -0.02681950 -0.32970660
v 0.19050413 -0.02631778 -0.32967962
v 0.18694618 -0.02614784 -0.32962567
v 0.18694618 -0.02325616 -0.32846037
v 0.19022629 -0.02350163 -0.32855478
v 0.19022629 -0.02350163 -0.32855478
v 0.19050413 -0.02631778 -0.32967962
v 0.18694618 -0.02614784 -0.32962567
v 0.17452977 -0.02593204 -0.32861143
v 0.17710314 -0.02518215 -0.32877328
v 0.17626693 -0.02756131 -0.32947731
v 0.17626693 -0.02756131 -0.32947731
v 0.17347236 -0.02813856 -0.32912664
v 0.17452977 -0.02593204 -0.32861143
v 0.17710314 -0.02518215 -0.32877328
v 0.18038326 -0.02419488 -0.32874900
v 0.17982758 -0.02681950 -0.32970660
v 0.17982758 -0.02681950 -0.32970660
v 0.17626693 -0.02756131 -0.32947731
v 0.17710314 -0.02518215 -0.32877328
v 0.18038326 -0.02419488 -0.32874900
v 0.18366607 -0.02350163 -0.32855478
v 0.18338553 -0.02631778 -0.32967962
v 0.18338553 -0.02631778 -0.32967962
v 0.17982758 -0.02681950 -0.32970660
v 0.18038326 -0.02419488 -0.32874900
v 0.20041730 -0.03761205 -0.33166495
v 0.19762273 -0.03793844 -0.33225840
v 0.19813525 -0.03539473 -0.33153548
v 0.19813525 -0.03539473 -0.33153548
v 0.20106469 -0.03530841 -0.33093664
v 0.20041730 -0.03761205 -0.33166495
v 0.19762273 -0.03793844 -0.33225840
v 0.19406478 -0.03846444 -0.33282756
v 0.19440466 -0.03558356 -0.33212082
v 0.19440466 -0.03558356 -0.33212082
v 0.19813525 -0.03539473 -0.33153548
v 0.19762273 -0.03793844 -0.33225840
v 0.19406478 -0.03846444 -0.33282756
v 0.19050413 -0.03891492 -0.33305684
v 0.19067677 -0.03578856 -0.33231504
v 0.19067677 -0.03578856 -0.33231504
v 0.19440466 -0.03558356 -0.33212082
v 0.19406478 -0.03846444 -0.33282756
v 0.19050413 -0.03891492 -0.33305684
v 0.18694618 -0.03908756 -0.33309461
v 0.18694618 -0.03587758 -0.33233932
v 0.18694618 -0.03587758 -0.33233932
v 0.19067677 -0.03578856 -0.33231504
v 0.19050413 -0.03891492 -0.33305684
v 0.17575441 -0.03539473 -0.33153548
v 0.17626693 -0.03793844 -0.33225840
v 0.17347236 -0.03761205 -0.33166495
v 0.17347236 -0.03761205 -0.33166495
v 0.17282767 -0.03530841 -0.33093664
v 0.17575441 -0.03539473 -0.33153548
v 0.17948500 -0.03558356 -0.33212082
v 0.17982758 -0.03846444 -0.33282756
v 0.17626693 -0.03793844 -0.33225840
v 0.17626693 -0.03793844 -0.33225840
v 0.17575441 -0.03539473 -0.33153548
v 0.17948500 -0.03558356 -0.33212082
v 0.18321559 -0.03578856 -0.33231504
v 0.18338553 -0.03891492 -0.33305684
v 0.17982758 -0.03846444 -0.33282756
v 0.17982758 -0.03846444 -0.33282756
v 0.17948500 -0.03558356 -0.33212082
v 0.18321559 -0.03578856 -0.33231504
v 0.19936259 -0.03978080 -0.33232044
v 0.19678651 -0.04034997 -0.33283835
v 0.19762273 -0.03793844 -0.33225840
v 0.19762273 -0.03793844 -0.33225840
v 0.20041730 -0.03761205 -0.33166495
v 0.19936259 -0.03978080 -0.33232044
v 0.19678651 -0.04034997 -0.33283835
v 0.19350640 -0.04121855 -0.33331040
v 0.19406478 -0.03846444 -0.33282756
v 0.19406478 -0.03846444 -0.33282756
v 0.19762273 -0.03793844 -0.33225840
v 0.19678651 -0.04034997 -0.33283835
v 0.19350640 -0.04121855 -0.33331040
v 0.19022629 -0.04191719 -0.33348844
v 0.19050413 -0.03891492 -0.33305684
v 0.19050413 -0.03891492 -0.33305684
v 0.19406478 -0.03846444 -0.33282756
v 0.19350640 -0.04121855 -0.33331040
v 0.19022629 -0.04191719 -0.33348844
v 0.18694618 -0.04217615 -0.33352890
v 0.18694618 -0.03908756 -0.33309461
v 0.18694618 -0.03908756 -0.33309461
v 0.19050413 -0.03891492 -0.33305684
v 0.19022629 -0.04191719 -0.33348844
v 0.17626693 -0.03793844 -0.33225840
v 0.17710314 -0.04034997 -0.33283835
v 0.17452977 -0.03978080 -0.33232044
v 0.17452977 -0.03978080 -0.33232044
v 0.17347236 -0.03761205 -0.33166495
v 0.17626693 -0.03793844 -0.33225840
v 0.17982758 -0.03846444 -0.33282756
v 0.18038326 -0.04121855 -0.33331040
v 0.17710314 -0.04034997 -0.33283835
v 0.17710314 -0.04034997 -0.33283835
v 0.17626693 -0.03793844 -0.33225840
v 0.17982758 -0.03846444 -0.33282756
v 0.18338553 -0.03891492 -0.33305684
v 0.18366607 -0.04191719 -0.33348844
v 0.18038326 -0.04121855 -0.33331040
v 0.18038326 -0.04121855 -0.33331040
v 0.17982758 -0.03846444 -0.33282756
v 0.18338553 -0.03891492 -0.33305684
v 0.19678651 -0.02518215 -0.32877328
v 0.19565088 -0.02305385 -0.32805036
v 0.19792754 -0.02394941 -0.32810700
v 0.19792754 -0.02394941 -0.32810700
v 0.19936259 -0.02593204 -0.32861143
v 0.19678651 -0.02518215 -0.32877328
v 0.19350640 -0.02419488 -0.32874900
v 0.19274842 -0.02185618 -0.32775364
v 0.19565088 -0.02305385 -0.32805036
v 0.19565088 -0.02305385 -0.32805036
v 0.19678651 -0.02518215 -0.32877328
v 0.19350640 -0.02419488 -0.32874900
v 0.19022629 -0.02350163 -0.32855478
v 0.18984595 -0.02099569 -0.32738408
v 0.19274842 -0.02185618 -0.32775364
v 0.19274842 -0.02185618 -0.32775364
v 0.19350640 -0.02419488 -0.32874900
v 0.19022629 -0.02350163 -0.32855478
v 0.18694618 -0.02325616 -0.32846037
v 0.18694618 -0.02068278 -0.32725730
v 0.18984595 -0.02099569 -0.32738408
v 0.18984595 -0.02099569 -0.32738408
v 0.19022629 -0.02350163 -0.32855478
v 0.18694618 -0.02325616 -0.32846037
v 0.17596212 -0.02394941 -0.32810700
v 0.17824147 -0.02305385 -0.32805036
v 0.17710314 -0.02518215 -0.32877328
v 0.17710314 -0.02518215 -0.32877328
v 0.17452977 -0.02593204 -0.32861143
v 0.17596212 -0.02394941 -0.32810700
v 0.17824147 -0.02305385 -0.32805036
v 0.18114124 -0.02185618 -0.32775364
v 0.18038326 -0.02419488 -0.32874900
v 0.18038326 -0.02419488 -0.32874900
v 0.17710314 -0.02518215 -0.32877328
v 0.17824147 -0.02305385 -0.32805036
v 0.18114124 -0.02185618 -0.32775364
v 0.18404371 -0.02099569 -0.32738408
v 0.18366607 -0.02350163 -0.32855478
v 0.18366607 -0.02350163 -0.32855478
v 0.18038326 -0.02419488 -0.32874900
v 0.18114124 -0.02185618 -0.32775364
v 0.19792754 -0.04175265 -0.33287881
v 0.19565088 -0.04255379 -0.33327534
v 0.19678651 -0.04034997 -0.33283835
v 0.19678651 -0.04034997 -0.33283835
v 0.19936259 -0.03978080 -0.33232044
v 0.19792754 -0.04175265 -0.33287881
v 0.19565088 -0.04255379 -0.33327534
v 0.19274842 -0.04374068 -0.33361792
v 0.19350640 -0.04121855 -0.33331040
v 0.19350640 -0.04121855 -0.33331040
v 0.19678651 -0.04034997 -0.33283835
v 0.19565088 -0.04255379 -0.33327534
v 0.19274842 -0.04374068 -0.33361792
v 0.18984595 -0.04466860 -0.33372851
v 0.19022629 -0.04191719 -0.33348844
v 0.19022629 -0.04191719 -0.33348844
v 0.19350640 -0.04121855 -0.33331040
v 0.19274842 -0.04374068 -0.33361792
v 0.18984595 -0.04466860 -0.33372851
v 0.18694618 -0.04500579 -0.33377437
v 0.18694618 -0.04217615 -0.33352890
v 0.18694618 -0.04217615 -0.33352890
v 0.19022629 -0.04191719 -0.33348844
v 0.18984595 -0.04466860 -0.33372851
v 0.17710314 -0.04034997 -0.33283835
v 0.17824147 -0.04255379 -0.33327534
v 0.17596212 -0.04175265 -0.33287881
v 0.17596212 -0.04175265 -0.33287881
v 0.17452977 -0.03978080 -0.33232044
v 0.17710314 -0.04034997 -0.33283835
v 0.18038326 -0.04121855 -0.33331040
v 0.18114124 -0.04374068 -0.33361792
v 0.17824147 -0.04255379 -0.33327534
v 0.17824147 -0.04255379 -0.33327534
v 0.17710314 -0.04034997 -0.33283835
v 0.18038326 -0.04121855 -0.33331040
v 0.18366607 -0.04191719 -0.33348844
v 0.18404371 -0.04466860 -0.33372851
v 0.18114124 -0.04374068 -0.33361792
v 0.18114124 -0.04374068 -0.33361792
v 0.18038326 -0.04121855 -0.33331040
v 0.18366607 -0.04191719 -0.33348844
v 0.19616070 -0.02224731 -0.32763495
v 0.19792754 -0.02394941 -0.32810700
v 0.19565088 -0.02305385 -0.32805036
v 0.19565088 -0.02305385 -0.32805036
v 0.19411333 -0.02087700 -0.32720605
v 0.19616070 -0.02224731 -0.32763495
v 0.19411333 -0.02087700 -0.32720605
v 0.19565088 -0.02305385 -0.32805036
v 0.19274842 -0.02185618 -0.32775364
v 0.19274842 -0.02185618 -0.32775364
v 0.19184746 -0.01988164 -0.32683650
v 0.19411333 -0.02087700 -0.32720605
v 0.19184746 -0.01988164 -0.32683650
v 0.19274842 -0.02185618 -0.32775364
v 0.18984595 -0.02099569 -0.32738408
v 0.18984595 -0.02099569 -0.32738408
v 0.18943593 -0.01929089 -0.32654248
v 0.19184746 -0.01988164 -0.32683650
v 0.18943593 -0.01929089 -0.32654248
v 0.18984595 -0.02099569 -0.32738408
v 0.18694618 -0.02068278 -0.32725730
v 0.18694618 -0.02068278 -0.32725730
v 0.18694618 -0.01908588 -0.32647234
v 0.18943593 -0.01929089 -0.32654248
v 0.18445642 -0.01929089 -0.32654248
v 0.18694618 -0.01908588 -0.32647234
v 0.18694618 -0.02068278 -0.32725730
v 0.18694618 -0.02068278 -0.32725730
v 0.18404371 -0.02099569 -0.32738408
v 0.18445642 -0.01929089 -0.32654248
v 0.18204219 -0.01988164 -0.32683650
v 0.18445642 -0.01929089 -0.32654248
v 0.18404371 -0.02099569 -0.32738408
v 0.18404371 -0.02099569 -0.32738408
v 0.18114124 -0.02185618 -0.32775364
v 0.18204219 -0.01988164 -0.32683650
v 0.17977633 -0.02087700 -0.32720605
v 0.18204219 -0.01988164 -0.32683650
v 0.18114124 -0.02185618 -0.32775364
v 0.18114124 -0.02185618 -0.32775364
v 0.17824147 -0.02305385 -0.32805036
v 0.17977633 -0.02087700 -0.32720605
v 0.17772895 -0.02224731 -0.32763495
v 0.17977633 -0.02087700 -0.32720605
v 0.17824147 -0.02305385 -0.32805036
v 0.17824147 -0.02305385 -0.32805036
v 0.17596212 -0.02394941 -0.32810700
v 0.17772895 -0.02224731 -0.32763495
v 0.17772895 -0.04346284 -0.33331850
v 0.17596212 -0.04175265 -0.33287881
v 0.17824147 -0.04255379 -0.33327534
v 0.17824147 -0.04255379 -0.33327534
v 0.17977633 -0.04486282 -0.33363140
v 0.17772895 -0.04346284 -0.33331850
v 0.17977633 -0.04486282 -0.33363140
v 0.17824147 -0.04255379 -0.33327534
v 0.18114124 -0.04374068 -0.33361792
v 0.18114124 -0.04374068 -0.33361792
v 0.18204219 -0.04590944 -0.33380944
v 0.17977633 -0.04486282 -0.33363140
v 0.18204219 -0.04590944 -0.33380944
v 0.18114124 -0.04374068 -0.33361792
v 0.18404371 -0.04466860 -0.33372851
v 0.18404371 -0.04466860 -0.33372851
v 0.18445642 -0.04656762 -0.33385259
v 0.18204219 -0.04590944 -0.33380944
v 0.18445642 -0.04656762 -0.33385259
v 0.18404371 -0.04466860 -0.33372851
v 0.18694618 -0.04500579 -0.33377437
v 0.18694618 -0.04500579 -0.33377437
v 0.18694618 -0.04678072 -0.33389306
v 0.18445642 -0.04656762 -0.33385259
v 0.18943593 -0.04656762 -0.33385259
v 0.18694618 -0.04678072 -0.33389306
v 0.18694618 -0.04500579 -0.33377437
v 0.18694618 -0.04500579 -0.33377437
v 0.18984595 -0.04466860 -0.33372851
v 0.18943593 -0.04656762 -0.33385259
v 0.19184746 -0.04590944 -0.33380944
v 0.18943593 -0.04656762 -0.33385259
v 0.18984595 -0.04466860 -0.33372851
v 0.18984595 -0.04466860 -0.33372851
v 0.19274842 -0.04374068 -0.33361792
v 0.19184746 -0.04590944 -0.33380944
v 0.19411333 -0.04486282 -0.33363140
v 0.19184746 -0.04590944 -0.33380944
v 0.19274842 -0.04374068 -0.33361792
v 0.19274842 -0.04374068 -0.33361792
v 0.19565088 -0.04255379 -0.33327534
v 0.19411333 -0.04486282 -0.33363140
v 0.19616070 -0.04346284 -0.33331850
v 0.19411333 -0.04486282 -0.33363140
v 0.19565088 -0.04255379 -0.33327534
v 0.19565088 -0.04255379 -0.33327534
v 0.19792754 -0.04175265 -0.33287881
v 0.19616070 -0.04346284 -0.33331850
vn -1.00000000 0.00000000 0.00000000
vn -0.98078399 0.19509682 0.00000000
vn -0.98078399 0.19509682 0.00000000
vn -0.98078399 0.19509682 0.00000000
vn -1.00000000 0.00000000 0.00000000
vn -1.00000000 0.00000000 0.00000000
vn -0.98078399 0.19509682 0.00000000
vn -0.92387667 0.38269034 0.00000000
vn -0.92387667 0.38269034 0.00000000
vn -0.92387667 0.38269034 0.00000000
vn -0.98078399 0.19509682 0.00000000
vn -0.98078399 0.19509682 0.00000000
vn -0.92387667 0.38269034 0.00000000
vn -0.83146524 0.55557677 0.00000000
vn -0.83146524 0.55557677 0.00000000
vn -0.83146524 0.55557677 0.00010000
vn -0.92387667 0.38269034 0.00000000
vn -0.92387667 0.38269034 0.00000000
vn -0.83146524 0.55557677 0.00000000
vn -0.70710678 0.70710678 0.00000000
vn -0.70710678 0.70710678 0.00000000
vn -0.70710678 0.70710678 0.00000000
vn -0.83146524 0.55557677 0.00000000
vn -0.83146524 0.55557677 0.00000000
vn -0.70710678 0.70710678 0.00000000
vn -0.55557677 0.83146524 0.00000000
vn -0.55557677 0.83146524 0.00000000
vn -0.55557677 0.83146524 0.00000000
vn -0.70710678 0.70710678 0.00000000
vn -0.70710678 0.70710678 0.00000000
vn -0.55557677 0.83146524 0.00000000
vn -0.38269034 0.92387667 0.00000000
vn -0.38269034 0.92387667 0.00000000
vn -0.38269034 0.92387667 0.00000000
vn -0.55557677 0.83146524 0.00000000
vn -0.55557677 0.83146524 0.00000000
vn -0.38269034 0.92387667 0.00000000
vn -0.19509682 0.98078399 0.00000000
vn -0.19509682 0.98078399 0.00000000
vn -0.19509682 0.98078399 0.00000000
vn -0.38269034 0.92387667 0.00000000
vn -0.38269034 0.92387667 0.00000000
vn -0.19509682 0.98078399 0.00000000
vn 0.00000000 1.00000000 0.00000000
vn 0.00000000 1.00000000 0.00000000
vn 0.00000000 1.00000000 0.00000000
vn -0.19509682 0.98078399 0.00000000
vn -0.19509682 0.98078399 0.00000000
vn 0.00000000 1.00000000 0.00000000
vn 0.19509682 0.98078399 0.00000000
vn 0.19509682 0.98078399 0.00000000
vn 0.19509682 0.98078399 0.00000000
vn 0.00000000 1.00000000 0.00000000
vn 0.00000000 1.00000000 0.00000000
vn 0.19509682 0.98078399 0.00000000
vn 0.38269034 0.92387667 0.00000000
vn 0.38269034 0.92387667 0.00000000
vn 0.38269034 0.92387667 0.00000000
vn 0.19509682 0.98078399 0.00000000
vn 0.19509682 0.98078399 0.00000000
vn 0.38269034 0.92387667 0.00000000
vn 0.55557677 0.83146524 0.00000000
vn 0.55557677 0.83146524 0.00000000
vn 0.55557677 0.83146524 0.00000000
vn 0.38269034 0.92387667 0.00000000
vn 0.38269034 0.92387667 0.00000000
vn 0.55557677 0.83146524 0.00000000
vn 0.70710678 0.70710678 0.00000000
vn 0.70710678 0.70710678 0.00000000
vn 0.70710678 0.70710678 0.00000000
vn 0.55557677 0.83146524 0.00000000
vn 0.55557677 0.83146524 0.00000000
vn 0.70710678 0.70710678 0.00000000
vn 0.83146524 0.55557677 0.00000000
vn 0.83146524 0.55557677 0.00000000
vn 0.83146524 0.55557677 0.00000000
vn 0.70710678 0.70710678 0.00000000
vn 0.70710678 0.70710678 0.00000000
vn 0.83146524 0.55557677 0.00000000
vn 0.92387667 0.38269034 0.00000000
vn 0.92387667 0.38269034 0.00000000
vn 0.92387667 0.38269034 0.00000000
vn 0.83146524 0.55557677 0.00000000
vn 0.83146524 0.55557677 0.00000000
vn 0.92387667 0.38269034 0.00000000
vn 0.98078399 0.19509682 0.00000000
vn 0.98078399 0.19509682 0.00000000
vn 0.98078399 0.19509682 0.00000000
vn 0.92387667 0.38269034 0.00000000
vn 0.92387667 0.38269034 0.00000000
vn 0.98078399 0.19509682 0.00000000
vn 1.00000000 0.00000000 0.00000000
vn 1.00000000 0.00000000 0.00000000
vn 1.00000000 0.00000000 0.00000000
vn 0.98078399 0.19509682 0.00000000
vn 0.98078399 0.19509682 0.00000000
vn 1.00000000 0.00000000 0.00000000
vn 0.98078399 -0.19509682 0.00000000
vn 0.98078399 -0.19509682 0.00000000
vn 0.98078399 -0.19509682 0.00000000
vn 1.00000000 0.00000000 0.00000000
vn 1.00000000 0.00000000 0.00000000
vn 0.98078399 -0.19509682 0.00000000
vn 0.92387667 -0.38269034 0.00000000
vn 0.92387667 -0.38269034 0.00000000
vn 0.92387667 -0.38269034 0.00000000
vn 0.98078399 -0.19509682 0.00000000
vn 0.98078399 -0.19509682 0.00000000
vn 0.92387667 -0.38269034 0.00000000
vn 0.83146524 -0.55557677 0.00000000
vn 0.83146524 -0.55557677 0.00000000
vn 0.83146524 -0.55557677 0.00000000
vn 0.92387667 -0.38269034 0.00000000
vn 0.92387667 -0.38269034 0.00000000
vn 0.83146524 -0.55557677 0.00000000
vn 0.70710678 -0.70710678 0.00000000
vn 0.70710678 -0.70710678 0.00000000
vn 0.70710678 -0.70710678 0.00000000
vn 0.83146524 -0.55557677 0.00000000
vn 0.83146524 -0.55557677 0.00000000
vn 0.70710678 -0.70710678 0.00000000
vn 0.55557677 -0.83146524 0.00000000
vn 0.55557677 -0.83146524 0.00000000
vn 0.55557677 -0.83146524 0.00000000
vn 0.70710678 -0.70710678 0.00000000
vn 0.70710678 -0.70710678 0.00000000
vn 0.55557677 -0.83146524 0.00000000
vn 0.38269034 -0.92387667 0.00000000
vn 0.38269034 -0.92387667 0.00000000
vn 0.38269034 -0.92387667 0.00000000
vn 0.55557677 -0.83146524 0.00000000
vn 0.55557677 -0.83146524 0.00000000
vn 0.38269034 -0.92387667 0.00000000
vn 0.19509682 -0.98078399 0.00000000
vn 0.19509682 -0.98078399 0.00000000
vn 0.19509682 -0.98078399 0.00000000
vn 0.38269034 -0.92387667 0.00000000
vn 0.38269034 -0.92387667 0.00000000
vn 0.19509682 -0.98078399 0.00000000
vn 0.00000000 -1.00000000 0.00000000
vn 0.00000000 -1.00000000 0.00000000
vn 0.00000000 -1.00000000 0.00000000
vn 0.19509682 -0.98078399 0.00000000
vn 0.19509682 -0.98078399 0.00000000
vn 0.00000000 -1.00000000 0.00000000
vn -0.19509682 -0.98078399 0.00000000
vn -0.19509682 -0.98078399 0.00000000
vn -0.19509682 -0.98078399 0.00000000
vn 0.00000000 -1.00000000 0.00000000
vn 0.00000000 -1.00000000 0.00000000
vn -0.19509682 -0.98078399 0.00000000
vn -0.38269034 -0.92387667 0.00000000
vn -0.38269034 -0.92387667 0.00000000
vn -0.38269034 -0.92387667 0.00000000
vn -0.19509682 -0.98078399 0.00000000
vn -0.19509682 -0.98078399 0.00000000
vn -0.38269034 -0.92387667 0.00000000
vn -0.55557677 -0.83146524 0.00000000
vn -0.55557677 -0.83146524 0.00000000
vn -0.55557677 -0.83146524 0.00000000
vn -0.38269034 -0.92387667 0.00000000
vn -0.38269034 -0.92387667 0.00000000
vn -0.55557677 -0.83146524 0.00000000
vn -0.70710678 -0.70710678 0.00000000
vn -0.70710678 -0.70710678 0.00000000
vn -0.70710678 -0.70710678 0.00000000
vn -0.55557677 -0.83146524 0.00000000
vn -0.55557677 -0.83146524 0.00000000
vn -0.70710678 -0.70710678 0.00000000
vn -0.83146524 -0.55557677 0.00000000
vn -0.83146524 -0.55557677 0.00000000
vn -0.83146524 -0.55557677 0.00000000
vn -0.70710678 -0.70710678 0.00000000
vn -0.70710678 -0.70710678 0.00000000
vn -0.83146524 -0.55557677 0.00000000
vn -0.92387667 -0.38269034 0.00000000
vn -0.92387667 -0.38269034 0.00000000
vn -0.92387667 -0.38269034 0.00000000
vn -0.83146524 -0.55557677 0.00000000
vn -0.83146524 -0.55557677 0.00000000
vn -0.92387667 -0.38269034 0.00000000
vn -0.98078399 -0.19509682 0.00000000
vn -0.98078399 -0.19509682 0.00000000
vn -0.98078399 -0.19509682 0.00000000
vn -0.92387667 -0.38269034 0.00000000
vn -0.92387667 -0.38269034 0.00000000
vn -0.98078399 -0.19509682 0.00000000
vn -1.00000000 0.00000000 0.00000000
vn -1.00000000 0.00000000 0.00000000
vn -1.00000000 0.00000000 0.00000000
vn -0.98078399 -0.19509682 0.00000000
vn -0.98078399 -0.19509682 0.00000000
vn 0.00000000 0.00000000 1.00000000
vn 0.00000000 0.00000000 1.00000000
vn 0.00000000 0.00000000 1.00000000
vn 0.00000000 0.00000000 1.00000000
vn 0.00000000 0.00000000 1.00000000
vn 0.00000000 0.00000000 1.00000000
vn 0.00000000 0.00000000 1.00000000
vn 0.00000000 0.00000000 1.00000000
vn 0.00000000 0.00000000 1.00000000
vn 0.00000000 0.00000000 1.00000000
vn 0.00000000 0.00000000 1.00000000
vn 0.00000000 0.00000000 1.00000000
vn 0.00000000 0.00000000 1.00000000
vn 0.00000000 0.00000000 1.00000000
vn 0.00000000 0.00000000 1.00000000
vn 0.00000000 0.00000000 1.00000000
vn 0.00000000 0.00000000 1.00000000
vn 0.00000000 0.00000000 1.00000000
vn 0.00000000 0.00000000 1.00000000
vn 0.00000000 0.00000000 1.00000000
vn 0.00000000 0.00000000 1.00000000
vn 0.00000000 0.00000000 1.00000000
vn 0.00000000 0.00000000 1.00000000
vn 0.00000000 0.00000000 1.00000000
vn 0.00000000 0.00000000 1.00000000
vn 0.00000000 0.00000000 1.00000000
vn 0.00000000 0.00000000 1.00000000
vn 0.00000000 0.00000000 1.00000000
vn 0.00000000 0.00000000 1.00000000
vn 0.00000000 0.00000000 1.00000000
vn 0.00000000 0.00000000 1.00000000
vn 0.00000000 0.00000000 1.00000000
vn 0.00000000 0.00000000 1.00000000
vn 0.00000000 0.00000000 1.00000000
vn 0.00000000 0.00000000 1.00000000
vn 0.00000000 0.00000000 1.00000000
vn 0.00000000 0.00000000 1.00000000
vn 0.00000000 0.00000000 1.00000000
vn 0.00000000 0.00000000 1.00000000
vn 0.00000000 0.00000000 1.00000000
vn 0.00000000 0.00000000 1.00000000
vn 0.00000000 0.00000000 1.00000000
vn 0.00000000 0.00000000 1.00000000
vn 0.00000000 0.00000000 1.00000000
vn 0.00000000 0.00000000 1.00000000
vn 0.00000000 0.00000000 1.00000000
vn 0.00000000 0.00000000 1.00000000
vn 0.00000000 0.00000000 1.00000000
vn 0.00000000 0.00000000 1.00000000
vn 0.00000000 0.00000000 1.00000000
vn 0.00000000 0.00000000 1.00000000
vn 0.00000000 0.00000000 1.00000000
vn 0.00000000 0.00000000 1.00000000
vn 0.00000000 0.00000000 1.00000000
vn 0.00000000 0.00000000 1.00000000
vn 0.00000000 0.00000000 1.00000000
vn 0.00000000 0.00000000 1.00000000
vn 0.00000000 0.00000000 1.00000000
vn 0.00000000 0.00000000 1.00000000
vn 0.00000000 0.00000000 1.00000000
vn 0.00000000 0.00000000 1.00000000
vn 0.00000000 0.00000000 1.00000000
vn 0.00000000 0.00000000 1.00000000
vn 0.00000000 0.00000000 1.00000000
vn 0.00000000 0.00000000 1.00000000
vn 0.00000000 0.00000000 1.00000000
vn 0.00000000 0.00000000 1.00000000
vn 0.00000000 0.00000000 1.00000000
vn 0.00000000 0.00000000 1.00000000
vn 0.00000000 0.00000000 1.00000000
vn 0.00000000 0.00000000 1.00000000
vn 0.00000000 0.00000000 1.00000000
vn 0.00000000 0.00000000 1.00000000
vn 0.00000000 0.00000000 1.00000000
vn 0.00000000 0.00000000 1.00000000
vn 0.00000000 0.00000000 1.00000000
vn 0.00000000 0.00000000 1.00000000
vn 0.00000000 0.00000000 1.00000000
vn 0.00000000 0.00000000 1.00000000
vn 0.00000000 0.00000000 1.00000000
vn 0.00000000 0.00000000 1.00000000
vn 0.00000000 0.00000000 1.00000000
vn 0.00000000 0.00000000 1.00000000
vn 0.00000000 0.00000000 1.00000000
vn 0.00000000 0.00000000 1.00000000
vn 0.00000000 0.00000000 1.00000000
vn 0.00000000 0.00000000 1.00000000
vn 0.00000000 0.00000000 1.00000000
vn 0.00000000 0.00000000 1.00000000
vn 0.00000000 0.00000000 1.00000000
vn 0.00000000 0.00000000 1.00000000
vn 0.00000000 0.00000000 1.00000000
vn 0.00000000 0.00000000 1.00000000
vn 0.00000000 0.00000000 1.00000000
vn 0.00000000 0.00000000 1.00000000
vn 0.00000000 0.00000000 1.00000000
vn 0.00000000 0.00000000 1.00000000
vn 0.00000000 0.00000000 1.00000000
vn 0.00000000 0.00000000 1.00000000
vn 0.00000000 0.00000000 1.00000000
vn 0.00000000 0.00000000 1.00000000
vn 0.00000000 0.00000000 1.00000000
vn 0.00000000 0.00000000 1.00000000
vn 0.00000000 0.00000000 1.00000000
vn 0.00000000 0.00000000 1.00000000
vn 0.00000000 0.00000000 1.00000000
vn 0.00000000 0.00000000 1.00000000
vn 0.00000000 0.00000000 1.00000000
vn 0.00000000 0.00000000 1.00000000
vn 0.00000000 0.00000000 1.00000000
vn 0.00000000 0.00000000 1.00000000
vn 0.00000000 0.00000000 1.00000000
vn 0.00000000 0.00000000 1.00000000
vn 0.00000000 0.00000000 1.00000000
vn 0.00000000 0.00000000 1.00000000
vn 0.00000000 0.00000000 1.00000000
vn 0.00000000 0.00000000 1.00000000
vn 0.00000000 0.00000000 1.00000000
vn 0.00000000 0.00000000 1.00000000
vn 0.00000000 0.00000000 1.00000000
vn 0.00000000 0.00000000 1.00000000
vn 0.00000000 0.00000000 1.00000000
vn 0.00000000 0.00000000 1.00000000
vn 0.00000000 0.00000000 1.00000000
vn 0.00000000 0.00000000 1.00000000
vn 0.00000000 0.00000000 1.00000000
vn 0.00000000 0.00000000 1.00000000
vn 0.00000000 0.00000000 1.00000000
vn 0.00000000 0.00000000 1.00000000
vn 0.00000000 0.00000000 1.00000000
vn 0.00000000 0.00000000 1.00000000
vn 0.00000000 0.00000000 1.00000000
vn 0.00000000 0.00000000 1.00000000
vn 0.00000000 0.00000000 1.00000000
vn 0.00000000 0.00000000 1.00000000
vn 0.00000000 0.00000000 1.00000000
vn 0.00000000 0.00000000 1.00000000
vn 0.00000000 0.00000000 1.00000000
vn 0.00000000 0.00000000 1.00000000
vn 0.00000000 0.00000000 1.00000000
vn 0.00000000 0.00000000 1.00000000
vn 0.00000000 0.00000000 1.00000000
vn 0.00000000 0.00000000 1.00000000
vn 0.00000000 0.00000000 1.00000000
vn 0.00000000 0.00000000 1.00000000
vn 0.00000000 0.00000000 1.00000000
vn 0.00000000 0.00000000 1.00000000
vn 0.00000000 0.00000000 1.00000000
vn 0.00000000 0.00000000 1.00000000
vn 0.00000000 0.00000000 1.00000000
vn 0.00000000 0.00000000 1.00000000
vn 0.00000000 0.00000000 1.00000000
vn 0.00000000 0.00000000 1.00000000
vn 0.00000000 0.00000000 1.00000000
vn 0.00000000 0.00000000 1.00000000
vn 0.00000000 0.00000000 1.00000000
vn 0.00000000 0.00000000 1.00000000
vn 0.00000000 0.00000000 1.00000000
vn 0.00000000 0.00000000 1.00000000
vn 0.00000000 0.00000000 1.00000000
vn 0.00000000 0.00000000 1.00000000
vn 0.00000000 0.00000000 1.00000000
vn 0.00000000 0.00000000 1.00000000
vn 0.00000000 0.00000000 1.00000000
vn 0.00000000 0.00000000 1.00000000
vn 0.00000000 0.00000000 1.00000000
vn 0.00000000 0.00000000 1.00000000
vn 0.00000000 0.00000000 1.00000000
vn 0.00000000 0.00000000 1.00000000
vn 0.00000000 0.00000000 1.00000000
vn 0.00000000 0.00000000 1.00000000
vn 0.00000000 0.00000000 1.00000000
vn 0.00000000 0.00000000 1.00000000
vn 0.00000000 0.00000000 1.00000000
vn 0.00000000 0.00000000 1.00000000
vn 0.00000000 0.00000000 1.00000000
vn 0.00000000 0.00000000 1.00000000
vn 0.00000000 0.00000000 1.00000000
vn 0.00000000 0.00000000 1.00000000
vn 0.00000000 0.00000000 1.00000000
vn 0.00000000 0.00000000 1.00000000
vn 0.00000000 0.00000000 1.00000000
vn 0.00000000 0.00000000 1.00000000
vn 0.00000000 0.00000000 1.00000000
vn 0.00000000 0.00000000 1.00000000
vn 0.00000000 0.00000000 1.00000000
vn 0.00000000 0.00000000 1.00000000
vn 0.00000000 0.00000000 1.00000000
vn 0.00000000 0.00000000 1.00000000
vn 0.00000000 0.00000000 1.00000000
vn 0.00000000 0.00000000 1.00000000
vn 0.00000000 0.00000000 1.00000000
vn 0.00000000 0.00000000 1.00000000
vn 0.00000000 0.00000000 1.00000000
vn 0.00000000 0.00000000 1.00000000
vn 0.00000000 0.00000000 1.00000000
vn 0.00000000 0.00000000 1.00000000
vn 0.00000000 0.00000000 1.00000000
vn 0.00000000 0.00000000 1.00000000
vn 0.00000000 0.00000000 1.00000000
vn 0.00000000 0.00000000 1.00000000
vn 0.00000000 0.00000000 1.00000000
vn 0.00000000 0.00000000 1.00000000
vn 0.00000000 0.00000000 1.00000000
vn 0.00000000 0.00000000 1.00000000
vn 0.00000000 0.00000000 1.00000000
vn 0.00000000 0.00000000 1.00000000
vn 0.00000000 0.00000000 1.00000000
vn 0.00000000 0.00000000 1.00000000
vn 0.00000000 0.00000000 1.00000000
vn 0.00000000 0.00000000 1.00000000
vn 0.00000000 0.00000000 1.00000000
vn 0.00000000 0.00000000 1.00000000
vn 0.00000000 0.00000000 1.00000000
vn 0.00000000 0.00000000 1.00000000
vn 0.00000000 0.00000000 1.00000000
vn 0.00000000 0.00000000 1.00000000
vn 0.00000000 0.00000000 1.00000000
vn 0.00000000 0.00000000 1.00000000
vn 0.00000000 0.00000000 1.00000000
vn 0.00000000 0.00000000 1.00000000
vn 0.00000000 0.00000000 1.00000000
vn 0.00000000 0.00000000 1.00000000
vn 0.00000000 0.00000000 1.00000000
vn 0.00000000 0.00000000 1.00000000
vn 0.00000000 0.00000000 1.00000000
vn 0.00000000 0.00000000 1.00000000
vn 0.00000000 0.00000000 1.00000000
vn 0.00000000 0.00000000 1.00000000
vn 0.00000000 0.00000000 1.00000000
vn 0.00000000 0.00000000 1.00000000
vn 0.00000000 0.00000000 1.00000000
vn 0.00000000 0.00000000 1.00000000
vn 0.00000000 0.00000000 1.00000000
vn 0.00000000 0.00000000 1.00000000
vn 0.00000000 0.00000000 1.00000000
vn 0.00000000 0.00000000 1.00000000
vn 0.00000000 0.00000000 1.00000000
vn 0.00000000 0.00000000 1.00000000
vn 0.00000000 0.00000000 1.00000000
vn 0.00000000 0.00000000 1.00000000
vn 0.00000000 0.00000000 1.00000000
vn 0.00000000 0.00000000 1.00000000
vn 0.00000000 0.00000000 1.00000000
vn 0.00000000 0.00000000 1.00000000
vn 0.00000000 0.00000000 1.00000000
vn 0.00000000 0.00000000 1.00000000
vn 0.00000000 0.00000000 1.00000000
vn 0.00000000 0.00000000 1.00000000
vn 0.00000000 0.00000000 1.00000000
vn 0.00000000 0.00000000 1.00000000
vn 0.00000000 0.00000000 1.00000000
vn 0.00000000 0.00000000 1.00000000
vn 0.00000000 0.00000000 1.00000000
vn 0.00000000 0.00000000 1.00000000
vn 0.00000000 0.00000000 1.00000000
vn 0.00000000 0.00000000 1.00000000
vn 0.00000000 0.00000000 1.00000000
vn 0.00000000 0.00000000 1.00000000
vn 0.00000000 0.00000000 1.00000000
vn 0.00000000 0.00000000 1.00000000
vn 0.00000000 0.00000000 1.00000000
vn 0.00000000 0.00000000 1.00000000
vn 0.00000000 0.00000000 1.00000000
vn 0.00000000 0.00000000 1.00000000
vn 0.00000000 0.00000000 1.00000000
vn 0.00000000 0.00000000 1.00000000
vn 0.00000000 0.00000000 1.00000000
vn 0.00000000 0.00000000 1.00000000
vn 0.00000000 0.00000000 1.00000000
vn 0.00000000 0.00000000 1.00000000
vn 0.00000000 0.00000000 1.00000000
vn 0.00000000 0.00000000 1.00000000
vn 0.00000000 0.00000000 1.00000000
vn 0.00000000 0.00000000 1.00000000
vn 0.00000000 0.00000000 1.00000000
vn 0.00000000 0.00000000 1.00000000
vn 0.00000000 0.00000000 1.00000000
vn 0.00000000 0.00000000 1.00000000
vn 0.00000000 0.00000000 1.00000000
vn 0.00000000 0.00000000 1.00000000
vn 0.00000000 0.00000000 1.00000000
vn 0.00000000 0.00000000 1.00000000
vn 0.00000000 0.00000000 1.00000000
vn 0.00000000 0.00000000 1.00000000
vn 0.00000000 0.00000000 1.00000000
vn 0.00000000 0.00000000 1.00000000
vn 0.00000000 0.00000000 1.00000000
vn 0.00000000 0.00000000 1.00000000
vn 0.00000000 0.00000000 1.00000000
vn 0.00000000 0.00000000 1.00000000
vn 0.00000000 0.00000000 1.00000000
vn 0.00000000 0.00000000 1.00000000
vn 0.00000000 0.00000000 1.00000000
vn 0.00000000 0.00000000 1.00000000
vn 0.00000000 0.00000000 1.00000000
vn 0.00000000 0.00000000 1.00000000
vn 0.00000000 0.00000000 1.00000000
vn 0.00000000 0.00000000 1.00000000
vn 0.00000000 0.00000000 1.00000000
vn 0.00000000 0.00000000 1.00000000
vn 0.00000000 0.00000000 1.00000000
vn 0.00000000 0.00000000 1.00000000
vn 0.00000000 0.00000000 1.00000000
vn 0.00000000 0.00000000 1.00000000
vn 0.00000000 0.00000000 1.00000000
vn 0.00000000 0.00000000 1.00000000
vn 0.00000000 0.00000000 1.00000000
vn 0.00000000 0.00000000 1.00000000
vn 0.00000000 0.00000000 1.00000000
vn 0.00000000 0.00000000 1.00000000
vn 0.00000000 0.00000000 1.00000000
vn 0.00000000 0.00000000 1.00000000
vn 0.00000000 0.00000000 1.00000000
vn 0.00000000 0.00000000 1.00000000
vn 0.00000000 0.00000000 1.00000000
vn 0.00000000 0.00000000 1.00000000
vn 0.00000000 0.00000000 1.00000000
vn 0.00000000 0.00000000 1.00000000
vn 0.00000000 0.00000000 1.00000000
vn 0.00000000 0.00000000 1.00000000
vn 0.00000000 0.00000000 1.00000000
vn 0.00000000 0.00000000 1.00000000
vn 0.00000000 0.00000000 1.00000000
vn 0.00000000 0.00000000 1.00000000
vn 0.00000000 0.00000000 1.00000000
vn 0.00000000 0.00000000 1.00000000
vn 0.00000000 0.00000000 1.00000000
vn 0.00000000 0.00000000 1.00000000
vn 0.00000000 0.00000000 1.00000000
vn 0.00000000 0.00000000 1.00000000
vn 0.00000000 0.00000000 1.00000000
vn 0.00000000 0.00000000 1.00000000
vn 0.00000000 0.00000000 1.00000000
vn 0.00000000 0.00000000 1.00000000
vn 0.00000000 0.00000000 1.00000000
vn 0.00000000 0.00000000 1.00000000
vn 0.00000000 0.00000000 1.00000000
vn 0.00000000 0.00000000 1.00000000
vn 0.00000000 0.00000000 1.00000000
vn 0.00000000 0.00000000 1.00000000
vn 0.00000000 0.00000000 1.00000000
vn 0.00000000 0.00000000 1.00000000
vn 0.00000000 0.00000000 1.00000000
vn 0.00000000 0.00000000 1.00000000
vn 0.00000000 0.00000000 1.00000000
vn 0.00000000 0.00000000 1.00000000
vn 0.00000000 0.00000000 1.00000000
vn 0.00000000 0.00000000 1.00000000
vn 0.00000000 0.00000000 1.00000000
vn 0.00000000 0.00000000 1.00000000
vn 0.00000000 0.00000000 1.00000000
vn 0.00000000 0.00000000 1.00000000
vn 0.00000000 0.00000000 1.00000000
vn 0.00000000 0.00000000 1.00000000
vn 0.00000000 0.00000000 1.00000000
vn 0.00000000 0.00000000 1.00000000
vn 0.00000000 0.00000000 1.00000000
vn 0.00000000 0.00000000 1.00000000
vn 0.00000000 0.00000000 1.00000000
vn 0.00000000 0.00000000 1.00000000
vn 0.00000000 0.00000000 1.00000000
vn 0.00000000 0.00000000 1.00000000
vn 0.00000000 0.00000000 1.00000000
vn 0.00000000 0.00000000 1.00000000
vn 0.00000000 0.00000000 1.00000000
vn 0.00000000 0.00000000 1.00000000
vn 0.00000000 0.00000000 1.00000000
vn 0.00000000 0.00000000 1.00000000
vn 0.00000000 0.00000000 1.00000000
vn 0.00000000 0.00000000 1.00000000
vn 0.00000000 0.00000000 1.00000000
vn 0.00000000 0.00000000 1.00000000
vn 0.00000000 0.00000000 1.00000000
vn 0.00000000 0.00000000 1.00000000
vn 0.00000000 0.00000000 1.00000000
vn 0.00000000 0.00000000 1.00000000
vn 0.00000000 0.00000000 1.00000000
vn 0.00000000 0.00000000 1.00000000
vn 0.00000000 0.00000000 1.00000000
vn 0.00000000 0.00000000 1.00000000
vn 0.00000000 0.00000000 1.00000000
vn 0.00000000 0.00000000 1.00000000
vn 0.00000000 0.00000000 -1.00000000
vn 0.00000000 0.00000000 -1.00000000
vn 0.00000000 0.00000000 -1.00000000
vn 0.00000000 0.00000000 -1.00000000
vn 0.00000000 0.00000000 -1.00000000
vn 0.00000000 0.00000000 -1.00000000
vn 0.00000000 0.00000000 -1.00000000
vn 0.00000000 0.00000000 -1.00000000
vn 0.00000000 0.00000000 -1.00000000
vn 0.00000000 0.00000000 -1.00000000
vn 0.00000000 0.00000000 -1.00000000
vn 0.00000000 0.00000000 -1.00000000
vn 0.00000000 0.00000000 -1.00000000
vn 0.00000000 0.00000000 -1.00000000
vn 0.00000000 0.00000000 -1.00000000
vn 0.00000000 0.00000000 -1.00000000
vn 0.00000000 0.00000000 -1.00000000
vn 0.00000000 0.00000000 -1.00000000
vn 0.00000000 0.00000000 -1.00000000
vn 0.00000000 0.00000000 -1.00000000
vn 0.00000000 0.00000000 -1.00000000
vn 0.00000000 0.00000000 -1.00000000
vn 0.00000000 0.00000000 -1.00000000
vn 0.00000000 0.00000000 -1.00000000
vn 0.00000000 0.00000000 -1.00000000
vn 0.00000000 0.00000000 -1.00000000
vn 0.00000000 0.00000000 -1.00000000
vn 0.00000000 0.00000000 -1.00000000
vn 0.00000000 0.00000000 -1.00000000
vn 0.00000000 0.00000000 -1.00000000
vn 0.00000000 0.00000000 -1.00000000
vn 0.00000000 0.00000000 -1.00000000
vn 0.00000000 0.00000000 -1.00000000
vn 0.00000000 0.00000000 -1.00000000
vn 0.00000000 0.00000000 -1.00000000
vn 0.00000000 0.00000000 -1.00000000
vn 0.00000000 0.00000000 -1.00000000
vn 0.00000000 0.00000000 -1.00000000
vn 0.00000000 0.00000000 -1.00000000
vn 0.00000000 0.00000000 -1.00000000
vn 0.00000000 0.00000000 -1.00000000
vn 0.00000000 0.00000000 -1.00000000
vn 0.00000000 0.00000000 -1.00000000
vn 0.00000000 0.00000000 -1.00000000
vn 0.00000000 0.00000000 -1.00000000
vn 0.00000000 0.00000000 -1.00000000
vn 0.00000000 0.00000000 -1.00000000
vn 0.00000000 0.00000000 -1.00000000
vn 0.00000000 0.00000000 -1.00000000
vn 0.00000000 0.00000000 -1.00000000
vn 0.00000000 0.00000000 -1.00000000
vn 0.00000000 0.00000000 -1.00000000
vn 0.00000000 0.00000000 -1.00000000
vn 0.00000000 0.00000000 -1.00000000
vn 0.00000000 0.00000000 -1.00000000
vn 0.00000000 0.00000000 -1.00000000
vn 0.00000000 0.00000000 -1.00000000
vn 0.00000000 0.00000000 -1.00000000
vn 0.00000000 0.00000000 -1.00000000
vn 0.00000000 0.00000000 -1.00000000
vn 0.00000000 0.00000000 -1.00000000
vn 0.00000000 0.00000000 -1.00000000
vn 0.00000000 0.00000000 -1.00000000
vn 0.00000000 0.00000000 -1.00000000
vn 0.00000000 0.00000000 -1.00000000
vn 0.00000000 0.00000000 -1.00000000
vn 0.00000000 0.00000000 -1.00000000
vn 0.00000000 0.00000000 -1.00000000
vn 0.00000000 0.00000000 -1.00000000
vn 0.00000000 0.00000000 -1.00000000
vn 0.00000000 0.00000000 -1.00000000
vn 0.00000000 0.00000000 -1.00000000
vn 0.00000000 0.00000000 -1.00000000
vn 0.00000000 0.00000000 -1.00000000
vn 0.00000000 0.00000000 -1.00000000
vn 0.00000000 0.00000000 -1.00000000
vn 0.00000000 0.00000000 -1.00000000
vn 0.00000000 0.00000000 -1.00000000
vn 0.00000000 0.00000000 -1.00000000
vn 0.00000000 0.00000000 -1.00000000
vn 0.00000000 0.00000000 -1.00000000
vn 0.00000000 0.00000000 -1.00000000
vn 0.00000000 0.00000000 -1.00000000
vn 0.00000000 0.00000000 -1.00000000
vn 0.00000000 0.00000000 -1.00000000
vn 0.00000000 0.00000000 -1.00000000
vn 0.00000000 0.00000000 -1.00000000
vn 0.00000000 0.00000000 -1.00000000
vn 0.00000000 0.00000000 -1.00000000
vn 0.00000000 0.00000000 -1.00000000
vn 0.00000000 0.00000000 -1.00000000
vn 0.00000000 0.00000000 -1.00000000
vn 0.00000000 0.00000000 -1.00000000
vn 0.00000000 0.00000000 -1.00000000
vn 0.00000000 0.00000000 -1.00000000
vn 0.00000000 0.00000000 -1.00000000
vn 0.00000000 0.00000000 -1.00000000
vn 0.00000000 0.00000000 -1.00000000
vn 0.00000000 0.00000000 -1.00000000
vn 0.00000000 0.00000000 -1.00000000
vn 0.00000000 0.00000000 -1.00000000
vn 0.00000000 0.00000000 -1.00000000
vn 0.00000000 0.00000000 -1.00000000
vn 0.00000000 0.00000000 -1.00000000
vn 0.00000000 0.00000000 -1.00000000
vn 0.00000000 0.00000000 -1.00000000
vn 0.00000000 0.00000000 -1.00000000
vn 0.00000000 0.00000000 -1.00000000
vn 0.00000000 0.00000000 -1.00000000
vn 0.00000000 0.00000000 -1.00000000
vn 0.00000000 0.00000000 -1.00000000
vn 0.00000000 0.00000000 -1.00000000
vn 0.00000000 0.00000000 -1.00000000
vn 0.00000000 0.00000000 -1.00000000
vn 0.00000000 0.00000000 -1.00000000
vn 0.00000000 0.00000000 -1.00000000
vn 0.00000000 0.00000000 -1.00000000
vn 0.00000000 0.00000000 -1.00000000
vn 0.00000000 0.00000000 -1.00000000
vn 0.00000000 0.00000000 -1.00000000
vn 0.00000000 0.00000000 -1.00000000
vn 0.00000000 0.00000000 -1.00000000
vn 0.00000000 0.00000000 -1.00000000
vn 0.00000000 0.00000000 -1.00000000
vn 0.00000000 0.00000000 -1.00000000
vn 0.00000000 0.00000000 -1.00000000
vn 0.00000000 0.00000000 -1.00000000
vn 0.00000000 0.00000000 -1.00000000
vn 0.00000000 0.00000000 -1.00000000
vn 0.00000000 0.00000000 -1.00000000
vn 0.00000000 0.00000000 -1.00000000
vn 0.00000000 0.00000000 -1.00000000
vn 0.00000000 0.00000000 -1.00000000
vn 0.00000000 0.00000000 -1.00000000
vn 0.00000000 0.00000000 -1.00000000
vn 0.00000000 0.00000000 -1.00000000
vn 0.00000000 0.00000000 -1.00000000
vn 0.00000000 0.00000000 -1.00000000
vn 0.00000000 0.00000000 -1.00000000
vn 0.00000000 0.00000000 -1.00000000
vn 0.00000000 0.00000000 -1.00000000
vn 0.00000000 0.00000000 -1.00000000
vn 0.00000000 0.00000000 -1.00000000
vn 0.00000000 0.00000000 -1.00000000
vn 0.00000000 0.00000000 -1.00000000
vn 0.00000000 0.00000000 -1.00000000
vn 0.00000000 0.00000000 -1.00000000
vn 0.00000000 0.00000000 -1.00000000
vn 0.00000000 0.00000000 -1.00000000
vn 0.00000000 0.00000000 -1.00000000
vn 0.00000000 0.00000000 -1.00000000
vn 0.00000000 0.00000000 -1.00000000
vn 0.00000000 0.00000000 -1.00000000
vn 0.00000000 0.00000000 -1.00000000
vn 0.00000000 0.00000000 -1.00000000
vn 0.00000000 0.00000000 -1.00000000
vn 0.00000000 0.00000000 -1.00000000
vn 0.00000000 0.00000000 -1.00000000
vn 0.00000000 0.00000000 -1.00000000
vn 0.00000000 0.00000000 -1.00000000
vn 0.00000000 0.00000000 -1.00000000
vn 0.00000000 0.00000000 -1.00000000
vn 0.00000000 0.00000000 -1.00000000
vn 0.00000000 0.00000000 -1.00000000
vn 0.00000000 0.00000000 -1.00000000
vn 0.00000000 0.00000000 -1.00000000
vn 0.00000000 0.00000000 -1.00000000
vn 0.00000000 0.00000000 -1.00000000
vn 0.00000000 0.00000000 -1.00000000
vn 0.00000000 0.00000000 -1.00000000
vn 0.00000000 0.00000000 -1.00000000
vn 0.00000000 0.00000000 -1.00000000
vn 0.00000000 0.00000000 -1.00000000
vn 0.00000000 0.00000000 -1.00000000
vn 0.00000000 0.00000000 -1.00000000
vn 0.00000000 0.00000000 -1.00000000
vn 0.00000000 0.00000000 -1.00000000
vn 0.00000000 0.00000000 -1.00000000
vn 0.00000000 0.00000000 -1.00000000
vn 0.00000000 0.00000000 -1.00000000
vn 0.00000000 0.00000000 -1.00000000
vn 0.00000000 0.00000000 -1.00000000
vn 0.00000000 0.00000000 -1.00000000
vn 0.00000000 0.00000000 -1.00000000
vn 0.00000000 0.00000000 -1.00000000
vn 0.00000000 0.00000000 -1.00000000
vn 0.00000000 0.00000000 -1.00000000
vn 0.00000000 0.00000000 -1.00000000
vn 0.00000000 0.00000000 -1.00000000
vn 0.00000000 0.00000000 -1.00000000
vn 0.00000000 0.00000000 -1.00000000
vn 0.00000000 0.00000000 -1.00000000
vn 0.00000000 0.00000000 -1.00000000
vn 0.00000000 0.00000000 -1.00000000
vn 0.00000000 0.00000000 -1.00000000
vn 0.00000000 0.00000000 -1.00000000
vn 0.00000000 0.00000000 -1.00000000
vn 0.00000000 0.00000000 -1.00000000
vn 0.00000000 0.00000000 -1.00000000
vn 0.00000000 0.00000000 -1.00000000
vn 0.00000000 0.00000000 -1.00000000
vn 0.00000000 0.00000000 -1.00000000
vn 0.00000000 0.00000000 -1.00000000
vn 0.00000000 0.00000000 -1.00000000
vn 0.00000000 0.00000000 -1.00000000
vn 0.00000000 0.00000000 -1.00000000
vn 0.00000000 0.00000000 -1.00000000
vn 0.00000000 0.00000000 -1.00000000
vn 0.00000000 0.00000000 -1.00000000
vn 0.00000000 0.00000000 -1.00000000
vn 0.00000000 0.00000000 -1.00000000
vn 0.00000000 0.00000000 -1.00000000
vn 0.00000000 0.00000000 -1.00000000
vn 0.00000000 0.00000000 -1.00000000
vn 0.00000000 0.00000000 -1.00000000
vn 0.00000000 0.00000000 -1.00000000
vn 0.00000000 0.00000000 -1.00000000
vn 0.00000000 0.00000000 -1.00000000
vn 0.00000000 0.00000000 -1.00000000
vn 0.00000000 0.00000000 -1.00000000
vn 0.00000000 0.00000000 -1.00000000
vn 0.00000000 0.00000000 -1.00000000
vn 0.00000000 0.00000000 -1.00000000
vn 0.00000000 0.00000000 -1.00000000
vn 0.00000000 0.00000000 -1.00000000
vn 0.00000000 0.00000000 -1.00000000
vn 0.00000000 0.00000000 -1.00000000
vn 0.00000000 0.00000000 -1.00000000
vn 0.00000000 0.00000000 -1.00000000
vn 0.00000000 0.00000000 -1.00000000
vn 0.00000000 0.00000000 -1.00000000
vn 0.00000000 -0.00010000 -1.00000000
vn 0.00000000 -0.00010000 -1.00000000
vn 0.00000000 -0.00010000 -1.00000000
vn 0.00000000 0.00000000 -1.00000000
vn 0.00000000 0.00000000 -1.00000000
vn 0.00000000 0.00000000 -1.00000000
vn 0.00000000 0.00000000 -1.00000000
vn 0.00000000 0.00000000 -1.00000000
vn 0.00000000 0.00000000 -1.00000000
vn 0.00000000 0.00000000 -1.00000000
vn 0.00000000 0.00000000 -1.00000000
vn 0.00000000 0.00000000 -1.00000000
vn 0.00000000 0.00000000 -1.00000000
vn 0.00000000 0.00000000 -1.00000000
vn 0.00000000 0.00000000 -1.00000000
vn 0.00000000 0.00000000 -1.00000000
vn 0.00000000 0.00000000 -1.00000000
vn 0.00000000 0.00000000 -1.00000000
vn 0.00000000 0.00000000 -1.00000000
vn 0.00000000 0.00000000 -1.00000000
vn 0.00000000 0.00000000 -1.00000000
vn 0.00000000 0.00000000 -1.00000000
vn 0.00000000 0.00000000 -1.00000000
vn 0.00000000 0.00000000 -1.00000000
vn 0.00000000 0.00000000 -1.00000000
vn 0.00000000 0.00000000 -1.00000000
vn 0.00000000 0.00000000 -1.00000000
vn 0.00000000 0.00000000 -1.00000000
vn 0.00000000 0.00000000 -1.00000000
vn 0.00000000 0.00000000 -1.00000000
vn 0.00000000 0.00000000 -1.00000000
vn 0.00000000 0.00000000 -1.00000000
vn 0.00000000 0.00000000 -1.00000000
vn 0.00000000 0.00000000 -1.00000000
vn 0.00000000 0.00000000 -1.00000000
vn 0.00000000 0.00000000 -1.00000000
vn 0.00000000 0.00000000 -1.00000000
vn 0.00000000 0.00000000 -1.00000000
vn 0.00000000 0.00000000 -1.00000000
vn 0.00000000 0.00000000 -1.00000000
vn 0.00000000 0.00000000 -1.00000000
vn 0.00000000 0.00000000 -1.00000000
vn 0.00000000 0.00000000 -1.00000000
vn 0.00000000 0.00000000 -1.00000000
vn 0.00000000 0.00000000 -1.00000000
vn 0.00000000 0.00000000 -1.00000000
vn 0.00000000 0.00000000 -1.00000000
vn 0.00000000 0.00000000 -1.00000000
vn 0.00000000 0.00000000 -1.00000000
vn 0.00000000 0.00000000 -1.00000000
vn 0.00000000 0.00000000 -1.00000000
vn 0.00000000 0.00000000 -1.00000000
vn 0.00000000 0.00000000 -1.00000000
vn 0.00000000 0.00000000 -1.00000000
vn 0.00000000 0.00000000 -1.00000000
vn 0.00000000 0.00000000 -1.00000000
vn 0.00000000 0.00000000 -1.00000000
vn 0.00010000 -0.00010000 -0.99999999
vn 0.00010000 -0.00010000 -0.99999999
vn 0.00010000 -0.00010000 -0.99999999
vn 0.00010000 -0.00010000 -0.99999999
vn 0.00010000 -0.00010000 -0.99999999
vn 0.00010000 -0.00010000 -0.99999999
vn 0.00000000 0.00000000 -1.00000000
vn 0.00000000 0.00000000 -1.00000000
vn 0.00000000 0.00000000 -1.00000000
vn 0.00000000 0.00000000 -1.00000000
vn 0.00000000 0.00000000 -1.00000000
vn 0.00000000 0.00000000 -1.00000000
vn 0.00000000 0.00000000 -1.00000000
vn 0.00000000 0.00000000 -1.00000000
vn 0.00000000 0.00000000 -1.00000000
vn 0.00000000 0.00000000 -1.00000000
vn 0.00000000 0.00000000 -1.00000000
vn 0.00000000 0.00000000 -1.00000000
vn 0.00000000 0.00000000 -1.00000000
vn 0.00000000 0.00000000 -1.00000000
vn 0.00000000 0.00000000 -1.00000000
vn 0.00000000 0.00000000 -1.00000000
vn 0.00000000 0.00000000 -1.00000000
vn 0.00000000 0.00000000 -1.00000000
vn 0.00000000 0.00000000 -1.00000000
vn 0.00000000 0.00000000 -1.00000000
vn 0.00000000 0.00000000 -1.00000000
vn 0.00000000 0.00000000 -1.00000000
vn 0.00000000 0.00000000 -1.00000000
vn 0.00000000 0.00000000 -1.00000000
vn 0.00000000 0.00000000 -1.00000000
vn 0.00000000 0.00000000 -1.00000000
vn 0.00000000 0.00000000 -1.00000000
vn 0.00000000 0.00000000 -1.00000000
vn 0.00000000 0.00000000 -1.00000000
vn 0.00000000 0.00000000 -1.00000000
vn 0.00000000 0.00000000 -1.00000000
vn 0.00000000 0.00000000 -1.00000000
vn 0.00000000 0.00000000 -1.00000000
vn 0.00000000 0.00000000 -1.00000000
vn 0.00000000 0.00000000 -1.00000000
vn 0.00000000 0.00000000 -1.00000000
vn 0.00000000 0.00000000 -1.00000000
vn 0.00000000 0.00000000 -1.00000000
vn 0.00000000 0.00000000 -1.00000000
vn 0.00000000 0.00000000 -1.00000000
vn 0.00000000 0.00000000 -1.00000000
vn 0.00000000 0.00000000 -1.00000000
vn 0.00000000 0.00000000 -1.00000000
vn 0.00000000 0.00000000 -1.00000000
vn 0.00000000 0.00000000 -1.00000000
vn 0.00000000 0.00010000 -1.00000000
vn 0.00000000 0.00010000 -1.00000000
vn 0.00000000 0.00010000 -1.00000000
vn 0.00000000 0.00010000 -1.00000000
vn 0.00000000 0.00010000 -1.00000000
vn 0.00000000 0.00010000 -1.00000000
vn 0.00000000 0.00000000 -1.00000000
vn 0.00000000 0.00000000 -1.00000000
vn 0.00000000 0.00000000 -1.00000000
vn 0.00000000 0.00000000 -1.00000000
vn 0.00000000 0.00000000 -1.00000000
vn 0.00000000 0.00000000 -1.00000000
vn 0.00000000 0.00000000 -1.00000000
vn 0.00000000 0.00000000 -1.00000000
vn 0.00000000 0.00000000 -1.00000000
vn 0.00000000 0.00000000 -1.00000000
vn 0.00000000 0.00000000 -1.00000000
vn 0.00000000 0.00000000 -1.00000000
vn 0.00000000 0.00000000 -1.00000000
vn 0.00000000 0.00000000 -1.00000000
vn 0.00000000 0.00000000 -1.00000000
vn 0.00000000 0.00000000 -1.00000000
vn 0.00000000 0.00000000 -1.00000000
vn 0.00000000 0.00000000 -1.00000000
vn 0.00000000 0.00000000 -1.00000000
vn 0.00000000 0.00000000 -1.00000000
vn 0.00000000 0.00000000 -1.00000000
vn 0.00000000 0.00000000 -1.00000000
vn 0.00000000 0.00000000 -1.00000000
vn 0.00000000 0.00000000 -1.00000000
vn 0.00000000 0.00000000 -1.00000000
vn 0.00000000 0.00000000 -1.00000000
vn 0.00000000 0.00000000 -1.00000000
vn 0.00000000 0.00000000 -1.00000000
vn 0.00000000 0.00000000 -1.00000000
vn 0.00000000 0.00000000 -1.00000000
vn 0.00000000 0.00000000 -1.00000000
vn 0.00000000 0.00000000 -1.00000000
vn 0.00000000 0.00000000 -1.00000000
vn 0.00000000 0.00000000 -1.00000000
vn 0.00000000 0.00000000 -1.00000000
vn 0.00000000 0.00000000 -1.00000000
vn 0.00000000 0.00000000 -1.00000000
vn 0.00000000 0.00000000 -1.00000000
vn 0.00000000 0.00000000 -1.00000000
vn 1.00000000 0.00000000 0.00000000
vn 0.50001100 0.86601905 0.00000000
vn 0.48988122 0.87156659 -0.01969924
vn 0.48992392 0.87154255 -0.01970096
vn 0.99919555 -0.00050000 -0.04009982
vn 1.00000000 0.00000000 0.00000000
vn 0.50001100 0.86601905 0.00000000
vn -0.50001100 0.86601905 0.00000000
vn -0.51021997 0.85973364 0.02310090
vn -0.51021997 0.85973364 0.02310090
vn -0.50001100 0.86601905 0.00000000
vn -1.00000000 0.00000000 0.00000000
vn -0.99904022 0.00020001 0.04380176
vn -0.99904020 0.00030001 0.04380176
vn -1.00000000 0.00000000 0.00000000
vn -0.50001100 -0.86601905 0.00000000
vn -0.50991612 -0.85992718 0.02260071
vn -0.50999011 -0.85988333 0.02259956
vn 0.50001100 -0.86601905 0.00000000
vn 0.49027532 -0.87135613 -0.01919903
vn 0.50001100 -0.86601905 0.00000000
vn 1.00000000 0.00000000 0.00000000
vn 0.99919154 -0.00050000 -0.04019966
vn 0.99919154 -0.00050000 -0.04019966
vn 0.99919555 -0.00050000 -0.04009982
vn 0.48992392 0.87154255 -0.01970096
vn 0.45448246 0.88496584 -0.10139609
vn 0.45440311 0.88500605 -0.10140069
vn 0.97761312 -0.00180002 -0.21040282
vn 0.99919555 -0.00050000 -0.04009982
vn 0.48988122 0.87156659 -0.01969924
vn -0.51021997 0.85973364 0.02310090
vn -0.51900411 0.84610670 0.12140096
vn -0.51907717 0.84606278 0.12139466
vn -0.51021997 0.85973364 0.02310090
vn -0.99904020 0.00030001 0.04380176
vn -0.97295582 0.00089996 0.23098951
vn -0.97295582 0.00089996 0.23098951
vn -0.99904457 0.00030001 0.04370195
vn -0.50999011 -0.85988333 0.02259956
vn -0.51832312 -0.84663776 0.12060538
vn -0.51839625 -0.84659387 0.12059913
vn -0.50999011 -0.85988333 0.02259956
vn 0.49027532 -0.87135613 -0.01919903
vn 0.45601677 -0.88423252 -0.10090371
vn 0.45601677 -0.88423252 -0.10090371
vn 0.49031804 -0.87133206 -0.01920071
vn 0.99919555 -0.00050000 -0.04009982
vn 0.97761312 -0.00180002 -0.21040282
vn 0.97761312 -0.00180002 -0.21040282
vn 0.97761294 -0.00190003 -0.21040278
vn 0.45448706 0.88497481 -0.10129712
vn 0.40791818 0.88543946 -0.22270993
vn 0.40791818 0.88543946 -0.22270993
vn 0.88546963 -0.00349988 -0.46468406
vn 0.97761294 -0.00190003 -0.21040278
vn 0.45440311 0.88500605 -0.10140069
vn -0.51907717 0.84606278 0.12139466
vn -0.46540461 0.84480836 0.26400261
vn -0.46540461 0.84480836 0.26400261
vn -0.51900411 0.84610670 0.12140096
vn -0.97295582 0.00089996 0.23098951
vn -0.86487438 0.00179995 0.50198513
vn -0.86487438 0.00179995 0.50198513
vn -0.97295582 0.00089996 0.23098951
vn -0.51839625 -0.84659387 0.12059913
vn -0.46439913 -0.84579841 0.26259951
vn -0.46430849 -0.84581547 0.26270480
vn -0.51839625 -0.84659387 0.12059913
vn 0.45601677 -0.88423252 -0.10090371
vn 0.41091310 -0.88392817 -0.22320711
vn 0.41091310 -0.88392817 -0.22320711
vn 0.45601677 -0.88423252 -0.10090371
vn 0.97761312 -0.00180002 -0.21040282
vn 0.88544804 -0.00350019 -0.46472521
vn 0.88540688 -0.00350003 -0.46480361
vn 0.88544804 -0.00350019 -0.46472521
vn 0.40790909 0.88541974 -0.22280497
vn 0.32851153 0.88523108 -0.32931156
vn 0.32842232 0.88526016 -0.32932238
vn 0.71959073 -0.00319996 -0.69439106
vn 0.88546963 -0.00349988 -0.46468406
vn 0.40790909 0.88541974 -0.22280497
vn -0.46540461 0.84480836 0.26400261
vn -0.37438182 0.84525895 0.38128148
vn -0.37438182 0.84525895 0.38128148
vn -0.46540461 0.84480836 0.26400261
vn -0.86487438 0.00179995 0.50198513
vn -0.68882479 0.00160006 0.72492609
vn -0.68877486 0.00159994 0.72497354
vn -0.86487438 0.00179995 0.50198513
vn -0.46439913 -0.84579841 0.26259951
vn -0.37238763 -0.84627188 0.38098734
vn -0.37241914 -0.84624350 0.38101958
vn -0.46439913 -0.84579841 0.26259951
vn 0.41091310 -0.88392817 -0.22320711
vn 0.32919501 -0.88408659 -0.33169497
vn 0.32910584 -0.88411569 -0.33170589
vn 0.41091310 -0.88392817 -0.22320711
vn 0.88546963 -0.00349988 -0.46468406
vn 0.71959073 -0.00319996 -0.69439106
vn 0.71959073 -0.00319996 -0.69439106
vn 0.71959073 -0.00319996 -0.69439106
vn 0.32851153 0.88523108 -0.32931156
vn 0.22149792 0.88589166 -0.40759616
vn 0.22149792 0.88589166 -0.40759616
vn 0.48328068 -0.00089996 -0.87546500
vn 0.71959073 -0.00319996 -0.69439106
vn 0.32839325 0.88528179 -0.32929323
vn -0.37441346 0.84523039 0.38131371
vn -0.25149292 0.84597619 0.47018677
vn -0.25149292 0.84597619 0.47018677
vn -0.37441346 0.84523039 0.38131371
vn -0.68882479 0.00160006 0.72492609
vn -0.46599366 0.00039999 0.88478797
vn -0.46591535 0.00050002 0.88482916
vn -0.68882490 0.00150005 0.72492621
vn -0.37238763 -0.84627188 0.38098734
vn -0.25050401 -0.84631356 0.47010753
vn -0.25050401 -0.84631356 0.47010753
vn -0.37238763 -0.84627188 0.38098734
vn 0.32919501 -0.88408659 -0.33169497
vn 0.22099993 -0.88559973 -0.40849988
vn 0.22109505 -0.88558015 -0.40849085
vn 0.32919501 -0.88408659 -0.33169497
vn 0.71959073 -0.00319996 -0.69439106
vn 0.48328068 -0.00089996 -0.87546500
vn 0.48328072 -0.00079997 -0.87546508
vn 0.22149792 0.88589166 -0.40759616
vn 0.12609570 0.87677008 -0.46408416
vn 0.26760776 0.00000000 -0.96352794
vn 0.26760776 0.00000000 -0.96352794
vn 0.48328068 -0.00089996 -0.87546500
vn 0.22149792 0.88589166 -0.40759616
vn -0.25150475 0.84601596 0.47010887
vn -0.13609629 0.85427668 0.50168631
vn 0.12609570 0.87677008 -0.46408416
vn -0.25158659 0.84595491 0.47017494
vn -0.46591537 0.00040001 0.88482920
vn -0.25709622 0.00000000 0.96638581
vn -0.13609629 0.85427668 0.50168631
vn -0.46599364 0.00049999 0.88478793
vn -0.46591535 0.00050002 0.88482916
vn -0.25050401 -0.84631356 0.47010753
vn -0.13609629 -0.85427668 0.50168631
vn -0.13599814 -0.85428830 0.50169313
vn -0.25050401 -0.84631356 0.47010753
vn 0.22109505 -0.88558015 -0.40849085
vn 0.12600834 -0.87675800 -0.46413070
vn 0.12610675 -0.87674695 -0.46412485
vn 0.22099993 -0.88559973 -0.40849988
vn 0.48328072 -0.00079997 -0.87546508
vn 0.26760776 0.00000000 -0.96352794
vn 0.26760776 0.00000000 -0.96352794
vn 0.12069868 -0.00010000 -0.99268918
vn 0.05780016 0.87470246 -0.48120135
vn 0.00000000 0.87385996 -0.48617772
vn 0.00000000 0.87385996 -0.48617772
vn 0.00000000 -0.00010000 -1.00000000
vn 0.12069868 -0.00010000 -0.99268918
vn 0.05780016 0.87470246 -0.48120135
vn -0.06179880 0.85718338 0.51129009
vn 0.00000000 0.85827720 0.51318637
vn 0.00000000 0.85827720 0.51318637
vn -0.06180196 0.85722721 0.51121623
vn -0.11860496 0.00000000 0.99294152
vn 0.00000000 0.00010000 1.00000000
vn 0.00000000 0.00010000 1.00000000
vn -0.11860496 0.00000000 0.99294152
vn -0.06180196 -0.85722721 0.51121623
vn 0.00000000 -0.85832124 0.51311270
vn 0.00000000 -0.85832124 0.51311270
vn -0.06180196 -0.85722721 0.51121623
vn 0.05780016 -0.87470246 -0.48120135
vn 0.00000000 -0.87383632 -0.48622021
vn 0.00000000 -0.87383632 -0.48622021
vn 0.05789983 -0.87469740 -0.48119857
vn 0.12069868 -0.00010000 -0.99268918
vn 0.00000000 -0.00010000 -1.00000000
vn 0.00000000 -0.00010000 -1.00000000
vn 0.12609570 0.87677008 -0.46408416
vn 0.05780016 0.87470246 -0.48120135
vn 0.12060014 0.00000000 -0.99270117
vn 0.12069868 -0.00010000 -0.99268918
vn 0.26760776 0.00000000 -0.96352794
vn 0.12609570 0.87677008 -0.46408416
vn -0.13609629 0.85427668 0.50168631
vn -0.06180196 0.85722721 0.51121623
vn 0.05770050 0.87470751 -0.48120413
vn -0.13609629 0.85427668 0.50168631
vn -0.25709622 0.00000000 0.96638581
vn -0.11860496 0.00000000 0.99294152
vn -0.06169918 0.85718868 0.51129325
vn -0.25709622 0.00000000 0.96638581
vn -0.06180196 -0.85722721 0.51121623
vn -0.25709622 0.00000000 0.96638581
vn -0.13609629 -0.85427668 0.50168631
vn -0.06180196 -0.85722721 0.51121623
vn 0.05780016 -0.87470246 -0.48120135
vn -0.13609629 -0.85427668 0.50168631
vn 0.12599729 -0.87678113 -0.46409001
vn 0.05780016 -0.87470246 -0.48120135
vn 0.12060014 -0.00010000 -0.99270116
vn 0.12609570 -0.87677008 -0.46408416
vn 0.26760776 0.00000000 -0.96352794
vn 0.12069868 -0.00010000 -0.99268918
vn -1.00000000 0.00000000 0.00000000
vn -0.99919555 -0.00050000 -0.04009982
vn -0.48992392 0.87154255 -0.01970096
vn -0.48988122 0.87156659 -0.01969924
vn -0.50001099 0.86601904 -0.00020000
vn -1.00000000 0.00000000 0.00000000
vn 0.51021997 0.85973364 0.02310090
vn 0.51021997 0.85973364 0.02310090
vn 0.50001100 0.86601905 0.00000000
vn -0.50001100 0.86601905 0.00000000
vn 0.99904020 0.00030001 0.04380176
vn 0.99904020 0.00030001 0.04380176
vn 1.00000000 0.00000000 0.00000000
vn 0.50001100 0.86601905 0.00000000
vn 0.50999011 -0.85988333 0.02259956
vn 0.50991612 -0.85992718 0.02260071
vn 0.50001100 -0.86601905 0.00000000
vn 1.00000000 0.00000000 0.00000000
vn -0.49027626 -0.87135780 -0.01909908
vn -0.49031804 -0.87133206 -0.01920071
vn -0.50001099 -0.86601904 -0.00020000
vn 0.50001100 -0.86601905 0.00000000
vn -0.99919154 -0.00050000 -0.04019966
vn -0.99919154 -0.00050000 -0.04019966
vn -1.00000000 0.00000000 0.00000000
vn -0.50001100 -0.86601905 0.00000000
vn -0.99919555 -0.00050000 -0.04009982
vn -0.97761294 -0.00190003 -0.21040278
vn -0.45440311 0.88500605 -0.10140069
vn -0.45448706 0.88497481 -0.10129712
vn -0.48992392 0.87154255 -0.01970096
vn -0.99919555 -0.00050000 -0.04009982
vn 0.51900411 0.84610670 0.12140096
vn 0.51900411 0.84610670 0.12140096
vn 0.51021997 0.85973364 0.02310090
vn -0.48988122 0.87156659 -0.01969924
vn 0.97295582 0.00089996 0.23098951
vn 0.97295582 0.00089996 0.23098951
vn 0.99904020 0.00030001 0.04380176
vn 0.51021997 0.85973364 0.02310090
vn 0.51839625 -0.84659387 0.12059913
vn 0.51832312 -0.84663776 0.12060538
vn 0.50999011 -0.85988333 0.02259956
vn 0.99904457 0.00030001 0.04370195
vn -0.45601677 -0.88423252 -0.10090371
vn -0.45602137 -0.88424144 -0.10080472
vn -0.49027532 -0.87135613 -0.01919903
vn 0.50999011 -0.85988333 0.02259956
vn -0.97761312 -0.00180002 -0.21040282
vn -0.97761312 -0.00180002 -0.21040282
vn -0.99919555 -0.00050000 -0.04009982
vn -0.49027532 -0.87135613 -0.01919903
vn -0.97761294 -0.00190003 -0.21040278
vn -0.88544804 -0.00350019 -0.46472521
vn -0.40791818 0.88543946 -0.22270993
vn -0.40791818 0.88543946 -0.22270993
vn -0.45448706 0.88497481 -0.10129712
vn -0.97759237 -0.00189999 -0.21049836
vn 0.46540461 0.84480836 0.26400261
vn 0.46540461 0.84480836 0.26400261
vn 0.51907717 0.84606278 0.12139466
vn -0.45440311 0.88500605 -0.10140069
vn 0.86487438 0.00179995 0.50198513
vn 0.86487438 0.00179995 0.50198513
vn 0.97295582 0.00089996 0.23098951
vn 0.51900411 0.84610670 0.12140096
vn 0.46438693 -0.84577620 0.26269261
vn 0.46439913 -0.84579841 0.26259951
vn 0.51839625 -0.84659387 0.12059913
vn 0.97297829 0.00089998 0.23089485
vn -0.41091310 -0.88392817 -0.22320711
vn -0.41091310 -0.88392817 -0.22320711
vn -0.45601677 -0.88423252 -0.10090371
vn 0.51839625 -0.84659387 0.12059913
vn -0.88544804 -0.00350019 -0.46472521
vn -0.88544804 -0.00350019 -0.46472521
vn -0.97761312 -0.00180002 -0.21040282
vn -0.45601677 -0.88423252 -0.10090371
vn -0.88546963 -0.00349988 -0.46468406
vn -0.71959073 -0.00319996 -0.69439106
vn -0.32842232 0.88526016 -0.32932238
vn -0.32851153 0.88523108 -0.32931156
vn -0.40791818 0.88543946 -0.22270993
vn -0.88544804 -0.00350019 -0.46472521
vn 0.37438182 0.84525895 0.38128148
vn 0.37438182 0.84525895 0.38128148
vn 0.46540461 0.84480836 0.26400261
vn -0.40790909 0.88541974 -0.22280497
vn 0.68877486 0.00159994 0.72497354
vn 0.68877497 0.00149995 0.72497365
vn 0.86487438 0.00179995 0.50198513
vn 0.46540461 0.84480836 0.26400261
vn 0.37241914 -0.84624350 0.38101958
vn 0.37238763 -0.84627188 0.38098734
vn 0.46439913 -0.84579841 0.26259951
vn 0.86487422 0.00189994 0.50198504
vn -0.32910584 -0.88411569 -0.33170589
vn -0.32919501 -0.88408659 -0.33169497
vn -0.41091310 -0.88392817 -0.22320711
vn 0.46439913 -0.84579841 0.26259951
vn -0.71959073 -0.00319996 -0.69439106
vn -0.71959073 -0.00319996 -0.69439106
vn -0.88546963 -0.00349988 -0.46468406
vn -0.41092227 -0.88394790 -0.22311209
vn -0.71959073 -0.00319996 -0.69439106
vn -0.48328068 -0.00089996 -0.87546500
vn -0.22149792 0.88589166 -0.40759616
vn -0.22149792 0.88589166 -0.40759616
vn -0.32851153 0.88523108 -0.32931156
vn -0.71959073 -0.00319996 -0.69439106
vn 0.25149292 0.84597619 0.47018677
vn 0.25149292 0.84597619 0.47018677
vn 0.37441346 0.84523039 0.38131371
vn -0.32839325 0.88528179 -0.32929323
vn 0.46591535 0.00050002 0.88482916
vn 0.46599366 0.00039999 0.88478797
vn 0.68877497 0.00149995 0.72497365
vn 0.37441346 0.84523039 0.38131371
vn 0.25050401 -0.84631356 0.47010753
vn 0.25050401 -0.84631356 0.47010753
vn 0.37241914 -0.84624350 0.38101958
vn 0.68882479 0.00160006 0.72492609
vn -0.22099993 -0.88559973 -0.40849988
vn -0.22099993 -0.88559973 -0.40849988
vn -0.32919501 -0.88408659 -0.33169497
vn 0.37238763 -0.84627188 0.38098734
vn -0.48328068 -0.00089996 -0.87546500
vn -0.48328068 -0.00089996 -0.87546500
vn -0.71959073 -0.00319996 -0.69439106
vn -0.32919501 -0.88408659 -0.33169497
vn -0.22149792 0.88589166 -0.40759616
vn -0.48328068 -0.00089996 -0.87546500
vn -0.26760776 0.00000000 -0.96352794
vn -0.26760776 0.00000000 -0.96352794
vn -0.12609570 0.87677008 -0.46408416
vn -0.22149792 0.88589166 -0.40759616
vn 0.25158659 0.84595491 0.47017494
vn -0.12609570 0.87677008 -0.46408416
vn 0.13609629 0.85427668 0.50168631
vn 0.25149292 0.84597619 0.47018677
vn 0.46599366 0.00039999 0.88478797
vn 0.13609629 0.85427668 0.50168631
vn 0.25709622 0.00000000 0.96638581
vn 0.46591535 0.00050002 0.88482916
vn 0.13609629 -0.85427668 0.50168631
vn 0.13609629 -0.85427668 0.50168631
vn 0.25050401 -0.84631356 0.47010753
vn 0.46591537 0.00040001 0.88482920
vn -0.12610675 -0.87674695 -0.46412485
vn -0.12600834 -0.87675800 -0.46413070
vn -0.22109505 -0.88558015 -0.40849085
vn 0.25050401 -0.84631356 0.47010753
vn -0.26760776 0.00000000 -0.96352794
vn -0.26760776 0.00000000 -0.96352794
vn -0.48332299 -0.00090004 -0.87544165
vn -0.22099993 -0.88559973 -0.40849988
vn -0.12069868 -0.00010000 -0.99268918
vn 0.00000000 -0.00010000 -1.00000000
vn 0.00000000 0.87385996 -0.48617772
vn 0.00000000 0.87385996 -0.48617772
vn -0.05780016 0.87470246 -0.48120135
vn -0.12069868 -0.00010000 -0.99268918
vn 0.00000000 0.85827720 0.51318637
vn 0.00000000 0.85832124 0.51311270
vn 0.06179880 0.85718338 0.51129009
vn -0.05780016 0.87470246 -0.48120135
vn 0.00000000 0.00010000 1.00000000
vn 0.00000000 0.00010000 1.00000000
vn 0.11860496 0.00000000 0.99294152
vn 0.06179880 0.85718338 0.51129009
vn 0.00000000 -0.85832124 0.51311270
vn 0.00000000 -0.85832124 0.51311270
vn 0.06180196 -0.85722721 0.51121623
vn 0.11860496 0.00000000 0.99294152
vn 0.00000000 -0.87383632 -0.48622021
vn 0.00000000 -0.87385996 -0.48617772
vn -0.05780016 -0.87470246 -0.48120135
vn 0.06180196 -0.85722721 0.51121623
vn 0.00000000 -0.00010000 -1.00000000
vn 0.00000000 -0.00010000 -1.00000000
vn -0.12069869 0.00000000 -0.99268919
vn -0.05789983 -0.87469740 -0.48119857
vn -0.12609570 0.87677008 -0.46408416
vn -0.26760776 0.00000000 -0.96352794
vn -0.12069869 0.00000000 -0.99268919
vn -0.12060014 -0.00010000 -0.99270116
vn -0.05770050 0.87470751 -0.48120413
vn -0.12609570 0.87677008 -0.46408416
vn 0.13609629 0.85427668 0.50168631
vn -0.05780016 0.87470246 -0.48120135
vn 0.06180196 0.85722721 0.51121623
vn 0.13609629 0.85427668 0.50168631
vn 0.25709622 0.00000000 0.96638581
vn 0.06169918 0.85718868 0.51129325
vn 0.11860496 0.00000000 0.99294152
vn 0.25709622 0.00000000 0.96638581
vn 0.06180196 -0.85722721 0.51121623
vn 0.13609629 -0.85427668 0.50168631
vn 0.25709622 0.00000000 0.96638581
vn 0.06180196 -0.85722721 0.51121623
vn -0.05780016 -0.87470246 -0.48120135
vn -0.12599729 -0.87678113 -0.46409001
vn 0.13609629 -0.85427668 0.50168631
vn -0.05780016 -0.87470246 -0.48120135
vn -0.12069868 -0.00010000 -0.99268918
vn -0.26760776 0.00000000 -0.96352794
vn -0.12609570 -0.87677008 -0.46408416
vn -0.12060014 0.00000000 -0.99270117
vn 0.00000000 -0.88520439 -0.46520231
vn 0.00000000 -0.81668232 -0.57708751
vn 0.16290225 -0.80291109 -0.57340792
vn 0.16290225 -0.80291109 -0.57340792
vn 0.16940332 -0.87091704 -0.46130903
vn 0.00000000 -0.88520439 -0.46520231
vn 0.16940332 -0.87091704 -0.46130903
vn 0.16290225 -0.80291109 -0.57340792
vn 0.32091371 -0.76203255 -0.56242402
vn 0.32091371 -0.76203255 -0.56242402
vn 0.33360909 -0.82842256 -0.44991225
vn 0.16940332 -0.87091704 -0.46130903
vn 0.33360909 -0.82842256 -0.44991225
vn 0.32091371 -0.76203255 -0.56242402
vn 0.46910536 -0.69530794 -0.54450622
vn 0.46910536 -0.69530794 -0.54450622
vn 0.48771171 -0.75901822 -0.43131036
vn 0.33360909 -0.82842256 -0.44991225
vn 0.48771171 -0.75901822 -0.43131036
vn 0.46910536 -0.69530794 -0.54450622
vn 0.60306870 -0.60466862 -0.52027300
vn 0.60306870 -0.60466862 -0.52027300
vn 0.62699835 -0.66479825 -0.40609893
vn 0.48771171 -0.75901822 -0.43131036
vn 0.62699835 -0.66479825 -0.40609893
vn 0.60306870 -0.60466862 -0.52027300
vn 0.71870978 -0.49300671 -0.49030667
vn 0.71870978 -0.49300671 -0.49030667
vn 0.74719831 -0.54869876 -0.37499915
vn 0.62699835 -0.66479825 -0.40609893
vn 0.74719831 -0.54869876 -0.37499915
vn 0.71870978 -0.49300671 -0.49030667
vn 0.81249037 -0.36359569 -0.45569460
vn 0.81251991 -0.36350891 -0.45571117
vn 0.84479195 -0.41409605 -0.33889677
vn 0.74719831 -0.54869876 -0.37499915
vn 0.84479195 -0.41409605 -0.33889677
vn 0.81249037 -0.36359569 -0.45569460
vn 0.88162909 -0.22040727 -0.41731377
vn 0.88162909 -0.22040727 -0.41731377
vn 0.91662720 -0.26530787 -0.29900887
vn 0.84479195 -0.41409605 -0.33889677
vn 0.91662720 -0.26530787 -0.29900887
vn 0.88162909 -0.22040727 -0.41731377
vn 0.92397699 -0.06779831 -0.37639063
vn 0.92397699 -0.06779831 -0.37639063
vn 0.96064411 -0.10660489 -0.25651178
vn 0.91662720 -0.26530787 -0.29900887
vn 0.96064411 -0.10660489 -0.25651178
vn 0.92397699 -0.06779831 -0.37639063
vn 0.93822954 0.08960282 -0.33421052
vn 0.93822954 0.08960282 -0.33421052
vn 0.97545584 0.05699742 -0.21269037
vn 0.96064411 -0.10660489 -0.25651178
vn 0.97545584 0.05699742 -0.21269037
vn 0.93820658 0.08950063 -0.33430234
vn 0.92397320 0.24689284 -0.29209153
vn 0.92397320 0.24689284 -0.29209153
vn 0.96064315 0.22060991 -0.16880758
vn 0.97545584 0.05699742 -0.21269037
vn 0.96062693 0.22060618 -0.16890474
vn 0.92397320 0.24689284 -0.29209153
vn 0.88163516 0.39951593 -0.25121002
vn 0.88163516 0.39951593 -0.25121002
vn 0.91661112 0.37930460 -0.12630153
vn 0.96064315 0.22060991 -0.16880758
vn 0.91664588 0.37921898 -0.12630632
vn 0.88163516 0.39951593 -0.25121002
vn 0.81251488 0.54270994 -0.21280390
vn 0.81251488 0.54270994 -0.21280390
vn 0.84477512 0.52808445 -0.08649745
vn 0.91664588 0.37921898 -0.12630632
vn 0.84477512 0.52808445 -0.08649745
vn 0.81251488 0.54270994 -0.21280390
vn 0.71869880 0.67209888 -0.17819970
vn 0.71869880 0.67209888 -0.17819970
vn 0.74724231 0.66263752 -0.05040285
vn 0.84477512 0.52808445 -0.08649745
vn 0.74724231 0.66263752 -0.05040285
vn 0.71869880 0.67209888 -0.17819970
vn 0.60308936 0.78378617 -0.14819739
vn 0.60308936 0.78378617 -0.14819739
vn 0.62699030 0.77878796 -0.01929970
vn 0.74724231 0.66263752 -0.05040285
vn 0.62699030 0.77878796 -0.01929970
vn 0.60308936 0.78378617 -0.14819739
vn 0.46909855 0.87439730 -0.12399962
vn 0.46909855 0.87439730 -0.12399962
vn 0.48769603 0.87299289 0.00599995
vn 0.62699030 0.77878796 -0.01929970
vn 0.48769603 0.87299289 0.00599995
vn 0.46909855 0.87439730 -0.12399962
vn 0.32088533 0.94115696 -0.10609515
vn 0.32088533 0.94115696 -0.10609515
vn 0.33359802 0.94239440 0.02459985
vn 0.48769603 0.87299289 0.00599995
vn 0.33359802 0.94239440 0.02459985
vn 0.32088533 0.94115696 -0.10609515
vn 0.16290779 0.98204693 -0.09510455
vn 0.16290779 0.98204693 -0.09510455
vn 0.16939888 0.98489351 0.03589976
vn 0.33359802 0.94239440 0.02459985
vn 0.16939888 0.98489351 0.03589976
vn 0.16290779 0.98204693 -0.09510455
vn 0.00000000 0.99581414 -0.09140130
vn 0.00000000 0.99581414 -0.09140130
vn 0.00000000 0.99920765 0.03980030
vn 0.16939888 0.98489351 0.03589976
vn 0.00000000 0.99920765 0.03980030
vn 0.00000000 0.99581414 -0.09140130
vn -0.16290779 0.98204693 -0.09510455
vn -0.16290779 0.98204693 -0.09510455
vn -0.16939888 0.98489351 0.03589976
vn 0.00000000 0.99920765 0.03980030
vn -0.16939888 0.98489351 0.03589976
vn -0.16290779 0.98204693 -0.09510455
vn -0.32088533 0.94115696 -0.10609515
vn -0.32088533 0.94115696 -0.10609515
vn -0.33359802 0.94239440 0.02459985
vn -0.16939888 0.98489351 0.03589976
vn -0.33359802 0.94239440 0.02459985
vn -0.32088533 0.94115696 -0.10609515
vn -0.46909855 0.87439730 -0.12399962
vn -0.46909855 0.87439730 -0.12399962
vn -0.48769603 0.87299289 0.00599995
vn -0.33359802 0.94239440 0.02459985
vn -0.48769603 0.87299289 0.00599995
vn -0.46909855 0.87439730 -0.12399962
vn -0.60308936 0.78378617 -0.14819739
vn -0.60308936 0.78378617 -0.14819739
vn -0.62699030 0.77878796 -0.01929970
vn -0.48769603 0.87299289 0.00599995
vn -0.62699030 0.77878796 -0.01929970
vn -0.60308936 0.78378617 -0.14819739
vn -0.71869880 0.67209888 -0.17819970
vn -0.71869880 0.67209888 -0.17819970
vn -0.74724231 0.66263752 -0.05040285
vn -0.62699030 0.77878796 -0.01929970
vn -0.74724231 0.66263752 -0.05040285
vn -0.71869880 0.67209888 -0.17819970
vn -0.81251488 0.54270994 -0.21280390
vn -0.81251488 0.54270994 -0.21280390
vn -0.84477512 0.52808445 -0.08649745
vn -0.74724231 0.66263752 -0.05040285
vn -0.84477512 0.52808445 -0.08649745
vn -0.81251488 0.54270994 -0.21280390
vn -0.88163516 0.39951593 -0.25121002
vn -0.88163516 0.39951593 -0.25121002
vn -0.91664588 0.37921898 -0.12630632
vn -0.84477512 0.52808445 -0.08649745
vn -0.91661112 0.37930460 -0.12630153
vn -0.88163516 0.39951593 -0.25121002
vn -0.92397320 0.24689284 -0.29209153
vn -0.92397320 0.24689284 -0.29209153
vn -0.96064315 0.22060991 -0.16880758
vn -0.91661112 0.37930460 -0.12630153
vn -0.96064315 0.22060991 -0.16880758
vn -0.92397320 0.24689284 -0.29209153
vn -0.93820658 0.08950063 -0.33430234
vn -0.93820658 0.08950063 -0.33430234
vn -0.97545584 0.05699742 -0.21269037
vn -0.96064315 0.22060991 -0.16880758
vn -0.97545584 0.05699742 -0.21269037
vn -0.93822954 0.08960282 -0.33421052
vn -0.92397699 -0.06779831 -0.37639063
vn -0.92397699 -0.06779831 -0.37639063
vn -0.96064411 -0.10660489 -0.25651178
vn -0.97545584 0.05699742 -0.21269037
vn -0.96064411 -0.10660489 -0.25651178
vn -0.92397699 -0.06779831 -0.37639063
vn -0.88162909 -0.22040727 -0.41731377
vn -0.88162909 -0.22040727 -0.41731377
vn -0.91662720 -0.26530787 -0.29900887
vn -0.96064411 -0.10660489 -0.25651178
vn -0.91662720 -0.26530787 -0.29900887
vn -0.88162909 -0.22040727 -0.41731377
vn -0.81249037 -0.36359569 -0.45569460
vn -0.81249037 -0.36359569 -0.45569460
vn -0.84479195 -0.41409605 -0.33889677
vn -0.91662720 -0.26530787 -0.29900887
vn -0.84479195 -0.41409605 -0.33889677
vn -0.81249037 -0.36359569 -0.45569460
vn -0.71870978 -0.49300671 -0.49030667
vn -0.71870978 -0.49300671 -0.49030667
vn -0.74719831 -0.54869876 -0.37499915
vn -0.84479195 -0.41409605 -0.33889677
vn -0.74719831 -0.54869876 -0.37499915
vn -0.71870978 -0.49300671 -0.49030667
vn -0.60306870 -0.60466862 -0.52027300
vn -0.60306870 -0.60466862 -0.52027300
vn -0.62699835 -0.66479825 -0.40609893
vn -0.74719831 -0.54869876 -0.37499915
vn -0.62699835 -0.66479825 -0.40609893
vn -0.60306870 -0.60466862 -0.52027300
vn -0.46910536 -0.69530794 -0.54450622
vn -0.46910536 -0.69530794 -0.54450622
vn -0.48771171 -0.75901822 -0.43131036
vn -0.62699835 -0.66479825 -0.40609893
vn -0.48771171 -0.75901822 -0.43131036
vn -0.46910536 -0.69530794 -0.54450622
vn -0.32091371 -0.76203255 -0.56242402
vn -0.32091371 -0.76203255 -0.56242402
vn -0.33360909 -0.82842256 -0.44991225
vn -0.48771171 -0.75901822 -0.43131036
vn -0.33360909 -0.82842256 -0.44991225
vn -0.32091371 -0.76203255 -0.56242402
vn -0.16290225 -0.80291109 -0.57340792
vn -0.16290225 -0.80291109 -0.57340792
vn -0.16940332 -0.87091704 -0.46130903
vn -0.33360909 -0.82842256 -0.44991225
vn -0.16940332 -0.87091704 -0.46130903
vn -0.16290225 -0.80291109 -0.57340792
vn 0.00000000 -0.81668232 -0.57708751
vn 0.00000000 -0.81668232 -0.57708751
vn 0.00000000 -0.88520439 -0.46520231
vn -0.16940332 -0.87091704 -0.46130903
vn 0.00000000 -0.81668232 -0.57708751
vn 0.00000000 -0.69642691 -0.71762773
vn 0.14910784 -0.68383594 -0.71423754
vn 0.14910784 -0.68383594 -0.71423754
vn 0.16290225 -0.80291109 -0.57340792
vn 0.00000000 -0.81668232 -0.57708751
vn 0.16290225 -0.80291109 -0.57340792
vn 0.14910784 -0.68383594 -0.71423754
vn 0.29361005 -0.64642212 -0.70422410
vn 0.29361005 -0.64642212 -0.70422410
vn 0.32091371 -0.76203255 -0.56242402
vn 0.16290225 -0.80291109 -0.57340792
vn 0.32091371 -0.76203255 -0.56242402
vn 0.29361005 -0.64642212 -0.70422410
vn 0.42920544 -0.58540742 -0.68780872
vn 0.42920544 -0.58540742 -0.68780872
vn 0.46907982 -0.69527008 -0.54457657
vn 0.32091371 -0.76203255 -0.56242402
vn 0.46910536 -0.69530794 -0.54450622
vn 0.42920104 -0.58530142 -0.68790167
vn 0.55179645 -0.50249677 -0.66559572
vn 0.55179645 -0.50249677 -0.66559572
vn 0.60306870 -0.60466862 -0.52027300
vn 0.46910536 -0.69530794 -0.54450622
vn 0.60306870 -0.60466862 -0.52027300
vn 0.55182418 -0.50242202 -0.66562917
vn 0.65763386 -0.40022060 -0.63823286
vn 0.65759188 -0.40019506 -0.63829212
vn 0.71870978 -0.49300671 -0.49030667
vn 0.60306870 -0.60466862 -0.52027300
vn 0.71874521 -0.49293101 -0.49033085
vn 0.65763386 -0.40022060 -0.63823286
vn 0.74343827 -0.28181451 -0.60653122
vn 0.74341731 -0.28190657 -0.60651413
vn 0.81249037 -0.36359569 -0.45569460
vn 0.71870978 -0.49300671 -0.49030667
vn 0.81251991 -0.36350891 -0.45571117
vn 0.74343827 -0.28181451 -0.60653122
vn 0.80668642 -0.15089746 -0.57139038
vn 0.80668642 -0.15089746 -0.57139038
vn 0.88162909 -0.22040727 -0.41731377
vn 0.81251991 -0.36350891 -0.45571117
vn 0.88162909 -0.22040727 -0.41731377
vn 0.80669859 -0.15079974 -0.57139900
vn 0.84540736 -0.01120010 -0.53400465
vn 0.84540736 -0.01120010 -0.53400465
vn 0.92397699 -0.06779831 -0.37639063
vn 0.88162909 -0.22040727 -0.41731377
vn 0.92397699 -0.06779831 -0.37639063
vn 0.84540736 -0.01120010 -0.53400465
vn 0.85845108 0.13270790 -0.49542948
vn 0.85845108 0.13270790 -0.49542948
vn 0.93820658 0.08950063 -0.33430234
vn 0.92397699 -0.06779831 -0.37639063
vn 0.93822954 0.08960282 -0.33421052
vn 0.85843968 0.13280614 -0.49542290
vn 0.84539084 0.27669700 -0.45689505
vn 0.84542947 0.27670964 -0.45681592
vn 0.92397320 0.24689284 -0.29209153
vn 0.93819818 0.08959983 -0.33429935
vn 0.92397320 0.24689284 -0.29209153
vn 0.84542947 0.27670964 -0.45681592
vn 0.80671334 0.41630688 -0.41940693
vn 0.80671334 0.41630688 -0.41940693
vn 0.88163516 0.39951593 -0.25121002
vn 0.92397320 0.24689284 -0.29209153
vn 0.88163516 0.39951593 -0.25121002
vn 0.80667975 0.41638955 -0.41938947
vn 0.74344931 0.54733631 -0.38432549
vn 0.74344931 0.54733631 -0.38432549
vn 0.81251488 0.54270994 -0.21280390
vn 0.88163516 0.39951593 -0.25121002
vn 0.81251488 0.54270994 -0.21280390
vn 0.74340862 0.54740635 -0.38430446
vn 0.65762597 0.66572629 -0.35261393
vn 0.65762597 0.66572629 -0.35261393
vn 0.71871160 0.67211085 -0.17810288
vn 0.81251488 0.54270994 -0.21280390
vn 0.71871160 0.67211085 -0.17810288
vn 0.65762597 0.66572629 -0.35261393
vn 0.55182519 0.76793506 -0.32521485
vn 0.55182519 0.76793506 -0.32521485
vn 0.60308936 0.78378617 -0.14819739
vn 0.71869880 0.67209888 -0.17819970
vn 0.60308936 0.78378617 -0.14819739
vn 0.55178282 0.76797609 -0.32518987
vn 0.42922526 0.85085008 -0.30301784
vn 0.42922526 0.85085008 -0.30301784
vn 0.46909855 0.87439730 -0.12399962
vn 0.60308936 0.78378617 -0.14819739
vn 0.46909855 0.87439730 -0.12399962
vn 0.42918874 0.85087769 -0.30299205
vn 0.29360595 0.91191848 -0.28670581
vn 0.29360595 0.91191848 -0.28670581
vn 0.32088533 0.94115696 -0.10609515
vn 0.46909855 0.87439730 -0.12399962
vn 0.32088533 0.94115696 -0.10609515
vn 0.29360595 0.91191848 -0.28670581
vn 0.14910679 0.94934326 -0.27661261
vn 0.14910679 0.94934326 -0.27661261
vn 0.16290779 0.98204693 -0.09510455
vn 0.32088533 0.94115696 -0.10609515
vn 0.16290779 0.98204693 -0.09510455
vn 0.14910679 0.94934326 -0.27661261
vn 0.00000000 0.96192669 -0.27330758
vn 0.00000000 0.96192669 -0.27330758
vn 0.00000000 0.99581414 -0.09140130
vn 0.16290779 0.98204693 -0.09510455
vn 0.00000000 0.99581414 -0.09140130
vn 0.00000000 0.96192669 -0.27330758
vn -0.14910679 0.94934326 -0.27661261
vn -0.14910679 0.94934326 -0.27661261
vn -0.16290779 0.98204693 -0.09510455
vn 0.00000000 0.99581414 -0.09140130
vn -0.16290779 0.98204693 -0.09510455
vn -0.14910679 0.94934326 -0.27661261
vn -0.29360595 0.91191848 -0.28670581
vn -0.29361437 0.91194463 -0.28661403
vn -0.32088533 0.94115696 -0.10609515
vn -0.16290779 0.98204693 -0.09510455
vn -0.32088533 0.94115696 -0.10609515
vn -0.29360595 0.91191848 -0.28670581
vn -0.42918874 0.85087769 -0.30299205
vn -0.42918874 0.85087769 -0.30299205
vn -0.46909855 0.87439730 -0.12399962
vn -0.32088533 0.94115696 -0.10609515
vn -0.46909855 0.87439730 -0.12399962
vn -0.42922526 0.85085008 -0.30301784
vn -0.55178282 0.76797609 -0.32518987
vn -0.55178282 0.76797609 -0.32518987
vn -0.60308936 0.78378617 -0.14819739
vn -0.46909855 0.87439730 -0.12399962
vn -0.60308936 0.78378617 -0.14819739
vn -0.55182519 0.76793506 -0.32521485
vn -0.65758219 0.66578197 -0.35259045
vn -0.65762597 0.66572629 -0.35261393
vn -0.71869880 0.67209888 -0.17819970
vn -0.60308936 0.78378617 -0.14819739
vn -0.71869880 0.67209888 -0.17819970
vn -0.65762597 0.66572629 -0.35261393
vn -0.74340862 0.54740635 -0.38430446
vn -0.74340862 0.54740635 -0.38430446
vn -0.81251488 0.54270994 -0.21280390
vn -0.71869880 0.67209888 -0.17819970
vn -0.81251488 0.54270994 -0.21280390
vn -0.74344931 0.54733631 -0.38432549
vn -0.80667975 0.41638955 -0.41938947
vn -0.80667975 0.41638955 -0.41938947
vn -0.88163516 0.39951593 -0.25121002
vn -0.81251488 0.54270994 -0.21280390
vn -0.88163516 0.39951593 -0.25121002
vn -0.80667950 0.41628942 -0.41948934
vn -0.84539084 0.27669700 -0.45689505
vn -0.84542947 0.27670964 -0.45681592
vn -0.92397320 0.24689284 -0.29209153
vn -0.88163516 0.39951593 -0.25121002
vn -0.92397320 0.24689284 -0.29209153
vn -0.84539084 0.27669700 -0.45689505
vn -0.85843968 0.13280614 -0.49542290
vn -0.85843968 0.13280614 -0.49542290
vn -0.93822954 0.08960282 -0.33421052
vn -0.92397320 0.24689284 -0.29209153
vn -0.93820658 0.08950063 -0.33430234
vn -0.85845108 0.13270790 -0.49542948
vn -0.84540736 -0.01120010 -0.53400465
vn -0.84540736 -0.01120010 -0.53400465
vn -0.92397699 -0.06779831 -0.37639063
vn -0.93819818 0.08959983 -0.33429935
vn -0.92397699 -0.06779831 -0.37639063
vn -0.84540736 -0.01120010 -0.53400465
vn -0.80669859 -0.15079974 -0.57139900
vn -0.80669859 -0.15079974 -0.57139900
vn -0.88162909 -0.22040727 -0.41731377
vn -0.92397699 -0.06779831 -0.37639063
vn -0.88162909 -0.22040727 -0.41731377
vn -0.80668642 -0.15089746 -0.57139038
vn -0.74343827 -0.28181451 -0.60653122
vn -0.74343827 -0.28181451 -0.60653122
vn -0.81252739 -0.36361226 -0.45561536
vn -0.88162909 -0.22040727 -0.41731377
vn -0.81249037 -0.36359569 -0.45569460
vn -0.74341731 -0.28190657 -0.60651413
vn -0.65763386 -0.40022060 -0.63823286
vn -0.65763386 -0.40022060 -0.63823286
vn -0.71874521 -0.49293101 -0.49033085
vn -0.81249037 -0.36359569 -0.45569460
vn -0.71870978 -0.49300671 -0.49030667
vn -0.65760753 -0.40030459 -0.63820731
vn -0.55182418 -0.50242202 -0.66562917
vn -0.55182418 -0.50242202 -0.66562917
vn -0.60310008 -0.60470008 -0.52020007
vn -0.71870978 -0.49300671 -0.49030667
vn -0.60306870 -0.60466862 -0.52027300
vn -0.55179645 -0.50249677 -0.66559572
vn -0.42923057 -0.58534169 -0.68784899
vn -0.42923057 -0.58534169 -0.68784899
vn -0.46910536 -0.69530794 -0.54450622
vn -0.60306870 -0.60466862 -0.52027300
vn -0.46910536 -0.69530794 -0.54450622
vn -0.42917592 -0.58536716 -0.68786141
vn -0.29361005 -0.64642212 -0.70422410
vn -0.29361005 -0.64642212 -0.70422410
vn -0.32091371 -0.76203255 -0.56242402
vn -0.46907982 -0.69527008 -0.54457657
vn -0.32091371 -0.76203255 -0.56242402
vn -0.29361005 -0.64642212 -0.70422410
vn -0.14910784 -0.68383594 -0.71423754
vn -0.14910784 -0.68383594 -0.71423754
vn -0.16290225 -0.80291109 -0.57340792
vn -0.32091371 -0.76203255 -0.56242402
vn -0.16290225 -0.80291109 -0.57340792
vn -0.14910784 -0.68383594 -0.71423754
vn 0.00000000 -0.69642691 -0.71762773
vn 0.00000000 -0.69642691 -0.71762773
vn 0.00000000 -0.81668232 -0.57708751
vn -0.16290225 -0.80291109 -0.57340792
vn 0.00000000 -0.69642691 -0.71762773
vn 0.00000000 -0.51699354 -0.85598930
vn 0.12519585 -0.50638323 -0.85317174
vn 0.12519585 -0.50638323 -0.85317174
vn 0.14910784 -0.68383594 -0.71423754
vn 0.00000000 -0.69642691 -0.71762773
vn 0.14910784 -0.68383594 -0.71423754
vn 0.12519585 -0.50638323 -0.85317174
vn 0.24658476 -0.47497065 -0.84474780
vn 0.24658476 -0.47497065 -0.84474780
vn 0.29361005 -0.64642212 -0.70422410
vn 0.14910784 -0.68383594 -0.71423754
vn 0.29361005 -0.64642212 -0.70422410
vn 0.24658476 -0.47497065 -0.84474780
vn 0.36049226 -0.42369090 -0.83098216
vn 0.36049226 -0.42369090 -0.83098216
vn 0.42920544 -0.58540742 -0.68780872
vn 0.29361005 -0.64642212 -0.70422410
vn 0.42920544 -0.58540742 -0.68780872
vn 0.36040525 -0.42370618 -0.83101211
vn 0.46338857 -0.35399127 -0.81237997
vn 0.46338857 -0.35399127 -0.81237997
vn 0.55182418 -0.50242202 -0.66562917
vn 0.42920104 -0.58530142 -0.68790167
vn 0.55179645 -0.50249677 -0.66559572
vn 0.46337217 -0.35407873 -0.81235121
vn 0.55219767 -0.26819887 -0.78939667
vn 0.55219767 -0.26819887 -0.78939667
vn 0.65763386 -0.40022060 -0.63823286
vn 0.55182418 -0.50242202 -0.66562917
vn 0.65763386 -0.40022060 -0.63823286
vn 0.55219767 -0.26819887 -0.78939667
vn 0.62431398 -0.16880378 -0.76271708
vn 0.62431398 -0.16880378 -0.76271708
vn 0.74343827 -0.28181451 -0.60653122
vn 0.65763386 -0.40022060 -0.63823286
vn 0.74343827 -0.28181451 -0.60653122
vn 0.62431398 -0.16880378 -0.76271708
vn 0.67743034 -0.05880263 -0.73323283
vn 0.67743034 -0.05880263 -0.73323283
vn 0.80669859 -0.15079974 -0.57139900
vn 0.74343827 -0.28181451 -0.60653122
vn 0.80669859 -0.15079974 -0.57139900
vn 0.67738066 -0.05879832 -0.73327907
vn 0.70993426 0.05850282 -0.70183386
vn 0.70993426 0.05850282 -0.70183386
vn 0.84540736 -0.01120010 -0.53400465
vn 0.80668642 -0.15089746 -0.57139038
vn 0.84540736 -0.01120010 -0.53400465
vn 0.70993426 0.05850282 -0.70183386
vn 0.72090810 0.17940202 -0.66940752
vn 0.72090810 0.17940202 -0.66940752
vn 0.85845108 0.13270790 -0.49542948
vn 0.84540736 -0.01120010 -0.53400465
vn 0.85845108 0.13270790 -0.49542948
vn 0.72090810 0.17940202 -0.66940752
vn 0.70993298 0.30031395 -0.63702959
vn 0.70993298 0.30031395 -0.63702959
vn 0.84542947 0.27670964 -0.45681592
vn 0.85843968 0.13280614 -0.49542290
vn 0.84542947 0.27670964 -0.45681592
vn 0.70993298 0.30031395 -0.63702959
vn 0.67742426 0.41751495 -0.60562169
vn 0.67742426 0.41751495 -0.60562169
vn 0.80671334 0.41630688 -0.41940693
vn 0.84539084 0.27669700 -0.45689505
vn 0.80667975 0.41638955 -0.41938947
vn 0.67742426 0.41751495 -0.60562169
vn 0.62433186 0.52752692 -0.57612940
vn 0.62433186 0.52752692 -0.57612940
vn 0.74340862 0.54740635 -0.38430446
vn 0.80667975 0.41638955 -0.41938947
vn 0.74344931 0.54733631 -0.38432549
vn 0.62433186 0.52752692 -0.57612940
vn 0.55219887 0.62699872 -0.54949888
vn 0.55219887 0.62699872 -0.54949888
vn 0.65758219 0.66578197 -0.35259045
vn 0.74344931 0.54733631 -0.38432549
vn 0.65762597 0.66572629 -0.35261393
vn 0.55219887 0.62699872 -0.54949888
vn 0.46339406 0.71279086 -0.52649325
vn 0.46339406 0.71279086 -0.52649325
vn 0.55178282 0.76797609 -0.32518987
vn 0.65762597 0.66572629 -0.35261393
vn 0.55178282 0.76797609 -0.32518987
vn 0.46339406 0.71279086 -0.52649325
vn 0.36041824 0.78243961 -0.50782571
vn 0.36041824 0.78243961 -0.50782571
vn 0.42922526 0.85085008 -0.30301784
vn 0.55182519 0.76793506 -0.32521485
vn 0.42918874 0.85087769 -0.30299205
vn 0.36039994 0.78239987 -0.50789992
vn 0.24659975 0.83369914 -0.49409949
vn 0.24659975 0.83369914 -0.49409949
vn 0.29361437 0.91194463 -0.28661403
vn 0.42918874 0.85087769 -0.30299205
vn 0.29360595 0.91191848 -0.28670581
vn 0.24659975 0.83369914 -0.49409949
vn 0.12520141 0.86510972 -0.48570545
vn 0.12520141 0.86510972 -0.48570545
vn 0.14910679 0.94934326 -0.27661261
vn 0.29360595 0.91191848 -0.28670581
vn 0.14910679 0.94934326 -0.27661261
vn 0.12520141 0.86510972 -0.48570545
vn 0.00000000 0.87568122 -0.48288964
vn 0.00000000 0.87568122 -0.48288964
vn 0.00000000 0.96195298 -0.27321505
vn 0.14910679 0.94934326 -0.27661261
vn 0.00000000 0.96195298 -0.27321505
vn 0.00000000 0.87568122 -0.48288964
vn -0.12520141 0.86510972 -0.48570545
vn -0.12520141 0.86510972 -0.48570545
vn -0.14910679 0.94934326 -0.27661261
vn 0.00000000 0.96192669 -0.27330758
vn -0.14910679 0.94934326 -0.27661261
vn -0.12520141 0.86510972 -0.48570545
vn -0.24659975 0.83369914 -0.49409949
vn -0.24659975 0.83369914 -0.49409949
vn -0.29361437 0.91194463 -0.28661403
vn -0.14910679 0.94934326 -0.27661261
vn -0.29361437 0.91194463 -0.28661403
vn -0.24659975 0.83369914 -0.49409949
vn -0.36039994 0.78239987 -0.50789992
vn -0.36048695 0.78237167 -0.50788161
vn -0.42922526 0.85085008 -0.30301784
vn -0.29360595 0.91191848 -0.28670581
vn -0.42918874 0.85087769 -0.30299205
vn -0.36041824 0.78243961 -0.50782571
vn -0.46339406 0.71279086 -0.52649325
vn -0.46339406 0.71279086 -0.52649325
vn -0.55182519 0.76793506 -0.32521485
vn -0.42918874 0.85087769 -0.30299205
vn -0.55182519 0.76793506 -0.32521485
vn -0.46339406 0.71279086 -0.52649325
vn -0.55219887 0.62699872 -0.54949888
vn -0.55219887 0.62699872 -0.54949888
vn -0.65762597 0.66572629 -0.35261393
vn -0.55178282 0.76797609 -0.32518987
vn -0.65762597 0.66572629 -0.35261393
vn -0.55219887 0.62699872 -0.54949888
vn -0.62433186 0.52752692 -0.57612940
vn -0.62433186 0.52752692 -0.57612940
vn -0.74342074 0.54731527 -0.38441072
vn -0.65762597 0.66572629 -0.35261393
vn -0.74340862 0.54740635 -0.38430446
vn -0.62433186 0.52752692 -0.57612940
vn -0.67742426 0.41751495 -0.60562169
vn -0.67742426 0.41751495 -0.60562169
vn -0.80671334 0.41630688 -0.41940693
vn -0.74344931 0.54733631 -0.38432549
vn -0.80667975 0.41638955 -0.41938947
vn -0.67742426 0.41751495 -0.60562169
vn -0.70993298 0.30031395 -0.63702959
vn -0.70993298 0.30031395 -0.63702959
vn -0.84539084 0.27669700 -0.45689505
vn -0.80667975 0.41638955 -0.41938947
vn -0.84539084 0.27669700 -0.45689505
vn -0.70993298 0.30031395 -0.63702959
vn -0.72090810 0.17940202 -0.66940752
vn -0.72090810 0.17940202 -0.66940752
vn -0.85843968 0.13280614 -0.49542290
vn -0.84539084 0.27669700 -0.45689505
vn -0.85843968 0.13280614 -0.49542290
vn -0.72090810 0.17940202 -0.66940752
vn -0.70993426 0.05850282 -0.70183386
vn -0.70993426 0.05850282 -0.70183386
vn -0.84540736 -0.01120010 -0.53400465
vn -0.85843968 0.13280614 -0.49542290
vn -0.84540736 -0.01120010 -0.53400465
vn -0.70993426 0.05850282 -0.70183386
vn -0.67738066 -0.05879832 -0.73327907
vn -0.67738066 -0.05879832 -0.73327907
vn -0.80668642 -0.15089746 -0.57139038
vn -0.84540736 -0.01120010 -0.53400465
vn -0.80668642 -0.15089746 -0.57139038
vn -0.67743034 -0.05880263 -0.73323283
vn -0.62431398 -0.16880378 -0.76271708
vn -0.62431398 -0.16880378 -0.76271708
vn -0.74343827 -0.28181451 -0.60653122
vn -0.80669859 -0.15079974 -0.57139900
vn -0.74343827 -0.28181451 -0.60653122
vn -0.62431398 -0.16880378 -0.76271708
vn -0.55219767 -0.26819887 -0.78939667
vn -0.55219767 -0.26819887 -0.78939667
vn -0.65763386 -0.40022060 -0.63823286
vn -0.74343827 -0.28181451 -0.60653122
vn -0.65763386 -0.40022060 -0.63823286
vn -0.55219767 -0.26819887 -0.78939667
vn -0.46338857 -0.35399127 -0.81237997
vn -0.46337217 -0.35407873 -0.81235121
vn -0.55179645 -0.50249677 -0.66559572
vn -0.65763386 -0.40022060 -0.63823286
vn -0.55182418 -0.50242202 -0.66562917
vn -0.46338857 -0.35399127 -0.81237997
vn -0.36040525 -0.42370618 -0.83101211
vn -0.36040525 -0.42370618 -0.83101211
vn -0.42920544 -0.58540742 -0.68780872
vn -0.55182418 -0.50242202 -0.66562917
vn -0.42920544 -0.58540742 -0.68780872
vn -0.36049226 -0.42369090 -0.83098216
vn -0.24658476 -0.47497065 -0.84474780
vn -0.24658476 -0.47497065 -0.84474780
vn -0.29361005 -0.64642212 -0.70422410
vn -0.42923057 -0.58534169 -0.68784899
vn -0.29361005 -0.64642212 -0.70422410
vn -0.24658476 -0.47497065 -0.84474780
vn -0.12519585 -0.50638323 -0.85317174
vn -0.12519585 -0.50638323 -0.85317174
vn -0.14910784 -0.68383594 -0.71423754
vn -0.29361005 -0.64642212 -0.70422410
vn -0.14910784 -0.68383594 -0.71423754
vn -0.12519585 -0.50638323 -0.85317174
vn 0.00000000 -0.51699354 -0.85598930
vn 0.00000000 -0.51699354 -0.85598930
vn 0.00000000 -0.69642691 -0.71762773
vn -0.14910784 -0.68383594 -0.71423754
vn 0.00000000 -0.51699354 -0.85598930
vn 0.00000000 -0.30959025 -0.95087006
vn 0.09470178 -0.30160568 -0.94871786
vn 0.09470178 -0.30160568 -0.94871786
vn 0.12519585 -0.50638323 -0.85317174
vn 0.00000000 -0.51699354 -0.85598930
vn 0.12519585 -0.50638323 -0.85317174
vn 0.09470178 -0.30160568 -0.94871786
vn 0.18649321 -0.27778988 -0.94236567
vn 0.18648803 -0.27788216 -0.94233949
vn 0.24658476 -0.47497065 -0.84474780
vn 0.12519585 -0.50638323 -0.85317174
vn 0.24660559 -0.47501077 -0.84471915
vn 0.18639669 -0.27779506 -0.94238324
vn 0.27259240 -0.23899334 -0.93197402
vn 0.27258588 -0.23908762 -0.93195174
vn 0.36049226 -0.42369090 -0.83098216
vn 0.24658476 -0.47497065 -0.84474780
vn 0.36049226 -0.42369090 -0.83098216
vn 0.27259240 -0.23899334 -0.93197402
vn 0.35038852 -0.18639389 -0.91786993
vn 0.35038852 -0.18639389 -0.91786993
vn 0.46340981 -0.35410750 -0.81231720
vn 0.36049226 -0.42369090 -0.83098216
vn 0.46340981 -0.35410750 -0.81231720
vn 0.35038852 -0.18639389 -0.91786993
vn 0.41758909 -0.12149683 -0.90047647
vn 0.41758909 -0.12149683 -0.90047647
vn 0.55219767 -0.26819887 -0.78939667
vn 0.46337217 -0.35407873 -0.81235121
vn 0.55231076 -0.26820523 -0.78931538
vn 0.41758909 -0.12149683 -0.90047647
vn 0.47211176 -0.04630115 -0.88032192
vn 0.47211176 -0.04630115 -0.88032192
vn 0.62431398 -0.16880378 -0.76271708
vn 0.55219767 -0.26819887 -0.78939667
vn 0.62431398 -0.16880378 -0.76271708
vn 0.47211176 -0.04630115 -0.88032192
vn 0.51230592 0.03690043 -0.85800991
vn 0.51230592 0.03690043 -0.85800991
vn 0.67743034 -0.05880263 -0.73323283
vn 0.62431398 -0.16880378 -0.76271708
vn 0.67743034 -0.05880263 -0.73323283
vn 0.51230592 0.03690043 -0.85800991
vn 0.53687491 0.12559413 -0.83426102
vn 0.53688165 0.12549571 -0.83427149
vn 0.70998385 0.05849867 -0.70178404
vn 0.67743034 -0.05880263 -0.73323283
vn 0.70998385 0.05849867 -0.70178404
vn 0.53688165 0.12549571 -0.83427149
vn 0.54510026 0.21700010 -0.80980038
vn 0.54517054 0.21698827 -0.80975624
vn 0.72090810 0.17940202 -0.66940752
vn 0.70998385 0.05849867 -0.70178404
vn 0.72090810 0.17940202 -0.66940752
vn 0.54510026 0.21700010 -0.80980038
vn 0.53688168 0.30838947 -0.78527320
vn 0.53688168 0.30838947 -0.78527320
vn 0.70998257 0.30029263 -0.63698437
vn 0.72090810 0.17940202 -0.66940752
vn 0.70998257 0.30029263 -0.63698437
vn 0.53688168 0.30838947 -0.78527320
vn 0.51229438 0.39709564 -0.76149164
vn 0.51229438 0.39709564 -0.76149164
vn 0.67742426 0.41751495 -0.60562169
vn 0.70998257 0.30029263 -0.63698437
vn 0.67742426 0.41751495 -0.60562169
vn 0.51229438 0.39709564 -0.76149164
vn 0.47210398 0.48030405 -0.73920623
vn 0.47210398 0.48030405 -0.73920623
vn 0.62433186 0.52752692 -0.57612940
vn 0.67742426 0.41751495 -0.60562169
vn 0.62433186 0.52752692 -0.57612940
vn 0.47212665 0.48022711 -0.73924174
vn 0.41758438 0.55547922 -0.71907310
vn 0.41758438 0.55547922 -0.71907310
vn 0.55219887 0.62699872 -0.54949888
vn 0.62433186 0.52752692 -0.57612940
vn 0.55219887 0.62699872 -0.54949888
vn 0.41760757 0.55541007 -0.71911304
vn 0.35038963 0.62038163 -0.70167923
vn 0.35038963 0.62038163 -0.70167923
vn 0.46339406 0.71279086 -0.52649325
vn 0.55219887 0.62699872 -0.54949888
vn 0.46339406 0.71279086 -0.52649325
vn 0.35041136 0.62032012 -0.70172276
vn 0.27259543 0.67298872 -0.68758848
vn 0.27259543 0.67298872 -0.68758848
vn 0.36041824 0.78243961 -0.50782571
vn 0.46339406 0.71279086 -0.52649325
vn 0.36041824 0.78243961 -0.50782571
vn 0.27259543 0.67298872 -0.68758848
vn 0.18649615 0.71178529 -0.67718601
vn 0.18639962 0.71179856 -0.67719863
vn 0.24659975 0.83369914 -0.49409949
vn 0.36050525 0.78241140 -0.50780740
vn 0.24659975 0.83369914 -0.49409949
vn 0.18649615 0.71178529 -0.67718601
vn 0.09470469 0.73553642 -0.67083321
vn 0.09469772 0.73558231 -0.67078387
vn 0.12520141 0.86510972 -0.48570545
vn 0.24659975 0.83369914 -0.49409949
vn 0.12520141 0.86510972 -0.48570545
vn 0.09469772 0.73558231 -0.67078387
vn 0.00000000 0.74356258 -0.66866635
vn 0.00000000 0.74351787 -0.66871607
vn 0.00000000 0.87572350 -0.48281296
vn 0.12520141 0.86510972 -0.48570545
vn 0.00000000 0.87572350 -0.48281296
vn 0.00000000 0.74356258 -0.66866635
vn -0.09469772 0.73558231 -0.67078387
vn -0.09470469 0.73553642 -0.67083321
vn -0.12520141 0.86510972 -0.48570545
vn 0.00000000 0.87572350 -0.48281296
vn -0.12520141 0.86510972 -0.48570545
vn -0.09469772 0.73558231 -0.67078387
vn -0.18649615 0.71178529 -0.67718601
vn -0.18649615 0.71178529 -0.67718601
vn -0.24659975 0.83369914 -0.49409949
vn -0.12520141 0.86510972 -0.48570545
vn -0.24659975 0.83369914 -0.49409949
vn -0.18639962 0.71179856 -0.67719863
vn -0.27259543 0.67298872 -0.68758848
vn -0.27259543 0.67298872 -0.68758848
vn -0.36050525 0.78241140 -0.50780740
vn -0.24659975 0.83369914 -0.49409949
vn -0.36050525 0.78241140 -0.50780740
vn -0.27259543 0.67298872 -0.68758848
vn -0.35038963 0.62038163 -0.70167923
vn -0.35041136 0.62032012 -0.70172276
vn -0.46339406 0.71279086 -0.52649325
vn -0.36050525 0.78241140 -0.50780740
vn -0.46339406 0.71279086 -0.52649325
vn -0.35038963 0.62038163 -0.70167923
vn -0.41760757 0.55541007 -0.71911304
vn -0.41760757 0.55541007 -0.71911304
vn -0.55226837 0.62696409 -0.54946853
vn -0.46339406 0.71279086 -0.52649325
vn -0.55226837 0.62696409 -0.54946853
vn -0.41758438 0.55547922 -0.71907310
vn -0.47210398 0.48030405 -0.73920623
vn -0.47212665 0.48022711 -0.73924174
vn -0.62433186 0.52752692 -0.57612940
vn -0.55219887 0.62699872 -0.54949888
vn -0.62429892 0.52759909 -0.57609900
vn -0.47210398 0.48030405 -0.73920623
vn -0.51229438 0.39709564 -0.76149164
vn -0.51229438 0.39709564 -0.76149164
vn -0.67742426 0.41751495 -0.60562169
vn -0.62433186 0.52752692 -0.57612940
vn -0.67742426 0.41751495 -0.60562169
vn -0.51229438 0.39709564 -0.76149164
vn -0.53688168 0.30838947 -0.78527320
vn -0.53688168 0.30838947 -0.78527320
vn -0.70998257 0.30029263 -0.63698437
vn -0.67742426 0.41751495 -0.60562169
vn -0.70998257 0.30029263 -0.63698437
vn -0.53688168 0.30838947 -0.78527320
vn -0.54510026 0.21700010 -0.80980038
vn -0.54510026 0.21700010 -0.80980038
vn -0.72090810 0.17940202 -0.66940752
vn -0.70998257 0.30029263 -0.63698437
vn -0.72090810 0.17940202 -0.66940752
vn -0.54510026 0.21700010 -0.80980038
vn -0.53688165 0.12549571 -0.83427149
vn -0.53688165 0.12549571 -0.83427149
vn -0.70993841 0.05840316 -0.70183797
vn -0.72090810 0.17940202 -0.66940752
vn -0.70998385 0.05849867 -0.70178404
vn -0.53687491 0.12559413 -0.83426102
vn -0.51230592 0.03690043 -0.85800991
vn -0.51230592 0.03690043 -0.85800991
vn -0.67743034 -0.05880263 -0.73323283
vn -0.70998385 0.05849867 -0.70178404
vn -0.67743034 -0.05880263 -0.73323283
vn -0.51230592 0.03690043 -0.85800991
vn -0.47211176 -0.04630115 -0.88032192
vn -0.47211176 -0.04630115 -0.88032192
vn -0.62431398 -0.16880378 -0.76271708
vn -0.67743034 -0.05880263 -0.73323283
vn -0.62431398 -0.16880378 -0.76271708
vn -0.47211176 -0.04630115 -0.88032192
vn -0.41758909 -0.12149683 -0.90047647
vn -0.41758909 -0.12149683 -0.90047647
vn -0.55219767 -0.26819887 -0.78939667
vn -0.62431398 -0.16880378 -0.76271708
vn -0.55219767 -0.26819887 -0.78939667
vn -0.41758909 -0.12149683 -0.90047647
vn -0.35038852 -0.18639389 -0.91786993
vn -0.35038852 -0.18639389 -0.91786993
vn -0.46338857 -0.35399127 -0.81237997
vn -0.55219767 -0.26819887 -0.78939667
vn -0.46340981 -0.35410750 -0.81231720
vn -0.35038852 -0.18639389 -0.91786993
vn -0.27258588 -0.23908762 -0.93195174
vn -0.27258588 -0.23908762 -0.93195174
vn -0.36040525 -0.42370618 -0.83101211
vn -0.46340981 -0.35410750 -0.81231720
vn -0.36040525 -0.42370618 -0.83101211
vn -0.27259240 -0.23899334 -0.93197402
vn -0.18639669 -0.27779506 -0.94238324
vn -0.18639669 -0.27779506 -0.94238324
vn -0.24658476 -0.47497065 -0.84474780
vn -0.36049226 -0.42369090 -0.83098216
vn -0.24658476 -0.47497065 -0.84474780
vn -0.18649321 -0.27778988 -0.94236567
vn -0.09470178 -0.30160568 -0.94871786
vn -0.09470178 -0.30160568 -0.94871786
vn -0.12519585 -0.50638323 -0.85317174
vn -0.24658476 -0.47497065 -0.84474780
vn -0.12519585 -0.50638323 -0.85317174
vn -0.09470178 -0.30160568 -0.94871786
vn 0.00000000 -0.30959025 -0.95087006
vn 0.00000000 -0.30959025 -0.95087006
vn 0.00000000 -0.51699354 -0.85598930
vn -0.12519585 -0.50638323 -0.85317174
vn 0.00000000 -0.30959025 -0.95087006
vn 0.00000000 -0.10640248 -0.99432314
vn 0.06250069 -0.10110112 -0.99291099
vn 0.06250069 -0.10110112 -0.99291099
vn 0.09470178 -0.30160568 -0.94871786
vn 0.00000000 -0.30959025 -0.95087006
vn 0.09470178 -0.30160568 -0.94871786
vn 0.06250069 -0.10110112 -0.99291099
vn 0.12320006 -0.08540004 -0.98870045
vn 0.12320006 -0.08540004 -0.98870045
vn 0.18649321 -0.27778988 -0.94236567
vn 0.09470178 -0.30160568 -0.94871786
vn 0.18648803 -0.27788216 -0.94233949
vn 0.12320006 -0.08540004 -0.98870045
vn 0.18000835 -0.05980277 -0.98184552
vn 0.18000835 -0.05980277 -0.98184552
vn 0.27258588 -0.23908762 -0.93195174
vn 0.18639669 -0.27779506 -0.94238324
vn 0.27258588 -0.23908762 -0.93195174
vn 0.18000835 -0.05980277 -0.98184552
vn 0.23150307 -0.02500033 -0.97251289
vn 0.23150307 -0.02500033 -0.97251289
vn 0.35038852 -0.18639389 -0.91786993
vn 0.27258588 -0.23908762 -0.93195174
vn 0.35038852 -0.18639389 -0.91786993
vn 0.23150307 -0.02500033 -0.97251289
vn 0.27581282 0.01790083 -0.96104467
vn 0.27581282 0.01790083 -0.96104467
vn 0.41758909 -0.12149683 -0.90047647
vn 0.35038852 -0.18639389 -0.91786993
vn 0.41758909 -0.12149683 -0.90047647
vn 0.27581282 0.01790083 -0.96104467
vn 0.31181180 0.06760256 -0.94773588
vn 0.31190208 0.06760045 -0.94770632
vn 0.47211176 -0.04630115 -0.88032192
vn 0.41758909 -0.12149683 -0.90047647
vn 0.47211176 -0.04630115 -0.88032192
vn 0.31190208 0.06760045 -0.94770632
vn 0.33839834 0.12249940 -0.93299542
vn 0.33839834 0.12249940 -0.93299542
vn 0.51230592 0.03690043 -0.85800991
vn 0.47211176 -0.04630115 -0.88032192
vn 0.51230592 0.03690043 -0.85800991
vn 0.33839834 0.12249940 -0.93299542
vn 0.35460396 0.18110202 -0.91731025
vn 0.35460396 0.18110202 -0.91731025
vn 0.53688165 0.12549571 -0.83427149
vn 0.51230592 0.03690043 -0.85800991
vn 0.53688165 0.12549571 -0.83427149
vn 0.35460396 0.18110202 -0.91731025
vn 0.36010442 0.24150296 -0.90111105
vn 0.36010442 0.24150296 -0.90111105
vn 0.54517054 0.21698827 -0.80975624
vn 0.53688165 0.12549571 -0.83427149
vn 0.54517054 0.21698827 -0.80975624
vn 0.36010442 0.24150296 -0.90111105
vn 0.35461192 0.30191015 -0.88492974
vn 0.35461192 0.30191015 -0.88492974
vn 0.53688168 0.30838947 -0.78527320
vn 0.54517054 0.21698827 -0.80975624
vn 0.53688168 0.30838947 -0.78527320
vn 0.35461192 0.30191015 -0.88492974
vn 0.33838558 0.36038465 -0.86926297
vn 0.33838558 0.36038465 -0.86926297
vn 0.51229438 0.39709564 -0.76149164
vn 0.53688168 0.30838947 -0.78527320
vn 0.51229438 0.39709564 -0.76149164
vn 0.33838558 0.36038465 -0.86926297
vn 0.31180832 0.41541108 -0.85452279
vn 0.31180832 0.41541108 -0.85452279
vn 0.47210398 0.48030405 -0.73920623
vn 0.51229438 0.39709564 -0.76149164
vn 0.47210398 0.48030405 -0.73920623
vn 0.31180832 0.41541108 -0.85452279
vn 0.27581268 0.46502137 -0.84123866
vn 0.27581268 0.46502137 -0.84123866
vn 0.41758438 0.55547922 -0.71907310
vn 0.47210398 0.48030405 -0.73920623
vn 0.41760757 0.55541007 -0.71911304
vn 0.27581268 0.46502137 -0.84123866
vn 0.23150501 0.50791098 -0.82971794
vn 0.23150501 0.50791098 -0.82971794
vn 0.35038963 0.62038163 -0.70167923
vn 0.41758438 0.55547922 -0.71907310
vn 0.35038963 0.62038163 -0.70167923
vn 0.23150501 0.50791098 -0.82971794
vn 0.18000185 0.54270558 -0.82040843
vn 0.18000185 0.54270558 -0.82040843
vn 0.27259543 0.67298872 -0.68758848
vn 0.35038963 0.62038163 -0.70167923
vn 0.27259543 0.67298872 -0.68758848
vn 0.18000185 0.54270558 -0.82040843
vn 0.12319457 0.56827497 -0.81356417
vn 0.12319457 0.56827497 -0.81356417
vn 0.18639962 0.71179856 -0.67719863
vn 0.27259543 0.67298872 -0.68758848
vn 0.18649615 0.71178529 -0.67718601
vn 0.12319457 0.56827497 -0.81356417
vn 0.06249717 0.58397354 -0.80936333
vn 0.06250223 0.58402081 -0.80932884
vn 0.09469772 0.73558231 -0.67078387
vn 0.18649615 0.71178529 -0.67718601
vn 0.09469772 0.73558231 -0.67078387
vn 0.06250223 0.58402081 -0.80932884
vn 0.00000000 0.58930681 -0.80790933
vn 0.00000000 0.58930681 -0.80790933
vn 0.00000000 0.74356258 -0.66866635
vn 0.09469772 0.73558231 -0.67078387
vn 0.00000000 0.74356258 -0.66866635
vn 0.00000000 0.58930681 -0.80790933
vn -0.06249717 0.58397354 -0.80936333
vn -0.06250223 0.58402081 -0.80932884
vn -0.09469772 0.73558231 -0.67078387
vn 0.00000000 0.74356258 -0.66866635
vn -0.09469772 0.73558231 -0.67078387
vn -0.06249717 0.58397354 -0.80936333
vn -0.12319457 0.56827497 -0.81356417
vn -0.12319457 0.56827497 -0.81356417
vn -0.18649615 0.71178529 -0.67718601
vn -0.09469772 0.73558231 -0.67078387
vn -0.18639962 0.71179856 -0.67719863
vn -0.12319457 0.56827497 -0.81356417
vn -0.18000185 0.54270558 -0.82040843
vn -0.18009861 0.54269580 -0.82039366
vn -0.27259543 0.67298872 -0.68758848
vn -0.18649615 0.71178529 -0.67718601
vn -0.27259543 0.67298872 -0.68758848
vn -0.18000185 0.54270558 -0.82040843
vn -0.23150501 0.50791098 -0.82971794
vn -0.23150501 0.50791098 -0.82971794
vn -0.35038963 0.62038163 -0.70167923
vn -0.27259543 0.67298872 -0.68758848
vn -0.35038963 0.62038163 -0.70167923
vn -0.23150501 0.50791098 -0.82971794
vn -0.27581268 0.46502137 -0.84123866
vn -0.27590507 0.46500854 -0.84121546
vn -0.41758438 0.55547922 -0.71907310
vn -0.35038963 0.62038163 -0.70167923
vn -0.41758438 0.55547922 -0.71907310
vn -0.27581268 0.46502137 -0.84123866
vn -0.31180832 0.41541108 -0.85452279
vn -0.31191155 0.41531538 -0.85453164
vn -0.47210398 0.48030405 -0.73920623
vn -0.41758438 0.55547922 -0.71907310
vn -0.47210398 0.48030405 -0.73920623
vn -0.31180832 0.41541108 -0.85452279
vn -0.33838558 0.36038465 -0.86926297
vn -0.33838558 0.36038465 -0.86926297
vn -0.51229438 0.39709564 -0.76149164
vn -0.47210398 0.48030405 -0.73920623
vn -0.51229438 0.39709564 -0.76149164
vn -0.33838558 0.36038465 -0.86926297
vn -0.35461192 0.30191015 -0.88492974
vn -0.35461192 0.30191015 -0.88492974
vn -0.53688168 0.30838947 -0.78527320
vn -0.51229438 0.39709564 -0.76149164
vn -0.53688168 0.30838947 -0.78527320
vn -0.35461192 0.30191015 -0.88492974
vn -0.36010442 0.24150296 -0.90111105
vn -0.36011311 0.24140879 -0.90113281
vn -0.54517054 0.21698827 -0.80975624
vn -0.53688168 0.30838947 -0.78527320
vn -0.54517054 0.21698827 -0.80975624
vn -0.36010442 0.24150296 -0.90111105
vn -0.35460396 0.18110202 -0.91731025
vn -0.35460396 0.18110202 -0.91731025
vn -0.53688165 0.12549571 -0.83427149
vn -0.54517054 0.21698827 -0.80975624
vn -0.53688165 0.12549571 -0.83427149
vn -0.35461038 0.18100530 -0.91732686
vn -0.33839834 0.12249940 -0.93299542
vn -0.33839834 0.12249940 -0.93299542
vn -0.51230592 0.03690043 -0.85800991
vn -0.53688165 0.12549571 -0.83427149
vn -0.51230592 0.03690043 -0.85800991
vn -0.33839834 0.12249940 -0.93299542
vn -0.31181180 0.06760256 -0.94773588
vn -0.31181391 0.06750301 -0.94774228
vn -0.47211176 -0.04630115 -0.88032192
vn -0.51230592 0.03690043 -0.85800991
vn -0.47211176 -0.04630115 -0.88032192
vn -0.31181391 0.06750301 -0.94774228
vn -0.27581282 0.01790083 -0.96104467
vn -0.27581282 0.01790083 -0.96104467
vn -0.41758909 -0.12149683 -0.90047647
vn -0.47211176 -0.04630115 -0.88032192
vn -0.41758909 -0.12149683 -0.90047647
vn -0.27581282 0.01790083 -0.96104467
vn -0.23150307 -0.02500033 -0.97251289
vn -0.23150307 -0.02500033 -0.97251289
vn -0.35038852 -0.18639389 -0.91786993
vn -0.41758909 -0.12149683 -0.90047647
vn -0.35038852 -0.18639389 -0.91786993
vn -0.23150307 -0.02500033 -0.97251289
vn -0.18000835 -0.05980277 -0.98184552
vn -0.18000835 -0.05980277 -0.98184552
vn -0.27258588 -0.23908762 -0.93195174
vn -0.35038852 -0.18639389 -0.91786993
vn -0.27258588 -0.23908762 -0.93195174
vn -0.18000835 -0.05980277 -0.98184552
vn -0.12310157 -0.08540109 -0.98871263
vn -0.12320006 -0.08540004 -0.98870045
vn -0.18639669 -0.27779506 -0.94238324
vn -0.27258588 -0.23908762 -0.93195174
vn -0.18648803 -0.27788216 -0.94233949
vn -0.12320006 -0.08540004 -0.98870045
vn -0.06250069 -0.10110112 -0.99291099
vn -0.06250069 -0.10110112 -0.99291099
vn -0.09470178 -0.30160568 -0.94871786
vn -0.18649321 -0.27778988 -0.94236567
vn -0.09470178 -0.30160568 -0.94871786
vn -0.06250069 -0.10110112 -0.99291099
vn 0.00000000 -0.10640248 -0.99432314
vn 0.00000000 -0.10640248 -0.99432314
vn 0.00000000 -0.30959025 -0.95087006
vn -0.09470178 -0.30160568 -0.94871786
vn 0.00000000 -0.10640248 -0.99432314
vn 0.00020001 0.05750261 -0.99834534
vn 0.03509849 0.06039741 -0.99755714
vn 0.03509849 0.06039741 -0.99755714
vn 0.06250069 -0.10110112 -0.99291099
vn 0.00000000 -0.10640248 -0.99432314
vn 0.06250069 -0.10110112 -0.99291099
vn 0.03499862 0.06039762 -0.99756064
vn 0.06899844 0.06529852 -0.99547743
vn 0.06899844 0.06529852 -0.99547743
vn 0.12320006 -0.08540004 -0.98870045
vn 0.06250069 -0.10110112 -0.99291099
vn 0.12320006 -0.08540004 -0.98870045
vn 0.06909796 0.06529807 -0.99547056
vn 0.10460381 0.07560276 -0.99163616
vn 0.10460381 0.07560276 -0.99163616
vn 0.18010511 -0.05980170 -0.98182784
vn 0.12320006 -0.08540004 -0.98870045
vn 0.18010511 -0.05980170 -0.98182784
vn 0.10460381 0.07560276 -0.99163616
vn 0.13739902 0.09349934 -0.98609299
vn 0.13739902 0.09349934 -0.98609299
vn 0.23150307 -0.02500033 -0.97251289
vn 0.18000835 -0.05980277 -0.98184552
vn 0.23150307 -0.02500033 -0.97251289
vn 0.13739902 0.09349934 -0.98609299
vn 0.16549818 0.11829870 -0.97908925
vn 0.16549818 0.11829870 -0.97908925
vn 0.27590521 0.01790034 -0.96101815
vn 0.23150307 -0.02500033 -0.97251289
vn 0.27590521 0.01790034 -0.96101815
vn 0.16549818 0.11829870 -0.97908925
vn 0.18710104 0.14880083 -0.97100541
vn 0.18710104 0.14880083 -0.97100541
vn 0.31190419 0.06750091 -0.94771272
vn 0.27590521 0.01790034 -0.96101815
vn 0.31190419 0.06750091 -0.94771272
vn 0.18710104 0.14880083 -0.97100541
vn 0.20090927 0.18310845 -0.96234441
vn 0.20090559 0.18320510 -0.96232678
vn 0.33839834 0.12249940 -0.93299542
vn 0.31190419 0.06750091 -0.94771272
vn 0.33839834 0.12249940 -0.93299542
vn 0.20100155 0.18320142 -0.96230744
vn 0.20649095 0.21929038 -0.95355819
vn 0.20649547 0.21919519 -0.95357909
vn 0.35461038 0.18100530 -0.91732686
vn 0.33839834 0.12249940 -0.93299542
vn 0.35461038 0.18100530 -0.91732686
vn 0.20659120 0.21919067 -0.95355940
vn 0.20679447 0.25349322 -0.94497473
vn 0.20690449 0.25360551 -0.94492051
vn 0.36010442 0.24150296 -0.90111105
vn 0.35460396 0.18110202 -0.91731025
vn 0.36011311 0.24140879 -0.90113281
vn 0.20689019 0.25348798 -0.94495518
vn 0.20399476 0.28759261 -0.93577595
vn 0.20399476 0.28759261 -0.93577595
vn 0.35461192 0.30191015 -0.88492974
vn 0.36010442 0.24150296 -0.90111105
vn 0.35461192 0.30191015 -0.88492974
vn 0.20399476 0.28759261 -0.93577595
vn 0.19799657 0.32119444 -0.92608396
vn 0.19799657 0.32119444 -0.92608396
vn 0.33841500 0.36041597 -0.86923853
vn 0.35462262 0.30181926 -0.88495646
vn 0.33841500 0.36041597 -0.86923853
vn 0.19799657 0.32119444 -0.92608396
vn 0.18579350 0.35538756 -0.91606793
vn 0.18579350 0.35538756 -0.91606793
vn 0.31189859 0.41539813 -0.85449615
vn 0.33841500 0.36041597 -0.86923853
vn 0.31189859 0.41539813 -0.85449615
vn 0.18579350 0.35538756 -0.91606793
vn 0.16569735 0.38649381 -0.90728547
vn 0.16569735 0.38649381 -0.90728547
vn 0.27590507 0.46500854 -0.84121546
vn 0.31189859 0.41539813 -0.85449615
vn 0.27589224 0.46508692 -0.84117634
vn 0.16569094 0.38657887 -0.90725040
vn 0.13869989 0.41279968 -0.90019929
vn 0.13870562 0.41271671 -0.90023645
vn 0.23150501 0.50791098 -0.82971794
vn 0.27590507 0.46500854 -0.84121546
vn 0.23150501 0.50791098 -0.82971794
vn 0.13870562 0.41271671 -0.90023645
vn 0.10649717 0.43238851 -0.89537620
vn 0.10649717 0.43238851 -0.89537620
vn 0.18009861 0.54269580 -0.82039366
vn 0.23150501 0.50791098 -0.82971794
vn 0.18009861 0.54269580 -0.82039366
vn 0.10649717 0.43238851 -0.89537620
vn 0.07090119 0.44460747 -0.89291501
vn 0.07089804 0.44468770 -0.89287531
vn 0.12319457 0.56827497 -0.81356417
vn 0.18000185 0.54270558 -0.82040843
vn 0.12319457 0.56827497 -0.81356417
vn 0.07090119 0.44460747 -0.89291501
vn 0.03410093 0.44911225 -0.89282435
vn 0.03409940 0.44919207 -0.89278425
vn 0.06250223 0.58402081 -0.80932884
vn 0.12320460 0.56832120 -0.81353035
vn 0.06250223 0.58402081 -0.80932884
vn 0.03410093 0.44911225 -0.89282435
vn -0.00020000 0.44929234 -0.89338477
vn -0.00020000 0.44929234 -0.89338477
vn 0.00000000 0.58930681 -0.80790933
vn 0.06250223 0.58402081 -0.80932884
vn 0.00000000 0.58930681 -0.80790933
vn -0.00019999 0.44937215 -0.89334463
vn -0.03499996 0.44649954 -0.89409908
vn -0.03499996 0.44649954 -0.89409908
vn -0.06250223 0.58402081 -0.80932884
vn 0.00000000 0.58930681 -0.80790933
vn -0.06250223 0.58402081 -0.80932884
vn -0.03499996 0.44649954 -0.89409908
vn -0.06900322 0.44122062 -0.89474182
vn -0.06899705 0.44118114 -0.89476176
vn -0.12320460 0.56832120 -0.81353035
vn -0.06250223 0.58402081 -0.80932884
vn -0.12320460 0.56832120 -0.81353035
vn -0.06910275 0.44121757 -0.89473564
vn -0.10459598 0.43038346 -0.89656554
vn -0.10459598 0.43038346 -0.89656554
vn -0.18009861 0.54269580 -0.82039366
vn -0.12320460 0.56832120 -0.81353035
vn -0.18009861 0.54269580 -0.82039366
vn -0.10459598 0.43038346 -0.89656554
vn -0.13740236 0.41210708 -0.90071547
vn -0.13740236 0.41210708 -0.90071547
vn -0.23150501 0.50791098 -0.82971794
vn -0.18009861 0.54269580 -0.82039366
vn -0.23150501 0.50791098 -0.82971794
vn -0.13740236 0.41210708 -0.90071547
vn -0.16549445 0.38708702 -0.90706958
vn -0.16549445 0.38708702 -0.90706958
vn -0.27590507 0.46500854 -0.84121546
vn -0.23150501 0.50791098 -0.82971794
vn -0.27590507 0.46500854 -0.84121546
vn -0.16549445 0.38708702 -0.90706958
vn -0.18710523 0.35660997 -0.91532560
vn -0.18710523 0.35660997 -0.91532560
vn -0.31189859 0.41539813 -0.85449615
vn -0.27589224 0.46508692 -0.84117634
vn -0.31189859 0.41539813 -0.85449615
vn -0.18700873 0.35661665 -0.91534272
vn -0.20089432 0.32259088 -0.92497384
vn -0.20089432 0.32259088 -0.92497384
vn -0.33841500 0.36041597 -0.86923853
vn -0.31189859 0.41539813 -0.85449615
vn -0.33841500 0.36041597 -0.86923853
vn -0.20099028 0.32258439 -0.92495525
vn -0.20650754 0.28691047 -0.93543413
vn -0.20650754 0.28691047 -0.93543413
vn -0.35461192 0.30191015 -0.88492974
vn -0.33841500 0.36041597 -0.86923853
vn -0.35461192 0.30191015 -0.88492974
vn -0.20660327 0.28690454 -0.93541481
vn -0.20680634 0.25290776 -0.94512899
vn -0.20690207 0.25290253 -0.94510944
vn -0.36010442 0.24150296 -0.90111105
vn -0.35461192 0.30191015 -0.88492974
vn -0.36011311 0.24140879 -0.90113281
vn -0.20680634 0.25290776 -0.94512899
vn -0.20400132 0.21880141 -0.95420616
vn -0.20400132 0.21880141 -0.95420616
vn -0.35460396 0.18110202 -0.91731025
vn -0.36010442 0.24150296 -0.90111105
vn -0.35460396 0.18110202 -0.91731025
vn -0.20400132 0.21880141 -0.95420616
vn -0.19800091 0.18490085 -0.96260444
vn -0.19800457 0.18480427 -0.96262224
vn -0.33839834 0.12249940 -0.93299542
vn -0.35461038 0.18100530 -0.91732686
vn -0.33839834 0.12249940 -0.93299542
vn -0.19800457 0.18480427 -0.96262224
vn -0.18580718 0.15020581 -0.97103754
vn -0.18580439 0.15030355 -0.97102295
vn -0.31190419 0.06750091 -0.94771272
vn -0.33839834 0.12249940 -0.93299542
vn -0.31190419 0.06750091 -0.94771272
vn -0.18580718 0.15020581 -0.97103754
vn -0.16569713 0.11889794 -0.97898301
vn -0.16569713 0.11889794 -0.97898301
vn -0.27590521 0.01790034 -0.96101815
vn -0.31190419 0.06750091 -0.94771272
vn -0.27581282 0.01790083 -0.96104467
vn -0.16569713 0.11889794 -0.97898301
vn -0.13869813 0.09269875 -0.98598670
vn -0.13869813 0.09269875 -0.98598670
vn -0.23150307 -0.02500033 -0.97251289
vn -0.27590521 0.01790034 -0.96101815
vn -0.23150307 -0.02500033 -0.97251289
vn -0.13869813 0.09269875 -0.98598670
vn -0.10650154 0.07320106 -0.99161435
vn -0.10650154 0.07320106 -0.99161435
vn -0.18000835 -0.05980277 -0.98184552
vn -0.23150307 -0.02500033 -0.97251289
vn -0.18000942 -0.05970312 -0.98185139
vn -0.10650154 0.07320106 -0.99161435
vn -0.07089943 0.06139950 -0.99559197
vn -0.07089943 0.06139950 -0.99559197
vn -0.12320006 -0.08540004 -0.98870045
vn -0.18010511 -0.05980170 -0.98182784
vn -0.12320006 -0.08540004 -0.98870045
vn -0.07089943 0.06139950 -0.99559197
vn -0.03399886 0.05749807 -0.99776653
vn -0.03409894 0.05739821 -0.99776887
vn -0.06250069 -0.10110112 -0.99291099
vn -0.12320006 -0.08540004 -0.98870045
vn -0.06250069 -0.10110112 -0.99291099
vn -0.03409894 0.05739821 -0.99776887
vn 0.00020001 0.05750261 -0.99834534
vn 0.00020001 0.05750261 -0.99834534
vn 0.00000000 -0.10640248 -0.99432314
vn -0.06250069 -0.10110112 -0.99291099
vn 0.17119689 -0.89468377 -0.41259251
vn 0.00000000 -0.90918473 -0.41639300
vn 0.00000000 -0.88520439 -0.46520231
vn 0.00000000 -0.88520439 -0.46520231
vn 0.16940332 -0.87091704 -0.46130903
vn 0.17119689 -0.89468377 -0.41259251
vn 0.33721724 -0.85174356 -0.40102051
vn 0.17119689 -0.89468377 -0.41259251
vn 0.16940332 -0.87091704 -0.46130903
vn 0.16940332 -0.87091704 -0.46130903
vn 0.33360909 -0.82842256 -0.44991225
vn 0.33720372 -0.85170939 -0.40110442
vn 0.49299399 -0.78159046 -0.38219534
vn 0.33721724 -0.85174356 -0.40102051
vn 0.33360909 -0.82842256 -0.44991225
vn 0.33360909 -0.82842256 -0.44991225
vn 0.48771171 -0.75901822 -0.43131036
vn 0.49299399 -0.78159046 -0.38219534
vn 0.63381742 -0.68631887 -0.35670981
vn 0.49299399 -0.78159046 -0.38219534
vn 0.48771171 -0.75901822 -0.43131036
vn 0.48769067 -0.75898548 -0.43139175
vn 0.62699835 -0.66479825 -0.40609893
vn 0.63381742 -0.68631887 -0.35670981
vn 0.75527765 -0.56898316 -0.32529037
vn 0.63377392 -0.68637176 -0.35668532
vn 0.62699835 -0.66479825 -0.40609893
vn 0.62699835 -0.66479825 -0.40609893
vn 0.74728347 -0.54858786 -0.37499170
vn 0.75527765 -0.56898316 -0.32529037
vn 0.85388307 -0.43299142 -0.28879427
vn 0.75527765 -0.56898316 -0.32529037
vn 0.74719831 -0.54869876 -0.37499915
vn 0.74719831 -0.54869876 -0.37499915
vn 0.84479195 -0.41409605 -0.33889677
vn 0.85388307 -0.43299142 -0.28879427
vn 0.92651818 -0.28250554 -0.24850488
vn 0.85388307 -0.43299142 -0.28879427
vn 0.84479195 -0.41409605 -0.33889677
vn 0.84479195 -0.41409605 -0.33889677
vn 0.91665152 -0.26521491 -0.29901681
vn 0.92651818 -0.28250554 -0.24850488
vn 0.97097806 -0.12219724 -0.20559535
vn 0.92651818 -0.28250554 -0.24850488
vn 0.91659979 -0.26529994 -0.29909993
vn 0.91659979 -0.26529994 -0.29909993
vn 0.96064411 -0.10660489 -0.25651178
vn 0.97097806 -0.12219724 -0.20559535
vn 0.98597649 0.04319897 -0.16119616
vn 0.97097806 -0.12219724 -0.20559535
vn 0.96061946 -0.10660216 -0.25660520
vn 0.96061946 -0.10660216 -0.25660520
vn 0.97545584 0.05699742 -0.21269037
vn 0.98597649 0.04319897 -0.16119616
vn 0.97099001 0.20859785 -0.11689880
vn 0.98596060 0.04319827 -0.16129355
vn 0.97545584 0.05699742 -0.21269037
vn 0.97545584 0.05699742 -0.21269037
vn 0.96062693 0.22060618 -0.16890474
vn 0.97099001 0.20859785 -0.11689880
vn 0.92651600 0.36890637 -0.07400128
vn 0.97099001 0.20859785 -0.11689880
vn 0.96062693 0.22060618 -0.16890474
vn 0.96062693 0.22060618 -0.16890474
vn 0.91659954 0.37929981 -0.12639994
vn 0.92651600 0.36890637 -0.07400128
vn 0.85387555 0.51938513 -0.03369904
vn 0.92651600 0.36890637 -0.07400128
vn 0.91663430 0.37921419 -0.12640473
vn 0.91661112 0.37930460 -0.12630153
vn 0.84477512 0.52808445 -0.08649745
vn 0.85387555 0.51938513 -0.03369904
vn 0.75528675 0.65538850 0.00279995
vn 0.85387555 0.51938513 -0.03369904
vn 0.84477512 0.52808445 -0.08649745
vn 0.84477512 0.52808445 -0.08649745
vn 0.74719279 0.66269361 -0.05039951
vn 0.75528675 0.65538850 0.00279995
vn 0.63377087 0.77276448 0.03419843
vn 0.75528675 0.65538850 0.00279995
vn 0.74724231 0.66263752 -0.05040285
vn 0.74728647 0.66258800 -0.05039909
vn 0.62699030 0.77878796 -0.01929970
vn 0.63377087 0.77276448 0.03419843
vn 0.49298791 0.86797872 0.05979853
vn 0.63377087 0.77276448 0.03419843
vn 0.62699030 0.77878796 -0.01929970
vn 0.62699030 0.77878796 -0.01929970
vn 0.48769632 0.87299341 0.00589996
vn 0.49299086 0.86798390 0.05969889
vn 0.33721725 0.93814799 0.07850402
vn 0.49299086 0.86798390 0.05969889
vn 0.48769632 0.87299341 0.00589996
vn 0.48769632 0.87299341 0.00589996
vn 0.33359884 0.94239672 0.02449991
vn 0.33721725 0.93814799 0.07850402
vn 0.14249727 0.98798110 0.05989885
vn 0.33721725 0.93814799 0.07850402
vn 0.33359884 0.94239672 0.02449991
vn 0.33359884 0.94239672 0.02449991
vn 0.16939888 0.98489351 0.03589976
vn 0.14249642 0.98797518 0.05999849
vn 0.00000000 0.99893675 0.04610170
vn 0.14249642 0.98797518 0.05999849
vn 0.16939888 0.98489351 0.03589976
vn 0.16939888 0.98489351 0.03589976
vn 0.00000000 0.99920765 0.03980030
vn 0.00000000 0.99893675 0.04610170
vn -0.14249642 0.98797518 0.05999849
vn 0.00000000 0.99893675 0.04610170
vn 0.00000000 0.99920765 0.03980030
vn 0.00000000 0.99920765 0.03980030
vn -0.16939888 0.98489351 0.03589976
vn -0.14249642 0.98797518 0.05999849
vn -0.33721725 0.93814799 0.07850402
vn -0.14249642 0.98797518 0.05999849
vn -0.16939888 0.98489351 0.03589976
vn -0.16939888 0.98489351 0.03589976
vn -0.33359884 0.94239672 0.02449991
vn -0.33721725 0.93814799 0.07850402
vn -0.49298791 0.86797872 0.05979853
vn -0.33721725 0.93814799 0.07850402
vn -0.33359884 0.94239672 0.02449991
vn -0.33359884 0.94239672 0.02449991
vn -0.48769632 0.87299341 0.00589996
vn -0.49299086 0.86798390 0.05969889
vn -0.63377087 0.77276448 0.03419843
vn -0.49299086 0.86798390 0.05969889
vn -0.48769632 0.87299341 0.00589996
vn -0.48769632 0.87299341 0.00589996
vn -0.62699030 0.77878796 -0.01929970
vn -0.63377087 0.77276448 0.03419843
vn -0.75528675 0.65538850 0.00279995
vn -0.63377087 0.77276448 0.03419843
vn -0.62699030 0.77878796 -0.01929970
vn -0.62699030 0.77878796 -0.01929970
vn -0.74728647 0.66258800 -0.05039909
vn -0.75528675 0.65538850 0.00279995
vn -0.85387555 0.51938513 -0.03369904
vn -0.75528675 0.65538850 0.00279995
vn -0.74724231 0.66263752 -0.05040285
vn -0.74724231 0.66263752 -0.05040285
vn -0.84477512 0.52808445 -0.08649745
vn -0.85387555 0.51938513 -0.03369904
vn -0.92651600 0.36890637 -0.07400128
vn -0.85387555 0.51938513 -0.03369904
vn -0.84477512 0.52808445 -0.08649745
vn -0.84477512 0.52808445 -0.08649745
vn -0.91663430 0.37921419 -0.12640473
vn -0.92651600 0.36890637 -0.07400128
vn -0.97099001 0.20859785 -0.11689880
vn -0.92651600 0.36890637 -0.07400128
vn -0.91659954 0.37929981 -0.12639994
vn -0.91659954 0.37929981 -0.12639994
vn -0.96062693 0.22060618 -0.16890474
vn -0.97099001 0.20859785 -0.11689880
vn -0.98597649 0.04319897 -0.16119616
vn -0.97099001 0.20859785 -0.11689880
vn -0.96062693 0.22060618 -0.16890474
vn -0.96062693 0.22060618 -0.16890474
vn -0.97545584 0.05699742 -0.21269037
vn -0.98597649 0.04319897 -0.16119616
vn -0.97097806 -0.12219724 -0.20559535
vn -0.98597649 0.04319897 -0.16119616
vn -0.97545584 0.05699742 -0.21269037
vn -0.97545584 0.05699742 -0.21269037
vn -0.96064411 -0.10660489 -0.25651178
vn -0.97097806 -0.12219724 -0.20559535
vn -0.92651818 -0.28250554 -0.24850488
vn -0.97097806 -0.12219724 -0.20559535
vn -0.96064411 -0.10660489 -0.25651178
vn -0.96064411 -0.10660489 -0.25651178
vn -0.91659979 -0.26529994 -0.29909993
vn -0.92651818 -0.28250554 -0.24850488
vn -0.85388307 -0.43299142 -0.28879427
vn -0.92651818 -0.28250554 -0.24850488
vn -0.91659979 -0.26529994 -0.29909993
vn -0.91662410 -0.26520697 -0.29910787
vn -0.84479195 -0.41409605 -0.33889677
vn -0.85388307 -0.43299142 -0.28879427
vn -0.75527765 -0.56898316 -0.32529037
vn -0.85388307 -0.43299142 -0.28879427
vn -0.84479195 -0.41409605 -0.33889677
vn -0.84479195 -0.41409605 -0.33889677
vn -0.74719831 -0.54869876 -0.37499915
vn -0.75527765 -0.56898316 -0.32529037
vn -0.63381742 -0.68631887 -0.35670981
vn -0.75527765 -0.56898316 -0.32529037
vn -0.74719831 -0.54869876 -0.37499915
vn -0.74728347 -0.54858786 -0.37499170
vn -0.62699835 -0.66479825 -0.40609893
vn -0.63377392 -0.68637176 -0.35668532
vn -0.49299399 -0.78159046 -0.38219534
vn -0.63377392 -0.68637176 -0.35668532
vn -0.62699835 -0.66479825 -0.40609893
vn -0.62699835 -0.66479825 -0.40609893
vn -0.48771171 -0.75901822 -0.43131036
vn -0.49299399 -0.78159046 -0.38219534
vn -0.33721724 -0.85174356 -0.40102051
vn -0.49299399 -0.78159046 -0.38219534
vn -0.48771171 -0.75901822 -0.43131036
vn -0.48771171 -0.75901822 -0.43131036
vn -0.33360909 -0.82842256 -0.44991225
vn -0.33720372 -0.85170939 -0.40110442
vn -0.17119689 -0.89468377 -0.41259251
vn -0.33721724 -0.85174356 -0.40102051
vn -0.33360909 -0.82842256 -0.44991225
vn -0.33360909 -0.82842256 -0.44991225
vn -0.16940332 -0.87091704 -0.46130903
vn -0.17119689 -0.89468377 -0.41259251
vn 0.00000000 -0.90914687 -0.41647566
vn -0.17119689 -0.89468377 -0.41259251
vn -0.16940332 -0.87091704 -0.46130903
vn -0.16940332 -0.87091704 -0.46130903
vn 0.00000000 -0.88520439 -0.46520231
vn 0.00000000 -0.90918473 -0.41639300
vn -0.16290410 0.80312023 0.57311443
vn 0.00000000 0.81689026 0.57679312
vn 0.00000000 0.88537115 0.46488485
vn 0.00000000 0.88537115 0.46488485
vn -0.16939724 0.87108581 0.46099249
vn -0.16290410 0.80312023 0.57311443
vn -0.32091893 0.76224495 0.56213315
vn -0.16290410 0.80312023 0.57311443
vn -0.16939724 0.87108581 0.46099249
vn -0.16939724 0.87108581 0.46099249
vn -0.33359882 0.82859707 0.44959841
vn -0.32091893 0.76224495 0.56213315
vn -0.46919471 0.69549217 0.54419387
vn -0.32091893 0.76224495 0.56213315
vn -0.33368769 0.82856942 0.44958341
vn -0.33368769 0.82856942 0.44958341
vn -0.48781399 0.75912177 0.43101236
vn -0.46919471 0.69549217 0.54419387
vn -0.60318996 0.60478994 0.51999135
vn -0.46919471 0.69549217 0.54419387
vn -0.48781399 0.75912177 0.43101236
vn -0.48781399 0.75912177 0.43101236
vn -0.62709371 0.66489333 0.40579593
vn -0.60318996 0.60478994 0.51999135
vn -0.71882838 0.49311947 0.49001934
vn -0.60318996 0.60478994 0.51999135
vn -0.62709371 0.66489333 0.40579593
vn -0.62709371 0.66489333 0.40579593
vn -0.74728550 0.54878935 0.37469273
vn -0.71882838 0.49311947 0.49001934
vn -0.81260585 0.36370262 0.45540328
vn -0.71882838 0.49311947 0.49001934
vn -0.74728550 0.54878935 0.37469273
vn -0.74728550 0.54878935 0.37469273
vn -0.84484282 0.41422099 0.33861716
vn -0.81260585 0.36370262 0.45540328
vn -0.88176451 0.22049113 0.41698322
vn -0.81264285 0.36371918 0.45532401
vn -0.84484282 0.41422099 0.33861716
vn -0.84484282 0.41422099 0.33861716
vn -0.91670104 0.26540030 0.29870034
vn -0.88176451 0.22049113 0.41698322
vn -0.92408964 0.06789924 0.37609578
vn -0.88176451 0.22049113 0.41698322
vn -0.91670104 0.26540030 0.29870034
vn -0.91670104 0.26540030 0.29870034
vn -0.96071546 0.10670172 0.25620412
vn -0.92408964 0.06789924 0.37609578
vn -0.93834394 -0.08950419 0.33391564
vn -0.92408964 0.06789924 0.37609578
vn -0.96071546 0.10670172 0.25620412
vn -0.96071546 0.10670172 0.25620412
vn -0.97552360 -0.05690138 0.21240514
vn -0.93834394 -0.08950419 0.33391564
vn -0.92409570 -0.24689885 0.29169864
vn -0.93834394 -0.08950419 0.33391564
vn -0.97552360 -0.05690138 0.21240514
vn -0.97552360 -0.05690138 0.21240514
vn -0.96072066 -0.22050474 0.16850362
vn -0.92406874 -0.24689165 0.29179013
vn -0.88174608 -0.39947557 0.25088466
vn -0.92406874 -0.24689165 0.29179013
vn -0.96072066 -0.22050474 0.16850362
vn -0.96072066 -0.22050474 0.16850362
vn -0.91669655 -0.37919857 0.12599953
vn -0.88174608 -0.39947557 0.25088466
vn -0.81260069 -0.54270046 0.21250018
vn -0.88174608 -0.39947557 0.25088466
vn -0.91669655 -0.37919857 0.12599953
vn -0.91669655 -0.37919857 0.12599953
vn -0.84484890 -0.52803056 0.08610498
vn -0.81260069 -0.54270046 0.21250018
vn -0.71879831 -0.67209842 0.17779958
vn -0.81260069 -0.54270046 0.21250018
vn -0.84480428 -0.52810268 0.08610044
vn -0.84480428 -0.52810268 0.08610044
vn -0.74729774 -0.66259799 0.05009985
vn -0.71879831 -0.67209842 0.17779958
vn -0.60317977 -0.78377371 0.14789504
vn -0.71879831 -0.67209842 0.17779958
vn -0.74729774 -0.66259799 0.05009985
vn -0.74729774 -0.66259799 0.05009985
vn -0.62710342 -0.77870424 0.01900010
vn -0.60317977 -0.78377371 0.14789504
vn -0.46919977 -0.87439958 0.12359994
vn -0.60317977 -0.78377371 0.14789504
vn -0.62710342 -0.77870424 0.01900010
vn -0.62710342 -0.77870424 0.01900010
vn -0.48777134 -0.87294870 -0.00629963
vn -0.46919977 -0.87439958 0.12359994
vn -0.32089892 -0.94119683 0.10569964
vn -0.46919977 -0.87439958 0.12359994
vn -0.48777134 -0.87294870 -0.00629963
vn -0.48777134 -0.87294870 -0.00629963
vn -0.33371668 -0.94234711 -0.02480124
vn -0.32089892 -0.94119683 0.10569964
vn -0.16289643 -0.98207846 0.09479792
vn -0.32089892 -0.94119683 0.10569964
vn -0.33371668 -0.94234711 -0.02480124
vn -0.33371668 -0.94234711 -0.02480124
vn -0.16920340 -0.98491977 -0.03610072
vn -0.16289643 -0.98207846 0.09479792
vn 0.00000000 -0.99584140 0.09110379
vn -0.16289643 -0.98207846 0.09479792
vn -0.16920340 -0.98491977 -0.03610072
vn -0.16920340 -0.98491977 -0.03610072
vn 0.00010000 -0.99919968 -0.03999999
vn 0.00000000 -0.99584140 0.09110379
vn 0.16289643 -0.98207846 0.09479792
vn 0.00000000 -0.99584140 0.09110379
vn 0.00010000 -0.99919968 -0.03999999
vn 0.00010000 -0.99919968 -0.03999999
vn 0.16929992 -0.98489954 -0.03619998
vn 0.16289643 -0.98207846 0.09479792
vn 0.32089892 -0.94119683 0.10569964
vn 0.16289643 -0.98207846 0.09479792
vn 0.16929992 -0.98489954 -0.03619998
vn 0.16929992 -0.98489954 -0.03619998
vn 0.33359554 -0.94238741 -0.02489967
vn 0.32089892 -0.94119683 0.10569964
vn 0.46919977 -0.87439958 0.12359994
vn 0.32089892 -0.94119683 0.10569964
vn 0.33368441 -0.94235596 -0.02489884
vn 0.33368441 -0.94235596 -0.02489884
vn 0.48777134 -0.87294870 -0.00629963
vn 0.46919977 -0.87439958 0.12359994
vn 0.60317977 -0.78377371 0.14789504
vn 0.46919977 -0.87439958 0.12359994
vn 0.48777134 -0.87294870 -0.00629963
vn 0.48781392 -0.87292490 -0.00630018
vn 0.62710342 -0.77870424 0.01900010
vn 0.60317977 -0.78377371 0.14789504
vn 0.71879831 -0.67209842 0.17779958
vn 0.60317977 -0.78377371 0.14789504
vn 0.62710342 -0.77870424 0.01900010
vn 0.62710342 -0.77870424 0.01900010
vn 0.74729774 -0.66259799 0.05009985
vn 0.71879831 -0.67209842 0.17779958
vn 0.81260069 -0.54270046 0.21250018
vn 0.71879831 -0.67209842 0.17779958
vn 0.74729774 -0.66259799 0.05009985
vn 0.74729774 -0.66259799 0.05009985
vn 0.84480428 -0.52810268 0.08610044
vn 0.81260069 -0.54270046 0.21250018
vn 0.88174608 -0.39947557 0.25088466
vn 0.81260069 -0.54270046 0.21250018
vn 0.84484890 -0.52803056 0.08610498
vn 0.84484890 -0.52803056 0.08610498
vn 0.91669655 -0.37919857 0.12599953
vn 0.88174608 -0.39947557 0.25088466
vn 0.92409570 -0.24689885 0.29169864
vn 0.88174608 -0.39947557 0.25088466
vn 0.91669655 -0.37919857 0.12599953
vn 0.91669655 -0.37919857 0.12599953
vn 0.96072066 -0.22050474 0.16850362
vn 0.92406874 -0.24689165 0.29179013
vn 0.93834394 -0.08950419 0.33391564
vn 0.92406874 -0.24689165 0.29179013
vn 0.96072066 -0.22050474 0.16850362
vn 0.96072066 -0.22050474 0.16850362
vn 0.97552360 -0.05690138 0.21240514
vn 0.93834394 -0.08950419 0.33391564
vn 0.92408964 0.06789924 0.37609578
vn 0.93834394 -0.08950419 0.33391564
vn 0.97552360 -0.05690138 0.21240514
vn 0.97552360 -0.05690138 0.21240514
vn 0.96071546 0.10670172 0.25620412
vn 0.92408964 0.06789924 0.37609578
vn 0.88176451 0.22049113 0.41698322
vn 0.92408964 0.06789924 0.37609578
vn 0.96071546 0.10670172 0.25620412
vn 0.96071546 0.10670172 0.25620412
vn 0.91670104 0.26540030 0.29870034
vn 0.88176451 0.22049113 0.41698322
vn 0.81260585 0.36370262 0.45540328
vn 0.88176451 0.22049113 0.41698322
vn 0.91670104 0.26540030 0.29870034
vn 0.91670104 0.26540030 0.29870034
vn 0.84484282 0.41422099 0.33861716
vn 0.81260585 0.36370262 0.45540328
vn 0.71882838 0.49311947 0.49001934
vn 0.81260585 0.36370262 0.45540328
vn 0.84484282 0.41422099 0.33861716
vn 0.84484282 0.41422099 0.33861716
vn 0.74728550 0.54878935 0.37469273
vn 0.71882838 0.49311947 0.49001934
vn 0.60318996 0.60478994 0.51999135
vn 0.71882838 0.49311947 0.49001934
vn 0.74728550 0.54878935 0.37469273
vn 0.74728550 0.54878935 0.37469273
vn 0.62709371 0.66489333 0.40579593
vn 0.60318996 0.60478994 0.51999135
vn 0.46916918 0.69545432 0.54426425
vn 0.60318996 0.60478994 0.51999135
vn 0.62709371 0.66489333 0.40579593
vn 0.62709371 0.66489333 0.40579593
vn 0.48781399 0.75912177 0.43101236
vn 0.46919471 0.69549217 0.54419387
vn 0.32091893 0.76224495 0.56213315
vn 0.46919471 0.69549217 0.54419387
vn 0.48781399 0.75912177 0.43101236
vn 0.48781399 0.75912177 0.43101236
vn 0.33368769 0.82856942 0.44958341
vn 0.32091893 0.76224495 0.56213315
vn 0.16290410 0.80312023 0.57311443
vn 0.32091893 0.76224495 0.56213315
vn 0.33359882 0.82859707 0.44959841
vn 0.33359882 0.82859707 0.44959841
vn 0.16939724 0.87108581 0.46099249
vn 0.16290410 0.80312023 0.57311443
vn 0.00000000 0.81689026 0.57679312
vn 0.16290410 0.80312023 0.57311443
vn 0.16939724 0.87108581 0.46099249
vn 0.16939724 0.87108581 0.46099249
vn 0.00000000 0.88537115 0.46488485
vn 0.00000000 0.81689026 0.57679312
vn -0.14909809 0.68399124 0.71409085
vn 0.00000000 0.69662984 0.71743074
vn 0.00010000 0.81689025 0.57679312
vn 0.00000000 0.81689026 0.57679312
vn -0.16290410 0.80312023 0.57311443
vn -0.14909809 0.68399124 0.71409085
vn -0.29361343 0.64662958 0.70403220
vn -0.14909809 0.68399124 0.71409085
vn -0.16290410 0.80312023 0.57311443
vn -0.16290410 0.80312023 0.57311443
vn -0.32091893 0.76224495 0.56213315
vn -0.29361343 0.64662958 0.70403220
vn -0.42929141 0.58548828 0.68768624
vn -0.29361343 0.64662958 0.70403220
vn -0.32090088 0.76220210 0.56220155
vn -0.32091893 0.76224495 0.56213315
vn -0.46919471 0.69549217 0.54419387
vn -0.42929141 0.58548828 0.68768624
vn -0.55187500 0.50257723 0.66546985
vn -0.42929141 0.58548828 0.68768624
vn -0.46909119 0.69548694 0.54428978
vn -0.46919471 0.69549217 0.54419387
vn -0.60318996 0.60478994 0.51999135
vn -0.55187500 0.50257723 0.66546985
vn -0.65767992 0.40038778 0.63808052
vn -0.55187500 0.50257723 0.66546985
vn -0.60308986 0.60488983 0.51999126
vn -0.60312634 0.60482642 0.52002271
vn -0.71882838 0.49311947 0.49001934
vn -0.65767992 0.40038778 0.63808052
vn -0.74353125 0.28201185 0.60632548
vn -0.65767992 0.40038778 0.63808052
vn -0.71879315 0.49309530 0.49009533
vn -0.71882838 0.49311947 0.49001934
vn -0.81260585 0.36370262 0.45540328
vn -0.74353125 0.28201185 0.60632548
vn -0.80681352 0.15090253 0.57120957
vn -0.74353125 0.28201185 0.60632548
vn -0.81260585 0.36370262 0.45540328
vn -0.81260585 0.36370262 0.45540328
vn -0.88176451 0.22049113 0.41698322
vn -0.80681352 0.15090253 0.57120957
vn -0.84552521 0.01130034 0.53381591
vn -0.80680134 0.15100025 0.57120095
vn -0.88172281 0.22060571 0.41701079
vn -0.88176451 0.22049113 0.41698322
vn -0.92408964 0.06789924 0.37609578
vn -0.84552521 0.01130034 0.53381591
vn -0.85858871 -0.13269826 0.49519349
vn -0.84552521 0.01130034 0.53381591
vn -0.92404860 0.06799622 0.37617908
vn -0.92408964 0.06789924 0.37609578
vn -0.93834394 -0.08950419 0.33391564
vn -0.85858871 -0.13269826 0.49519349
vn -0.84553522 -0.27671153 0.45661902
vn -0.85858871 -0.13269826 0.49519349
vn -0.93832100 -0.08940200 0.33400747
vn -0.93834394 -0.08950419 0.33391564
vn -0.92406874 -0.24689165 0.29179013
vn -0.84553522 -0.27671153 0.45661902
vn -0.80681591 -0.41630821 0.41920826
vn -0.84553522 -0.27671153 0.45661902
vn -0.92409155 -0.24679774 0.29179733
vn -0.92406874 -0.24689165 0.29179013
vn -0.88174608 -0.39947557 0.25088466
vn -0.80681591 -0.41630821 0.41920826
vn -0.74351048 -0.54740771 0.38410541
vn -0.80681591 -0.41630821 0.41920826
vn -0.88178130 -0.39939153 0.25089468
vn -0.88174608 -0.39947557 0.25088466
vn -0.81260069 -0.54270046 0.21250018
vn -0.74351048 -0.54740771 0.38410541
vn -0.65768530 -0.66578512 0.35239213
vn -0.74351048 -0.54740771 0.38410541
vn -0.81262752 -0.54261837 0.21260720
vn -0.81260069 -0.54270046 0.21250018
vn -0.71879831 -0.67209842 0.17779958
vn -0.65768530 -0.66578512 0.35239213
vn -0.55188824 -0.76798364 0.32499308
vn -0.65768530 -0.66578512 0.35239213
vn -0.71883384 -0.67203164 0.17790838
vn -0.71879831 -0.67209842 0.17779958
vn -0.60317977 -0.78377371 0.14789504
vn -0.55188824 -0.76798364 0.32499308
vn -0.42929632 -0.85089271 0.30279741
vn -0.55188824 -0.76798364 0.32499308
vn -0.60317977 -0.78377371 0.14789504
vn -0.60317977 -0.78377371 0.14789504
vn -0.46919977 -0.87439958 0.12359994
vn -0.42929632 -0.85089271 0.30279741
vn -0.29369579 -0.91198694 0.28639590
vn -0.42929632 -0.85089271 0.30279741
vn -0.46919397 -0.87438877 0.12369841
vn -0.46919977 -0.87439958 0.12359994
vn -0.32089892 -0.94119683 0.10569964
vn -0.29360442 -0.91201372 0.28640431
vn -0.14910088 -0.94940563 0.27640164
vn -0.29360442 -0.91201372 0.28640431
vn -0.32098522 -0.94115667 0.10579513
vn -0.32089892 -0.94119683 0.10569964
vn -0.16289643 -0.98207846 0.09479792
vn -0.14910088 -0.94940563 0.27640164
vn 0.00000000 -0.96201299 0.27300369
vn -0.14910088 -0.94940563 0.27640164
vn -0.16299377 -0.98206246 0.09479638
vn -0.16289643 -0.98207846 0.09479792
vn 0.00000000 -0.99584140 0.09110379
vn 0.00000000 -0.96201299 0.27300369
vn 0.14910088 -0.94940563 0.27640164
vn 0.00000000 -0.96201299 0.27300369
vn -0.00010000 -0.99584140 0.09110379
vn 0.00000000 -0.99584140 0.09110379
vn 0.16289643 -0.98207846 0.09479792
vn 0.14910088 -0.94940563 0.27640164
vn 0.29360442 -0.91201372 0.28640431
vn 0.14910088 -0.94940563 0.27640164
vn 0.16289643 -0.98207846 0.09479792
vn 0.16289643 -0.98207846 0.09479792
vn 0.32089892 -0.94119683 0.10569964
vn 0.29360442 -0.91201372 0.28640431
vn 0.42929632 -0.85089271 0.30279741
vn 0.29360442 -0.91201372 0.28640431
vn 0.32089553 -0.94118688 0.10579852
vn 0.32089892 -0.94119683 0.10569964
vn 0.46919977 -0.87439958 0.12359994
vn 0.42929632 -0.85089271 0.30279741
vn 0.55188824 -0.76798364 0.32499308
vn 0.42929632 -0.85089271 0.30279741
vn 0.46911598 -0.87442979 0.12370421
vn 0.46919977 -0.87439958 0.12359994
vn 0.60317977 -0.78377371 0.14789504
vn 0.55188824 -0.76798364 0.32499308
vn 0.65768530 -0.66578512 0.35239213
vn 0.55188824 -0.76798364 0.32499308
vn 0.60311615 -0.78382098 0.14790396
vn 0.60317977 -0.78377371 0.14789504
vn 0.71879831 -0.67209842 0.17779958
vn 0.65768530 -0.66578512 0.35239213
vn 0.74351048 -0.54740771 0.38410541
vn 0.65768530 -0.66578512 0.35239213
vn 0.71878553 -0.67208647 0.17789642
vn 0.71879831 -0.67209842 0.17779958
vn 0.81260069 -0.54270046 0.21250018
vn 0.74351048 -0.54740771 0.38410541
vn 0.80681591 -0.41630821 0.41920826
vn 0.74351048 -0.54740771 0.38410541
vn 0.81260069 -0.54270046 0.21250018
vn 0.81260069 -0.54270046 0.21250018
vn 0.88174608 -0.39947557 0.25088466
vn 0.80681591 -0.41630821 0.41920826
vn 0.84553522 -0.27671153 0.45661902
vn 0.80681591 -0.41630821 0.41920826
vn 0.88172383 -0.39951080 0.25090678
vn 0.88174608 -0.39947557 0.25088466
vn 0.92406874 -0.24689165 0.29179013
vn 0.84553522 -0.27671153 0.45661902
vn 0.85858871 -0.13269826 0.49519349
vn 0.84553522 -0.27671153 0.45661902
vn 0.92406874 -0.24689165 0.29179013
vn 0.92406874 -0.24689165 0.29179013
vn 0.93834394 -0.08950419 0.33391564
vn 0.85858871 -0.13269826 0.49519349
vn 0.84552521 0.01130034 0.53381591
vn 0.85858871 -0.13269826 0.49519349
vn 0.93831260 -0.08950120 0.33400449
vn 0.93834394 -0.08950419 0.33391564
vn 0.92408964 0.06789924 0.37609578
vn 0.84552521 0.01130034 0.53381591
vn 0.80681352 0.15090253 0.57120957
vn 0.84552521 0.01130034 0.53381591
vn 0.92409591 0.06779970 0.37609833
vn 0.92408964 0.06789924 0.37609578
vn 0.88176451 0.22049113 0.41698322
vn 0.80681352 0.15090253 0.57120957
vn 0.74353125 0.28201185 0.60632548
vn 0.80681352 0.15090253 0.57120957
vn 0.88178395 0.22039599 0.41699241
vn 0.88176451 0.22049113 0.41698322
vn 0.81260585 0.36370262 0.45540328
vn 0.74353125 0.28201185 0.60632548
vn 0.65767992 0.40038778 0.63808052
vn 0.74353125 0.28201185 0.60632548
vn 0.81263540 0.36361584 0.45541984
vn 0.81260585 0.36370262 0.45540328
vn 0.71882838 0.49311947 0.49001934
vn 0.65767992 0.40038778 0.63808052
vn 0.55187500 0.50257723 0.66546985
vn 0.65767992 0.40038778 0.63808052
vn 0.71879315 0.49309530 0.49009533
vn 0.71882838 0.49311947 0.49001934
vn 0.60318996 0.60478994 0.51999135
vn 0.55187500 0.50257723 0.66546985
vn 0.42929141 0.58548828 0.68768624
vn 0.55187500 0.50257723 0.66546985
vn 0.60318996 0.60478994 0.51999135
vn 0.60318996 0.60478994 0.51999135
vn 0.46916918 0.69545432 0.54426425
vn 0.42929141 0.58548828 0.68768624
vn 0.29370481 0.64661059 0.70401153
vn 0.42929141 0.58548828 0.68768624
vn 0.46920181 0.69540268 0.54430210
vn 0.46919471 0.69549217 0.54419387
vn 0.32091893 0.76224495 0.56213315
vn 0.29361343 0.64662958 0.70403220
vn 0.14909809 0.68399124 0.71409085
vn 0.29361343 0.64662958 0.70403220
vn 0.32099058 0.76217764 0.56218351
vn 0.32091893 0.76224495 0.56213315
vn 0.16290410 0.80312023 0.57311443
vn 0.14909809 0.68399124 0.71409085
vn 0.00000000 0.69662984 0.71743074
vn 0.14909809 0.68399124 0.71409085
vn 0.16300145 0.80310714 0.57310509
vn 0.16290410 0.80312023 0.57311443
vn 0.00000000 0.81689026 0.57679312
vn 0.00000000 0.69662984 0.71743074
vn -0.12520219 0.50630887 0.85321494
vn 0.00000000 0.51687601 0.85606027
vn 0.00000000 0.69662984 0.71743074
vn 0.00000000 0.69662984 0.71743074
vn -0.14909809 0.68399124 0.71409085
vn -0.12519151 0.50626567 0.85324214
vn -0.24651426 0.47482746 0.84484886
vn -0.12520219 0.50630887 0.85321494
vn -0.14909809 0.68399124 0.71409085
vn -0.14909809 0.68399124 0.71409085
vn -0.29361343 0.64662958 0.70403220
vn -0.24650255 0.47490492 0.84480874
vn -0.36039057 0.42358892 0.83107826
vn -0.24650255 0.47490492 0.84480874
vn -0.29361343 0.64662958 0.70403220
vn -0.29370481 0.64661059 0.70401153
vn -0.42929141 0.58548828 0.68768624
vn -0.36039057 0.42358892 0.83107826
vn -0.46331004 0.35400767 0.81241761
vn -0.36039057 0.42358892 0.83107826
vn -0.42929141 0.58548828 0.68768624
vn -0.42929141 0.58548828 0.68768624
vn -0.55187500 0.50257723 0.66546985
vn -0.46331004 0.35400767 0.81241761
vn -0.55221248 0.26810606 0.78941784
vn -0.46331004 0.35400767 0.81241761
vn -0.55191172 0.50261067 0.66541413
vn -0.55191172 0.50261067 0.66541413
vn -0.65767992 0.40038778 0.63808052
vn -0.55221248 0.26810606 0.78941784
vn -0.62421586 0.16870429 0.76281939
vn -0.55221248 0.26810606 0.78941784
vn -0.65767992 0.40038778 0.63808052
vn -0.65767992 0.40038778 0.63808052
vn -0.74353125 0.28201185 0.60632548
vn -0.62421586 0.16870429 0.76281939
vn -0.67733052 0.05870265 0.73333305
vn -0.62427690 0.16869376 0.76277177
vn -0.74353125 0.28201185 0.60632548
vn -0.74353125 0.28201185 0.60632548
vn -0.80681352 0.15090253 0.57120957
vn -0.67732654 0.05880230 0.73332874
vn -0.70983482 -0.05850287 0.70193443
vn -0.67738464 0.05869867 0.73328338
vn -0.80681352 0.15090253 0.57120957
vn -0.80681352 0.15090253 0.57120957
vn -0.84552521 0.01130034 0.53381591
vn -0.70988443 -0.05849872 0.70188460
vn -0.72081180 -0.17940294 0.66951096
vn -0.70983482 -0.05850287 0.70193443
vn -0.84552521 0.01130034 0.53381591
vn -0.84552521 0.01130034 0.53381591
vn -0.85858871 -0.13269826 0.49519349
vn -0.72081180 -0.17940294 0.66951096
vn -0.70988775 -0.30029482 0.63708901
vn -0.72081180 -0.17940294 0.66951096
vn -0.85858871 -0.13269826 0.49519349
vn -0.85858871 -0.13269826 0.49519349
vn -0.84553522 -0.27671153 0.45661902
vn -0.70983814 -0.30031614 0.63713423
vn -0.67738323 -0.41748967 0.60568501
vn -0.70983814 -0.30031614 0.63713423
vn -0.84553522 -0.27671153 0.45661902
vn -0.84553522 -0.27671153 0.45661902
vn -0.80678232 -0.41639087 0.41919081
vn -0.67732912 -0.41751795 0.60572604
vn -0.62423486 -0.52752946 0.57623217
vn -0.67738323 -0.41748967 0.60568501
vn -0.80681591 -0.41630821 0.41920826
vn -0.80681591 -0.41630821 0.41920826
vn -0.74351048 -0.54740771 0.38410541
vn -0.62429589 -0.52749652 0.57619620
vn -0.55220314 -0.62690357 0.54960313
vn -0.62423486 -0.52752946 0.57623217
vn -0.74355118 -0.54733767 0.38412644
vn -0.74351048 -0.54740771 0.38410541
vn -0.65768530 -0.66578512 0.35239213
vn -0.55220314 -0.62690357 0.54960313
vn -0.46329113 -0.71278635 0.52658992
vn -0.55220314 -0.62690357 0.54960313
vn -0.65768530 -0.66578512 0.35239213
vn -0.65768530 -0.66578512 0.35239213
vn -0.55188824 -0.76798364 0.32499308
vn -0.46329113 -0.71278635 0.52658992
vn -0.36039994 -0.78239987 0.50789992
vn -0.46329113 -0.71278635 0.52658992
vn -0.55188824 -0.76798364 0.32499308
vn -0.55188824 -0.76798364 0.32499308
vn -0.42929632 -0.85089271 0.30279741
vn -0.36039994 -0.78239987 0.50789992
vn -0.24649364 -0.83367850 0.49418726
vn -0.36039994 -0.78239987 0.50789992
vn -0.42929632 -0.85089271 0.30279741
vn -0.42929632 -0.85089271 0.30279741
vn -0.29360442 -0.91201372 0.28640431
vn -0.24658756 -0.83365795 0.49417507
vn -0.12519532 -0.86506769 0.48578186
vn -0.24649364 -0.83367850 0.49418726
vn -0.29369579 -0.91198694 0.28639590
vn -0.29360442 -0.91201372 0.28640431
vn -0.14910088 -0.94940563 0.27640164
vn -0.12519532 -0.86506769 0.48578186
vn 0.00000000 -0.87568122 0.48288964
vn -0.12519532 -0.86506769 0.48578186
vn -0.14910088 -0.94940563 0.27640164
vn -0.14910088 -0.94940563 0.27640164
vn 0.00000000 -0.96201299 0.27300369
vn 0.00000000 -0.87561560 0.48300861
vn 0.12519532 -0.86506769 0.48578186
vn 0.00000000 -0.87568122 0.48288964
vn 0.00000000 -0.96201299 0.27300369
vn 0.00000000 -0.96201299 0.27300369
vn 0.14910088 -0.94940563 0.27640164
vn 0.12519532 -0.86506769 0.48578186
vn 0.24651419 -0.83364800 0.49422846
vn 0.12519532 -0.86506769 0.48578186
vn 0.14910088 -0.94940563 0.27640164
vn 0.14910088 -0.94940563 0.27640164
vn 0.29369579 -0.91198694 0.28639590
vn 0.24649364 -0.83367850 0.49418726
vn 0.36038164 -0.78236013 0.50797411
vn 0.24649364 -0.83367850 0.49418726
vn 0.29360442 -0.91201372 0.28640431
vn 0.29369579 -0.91198694 0.28639590
vn 0.42929632 -0.85089271 0.30279741
vn 0.36039994 -0.78239987 0.50789992
vn 0.46332415 -0.71273716 0.52662745
vn 0.36038164 -0.78236013 0.50797411
vn 0.42929632 -0.85089271 0.30279741
vn 0.42929632 -0.85089271 0.30279741
vn 0.55188824 -0.76798364 0.32499308
vn 0.46329113 -0.71278635 0.52658992
vn 0.55220314 -0.62690357 0.54960313
vn 0.46329113 -0.71278635 0.52658992
vn 0.55188824 -0.76798364 0.32499308
vn 0.55188824 -0.76798364 0.32499308
vn 0.65768530 -0.66578512 0.35239213
vn 0.55220314 -0.62690357 0.54960313
vn 0.62423486 -0.52752946 0.57623217
vn 0.55220314 -0.62690357 0.54960313
vn 0.65768530 -0.66578512 0.35239213
vn 0.65768530 -0.66578512 0.35239213
vn 0.74351048 -0.54740771 0.38410541
vn 0.62419888 -0.52749906 0.57629897
vn 0.67738323 -0.41748967 0.60568501
vn 0.62423486 -0.52752946 0.57623217
vn 0.74351048 -0.54740771 0.38410541
vn 0.74351048 -0.54740771 0.38410541
vn 0.80681591 -0.41630821 0.41920826
vn 0.67732912 -0.41751795 0.60572604
vn 0.70988775 -0.30029482 0.63708901
vn 0.67738323 -0.41748967 0.60568501
vn 0.80681591 -0.41630821 0.41920826
vn 0.80681591 -0.41630821 0.41920826
vn 0.84553522 -0.27671153 0.45661902
vn 0.70988775 -0.30029482 0.63708901
vn 0.72081180 -0.17940294 0.66951096
vn 0.70983814 -0.30031614 0.63713423
vn 0.84553522 -0.27671153 0.45661902
vn 0.84553522 -0.27671153 0.45661902
vn 0.85858871 -0.13269826 0.49519349
vn 0.72081180 -0.17940294 0.66951096
vn 0.70988443 -0.05849872 0.70188460
vn 0.72081180 -0.17940294 0.66951096
vn 0.85858871 -0.13269826 0.49519349
vn 0.85858871 -0.13269826 0.49519349
vn 0.84552521 0.01130034 0.53381591
vn 0.70988443 -0.05849872 0.70188460
vn 0.67738464 0.05869867 0.73328338
vn 0.70988443 -0.05849872 0.70188460
vn 0.84552521 0.01130034 0.53381591
vn 0.84552521 0.01130034 0.53381591
vn 0.80681352 0.15090253 0.57120957
vn 0.67738464 0.05869867 0.73328338
vn 0.62421586 0.16870429 0.76281939
vn 0.67733052 0.05870265 0.73333305
vn 0.80681352 0.15090253 0.57120957
vn 0.80680134 0.15100025 0.57120095
vn 0.74353125 0.28201185 0.60632548
vn 0.62427690 0.16869376 0.76277177
vn 0.55219767 0.26819887 0.78939667
vn 0.62421586 0.16870429 0.76281939
vn 0.74353125 0.28201185 0.60632548
vn 0.74353125 0.28201185 0.60632548
vn 0.65767992 0.40038778 0.63808052
vn 0.55219767 0.26819887 0.78939667
vn 0.46331004 0.35400767 0.81241761
vn 0.55221248 0.26810606 0.78941784
vn 0.65767992 0.40038778 0.63808052
vn 0.65767992 0.40038778 0.63808052
vn 0.55187500 0.50257723 0.66546985
vn 0.46331004 0.35400767 0.81241761
vn 0.36039057 0.42358892 0.83107826
vn 0.46331004 0.35400767 0.81241761
vn 0.55191172 0.50261067 0.66541413
vn 0.55191172 0.50261067 0.66541413
vn 0.42929141 0.58548828 0.68768624
vn 0.36039057 0.42358892 0.83107826
vn 0.24650255 0.47490492 0.84480874
vn 0.36039057 0.42358892 0.83107826
vn 0.42929141 0.58548828 0.68768624
vn 0.42929141 0.58548828 0.68768624
vn 0.29361343 0.64662958 0.70403220
vn 0.24659647 0.47489321 0.84478792
vn 0.12509308 0.50627201 0.85325282
vn 0.24651426 0.47482746 0.84484886
vn 0.29370481 0.64661059 0.70401153
vn 0.29361343 0.64662958 0.70403220
vn 0.14909809 0.68399124 0.71409085
vn 0.12520219 0.50630887 0.85321494
vn 0.00000000 0.51687601 0.85606027
vn 0.12520219 0.50630887 0.85321494
vn 0.14909809 0.68399124 0.71409085
vn 0.14909809 0.68399124 0.71409085
vn 0.00000000 0.69662984 0.71743074
vn 0.00000000 0.51680273 0.85610452
vn -0.09460226 0.30130719 0.94882263
vn 0.00000000 0.30928956 0.95096791
vn 0.00000000 0.51680273 0.85610452
vn 0.00000000 0.51687601 0.85606027
vn -0.12520219 0.50630887 0.85321494
vn -0.09460226 0.30130719 0.94882263
vn -0.18638947 0.27758432 0.94244677
vn -0.09460226 0.30130719 0.94882263
vn -0.12520219 0.50630887 0.85321494
vn -0.12520219 0.50630887 0.85321494
vn -0.24650255 0.47490492 0.84480874
vn -0.18638947 0.27758432 0.94244677
vn -0.27239488 0.23879551 0.93208247
vn -0.18638947 0.27758432 0.94244677
vn -0.24650255 0.47490492 0.84480874
vn -0.24650255 0.47490492 0.84480874
vn -0.36039057 0.42358892 0.83107826
vn -0.27239488 0.23879551 0.93208247
vn -0.35028169 0.18619027 0.91795202
vn -0.27248745 0.23878900 0.93205708
vn -0.36039057 0.42358892 0.83107826
vn -0.36039057 0.42358892 0.83107826
vn -0.46331004 0.35400767 0.81241761
vn -0.35028169 0.18619027 0.91795202
vn -0.41739649 0.12129898 0.90059243
vn -0.35028169 0.18619027 0.91795202
vn -0.46331004 0.35400767 0.81241761
vn -0.46331004 0.35400767 0.81241761
vn -0.55221248 0.26810606 0.78941784
vn -0.41739649 0.12129898 0.90059243
vn -0.47191694 0.04620166 0.88043160
vn -0.41739649 0.12129898 0.90059243
vn -0.55221248 0.26810606 0.78941784
vn -0.55221248 0.26810606 0.78941784
vn -0.62421586 0.16870429 0.76281939
vn -0.47191912 0.04610187 0.88043567
vn -0.51206860 -0.03699773 0.85814738
vn -0.47191694 0.04620166 0.88043160
vn -0.62421586 0.16870429 0.76281939
vn -0.62421586 0.16870429 0.76281939
vn -0.67733052 0.05870265 0.73333305
vn -0.51199482 -0.03699963 0.85819132
vn -0.53661656 -0.12560388 0.83442575
vn -0.51199482 -0.03699963 0.85819132
vn -0.67733052 0.05870265 0.73333305
vn -0.67733052 0.05870265 0.73333305
vn -0.70988443 -0.05849872 0.70188460
vn -0.53661656 -0.12560388 0.83442575
vn -0.54491552 -0.21700618 0.80992308
vn -0.53661656 -0.12560388 0.83442575
vn -0.70988443 -0.05849872 0.70188460
vn -0.70988443 -0.05849872 0.70188460
vn -0.72081180 -0.17940294 0.66951096
vn -0.54491552 -0.21700618 0.80992308
vn -0.53662595 -0.30841492 0.78543798
vn -0.54491552 -0.21700618 0.80992308
vn -0.72081180 -0.17940294 0.66951096
vn -0.72081180 -0.17940294 0.66951096
vn -0.70988775 -0.30029482 0.63708901
vn -0.53662595 -0.30841492 0.78543798
vn -0.51201539 -0.39701193 0.76172289
vn -0.53662595 -0.30841492 0.78543798
vn -0.70988775 -0.30029482 0.63708901
vn -0.70988775 -0.30029482 0.63708901
vn -0.67732912 -0.41751795 0.60572604
vn -0.51201539 -0.39701193 0.76172289
vn -0.47190141 -0.48020144 0.73940221
vn -0.51201539 -0.39701193 0.76172289
vn -0.67732912 -0.41751795 0.60572604
vn -0.67732912 -0.41751795 0.60572604
vn -0.62423486 -0.52752946 0.57623217
vn -0.47190141 -0.48020144 0.73940221
vn -0.41740556 -0.55530740 0.71930959
vn -0.47190141 -0.48020144 0.73940221
vn -0.62423486 -0.52752946 0.57623217
vn -0.62423486 -0.52752946 0.57623217
vn -0.55220314 -0.62690357 0.54960313
vn -0.41740556 -0.55530740 0.71930959
vn -0.35029619 -0.62019326 0.70189237
vn -0.41738238 -0.55537656 0.71926964
vn -0.55220314 -0.62690357 0.54960313
vn -0.55220314 -0.62690357 0.54960313
vn -0.46329113 -0.71278635 0.52658992
vn -0.35029619 -0.62019326 0.70189237
vn -0.27250205 -0.67280507 0.68780518
vn -0.35029619 -0.62019326 0.70189237
vn -0.46329113 -0.71278635 0.52658992
vn -0.46329113 -0.71278635 0.52658992
vn -0.36038164 -0.78236013 0.50797411
vn -0.27250205 -0.67280507 0.68780518
vn -0.18640091 -0.71160346 0.67740329
vn -0.27240947 -0.67282340 0.68782392
vn -0.36038164 -0.78236013 0.50797411
vn -0.36038164 -0.78236013 0.50797411
vn -0.24649364 -0.83367850 0.49418726
vn -0.18640091 -0.71160346 0.67740329
vn -0.09459984 -0.73539878 0.67099889
vn -0.18640091 -0.71160346 0.67740329
vn -0.24651419 -0.83364800 0.49422846
vn -0.24649364 -0.83367850 0.49418726
vn -0.12519532 -0.86506769 0.48578186
vn -0.09459984 -0.73539878 0.67099889
vn 0.00000000 -0.74337370 0.66887633
vn -0.09459984 -0.73539878 0.67099889
vn -0.12519532 -0.86506769 0.48578186
vn -0.12519532 -0.86506769 0.48578186
vn 0.00000000 -0.87561560 0.48300861
vn 0.00000000 -0.74337370 0.66887633
vn 0.09459984 -0.73539878 0.67099889
vn 0.00000000 -0.74337370 0.66887633
vn 0.00000000 -0.87561560 0.48300861
vn 0.00000000 -0.87561560 0.48300861
vn 0.12519532 -0.86506769 0.48578186
vn 0.09459984 -0.73539878 0.67099889
vn 0.18640091 -0.71160346 0.67740329
vn 0.09459984 -0.73539878 0.67099889
vn 0.12519532 -0.86506769 0.48578186
vn 0.12519532 -0.86506769 0.48578186
vn 0.24649364 -0.83367850 0.49418726
vn 0.18640091 -0.71160346 0.67740329
vn 0.27240947 -0.67282340 0.68782392
vn 0.18640091 -0.71160346 0.67740329
vn 0.24649364 -0.83367850 0.49418726
vn 0.24649364 -0.83367850 0.49418726
vn 0.36038164 -0.78236013 0.50797411
vn 0.27250205 -0.67280507 0.68780518
vn 0.35029619 -0.62019326 0.70189237
vn 0.27250205 -0.67280507 0.68780518
vn 0.36038164 -0.78236013 0.50797411
vn 0.36038164 -0.78236013 0.50797411
vn 0.46329113 -0.71278635 0.52658992
vn 0.35029619 -0.62019326 0.70189237
vn 0.41738238 -0.55537656 0.71926964
vn 0.35029619 -0.62019326 0.70189237
vn 0.46329113 -0.71278635 0.52658992
vn 0.46329113 -0.71278635 0.52658992
vn 0.55220314 -0.62690357 0.54960313
vn 0.41738238 -0.55537656 0.71926964
vn 0.47190141 -0.48020144 0.73940221
vn 0.41740556 -0.55530740 0.71930959
vn 0.55220314 -0.62690357 0.54960313
vn 0.55220314 -0.62690357 0.54960313
vn 0.62423486 -0.52752946 0.57623217
vn 0.47190141 -0.48020144 0.73940221
vn 0.51208917 -0.39699160 0.76168389
vn 0.47190141 -0.48020144 0.73940221
vn 0.62423486 -0.52752946 0.57623217
vn 0.62423486 -0.52752946 0.57623217
vn 0.67732912 -0.41751795 0.60572604
vn 0.51201539 -0.39701193 0.76172289
vn 0.53662595 -0.30841492 0.78543798
vn 0.51201539 -0.39701193 0.76172289
vn 0.67732912 -0.41751795 0.60572604
vn 0.67732912 -0.41751795 0.60572604
vn 0.70988775 -0.30029482 0.63708901
vn 0.53662595 -0.30841492 0.78543798
vn 0.54491552 -0.21700618 0.80992308
vn 0.53662595 -0.30841492 0.78543798
vn 0.70988775 -0.30029482 0.63708901
vn 0.70988775 -0.30029482 0.63708901
vn 0.72081180 -0.17940294 0.66951096
vn 0.54491552 -0.21700618 0.80992308
vn 0.53661656 -0.12560388 0.83442575
vn 0.54491552 -0.21700618 0.80992308
vn 0.72081180 -0.17940294 0.66951096
vn 0.72081180 -0.17940294 0.66951096
vn 0.70988443 -0.05849872 0.70188460
vn 0.53661656 -0.12560388 0.83442575
vn 0.51199482 -0.03699963 0.85819132
vn 0.53661656 -0.12560388 0.83442575
vn 0.70988443 -0.05849872 0.70188460
vn 0.70988443 -0.05849872 0.70188460
vn 0.67733052 0.05870265 0.73333305
vn 0.51199482 -0.03699963 0.85819132
vn 0.47191912 0.04610187 0.88043567
vn 0.51199482 -0.03699963 0.85819132
vn 0.67733052 0.05870265 0.73333305
vn 0.67733052 0.05870265 0.73333305
vn 0.62421586 0.16870429 0.76281939
vn 0.47191694 0.04620166 0.88043160
vn 0.41739649 0.12129898 0.90059243
vn 0.47191694 0.04620166 0.88043160
vn 0.62421586 0.16870429 0.76281939
vn 0.62421586 0.16870429 0.76281939
vn 0.55221248 0.26810606 0.78941784
vn 0.41739649 0.12129898 0.90059243
vn 0.35028169 0.18619027 0.91795202
vn 0.41739649 0.12129898 0.90059243
vn 0.55221248 0.26810606 0.78941784
vn 0.55221248 0.26810606 0.78941784
vn 0.46331004 0.35400767 0.81241761
vn 0.35028169 0.18619027 0.91795202
vn 0.27248745 0.23878900 0.93205708
vn 0.35028169 0.18619027 0.91795202
vn 0.46331004 0.35400767 0.81241761
vn 0.46331004 0.35400767 0.81241761
vn 0.36039057 0.42358892 0.83107826
vn 0.27248745 0.23878900 0.93205708
vn 0.18638947 0.27758432 0.94244677
vn 0.27248745 0.23878900 0.93205708
vn 0.36039057 0.42358892 0.83107826
vn 0.36039057 0.42358892 0.83107826
vn 0.24650255 0.47490492 0.84480874
vn 0.18638947 0.27758432 0.94244677
vn 0.09460226 0.30130719 0.94882263
vn 0.18638947 0.27758432 0.94244677
vn 0.24650255 0.47490492 0.84480874
vn 0.24650255 0.47490492 0.84480874
vn 0.12520219 0.50630887 0.85321494
vn 0.09460226 0.30130719 0.94882263
vn 0.00000000 0.30928956 0.95096791
vn 0.09460226 0.30130719 0.94882263
vn 0.12520219 0.50630887 0.85321494
vn 0.12520219 0.50630887 0.85321494
vn 0.00000000 0.51687601 0.85606027
vn 0.00000000 0.30928956 0.95096791
vn -0.06250258 0.10080417 0.99294106
vn 0.00000000 0.10609530 0.99435597
vn 0.00000000 0.30928956 0.95096791
vn 0.00000000 0.30928956 0.95096791
vn -0.09460226 0.30130719 0.94882263
vn -0.06250258 0.10080417 0.99294106
vn -0.12310472 0.08510326 0.98873791
vn -0.06250258 0.10080417 0.99294106
vn -0.09460226 0.30130719 0.94882263
vn -0.09460226 0.30130719 0.94882263
vn -0.18640704 0.27761048 0.94243559
vn -0.12310472 0.08510326 0.98873791
vn -0.17989713 0.05949905 0.98188435
vn -0.12310472 0.08510326 0.98873791
vn -0.18640704 0.27761048 0.94243559
vn -0.18640704 0.27761048 0.94243559
vn -0.27248745 0.23878900 0.93205708
vn -0.17989713 0.05949905 0.98188435
vn -0.23129243 0.02479919 0.97256815
vn -0.17989713 0.05949905 0.98188435
vn -0.27239488 0.23879551 0.93208247
vn -0.27248745 0.23878900 0.93205708
vn -0.35028169 0.18619027 0.91795202
vn -0.23129243 0.02479919 0.97256815
vn -0.27569293 -0.01809954 0.96107534
vn -0.23129243 0.02479919 0.97256815
vn -0.35028169 0.18619027 0.91795202
vn -0.35028821 0.18609374 0.91796911
vn -0.41739649 0.12129898 0.90059243
vn -0.27569293 -0.01809954 0.96107534
vn -0.31159958 -0.06769991 0.94779873
vn -0.27569293 -0.01809954 0.96107534
vn -0.41739649 0.12129898 0.90059243
vn -0.41739649 0.12129898 0.90059243
vn -0.47191694 0.04620166 0.88043160
vn -0.31159958 -0.06769991 0.94779873
vn -0.33809696 -0.12259890 0.93309161
vn -0.31159958 -0.06769991 0.94779873
vn -0.47191694 0.04620166 0.88043160
vn -0.47191694 0.04620166 0.88043160
vn -0.51206860 -0.03699773 0.85814738
vn -0.33809696 -0.12259890 0.93309161
vn -0.35439657 -0.18109825 0.91739113
vn -0.33809696 -0.12259890 0.93309161
vn -0.51206860 -0.03699773 0.85814738
vn -0.51199482 -0.03699963 0.85819132
vn -0.53661656 -0.12560388 0.83442575
vn -0.35439657 -0.18109825 0.91739113
vn -0.35989789 -0.24149859 0.90119473
vn -0.35439657 -0.18109825 0.91739113
vn -0.53661656 -0.12560388 0.83442575
vn -0.53661656 -0.12560388 0.83442575
vn -0.54491552 -0.21700618 0.80992308
vn -0.35981084 -0.24150728 0.90122716
vn -0.35440568 -0.30190484 0.88501417
vn -0.35981084 -0.24150728 0.90122716
vn -0.54491552 -0.21700618 0.80992308
vn -0.54491552 -0.21700618 0.80992308
vn -0.53662595 -0.30841492 0.78543798
vn -0.35441637 -0.30181394 0.88504089
vn -0.33809051 -0.36038989 0.86937560
vn -0.35438501 -0.30178723 0.88506256
vn -0.53662595 -0.30841492 0.78543798
vn -0.53662595 -0.30841492 0.78543798
vn -0.51208917 -0.39699160 0.76168389
vn -0.33809051 -0.36038989 0.86937560
vn -0.31161405 -0.41531873 0.85463854
vn -0.33809051 -0.36038989 0.86937560
vn -0.51208917 -0.39699160 0.76168389
vn -0.51208917 -0.39699160 0.76168389
vn -0.47190141 -0.48020144 0.73940221
vn -0.31158742 -0.41528324 0.85466550
vn -0.27570990 -0.46491669 0.84133021
vn -0.31161405 -0.41531873 0.85463854
vn -0.47190141 -0.48020144 0.73940221
vn -0.47190141 -0.48020144 0.73940221
vn -0.41740556 -0.55530740 0.71930959
vn -0.27568670 -0.46487758 0.84135942
vn -0.23128907 -0.50777600 0.82986077
vn -0.27570990 -0.46491669 0.84133021
vn -0.41738238 -0.55537656 0.71926964
vn -0.41740556 -0.55530740 0.71930959
vn -0.35029619 -0.62019326 0.70189237
vn -0.23130081 -0.50770178 0.82990291
vn -0.17989509 -0.54248518 0.82057759
vn -0.23130081 -0.50770178 0.82990291
vn -0.35029619 -0.62019326 0.70189237
vn -0.35029619 -0.62019326 0.70189237
vn -0.27250205 -0.67280507 0.68780518
vn -0.17989509 -0.54248518 0.82057759
vn -0.12310007 -0.56810031 0.81370044
vn -0.17989509 -0.54248518 0.82057759
vn -0.27250205 -0.67280507 0.68780518
vn -0.27248372 -0.67285980 0.68775891
vn -0.18640091 -0.71160346 0.67740329
vn -0.12310007 -0.56810031 0.81370044
vn -0.06249941 -0.58379447 0.80949233
vn -0.12310007 -0.56810031 0.81370044
vn -0.18640091 -0.71160346 0.67740329
vn -0.18640091 -0.71160346 0.67740329
vn -0.09459984 -0.73539878 0.67099889
vn -0.06249941 -0.58379447 0.80949233
vn 0.00000000 -0.58908103 0.80807397
vn -0.06249941 -0.58379447 0.80949233
vn -0.09459984 -0.73539878 0.67099889
vn -0.09459984 -0.73539878 0.67099889
vn 0.00000000 -0.74337370 0.66887633
vn 0.00000000 -0.58908103 0.80807397
vn 0.06249941 -0.58379447 0.80949233
vn 0.00000000 -0.58908103 0.80807397
vn 0.00000000 -0.74337370 0.66887633
vn 0.00000000 -0.74337370 0.66887633
vn 0.09459984 -0.73539878 0.67099889
vn 0.06249941 -0.58379447 0.80949233
vn 0.12310007 -0.56810031 0.81370044
vn 0.06249941 -0.58379447 0.80949233
vn 0.09459984 -0.73539878 0.67099889
vn 0.09459984 -0.73539878 0.67099889
vn 0.18640091 -0.71160346 0.67740329
vn 0.12310007 -0.56810031 0.81370044
vn 0.17989509 -0.54248518 0.82057759
vn 0.12310007 -0.56810031 0.81370044
vn 0.18640091 -0.71160346 0.67740329
vn 0.18640091 -0.71160346 0.67740329
vn 0.27250205 -0.67280507 0.68780518
vn 0.17989509 -0.54248518 0.82057759
vn 0.23128907 -0.50777600 0.82986077
vn 0.17989509 -0.54248518 0.82057759
vn 0.27239115 -0.67287813 0.68777764
vn 0.27250205 -0.67280507 0.68780518
vn 0.35029619 -0.62019326 0.70189237
vn 0.23130081 -0.50770178 0.82990291
vn 0.27568670 -0.46487758 0.84135942
vn 0.23128907 -0.50777600 0.82986077
vn 0.35029619 -0.62019326 0.70189237
vn 0.35029619 -0.62019326 0.70189237
vn 0.41740556 -0.55530740 0.71930959
vn 0.27568670 -0.46487758 0.84135942
vn 0.31158742 -0.41528324 0.85466550
vn 0.27568670 -0.46487758 0.84135942
vn 0.41740556 -0.55530740 0.71930959
vn 0.41740556 -0.55530740 0.71930959
vn 0.47190141 -0.48020144 0.73940221
vn 0.31158742 -0.41528324 0.85466550
vn 0.33817907 -0.36037770 0.86934621
vn 0.31158742 -0.41528324 0.85466550
vn 0.47190141 -0.48020144 0.73940221
vn 0.47190141 -0.48020144 0.73940221
vn 0.51208917 -0.39699160 0.76168389
vn 0.33817907 -0.36037770 0.86934621
vn 0.35441637 -0.30181394 0.88504089
vn 0.33809051 -0.36038989 0.86937560
vn 0.51208917 -0.39699160 0.76168389
vn 0.51208917 -0.39699160 0.76168389
vn 0.53662595 -0.30841492 0.78543798
vn 0.35441637 -0.30181394 0.88504089
vn 0.35981084 -0.24150728 0.90122716
vn 0.35440568 -0.30190484 0.88501417
vn 0.53662595 -0.30841492 0.78543798
vn 0.53662595 -0.30841492 0.78543798
vn 0.54491552 -0.21700618 0.80992308
vn 0.35989789 -0.24149859 0.90119473
vn 0.35439657 -0.18109825 0.91739113
vn 0.35989789 -0.24149859 0.90119473
vn 0.54491552 -0.21700618 0.80992308
vn 0.54491552 -0.21700618 0.80992308
vn 0.53661656 -0.12560388 0.83442575
vn 0.35439657 -0.18109825 0.91739113
vn 0.33809696 -0.12259890 0.93309161
vn 0.35439657 -0.18109825 0.91739113
vn 0.53661656 -0.12560388 0.83442575
vn 0.53661656 -0.12560388 0.83442575
vn 0.51206860 -0.03699773 0.85814738
vn 0.33809696 -0.12259890 0.93309161
vn 0.31159958 -0.06769991 0.94779873
vn 0.33818552 -0.12259475 0.93306006
vn 0.51206860 -0.03699773 0.85814738
vn 0.51206860 -0.03699773 0.85814738
vn 0.47187757 0.04609781 0.88045815
vn 0.31159958 -0.06769991 0.94779873
vn 0.27569342 -0.01799957 0.96107708
vn 0.31159958 -0.06769991 0.94779873
vn 0.47191694 0.04620166 0.88043160
vn 0.47191912 0.04610187 0.88043567
vn 0.41739649 0.12129898 0.90059243
vn 0.27569293 -0.01809954 0.96107534
vn 0.23129243 0.02479919 0.97256815
vn 0.27569293 -0.01809954 0.96107534
vn 0.41739649 0.12129898 0.90059243
vn 0.41739649 0.12129898 0.90059243
vn 0.35028169 0.18619027 0.91795202
vn 0.23129243 0.02479919 0.97256815
vn 0.17989713 0.05949905 0.98188435
vn 0.23129243 0.02479919 0.97256815
vn 0.35028169 0.18619027 0.91795202
vn 0.35028169 0.18619027 0.91795202
vn 0.27248745 0.23878900 0.93205708
vn 0.17989713 0.05949905 0.98188435
vn 0.12310472 0.08510326 0.98873791
vn 0.17989713 0.05949905 0.98188435
vn 0.27248745 0.23878900 0.93205708
vn 0.27239488 0.23879551 0.93208247
vn 0.18639464 0.27749203 0.94247292
vn 0.12310472 0.08510326 0.98873791
vn 0.06250258 0.10080417 0.99294106
vn 0.12310472 0.08510326 0.98873791
vn 0.18640704 0.27761048 0.94243559
vn 0.18640704 0.27761048 0.94243559
vn 0.09460226 0.30130719 0.94882263
vn 0.06250258 0.10080417 0.99294106
vn 0.00000000 0.10609530 0.99435597
vn 0.06250258 0.10080417 0.99294106
vn 0.09460226 0.30130719 0.94882263
vn 0.09460226 0.30130719 0.94882263
vn 0.00000000 0.30928956 0.95096791
vn 0.00000000 0.10609530 0.99435597
vn -0.03429990 -0.05499984 0.99789706
vn -0.00020000 -0.05479985 0.99849734
vn 0.00000000 0.10609530 0.99435597
vn 0.00000000 0.10609530 0.99435597
vn -0.06250258 0.10080417 0.99294106
vn -0.03429990 -0.05499984 0.99789706
vn -0.07179930 -0.05869943 0.99569033
vn -0.03429990 -0.05499984 0.99789706
vn -0.06250258 0.10080417 0.99294106
vn -0.06250258 0.10080417 0.99294106
vn -0.12310367 0.08520254 0.98872949
vn -0.07179930 -0.05869943 0.99569033
vn -0.10789484 -0.07059662 0.99165257
vn -0.07179930 -0.05869943 0.99569033
vn -0.12310472 0.08510326 0.98873791
vn -0.12310367 0.08520254 0.98872949
vn -0.17999282 0.05959762 0.98186084
vn -0.10789484 -0.07059662 0.99165257
vn -0.14060427 -0.09040274 0.98592991
vn -0.10790554 -0.07060362 0.99165091
vn -0.17989713 0.05949905 0.98188435
vn -0.17989713 0.05949905 0.98188435
vn -0.23129243 0.02479919 0.97256815
vn -0.14060427 -0.09040274 0.98592991
vn -0.16790794 -0.11690553 0.97884627
vn -0.14060427 -0.09040274 0.98592991
vn -0.23129243 0.02479919 0.97256815
vn -0.23129243 0.02479919 0.97256815
vn -0.27569342 -0.01799957 0.96107708
vn -0.16790794 -0.11690553 0.97884627
vn -0.18829800 -0.14869842 0.97078970
vn -0.16790794 -0.11690553 0.97884627
vn -0.27569293 -0.01809954 0.96107534
vn -0.27569342 -0.01799957 0.96107708
vn -0.31168987 -0.06769780 0.94776919
vn -0.18829800 -0.14869842 0.97078970
vn -0.20069524 -0.18369564 0.96227716
vn -0.18829800 -0.14869842 0.97078970
vn -0.31159958 -0.06769991 0.94779873
vn -0.31159958 -0.06769991 0.94779873
vn -0.33809696 -0.12259890 0.93309161
vn -0.20069155 -0.18379226 0.96225948
vn -0.20669271 -0.21819230 0.95376635
vn -0.20069155 -0.18379226 0.96225948
vn -0.33809696 -0.12259890 0.93309161
vn -0.33818552 -0.12259475 0.93306006
vn -0.35439657 -0.18109825 0.91739113
vn -0.20669722 -0.21809706 0.95378715
vn -0.20970397 -0.25280478 0.94451786
vn -0.20669722 -0.21809706 0.95378715
vn -0.35439657 -0.18109825 0.91739113
vn -0.35439657 -0.18109825 0.91739113
vn -0.35981084 -0.24150728 0.90122716
vn -0.20970397 -0.25280478 0.94451786
vn -0.20930477 -0.28720655 0.93472130
vn -0.20970397 -0.25280478 0.94451786
vn -0.35989789 -0.24149859 0.90119473
vn -0.35989789 -0.24149859 0.90119473
vn -0.35438501 -0.30178723 0.88506256
vn -0.20940039 -0.28720053 0.93470173
vn -0.20369572 -0.32339320 0.92408057
vn -0.20930477 -0.28720655 0.93472130
vn -0.35440568 -0.30190484 0.88501417
vn -0.35438501 -0.30178723 0.88506256
vn -0.33817907 -0.36037770 0.86934621
vn -0.20370230 -0.32330365 0.92411045
vn -0.18960142 -0.35790267 0.91430683
vn -0.20359986 -0.32339978 0.92409939
vn -0.33809051 -0.36038989 0.86937560
vn -0.33817907 -0.36037770 0.86934621
vn -0.31170434 -0.41530579 0.85461190
vn -0.18960142 -0.35790267 0.91430683
vn -0.16769606 -0.38869087 0.90597872
vn -0.18960142 -0.35790267 0.91430683
vn -0.31170434 -0.41530579 0.85461190
vn -0.31170434 -0.41530579 0.85461190
vn -0.27570990 -0.46491669 0.84133021
vn -0.16769606 -0.38869087 0.90597872
vn -0.13920308 -0.41410917 0.89951992
vn -0.16770473 -0.38881098 0.90592557
vn -0.27570990 -0.46491669 0.84133021
vn -0.27570990 -0.46491669 0.84133021
vn -0.23128907 -0.50777600 0.82986077
vn -0.13920308 -0.41410917 0.89951992
vn -0.10599364 -0.43257406 0.89534632
vn -0.13920308 -0.41410917 0.89951992
vn -0.23130081 -0.50770178 0.82990291
vn -0.23128907 -0.50777600 0.82986077
vn -0.17990985 -0.54252970 0.82054492
vn -0.10600314 -0.43261279 0.89532648
vn -0.06990278 -0.44351763 0.89353551
vn -0.10599823 -0.43249278 0.89538504
vn -0.17989509 -0.54248518 0.82057759
vn -0.17989509 -0.54248518 0.82057759
vn -0.12310007 -0.56810031 0.81370044
vn -0.06990278 -0.44351763 0.89353551
vn -0.03549926 -0.44889060 0.89288131
vn -0.06990278 -0.44351763 0.89353551
vn -0.12310007 -0.56810031 0.81370044
vn -0.12310007 -0.56810031 0.81370044
vn -0.06249941 -0.58379447 0.80949233
vn -0.03549926 -0.44889060 0.89288131
vn -0.00020000 -0.45180775 0.89211530
vn -0.03549926 -0.44889060 0.89288131
vn -0.06249941 -0.58379447 0.80949233
vn -0.06249941 -0.58379447 0.80949233
vn 0.00000000 -0.58908103 0.80807397
vn -0.00020000 -0.45180775 0.89211530
vn 0.03449856 -0.45158118 0.89156284
vn -0.00020000 -0.45180775 0.89211530
vn 0.00000000 -0.58908103 0.80807397
vn 0.00000000 -0.58908103 0.80807397
vn 0.06249941 -0.58379447 0.80949233
vn 0.03449856 -0.45158118 0.89156284
vn 0.07180306 -0.44701904 0.89163798
vn 0.03449856 -0.45158118 0.89156284
vn 0.06249941 -0.58379447 0.80949233
vn 0.06249941 -0.58379447 0.80949233
vn 0.12310007 -0.56810031 0.81370044
vn 0.07180306 -0.44701904 0.89163798
vn 0.10790354 -0.43461426 0.89412934
vn 0.07180306 -0.44701904 0.89163798
vn 0.12310007 -0.56810031 0.81370044
vn 0.12310007 -0.56810031 0.81370044
vn 0.17989509 -0.54248518 0.82057759
vn 0.10790354 -0.43461426 0.89412934
vn 0.14060384 -0.41471131 0.89902452
vn 0.10789885 -0.43469537 0.89409047
vn 0.17990985 -0.54252970 0.82054492
vn 0.17989509 -0.54248518 0.82057759
vn 0.23130081 -0.50770178 0.82990291
vn 0.14060384 -0.41471131 0.89902452
vn 0.16789261 -0.38818290 0.90616009
vn 0.14060384 -0.41471131 0.89902452
vn 0.23130826 -0.50781814 0.82982964
vn 0.23130081 -0.50770178 0.82990291
vn 0.27559430 -0.46489039 0.84138261
vn 0.16789261 -0.38818290 0.90616009
vn 0.18829732 -0.35659493 0.91508698
vn 0.16789261 -0.38818290 0.90616009
vn 0.27568670 -0.46487758 0.84135942
vn 0.27570990 -0.46491669 0.84133021
vn 0.31170434 -0.41530579 0.85461190
vn 0.18829732 -0.35659493 0.91508698
vn 0.20070406 -0.32200652 0.92521872
vn 0.18820086 -0.35660164 0.91510420
vn 0.31170434 -0.41530579 0.85461190
vn 0.31158742 -0.41528324 0.85466550
vn 0.33809051 -0.36038989 0.86937560
vn 0.20070406 -0.32200652 0.92521872
vn 0.20678736 -0.28798240 0.93504285
vn 0.20070406 -0.32200652 0.92521872
vn 0.33820847 -0.36040903 0.86932178
vn 0.33810269 -0.36030287 0.86940693
vn 0.35438501 -0.30178723 0.88506256
vn 0.20678736 -0.28798240 0.93504285
vn 0.20969193 -0.25339024 0.94436364
vn 0.20669164 -0.28798835 0.93506218
vn 0.35441637 -0.30181394 0.88504089
vn 0.35441637 -0.30181394 0.88504089
vn 0.35989789 -0.24149859 0.90119473
vn 0.20969193 -0.25339024 0.94436364
vn 0.20930083 -0.21860087 0.95310378
vn 0.20969193 -0.25339024 0.94436364
vn 0.35989789 -0.24149859 0.90119473
vn 0.35981084 -0.24150728 0.90122716
vn 0.35439657 -0.18109825 0.91739113
vn 0.20939645 -0.21859629 0.95308383
vn 0.20369372 -0.18199439 0.96197033
vn 0.20930083 -0.21860087 0.95310378
vn 0.35439657 -0.18109825 0.91739113
vn 0.35439657 -0.18109825 0.91739113
vn 0.33809696 -0.12259890 0.93309161
vn 0.20359787 -0.18199809 0.96198992
vn 0.18959070 -0.14729278 0.97075239
vn 0.20369001 -0.18209107 0.96195282
vn 0.33809696 -0.12259890 0.93309161
vn 0.33809696 -0.12259890 0.93309161
vn 0.31169198 -0.06759826 0.94777560
vn 0.18959349 -0.14719495 0.97076668
vn 0.16769050 -0.11639341 0.97894457
vn 0.18959349 -0.14719495 0.97076668
vn 0.31168987 -0.06769780 0.94776919
vn 0.31168987 -0.06769780 0.94776919
vn 0.27569342 -0.01799957 0.96107708
vn 0.16769246 -0.11629477 0.97895596
vn 0.13919393 -0.09119602 0.98605696
vn 0.16770887 -0.11630615 0.97895179
vn 0.27569293 -0.01809954 0.96107534
vn 0.27569342 -0.01799957 0.96107708
vn 0.23129243 0.02479919 0.97256815
vn 0.13919393 -0.09119602 0.98605696
vn 0.10599743 -0.07309823 0.99167595
vn 0.13919393 -0.09119602 0.98605696
vn 0.23129243 0.02479919 0.97256815
vn 0.23129243 0.02479919 0.97256815
vn 0.17989606 0.05959870 0.98187851
vn 0.10599820 -0.07299876 0.99168320
vn 0.06989872 -0.06269885 0.99558175
vn 0.10589933 -0.07299954 0.99169370
vn 0.17989606 0.05959870 0.98187851
vn 0.17989713 0.05949905 0.98188435
vn 0.12310472 0.08510326 0.98873791
vn 0.06989872 -0.06269885 0.99558175
vn 0.03570025 -0.05750040 0.99770697
vn 0.06989872 -0.06269885 0.99558175
vn 0.12310367 0.08520254 0.98872949
vn 0.12310472 0.08510326 0.98873791
vn 0.06250258 0.10080417 0.99294106
vn 0.03570025 -0.05750040 0.99770697
vn -0.00020000 -0.05479985 0.99849734
vn 0.03580012 -0.05750020 0.99770340
vn 0.06250258 0.10080417 0.99294106
vn 0.06250195 0.10090315 0.99293104
vn 0.00000000 0.10609530 0.99435597
vn -0.00020000 -0.05479985 0.99849734
vn 0.00000000 0.88537115 0.46488485
vn 0.00000000 0.90935343 0.41602444
vn -0.17119450 0.89487123 0.41218675
vn -0.17119450 0.89487123 0.41218675
vn -0.16939724 0.87108581 0.46099249
vn 0.00000000 0.88537115 0.46488485
vn -0.16939724 0.87108581 0.46099249
vn -0.17119450 0.89487123 0.41218675
vn -0.33721386 0.85193501 0.40061646
vn -0.33721386 0.85193501 0.40061646
vn -0.33368769 0.82856942 0.44958341
vn -0.16939724 0.87108581 0.46099249
vn -0.33359882 0.82859707 0.44959841
vn -0.33728897 0.85187215 0.40068690
vn -0.49301196 0.78171896 0.38190926
vn -0.49299224 0.78178769 0.38179399
vn -0.48781399 0.75912177 0.43101236
vn -0.33359882 0.82859707 0.44959841
vn -0.48781399 0.75912177 0.43101236
vn -0.49301196 0.78171896 0.38190926
vn -0.63382080 0.68652253 0.35631169
vn -0.63382080 0.68652253 0.35631169
vn -0.62709371 0.66489333 0.40579593
vn -0.48781399 0.75912177 0.43101236
vn -0.62703303 0.66493503 0.40582138
vn -0.63382080 0.68652253 0.35631169
vn -0.75533289 0.56912478 0.32491415
vn -0.75537584 0.56908180 0.32488961
vn -0.74728550 0.54878935 0.37469273
vn -0.62709371 0.66489333 0.40579593
vn -0.74728550 0.54878935 0.37469273
vn -0.75537584 0.56908180 0.32488961
vn -0.85394467 0.43312266 0.28841509
vn -0.85394467 0.43312266 0.28841509
vn -0.84484282 0.41422099 0.33861716
vn -0.74728550 0.54878935 0.37469273
vn -0.84484282 0.41422099 0.33861716
vn -0.85394467 0.43312266 0.28841509
vn -0.92657199 0.28269145 0.24809250
vn -0.92657199 0.28269145 0.24809250
vn -0.91670104 0.26540030 0.29870034
vn -0.84484282 0.41422099 0.33861716
vn -0.91670104 0.26540030 0.29870034
vn -0.92657199 0.28269145 0.24809250
vn -0.97105167 0.12229391 0.20518979
vn -0.97107159 0.12229642 0.20509400
vn -0.96071546 0.10670172 0.25620412
vn -0.91670104 0.26540030 0.29870034
vn -0.96071546 0.10670172 0.25620412
vn -0.97107159 0.12229642 0.20509400
vn -0.98604425 -0.04310193 0.16080722
vn -0.98604425 -0.04310193 0.16080722
vn -0.97552360 -0.05690138 0.21240514
vn -0.96071546 0.10670172 0.25620412
vn -0.97552360 -0.05690138 0.21240514
vn -0.98604425 -0.04310193 0.16080722
vn -0.97106130 -0.20849169 0.11649536
vn -0.97106130 -0.20849169 0.11649536
vn -0.96072066 -0.22050474 0.16850362
vn -0.97552360 -0.05690138 0.21240514
vn -0.96072066 -0.22050474 0.16850362
vn -0.97106130 -0.20849169 0.11649536
vn -0.92659849 -0.36879940 0.07349988
vn -0.92659849 -0.36879940 0.07349988
vn -0.91669655 -0.37919857 0.12599953
vn -0.96072066 -0.22050474 0.16850362
vn -0.91669655 -0.37919857 0.12599953
vn -0.92655750 -0.36888308 0.07359662
vn -0.85393418 -0.51932079 0.03320133
vn -0.85393418 -0.51932079 0.03320133
vn -0.84480428 -0.52810268 0.08610044
vn -0.91669655 -0.37919857 0.12599953
vn -0.84484890 -0.52803056 0.08610498
vn -0.85393418 -0.51932079 0.03320133
vn -0.75537829 -0.65528116 -0.00319991
vn -0.75537829 -0.65528116 -0.00319991
vn -0.74729774 -0.66259799 0.05009985
vn -0.84484890 -0.52803056 0.08610498
vn -0.74729774 -0.66259799 0.05009985
vn -0.75533534 -0.65533066 -0.00320015
vn -0.63380893 -0.77271089 -0.03470049
vn -0.63380893 -0.77271089 -0.03470049
vn -0.62710342 -0.77870424 0.01900010
vn -0.74729774 -0.66259799 0.05009985
vn -0.62710342 -0.77870424 0.01900010
vn -0.63380893 -0.77271089 -0.03470049
vn -0.49301887 -0.86793322 -0.06020230
vn -0.49301887 -0.86793322 -0.06020230
vn -0.48777134 -0.87294870 -0.00629963
vn -0.62710342 -0.77870424 0.01900010
vn -0.48781392 -0.87292490 -0.00630018
vn -0.49301887 -0.86793322 -0.06020230
vn -0.33729260 -0.93807941 -0.07899827
vn -0.33729260 -0.93807941 -0.07899827
vn -0.33371668 -0.94234711 -0.02480124
vn -0.48781392 -0.87292490 -0.00630018
vn -0.33371668 -0.94234711 -0.02480124
vn -0.33739143 -0.93797618 -0.07979797
vn -0.14290065 -0.98790451 -0.06020028
vn -0.14290065 -0.98790451 -0.06020028
vn -0.16920340 -0.98491977 -0.03610072
vn -0.33371668 -0.94234711 -0.02480124
vn -0.16920340 -0.98491977 -0.03610072
vn -0.14290065 -0.98790451 -0.06020028
vn 0.00010000 -0.99893675 -0.04610170
vn 0.00010000 -0.99893214 -0.04620149
vn 0.00010000 -0.99919968 -0.03999999
vn -0.16920340 -0.98491977 -0.03610072
vn 0.00010000 -0.99919968 -0.03999999
vn 0.00010000 -0.99893214 -0.04620149
vn 0.14290237 -0.98791639 -0.06000100
vn 0.14290237 -0.98791639 -0.06000100
vn 0.16920278 -0.98491621 -0.03620060
vn 0.00010000 -0.99919968 -0.03999999
vn 0.16920278 -0.98491621 -0.03620060
vn 0.14290237 -0.98791639 -0.06000100
vn 0.33720929 -0.93812585 -0.07880217
vn 0.33720929 -0.93812585 -0.07880217
vn 0.33368441 -0.94235596 -0.02489884
vn 0.16929992 -0.98489954 -0.03619998
vn 0.33359554 -0.94238741 -0.02489967
vn 0.33720929 -0.93812585 -0.07880217
vn 0.49301887 -0.86793322 -0.06020230
vn 0.49301887 -0.86793322 -0.06020230
vn 0.48777134 -0.87294870 -0.00629963
vn 0.33359554 -0.94238741 -0.02489967
vn 0.48777134 -0.87294870 -0.00629963
vn 0.49301887 -0.86793322 -0.06020230
vn 0.63380893 -0.77271089 -0.03470049
vn 0.63380893 -0.77271089 -0.03470049
vn 0.62710342 -0.77870424 0.01900010
vn 0.48777134 -0.87294870 -0.00629963
vn 0.62710342 -0.77870424 0.01900010
vn 0.63380893 -0.77271089 -0.03470049
vn 0.75533534 -0.65533066 -0.00320015
vn 0.75533534 -0.65533066 -0.00320015
vn 0.74729774 -0.66259799 0.05009985
vn 0.62704274 -0.77875308 0.01900130
vn 0.74729774 -0.66259799 0.05009985
vn 0.75537829 -0.65528116 -0.00319991
vn 0.85393418 -0.51932079 0.03320133
vn 0.85393418 -0.51932079 0.03320133
vn 0.84484890 -0.52803056 0.08610498
vn 0.74729774 -0.66259799 0.05009985
vn 0.84480428 -0.52810268 0.08610044
vn 0.85393418 -0.51932079 0.03320133
vn 0.92656432 -0.36888579 0.07349717
vn 0.92656432 -0.36888579 0.07349717
vn 0.91669655 -0.37919857 0.12599953
vn 0.84480428 -0.52810268 0.08610044
vn 0.91669655 -0.37919857 0.12599953
vn 0.92659849 -0.36879940 0.07349988
vn 0.97106130 -0.20849169 0.11649536
vn 0.97106130 -0.20849169 0.11649536
vn 0.96072066 -0.22050474 0.16850362
vn 0.91669655 -0.37919857 0.12599953
vn 0.96072066 -0.22050474 0.16850362
vn 0.97106130 -0.20849169 0.11649536
vn 0.98604425 -0.04310193 0.16080722
vn 0.98604425 -0.04310193 0.16080722
vn 0.97552360 -0.05690138 0.21240514
vn 0.96072066 -0.22050474 0.16850362
vn 0.97552360 -0.05690138 0.21240514
vn 0.98604425 -0.04310193 0.16080722
vn 0.97107159 0.12229642 0.20509400
vn 0.97105167 0.12229391 0.20518979
vn 0.96071546 0.10670172 0.25620412
vn 0.97552360 -0.05690138 0.21240514
vn 0.96071546 0.10670172 0.25620412
vn 0.97105167 0.12229391 0.20518979
vn 0.92657199 0.28269145 0.24809250
vn 0.92657199 0.28269145 0.24809250
vn 0.91670104 0.26540030 0.29870034
vn 0.96071546 0.10670172 0.25620412
vn 0.91670104 0.26540030 0.29870034
vn 0.92657199 0.28269145 0.24809250
vn 0.85394467 0.43312266 0.28841509
vn 0.85394467 0.43312266 0.28841509
vn 0.84484282 0.41422099 0.33861716
vn 0.91670104 0.26540030 0.29870034
vn 0.84484282 0.41422099 0.33861716
vn 0.85394467 0.43312266 0.28841509
vn 0.75537584 0.56908180 0.32488961
vn 0.75537584 0.56908180 0.32488961
vn 0.74728550 0.54878935 0.37469273
vn 0.84484282 0.41422099 0.33861716
vn 0.74728550 0.54878935 0.37469273
vn 0.75533289 0.56912478 0.32491415
vn 0.63382080 0.68652253 0.35631169
vn 0.63382080 0.68652253 0.35631169
vn 0.62709371 0.66489333 0.40579593
vn 0.74728550 0.54878935 0.37469273
vn 0.62709371 0.66489333 0.40579593
vn 0.63382080 0.68652253 0.35631169
vn 0.49303078 0.78174881 0.38182384
vn 0.49303078 0.78174881 0.38182384
vn 0.48781399 0.75912177 0.43101236
vn 0.62709371 0.66489333 0.40579593
vn 0.48781399 0.75912177 0.43101236
vn 0.49301196 0.78171896 0.38190926
vn 0.33730249 0.85190628 0.40060295
vn 0.33730249 0.85190628 0.40060295
vn 0.33359882 0.82859707 0.44959841
vn 0.48781399 0.75912177 0.43101236
vn 0.33368769 0.82856942 0.44958341
vn 0.33720035 0.85190088 0.40070041
vn 0.17119450 0.89487123 0.41218675
vn 0.17119450 0.89487123 0.41218675
vn 0.16939724 0.87108581 0.46099249
vn 0.33368769 0.82856942 0.44958341
vn 0.16939724 0.87108581 0.46099249
vn 0.17119450 0.89487123 0.41218675
vn 0.00000000 0.90935343 0.41602444
vn 0.00000000 0.90935343 0.41602444
vn 0.00000000 0.88537115 0.46488485
vn 0.16939724 0.87108581 0.46099249
vn -0.00039998 -0.09519603 0.99545847
vn -0.00020000 -0.05479985 0.99849734
vn -0.03429990 -0.05499984 0.99789706
vn -0.03429990 -0.05499984 0.99789706
vn -0.00030000 -0.09140129 0.99581410
vn -0.00039998 -0.09519603 0.99545847
vn -0.03430009 -0.05490014 0.99790254
vn -0.07179930 -0.05869943 0.99569033
vn -0.01410022 -0.09460146 0.99541536
vn -0.01410022 -0.09460146 0.99541536
vn -0.00020000 -0.09140130 0.99581412
vn -0.03430009 -0.05490014 0.99790254
vn -0.07179930 -0.05869943 0.99569033
vn -0.10789484 -0.07059662 0.99165257
vn -0.05979745 -0.10129568 0.99305763
vn -0.05979745 -0.10129568 0.99305763
vn -0.01410022 -0.09460146 0.99541536
vn -0.07179972 -0.05859977 0.99569617
vn -0.10789484 -0.07059662 0.99165257
vn -0.14060427 -0.09040274 0.98592991
vn -0.09769518 -0.11669424 0.98835121
vn -0.09769632 -0.11659560 0.98836273
vn -0.05979745 -0.10129568 0.99305763
vn -0.10790554 -0.07060362 0.99165091
vn -0.14060427 -0.09040274 0.98592991
vn -0.16790794 -0.11690553 0.97884627
vn -0.13609778 -0.14729760 0.97968404
vn -0.13609979 -0.14719977 0.97969846
vn -0.09759727 -0.11659674 0.98837239
vn -0.14060554 -0.09030356 0.98593882
vn -0.16790794 -0.11690553 0.97884627
vn -0.18829800 -0.14869842 0.97078970
vn -0.16100842 -0.18660976 0.96915070
vn -0.16100542 -0.18670628 0.96913261
vn -0.13609778 -0.14729760 0.97968404
vn -0.16790794 -0.11690553 0.97884627
vn -0.18829800 -0.14869842 0.97078970
vn -0.20069155 -0.18379226 0.96225948
vn -0.17359299 -0.23009071 0.95756135
vn -0.17360562 -0.23020745 0.95753100
vn -0.16100542 -0.18670628 0.96913261
vn -0.18829800 -0.14869842 0.97078970
vn -0.20069155 -0.18379226 0.96225948
vn -0.20669271 -0.21819230 0.95376635
vn -0.17250364 -0.24860524 0.95312010
vn -0.17250364 -0.24860524 0.95312010
vn -0.17359299 -0.23009071 0.95756135
vn -0.20069155 -0.18379226 0.96225948
vn -0.20669722 -0.21809706 0.95378715
vn -0.20970927 -0.25271117 0.94454174
vn -0.16780060 -0.25450091 0.95240340
vn -0.16780487 -0.25440738 0.95242764
vn -0.17250793 -0.24851142 0.95314379
vn -0.20669722 -0.21809706 0.95378715
vn -0.20970397 -0.25280478 0.94451786
vn -0.20930477 -0.28720655 0.93472130
vn -0.16869901 -0.25839849 0.95119444
vn -0.16869465 -0.25849181 0.95116986
vn -0.16780060 -0.25450091 0.95240340
vn -0.20970397 -0.25280478 0.94451786
vn -0.20940039 -0.28720053 0.93470173
vn -0.20369572 -0.32339320 0.92408057
vn -0.16779617 -0.27879364 0.94557842
vn -0.16779617 -0.27879364 0.94557842
vn -0.16869901 -0.25839849 0.95119444
vn -0.20930477 -0.28720655 0.93472130
vn -0.20370230 -0.32330365 0.92411045
vn -0.18960142 -0.35790267 0.91430683
vn -0.15760844 -0.32251727 0.93334998
vn -0.15770087 -0.32260178 0.93330516
vn -0.16779149 -0.27888586 0.94555206
vn -0.20359986 -0.32339978 0.92409939
vn -0.18960142 -0.35790267 0.91430683
vn -0.16769606 -0.38869087 0.90597872
vn -0.13500718 -0.36301931 0.92194904
vn -0.13500228 -0.36310613 0.92191557
vn -0.15770596 -0.32251219 0.93333527
vn -0.18960142 -0.35790267 0.91430683
vn -0.16769606 -0.38869087 0.90597872
vn -0.13920308 -0.41410917 0.89951992
vn -0.09830034 -0.39570139 0.91310320
vn -0.09819623 -0.39558480 0.91316492
vn -0.13500228 -0.36310613 0.92191557
vn -0.16768954 -0.38877575 0.90594350
vn -0.13920308 -0.41410917 0.89951992
vn -0.10599364 -0.43257406 0.89534632
vn -0.06149834 -0.41338883 0.90847544
vn -0.06149834 -0.41338883 0.90847544
vn -0.09830034 -0.39570139 0.91310320
vn -0.13920885 -0.41402631 0.89955717
vn -0.10599364 -0.43257406 0.89534632
vn -0.06990278 -0.44351763 0.89353551
vn -0.01590034 -0.42250898 0.90621926
vn -0.01590034 -0.42250898 0.90621926
vn -0.06149834 -0.41338883 0.90847544
vn -0.10599364 -0.43257406 0.89534632
vn -0.06989653 -0.44347800 0.89355567
vn -0.03549926 -0.44889060 0.89288131
vn -0.00479993 -0.42199354 0.90658613
vn -0.00479993 -0.42199354 0.90658613
vn -0.01590034 -0.42250898 0.90621926
vn -0.06990278 -0.44351763 0.89353551
vn -0.03549926 -0.44889060 0.89288131
vn -0.00010000 -0.45180776 0.89211532
vn -0.00039999 -0.41529412 0.90968711
vn -0.00030000 -0.41529413 0.90968714
vn -0.00469993 -0.42199374 0.90658656
vn -0.03549926 -0.44889060 0.89288131
vn -0.00020000 -0.45180775 0.89211530
vn 0.03449856 -0.45158118 0.89156284
vn 0.00050000 -0.41830334 0.90830725
vn 0.00050000 -0.41830334 0.90830725
vn -0.00039999 -0.41529412 0.90968711
vn -0.00020000 -0.45180775 0.89211530
vn 0.03450012 -0.45150157 0.89160309
vn 0.07180306 -0.44701904 0.89163798
vn 0.01409932 -0.41577987 0.90935598
vn 0.01409932 -0.41577987 0.90935598
vn 0.00060000 -0.41830332 0.90830720
vn 0.03450012 -0.45150157 0.89160309
vn 0.07179985 -0.44709906 0.89159812
vn 0.10789885 -0.43469537 0.89409047
vn 0.05979797 -0.40878611 0.91066905
vn 0.05979797 -0.40878611 0.91066905
vn 0.01409932 -0.41577987 0.90935598
vn 0.07180306 -0.44701904 0.89163798
vn 0.10789885 -0.43469537 0.89409047
vn 0.14060384 -0.41471131 0.89902452
vn 0.09759627 -0.39318496 0.91426503
vn 0.09769531 -0.39318112 0.91425611
vn 0.05979797 -0.40878611 0.91066905
vn 0.10789885 -0.43469537 0.89409047
vn 0.14060384 -0.41471131 0.89902452
vn 0.16789261 -0.38818290 0.90616009
vn 0.13599825 -0.36229534 0.92208815
vn 0.13609640 -0.36229042 0.92207561
vn 0.09759627 -0.39318496 0.91426503
vn 0.14060384 -0.41471131 0.89902452
vn 0.16789261 -0.38818290 0.90616009
vn 0.18829732 -0.35659493 0.91508698
vn 0.16100578 -0.32291160 0.93263350
vn 0.16100578 -0.32291160 0.93263350
vn 0.13609147 -0.36237728 0.92204220
vn 0.16790782 -0.38821808 0.90614220
vn 0.18829061 -0.35668220 0.91505434
vn 0.20070406 -0.32200652 0.92521872
vn 0.17360350 -0.27950563 0.94431903
vn 0.17360350 -0.27950563 0.94431903
vn 0.16100578 -0.32291160 0.93263350
vn 0.18829061 -0.35668220 0.91505434
vn 0.20070406 -0.32200652 0.92521872
vn 0.20669759 -0.28789664 0.93508910
vn 0.17250310 -0.26130470 0.94971708
vn 0.17250310 -0.26130470 0.94971708
vn 0.17360350 -0.27950563 0.94431903
vn 0.20070406 -0.32200652 0.92521872
vn 0.20669164 -0.28798835 0.93506218
vn 0.20969193 -0.25339024 0.94436364
vn 0.16779288 -0.25578914 0.95205959
vn 0.16780885 -0.25581350 0.95205023
vn 0.17250310 -0.26130470 0.94971708
vn 0.20669164 -0.28798835 0.93506218
vn 0.20969724 -0.25329666 0.94438756
vn 0.20930083 -0.21860087 0.95310378
vn 0.16869818 -0.25169728 0.95298972
vn 0.16869818 -0.25169728 0.95298972
vn 0.16779717 -0.25569569 0.95208394
vn 0.20969724 -0.25329666 0.94438756
vn 0.20939645 -0.21859629 0.95308383
vn 0.20369372 -0.18199439 0.96197033
vn 0.16780038 -0.23130053 0.95830219
vn 0.16779650 -0.23139518 0.95828002
vn 0.16870576 -0.25190860 0.95293254
vn 0.20939187 -0.21869151 0.95306299
vn 0.20369001 -0.18209107 0.96195282
vn 0.18959070 -0.14729278 0.97075239
vn 0.15769115 -0.18738949 0.96954561
vn 0.15769411 -0.18729300 0.96956377
vn 0.16780038 -0.23130053 0.95830219
vn 0.20369372 -0.18199439 0.96197033
vn 0.18959349 -0.14719495 0.97076668
vn 0.16769246 -0.11629477 0.97895596
vn 0.13499411 -0.14649361 0.97995725
vn 0.13499411 -0.14649361 0.97995725
vn 0.15769411 -0.18729300 0.96956377
vn 0.18959349 -0.14719495 0.97076668
vn 0.16770887 -0.11630615 0.97895179
vn 0.13919393 -0.09119602 0.98605696
vn 0.09830167 -0.11390193 0.98861678
vn 0.09820151 -0.11400176 0.98861522
vn 0.13499213 -0.14659146 0.97994289
vn 0.16770887 -0.11630615 0.97895179
vn 0.13919393 -0.09119602 0.98605696
vn 0.10589855 -0.07309900 0.99168646
vn 0.06149757 -0.09619620 0.99346079
vn 0.06149698 -0.09629527 0.99345123
vn 0.09830167 -0.11390193 0.98861678
vn 0.13920765 -0.09120501 0.98605420
vn 0.10589933 -0.07299954 0.99169370
vn 0.06989872 -0.06269885 0.99558175
vn 0.01589943 -0.08719687 0.99606421
vn 0.01589943 -0.08719687 0.99606421
vn 0.06149757 -0.09619620 0.99346079
vn 0.10589933 -0.07299954 0.99169370
vn 0.06989872 -0.06269885 0.99558175
vn 0.03570025 -0.05750040 0.99770697
vn 0.00509990 -0.08829832 0.99608102
vn 0.00499991 -0.08829836 0.99608152
vn 0.01589943 -0.08719687 0.99606421
vn 0.06989872 -0.06269885 0.99558175
vn 0.00509990 -0.08829832 0.99608102
vn 0.03570025 -0.05750040 0.99770697
vn -0.00010000 -0.05479985 0.99849735
vn -0.00020000 -0.05479985 0.99849734
vn -0.00039998 -0.09519603 0.99545847
vn 0.00499991 -0.08829836 0.99608152
vn 0.00010000 -0.99893214 -0.04620149
vn -0.14290065 -0.98790451 -0.06020028
vn -0.08440267 -0.99643148 0.00070002
vn -0.08460124 -0.99641464 0.00070001
vn 0.00000000 -0.99999976 0.00070000
vn 0.00010000 -0.99893214 -0.04620149
vn 0.14290237 -0.98791639 -0.06000100
vn 0.00000000 -0.99999976 0.00070000
vn 0.08460124 -0.99641464 0.00070001
vn 0.14290237 -0.98791639 -0.06000100
vn 0.02900039 -0.41400558 0.90981226
vn 0.00000000 -0.41647566 0.90914687
vn 0.00000000 -0.41647566 0.90914687
vn 0.02900039 -0.41400558 0.90981226
vn 0.05709873 -0.40669094 0.91177969
vn 0.05709873 -0.40669094 0.91177969
vn 0.08350166 -0.39490784 0.91491818
vn 0.08350166 -0.39490784 0.91491818
vn 0.10729788 -0.37869253 0.91928186
vn 0.10729788 -0.37869253 0.91928186
vn 0.12790121 -0.35880341 0.92460878
vn 0.12790121 -0.35880341 0.92460878
vn 0.14459570 -0.33579002 0.93077234
vn 0.14459570 -0.33579002 0.93077234
vn 0.15690020 -0.31030039 0.93760119
vn 0.15690020 -0.31030039 0.93760119
vn 0.16439461 -0.28319071 0.94486900
vn 0.16439461 -0.28319071 0.94486900
vn 0.16689596 -0.25519382 0.95237695
vn 0.16689596 -0.25519382 0.95237695
vn 0.16439546 -0.22719373 0.95987350
vn 0.16439546 -0.22719373 0.95987350
vn 0.15690784 -0.20001000 0.96714835
vn 0.15690784 -0.20001000 0.96714835
vn 0.14459492 -0.17459386 0.97396576
vn 0.14459492 -0.17459386 0.97396576
vn 0.12790597 -0.15150707 0.98014574
vn 0.12790597 -0.15150707 0.98014574
vn 0.10729633 -0.13169549 0.98546628
vn 0.10729633 -0.13169549 0.98546628
vn 0.08349931 -0.11549904 0.98979181
vn 0.08349931 -0.11549904 0.98979181
vn 0.05939702 -0.10449475 0.99275014
vn 0.05950123 -0.10280213 0.99292060
vn 0.05109830 -0.07099763 0.99616680
vn 0.05140239 -0.06820318 0.99634639
vn -0.05769878 -0.10229784 0.99307905
vn -0.05630189 -0.06890231 0.99603342
vn -0.05489999 -0.07189998 0.99589979
vn -0.05709879 -0.10359781 0.99297896
vn -0.08349834 -0.11559771 0.98978038
vn -0.08349834 -0.11559771 0.98978038
vn -0.10729774 -0.13159723 0.98547926
vn -0.10729774 -0.13159723 0.98547926
vn -0.12790597 -0.15150707 0.98014574
vn -0.12790597 -0.15150707 0.98014574
vn -0.14459492 -0.17459386 0.97396576
vn -0.14459492 -0.17459386 0.97396576
vn -0.15690784 -0.20001000 0.96714835
vn -0.15690784 -0.20001000 0.96714835
vn -0.16439546 -0.22719373 0.95987350
vn -0.16439546 -0.22719373 0.95987350
vn -0.16689596 -0.25519382 0.95237695
vn -0.16689596 -0.25519382 0.95237695
vn -0.16439461 -0.28319071 0.94486900
vn -0.16439461 -0.28319071 0.94486900
vn -0.15689533 -0.31039076 0.93757209
vn -0.15689533 -0.31039076 0.93757209
vn -0.14459570 -0.33579002 0.93077234
vn -0.14459570 -0.33579002 0.93077234
vn -0.12790121 -0.35880341 0.92460878
vn -0.12790121 -0.35880341 0.92460878
vn -0.10729788 -0.37869253 0.91928186
vn -0.10729788 -0.37869253 0.91928186
vn -0.08350166 -0.39490784 0.91491818
vn -0.08350166 -0.39490784 0.91491818
vn -0.05709873 -0.40669094 0.91177969
vn -0.05709873 -0.40669094 0.91177969
vn -0.02900039 -0.41400558 0.90981226
vn -0.02900039 -0.41400558 0.90981226
vn -0.98978078 -0.14259723 -0.00020000
vn -0.98976666 -0.14269519 -0.00019999
vn -0.99348099 -0.11399782 0.00010000
vn -0.99350363 -0.11380042 0.00010000
vn 0.00000000 0.99999976 -0.00070000
vn 0.08420408 0.99644828 -0.00070003
vn 0.14249642 0.98797518 0.05999849
vn 0.14249642 0.98797518 0.05999849
vn 0.00000000 0.99893675 0.04610170
vn 0.00000000 0.99999976 -0.00070000
vn -0.08420408 0.99644828 -0.00070003
vn 0.00000000 0.99893675 0.04610170
vn -0.14249642 0.98797518 0.05999849
vn -0.08420408 0.99644828 -0.00070003
vn 0.99337735 -0.11489738 -0.00020000
vn 0.99338875 -0.11479870 -0.00020000
vn 0.98978079 -0.14259723 0.00010000
vn 0.98975255 -0.14279315 0.00010000
vn 0.00039999 0.09799867 -0.99518647
vn 0.00460002 0.09140033 -0.99580360
vn 0.03499862 0.06039762 -0.99756064
vn 0.03509870 0.06029777 -0.99756316
vn 0.00020001 0.05750261 -0.99834534
vn 0.00039999 0.09799867 -0.99518647
vn 0.00460002 0.09140033 -0.99580360
vn 0.01599976 0.08919869 -0.99588534
vn 0.06909796 0.06529807 -0.99547056
vn 0.06909796 0.06529807 -0.99547056
vn 0.03509849 0.06039741 -0.99755714
vn 0.00460002 0.09140033 -0.99580360
vn 0.01599976 0.08919869 -0.99588534
vn 0.06049978 0.09849964 -0.99329633
vn 0.10450490 0.07560355 -0.99164652
vn 0.10460381 0.07560276 -0.99163616
vn 0.06899844 0.06529852 -0.99547743
vn 0.01599976 0.08919869 -0.99588534
vn 0.06059941 0.09849904 -0.99329032
vn 0.10000256 0.11580296 -0.98822526
vn 0.13739902 0.09349934 -0.98609299
vn 0.13739902 0.09349934 -0.98609299
vn 0.10460460 0.07550332 -0.99164365
vn 0.06050037 0.09840061 -0.99330611
vn 0.09990471 0.11570545 -0.98824658
vn 0.13320010 0.14850011 -0.97990073
vn 0.16549818 0.11829870 -0.97908925
vn 0.16549818 0.11829870 -0.97908925
vn 0.13739902 0.09349934 -0.98609299
vn 0.09990355 0.11580412 -0.98823514
vn 0.13329832 0.14849813 -0.97988768
vn 0.15520486 0.18850590 -0.96973036
vn 0.18710104 0.14880083 -0.97100541
vn 0.18710104 0.14880083 -0.97100541
vn 0.16549818 0.11829870 -0.97908925
vn 0.13329832 0.14849813 -0.97988768
vn 0.15519273 0.18839118 -0.96975460
vn 0.16490526 0.23160738 -0.95873056
vn 0.20089361 0.18299418 -0.96236941
vn 0.20090927 0.18310845 -0.96234441
vn 0.18710104 0.14880083 -0.97100541
vn 0.15510726 0.18850883 -0.96974541
vn 0.16489761 0.23179665 -0.95868613
vn 0.16549441 0.25239147 -0.95336779
vn 0.20660637 0.21930677 -0.95352942
vn 0.20649095 0.21929038 -0.95355819
vn 0.20090559 0.18320510 -0.96232678
vn 0.16490144 0.23170202 -0.95870835
vn 0.16540132 0.25230202 -0.95340762
vn 0.16459375 0.25599028 -0.95256384
vn 0.20690974 0.25351193 -0.94494447
vn 0.20689019 0.25348798 -0.94495518
vn 0.20659120 0.21919067 -0.95355940
vn 0.16540132 0.25230202 -0.95340762
vn 0.16459375 0.25599028 -0.95256384
vn 0.16919917 0.26099872 -0.95039534
vn 0.20389892 0.28759847 -0.93579504
vn 0.20398889 0.28768433 -0.93574904
vn 0.20690449 0.25360551 -0.94492051
vn 0.16469104 0.25598607 -0.95254816
vn 0.16929631 0.26099430 -0.95037926
vn 0.17059960 0.27939934 -0.94489777
vn 0.19799657 0.32119444 -0.92608396
vn 0.19799657 0.32119444 -0.92608396
vn 0.20389892 0.28759847 -0.93579504
vn 0.16929631 0.26099430 -0.95037926
vn 0.17059960 0.27939934 -0.94489777
vn 0.15849669 0.32199327 -0.93338049
vn 0.18579350 0.35538756 -0.91606793
vn 0.18579350 0.35538756 -0.91606793
vn 0.19799657 0.32119444 -0.92608396
vn 0.17059960 0.27939934 -0.94489777
vn 0.15849669 0.32199327 -0.93338049
vn 0.13430014 0.36060039 -0.92300099
vn 0.16569735 0.38649381 -0.90728547
vn 0.16569735 0.38649381 -0.90728547
vn 0.18569695 0.35539416 -0.91608495
vn 0.15849669 0.32199327 -0.93338049
vn 0.13430014 0.36060039 -0.92300099
vn 0.09930430 0.39141693 -0.91483957
vn 0.13870562 0.41271671 -0.90023645
vn 0.13870562 0.41271671 -0.90023645
vn 0.16569735 0.38649381 -0.90728547
vn 0.13430014 0.36060039 -0.92300099
vn 0.09930430 0.39141693 -0.91483957
vn 0.05889849 0.40688955 -0.91157658
vn 0.10639830 0.43239311 -0.89538573
vn 0.10649717 0.43238851 -0.89537620
vn 0.13870562 0.41271671 -0.90023645
vn 0.09930430 0.39141693 -0.91483957
vn 0.05889849 0.40688955 -0.91157658
vn 0.01430025 0.41410718 -0.91011579
vn 0.07090119 0.44460747 -0.89291501
vn 0.07090119 0.44460747 -0.89291501
vn 0.10649717 0.43238851 -0.89537620
vn 0.05889849 0.40688955 -0.91157658
vn 0.01420027 0.41410777 -0.91011708
vn 0.00059999 0.41509078 -0.90977980
vn 0.03399952 0.44919360 -0.89278729
vn 0.03400104 0.44911378 -0.89282739
vn 0.07089804 0.44468770 -0.89287531
vn 0.01420027 0.41410777 -0.91011708
vn 0.00059999 0.41509078 -0.90977980
vn -0.00040002 0.41272516 -0.91085552
vn -0.00020000 0.44929234 -0.89338477
vn -0.00020000 0.44929234 -0.89338477
vn 0.03410093 0.44911225 -0.89282435
vn 0.00059999 0.41509078 -0.90977980
vn -0.00039999 0.41268757 -0.91087256
vn -0.00469986 0.41878720 -0.90807224
vn -0.03509984 0.44649798 -0.89409595
vn -0.03509984 0.44649798 -0.89409595
vn -0.00020001 0.44941229 -0.89332444
vn -0.00040002 0.41272516 -0.91085552
vn -0.00459986 0.41878739 -0.90807266
vn -0.01599940 0.42068425 -0.90706603
vn -0.06899705 0.44118114 -0.89476176
vn -0.06899705 0.44118114 -0.89476176
vn -0.03509984 0.44649798 -0.89409595
vn -0.00459986 0.41878739 -0.90807266
vn -0.01600085 0.42072241 -0.90704831
vn -0.06060210 0.41141426 -0.90943152
vn -0.10459598 0.43038346 -0.89656554
vn -0.10459598 0.43038346 -0.89656554
vn -0.06909657 0.44117810 -0.89475558
vn -0.01599940 0.42068425 -0.90706603
vn -0.06049945 0.41129626 -0.90949173
vn -0.09990469 0.39381848 -0.91374288
vn -0.13740236 0.41210708 -0.90071547
vn -0.13740236 0.41210708 -0.90071547
vn -0.10459598 0.43038346 -0.89656554
vn -0.06050246 0.41141675 -0.90943703
vn -0.10000369 0.39381455 -0.91373375
vn -0.13329179 0.36137773 -0.92284313
vn -0.16549445 0.38708702 -0.90706958
vn -0.16549445 0.38708702 -0.90706958
vn -0.13740236 0.41210708 -0.90071547
vn -0.09999976 0.39389903 -0.91369776
vn -0.13319357 0.36138254 -0.92285542
vn -0.15519562 0.32159093 -0.93407365
vn -0.18709856 0.35669726 -0.91529296
vn -0.18710523 0.35660997 -0.91532560
vn -0.16550086 0.38700200 -0.90710469
vn -0.13319838 0.36129560 -0.92288877
vn -0.15520513 0.32171063 -0.93403086
vn -0.16490240 0.27870405 -0.94611376
vn -0.20089432 0.32259088 -0.92497384
vn -0.20090080 0.32250128 -0.92500367
vn -0.18710523 0.35660997 -0.91532560
vn -0.15519562 0.32159093 -0.93407365
vn -0.16490240 0.27870405 -0.94611376
vn -0.16540433 0.25820676 -0.95182492
vn -0.20650754 0.28691047 -0.93543413
vn -0.20650754 0.28691047 -0.93543413
vn -0.20089432 0.32259088 -0.92497384
vn -0.16490240 0.27870405 -0.94611376
vn -0.16540433 0.25820676 -0.95182492
vn -0.16460554 0.25460856 -0.95293205
vn -0.20690207 0.25290253 -0.94510944
vn -0.20680634 0.25290776 -0.94512899
vn -0.20660327 0.28690454 -0.93541481
vn -0.16540433 0.25820676 -0.95182492
vn -0.16460554 0.25460856 -0.95293205
vn -0.16919304 0.24918975 -0.95356079
vn -0.20390548 0.21880588 -0.95422563
vn -0.20400132 0.21880141 -0.95420616
vn -0.20690207 0.25290253 -0.94510944
vn -0.16460554 0.25460856 -0.95293205
vn -0.16930210 0.24930309 -0.95351181
vn -0.17059619 0.23059484 -0.95797858
vn -0.19799725 0.18499743 -0.96258664
vn -0.19800457 0.18480427 -0.96262224
vn -0.20390548 0.21880588 -0.95422563
vn -0.16930632 0.24920930 -0.95353558
vn -0.17060012 0.23050016 -0.95800067
vn -0.15850526 0.18780624 -0.96933219
vn -0.18571063 0.15020860 -0.97105558
vn -0.18580718 0.15020581 -0.97103754
vn -0.19800457 0.18480427 -0.96262224
vn -0.17060012 0.23050016 -0.95800067
vn -0.15850526 0.18780624 -0.96933219
vn -0.13430783 0.14910869 -0.97965709
vn -0.16569713 0.11889794 -0.97898301
vn -0.16569713 0.11889794 -0.97898301
vn -0.18570784 0.15030634 -0.97104099
vn -0.15850526 0.18780624 -0.96933219
vn -0.13429267 0.14919185 -0.97964650
vn -0.09929886 0.11839864 -0.98798861
vn -0.13869813 0.09269875 -0.98598670
vn -0.13869813 0.09269875 -0.98598670
vn -0.16569713 0.11889794 -0.97898301
vn -0.13430783 0.14910869 -0.97965709
vn -0.09929768 0.11849723 -0.98797691
vn -0.05889967 0.10339942 -0.99289445
vn -0.10650154 0.07320106 -0.99161435
vn -0.10650154 0.07320106 -0.99161435
vn -0.13869813 0.09269875 -0.98598670
vn -0.09929886 0.11839864 -0.98798861
vn -0.05889967 0.10339942 -0.99289445
vn -0.01430057 0.09640383 -0.99523957
vn -0.07089943 0.06139950 -0.99559197
vn -0.07089943 0.06139950 -0.99559197
vn -0.10650154 0.07320106 -0.99161435
vn -0.05889906 0.10349835 -0.99288418
vn -0.01420058 0.09640397 -0.99524098
vn -0.00060002 0.09540369 -0.99543848
vn -0.03409894 0.05739821 -0.99776887
vn -0.03409894 0.05739821 -0.99776887
vn -0.07089943 0.06139950 -0.99559197
vn -0.01420058 0.09640397 -0.99524098
vn -0.00060002 0.09540369 -0.99543848
vn 0.00039999 0.09799867 -0.99518647
vn 0.00020001 0.05750261 -0.99834534
vn 0.00020001 0.05750261 -0.99834534
vn -0.03409894 0.05739821 -0.99776887
vn -0.00060002 0.09540369 -0.99543848
vn 0.01909990 -0.27239856 0.96199492
vn 0.01950064 -0.25880852 0.96573178
vn 0.00000000 -0.25880773 0.96592886
vn 0.00000000 -0.25880773 0.96592886
vn 0.00000000 -0.27239583 0.96218528
vn 0.01909990 -0.27239856 0.96199492
vn 0.00000000 -0.25880773 0.96592886
vn 0.01950064 -0.25880852 0.96573178
vn 0.01910018 -0.24510229 0.96930906
vn 0.01910018 -0.24510229 0.96930906
vn 0.00000000 -0.24519347 0.96947417
vn 0.00000000 -0.25880773 0.96592886
vn 0.01780082 -0.32761511 0.94464357
vn 0.01910042 -0.27230598 0.96202112
vn 0.00000000 -0.27239583 0.96218528
vn 0.00000000 -0.27230325 0.96221148
vn 0.00000000 -0.32888905 0.94436857
vn 0.01780082 -0.32761511 0.94464357
vn 0.00000000 -0.24519347 0.96947417
vn 0.01909971 -0.24519628 0.96928530
vn 0.01779987 -0.18859864 0.98189293
vn 0.01780021 -0.18850220 0.98191144
vn 0.00030000 -0.18730050 0.98230262
vn 0.00000000 -0.24509948 0.96949793
vn 0.01280007 -0.39520215 0.91850499
vn 0.01780024 -0.32770438 0.94461262
vn 0.00000000 -0.32888905 0.94436857
vn 0.00000000 -0.32879987 0.94439962
vn 0.00000000 -0.39668118 0.91795645
vn 0.01279940 -0.39508147 0.91855692
vn 0.00000000 -0.18739700 0.98228426
vn 0.01779987 -0.18859864 0.98189293
vn 0.01280048 -0.11710438 0.99303712
vn 0.01280063 -0.11700574 0.99304874
vn 0.00000000 -0.11540219 0.99331885
vn 0.00000000 -0.18730051 0.98230266
vn 0.00000000 -0.11550086 0.99330738
vn 0.01280048 -0.11710438 0.99303712
vn 0.00619983 -0.07749792 0.99697324
vn 0.00619988 -0.07739852 0.99698096
vn 0.00000000 -0.07680356 0.99704624
vn 0.00000000 -0.11530352 0.99333031
vn 0.00619995 -0.43149674 0.90209319
vn 0.01280007 -0.39520215 0.91850499
vn 0.00000000 -0.39671759 0.91794071
vn 0.00000000 -0.39680186 0.91790429
vn 0.00000000 -0.43198972 0.90187853
vn 0.00619995 -0.43149674 0.90209319
vn -0.16869901 -0.25839849 0.95119444
vn -0.16290418 -0.26270674 0.95102439
vn -0.16470482 -0.25530747 0.95272788
vn -0.16459185 -0.25528735 0.95275280
vn -0.16780060 -0.25450091 0.95240340
vn -0.16869901 -0.25839849 0.95119444
vn -0.16290418 -0.26270674 0.95102439
vn -0.08839708 -0.27009109 0.95876836
vn -0.09090347 -0.25770983 0.96193669
vn -0.09100264 -0.25770749 0.96192794
vn -0.16470482 -0.25530747 0.95272788
vn -0.16290418 -0.26270674 0.95102439
vn -0.08840317 -0.27020969 0.95873438
vn -0.01909990 -0.27239856 0.96199492
vn -0.01950064 -0.25880852 0.96573178
vn -0.01950064 -0.25880852 0.96573178
vn -0.09090347 -0.25770983 0.96193669
vn -0.08839708 -0.27009109 0.95876836
vn -0.01909990 -0.27239856 0.96199492
vn 0.00000000 -0.27239583 0.96218528
vn 0.00000000 -0.25890103 0.96590385
vn 0.00000000 -0.25880773 0.96592886
vn -0.01949926 -0.25869022 0.96576350
vn -0.01910042 -0.27230598 0.96202112
vn 0.16470902 -0.25521398 0.95275220
vn 0.16290846 -0.26261363 0.95104938
vn 0.17250310 -0.26130470 0.94971708
vn 0.17250310 -0.26130470 0.94971708
vn 0.16779288 -0.25578914 0.95205959
vn 0.16460753 -0.25531168 0.95274357
vn 0.09090112 -0.25780319 0.96191190
vn 0.08840317 -0.27020969 0.95873438
vn 0.16290418 -0.26270674 0.95102439
vn 0.16289296 -0.26258866 0.95105892
vn 0.16469333 -0.25518967 0.95276143
vn 0.09100264 -0.25770749 0.96192794
vn 0.01950064 -0.25880852 0.96573178
vn 0.01909990 -0.27239856 0.96199492
vn 0.08839469 -0.27018378 0.95874246
vn 0.08839708 -0.27009109 0.95876836
vn 0.09090347 -0.25770983 0.96193669
vn 0.01950115 -0.25871521 0.96575677
vn -0.16469333 -0.25518967 0.95276143
vn -0.16280136 -0.24790208 0.95500800
vn -0.17249148 -0.24848773 0.95315294
vn -0.17250364 -0.24860524 0.95312010
vn -0.16779633 -0.25459443 0.95237916
vn -0.16460753 -0.25531168 0.95274357
vn -0.09100030 -0.25780084 0.96190315
vn -0.08839638 -0.24548994 0.96536044
vn -0.16279733 -0.24799593 0.95498432
vn -0.16279733 -0.24799593 0.95498432
vn -0.16470482 -0.25530747 0.95272788
vn -0.09100030 -0.25780084 0.96190315
vn -0.01950064 -0.25880852 0.96573178
vn -0.01909971 -0.24519628 0.96928530
vn -0.08839638 -0.24548994 0.96536044
vn -0.08839855 -0.24539597 0.96538413
vn -0.09090347 -0.25770983 0.96193669
vn -0.01949926 -0.25869022 0.96576350
vn 0.00000000 -0.25880773 0.96592886
vn 0.00000000 -0.24519347 0.96947417
vn -0.01910018 -0.24510229 0.96930906
vn -0.01910018 -0.24510229 0.96930906
vn -0.01950064 -0.25880852 0.96573178
vn 0.00000000 -0.25880773 0.96592886
vn 0.16869818 -0.25169728 0.95298972
vn 0.16279733 -0.24799593 0.95498432
vn 0.16469333 -0.25518967 0.95276143
vn 0.16470482 -0.25530747 0.95272788
vn 0.16780456 -0.25590695 0.95202587
vn 0.16869393 -0.25179094 0.95296573
vn 0.16289467 -0.24799189 0.95496877
vn 0.08839855 -0.24539597 0.96538413
vn 0.09100264 -0.25770749 0.96192794
vn 0.09100030 -0.25780084 0.96190315
vn 0.16470482 -0.25530747 0.95272788
vn 0.16279733 -0.24799593 0.95498432
vn 0.08839638 -0.24548994 0.96536044
vn 0.01909971 -0.24519628 0.96928530
vn 0.01950064 -0.25880852 0.96573178
vn 0.01949926 -0.25869022 0.96576350
vn 0.09090347 -0.25770983 0.96193669
vn 0.08839855 -0.24539597 0.96538413
vn -0.16779617 -0.27879364 0.94557842
vn -0.15249805 -0.29519623 0.94318796
vn -0.16280683 -0.26271102 0.95103988
vn -0.16279562 -0.26259294 0.95107441
vn -0.16869901 -0.25839849 0.95119444
vn -0.16779617 -0.27879364 0.94557842
vn -0.15250255 -0.29510494 0.94321580
vn -0.08059973 -0.31519893 0.94559680
vn -0.08839708 -0.27009109 0.95876836
vn -0.08840317 -0.27020969 0.95873438
vn -0.16289990 -0.26279984 0.95099941
vn -0.15249805 -0.29519623 0.94318796
vn -0.08059719 -0.31528900 0.94556700
vn -0.01780024 -0.32770438 0.94461262
vn -0.01909990 -0.27239856 0.96199492
vn -0.01909990 -0.27239856 0.96199492
vn -0.08839708 -0.27009109 0.95876836
vn -0.08059719 -0.31528900 0.94556700
vn -0.01780082 -0.32761511 0.94464357
vn -0.00030000 -0.32879985 0.94439958
vn 0.00000000 -0.27230325 0.96221148
vn 0.00000000 -0.27239583 0.96218528
vn -0.01909990 -0.27239856 0.96199492
vn -0.01780024 -0.32770438 0.94461262
vn 0.16280683 -0.26271102 0.95103988
vn 0.15249805 -0.29519623 0.94318796
vn 0.17360350 -0.27950563 0.94431903
vn 0.17360350 -0.27950563 0.94431903
vn 0.17250310 -0.26130470 0.94971708
vn 0.16279562 -0.26259294 0.95107441
vn 0.08839708 -0.27009109 0.95876836
vn 0.08059973 -0.31519893 0.94559680
vn 0.15250255 -0.29510494 0.94321580
vn 0.15249805 -0.29519623 0.94318796
vn 0.16289562 -0.26289293 0.95097441
vn 0.08839469 -0.27018378 0.95874246
vn 0.01909990 -0.27239856 0.96199492
vn 0.01780024 -0.32770438 0.94461262
vn 0.08059719 -0.31528900 0.94556700
vn 0.08059719 -0.31528900 0.94556700
vn 0.08839708 -0.27009109 0.95876836
vn 0.01909990 -0.27239856 0.96199492
vn -0.16279329 -0.24808977 0.95496063
vn -0.15249826 -0.21609753 0.96438900
vn -0.17359299 -0.23009071 0.95756135
vn -0.17359299 -0.23009071 0.95756135
vn -0.17250364 -0.24860524 0.95312010
vn -0.16289063 -0.24808573 0.95494508
vn -0.08839855 -0.24539597 0.96538413
vn -0.08060126 -0.19980313 0.97651531
vn -0.15250155 -0.21600220 0.96440983
vn -0.15250155 -0.21600220 0.96440983
vn -0.16280540 -0.24780822 0.95503167
vn -0.08839638 -0.24548994 0.96536044
vn -0.01909971 -0.24519628 0.96928530
vn -0.01779987 -0.18859864 0.98189293
vn -0.08060126 -0.19980313 0.97651531
vn -0.08060287 -0.19970712 0.97653481
vn -0.08839855 -0.24539597 0.96538413
vn -0.01910018 -0.24510229 0.96930906
vn 0.00000000 -0.24509948 0.96949793
vn 0.00000000 -0.18730051 0.98230266
vn -0.01780021 -0.18850220 0.98191144
vn -0.01779987 -0.18859864 0.98189293
vn -0.01909971 -0.24519628 0.96928530
vn 0.00000000 -0.24531123 0.96944438
vn 0.16779650 -0.23139518 0.95828002
vn 0.15249826 -0.21609753 0.96438900
vn 0.16279329 -0.24808977 0.95496063
vn 0.16290215 -0.24820327 0.95491258
vn 0.16869393 -0.25179094 0.95296573
vn 0.16779650 -0.23139518 0.95828002
vn 0.15250155 -0.21600220 0.96440983
vn 0.08060126 -0.19980313 0.97651531
vn 0.08839855 -0.24539597 0.96538413
vn 0.08839638 -0.24548994 0.96536044
vn 0.16289063 -0.24808573 0.95494508
vn 0.15250155 -0.21600220 0.96440983
vn 0.08060126 -0.19980313 0.97651531
vn 0.01780021 -0.18850220 0.98191144
vn 0.01910018 -0.24510229 0.96930906
vn 0.01910018 -0.24510229 0.96930906
vn 0.08839855 -0.24539597 0.96538413
vn 0.08060126 -0.19980313 0.97651531
vn -0.15770596 -0.32251219 0.93333527
vn -0.13330377 -0.34650981 0.92852628
vn -0.15250255 -0.29510494 0.94321580
vn -0.15240038 -0.29520073 0.94320234
vn -0.16779617 -0.27879364 0.94557842
vn -0.15770087 -0.32260178 0.93330516
vn -0.13330377 -0.34650981 0.92852628
vn -0.06569811 -0.37578920 0.92437343
vn -0.08059973 -0.31519893 0.94559680
vn -0.08059719 -0.31528900 0.94556700
vn -0.15249805 -0.29519623 0.94318796
vn -0.13329915 -0.34659780 0.92849410
vn -0.06569811 -0.37578920 0.92437343
vn -0.01280058 -0.39511776 0.91854129
vn -0.01780082 -0.32761511 0.94464357
vn -0.01780024 -0.32770438 0.94461262
vn -0.08059719 -0.31528900 0.94556700
vn -0.06569811 -0.37578920 0.92437343
vn -0.01280058 -0.39511776 0.91854129
vn 0.00000000 -0.39668118 0.91795645
vn 0.00000000 -0.32879987 0.94439962
vn 0.00000000 -0.32900930 0.94432668
vn -0.01780024 -0.32770438 0.94461262
vn -0.01280007 -0.39520215 0.91850499
vn 0.15250255 -0.29510494 0.94321580
vn 0.13330377 -0.34650981 0.92852628
vn 0.16110319 -0.32290640 0.93261848
vn 0.16100058 -0.32300117 0.93260338
vn 0.17360350 -0.27950563 0.94431903
vn 0.15240038 -0.29520073 0.94320234
vn 0.08059719 -0.31528900 0.94556700
vn 0.06569811 -0.37578920 0.92437343
vn 0.13330377 -0.34650981 0.92852628
vn 0.13330377 -0.34650981 0.92852628
vn 0.15250255 -0.29510494 0.94321580
vn 0.08059973 -0.31519893 0.94559680
vn 0.01780024 -0.32770438 0.94461262
vn 0.01280007 -0.39520215 0.91850499
vn 0.06569811 -0.37578920 0.92437343
vn 0.06569811 -0.37578920 0.92437343
vn 0.08059973 -0.31519893 0.94559680
vn 0.01780082 -0.32761511 0.94464357
vn -0.15250155 -0.21600220 0.96440983
vn -0.13329944 -0.16409931 0.97739587
vn -0.16100842 -0.18660976 0.96915070
vn -0.16100842 -0.18660976 0.96915070
vn -0.17359299 -0.23009071 0.95756135
vn -0.15250155 -0.21600220 0.96440983
vn -0.08060287 -0.19970712 0.97653481
vn -0.06570204 -0.13670424 0.98843067
vn -0.13329944 -0.16409931 0.97739587
vn -0.13329725 -0.16419661 0.97737982
vn -0.15250155 -0.21600220 0.96440983
vn -0.08060126 -0.19980313 0.97651531
vn -0.01779987 -0.18859864 0.98189293
vn -0.01280048 -0.11710438 0.99303712
vn -0.06570204 -0.13670424 0.98843067
vn -0.06570204 -0.13670424 0.98843067
vn -0.08060126 -0.19980313 0.97651531
vn -0.01779987 -0.18859864 0.98189293
vn 0.00000000 -0.18730051 0.98230266
vn 0.00000000 -0.11540219 0.99331885
vn -0.01280063 -0.11700574 0.99304874
vn -0.01280048 -0.11710438 0.99303712
vn -0.01779987 -0.18859864 0.98189293
vn 0.00000000 -0.18739700 0.98228426
vn 0.15759660 -0.18729595 0.96957905
vn 0.13329944 -0.16409931 0.97739587
vn 0.15250155 -0.21600220 0.96440983
vn 0.15250155 -0.21600220 0.96440983
vn 0.16780038 -0.23130053 0.95830219
vn 0.15769411 -0.18729300 0.96956377
vn 0.13329944 -0.16409931 0.97739587
vn 0.06570204 -0.13670424 0.98843067
vn 0.08060287 -0.19970712 0.97653481
vn 0.08060126 -0.19980313 0.97651531
vn 0.15250155 -0.21600220 0.96440983
vn 0.13329944 -0.16409931 0.97739587
vn 0.06570204 -0.13670424 0.98843067
vn 0.01280048 -0.11710438 0.99303712
vn 0.01779987 -0.18859864 0.98189293
vn 0.01780021 -0.18850220 0.98191144
vn 0.08060126 -0.19980313 0.97651531
vn 0.06570204 -0.13670424 0.98843067
vn -0.13329725 -0.16419661 0.97737982
vn -0.10639817 -0.12059793 0.98698306
vn -0.13599963 -0.14729960 0.97969736
vn -0.13599963 -0.14729960 0.97969736
vn -0.16100542 -0.18670628 0.96913261
vn -0.13329725 -0.16419661 0.97737982
vn -0.06570204 -0.13670424 0.98843067
vn -0.04420022 -0.09490048 0.99450502
vn -0.10639946 -0.12049938 0.98699496
vn -0.10639817 -0.12059793 0.98698306
vn -0.13329944 -0.16409931 0.97739587
vn -0.06570204 -0.13670424 0.98843067
vn -0.01280048 -0.11710438 0.99303712
vn -0.00619988 -0.07739852 0.99698096
vn -0.04410042 -0.09490090 0.99450941
vn -0.04410084 -0.09480180 0.99451885
vn -0.06570204 -0.13670424 0.98843067
vn -0.01280063 -0.11700574 0.99304874
vn 0.00000000 -0.11530352 0.99333031
vn 0.00000000 -0.07680356 0.99704624
vn -0.00619988 -0.07739852 0.99698096
vn -0.00619988 -0.07739852 0.99698096
vn -0.01280048 -0.11710438 0.99303712
vn 0.00000000 -0.11540219 0.99331885
vn 0.13500536 -0.14660582 0.97993892
vn 0.10639817 -0.12059793 0.98698306
vn 0.13329725 -0.16419661 0.97737982
vn 0.13329725 -0.16419661 0.97737982
vn 0.15769115 -0.18738949 0.96954561
vn 0.13500536 -0.14660582 0.97993892
vn 0.10639946 -0.12049938 0.98699496
vn 0.04420022 -0.09490048 0.99450502
vn 0.06570204 -0.13670424 0.98843067
vn 0.06570204 -0.13670424 0.98843067
vn 0.13329944 -0.16409931 0.97739587
vn 0.10639946 -0.12049938 0.98699496
vn 0.04410042 -0.09490090 0.99450941
vn 0.00619988 -0.07739852 0.99698096
vn 0.01280048 -0.11710438 0.99303712
vn 0.01280063 -0.11700574 0.99304874
vn 0.06570204 -0.13670424 0.98843067
vn 0.04410084 -0.09480180 0.99451885
vn -0.13500228 -0.36310613 0.92191557
vn -0.10640294 -0.38911075 0.91502527
vn -0.13329915 -0.34659780 0.92849410
vn -0.13329915 -0.34659780 0.92849410
vn -0.15770087 -0.32260178 0.93330516
vn -0.13500228 -0.36310613 0.92191557
vn -0.10630407 -0.38911488 0.91503500
vn -0.04410025 -0.41510238 0.90870522
vn -0.06569811 -0.37578920 0.92437343
vn -0.06569811 -0.37578920 0.92437343
vn -0.13320093 -0.34660242 0.92850648
vn -0.10630407 -0.38911488 0.91503500
vn -0.04409842 -0.41518515 0.90866750
vn -0.00619995 -0.43149674 0.90209319
vn -0.01280007 -0.39520215 0.91850499
vn -0.01280058 -0.39511776 0.91854129
vn -0.06569811 -0.37578920 0.92437343
vn -0.04420006 -0.41510055 0.90870121
vn -0.00620022 -0.43141536 0.90213211
vn 0.00000000 -0.43198972 0.90187853
vn 0.00000000 -0.39671759 0.91794071
vn 0.00000000 -0.39680186 0.91790429
vn -0.01280007 -0.39520215 0.91850499
vn -0.00619995 -0.43149674 0.90209319
vn 0.13329915 -0.34659780 0.92849410
vn 0.10640294 -0.38911075 0.91502527
vn 0.13609640 -0.36229042 0.92207561
vn 0.13610402 -0.36241070 0.92202721
vn 0.16109799 -0.32299597 0.93258836
vn 0.13329915 -0.34659780 0.92849410
vn 0.06569811 -0.37578920 0.92437343
vn 0.04410025 -0.41510238 0.90870522
vn 0.10630407 -0.38911488 0.91503500
vn 0.10630407 -0.38911488 0.91503500
vn 0.13320093 -0.34660242 0.92850648
vn 0.06569811 -0.37578920 0.92437343
vn 0.01280007 -0.39520215 0.91850499
vn 0.00619995 -0.43149674 0.90209319
vn 0.04409842 -0.41518515 0.90866750
vn 0.04420006 -0.41510055 0.90870121
vn 0.06569811 -0.37578920 0.92437343
vn 0.01280058 -0.39511776 0.91854129
vn 0.09769915 -0.39309658 0.91429205
vn 0.13610133 -0.36220354 0.92210901
vn 0.10639734 -0.38899028 0.91507714
vn 0.10640439 -0.38931607 0.91493776
vn 0.05989816 -0.40898745 0.91057206
vn 0.09769656 -0.39338614 0.91416778
vn 0.05980041 -0.40870282 0.91070627
vn 0.10629847 -0.38899442 0.91508687
vn 0.04410208 -0.41501961 0.90874294
vn 0.04410025 -0.41510238 0.90870522
vn 0.01409932 -0.41577987 0.90935598
vn 0.05979797 -0.40878611 0.91066905
vn 0.01409990 -0.41569716 0.90939379
vn 0.04420189 -0.41501778 0.90873893
vn 0.00619966 -0.43137644 0.90215073
vn 0.00619995 -0.43149674 0.90209319
vn 0.00060000 -0.41830332 0.90830720
vn 0.01410060 -0.41581769 0.90933867
vn 0.00060000 -0.41830332 0.90830720
vn 0.00619995 -0.43149674 0.90209319
vn 0.00000000 -0.43198972 0.90187853
vn 0.00000000 -0.43198972 0.90187853
vn -0.00039999 -0.41529412 0.90968711
vn 0.00050000 -0.41830334 0.90830725
vn -0.00469993 -0.42199374 0.90658656
vn -0.00030000 -0.41529413 0.90968714
vn 0.00000000 -0.43198972 0.90187853
vn 0.00000000 -0.43190837 0.90191749
vn -0.00620022 -0.43141536 0.90213211
vn -0.00469993 -0.42199374 0.90658656
vn -0.01589967 -0.42259112 0.90618097
vn -0.00480016 -0.42211399 0.90653005
vn -0.00619995 -0.43149674 0.90209319
vn -0.00619993 -0.43129505 0.90218964
vn -0.04419788 -0.41498006 0.90875634
vn -0.01589957 -0.42238854 0.90627541
vn -0.06139872 -0.41339137 0.90848103
vn -0.01590034 -0.42250898 0.90621926
vn -0.04410025 -0.41510238 0.90870522
vn -0.04410025 -0.41510238 0.90870522
vn -0.10629847 -0.38899442 0.91508687
vn -0.06140126 -0.41330845 0.90851858
vn -0.09840057 -0.39590230 0.91300531
vn -0.06149884 -0.41359219 0.90838285
vn -0.10640439 -0.38931607 0.91493776
vn -0.10639734 -0.38899028 0.91507714
vn -0.13499474 -0.36298584 0.92196404
vn -0.09840327 -0.39561315 0.91313035
vn -0.09760464 -0.11680555 0.98834700
vn -0.13609578 -0.14739543 0.97966960
vn -0.10639689 -0.12069647 0.98697116
vn -0.10639946 -0.12049938 0.98699496
vn -0.05979745 -0.10129568 0.99305763
vn -0.09769632 -0.11659560 0.98836273
vn -0.05979745 -0.10129568 0.99305763
vn -0.10639946 -0.12049938 0.98699496
vn -0.04420022 -0.09490048 0.99450502
vn -0.04410042 -0.09490090 0.99450941
vn -0.01410022 -0.09460146 0.99541536
vn -0.05979745 -0.10129568 0.99305763
vn -0.01410022 -0.09460146 0.99541536
vn -0.04420022 -0.09490048 0.99450502
vn -0.00619988 -0.07739852 0.99698096
vn -0.00619988 -0.07739852 0.99698096
vn -0.00020000 -0.09140130 0.99581412
vn -0.01410022 -0.09460146 0.99541536
vn -0.00030000 -0.09140129 0.99581410
vn -0.00619988 -0.07739852 0.99698096
vn 0.00000000 -0.07680356 0.99704624
vn 0.00000000 -0.07690298 0.99703858
vn -0.00039998 -0.09519603 0.99545847
vn -0.00030000 -0.09140129 0.99581410
vn 0.00499991 -0.08829836 0.99608152
vn -0.00039998 -0.09519603 0.99545847
vn 0.00000000 -0.07690298 0.99703858
vn 0.00000000 -0.07680356 0.99704624
vn 0.00619988 -0.07739852 0.99698096
vn 0.00499991 -0.08829836 0.99608152
vn 0.01589943 -0.08719687 0.99606421
vn 0.00499991 -0.08829836 0.99608152
vn 0.00609989 -0.07739857 0.99698157
vn 0.00619983 -0.07749792 0.99697324
vn 0.04420022 -0.09490048 0.99450502
vn 0.01589943 -0.08719687 0.99606421
vn 0.06139795 -0.09619679 0.99346689
vn 0.01589943 -0.08719687 0.99606421
vn 0.04410084 -0.09480180 0.99451885
vn 0.04410042 -0.09490090 0.99450941
vn 0.10639817 -0.12059793 0.98698306
vn 0.06149698 -0.09629527 0.99345123
vn 0.09840070 -0.11390081 0.98860705
vn 0.06149698 -0.09629527 0.99345123
vn 0.10639817 -0.12059793 0.98698306
vn 0.10630059 -0.12050067 0.98700546
vn 0.13499411 -0.14649361 0.97995725
vn 0.09830167 -0.11390193 0.98861678
vn 0.00000000 0.25880773 -0.96592886
vn -0.01839921 0.25878892 -0.96575865
vn -0.01819898 0.27298473 -0.96184621
vn -0.01819948 0.27289219 -0.96187246
vn 0.00000000 0.27349263 -0.96187410
vn 0.00000000 0.25880773 -0.96592886
vn -0.01819962 0.24449490 -0.96947977
vn -0.01839921 0.25878892 -0.96575865
vn 0.00000000 0.25880773 -0.96592886
vn 0.00000000 0.25880773 -0.96592886
vn 0.00000000 0.24411185 -0.96974708
vn -0.01819918 0.24458891 -0.96945606
vn 0.00000000 0.27349263 -0.96187410
vn -0.01819898 0.27298473 -0.96184621
vn -0.01730067 0.32881276 -0.94423665
vn -0.01730067 0.32881276 -0.94423665
vn 0.00000000 0.33241207 -0.94313425
vn 0.00000000 0.27349263 -0.96187410
vn 0.00000000 0.33241207 -0.94313425
vn -0.01730010 0.32890195 -0.94420560
vn -0.01249942 0.39648166 -0.91795755
vn -0.01249992 0.39639738 -0.91799394
vn 0.00000000 0.40021021 -0.91642337
vn 0.00000000 0.33229177 -0.94317664
vn -0.01729916 0.18729088 -0.98215216
vn -0.01819962 0.24449490 -0.96947977
vn 0.00000000 0.24399414 -0.96977671
vn 0.00000000 0.24408818 -0.96975304
vn 0.00000000 0.18369681 -0.98298295
vn -0.01730053 0.18740577 -0.98213022
vn -0.01250021 0.11560197 -0.99321696
vn -0.01730086 0.18730927 -0.98214862
vn 0.00000000 0.18369681 -0.98298295
vn 0.00000000 0.18379344 -0.98296489
vn 0.00000000 0.11159481 -0.99375379
vn -0.01250007 0.11570064 -0.99320547
vn 0.00000000 0.40029419 -0.91638669
vn -0.01250057 0.39651806 -0.91794181
vn -0.00669998 0.43189868 -0.90189724
vn -0.00669998 0.43189868 -0.90189724
vn 0.00000000 0.43360213 -0.90110443
vn 0.00000000 0.40029419 -0.91638669
vn -0.00670011 0.07690125 -0.99701620
vn -0.01250021 0.11560197 -0.99321696
vn 0.00000000 0.11159481 -0.99375379
vn 0.00000000 0.11159481 -0.99375379
vn 0.00000000 0.07509820 -0.99717614
vn -0.00670011 0.07690125 -0.99701620
vn 0.16350582 0.25530910 -0.95293395
vn 0.16159570 0.26369298 -0.95097468
vn 0.16930072 0.26090111 -0.95040406
vn 0.16919475 0.26109190 -0.95037053
vn 0.16460522 0.25610812 -0.95253019
vn 0.16350165 0.25540258 -0.95290961
vn 0.08850084 0.25790244 -0.96210911
vn 0.08589854 0.27119540 -0.95868373
vn 0.16149831 0.26369724 -0.95099004
vn 0.16159570 0.26369298 -0.95097468
vn 0.16340849 0.25531327 -0.95294953
vn 0.08850312 0.25780909 -0.96213392
vn 0.01839969 0.25869562 -0.96578363
vn 0.01819948 0.27289219 -0.96187246
vn 0.08590087 0.27110275 -0.95870973
vn 0.08589621 0.27128804 -0.95865773
vn 0.08850084 0.25790244 -0.96210911
vn 0.01840051 0.25890722 -0.96572692
vn 0.00000000 0.25880773 -0.96592886
vn 0.00000000 0.27349263 -0.96187410
vn 0.01820073 0.27301099 -0.96183872
vn 0.01820073 0.27301099 -0.96183872
vn 0.01839921 0.25878892 -0.96575865
vn 0.00000000 0.25880773 -0.96592886
vn -0.16540433 0.25820676 -0.95182492
vn -0.16159570 0.26369298 -0.95097468
vn -0.16350582 0.25530910 -0.95293395
vn -0.16350165 0.25540258 -0.95290961
vn -0.16460554 0.25460856 -0.95293205
vn -0.16540433 0.25820676 -0.95182492
vn -0.16149831 0.26369724 -0.95099004
vn -0.08589854 0.27119540 -0.95868373
vn -0.08850312 0.25780909 -0.96213392
vn -0.08850312 0.25780909 -0.96213392
vn -0.16340849 0.25531327 -0.95294953
vn -0.16159570 0.26369298 -0.95097468
vn -0.08590087 0.27110275 -0.95870973
vn -0.01819948 0.27289219 -0.96187246
vn -0.01839969 0.25869562 -0.96578363
vn -0.01840051 0.25890722 -0.96572692
vn -0.08850084 0.25790244 -0.96210911
vn -0.08589621 0.27128804 -0.95865773
vn 0.16540132 0.25230202 -0.95340762
vn 0.16150567 0.24710867 -0.95543353
vn 0.16350582 0.25530910 -0.95293395
vn 0.16350582 0.25530910 -0.95293395
vn 0.16459375 0.25599028 -0.95256384
vn 0.16540132 0.25230202 -0.95340762
vn 0.16159907 0.24719857 -0.95539448
vn 0.08590306 0.24450872 -0.96583443
vn 0.08850312 0.25780909 -0.96213392
vn 0.08850312 0.25780909 -0.96213392
vn 0.16340849 0.25531327 -0.95294953
vn 0.16150567 0.24710867 -0.95543353
vn 0.08589687 0.24439108 -0.96586476
vn 0.01820007 0.24440087 -0.96950347
vn 0.01839969 0.25869562 -0.96578363
vn 0.01839921 0.25878892 -0.96575865
vn 0.08850312 0.25780909 -0.96213392
vn 0.08590306 0.24450872 -0.96583443
vn 0.01819962 0.24449490 -0.96947977
vn 0.00000000 0.24408818 -0.96975304
vn 0.00000000 0.25880773 -0.96592886
vn 0.00000000 0.25880773 -0.96592886
vn 0.01839969 0.25869562 -0.96578363
vn 0.01819962 0.24449490 -0.96947977
vn -0.16350582 0.25530910 -0.95293395
vn -0.16150567 0.24710867 -0.95543353
vn -0.16929017 0.24918554 -0.95354465
vn -0.16929017 0.24918554 -0.95354465
vn -0.16460554 0.25460856 -0.95293205
vn -0.16350582 0.25530910 -0.95293395
vn -0.08850312 0.25780909 -0.96213392
vn -0.08590306 0.24450872 -0.96583443
vn -0.16160306 0.24710468 -0.95541809
vn -0.16160306 0.24710468 -0.95541809
vn -0.16340849 0.25531327 -0.95294953
vn -0.08850312 0.25780909 -0.96213392
vn -0.01829972 0.25869609 -0.96578541
vn -0.01820007 0.24440087 -0.96950347
vn -0.08589687 0.24439108 -0.96586476
vn -0.08590306 0.24450872 -0.96583443
vn -0.08850312 0.25780909 -0.96213392
vn -0.01839921 0.25878892 -0.96575865
vn 0.16159570 0.26369298 -0.95097468
vn 0.15089475 0.29798963 -0.94256721
vn 0.17059960 0.27939934 -0.94489777
vn 0.17059960 0.27939934 -0.94489777
vn 0.16930072 0.26090111 -0.95040406
vn 0.16159570 0.26369298 -0.95097468
vn 0.08600013 0.27110042 -0.95870149
vn 0.07830135 0.31810548 -0.94481628
vn 0.15089925 0.29789851 -0.94259530
vn 0.15089475 0.29798963 -0.94256721
vn 0.16149831 0.26369724 -0.95099004
vn 0.08589854 0.27119540 -0.95868373
vn 0.01819948 0.27289219 -0.96187246
vn 0.01730067 0.32881276 -0.94423665
vn 0.07830135 0.31810548 -0.94481628
vn 0.07829886 0.31819536 -0.94478622
vn 0.08589854 0.27119540 -0.95868373
vn 0.01820073 0.27301099 -0.96183872
vn 0.00000000 0.27358515 -0.96184779
vn 0.00000000 0.33250102 -0.94310290
vn 0.01730010 0.32890195 -0.94420560
vn 0.01730067 0.32881276 -0.94423665
vn 0.01819948 0.27289219 -0.96187246
vn 0.00000000 0.27349263 -0.96187410
vn -0.16490240 0.27870405 -0.94611376
vn -0.15089475 0.29798963 -0.94256721
vn -0.16159570 0.26369298 -0.95097468
vn -0.16159996 0.26359993 -0.95099975
vn -0.16540860 0.25811342 -0.95184949
vn -0.16490699 0.27861182 -0.94614013
vn -0.15089925 0.29789851 -0.94259530
vn -0.07820196 0.31810797 -0.94482367
vn -0.08590087 0.27110275 -0.95870973
vn -0.08589854 0.27119540 -0.95868373
vn -0.16149831 0.26369724 -0.95099004
vn -0.15089475 0.29798963 -0.94256721
vn -0.07820196 0.31810797 -0.94482367
vn -0.01730067 0.32881276 -0.94423665
vn -0.01819948 0.27289219 -0.96187246
vn -0.01820073 0.27301099 -0.96183872
vn -0.08589854 0.27119540 -0.95868373
vn -0.07820196 0.31810797 -0.94482367
vn 0.15089475 0.29798963 -0.94256721
vn 0.13099922 0.35039791 -0.92739447
vn 0.15849669 0.32199327 -0.93338049
vn 0.15849669 0.32199327 -0.93338049
vn 0.17059960 0.27939934 -0.94489777
vn 0.15089475 0.29798963 -0.94256721
vn 0.07819947 0.31819785 -0.94479361
vn 0.06340235 0.37921407 -0.92313424
vn 0.13099463 0.35048563 -0.92736197
vn 0.13100381 0.35031019 -0.92742697
vn 0.15089925 0.29789851 -0.94259530
vn 0.07820196 0.31810797 -0.94482367
vn 0.01730010 0.32890195 -0.94420560
vn 0.01249942 0.39648166 -0.91795755
vn 0.06330275 0.37921647 -0.92314009
vn 0.06329931 0.37909584 -0.92318987
vn 0.07820196 0.31810797 -0.94482367
vn 0.01730067 0.32881276 -0.94423665
vn 0.00000000 0.33229177 -0.94317664
vn 0.00000000 0.40008955 -0.91647605
vn 0.01249992 0.39639738 -0.91799394
vn 0.01249992 0.39639738 -0.91799394
vn 0.01730067 0.32881276 -0.94423665
vn 0.00000000 0.33241207 -0.94313425
vn -0.15519562 0.32159093 -0.93407365
vn -0.13099922 0.35039791 -0.92739447
vn -0.15089475 0.29798963 -0.94256721
vn -0.15089475 0.29798963 -0.94256721
vn -0.16490240 0.27870405 -0.94611376
vn -0.15519562 0.32159093 -0.93407365
vn -0.13099463 0.35048563 -0.92736197
vn -0.06340235 0.37921407 -0.92313424
vn -0.07819947 0.31819785 -0.94479361
vn -0.07820196 0.31810797 -0.94482367
vn -0.15089925 0.29789851 -0.94259530
vn -0.13099922 0.35039791 -0.92739447
vn -0.06339650 0.37917906 -0.92314903
vn -0.01249942 0.39648166 -0.91795755
vn -0.01730010 0.32890195 -0.94420560
vn -0.01730067 0.32881276 -0.94423665
vn -0.07820196 0.31810797 -0.94482367
vn -0.06339650 0.37917906 -0.92314903
vn 0.16490144 0.23170202 -0.95870835
vn 0.15089780 0.21319689 -0.96528594
vn 0.16150567 0.24710867 -0.95543353
vn 0.16150567 0.24710867 -0.95543353
vn 0.16549858 0.25229784 -0.95339185
vn 0.16490144 0.23170202 -0.95870835
vn 0.15089780 0.21319689 -0.96528594
vn 0.07829938 0.19689845 -0.97729228
vn 0.08590306 0.24450872 -0.96583443
vn 0.08590306 0.24450872 -0.96583443
vn 0.16150567 0.24710867 -0.95543353
vn 0.15089780 0.21319689 -0.96528594
vn 0.07829938 0.19689845 -0.97729228
vn 0.01730053 0.18740577 -0.98213022
vn 0.01819962 0.24449490 -0.96947977
vn 0.01819918 0.24458891 -0.96945606
vn 0.08590306 0.24450872 -0.96583443
vn 0.07819999 0.19689999 -0.97729993
vn 0.01730053 0.18740577 -0.98213022
vn 0.00000000 0.18369681 -0.98298295
vn 0.00000000 0.24408818 -0.96975304
vn 0.00000000 0.24399414 -0.96977671
vn 0.01819962 0.24449490 -0.96947977
vn 0.01730086 0.18730927 -0.98214862
vn -0.16150567 0.24710867 -0.95543353
vn -0.15089780 0.21319689 -0.96528594
vn -0.17060405 0.23040547 -0.95802274
vn -0.17060012 0.23050016 -0.95800067
vn -0.16930632 0.24920930 -0.95353558
vn -0.16150168 0.24720256 -0.95540991
vn -0.08590306 0.24450872 -0.96583443
vn -0.07829938 0.19689845 -0.97729228
vn -0.15089780 0.21319689 -0.96528594
vn -0.15089780 0.21319689 -0.96528594
vn -0.16150567 0.24710867 -0.95543353
vn -0.08590306 0.24450872 -0.96583443
vn -0.01819962 0.24449490 -0.96947977
vn -0.01730053 0.18740577 -0.98213022
vn -0.07829938 0.19689845 -0.97729228
vn -0.07819999 0.19689999 -0.97729993
vn -0.08590306 0.24450872 -0.96583443
vn -0.01819918 0.24458891 -0.96945606
vn 0.15520193 0.18860235 -0.96971208
vn 0.13100472 0.16030577 -0.97833523
vn 0.15089136 0.21338779 -0.96524476
vn 0.15089780 0.21319689 -0.96528594
vn 0.16490144 0.23170202 -0.95870835
vn 0.15520486 0.18850590 -0.96973036
vn 0.13100472 0.16030577 -0.97833523
vn 0.06339744 0.13319463 -0.98906014
vn 0.07819999 0.19689999 -0.97729993
vn 0.07819845 0.19699611 -0.97728068
vn 0.15089458 0.21329234 -0.96526535
vn 0.13100472 0.16030577 -0.97833523
vn 0.06329701 0.13329370 -0.98905322
vn 0.01250007 0.11570064 -0.99320547
vn 0.01730086 0.18730927 -0.98214862
vn 0.01729916 0.18729088 -0.98215216
vn 0.07820153 0.19680386 -0.97731917
vn 0.06339744 0.13319463 -0.98906014
vn 0.01250021 0.11560197 -0.99321696
vn 0.00000000 0.11149606 -0.99376488
vn 0.00000000 0.18369681 -0.98298295
vn 0.00000000 0.18379344 -0.98296489
vn 0.01730053 0.18740577 -0.98213022
vn 0.01250007 0.11570064 -0.99320547
vn -0.15089136 0.21338779 -0.96524476
vn -0.13100472 0.16030577 -0.97833523
vn -0.15850229 0.18790271 -0.96931398
vn -0.15850526 0.18780624 -0.96933219
vn -0.17060012 0.23050016 -0.95800067
vn -0.15089780 0.21319689 -0.96528594
vn -0.07819999 0.19689999 -0.97729993
vn -0.06339660 0.13329285 -0.98904696
vn -0.13100472 0.16030577 -0.97833523
vn -0.13100472 0.16030577 -0.97833523
vn -0.15089458 0.21329234 -0.96526535
vn -0.07819845 0.19699611 -0.97728068
vn -0.01730053 0.18740577 -0.98213022
vn -0.01250007 0.11570064 -0.99320547
vn -0.06329701 0.13329370 -0.98905322
vn -0.06329785 0.13319548 -0.98906640
vn -0.07820153 0.19680386 -0.97731917
vn -0.01729916 0.18729088 -0.98215216
vn 0.13099922 0.35039791 -0.92739447
vn 0.10270002 0.39250009 -0.91400021
vn 0.13430014 0.36060039 -0.92300099
vn 0.13430014 0.36060039 -0.92300099
vn 0.15849669 0.32199327 -0.93338049
vn 0.13099922 0.35039791 -0.92739447
vn 0.06339890 0.37909344 -0.92318402
vn 0.04200083 0.41790822 -0.90751785
vn 0.10270405 0.39241549 -0.91403608
vn 0.10270002 0.39250009 -0.91400021
vn 0.13099922 0.35039791 -0.92739447
vn 0.06339890 0.37909344 -0.92318402
vn 0.01249942 0.39648166 -0.91795755
vn 0.00669998 0.43189868 -0.90189724
vn 0.04200083 0.41790822 -0.90751785
vn 0.04200083 0.41790822 -0.90751785
vn 0.06339890 0.37909344 -0.92318402
vn 0.01249992 0.39639738 -0.91799394
vn 0.00000000 0.40029419 -0.91638669
vn 0.00000000 0.43360213 -0.90110443
vn 0.00669998 0.43189868 -0.90189724
vn 0.00669998 0.43189868 -0.90189724
vn 0.01250057 0.39651806 -0.91794181
vn 0.00000000 0.40029419 -0.91638669
vn -0.13319357 0.36138254 -0.92285542
vn -0.10270002 0.39250009 -0.91400021
vn -0.13099922 0.35039791 -0.92739447
vn -0.13100381 0.35031019 -0.92742697
vn -0.15520061 0.32150127 -0.93410369
vn -0.13329660 0.36129079 -0.92287647
vn -0.10270405 0.39241549 -0.91403608
vn -0.04210065 0.41790646 -0.90751403
vn -0.06339890 0.37909344 -0.92318402
vn -0.06339650 0.37917906 -0.92314903
vn -0.13099922 0.35039791 -0.92739447
vn -0.10270002 0.39250009 -0.91400021
vn -0.04199907 0.41799075 -0.90747992
vn -0.00669998 0.43189868 -0.90189724
vn -0.01249992 0.39639738 -0.91799394
vn -0.01249992 0.39639738 -0.91799394
vn -0.06339890 0.37909344 -0.92318402
vn -0.04200083 0.41790822 -0.90751785
vn 0.13319812 0.14859790 -0.97988618
vn 0.10269836 0.11719813 -0.98778421
vn 0.13100472 0.16030577 -0.97833523
vn 0.13099400 0.16019266 -0.97835519
vn 0.15519273 0.18839118 -0.96975460
vn 0.13330030 0.14840034 -0.97990222
vn 0.10269956 0.11709950 -0.98779578
vn 0.04200002 0.09170005 -0.99490055
vn 0.06329785 0.13319548 -0.98906640
vn 0.06339744 0.13319463 -0.98906014
vn 0.13099400 0.16019266 -0.97835519
vn 0.10270076 0.11700087 -0.98780734
vn 0.04200002 0.09170005 -0.99490055
vn 0.00670016 0.07680184 -0.99702386
vn 0.01250021 0.11560197 -0.99321696
vn 0.01249992 0.11579930 -0.99319398
vn 0.06340287 0.13330604 -0.98904478
vn 0.04199925 0.09189836 -0.99488228
vn 0.00670006 0.07700066 -0.99700853
vn 0.00000000 0.07509820 -0.99717614
vn 0.00000000 0.11159481 -0.99375379
vn 0.00000000 0.11159481 -0.99375379
vn 0.01250021 0.11560197 -0.99321696
vn 0.00670011 0.07690125 -0.99701620
vn -0.13100472 0.16030577 -0.97833523
vn -0.10269836 0.11719813 -0.98778421
vn -0.13430582 0.14920647 -0.97964247
vn -0.13439286 0.14909208 -0.97964795
vn -0.15849288 0.18769156 -0.96935643
vn -0.13099610 0.16009523 -0.97837086
vn -0.06339829 0.13309641 -0.98907331
vn -0.04200002 0.09170005 -0.99490055
vn -0.10270076 0.11700087 -0.98780734
vn -0.10269956 0.11709950 -0.98779578
vn -0.13099400 0.16019266 -0.97835519
vn -0.06339744 0.13319463 -0.98906014
vn -0.01250021 0.11560197 -0.99321696
vn -0.00670011 0.07690125 -0.99701620
vn -0.04200002 0.09170005 -0.99490055
vn -0.04199925 0.09189836 -0.99488228
vn -0.06340287 0.13330604 -0.98904478
vn -0.01249992 0.11579930 -0.99319398
vn 0.09930430 0.39141693 -0.91483957
vn 0.13430014 0.36060039 -0.92300099
vn 0.10270002 0.39250009 -0.91400021
vn 0.10270002 0.39250009 -0.91400021
vn 0.05889849 0.40688955 -0.91157658
vn 0.09930430 0.39141693 -0.91483957
vn 0.05889849 0.40688955 -0.91157658
vn 0.10270002 0.39250009 -0.91400021
vn 0.04209889 0.41798899 -0.90747611
vn 0.04199907 0.41799075 -0.90747992
vn 0.01429966 0.41419003 -0.91007809
vn 0.05889849 0.40688955 -0.91157658
vn 0.01420027 0.41410777 -0.91011708
vn 0.04200083 0.41790822 -0.90751785
vn 0.00669998 0.43189868 -0.90189724
vn 0.00669998 0.43189868 -0.90189724
vn 0.00059999 0.41509078 -0.90977980
vn 0.01420027 0.41410777 -0.91011708
vn 0.00059999 0.41509078 -0.90977980
vn 0.00669998 0.43189868 -0.90189724
vn 0.00000000 0.43360213 -0.90110443
vn 0.00000000 0.43360213 -0.90110443
vn -0.00040002 0.41272516 -0.91085552
vn 0.00059999 0.41509078 -0.90977980
vn -0.00470005 0.41870473 -0.90811027
vn -0.00039999 0.41268757 -0.91087256
vn 0.00000000 0.43348186 -0.90116229
vn 0.00000000 0.43360213 -0.90110443
vn -0.00669998 0.43189868 -0.90189724
vn -0.00459986 0.41878739 -0.90807266
vn -0.01599940 0.42068425 -0.90706603
vn -0.00459986 0.41878739 -0.90807266
vn -0.00669998 0.43189868 -0.90189724
vn -0.00669998 0.43189868 -0.90189724
vn -0.04200083 0.41790822 -0.90751785
vn -0.01600085 0.42072241 -0.90704831
vn -0.06050246 0.41141675 -0.90943703
vn -0.01599940 0.42068425 -0.90706603
vn -0.04199907 0.41799075 -0.90747992
vn -0.04199907 0.41799075 -0.90747992
vn -0.10270002 0.39250009 -0.91400021
vn -0.06050246 0.41141675 -0.90943703
vn -0.09990075 0.39390297 -0.91370689
vn -0.06050246 0.41141675 -0.90943703
vn -0.10270002 0.39250009 -0.91400021
vn -0.10270405 0.39241549 -0.91403608
vn -0.13319838 0.36129560 -0.92288877
vn -0.09990469 0.39381848 -0.91374288
vn -0.09930003 0.11830004 -0.98800031
vn -0.13429467 0.14909408 -0.97966111
vn -0.10279971 0.11699967 -0.98779719
vn -0.10279971 0.11699967 -0.98779719
vn -0.05899993 0.10329988 -0.99289886
vn -0.09939787 0.11839746 -0.98797880
vn -0.05889906 0.10349835 -0.99288418
vn -0.10269836 0.11719813 -0.98778421
vn -0.04199964 0.09179921 -0.99489142
vn -0.04199964 0.09179921 -0.99489142
vn -0.01430057 0.09640383 -0.99523957
vn -0.05889906 0.10349835 -0.99288418
vn -0.01420058 0.09640397 -0.99524098
vn -0.04199964 0.09179921 -0.99489142
vn -0.00670011 0.07690125 -0.99701620
vn -0.00670006 0.07700066 -0.99700853
vn -0.00060002 0.09550278 -0.99542898
vn -0.01420045 0.09650304 -0.99523139
vn -0.00060002 0.09540369 -0.99543848
vn -0.00670011 0.07690125 -0.99701620
vn 0.00000000 0.07509820 -0.99717614
vn 0.00000000 0.07509820 -0.99717614
vn 0.00039999 0.09799867 -0.99518647
vn -0.00060002 0.09550278 -0.99542898
vn 0.00460002 0.09140033 -0.99580360
vn 0.00039999 0.09799867 -0.99518647
vn 0.00000000 0.07509820 -0.99717614
vn 0.00000000 0.07509820 -0.99717614
vn 0.00670011 0.07690125 -0.99701620
vn 0.00460002 0.09140033 -0.99580360
vn 0.01599976 0.08919869 -0.99588534
vn 0.00460006 0.09130116 -0.99581270
vn 0.00670011 0.07690125 -0.99701620
vn 0.00670006 0.07700066 -0.99700853
vn 0.04199964 0.09179921 -0.99489142
vn 0.01599962 0.08929789 -0.99587645
vn 0.06049978 0.09849964 -0.99329633
vn 0.01599962 0.08929789 -0.99587645
vn 0.04199925 0.09189836 -0.99488228
vn 0.04199964 0.09179921 -0.99489142
vn 0.10269836 0.11719813 -0.98778421
vn 0.06059941 0.09849904 -0.99329032
vn 0.10000256 0.11580296 -0.98822526
vn 0.06059941 0.09849904 -0.99329032
vn 0.10279850 0.11709830 -0.98778563
vn 0.10279971 0.11699967 -0.98779719
vn 0.13330030 0.14840034 -0.97990222
vn 0.10000371 0.11570430 -0.98823670
vt 0.76326000 0.00730000
vt 0.75072700 0.00730000
vt 0.75072700 0.64974300
vt 0.75072700 0.64974300
vt 0.76326000 0.64974300
vt 0.76326000 0.00730000
vt 0.75072700 0.00730000
vt 0.73867500 0.00730000
vt 0.73867500 0.64974300
vt 0.73867500 0.64974300
vt 0.75072700 0.64974300
vt 0.75072700 0.00730000
vt 0.73867500 0.00730000
vt 0.72756800 0.00730000
vt 0.72756900 0.64974300
vt 0.72756900 0.64974300
vt 0.73867500 0.64974300
vt 0.73867500 0.00730000
vt 0.72756800 0.00730000
vt 0.71783300 0.00730000
vt 0.71783300 0.64974300
vt 0.71783300 0.64974300
vt 0.72756900 0.64974300
vt 0.72756800 0.00730000
vt 0.71783300 0.00730000
vt 0.70809700 0.00730000
vt 0.70809700 0.64974300
vt 0.70809700 0.64974300
vt 0.71783300 0.64974300
vt 0.71783300 0.00730000
vt 0.70809700 0.00730000
vt 0.69699000 0.00730000
vt 0.69699000 0.64974300
vt 0.69699000 0.64974300
vt 0.70809700 0.64974300
vt 0.70809700 0.00730000
vt 0.69699000 0.00730000
vt 0.68493900 0.00730000
vt 0.68493900 0.64974300
vt 0.68493900 0.64974300
vt 0.69699000 0.64974300
vt 0.69699000 0.00730000
vt 0.68493900 0.00730000
vt 0.67240500 0.00730000
vt 0.67240500 0.64974300
vt 0.67240500 0.64974300
vt 0.68493900 0.64974300
vt 0.68493900 0.00730000
vt 0.67240500 0.00730000
vt 0.65987200 0.00730000
vt 0.65987200 0.64974300
vt 0.65987200 0.64974300
vt 0.67240500 0.64974300
vt 0.67240500 0.00730000
vt 0.65987200 0.00730000
vt 0.64782000 0.00730000
vt 0.64782000 0.64974300
vt 0.64782000 0.64974300
vt 0.65987200 0.64974300
vt 0.65987200 0.00730000
vt 0.64782000 0.00730000
vt 0.63671300 0.00730000
vt 0.63671300 0.64974300
vt 0.63671300 0.64974300
vt 0.64782000 0.64974300
vt 0.64782000 0.00730000
vt 0.63671300 0.00730000
vt 0.62697800 0.00730000
vt 0.62697800 0.64974300
vt 0.62697800 0.64974300
vt 0.63671300 0.64974300
vt 0.63671300 0.00730000
vt 0.99039900 0.00730000
vt 0.98066300 0.00730000
vt 0.98066300 0.64974300
vt 0.98066300 0.64974300
vt 0.99039900 0.64974300
vt 0.99039900 0.00730000
vt 0.98066300 0.00730000
vt 0.96955600 0.00730000
vt 0.96955600 0.64974300
vt 0.96955600 0.64974300
vt 0.98066300 0.64974300
vt 0.98066300 0.00730000
vt 0.96955600 0.00730000
vt 0.95750400 0.00730000
vt 0.95750500 0.64974300
vt 0.95750500 0.64974300
vt 0.96955600 0.64974300
vt 0.96955600 0.00730000
vt 0.95750400 0.00730000
vt 0.94497100 0.00730000
vt 0.94497100 0.64974300
vt 0.94497100 0.64974300
vt 0.95750500 0.64974300
vt 0.95750400 0.00730000
vt 0.94497100 0.00730000
vt 0.93243800 0.00730000
vt 0.93243800 0.64974300
vt 0.93243800 0.64974300
vt 0.94497100 0.64974300
vt 0.94497100 0.00730000
vt 0.93243800 0.00730000
vt 0.92038600 0.00730000
vt 0.92038600 0.64974300
vt 0.92038600 0.64974300
vt 0.93243800 0.64974300
vt 0.93243800 0.00730000
vt 0.92038600 0.00730000
vt 0.90927900 0.00730000
vt 0.90927900 0.64974300
vt 0.90927900 0.64974300
vt 0.92038600 0.64974300
vt 0.92038600 0.00730000
vt 0.90927900 0.00730000
vt 0.89954300 0.00730000
vt 0.89954300 0.64974300
vt 0.89954300 0.64974300
vt 0.90927900 0.64974300
vt 0.90927900 0.00730000
vt 0.89954300 0.00730000
vt 0.88980800 0.00730000
vt 0.88980800 0.64974300
vt 0.88980800 0.64974300
vt 0.89954300 0.64974300
vt 0.89954300 0.00730000
vt 0.88980800 0.00730000
vt 0.87870100 0.00730000
vt 0.87870100 0.64974300
vt 0.87870100 0.64974300
vt 0.88980800 0.64974300
vt 0.88980800 0.00730000
vt 0.87870100 0.00730000
vt 0.86664900 0.00730000
vt 0.86664900 0.64974300
vt 0.86664900 0.64974300
vt 0.87870100 0.64974300
vt 0.87870100 0.00730000
vt 0.86664900 0.00730000
vt 0.85411600 0.00730000
vt 0.85411600 0.64974300
vt 0.85411600 0.64974300
vt 0.86664900 0.64974300
vt 0.86664900 0.00730000
vt 0.85411600 0.00730000
vt 0.84158200 0.00730000
vt 0.84158200 0.64974300
vt 0.84158200 0.64974300
vt 0.85411600 0.64974300
vt 0.85411600 0.00730000
vt 0.84158200 0.00730000
vt 0.82953000 0.00730000
vt 0.82953000 0.64974300
vt 0.82953000 0.64974300
vt 0.84158200 0.64974300
vt 0.84158200 0.00730000
vt 0.82953000 0.00730000
vt 0.81842300 0.00730000
vt 0.81842300 0.64974300
vt 0.81842300 0.64974300
vt 0.82953000 0.64974300
vt 0.82953000 0.00730000
vt 0.81842300 0.00730000
vt 0.80868800 0.00730000
vt 0.80868800 0.64974300
vt 0.80868800 0.64974300
vt 0.81842300 0.64974300
vt 0.81842300 0.00730000
vt 0.80868800 0.00730000
vt 0.79895300 0.00730000
vt 0.79895300 0.64974300
vt 0.79895300 0.64974300
vt 0.80868800 0.64974300
vt 0.80868800 0.00730000
vt 0.79895300 0.00730000
vt 0.78784500 0.00730000
vt 0.78784500 0.64974300
vt 0.78784500 0.64974300
vt 0.79895300 0.64974300
vt 0.79895300 0.00730000
vt 0.78784500 0.00730000
vt 0.77579400 0.00730000
vt 0.77579400 0.64974300
vt 0.77579400 0.64974300
vt 0.78784500 0.64974300
vt 0.78784500 0.00730000
vt 0.77579400 0.00730000
vt 0.76326000 0.00730000
vt 0.76326000 0.64974300
vt 0.76326000 0.64974300
vt 0.77579400 0.64974300
vt 0.77579400 0.00730000
vt 0.69990400 0.67254600
vt 0.69405400 0.66667400
vt 0.68987500 0.67174600
vt 0.68987500 0.67174600
vt 0.69640500 0.67895700
vt 0.69990400 0.67254600
vt 0.70449500 0.67944700
vt 0.69990400 0.67254600
vt 0.69640500 0.67895700
vt 0.69640500 0.67895700
vt 0.70215500 0.68711400
vt 0.70449500 0.67944700
vt 0.70765200 0.68711200
vt 0.70449500 0.67944700
vt 0.70215500 0.68711400
vt 0.70215500 0.68711400
vt 0.70718200 0.69615000
vt 0.70765200 0.68711200
vt 0.70925300 0.69524400
vt 0.70765200 0.68711200
vt 0.70718200 0.69615000
vt 0.70718200 0.69615000
vt 0.70923600 0.70353300
vt 0.70925300 0.69524400
vt 0.70760300 0.71165900
vt 0.70923600 0.70353300
vt 0.70718200 0.69615000
vt 0.70718200 0.69615000
vt 0.70414100 0.70488700
vt 0.70760300 0.71165900
vt 0.70441600 0.71931100
vt 0.70760300 0.71165900
vt 0.70414100 0.70488700
vt 0.70414100 0.70488700
vt 0.69967900 0.71341000
vt 0.70441600 0.71931100
vt 0.69979700 0.72619300
vt 0.70441600 0.71931100
vt 0.69967900 0.71341000
vt 0.69967900 0.71341000
vt 0.69396800 0.72139000
vt 0.69979700 0.72619300
vt 0.69392400 0.73204300
vt 0.69979700 0.72619300
vt 0.69396800 0.72139000
vt 0.69396800 0.72139000
vt 0.68722600 0.72852200
vt 0.69392400 0.73204300
vt 0.68702300 0.73663400
vt 0.69392400 0.73204300
vt 0.68722600 0.72852200
vt 0.68722600 0.72852200
vt 0.67971400 0.73453100
vt 0.68702300 0.73663400
vt 0.67935900 0.73979100
vt 0.68702300 0.73663400
vt 0.67971400 0.73453100
vt 0.67971400 0.73453100
vt 0.67172000 0.73918600
vt 0.67935900 0.73979100
vt 0.67122700 0.74139200
vt 0.67935900 0.73979100
vt 0.67172000 0.73918600
vt 0.67172000 0.73918600
vt 0.66293800 0.74137500
vt 0.67122700 0.74139200
vt 0.65481200 0.73974200
vt 0.66293800 0.74137500
vt 0.67172000 0.73918600
vt 0.67172000 0.73918600
vt 0.66189000 0.73597900
vt 0.65481200 0.73974200
vt 0.64716000 0.73655500
vt 0.65481200 0.73974200
vt 0.66189000 0.73597900
vt 0.66189000 0.73597900
vt 0.65278400 0.73189500
vt 0.64716000 0.73655500
vt 0.64027700 0.73193600
vt 0.64716000 0.73655500
vt 0.65278400 0.73189500
vt 0.65278400 0.73189500
vt 0.64445700 0.72686400
vt 0.64027700 0.73193600
vt 0.63442800 0.72606300
vt 0.64027700 0.73193600
vt 0.64445700 0.72686400
vt 0.64445700 0.72686400
vt 0.63792700 0.71965300
vt 0.63442800 0.72606300
vt 0.62983700 0.71916200
vt 0.63442800 0.72606300
vt 0.63792700 0.71965300
vt 0.63792700 0.71965300
vt 0.63217600 0.71149500
vt 0.62983700 0.71916200
vt 0.62668000 0.71149800
vt 0.62983700 0.71916200
vt 0.63217600 0.71149500
vt 0.62715000 0.70246000
vt 0.62668000 0.71149800
vt 0.62507900 0.70336600
vt 0.62668000 0.71149800
vt 0.62715000 0.70246000
vt 0.62715000 0.70246000
vt 0.62509600 0.69507700
vt 0.62507900 0.70336600
vt 0.62672900 0.68695000
vt 0.62509600 0.69507700
vt 0.62715000 0.70246000
vt 0.62715000 0.70246000
vt 0.63019100 0.69372300
vt 0.62672900 0.68695000
vt 0.62991600 0.67929900
vt 0.62672900 0.68695000
vt 0.63019100 0.69372300
vt 0.63019100 0.69372300
vt 0.63465300 0.68520000
vt 0.62991600 0.67929900
vt 0.63453500 0.67241600
vt 0.62991600 0.67929900
vt 0.63465300 0.68520000
vt 0.63465300 0.68520000
vt 0.64036400 0.67722000
vt 0.63453500 0.67241600
vt 0.64040700 0.66656700
vt 0.63453500 0.67241600
vt 0.64036400 0.67722000
vt 0.64036400 0.67722000
vt 0.64710500 0.67008800
vt 0.64040700 0.66656700
vt 0.64730800 0.66197600
vt 0.64040700 0.66656700
vt 0.64710500 0.67008800
vt 0.64710500 0.67008800
vt 0.65461700 0.66407900
vt 0.64730800 0.66197600
vt 0.65497300 0.65881900
vt 0.64730800 0.66197600
vt 0.65461700 0.66407900
vt 0.65461700 0.66407900
vt 0.66261200 0.65942400
vt 0.65497300 0.65881900
vt 0.66310500 0.65721800
vt 0.65497300 0.65881900
vt 0.66261200 0.65942400
vt 0.66261200 0.65942400
vt 0.67139400 0.65723500
vt 0.66310500 0.65721800
vt 0.67952000 0.65886800
vt 0.67139400 0.65723500
vt 0.66261200 0.65942400
vt 0.66261200 0.65942400
vt 0.67244200 0.66263000
vt 0.67952000 0.65886800
vt 0.68717200 0.66205500
vt 0.67952000 0.65886800
vt 0.67244200 0.66263000
vt 0.67244200 0.66263000
vt 0.68154800 0.66671500
vt 0.68717200 0.66205500
vt 0.69405400 0.66667400
vt 0.68717200 0.66205500
vt 0.68154800 0.66671500
vt 0.68154800 0.66671500
vt 0.68987500 0.67174600
vt 0.69405400 0.66667400
vt 0.66716600 0.69930500
vt 0.67514000 0.68962700
vt 0.66606200 0.68279000
vt 0.66606200 0.68279000
vt 0.65823200 0.69194300
vt 0.66716600 0.69930500
vt 0.65074500 0.70137900
vt 0.65919100 0.70898200
vt 0.66716600 0.69930500
vt 0.66716600 0.69930500
vt 0.65823200 0.69194300
vt 0.65074500 0.70137900
vt 0.64388800 0.71073500
vt 0.65152400 0.71828800
vt 0.65919100 0.70898200
vt 0.65919100 0.70898200
vt 0.65074500 0.70137900
vt 0.64388800 0.71073500
vt 0.67514000 0.68962700
vt 0.68280800 0.68032200
vt 0.67393500 0.67427100
vt 0.67393500 0.67427100
vt 0.66606200 0.68279000
vt 0.67514000 0.68962700
vt 0.68280800 0.68032200
vt 0.68987500 0.67174600
vt 0.68154800 0.66671500
vt 0.68154800 0.66671500
vt 0.67393500 0.67427100
vt 0.68280800 0.68032200
vt 0.63792700 0.71965300
vt 0.64445700 0.72686400
vt 0.65152400 0.71828800
vt 0.65152400 0.71828800
vt 0.64388800 0.71073500
vt 0.63792700 0.71965300
vt 0.68503400 0.71402800
vt 0.69396800 0.72139000
vt 0.69967900 0.71341000
vt 0.69967900 0.71341000
vt 0.69176000 0.70516600
vt 0.68503400 0.71402800
vt 0.67610000 0.70666700
vt 0.68503400 0.71402800
vt 0.69176000 0.70516600
vt 0.69176000 0.70516600
vt 0.68358700 0.69723100
vt 0.67610000 0.70666700
vt 0.66716600 0.69930500
vt 0.67610000 0.70666700
vt 0.68358700 0.69723100
vt 0.68358700 0.69723100
vt 0.67514000 0.68962700
vt 0.66716600 0.69930500
vt 0.64710500 0.67008800
vt 0.64036400 0.67722000
vt 0.64929800 0.68458100
vt 0.64929800 0.68458100
vt 0.65671100 0.67628500
vt 0.64710500 0.67008800
vt 0.65671100 0.67628500
vt 0.64929800 0.68458100
vt 0.65823200 0.69194300
vt 0.65823200 0.69194300
vt 0.66606200 0.68279000
vt 0.65671100 0.67628500
vt 0.68722600 0.72852200
vt 0.69396800 0.72139000
vt 0.68503400 0.71402800
vt 0.68503400 0.71402800
vt 0.67762100 0.72232500
vt 0.68722600 0.72852200
vt 0.67762100 0.72232500
vt 0.68503400 0.71402800
vt 0.67610000 0.70666700
vt 0.67610000 0.70666700
vt 0.66826900 0.71582000
vt 0.67762100 0.72232500
vt 0.66826900 0.71582000
vt 0.67610000 0.70666700
vt 0.66716600 0.69930500
vt 0.66716600 0.69930500
vt 0.65919100 0.70898200
vt 0.66826900 0.71582000
vt 0.64929800 0.68458100
vt 0.64036400 0.67722000
vt 0.63465300 0.68520000
vt 0.63465300 0.68520000
vt 0.64257200 0.69344400
vt 0.64929800 0.68458100
vt 0.65823200 0.69194300
vt 0.64929800 0.68458100
vt 0.64257200 0.69344400
vt 0.64257200 0.69344400
vt 0.65074500 0.70137900
vt 0.65823200 0.69194300
vt 0.67971400 0.73453100
vt 0.68722600 0.72852200
vt 0.67762100 0.72232500
vt 0.67762100 0.72232500
vt 0.66980600 0.72973700
vt 0.67971400 0.73453100
vt 0.66980600 0.72973700
vt 0.67762100 0.72232500
vt 0.66826900 0.71582000
vt 0.66826900 0.71582000
vt 0.66039600 0.72433800
vt 0.66980600 0.72973700
vt 0.66039600 0.72433800
vt 0.66826900 0.71582000
vt 0.65919100 0.70898200
vt 0.65919100 0.70898200
vt 0.65152400 0.71828800
vt 0.66039600 0.72433800
vt 0.64257200 0.69344400
vt 0.63465300 0.68520000
vt 0.63019100 0.69372300
vt 0.63019100 0.69372300
vt 0.63679000 0.70253200
vt 0.64257200 0.69344400
vt 0.65074500 0.70137900
vt 0.64257200 0.69344400
vt 0.63679000 0.70253200
vt 0.63679000 0.70253200
vt 0.64388800 0.71073500
vt 0.65074500 0.70137900
vt 0.69176000 0.70516600
vt 0.69967900 0.71341000
vt 0.70414100 0.70488700
vt 0.70414100 0.70488700
vt 0.69754100 0.69607800
vt 0.69176000 0.70516600
vt 0.68358700 0.69723100
vt 0.69176000 0.70516600
vt 0.69754100 0.69607800
vt 0.69754100 0.69607800
vt 0.69044300 0.68787400
vt 0.68358700 0.69723100
vt 0.67514000 0.68962700
vt 0.68358700 0.69723100
vt 0.69044300 0.68787400
vt 0.69044300 0.68787400
vt 0.68280800 0.68032200
vt 0.67514000 0.68962700
vt 0.65461700 0.66407900
vt 0.64710500 0.67008800
vt 0.65671100 0.67628500
vt 0.65671100 0.67628500
vt 0.66452600 0.66887300
vt 0.65461700 0.66407900
vt 0.66452600 0.66887300
vt 0.65671100 0.67628500
vt 0.66606200 0.68279000
vt 0.66606200 0.68279000
vt 0.67393500 0.67427100
vt 0.66452600 0.66887300
vt 0.69754100 0.69607800
vt 0.70414100 0.70488700
vt 0.70718200 0.69615000
vt 0.70718200 0.69615000
vt 0.70215500 0.68711400
vt 0.69754100 0.69607800
vt 0.69044300 0.68787400
vt 0.69754100 0.69607800
vt 0.70215500 0.68711400
vt 0.70215500 0.68711400
vt 0.69640500 0.67895700
vt 0.69044300 0.68787400
vt 0.68280800 0.68032200
vt 0.69044300 0.68787400
vt 0.69640500 0.67895700
vt 0.69640500 0.67895700
vt 0.68987500 0.67174600
vt 0.68280800 0.68032200
vt 0.66261200 0.65942400
vt 0.65461700 0.66407900
vt 0.66452600 0.66887300
vt 0.66452600 0.66887300
vt 0.67244200 0.66263000
vt 0.66261200 0.65942400
vt 0.67244200 0.66263000
vt 0.66452600 0.66887300
vt 0.67393500 0.67427100
vt 0.67393500 0.67427100
vt 0.68154800 0.66671500
vt 0.67244200 0.66263000
vt 0.67172000 0.73918600
vt 0.67971400 0.73453100
vt 0.66980600 0.72973700
vt 0.66980600 0.72973700
vt 0.66189000 0.73597900
vt 0.67172000 0.73918600
vt 0.66189000 0.73597900
vt 0.66980600 0.72973700
vt 0.66039600 0.72433800
vt 0.66039600 0.72433800
vt 0.65278400 0.73189500
vt 0.66189000 0.73597900
vt 0.65278400 0.73189500
vt 0.66039600 0.72433800
vt 0.65152400 0.71828800
vt 0.65152400 0.71828800
vt 0.64445700 0.72686400
vt 0.65278400 0.73189500
vt 0.63679000 0.70253200
vt 0.63019100 0.69372300
vt 0.62715000 0.70246000
vt 0.62715000 0.70246000
vt 0.63217600 0.71149500
vt 0.63679000 0.70253200
vt 0.64388800 0.71073500
vt 0.63679000 0.70253200
vt 0.63217600 0.71149500
vt 0.63217600 0.71149500
vt 0.63792700 0.71965300
vt 0.64388800 0.71073500
vt 0.75473100 0.71565600
vt 0.76212500 0.70721100
vt 0.75253000 0.69930500
vt 0.75253000 0.69930500
vt 0.74525500 0.70813300
vt 0.75473100 0.71565600
vt 0.75253000 0.69930500
vt 0.74293500 0.69139800
vt 0.73605900 0.70027000
vt 0.73605900 0.70027000
vt 0.74525500 0.70813300
vt 0.75253000 0.69930500
vt 0.74293500 0.69139800
vt 0.73370800 0.68379600
vt 0.72749600 0.69237100
vt 0.72749600 0.69237100
vt 0.73605900 0.70027000
vt 0.74293500 0.69139800
vt 0.76412200 0.72255200
vt 0.77135100 0.71481400
vt 0.76212500 0.70721100
vt 0.76212500 0.70721100
vt 0.75473100 0.71565600
vt 0.76412200 0.72255200
vt 0.73370800 0.68379600
vt 0.72520500 0.67678900
vt 0.71989400 0.68473700
vt 0.71989400 0.68473700
vt 0.72749600 0.69237100
vt 0.73370800 0.68379600
vt 0.77306800 0.72855300
vt 0.77985400 0.72182100
vt 0.77135100 0.71481400
vt 0.77135100 0.71481400
vt 0.76412200 0.72255200
vt 0.77306800 0.72855300
vt 0.78526800 0.67254600
vt 0.77941800 0.66667400
vt 0.77435300 0.67282000
vt 0.77435300 0.67282000
vt 0.78153100 0.67958900
vt 0.78526800 0.67254600
vt 0.78153100 0.67958900
vt 0.77435300 0.67282000
vt 0.76707900 0.68164900
vt 0.76707900 0.68164900
vt 0.77543000 0.68910000
vt 0.78153100 0.67958900
vt 0.77543000 0.68910000
vt 0.76707900 0.68164900
vt 0.75980400 0.69047700
vt 0.75980400 0.69047700
vt 0.76900100 0.69833900
vt 0.77543000 0.68910000
vt 0.76900100 0.69833900
vt 0.75980400 0.69047700
vt 0.75253000 0.69930500
vt 0.75253000 0.69930500
vt 0.76212500 0.70721100
vt 0.76900100 0.69833900
vt 0.73070600 0.72578900
vt 0.72564100 0.73193600
vt 0.73252400 0.73655500
vt 0.73252400 0.73655500
vt 0.73872300 0.73154100
vt 0.73070600 0.72578900
vt 0.73798100 0.71696100
vt 0.73070600 0.72578900
vt 0.73872300 0.73154100
vt 0.73872300 0.73154100
vt 0.74689100 0.72373400
vt 0.73798100 0.71696100
vt 0.74525500 0.70813300
vt 0.73798100 0.71696100
vt 0.74689100 0.72373400
vt 0.74689100 0.72373400
vt 0.75473100 0.71565600
vt 0.74525500 0.70813300
vt 0.77435300 0.67282000
vt 0.77941800 0.66667400
vt 0.77253600 0.66205500
vt 0.77253600 0.66205500
vt 0.76633700 0.66706900
vt 0.77435300 0.67282000
vt 0.76707900 0.68164900
vt 0.77435300 0.67282000
vt 0.76633700 0.66706900
vt 0.76633700 0.66706900
vt 0.75816800 0.67487600
vt 0.76707900 0.68164900
vt 0.75980400 0.69047700
vt 0.76707900 0.68164900
vt 0.75816800 0.67487600
vt 0.75816800 0.67487600
vt 0.75032900 0.68295300
vt 0.75980400 0.69047700
vt 0.75253000 0.69930500
vt 0.75980400 0.69047700
vt 0.75032900 0.68295300
vt 0.75032900 0.68295300
vt 0.74293500 0.69139800
vt 0.75253000 0.69930500
vt 0.71979200 0.72606300
vt 0.72564100 0.73193600
vt 0.73070600 0.72578900
vt 0.73070600 0.72578900
vt 0.72352800 0.71902000
vt 0.71979200 0.72606300
vt 0.72352800 0.71902000
vt 0.73070600 0.72578900
vt 0.73798100 0.71696100
vt 0.73798100 0.71696100
vt 0.72962900 0.70951000
vt 0.72352800 0.71902000
vt 0.72962900 0.70951000
vt 0.73798100 0.71696100
vt 0.74525500 0.70813300
vt 0.74525500 0.70813300
vt 0.73605900 0.70027000
vt 0.72962900 0.70951000
vt 0.76633700 0.66706900
vt 0.77253600 0.66205500
vt 0.76488400 0.65886800
vt 0.76488400 0.65886800
vt 0.75779000 0.66255700
vt 0.76633700 0.66706900
vt 0.75816800 0.67487600
vt 0.76633700 0.66706900
vt 0.75779000 0.66255700
vt 0.75779000 0.66255700
vt 0.74904100 0.66904200
vt 0.75816800 0.67487600
vt 0.75032900 0.68295300
vt 0.75816800 0.67487600
vt 0.74904100 0.66904200
vt 0.74904100 0.66904200
vt 0.74093700 0.67605800
vt 0.75032900 0.68295300
vt 0.74293500 0.69139800
vt 0.75032900 0.68295300
vt 0.74093700 0.67605800
vt 0.74093700 0.67605800
vt 0.73370800 0.68379600
vt 0.74293500 0.69139800
vt 0.71520100 0.71916200
vt 0.71979200 0.72606300
vt 0.72352800 0.71902000
vt 0.72352800 0.71902000
vt 0.71746500 0.71149400
vt 0.71520100 0.71916200
vt 0.71746500 0.71149400
vt 0.72352800 0.71902000
vt 0.72962900 0.70951000
vt 0.72962900 0.70951000
vt 0.72215800 0.70166600
vt 0.71746500 0.71149400
vt 0.72215800 0.70166600
vt 0.72962900 0.70951000
vt 0.73605900 0.70027000
vt 0.73605900 0.70027000
vt 0.72749600 0.69237100
vt 0.72215800 0.70166600
vt 0.78985900 0.67944700
vt 0.78526800 0.67254600
vt 0.78153100 0.67958900
vt 0.78153100 0.67958900
vt 0.78759400 0.68711600
vt 0.78985900 0.67944700
vt 0.78759400 0.68711600
vt 0.78153100 0.67958900
vt 0.77543000 0.68910000
vt 0.77543000 0.68910000
vt 0.78290200 0.69694300
vt 0.78759400 0.68711600
vt 0.78290200 0.69694300
vt 0.77543000 0.68910000
vt 0.76900100 0.69833900
vt 0.76900100 0.69833900
vt 0.77756400 0.70623900
vt 0.78290200 0.69694300
vt 0.77756400 0.70623900
vt 0.76900100 0.69833900
vt 0.76212500 0.70721100
vt 0.76212500 0.70721100
vt 0.77135100 0.71481400
vt 0.77756400 0.70623900
vt 0.73872300 0.73154100
vt 0.73252400 0.73655500
vt 0.74017500 0.73974200
vt 0.74017500 0.73974200
vt 0.74727000 0.73605300
vt 0.73872300 0.73154100
vt 0.74689100 0.72373400
vt 0.73872300 0.73154100
vt 0.74727000 0.73605300
vt 0.74727000 0.73605300
vt 0.75601900 0.72956800
vt 0.74689100 0.72373400
vt 0.75473100 0.71565600
vt 0.74689100 0.72373400
vt 0.75601900 0.72956800
vt 0.75601900 0.72956800
vt 0.76412200 0.72255200
vt 0.75473100 0.71565600
vt 0.75779000 0.66255700
vt 0.76488400 0.65886800
vt 0.75675800 0.65723500
vt 0.75675800 0.65723500
vt 0.74904100 0.65945600
vt 0.75779000 0.66255700
vt 0.74904100 0.66904200
vt 0.75779000 0.66255700
vt 0.74904100 0.65945600
vt 0.74904100 0.65945600
vt 0.74004800 0.66437100
vt 0.74904100 0.66904200
vt 0.74093700 0.67605800
vt 0.74904100 0.66904200
vt 0.74004800 0.66437100
vt 0.74004800 0.66437100
vt 0.73199200 0.67005700
vt 0.74093700 0.67605800
vt 0.73370800 0.68379600
vt 0.74093700 0.67605800
vt 0.73199200 0.67005700
vt 0.73199200 0.67005700
vt 0.72520500 0.67678900
vt 0.73370800 0.68379600
vt 0.71204400 0.71149800
vt 0.71520100 0.71916200
vt 0.71746500 0.71149400
vt 0.71746500 0.71149400
vt 0.71274900 0.70349900
vt 0.71204400 0.71149800
vt 0.71274900 0.70349900
vt 0.71746500 0.71149400
vt 0.72215800 0.70166600
vt 0.72215800 0.70166600
vt 0.71585400 0.69373200
vt 0.71274900 0.70349900
vt 0.71585400 0.69373200
vt 0.72215800 0.70166600
vt 0.72749600 0.69237100
vt 0.72749600 0.69237100
vt 0.71989400 0.68473700
vt 0.71585400 0.69373200
vt 0.79301600 0.68711200
vt 0.78985900 0.67944700
vt 0.78759400 0.68711600
vt 0.78759400 0.68711600
vt 0.79231000 0.69511100
vt 0.79301600 0.68711200
vt 0.79231000 0.69511100
vt 0.78759400 0.68711600
vt 0.78290200 0.69694300
vt 0.78290200 0.69694300
vt 0.78920600 0.70487800
vt 0.79231000 0.69511100
vt 0.78920600 0.70487800
vt 0.78290200 0.69694300
vt 0.77756400 0.70623900
vt 0.77756400 0.70623900
vt 0.78516500 0.71387200
vt 0.78920600 0.70487800
vt 0.78516500 0.71387200
vt 0.77756400 0.70623900
vt 0.77135100 0.71481400
vt 0.77135100 0.71481400
vt 0.77985400 0.72182100
vt 0.78516500 0.71387200
vt 0.74727000 0.73605300
vt 0.74017500 0.73974200
vt 0.74830200 0.74137500
vt 0.74830200 0.74137500
vt 0.75601900 0.73915300
vt 0.74727000 0.73605300
vt 0.75601900 0.72956800
vt 0.74727000 0.73605300
vt 0.75601900 0.73915300
vt 0.75601900 0.73915300
vt 0.76501200 0.73423900
vt 0.75601900 0.72956800
vt 0.76412200 0.72255200
vt 0.75601900 0.72956800
vt 0.76501200 0.73423900
vt 0.76501200 0.73423900
vt 0.77306800 0.72855300
vt 0.76412200 0.72255200
vt 0.71274900 0.70349900
vt 0.71045900 0.69507700
vt 0.71044300 0.70336600
vt 0.71044300 0.70336600
vt 0.71204400 0.71149800
vt 0.71274900 0.70349900
vt 0.71585400 0.69373200
vt 0.71209300 0.68695000
vt 0.71045900 0.69507700
vt 0.71045900 0.69507700
vt 0.71274900 0.70349900
vt 0.71585400 0.69373200
vt 0.71989400 0.68473700
vt 0.71528000 0.67929900
vt 0.71209300 0.68695000
vt 0.71209300 0.68695000
vt 0.71585400 0.69373200
vt 0.71989400 0.68473700
vt 0.72520500 0.67678900
vt 0.71989900 0.67241600
vt 0.71528000 0.67929900
vt 0.71528000 0.67929900
vt 0.71989400 0.68473700
vt 0.72520500 0.67678900
vt 0.72520500 0.67678900
vt 0.73199200 0.67005700
vt 0.72577100 0.66656700
vt 0.72577100 0.66656700
vt 0.71989900 0.67241600
vt 0.72520500 0.67678900
vt 0.73199200 0.67005700
vt 0.74004800 0.66437100
vt 0.73267200 0.66197600
vt 0.73267200 0.66197600
vt 0.72577100 0.66656700
vt 0.73199200 0.67005700
vt 0.74004800 0.66437100
vt 0.74904100 0.65945600
vt 0.74033600 0.65881900
vt 0.74033600 0.65881900
vt 0.73267200 0.66197600
vt 0.74004800 0.66437100
vt 0.74904100 0.65945600
vt 0.75675800 0.65723500
vt 0.74846900 0.65721800
vt 0.74846900 0.65721800
vt 0.74033600 0.65881900
vt 0.74904100 0.65945600
vt 0.79231000 0.69511100
vt 0.79460000 0.70353300
vt 0.79461700 0.69524400
vt 0.79461700 0.69524400
vt 0.79301600 0.68711200
vt 0.79231000 0.69511100
vt 0.75601900 0.73915300
vt 0.74830200 0.74137500
vt 0.75659100 0.74139200
vt 0.75659100 0.74139200
vt 0.76472300 0.73979100
vt 0.75601900 0.73915300
vt 0.76501200 0.73423900
vt 0.75601900 0.73915300
vt 0.76472300 0.73979100
vt 0.76472300 0.73979100
vt 0.77238700 0.73663400
vt 0.76501200 0.73423900
vt 0.77306800 0.72855300
vt 0.76501200 0.73423900
vt 0.77238700 0.73663400
vt 0.77238700 0.73663400
vt 0.77928800 0.73204300
vt 0.77306800 0.72855300
vt 0.77985400 0.72182100
vt 0.77306800 0.72855300
vt 0.77928800 0.73204300
vt 0.77928800 0.73204300
vt 0.78516100 0.72619300
vt 0.77985400 0.72182100
vt 0.77985400 0.72182100
vt 0.78516100 0.72619300
vt 0.78978000 0.71931100
vt 0.78978000 0.71931100
vt 0.78516500 0.71387200
vt 0.77985400 0.72182100
vt 0.78516500 0.71387200
vt 0.78978000 0.71931100
vt 0.79296700 0.71165900
vt 0.79296700 0.71165900
vt 0.78920600 0.70487800
vt 0.78516500 0.71387200
vt 0.78920600 0.70487800
vt 0.79296700 0.71165900
vt 0.79460000 0.70353300
vt 0.79460000 0.70353300
vt 0.79231000 0.69511100
vt 0.78920600 0.70487800
vt 0.90739000 0.68180500
vt 0.90739000 0.67953900
vt 0.84602200 0.67953900
vt 0.84602200 0.67953900
vt 0.84602200 0.68180500
vt 0.90739000 0.68180500
vt 0.90739000 0.67953900
vt 0.90739000 0.67728400
vt 0.84602200 0.67728400
vt 0.84602200 0.67728400
vt 0.90739000 0.67728400
vt 0.90739000 0.67500600
vt 0.84602200 0.67500600
vt 0.84602200 0.67500600
vt 0.90739000 0.67500600
vt 0.90739000 0.67273000
vt 0.84602200 0.67273000
vt 0.84602200 0.67273000
vt 0.90739000 0.67047800
vt 0.84602200 0.67047800
vt 0.90739000 0.67047800
vt 0.90739000 0.66821500
vt 0.84602200 0.66821500
vt 0.84602200 0.66821500
vt 0.84602200 0.68180500
vt 0.84602200 0.67953900
vt 0.83816100 0.67953900
vt 0.83816100 0.67953900
vt 0.83816100 0.68180500
vt 0.84602200 0.68180500
vt 0.84602200 0.67953900
vt 0.84602200 0.67728400
vt 0.83816100 0.67728400
vt 0.83816100 0.67728400
vt 0.84602200 0.67728400
vt 0.84602200 0.67500600
vt 0.83816100 0.67500600
vt 0.83816100 0.67500600
vt 0.84602200 0.67500600
vt 0.84602200 0.67273000
vt 0.83816100 0.67273000
vt 0.83816100 0.67273000
vt 0.84602200 0.67273000
vt 0.84602200 0.67047800
vt 0.83816100 0.67047800
vt 0.83816100 0.67047800
vt 0.84602200 0.67047800
vt 0.84602200 0.66821500
vt 0.83816100 0.66821500
vt 0.83816100 0.66821500
vt 0.83816100 0.68180500
vt 0.83816100 0.67953900
vt 0.83192700 0.67953900
vt 0.83192700 0.67953900
vt 0.83192700 0.68180500
vt 0.83816100 0.68180500
vt 0.83816100 0.67953900
vt 0.83816100 0.67728400
vt 0.83192700 0.67728400
vt 0.83192700 0.67728400
vt 0.83816100 0.67728400
vt 0.83816100 0.67500600
vt 0.83192700 0.67500600
vt 0.83192700 0.67500600
vt 0.83816100 0.67500600
vt 0.83816100 0.67273000
vt 0.83192700 0.67273000
vt 0.83192700 0.67273000
vt 0.83816100 0.67273000
vt 0.83816100 0.67047800
vt 0.83192700 0.67047800
vt 0.83192700 0.67047800
vt 0.83816100 0.67047800
vt 0.83816100 0.66821500
vt 0.83192700 0.66821500
vt 0.83192700 0.66821500
vt 0.83192700 0.68180500
vt 0.83192700 0.67953900
vt 0.82463200 0.67953900
vt 0.82463200 0.67953900
vt 0.82463200 0.68180500
vt 0.83192700 0.68180500
vt 0.83192700 0.67953900
vt 0.83192700 0.67728400
vt 0.82463200 0.67728400
vt 0.82463200 0.67728400
vt 0.83192700 0.67728400
vt 0.83192700 0.67500600
vt 0.82463200 0.67500600
vt 0.82463200 0.67500600
vt 0.83192700 0.67500600
vt 0.83192700 0.67273000
vt 0.82463200 0.67273000
vt 0.82463200 0.67273000
vt 0.83192700 0.67273000
vt 0.83192700 0.67047800
vt 0.82463200 0.67047800
vt 0.82463200 0.67047800
vt 0.83192700 0.67047800
vt 0.83192700 0.66821500
vt 0.82463200 0.66821500
vt 0.82463200 0.66821500
vt 0.82463200 0.68180500
vt 0.82463200 0.67953900
vt 0.81685600 0.67953900
vt 0.81685600 0.67953900
vt 0.81685600 0.68180500
vt 0.82463200 0.68180500
vt 0.82463200 0.67953900
vt 0.82463200 0.67728400
vt 0.81685600 0.67728400
vt 0.81685600 0.67728400
vt 0.82463200 0.67728400
vt 0.82463200 0.67500600
vt 0.81685600 0.67500600
vt 0.81685600 0.67500600
vt 0.82463200 0.67500600
vt 0.82463200 0.67273000
vt 0.81685600 0.67273000
vt 0.81685600 0.67273000
vt 0.82463200 0.67273000
vt 0.82463200 0.67047800
vt 0.81685600 0.67047800
vt 0.81685600 0.67047800
vt 0.82463200 0.67047800
vt 0.82463200 0.66821500
vt 0.81685600 0.66821500
vt 0.81685600 0.66821500
vt 0.81685600 0.67953900
vt 0.80932300 0.67953900
vt 0.80932300 0.68180500
vt 0.80932300 0.68180500
vt 0.81685600 0.68180500
vt 0.81685600 0.67953900
vt 0.81685600 0.67728400
vt 0.80932300 0.67728400
vt 0.80932300 0.67953900
vt 0.81685600 0.67728400
vt 0.81685600 0.67500600
vt 0.80932300 0.67500600
vt 0.80932300 0.67728400
vt 0.81685600 0.67500600
vt 0.81685600 0.67500600
vt 0.81685600 0.67273000
vt 0.80932300 0.67273000
vt 0.80932300 0.67273000
vt 0.81685600 0.67273000
vt 0.81685600 0.67047800
vt 0.80932300 0.67047800
vt 0.80932300 0.67047800
vt 0.81685600 0.67047800
vt 0.81685600 0.66821500
vt 0.80932300 0.66821500
vt 0.80932300 0.66821500
vt 0.80053500 0.68180500
vt 0.80053500 0.67953900
vt 0.79309800 0.67953900
vt 0.79309800 0.67953900
vt 0.79309800 0.68180500
vt 0.80053500 0.68180500
vt 0.80053500 0.67953900
vt 0.80053500 0.67728400
vt 0.79309800 0.67728400
vt 0.79309800 0.67728400
vt 0.80053500 0.67728400
vt 0.80053500 0.67500600
vt 0.79309800 0.67500600
vt 0.79309800 0.67500600
vt 0.80053500 0.67500600
vt 0.80053500 0.67273000
vt 0.79309800 0.67273000
vt 0.79309800 0.67273000
vt 0.80053500 0.67273000
vt 0.80053500 0.67047800
vt 0.79309800 0.67047800
vt 0.79309800 0.67047800
vt 0.80053500 0.67047800
vt 0.80053500 0.66821500
vt 0.79309800 0.66821500
vt 0.79309800 0.66821500
vt 0.80932300 0.67953900
vt 0.80053500 0.67953900
vt 0.80053500 0.68180500
vt 0.80053500 0.68180500
vt 0.80932300 0.68180500
vt 0.80932300 0.67953900
vt 0.80932300 0.67728400
vt 0.80053500 0.67728400
vt 0.80053500 0.67953900
vt 0.80932300 0.67728400
vt 0.80932300 0.67500600
vt 0.80053500 0.67500600
vt 0.80053500 0.67728400
vt 0.80932300 0.67500600
vt 0.80053500 0.67273000
vt 0.80932300 0.67500600
vt 0.80932300 0.67273000
vt 0.80053500 0.67273000
vt 0.80053500 0.67047800
vt 0.80932300 0.67273000
vt 0.80932300 0.67047800
vt 0.80053500 0.67047800
vt 0.80053500 0.66821500
vt 0.80932300 0.67047800
vt 0.80932300 0.66821500
vt 0.80053500 0.66821500
vt 0.90648000 0.65369900
vt 0.84560500 0.65369900
vt 0.84560500 0.65596600
vt 0.84560500 0.65596600
vt 0.90648000 0.65596600
vt 0.90648000 0.65369900
vt 0.84560500 0.65822200
vt 0.84560500 0.65822200
vt 0.90648000 0.65822200
vt 0.90648000 0.65596600
vt 0.84560500 0.66050200
vt 0.84560500 0.66050200
vt 0.90648000 0.66050200
vt 0.90648000 0.65822200
vt 0.84560500 0.66278600
vt 0.84560500 0.66278600
vt 0.90648000 0.66278600
vt 0.90648000 0.66050200
vt 0.84560500 0.66504700
vt 0.84560500 0.66504700
vt 0.90648000 0.66504700
vt 0.90648000 0.66278600
vt 0.84560500 0.66731800
vt 0.84560500 0.66731800
vt 0.90648000 0.66731800
vt 0.90648000 0.66504700
vt 0.84560500 0.65369900
vt 0.83780800 0.65369900
vt 0.83780800 0.65596600
vt 0.83780800 0.65596600
vt 0.84560500 0.65596600
vt 0.84560500 0.65369900
vt 0.83780800 0.65822200
vt 0.83780800 0.65822200
vt 0.84560500 0.65822200
vt 0.84560500 0.65596600
vt 0.83780800 0.66050200
vt 0.83780800 0.66050200
vt 0.84560500 0.66050200
vt 0.84560500 0.65822200
vt 0.83780800 0.66278600
vt 0.83780800 0.66278600
vt 0.84560500 0.66278600
vt 0.84560500 0.66050200
vt 0.83780800 0.66504700
vt 0.83780800 0.66504700
vt 0.84560500 0.66504700
vt 0.84560500 0.66278600
vt 0.83780800 0.66731800
vt 0.83780800 0.66731800
vt 0.84560500 0.66731800
vt 0.84560500 0.66504700
vt 0.83780800 0.65369900
vt 0.83162400 0.65369900
vt 0.83162400 0.65596600
vt 0.83162400 0.65596600
vt 0.83780800 0.65596600
vt 0.83780800 0.65369900
vt 0.83162400 0.65822200
vt 0.83162400 0.65822200
vt 0.83780800 0.65822200
vt 0.83780800 0.65596600
vt 0.83162400 0.66050200
vt 0.83162400 0.66050200
vt 0.83780800 0.66050200
vt 0.83780800 0.65822200
vt 0.83162400 0.66278600
vt 0.83162400 0.66278600
vt 0.83780800 0.66278600
vt 0.83780800 0.66050200
vt 0.83162400 0.66504700
vt 0.83162400 0.66504700
vt 0.83780800 0.66504700
vt 0.83780800 0.66278600
vt 0.83162400 0.66731800
vt 0.83162400 0.66731800
vt 0.83780800 0.66731800
vt 0.83780800 0.66504700
vt 0.83162400 0.65369900
vt 0.82438800 0.65369900
vt 0.82438800 0.65596600
vt 0.82438800 0.65596600
vt 0.83162400 0.65596600
vt 0.83162400 0.65369900
vt 0.82438800 0.65822200
vt 0.82438800 0.65822200
vt 0.83162400 0.65822200
vt 0.83162400 0.65596600
vt 0.82438800 0.66050200
vt 0.82438800 0.66050200
vt 0.83162400 0.66050200
vt 0.83162400 0.65822200
vt 0.82438800 0.66278600
vt 0.82438800 0.66278600
vt 0.83162400 0.66278600
vt 0.83162400 0.66050200
vt 0.82438800 0.66504700
vt 0.82438800 0.66504700
vt 0.83162400 0.66504700
vt 0.83162400 0.66278600
vt 0.82438800 0.66731800
vt 0.82438800 0.66731800
vt 0.83162400 0.66731800
vt 0.83162400 0.66504700
vt 0.82438800 0.65369900
vt 0.81667500 0.65369900
vt 0.81667500 0.65596600
vt 0.81667500 0.65596600
vt 0.82438800 0.65596600
vt 0.82438800 0.65369900
vt 0.81667500 0.65822200
vt 0.81667500 0.65822200
vt 0.82438800 0.65822200
vt 0.82438800 0.65596600
vt 0.81667500 0.66050200
vt 0.81667500 0.66050200
vt 0.82438800 0.66050200
vt 0.82438800 0.65822200
vt 0.81667500 0.66278600
vt 0.81667500 0.66278600
vt 0.82438800 0.66278600
vt 0.82438800 0.66050200
vt 0.81667500 0.66504700
vt 0.81667500 0.66504700
vt 0.82438800 0.66504700
vt 0.82438800 0.66278600
vt 0.81667500 0.66731800
vt 0.81667500 0.66731800
vt 0.82438800 0.66731800
vt 0.82438800 0.66504700
vt 0.81667500 0.65596600
vt 0.81667500 0.65369900
vt 0.80920300 0.65369900
vt 0.80920300 0.65369900
vt 0.80920300 0.65596600
vt 0.81667500 0.65596600
vt 0.81667500 0.65822200
vt 0.80920300 0.65596600
vt 0.80920300 0.65822200
vt 0.81667500 0.65822200
vt 0.81667500 0.66050200
vt 0.80920300 0.65822200
vt 0.80920300 0.66050200
vt 0.81667500 0.66050200
vt 0.80920300 0.66278600
vt 0.80920300 0.66278600
vt 0.81667500 0.66278600
vt 0.81667500 0.66050200
vt 0.80920300 0.66504700
vt 0.80920300 0.66504700
vt 0.81667500 0.66504700
vt 0.81667500 0.66278600
vt 0.80920300 0.66731800
vt 0.80920300 0.66731800
vt 0.81667500 0.66731800
vt 0.81667500 0.66504700
vt 0.80048600 0.65369900
vt 0.79311000 0.65369900
vt 0.79311000 0.65596600
vt 0.79311000 0.65596600
vt 0.80048600 0.65596600
vt 0.80048600 0.65369900
vt 0.79311000 0.65822200
vt 0.79311000 0.65822200
vt 0.80048600 0.65822200
vt 0.80048600 0.65596600
vt 0.79311000 0.66050200
vt 0.79311000 0.66050200
vt 0.80048600 0.66050200
vt 0.80048600 0.65822200
vt 0.79311000 0.66278600
vt 0.79311000 0.66278600
vt 0.80048600 0.66278600
vt 0.80048600 0.66050200
vt 0.79311000 0.66504700
vt 0.79311000 0.66504700
vt 0.80048600 0.66504700
vt 0.80048600 0.66278600
vt 0.79311000 0.66731800
vt 0.79311000 0.66731800
vt 0.80048600 0.66731800
vt 0.80048600 0.66504700
vt 0.80920300 0.65596600
vt 0.80920300 0.65369900
vt 0.80048600 0.65369900
vt 0.80048600 0.65369900
vt 0.80048600 0.65596600
vt 0.80920300 0.65596600
vt 0.80920300 0.65822200
vt 0.80048600 0.65596600
vt 0.80048600 0.65822200
vt 0.80920300 0.65822200
vt 0.80920300 0.66050200
vt 0.80048600 0.65822200
vt 0.80048600 0.66050200
vt 0.80920300 0.66050200
vt 0.80048600 0.66278600
vt 0.80920300 0.66278600
vt 0.80920300 0.66050200
vt 0.80048600 0.66278600
vt 0.80048600 0.66504700
vt 0.80920300 0.66504700
vt 0.80920300 0.66278600
vt 0.80048600 0.66504700
vt 0.80048600 0.66731800
vt 0.80920300 0.66731800
vt 0.80920300 0.66504700
vt 0.80048600 0.66731800
vt 0.31291000 0.02570700
vt 0.31273600 0.05454700
vt 0.34387900 0.05660500
vt 0.34387900 0.05660500
vt 0.34749500 0.02799200
vt 0.31291000 0.02570700
vt 0.34749500 0.02799200
vt 0.34387900 0.05660500
vt 0.37455400 0.06235500
vt 0.37455400 0.06235500
vt 0.38156100 0.03437800
vt 0.34749500 0.02799200
vt 0.38156100 0.03437800
vt 0.37455400 0.06235500
vt 0.40432700 0.07171600
vt 0.40432700 0.07171600
vt 0.41462600 0.04477900
vt 0.38156100 0.03437800
vt 0.41462600 0.04477900
vt 0.40432700 0.07171600
vt 0.43277000 0.08456300
vt 0.43277000 0.08456300
vt 0.44621800 0.05905300
vt 0.41462600 0.04477900
vt 0.44621800 0.05905300
vt 0.43277000 0.08456300
vt 0.45947500 0.10071900
vt 0.45947500 0.10071900
vt 0.47588100 0.07700700
vt 0.44621800 0.05905300
vt 0.47588100 0.07700700
vt 0.45947500 0.10071900
vt 0.48405000 0.11996300
vt 0.48405000 0.11996300
vt 0.50318200 0.09839400
vt 0.47588100 0.07700700
vt 0.50318200 0.09839400
vt 0.48405000 0.11996300
vt 0.50613100 0.14202600
vt 0.50613100 0.14202600
vt 0.52771500 0.12291700
vt 0.50318200 0.09839400
vt 0.52771500 0.12291700
vt 0.50613100 0.14202600
vt 0.52538400 0.16659700
vt 0.52538400 0.16659700
vt 0.54910700 0.15022700
vt 0.52771500 0.12291700
vt 0.54910700 0.15022700
vt 0.52538400 0.16659700
vt 0.54151200 0.19332300
vt 0.54151200 0.19332300
vt 0.56702700 0.17992700
vt 0.54910700 0.15022700
vt 0.56702700 0.17992700
vt 0.54151200 0.19332300
vt 0.55426000 0.22181200
vt 0.55426000 0.22181200
vt 0.58119300 0.21157100
vt 0.56702700 0.17992700
vt 0.58119300 0.21157100
vt 0.55426000 0.22181200
vt 0.56342900 0.25164000
vt 0.56342900 0.25164000
vt 0.59138600 0.24467400
vt 0.58119300 0.21157100
vt 0.59138600 0.24467400
vt 0.56342900 0.25164000
vt 0.56888100 0.28235700
vt 0.56888100 0.28235700
vt 0.59746400 0.27870800
vt 0.59138600 0.24467400
vt 0.59746400 0.27870800
vt 0.56888100 0.28235700
vt 0.57056000 0.31350500
vt 0.57056000 0.31350500
vt 0.59938200 0.31312500
vt 0.59746400 0.27870800
vt 0.59938200 0.31312500
vt 0.57056000 0.31350500
vt 0.56850600 0.34463900
vt 0.56850600 0.34463900
vt 0.59722900 0.34737400
vt 0.59938200 0.31312500
vt 0.59722900 0.34737400
vt 0.56850600 0.34463900
vt 0.56289100 0.37537300
vt 0.56289100 0.37537300
vt 0.59126000 0.38095200
vt 0.59722900 0.34737400
vt 0.59126000 0.38095200
vt 0.56289100 0.37537300
vt 0.55406400 0.40544500
vt 0.55406400 0.40544500
vt 0.58196900 0.41349100
vt 0.59126000 0.38095200
vt 0.58196900 0.41349100
vt 0.55406400 0.40544500
vt 0.54263000 0.43481900
vt 0.54263000 0.43481900
vt 0.57017100 0.44491000
vt 0.58196900 0.41349100
vt 0.57017100 0.44491000
vt 0.54263000 0.43481900
vt 0.52958100 0.46376400
vt 0.52958100 0.46376400
vt 0.55711700 0.47559600
vt 0.57017100 0.44491000
vt 0.06516900 0.47319200
vt 0.09280300 0.46153200
vt 0.07991800 0.43250800
vt 0.07991800 0.43250800
vt 0.05229300 0.44242700
vt 0.06516900 0.47319200
vt 0.05229300 0.44242700
vt 0.07991800 0.43250800
vt 0.06859400 0.40306600
vt 0.06859400 0.40306600
vt 0.04063700 0.41094000
vt 0.05229300 0.44242700
vt 0.04063700 0.41094000
vt 0.06859400 0.40306600
vt 0.05986600 0.37292400
vt 0.05986600 0.37292400
vt 0.03147100 0.37833500
vt 0.04063700 0.41094000
vt 0.03147100 0.37833500
vt 0.05986600 0.37292400
vt 0.05436200 0.34212300
vt 0.05436200 0.34212300
vt 0.02563700 0.34468900
vt 0.03147100 0.37833500
vt 0.02563700 0.34468900
vt 0.05436200 0.34212300
vt 0.05244700 0.31093200
vt 0.05244700 0.31093200
vt 0.02364300 0.31037700
vt 0.02563700 0.34468900
vt 0.02364300 0.31037700
vt 0.05244700 0.31093200
vt 0.05429800 0.27974700
vt 0.05429800 0.27974700
vt 0.02575700 0.27591300
vt 0.02364300 0.31037700
vt 0.02575700 0.27591300
vt 0.05429800 0.27974700
vt 0.05995800 0.24902200
vt 0.05995800 0.24902200
vt 0.03206700 0.24186000
vt 0.02575700 0.27591300
vt 0.03206700 0.24186000
vt 0.05995800 0.24902200
vt 0.06936300 0.21922500
vt 0.06936300 0.21922500
vt 0.04252500 0.20878000
vt 0.03206700 0.24186000
vt 0.04252500 0.20878000
vt 0.06936300 0.21922500
vt 0.08236900 0.19081200
vt 0.08236900 0.19081200
vt 0.05698000 0.17720800
vt 0.04252500 0.20878000
vt 0.05698000 0.17720800
vt 0.08236900 0.19081200
vt 0.09876400 0.16421000
vt 0.09876400 0.16421000
vt 0.07519800 0.14764000
vt 0.05698000 0.17720800
vt 0.07519800 0.14764000
vt 0.09876400 0.16421000
vt 0.11829300 0.13980400
vt 0.11829300 0.13980400
vt 0.09688300 0.12052400
vt 0.07519800 0.14764000
vt 0.09688300 0.12052400
vt 0.11829300 0.13980400
vt 0.14057200 0.11789800
vt 0.14057200 0.11789800
vt 0.12163700 0.09616200
vt 0.09688300 0.12052400
vt 0.12163700 0.09616200
vt 0.14057200 0.11789800
vt 0.16537900 0.09892500
vt 0.16537900 0.09892500
vt 0.14922600 0.07504800
vt 0.12163700 0.09616200
vt 0.14922600 0.07504800
vt 0.16537900 0.09892500
vt 0.19229400 0.08307400
vt 0.19229400 0.08307400
vt 0.17913500 0.05742100
vt 0.14922600 0.07504800
vt 0.17913500 0.05742100
vt 0.19229400 0.08307400
vt 0.22091000 0.07056700
vt 0.22091000 0.07056700
vt 0.21092600 0.04351700
vt 0.17913500 0.05742100
vt 0.21092600 0.04351700
vt 0.22091000 0.07056700
vt 0.25081100 0.06157200
vt 0.25081100 0.06157200
vt 0.24413800 0.03351800
vt 0.21092600 0.04351700
vt 0.24413800 0.03351800
vt 0.25081100 0.06157200
vt 0.28156600 0.05620900
vt 0.28156600 0.05620900
vt 0.27829400 0.02755700
vt 0.24413800 0.03351800
vt 0.27829400 0.02755700
vt 0.28156600 0.05620900
vt 0.31273600 0.05454700
vt 0.31273600 0.05454700
vt 0.31291000 0.02570700
vt 0.27829400 0.02755700
vt 0.31273600 0.05454700
vt 0.31256800 0.08274100
vt 0.34034300 0.08457800
vt 0.34034300 0.08457800
vt 0.34387900 0.05660500
vt 0.31273600 0.05454700
vt 0.34387900 0.05660500
vt 0.34034300 0.08457800
vt 0.36770100 0.08970300
vt 0.36770100 0.08970300
vt 0.37455400 0.06235500
vt 0.34387900 0.05660500
vt 0.37455400 0.06235500
vt 0.36770100 0.08970300
vt 0.39425300 0.09804800
vt 0.39425300 0.09804800
vt 0.40432700 0.07171600
vt 0.37455400 0.06235500
vt 0.40432700 0.07171600
vt 0.39425300 0.09804800
vt 0.41961900 0.10949700
vt 0.41961900 0.10949700
vt 0.43277000 0.08456300
vt 0.40432700 0.07171600
vt 0.43277000 0.08456300
vt 0.41961900 0.10949700
vt 0.44343300 0.12389400
vt 0.44343300 0.12389400
vt 0.45947500 0.10071900
vt 0.43277000 0.08456300
vt 0.45947500 0.10071900
vt 0.44343300 0.12389400
vt 0.46534900 0.14104100
vt 0.46534900 0.14104100
vt 0.48405000 0.11996300
vt 0.45947500 0.10071900
vt 0.48405000 0.11996300
vt 0.46534900 0.14104100
vt 0.48504100 0.16070100
vt 0.48504100 0.16070100
vt 0.50613100 0.14202600
vt 0.48405000 0.11996300
vt 0.50613100 0.14202600
vt 0.48504100 0.16070100
vt 0.50221400 0.18259800
vt 0.50221400 0.18259800
vt 0.52538400 0.16659700
vt 0.50613100 0.14202600
vt 0.52538400 0.16659700
vt 0.50221400 0.18259800
vt 0.51660300 0.20642500
vt 0.51660300 0.20642500
vt 0.54151200 0.19332300
vt 0.52538400 0.16659700
vt 0.54151200 0.19332300
vt 0.51660300 0.20642500
vt 0.52798200 0.23184100
vt 0.52798200 0.23184100
vt 0.55426000 0.22181200
vt 0.54151200 0.19332300
vt 0.55426000 0.22181200
vt 0.52798200 0.23184100
vt 0.53617000 0.25848500
vt 0.53617000 0.25848500
vt 0.56342900 0.25164000
vt 0.55426000 0.22181200
vt 0.56342900 0.25164000
vt 0.53617000 0.25848500
vt 0.54103200 0.28597900
vt 0.54103200 0.28597900
vt 0.56888100 0.28235700
vt 0.56342900 0.25164000
vt 0.56888100 0.28235700
vt 0.54103200 0.28597900
vt 0.54249600 0.31394300
vt 0.54249600 0.31394300
vt 0.57056000 0.31350500
vt 0.56888100 0.28235700
vt 0.57056000 0.31350500
vt 0.54249600 0.31394300
vt 0.54055900 0.34201200
vt 0.54055900 0.34201200
vt 0.56850600 0.34463900
vt 0.57056000 0.31350500
vt 0.56850600 0.34463900
vt 0.54055900 0.34201200
vt 0.53530400 0.36986900
vt 0.53530400 0.36986900
vt 0.56289100 0.37537300
vt 0.56850600 0.34463900
vt 0.56289100 0.37537300
vt 0.53530400 0.36986900
vt 0.52692800 0.39727900
vt 0.52692800 0.39727900
vt 0.55406400 0.40544500
vt 0.56289100 0.37537300
vt 0.55406400 0.40544500
vt 0.52692800 0.39727900
vt 0.51580500 0.42415900
vt 0.51580500 0.42415900
vt 0.54263000 0.43481900
vt 0.55406400 0.40544500
vt 0.54263000 0.43481900
vt 0.51580500 0.42415900
vt 0.50246800 0.45053000
vt 0.50246800 0.45053000
vt 0.52958100 0.46376400
vt 0.54263000 0.43481900
vt 0.09280300 0.46153200
vt 0.12006900 0.44845900
vt 0.10685600 0.42202100
vt 0.10685600 0.42202100
vt 0.07991800 0.43250800
vt 0.09280300 0.46153200
vt 0.07991800 0.43250800
vt 0.10685600 0.42202100
vt 0.09578300 0.39508500
vt 0.09578300 0.39508500
vt 0.06859400 0.40306600
vt 0.07991800 0.43250800
vt 0.06859400 0.40306600
vt 0.09578300 0.39508500
vt 0.08747100 0.36759700
vt 0.08747100 0.36759700
vt 0.05986600 0.37292400
vt 0.06859400 0.40306600
vt 0.05986600 0.37292400
vt 0.08747100 0.36759700
vt 0.08230000 0.33966900
vt 0.08230000 0.33966900
vt 0.05436200 0.34212300
vt 0.05986600 0.37292400
vt 0.05436200 0.34212300
vt 0.08230000 0.33966900
vt 0.08047900 0.31154600
vt 0.08047900 0.31154600
vt 0.05244700 0.31093200
vt 0.05436200 0.34212300
vt 0.05244700 0.31093200
vt 0.08047900 0.31154600
vt 0.08209500 0.28355100
vt 0.08209500 0.28355100
vt 0.05429800 0.27974700
vt 0.05244700 0.31093200
vt 0.05429800 0.27974700
vt 0.08209500 0.28355100
vt 0.08714100 0.25605700
vt 0.08714100 0.25605700
vt 0.05995800 0.24902200
vt 0.05429800 0.27974700
vt 0.05995800 0.24902200
vt 0.08714100 0.25605700
vt 0.09553900 0.22945000
vt 0.09553900 0.22945000
vt 0.06936300 0.21922500
vt 0.05995800 0.24902200
vt 0.06936300 0.21922500
vt 0.09553900 0.22945000
vt 0.10714600 0.20411100
vt 0.10714600 0.20411100
vt 0.08236900 0.19081200
vt 0.06936300 0.21922500
vt 0.08236900 0.19081200
vt 0.10714600 0.20411100
vt 0.12177200 0.18040700
vt 0.12177200 0.18040700
vt 0.09876400 0.16421000
vt 0.08236900 0.19081200
vt 0.09876400 0.16421000
vt 0.12177200 0.18040700
vt 0.13917100 0.15868400
vt 0.13917100 0.15868400
vt 0.11829300 0.13980400
vt 0.09876400 0.16421000
vt 0.11829300 0.13980400
vt 0.13917100 0.15868400
vt 0.15903300 0.13917200
vt 0.15903300 0.13917200
vt 0.14057200 0.11789800
vt 0.11829300 0.13980400
vt 0.14057200 0.11789800
vt 0.15903300 0.13917200
vt 0.18116700 0.12226100
vt 0.18116700 0.12226100
vt 0.16537900 0.09892500
vt 0.14057200 0.11789800
vt 0.16537900 0.09892500
vt 0.18116700 0.12226100
vt 0.20516600 0.10814400
vt 0.20516600 0.10814400
vt 0.19229400 0.08307400
vt 0.16537900 0.09892500
vt 0.19229400 0.08307400
vt 0.20516600 0.10814400
vt 0.23068100 0.09700500
vt 0.23068100 0.09700500
vt 0.22091000 0.07056700
vt 0.19229400 0.08307400
vt 0.22091000 0.07056700
vt 0.23068100 0.09700500
vt 0.25734400 0.08899500
vt 0.25734400 0.08899500
vt 0.25081100 0.06157200
vt 0.22091000 0.07056700
vt 0.25081100 0.06157200
vt 0.25734400 0.08899500
vt 0.28476900 0.08421900
vt 0.28476900 0.08421900
vt 0.28156600 0.05620900
vt 0.25081100 0.06157200
vt 0.28156600 0.05620900
vt 0.28476900 0.08421900
vt 0.31256800 0.08274100
vt 0.31256800 0.08274100
vt 0.31273600 0.05454700
vt 0.28156600 0.05620900
vt 0.31256800 0.08274100
vt 0.31238900 0.11312200
vt 0.33653300 0.11471900
vt 0.33653300 0.11471900
vt 0.34034300 0.08457800
vt 0.31256800 0.08274100
vt 0.34034300 0.08457800
vt 0.33653300 0.11471900
vt 0.36031600 0.11917300
vt 0.36031600 0.11917300
vt 0.36770100 0.08970300
vt 0.34034300 0.08457800
vt 0.36770100 0.08970300
vt 0.36031600 0.11917300
vt 0.38339700 0.12642000
vt 0.38339700 0.12642000
vt 0.39425300 0.09804800
vt 0.36770100 0.08970300
vt 0.39425300 0.09804800
vt 0.38339700 0.12642000
vt 0.40544700 0.13636200
vt 0.40544700 0.13636200
vt 0.41961900 0.10949700
vt 0.39425300 0.09804800
vt 0.41961900 0.10949700
vt 0.40544700 0.13636200
vt 0.42614900 0.14886200
vt 0.42614900 0.14886200
vt 0.44343300 0.12389400
vt 0.41961900 0.10949700
vt 0.44343300 0.12389400
vt 0.42614900 0.14886200
vt 0.44520200 0.16374900
vt 0.44520200 0.16374900
vt 0.46534900 0.14104100
vt 0.44343300 0.12389400
vt 0.46534900 0.14104100
vt 0.44520200 0.16374900
vt 0.46232600 0.18081700
vt 0.46232600 0.18081700
vt 0.48504100 0.16070100
vt 0.46534900 0.14104100
vt 0.48504100 0.16070100
vt 0.46232600 0.18081700
vt 0.47726500 0.19983300
vt 0.47726500 0.19983300
vt 0.50221400 0.18259800
vt 0.48504100 0.16070100
vt 0.50221400 0.18259800
vt 0.47726500 0.19983300
vt 0.48979200 0.22053200
vt 0.48979200 0.22053200
vt 0.51660300 0.20642500
vt 0.50221400 0.18259800
vt 0.51660300 0.20642500
vt 0.48979200 0.22053200
vt 0.49971100 0.24263100
vt 0.49971100 0.24263100
vt 0.52798200 0.23184100
vt 0.51660300 0.20642500
vt 0.52798200 0.23184100
vt 0.49971100 0.24263100
vt 0.50685900 0.26582900
vt 0.50685900 0.26582900
vt 0.53617000 0.25848500
vt 0.52798200 0.23184100
vt 0.53617000 0.25848500
vt 0.50685900 0.26582900
vt 0.51111100 0.28981300
vt 0.51111100 0.28981300
vt 0.54103200 0.28597900
vt 0.53617000 0.25848500
vt 0.54103200 0.28597900
vt 0.51111100 0.28981300
vt 0.51238000 0.31427300
vt 0.51238000 0.31427300
vt 0.54249600 0.31394300
vt 0.54103200 0.28597900
vt 0.54249600 0.31394300
vt 0.51238000 0.31427300
vt 0.51062300 0.33890200
vt 0.51062300 0.33890200
vt 0.54055900 0.34201200
vt 0.54249600 0.31394300
vt 0.54055900 0.34201200
vt 0.51062300 0.33890200
vt 0.50584100 0.36340800
vt 0.50584100 0.36340800
vt 0.53530400 0.36986900
vt 0.54055900 0.34201200
vt 0.53530400 0.36986900
vt 0.50584100 0.36340800
vt 0.49809400 0.38749700
vt 0.49809400 0.38749700
vt 0.52692800 0.39727900
vt 0.53530400 0.36986900
vt 0.52692800 0.39727900
vt 0.49809400 0.38749700
vt 0.48760100 0.41110300
vt 0.48760100 0.41110300
vt 0.51580500 0.42415900
vt 0.52692800 0.39727900
vt 0.51580500 0.42415900
vt 0.48760100 0.41110300
vt 0.47429300 0.43384400
vt 0.47429300 0.43384400
vt 0.50246800 0.45053000
vt 0.51580500 0.42415900
vt 0.12006900 0.44845900
vt 0.14846000 0.43186200
vt 0.13523100 0.40912500
vt 0.13523100 0.40912500
vt 0.10685600 0.42202100
vt 0.12006900 0.44845900
vt 0.10685600 0.42202100
vt 0.13523100 0.40912500
vt 0.12465000 0.38552500
vt 0.12465000 0.38552500
vt 0.09578300 0.39508500
vt 0.10685600 0.42202100
vt 0.09578300 0.39508500
vt 0.12465000 0.38552500
vt 0.11693100 0.36131100
vt 0.11693100 0.36131100
vt 0.08747100 0.36759700
vt 0.09578300 0.39508500
vt 0.08747100 0.36759700
vt 0.11693100 0.36131100
vt 0.11221000 0.33673100
vt 0.11221000 0.33673100
vt 0.08230000 0.33966900
vt 0.08747100 0.36759700
vt 0.08230000 0.33966900
vt 0.11221000 0.33673100
vt 0.11055000 0.31205500
vt 0.11055000 0.31205500
vt 0.08047900 0.31154600
vt 0.08230000 0.33966900
vt 0.08047900 0.31154600
vt 0.11055000 0.31205500
vt 0.11195100 0.28757500
vt 0.11195100 0.28757500
vt 0.08209500 0.28355100
vt 0.08047900 0.31154600
vt 0.08209500 0.28355100
vt 0.11195100 0.28757500
vt 0.11636400 0.26360000
vt 0.11636400 0.26360000
vt 0.08714100 0.25605700
vt 0.08209500 0.28355100
vt 0.08714100 0.25605700
vt 0.11636400 0.26360000
vt 0.12369500 0.24044600
vt 0.12369500 0.24044600
vt 0.09553900 0.22945000
vt 0.08714100 0.25605700
vt 0.09553900 0.22945000
vt 0.12369500 0.24044600
vt 0.13381300 0.21842500
vt 0.13381300 0.21842500
vt 0.10714600 0.20411100
vt 0.09553900 0.22945000
vt 0.10714600 0.20411100
vt 0.13381300 0.21842500
vt 0.14655000 0.19783600
vt 0.14655000 0.19783600
vt 0.12177200 0.18040700
vt 0.10714600 0.20411100
vt 0.12177200 0.18040700
vt 0.14655000 0.19783600
vt 0.16170900 0.17895900
vt 0.16170900 0.17895900
vt 0.13917100 0.15868400
vt 0.12177200 0.18040700
vt 0.13917100 0.15868400
vt 0.16170900 0.17895900
vt 0.17898500 0.16204000
vt 0.17898500 0.16204000
vt 0.15903300 0.13917200
vt 0.13917100 0.15868400
vt 0.15903300 0.13917200
vt 0.17898500 0.16204000
vt 0.19819600 0.14739500
vt 0.19819600 0.14739500
vt 0.18116700 0.12226100
vt 0.15903300 0.13917200
vt 0.18116700 0.12226100
vt 0.19819600 0.14739500
vt 0.21904300 0.13515400
vt 0.21904300 0.13515400
vt 0.20516600 0.10814400
vt 0.18116700 0.12226100
vt 0.20516600 0.10814400
vt 0.21904300 0.13515400
vt 0.24121500 0.12549300
vt 0.24121500 0.12549300
vt 0.23068100 0.09700500
vt 0.20516600 0.10814400
vt 0.23068100 0.09700500
vt 0.24121500 0.12549300
vt 0.26438700 0.11854400
vt 0.26438700 0.11854400
vt 0.25734400 0.08899500
vt 0.23068100 0.09700500
vt 0.25734400 0.08899500
vt 0.26438700 0.11854400
vt 0.28822500 0.11440200
vt 0.28822500 0.11440200
vt 0.28476900 0.08421900
vt 0.25734400 0.08899500
vt 0.28476900 0.08421900
vt 0.28822500 0.11440200
vt 0.31238900 0.11312200
vt 0.31238900 0.11312200
vt 0.31256800 0.08274100
vt 0.28476900 0.08421900
vt 0.31238900 0.11312200
vt 0.31218400 0.14801900
vt 0.33215700 0.14934200
vt 0.33215700 0.14934200
vt 0.33653300 0.11471900
vt 0.31238900 0.11312200
vt 0.33653300 0.11471900
vt 0.33215700 0.14934200
vt 0.35183100 0.15302200
vt 0.35183100 0.15302200
vt 0.36031600 0.11917300
vt 0.33653300 0.11471900
vt 0.36031600 0.11917300
vt 0.35183100 0.15302200
vt 0.37092500 0.15900800
vt 0.37092500 0.15900800
vt 0.38339700 0.12642000
vt 0.36031600 0.11917300
vt 0.38339700 0.12642000
vt 0.37092500 0.15900800
vt 0.38916700 0.16721800
vt 0.38916700 0.16721800
vt 0.40544700 0.13636200
vt 0.38339700 0.12642000
vt 0.40544700 0.13636200
vt 0.38916700 0.16721800
vt 0.40629400 0.17753700
vt 0.40629400 0.17753700
vt 0.42614900 0.14886200
vt 0.40544700 0.13636200
vt 0.42614900 0.14886200
vt 0.40629400 0.17753700
vt 0.42206100 0.18982600
vt 0.42206100 0.18982600
vt 0.44520200 0.16374900
vt 0.42614900 0.14886200
vt 0.44520200 0.16374900
vt 0.42206100 0.18982600
vt 0.43623700 0.20391400
vt 0.43623700 0.20391400
vt 0.46232600 0.18081700
vt 0.44520200 0.16374900
vt 0.46232600 0.18081700
vt 0.43623700 0.20391400
vt 0.44861300 0.21961200
vt 0.44861300 0.21961200
vt 0.47726500 0.19983300
vt 0.46232600 0.18081700
vt 0.47726500 0.19983300
vt 0.44861300 0.21961200
vt 0.45900500 0.23670500
vt 0.45900500 0.23670500
vt 0.48979200 0.22053200
vt 0.47726500 0.19983300
vt 0.48979200 0.22053200
vt 0.45900500 0.23670500
vt 0.46724900 0.25496500
vt 0.46724900 0.25496500
vt 0.49971100 0.24263100
vt 0.48979200 0.22053200
vt 0.49971100 0.24263100
vt 0.46724900 0.25496500
vt 0.47321100 0.27415200
vt 0.47321100 0.27415200
vt 0.50685900 0.26582900
vt 0.49971100 0.24263100
vt 0.50685900 0.26582900
vt 0.47321100 0.27415200
vt 0.47677900 0.29401700
vt 0.47677900 0.29401700
vt 0.51111100 0.28981300
vt 0.50685900 0.26582900
vt 0.51111100 0.28981300
vt 0.47677900 0.29401700
vt 0.47786200 0.31430600
vt 0.47786200 0.31430600
vt 0.51238000 0.31427300
vt 0.51111100 0.28981300
vt 0.51238000 0.31427300
vt 0.47786200 0.31430600
vt 0.47639100 0.33476100
vt 0.47639100 0.33476100
vt 0.51062300 0.33890200
vt 0.51238000 0.31427300
vt 0.51062300 0.33890200
vt 0.47639100 0.33476100
vt 0.47230300 0.35511500
vt 0.47230300 0.35511500
vt 0.50584100 0.36340800
vt 0.51062300 0.33890200
vt 0.50584100 0.36340800
vt 0.47230300 0.35511500
vt 0.46553600 0.37508000
vt 0.46553600 0.37508000
vt 0.49809400 0.38749700
vt 0.50584100 0.36340800
vt 0.49809400 0.38749700
vt 0.46553600 0.37508000
vt 0.45621500 0.39427000
vt 0.45621500 0.39427000
vt 0.48760100 0.41110300
vt 0.49809400 0.38749700
vt 0.48760100 0.41110300
vt 0.45621500 0.39427000
vt 0.44403900 0.41210600
vt 0.44403900 0.41210600
vt 0.47429300 0.43384400
vt 0.48760100 0.41110300
vt 0.14846000 0.43186200
vt 0.17878400 0.41002600
vt 0.16660100 0.39215200
vt 0.16660100 0.39215200
vt 0.13523100 0.40912500
vt 0.14846000 0.43186200
vt 0.13523100 0.40912500
vt 0.16660100 0.39215200
vt 0.15717000 0.37300700
vt 0.15717000 0.37300700
vt 0.12465000 0.38552500
vt 0.13523100 0.40912500
vt 0.12465000 0.38552500
vt 0.15717000 0.37300700
vt 0.15044900 0.35307100
vt 0.15044900 0.35307100
vt 0.11693100 0.36131100
vt 0.12465000 0.38552500
vt 0.11693100 0.36131100
vt 0.15044900 0.35307100
vt 0.14641300 0.33271700
vt 0.14641300 0.33271700
vt 0.11221000 0.33673100
vt 0.11693100 0.36131100
vt 0.11221000 0.33673100
vt 0.14641300 0.33271700
vt 0.14501900 0.31226000
vt 0.14501900 0.31226000
vt 0.11055000 0.31205500
vt 0.11221000 0.33673100
vt 0.11055000 0.31205500
vt 0.14501900 0.31226000
vt 0.14621100 0.29198000
vt 0.14621100 0.29198000
vt 0.11195100 0.28757500
vt 0.11055000 0.31205500
vt 0.11195100 0.28757500
vt 0.14621100 0.29198000
vt 0.14991200 0.27214700
vt 0.14991200 0.27214700
vt 0.11636400 0.26360000
vt 0.11195100 0.28757500
vt 0.11636400 0.26360000
vt 0.14991200 0.27214700
vt 0.15602600 0.25301700
vt 0.15602600 0.25301700
vt 0.12369500 0.24044600
vt 0.11636400 0.26360000
vt 0.12369500 0.24044600
vt 0.15602600 0.25301700
vt 0.16443300 0.23484000
vt 0.16443300 0.23484000
vt 0.13381300 0.21842500
vt 0.12369500 0.24044600
vt 0.13381300 0.21842500
vt 0.16443300 0.23484000
vt 0.17499000 0.21785700
vt 0.17499000 0.21785700
vt 0.14655000 0.19783600
vt 0.13381300 0.21842500
vt 0.14655000 0.19783600
vt 0.17499000 0.21785700
vt 0.18752800 0.20229500
vt 0.18752800 0.20229500
vt 0.16170900 0.17895900
vt 0.14655000 0.19783600
vt 0.16170900 0.17895900
vt 0.18752800 0.20229500
vt 0.20184600 0.18836900
vt 0.20184600 0.18836900
vt 0.17898500 0.16204000
vt 0.16170900 0.17895900
vt 0.17898500 0.16204000
vt 0.20184600 0.18836900
vt 0.21774000 0.17627900
vt 0.21774000 0.17627900
vt 0.19819600 0.14739500
vt 0.17898500 0.16204000
vt 0.19819600 0.14739500
vt 0.21774000 0.17627900
vt 0.23498100 0.16618300
vt 0.23498100 0.16618300
vt 0.21904300 0.13515400
vt 0.19819600 0.14739500
vt 0.21904300 0.13515400
vt 0.23498100 0.16618300
vt 0.25331600 0.15821600
vt 0.25331600 0.15821600
vt 0.24121500 0.12549300
vt 0.21904300 0.13515400
vt 0.24121500 0.12549300
vt 0.25331600 0.15821600
vt 0.27248000 0.15248600
vt 0.27248000 0.15248600
vt 0.26438700 0.11854400
vt 0.24121500 0.12549300
vt 0.26438700 0.11854400
vt 0.27248000 0.15248600
vt 0.29219700 0.14907100
vt 0.29219700 0.14907100
vt 0.28822500 0.11440200
vt 0.26438700 0.11854400
vt 0.28822500 0.11440200
vt 0.29219700 0.14907100
vt 0.31218400 0.14801900
vt 0.31218400 0.14801900
vt 0.31238900 0.11312200
vt 0.28822500 0.11440200
vt 0.31218400 0.14801900
vt 0.31195100 0.18843000
vt 0.32708900 0.18943500
vt 0.32708900 0.18943500
vt 0.33215700 0.14934200
vt 0.31218400 0.14801900
vt 0.33215700 0.14934200
vt 0.32708900 0.18943500
vt 0.34200000 0.19221800
vt 0.34200000 0.19221800
vt 0.35183100 0.15302200
vt 0.33215700 0.14934200
vt 0.35183100 0.15302200
vt 0.34200000 0.19221800
vt 0.35647300 0.19674100
vt 0.35647300 0.19674100
vt 0.37092500 0.15900800
vt 0.35183100 0.15302200
vt 0.37092500 0.15900800
vt 0.35647300 0.19674100
vt 0.37030000 0.20294000
vt 0.37030000 0.20294000
vt 0.38916700 0.16721800
vt 0.37092500 0.15900800
vt 0.38916700 0.16721800
vt 0.37030000 0.20294000
vt 0.38328300 0.21072800
vt 0.38328300 0.21072800
vt 0.40629400 0.17753700
vt 0.38916700 0.16721800
vt 0.40629400 0.17753700
vt 0.38328300 0.21072800
vt 0.39523700 0.21999800
vt 0.39523700 0.21999800
vt 0.42206100 0.18982600
vt 0.40629400 0.17753700
vt 0.42206100 0.18982600
vt 0.39523700 0.21999800
vt 0.40599100 0.23062000
vt 0.40599100 0.23062000
vt 0.43623700 0.20391400
vt 0.42206100 0.18982600
vt 0.43623700 0.20391400
vt 0.40599100 0.23062000
vt 0.41538900 0.24244800
vt 0.41538900 0.24244800
vt 0.44861300 0.21961200
vt 0.43623700 0.20391400
vt 0.44861300 0.21961200
vt 0.41538900 0.24244800
vt 0.42329400 0.25532200
vt 0.42329400 0.25532200
vt 0.45900500 0.23670500
vt 0.44861300 0.21961200
vt 0.45900500 0.23670500
vt 0.42329400 0.25532200
vt 0.42958800 0.26906500
vt 0.42958800 0.26906500
vt 0.46724900 0.25496500
vt 0.45900500 0.23670500
vt 0.46724900 0.25496500
vt 0.42958800 0.26906500
vt 0.43417000 0.28349500
vt 0.43417000 0.28349500
vt 0.47321100 0.27415200
vt 0.46724900 0.25496500
vt 0.47321100 0.27415200
vt 0.43417000 0.28349500
vt 0.43695600 0.29841600
vt 0.43695600 0.29841600
vt 0.47677900 0.29401700
vt 0.47321100 0.27415200
vt 0.47677900 0.29401700
vt 0.43695600 0.29841600
vt 0.43787600 0.31362100
vt 0.43787600 0.31362100
vt 0.47786200 0.31430600
vt 0.47677900 0.29401700
vt 0.47786200 0.31430600
vt 0.43787600 0.31362100
vt 0.43686900 0.32888500
vt 0.43686900 0.32888500
vt 0.47639100 0.33476100
vt 0.47786200 0.31430600
vt 0.47639100 0.33476100
vt 0.43686900 0.32888500
vt 0.43387600 0.34394900
vt 0.43387600 0.34394900
vt 0.47230300 0.35511500
vt 0.47639100 0.33476100
vt 0.47230300 0.35511500
vt 0.43387600 0.34394900
vt 0.42883000 0.35850800
vt 0.42883000 0.35850800
vt 0.46553600 0.37508000
vt 0.47230300 0.35511500
vt 0.46553600 0.37508000
vt 0.42883000 0.35850800
vt 0.42167000 0.37212200
vt 0.42167000 0.37212200
vt 0.45621500 0.39427000
vt 0.46553600 0.37508000
vt 0.45621500 0.39427000
vt 0.42167000 0.37212200
vt 0.41210200 0.38417300
vt 0.41210200 0.38417300
vt 0.44403900 0.41210600
vt 0.45621500 0.39427000
vt 0.17878400 0.41002600
vt 0.21069700 0.38209400
vt 0.20115200 0.36998100
vt 0.20115200 0.36998100
vt 0.16660100 0.39215200
vt 0.17878400 0.41002600
vt 0.16660100 0.39215200
vt 0.20115200 0.36998100
vt 0.19393100 0.35642000
vt 0.19393100 0.35642000
vt 0.15717000 0.37300700
vt 0.16660100 0.39215200
vt 0.15717000 0.37300700
vt 0.19393100 0.35642000
vt 0.18888100 0.34193900
vt 0.18888100 0.34193900
vt 0.15044900 0.35307100
vt 0.15717000 0.37300700
vt 0.15044900 0.35307100
vt 0.18888100 0.34193900
vt 0.18591500 0.32693800
vt 0.18591500 0.32693800
vt 0.14641300 0.33271700
vt 0.15044900 0.35307100
vt 0.14641300 0.33271700
vt 0.18591500 0.32693800
vt 0.18496400 0.31173200
vt 0.18496400 0.31173200
vt 0.14501900 0.31226000
vt 0.14641300 0.33271700
vt 0.14501900 0.31226000
vt 0.18496400 0.31173200
vt 0.18596600 0.29658700
vt 0.18596600 0.29658700
vt 0.14621100 0.29198000
vt 0.14501900 0.31226000
vt 0.14621100 0.29198000
vt 0.18596600 0.29658700
vt 0.18885200 0.28173400
vt 0.18885200 0.28173400
vt 0.14991200 0.27214700
vt 0.14621100 0.29198000
vt 0.14991200 0.27214700
vt 0.18885200 0.28173400
vt 0.19354500 0.26738600
vt 0.19354500 0.26738600
vt 0.15602600 0.25301700
vt 0.14991200 0.27214700
vt 0.15602600 0.25301700
vt 0.19354500 0.26738600
vt 0.19995600 0.25374000
vt 0.19995600 0.25374000
vt 0.16443300 0.23484000
vt 0.15602600 0.25301700
vt 0.16443300 0.23484000
vt 0.19995600 0.25374000
vt 0.20797900 0.24098100
vt 0.20797900 0.24098100
vt 0.17499000 0.21785700
vt 0.16443300 0.23484000
vt 0.17499000 0.21785700
vt 0.20797900 0.24098100
vt 0.21748900 0.22928400
vt 0.21748900 0.22928400
vt 0.18752800 0.20229500
vt 0.17499000 0.21785700
vt 0.18752800 0.20229500
vt 0.21748900 0.22928400
vt 0.22834500 0.21881100
vt 0.22834500 0.21881100
vt 0.20184600 0.18836900
vt 0.18752800 0.20229500
vt 0.20184600 0.18836900
vt 0.22834500 0.21881100
vt 0.24039000 0.20971000
vt 0.24039000 0.20971000
vt 0.21774000 0.17627900
vt 0.20184600 0.18836900
vt 0.21774000 0.17627900
vt 0.24039000 0.20971000
vt 0.25345200 0.20210600
vt 0.25345200 0.20210600
vt 0.23498100 0.16618300
vt 0.21774000 0.17627900
vt 0.23498100 0.16618300
vt 0.25345200 0.20210600
vt 0.26734300 0.19610400
vt 0.26734300 0.19610400
vt 0.25331600 0.15821600
vt 0.23498100 0.16618300
vt 0.25331600 0.15821600
vt 0.26734300 0.19610400
vt 0.28186300 0.19178800
vt 0.28186300 0.19178800
vt 0.27248000 0.15248600
vt 0.25331600 0.15821600
vt 0.27248000 0.15248600
vt 0.28186300 0.19178800
vt 0.29680300 0.18921800
vt 0.29680300 0.18921800
vt 0.29219700 0.14907100
vt 0.27248000 0.15248600
vt 0.29219700 0.14907100
vt 0.29680300 0.18921800
vt 0.31195100 0.18843000
vt 0.31195100 0.18843000
vt 0.31218400 0.14801900
vt 0.29219700 0.14907100
vt 0.31195100 0.18843000
vt 0.31169600 0.23334300
vt 0.32144700 0.23399200
vt 0.32144700 0.23399200
vt 0.32708900 0.18943500
vt 0.31195100 0.18843000
vt 0.32708900 0.18943500
vt 0.32144700 0.23399200
vt 0.33105300 0.23577500
vt 0.33105300 0.23577500
vt 0.34200000 0.19221800
vt 0.32708900 0.18943500
vt 0.34200000 0.19221800
vt 0.33105300 0.23577500
vt 0.34037300 0.23866400
vt 0.34037300 0.23866400
vt 0.35647300 0.19674100
vt 0.34200000 0.19221800
vt 0.35647300 0.19674100
vt 0.34037300 0.23866400
vt 0.34927400 0.24261500
vt 0.34927400 0.24261500
vt 0.37030000 0.20294000
vt 0.35647300 0.19674100
vt 0.37030000 0.20294000
vt 0.34927400 0.24261500
vt 0.35762800 0.24756900
vt 0.35762800 0.24756900
vt 0.38328300 0.21072800
vt 0.37030000 0.20294000
vt 0.38328300 0.21072800
vt 0.35762800 0.24756900
vt 0.36531500 0.25344800
vt 0.36531500 0.25344800
vt 0.39523700 0.21999800
vt 0.38328300 0.21072800
vt 0.39523700 0.21999800
vt 0.36531500 0.25344800
vt 0.37222800 0.26016100
vt 0.37222800 0.26016100
vt 0.40599100 0.23062000
vt 0.39523700 0.21999800
vt 0.40599100 0.23062000
vt 0.37222800 0.26016100
vt 0.37827300 0.26760300
vt 0.37827300 0.26760300
vt 0.41538900 0.24244800
vt 0.40599100 0.23062000
vt 0.41538900 0.24244800
vt 0.37827300 0.26760300
vt 0.38337000 0.27565400
vt 0.38337000 0.27565400
vt 0.42329400 0.25532200
vt 0.41538900 0.24244800
vt 0.42329400 0.25532200
vt 0.38337000 0.27565400
vt 0.38745800 0.28418400
vt 0.38745800 0.28418400
vt 0.42958800 0.26906500
vt 0.42329400 0.25532200
vt 0.42958800 0.26906500
vt 0.38745800 0.28418400
vt 0.39049500 0.29305300
vt 0.39049500 0.29305300
vt 0.43417000 0.28349500
vt 0.42958800 0.26906500
vt 0.43417000 0.28349500
vt 0.39049500 0.29305300
vt 0.39245500 0.30210900
vt 0.39245500 0.30210900
vt 0.43695600 0.29841600
vt 0.43417000 0.28349500
vt 0.43695600 0.29841600
vt 0.39245500 0.30210900
vt 0.39333500 0.31119300
vt 0.39333500 0.31119300
vt 0.43787600 0.31362100
vt 0.43695600 0.29841600
vt 0.43787600 0.31362100
vt 0.39333500 0.31119300
vt 0.39314100 0.32013300
vt 0.39314100 0.32013300
vt 0.43686900 0.32888500
vt 0.43787600 0.31362100
vt 0.43686900 0.32888500
vt 0.39314100 0.32013300
vt 0.39188600 0.32873800
vt 0.39188600 0.32873800
vt 0.43387600 0.34394900
vt 0.43686900 0.32888500
vt 0.43387600 0.34394900
vt 0.39188600 0.32873800
vt 0.38957300 0.33678600
vt 0.38957300 0.33678600
vt 0.42883000 0.35850800
vt 0.43387600 0.34394900
vt 0.42883000 0.35850800
vt 0.38957300 0.33678600
vt 0.38614900 0.34402800
vt 0.38614900 0.34402800
vt 0.42167000 0.37212200
vt 0.42883000 0.35850800
vt 0.42167000 0.37212200
vt 0.38614900 0.34402800
vt 0.38131800 0.35025400
vt 0.38131800 0.35025400
vt 0.41210200 0.38417300
vt 0.42167000 0.37212200
vt 0.21069700 0.38209400
vt 0.24245400 0.34869500
vt 0.23725100 0.34260400
vt 0.23725100 0.34260400
vt 0.20115200 0.36998100
vt 0.21069700 0.38209400
vt 0.20115200 0.36998100
vt 0.23725100 0.34260400
vt 0.23348000 0.33529900
vt 0.23348000 0.33529900
vt 0.19393100 0.35642000
vt 0.20115200 0.36998100
vt 0.19393100 0.35642000
vt 0.23348000 0.33529900
vt 0.23097700 0.32718400
vt 0.23097700 0.32718400
vt 0.18888100 0.34193900
vt 0.19393100 0.35642000
vt 0.18888100 0.34193900
vt 0.23097700 0.32718400
vt 0.22965300 0.31854800
vt 0.22965300 0.31854800
vt 0.18591500 0.32693800
vt 0.18888100 0.34193900
vt 0.18591500 0.32693800
vt 0.22965300 0.31854800
vt 0.22946400 0.30961500
vt 0.22946400 0.30961500
vt 0.18496400 0.31173200
vt 0.18591500 0.32693800
vt 0.18496400 0.31173200
vt 0.22946400 0.30961500
vt 0.23039000 0.30057200
vt 0.23039000 0.30057200
vt 0.18596600 0.29658700
vt 0.18496400 0.31173200
vt 0.18596600 0.29658700
vt 0.23039000 0.30057200
vt 0.23241700 0.29158300
vt 0.23241700 0.29158300
vt 0.18885200 0.28173400
vt 0.18596600 0.29658700
vt 0.18885200 0.28173400
vt 0.23241700 0.29158300
vt 0.23552700 0.28280400
vt 0.23552700 0.28280400
vt 0.19354500 0.26738600
vt 0.18885200 0.28173400
vt 0.19354500 0.26738600
vt 0.23552700 0.28280400
vt 0.23968800 0.27437900
vt 0.23968800 0.27437900
vt 0.19995600 0.25374000
vt 0.19354500 0.26738600
vt 0.19995600 0.25374000
vt 0.23968800 0.27437900
vt 0.24485300 0.26644500
vt 0.24485300 0.26644500
vt 0.20797900 0.24098100
vt 0.19995600 0.25374000
vt 0.20797900 0.24098100
vt 0.24485300 0.26644500
vt 0.25095900 0.25912900
vt 0.25095900 0.25912900
vt 0.21748900 0.22928400
vt 0.20797900 0.24098100
vt 0.21748900 0.22928400
vt 0.25095900 0.25912900
vt 0.25792500 0.25254800
vt 0.25792500 0.25254800
vt 0.22834500 0.21881100
vt 0.21748900 0.22928400
vt 0.22834500 0.21881100
vt 0.25792500 0.25254800
vt 0.26565700 0.24680800
vt 0.26565700 0.24680800
vt 0.24039000 0.20971000
vt 0.22834500 0.21881100
vt 0.24039000 0.20971000
vt 0.26565700 0.24680800
vt 0.27404900 0.24199900
vt 0.27404900 0.24199900
vt 0.25345200 0.20210600
vt 0.24039000 0.20971000
vt 0.25345200 0.20210600
vt 0.27404900 0.24199900
vt 0.28298000 0.23819800
vt 0.28298000 0.23819800
vt 0.26734300 0.19610400
vt 0.25345200 0.20210600
vt 0.26734300 0.19610400
vt 0.28298000 0.23819800
vt 0.29232200 0.23546200
vt 0.29232200 0.23546200
vt 0.28186300 0.19178800
vt 0.26734300 0.19610400
vt 0.28186300 0.19178800
vt 0.29232200 0.23546200
vt 0.30194000 0.23383500
vt 0.30194000 0.23383500
vt 0.29680300 0.18921800
vt 0.28186300 0.19178800
vt 0.29680300 0.18921800
vt 0.30194000 0.23383500
vt 0.31169600 0.23334300
vt 0.31169600 0.23334300
vt 0.31195100 0.18843000
vt 0.29680300 0.18921800
vt 0.34959400 0.01137600
vt 0.31301300 0.00895900
vt 0.31291000 0.02570700
vt 0.31291000 0.02570700
vt 0.34749500 0.02799200
vt 0.34959400 0.01137600
vt 0.38562700 0.01813100
vt 0.34959400 0.01137600
vt 0.34749500 0.02799200
vt 0.34749500 0.02799200
vt 0.38156100 0.03437800
vt 0.38562700 0.01813100
vt 0.42060200 0.02913300
vt 0.38562700 0.01813100
vt 0.38156100 0.03437800
vt 0.38156100 0.03437800
vt 0.41462600 0.04477900
vt 0.42060200 0.02913300
vt 0.45402100 0.04423500
vt 0.42060200 0.02913300
vt 0.41462600 0.04477900
vt 0.41462600 0.04477900
vt 0.44621800 0.05905300
vt 0.45402100 0.04423500
vt 0.48540300 0.06323100
vt 0.45402100 0.04423500
vt 0.44621800 0.05905300
vt 0.44621800 0.05905300
vt 0.47588100 0.07700700
vt 0.48540300 0.06323100
vt 0.51429000 0.08586300
vt 0.48540300 0.06323100
vt 0.47588100 0.07700700
vt 0.47588100 0.07700700
vt 0.50318200 0.09839400
vt 0.51429000 0.08586300
vt 0.54025000 0.11181600
vt 0.51429000 0.08586300
vt 0.50318200 0.09839400
vt 0.50318200 0.09839400
vt 0.52771500 0.12291700
vt 0.54025000 0.11181600
vt 0.56289000 0.14072100
vt 0.54025000 0.11181600
vt 0.52771500 0.12291700
vt 0.52771500 0.12291700
vt 0.54910700 0.15022700
vt 0.56289000 0.14072100
vt 0.58185800 0.17215600
vt 0.56289000 0.14072100
vt 0.54910700 0.15022700
vt 0.54910700 0.15022700
vt 0.56702700 0.17992700
vt 0.58185800 0.17215600
vt 0.59685500 0.20565000
vt 0.58185800 0.17215600
vt 0.56702700 0.17992700
vt 0.56702700 0.17992700
vt 0.58119300 0.21157100
vt 0.59685500 0.20565000
vt 0.60764900 0.24067900
vt 0.59685500 0.20565000
vt 0.58119300 0.21157100
vt 0.58119300 0.21157100
vt 0.59138600 0.24467400
vt 0.60764900 0.24067900
vt 0.61409200 0.27667700
vt 0.60764900 0.24067900
vt 0.59138600 0.24467400
vt 0.59138600 0.24467400
vt 0.59746400 0.27870800
vt 0.61409200 0.27667700
vt 0.61614400 0.31304100
vt 0.61409200 0.27667700
vt 0.59746400 0.27870800
vt 0.59746400 0.27870800
vt 0.59938200 0.31312500
vt 0.61614400 0.31304100
vt 0.61391300 0.34915600
vt 0.61614400 0.31304100
vt 0.59938200 0.31312500
vt 0.59938200 0.31312500
vt 0.59722900 0.34737400
vt 0.61391300 0.34915600
vt 0.60770300 0.38443300
vt 0.61391300 0.34915600
vt 0.59722900 0.34737400
vt 0.59722900 0.34737400
vt 0.59126000 0.38095200
vt 0.60770300 0.38443300
vt 0.59809000 0.41839700
vt 0.60770300 0.38443300
vt 0.59126000 0.38095200
vt 0.59126000 0.38095200
vt 0.58196900 0.41349100
vt 0.59809000 0.41839700
vt 0.58602300 0.45085200
vt 0.59809000 0.41839700
vt 0.58196900 0.41349100
vt 0.58196900 0.41349100
vt 0.57017100 0.44491000
vt 0.58602300 0.45085200
vt 0.57284200 0.48220300
vt 0.58602300 0.45085200
vt 0.57017100 0.44491000
vt 0.57017100 0.44491000
vt 0.55711700 0.47559600
vt 0.57284200 0.48220300
vt 0.03640200 0.44827900
vt 0.04940100 0.47970400
vt 0.06516900 0.47319200
vt 0.06516900 0.47319200
vt 0.05229300 0.44242700
vt 0.03640200 0.44827900
vt 0.02448800 0.41576200
vt 0.03640200 0.44827900
vt 0.05229300 0.44242700
vt 0.05229300 0.44242700
vt 0.04063700 0.41094000
vt 0.02448800 0.41576200
vt 0.01501300 0.38173300
vt 0.02448800 0.41576200
vt 0.04063700 0.41094000
vt 0.04063700 0.41094000
vt 0.03147100 0.37833500
vt 0.01501300 0.38173300
vt 0.00894700 0.34638400
vt 0.01501300 0.38173300
vt 0.03147100 0.37833500
vt 0.03147100 0.37833500
vt 0.02563700 0.34468900
vt 0.00894700 0.34638400
vt 0.00688700 0.31019900
vt 0.00894700 0.34638400
vt 0.02563700 0.34468900
vt 0.02563700 0.34468900
vt 0.02364300 0.31037700
vt 0.00688700 0.31019900
vt 0.00914700 0.27377700
vt 0.00688700 0.31019900
vt 0.02364300 0.31037700
vt 0.02364300 0.31037700
vt 0.02575700 0.27591300
vt 0.00914700 0.27377700
vt 0.01583800 0.23775100
vt 0.00914700 0.27377700
vt 0.02575700 0.27591300
vt 0.02575700 0.27591300
vt 0.03206700 0.24186000
vt 0.01583800 0.23775100
vt 0.02691600 0.20273700
vt 0.01583800 0.23775100
vt 0.03206700 0.24186000
vt 0.03206700 0.24186000
vt 0.04252500 0.20878000
vt 0.02691600 0.20273700
vt 0.04222100 0.16931300
vt 0.02691600 0.20273700
vt 0.04252500 0.20878000
vt 0.04252500 0.20878000
vt 0.05698000 0.17720800
vt 0.04222100 0.16931300
vt 0.06150600 0.13800900
vt 0.04222100 0.16931300
vt 0.05698000 0.17720800
vt 0.05698000 0.17720800
vt 0.07519800 0.14764000
vt 0.06150600 0.13800900
vt 0.08445300 0.10930100
vt 0.06150600 0.13800900
vt 0.07519800 0.14764000
vt 0.07519800 0.14764000
vt 0.09688300 0.12052400
vt 0.08445300 0.10930100
vt 0.11066500 0.08352700
vt 0.08445300 0.10930100
vt 0.09688300 0.12052400
vt 0.09688300 0.12052400
vt 0.12163700 0.09616200
vt 0.11066500 0.08352700
vt 0.13985700 0.06117300
vt 0.11066500 0.08352700
vt 0.12163700 0.09616200
vt 0.12163700 0.09616200
vt 0.14922600 0.07504800
vt 0.13985700 0.06117300
vt 0.17150300 0.04251700
vt 0.13985700 0.06117300
vt 0.14922600 0.07504800
vt 0.14922600 0.07504800
vt 0.17913500 0.05742100
vt 0.17150300 0.04251700
vt 0.20513700 0.02780300
vt 0.17150300 0.04251700
vt 0.17913500 0.05742100
vt 0.17913500 0.05742100
vt 0.21092600 0.04351700
vt 0.20513700 0.02780300
vt 0.24027000 0.01722400
vt 0.20513700 0.02780300
vt 0.21092600 0.04351700
vt 0.21092600 0.04351700
vt 0.24413800 0.03351800
vt 0.24027000 0.01722400
vt 0.27639900 0.01091600
vt 0.24027000 0.01722400
vt 0.24413800 0.03351800
vt 0.24413800 0.03351800
vt 0.27829400 0.02755700
vt 0.27639900 0.01091600
vt 0.31301300 0.00895900
vt 0.27639900 0.01091600
vt 0.27829400 0.02755700
vt 0.27829400 0.02755700
vt 0.31291000 0.02570700
vt 0.31301300 0.00895900
vt 0.20481200 0.46682200
vt 0.17697200 0.48093100
vt 0.16241700 0.45603300
vt 0.16241700 0.45603300
vt 0.19333400 0.44036400
vt 0.20481200 0.46682200
vt 0.23413200 0.45612700
vt 0.20481200 0.46682200
vt 0.19333400 0.44036400
vt 0.19333400 0.44036400
vt 0.22589500 0.42848800
vt 0.23413200 0.45612700
vt 0.26451700 0.44900000
vt 0.23413200 0.45612700
vt 0.22589500 0.42848800
vt 0.22589500 0.42848800
vt 0.25964200 0.42057600
vt 0.26451700 0.44900000
vt 0.29553500 0.44554900
vt 0.26451700 0.44900000
vt 0.25964200 0.42057600
vt 0.25964200 0.42057600
vt 0.29409700 0.41674700
vt 0.29553500 0.44554900
vt 0.32674600 0.44583100
vt 0.29553500 0.44554900
vt 0.29409700 0.41674700
vt 0.29409700 0.41674700
vt 0.32876900 0.41706700
vt 0.32674600 0.44583100
vt 0.35769900 0.44985500
vt 0.32674600 0.44583100
vt 0.32876900 0.41706700
vt 0.32876900 0.41706700
vt 0.36315900 0.42154500
vt 0.35769900 0.44985500
vt 0.38794400 0.45757600
vt 0.35769900 0.44985500
vt 0.36315900 0.42154500
vt 0.36315900 0.42154500
vt 0.39676700 0.43013200
vt 0.38794400 0.45757600
vt 0.41703400 0.46889600
vt 0.38794400 0.45757600
vt 0.39676700 0.43013200
vt 0.39676700 0.43013200
vt 0.42909400 0.44271800
vt 0.41703400 0.46889600
vt 0.44453400 0.48366400
vt 0.41703400 0.46889600
vt 0.42909400 0.44271800
vt 0.42909400 0.44271800
vt 0.45965300 0.45913000
vt 0.44453400 0.48366400
vt 0.47002700 0.50167100
vt 0.44453400 0.48366400
vt 0.45965300 0.45913000
vt 0.45965300 0.45913000
vt 0.48797500 0.47912900
vt 0.47002700 0.50167100
vt 0.49312300 0.52265500
vt 0.47002700 0.50167100
vt 0.48797500 0.47912900
vt 0.48797500 0.47912900
vt 0.51362200 0.50240800
vt 0.49312300 0.52265500
vt 0.51347600 0.54630000
vt 0.49312300 0.52265500
vt 0.51362200 0.50240800
vt 0.51362200 0.50240800
vt 0.53620400 0.52858700
vt 0.51347600 0.54630000
vt 0.53080100 0.57223900
vt 0.51347600 0.54630000
vt 0.53620400 0.52858700
vt 0.53620400 0.52858700
vt 0.55540300 0.55721600
vt 0.53080100 0.57223900
vt 0.54490900 0.60006900
vt 0.53080100 0.57223900
vt 0.55540300 0.55721600
vt 0.55540300 0.55721600
vt 0.57101200 0.58777700
vt 0.54490900 0.60006900
vt 0.55575000 0.62937000
vt 0.54490900 0.60006900
vt 0.57101200 0.58777700
vt 0.57101200 0.58777700
vt 0.58299800 0.61970500
vt 0.55575000 0.62937000
vt 0.56348900 0.65974100
vt 0.55575000 0.62937000
vt 0.58299800 0.61970500
vt 0.58299800 0.61970500
vt 0.59159700 0.65243400
vt 0.56348900 0.65974100
vt 0.56863000 0.69084000
vt 0.56348900 0.65974100
vt 0.59159700 0.65243400
vt 0.59159700 0.65243400
vt 0.59746800 0.68547700
vt 0.56863000 0.69084000
vt 0.57216400 0.72239200
vt 0.56863000 0.69084000
vt 0.59746800 0.68547700
vt 0.59746800 0.68547700
vt 0.60188400 0.71853100
vt 0.57216400 0.72239200
vt 0.16940700 0.92477900
vt 0.19529000 0.94317800
vt 0.17746300 0.96729800
vt 0.17746300 0.96729800
vt 0.15070000 0.94739700
vt 0.16940700 0.92477900
vt 0.14465400 0.90522600
vt 0.16940700 0.92477900
vt 0.15070000 0.94739700
vt 0.15070000 0.94739700
vt 0.12461800 0.92625500
vt 0.14465400 0.90522600
vt 0.12177600 0.88374700
vt 0.14465400 0.90522600
vt 0.12461800 0.92625500
vt 0.12461800 0.92625500
vt 0.10010900 0.90287900
vt 0.12177600 0.88374700
vt 0.10133700 0.86005700
vt 0.12177600 0.88374700
vt 0.10010900 0.90287900
vt 0.10010900 0.90287900
vt 0.07793500 0.87691100
vt 0.10133700 0.86005700
vt 0.08378600 0.83420100
vt 0.10133700 0.86005700
vt 0.07793500 0.87691100
vt 0.07793500 0.87691100
vt 0.05872400 0.84841100
vt 0.08378600 0.83420100
vt 0.06947800 0.80643000
vt 0.08378600 0.83420100
vt 0.05872400 0.84841100
vt 0.05872400 0.84841100
vt 0.04297000 0.81768500
vt 0.06947800 0.80643000
vt 0.05868000 0.77711300
vt 0.06947800 0.80643000
vt 0.04297000 0.81768500
vt 0.04297000 0.81768500
vt 0.03103500 0.78517300
vt 0.05868000 0.77711300
vt 0.05157800 0.74668600
vt 0.05868000 0.77711300
vt 0.03103500 0.78517300
vt 0.03103500 0.78517300
vt 0.02316500 0.75138400
vt 0.05157800 0.74668600
vt 0.04827900 0.71561200
vt 0.05157800 0.74668600
vt 0.02316500 0.75138400
vt 0.02316500 0.75138400
vt 0.01950200 0.71685500
vt 0.04827900 0.71561200
vt 0.04881900 0.68436800
vt 0.04827900 0.71561200
vt 0.01950200 0.71685500
vt 0.01950200 0.71685500
vt 0.02009800 0.68212900
vt 0.04881900 0.68436800
vt 0.05317400 0.65341500
vt 0.04881900 0.68436800
vt 0.02009800 0.68212900
vt 0.02009800 0.68212900
vt 0.02492600 0.64774700
vt 0.05317400 0.65341500
vt 0.06117000 0.62321100
vt 0.05317400 0.65341500
vt 0.02492600 0.64774700
vt 0.02492600 0.64774700
vt 0.03379900 0.61416700
vt 0.06117000 0.62321100
vt 0.07283700 0.59424200
vt 0.06117000 0.62321100
vt 0.03379900 0.61416700
vt 0.03379900 0.61416700
vt 0.04676600 0.58193800
vt 0.07283700 0.59424200
vt 0.08790800 0.56688200
vt 0.07283700 0.59424200
vt 0.04676600 0.58193800
vt 0.04676600 0.58193800
vt 0.06350800 0.55152400
vt 0.08790800 0.56688200
vt 0.10614800 0.54153200
vt 0.08790800 0.56688200
vt 0.06350800 0.55152400
vt 0.06350800 0.55152400
vt 0.08376700 0.52335300
vt 0.10614800 0.54153200
vt 0.12728400 0.51854900
vt 0.10614800 0.54153200
vt 0.08376700 0.52335300
vt 0.08376700 0.52335300
vt 0.10723900 0.49781800
vt 0.12728400 0.51854900
vt 0.15100600 0.49825400
vt 0.12728400 0.51854900
vt 0.10723900 0.49781800
vt 0.10723900 0.49781800
vt 0.13358200 0.47527400
vt 0.15100600 0.49825400
vt 0.17697200 0.48093100
vt 0.15100600 0.49825400
vt 0.13358200 0.47527400
vt 0.13358200 0.47527400
vt 0.16241700 0.45603300
vt 0.17697200 0.48093100
vt 0.21603300 0.49268800
vt 0.19120300 0.50527000
vt 0.17697200 0.48093100
vt 0.17697200 0.48093100
vt 0.20481200 0.46682200
vt 0.21603300 0.49268800
vt 0.24218100 0.48314800
vt 0.21603300 0.49268800
vt 0.20481200 0.46682200
vt 0.20481200 0.46682200
vt 0.23413200 0.45612700
vt 0.24218100 0.48314800
vt 0.26927700 0.47678800
vt 0.24218100 0.48314800
vt 0.23413200 0.45612700
vt 0.23413200 0.45612700
vt 0.26451700 0.44900000
vt 0.26927700 0.47678800
vt 0.29693500 0.47370300
vt 0.26927700 0.47678800
vt 0.26451700 0.44900000
vt 0.26451700 0.44900000
vt 0.29553500 0.44554900
vt 0.29693500 0.47370300
vt 0.32476200 0.47394600
vt 0.29693500 0.47370300
vt 0.29553500 0.44554900
vt 0.29553500 0.44554900
vt 0.32674600 0.44583100
vt 0.32476200 0.47394600
vt 0.35235800 0.47752200
vt 0.32476200 0.47394600
vt 0.32674600 0.44583100
vt 0.32674600 0.44583100
vt 0.35769900 0.44985500
vt 0.35235800 0.47752200
vt 0.37932200 0.48439400
vt 0.35235800 0.47752200
vt 0.35769900 0.44985500
vt 0.35769900 0.44985500
vt 0.38794400 0.45757600
vt 0.37932200 0.48439400
vt 0.40526100 0.49447500
vt 0.37932200 0.48439400
vt 0.38794400 0.45757600
vt 0.38794400 0.45757600
vt 0.41703400 0.46889600
vt 0.40526100 0.49447500
vt 0.42978700 0.50763500
vt 0.40526100 0.49447500
vt 0.41703400 0.46889600
vt 0.41703400 0.46889600
vt 0.44453400 0.48366400
vt 0.42978700 0.50763500
vt 0.45253600 0.52369700
vt 0.42978700 0.50763500
vt 0.44453400 0.48366400
vt 0.44453400 0.48366400
vt 0.47002700 0.50167100
vt 0.45253600 0.52369700
vt 0.47316400 0.54244300
vt 0.45253600 0.52369700
vt 0.47002700 0.50167100
vt 0.47002700 0.50167100
vt 0.49312300 0.52265500
vt 0.47316400 0.54244300
vt 0.49136600 0.56361600
vt 0.47316400 0.54244300
vt 0.49312300 0.52265500
vt 0.49312300 0.52265500
vt 0.51347600 0.54630000
vt 0.49136600 0.56361600
vt 0.50688300 0.58692500
vt 0.49136600 0.56361600
vt 0.51347600 0.54630000
vt 0.51347600 0.54630000
vt 0.53080100 0.57223900
vt 0.50688300 0.58692500
vt 0.51952800 0.61205900
vt 0.50688300 0.58692500
vt 0.53080100 0.57223900
vt 0.53080100 0.57223900
vt 0.54490900 0.60006900
vt 0.51952800 0.61205900
vt 0.52921100 0.63870200
vt 0.51952800 0.61205900
vt 0.54490900 0.60006900
vt 0.54490900 0.60006900
vt 0.55575000 0.62937000
vt 0.52921100 0.63870200
vt 0.53598300 0.66655200
vt 0.52921100 0.63870200
vt 0.55575000 0.62937000
vt 0.55575000 0.62937000
vt 0.56348900 0.65974100
vt 0.53598300 0.66655200
vt 0.54012000 0.69534700
vt 0.53598300 0.66655200
vt 0.56348900 0.65974100
vt 0.56348900 0.65974100
vt 0.56863000 0.69084000
vt 0.54012000 0.69534700
vt 0.54209300 0.72483300
vt 0.54012000 0.69534700
vt 0.56863000 0.69084000
vt 0.56863000 0.69084000
vt 0.57216400 0.72239200
vt 0.54209300 0.72483300
vt 0.18723300 0.90202300
vt 0.21208000 0.91802900
vt 0.19529000 0.94317800
vt 0.19529000 0.94317800
vt 0.16940700 0.92477900
vt 0.18723300 0.90202300
vt 0.16397300 0.88449700
vt 0.18723300 0.90202300
vt 0.16940700 0.92477900
vt 0.16940700 0.92477900
vt 0.14465400 0.90522600
vt 0.16397300 0.88449700
vt 0.14280700 0.86508800
vt 0.16397300 0.88449700
vt 0.14465400 0.90522600
vt 0.14465400 0.90522600
vt 0.12177600 0.88374700
vt 0.14280700 0.86508800
vt 0.12411900 0.84370100
vt 0.14280700 0.86508800
vt 0.12177600 0.88374700
vt 0.12177600 0.88374700
vt 0.10133700 0.86005700
vt 0.12411900 0.84370100
vt 0.10821300 0.82043600
vt 0.12411900 0.84370100
vt 0.10133700 0.86005700
vt 0.10133700 0.86005700
vt 0.08378600 0.83420100
vt 0.10821300 0.82043600
vt 0.09532900 0.79553000
vt 0.10821300 0.82043600
vt 0.08378600 0.83420100
vt 0.08378600 0.83420100
vt 0.06947800 0.80643000
vt 0.09532900 0.79553000
vt 0.08565200 0.76930500
vt 0.09532900 0.79553000
vt 0.06947800 0.80643000
vt 0.06947800 0.80643000
vt 0.05868000 0.77711300
vt 0.08565200 0.76930500
vt 0.07930900 0.74213500
vt 0.08565200 0.76930500
vt 0.05868000 0.77711300
vt 0.05868000 0.77711300
vt 0.05157800 0.74668600
vt 0.07930900 0.74213500
vt 0.07637500 0.71441900
vt 0.07930900 0.74213500
vt 0.05157800 0.74668600
vt 0.05157800 0.74668600
vt 0.04827900 0.71561200
vt 0.07637500 0.71441900
vt 0.07687000 0.68657000
vt 0.07637500 0.71441900
vt 0.04827900 0.71561200
vt 0.04827900 0.71561200
vt 0.04881900 0.68436800
vt 0.07687000 0.68657000
vt 0.08076200 0.65901100
vt 0.07687000 0.68657000
vt 0.04881900 0.68436800
vt 0.04881900 0.68436800
vt 0.05317400 0.65341500
vt 0.08076200 0.65901100
vt 0.08789900 0.63209900
vt 0.08076200 0.65901100
vt 0.05317400 0.65341500
vt 0.05317400 0.65341500
vt 0.06117000 0.62321100
vt 0.08789900 0.63209900
vt 0.09831700 0.60626600
vt 0.08789900 0.63209900
vt 0.06117000 0.62321100
vt 0.06117000 0.62321100
vt 0.07283700 0.59424200
vt 0.09831700 0.60626600
vt 0.11176400 0.58188500
vt 0.09831700 0.60626600
vt 0.07283700 0.59424200
vt 0.07283700 0.59424200
vt 0.08790800 0.56688200
vt 0.11176400 0.58188500
vt 0.12803400 0.55929400
vt 0.11176400 0.58188500
vt 0.08790800 0.56688200
vt 0.08790800 0.56688200
vt 0.10614800 0.54153200
vt 0.12803400 0.55929400
vt 0.14688600 0.53880800
vt 0.12803400 0.55929400
vt 0.10614800 0.54153200
vt 0.10614800 0.54153200
vt 0.12728400 0.51854900
vt 0.14688600 0.53880800
vt 0.16804400 0.52071600
vt 0.14688600 0.53880800
vt 0.12728400 0.51854900
vt 0.12728400 0.51854900
vt 0.15100600 0.49825400
vt 0.16804400 0.52071600
vt 0.19120300 0.50527000
vt 0.16804400 0.52071600
vt 0.15100600 0.49825400
vt 0.15100600 0.49825400
vt 0.17697200 0.48093100
vt 0.19120300 0.50527000
vt 0.22812500 0.52056000
vt 0.20654000 0.53149600
vt 0.19120300 0.50527000
vt 0.19120300 0.50527000
vt 0.21603300 0.49268800
vt 0.22812500 0.52056000
vt 0.25085400 0.51226500
vt 0.22812500 0.52056000
vt 0.21603300 0.49268800
vt 0.21603300 0.49268800
vt 0.24218100 0.48314800
vt 0.25085400 0.51226500
vt 0.27440400 0.50673000
vt 0.25085400 0.51226500
vt 0.24218100 0.48314800
vt 0.24218100 0.48314800
vt 0.26927700 0.47678800
vt 0.27440400 0.50673000
vt 0.29844200 0.50404000
vt 0.27440400 0.50673000
vt 0.26927700 0.47678800
vt 0.26927700 0.47678800
vt 0.29693500 0.47370300
vt 0.29844200 0.50404000
vt 0.32262400 0.50423800
vt 0.29844200 0.50404000
vt 0.29693500 0.47370300
vt 0.29693500 0.47370300
vt 0.32476200 0.47394600
vt 0.32262400 0.50423800
vt 0.34660500 0.50732900
vt 0.32262400 0.50423800
vt 0.32476200 0.47394600
vt 0.32476200 0.47394600
vt 0.35235800 0.47752200
vt 0.34660500 0.50732900
vt 0.37003900 0.51328100
vt 0.34660500 0.50732900
vt 0.35235800 0.47752200
vt 0.35235800 0.47752200
vt 0.37932200 0.48439400
vt 0.37003900 0.51328100
vt 0.39258600 0.52202200
vt 0.37003900 0.51328100
vt 0.37932200 0.48439400
vt 0.37932200 0.48439400
vt 0.40526100 0.49447500
vt 0.39258600 0.52202200
vt 0.41391700 0.53344100
vt 0.39258600 0.52202200
vt 0.40526100 0.49447500
vt 0.40526100 0.49447500
vt 0.42978700 0.50763500
vt 0.41391700 0.53344100
vt 0.43371700 0.54739400
vt 0.41391700 0.53344100
vt 0.42978700 0.50763500
vt 0.42978700 0.50763500
vt 0.45253600 0.52369700
vt 0.43371700 0.54739400
vt 0.45169400 0.56370500
vt 0.43371700 0.54739400
vt 0.45253600 0.52369700
vt 0.45253600 0.52369700
vt 0.47316400 0.54244300
vt 0.45169400 0.56370500
vt 0.46758100 0.58217000
vt 0.45169400 0.56370500
vt 0.47316400 0.54244300
vt 0.47316400 0.54244300
vt 0.49136600 0.56361600
vt 0.46758100 0.58217000
vt 0.48114500 0.60256400
vt 0.46758100 0.58217000
vt 0.49136600 0.56361600
vt 0.49136600 0.56361600
vt 0.50688300 0.58692500
vt 0.48114500 0.60256400
vt 0.49219100 0.62464700
vt 0.48114500 0.60256400
vt 0.50688300 0.58692500
vt 0.50688300 0.58692500
vt 0.51952800 0.61205900
vt 0.49219100 0.62464700
vt 0.50057200 0.64816600
vt 0.49219100 0.62464700
vt 0.51952800 0.61205900
vt 0.51952800 0.61205900
vt 0.52921100 0.63870200
vt 0.50057200 0.64816600
vt 0.50619100 0.67283900
vt 0.50057200 0.64816600
vt 0.52921100 0.63870200
vt 0.52921100 0.63870200
vt 0.53598300 0.66655200
vt 0.50619100 0.67283900
vt 0.50920000 0.69849600
vt 0.50619100 0.67283900
vt 0.53598300 0.66655200
vt 0.53598300 0.66655200
vt 0.54012000 0.69534700
vt 0.50920000 0.69849600
vt 0.50934700 0.72484500
vt 0.50920000 0.69849600
vt 0.54012000 0.69534700
vt 0.54012000 0.69534700
vt 0.54209300 0.72483300
vt 0.50934700 0.72484500
vt 0.20506700 0.87646100
vt 0.22804100 0.88927600
vt 0.21208000 0.91802900
vt 0.21208000 0.91802900
vt 0.18723300 0.90202300
vt 0.20506700 0.87646100
vt 0.18393200 0.86155400
vt 0.20506700 0.87646100
vt 0.18723300 0.90202300
vt 0.18723300 0.90202300
vt 0.16397300 0.88449700
vt 0.18393200 0.86155400
vt 0.16494500 0.84466000
vt 0.18393200 0.86155400
vt 0.16397300 0.88449700
vt 0.16397300 0.88449700
vt 0.14280700 0.86508800
vt 0.16494500 0.84466000
vt 0.14835100 0.82592200
vt 0.16494500 0.84466000
vt 0.14280700 0.86508800
vt 0.14280700 0.86508800
vt 0.12411900 0.84370100
vt 0.14835100 0.82592200
vt 0.13434100 0.80554200
vt 0.14835100 0.82592200
vt 0.12411900 0.84370100
vt 0.12411900 0.84370100
vt 0.10821300 0.82043600
vt 0.13434100 0.80554200
vt 0.12306400 0.78376800
vt 0.13434100 0.80554200
vt 0.10821300 0.82043600
vt 0.10821300 0.82043600
vt 0.09532900 0.79553000
vt 0.12306400 0.78376800
vt 0.11463600 0.76089400
vt 0.12306400 0.78376800
vt 0.09532900 0.79553000
vt 0.09532900 0.79553000
vt 0.08565200 0.76930500
vt 0.11463600 0.76089400
vt 0.10913800 0.73723800
vt 0.11463600 0.76089400
vt 0.08565200 0.76930500
vt 0.08565200 0.76930500
vt 0.07930900 0.74213500
vt 0.10913800 0.73723800
vt 0.10661300 0.71313500
vt 0.10913800 0.73723800
vt 0.07930900 0.74213500
vt 0.07930900 0.74213500
vt 0.07637500 0.71441900
vt 0.10661300 0.71313500
vt 0.10707200 0.68893000
vt 0.10661300 0.71313500
vt 0.07637500 0.71441900
vt 0.07637500 0.71441900
vt 0.07687000 0.68657000
vt 0.10707200 0.68893000
vt 0.11048700 0.66496100
vt 0.10707200 0.68893000
vt 0.07687000 0.68657000
vt 0.07687000 0.68657000
vt 0.08076200 0.65901100
vt 0.11048700 0.66496100
vt 0.11672300 0.64159900
vt 0.11048700 0.66496100
vt 0.08076200 0.65901100
vt 0.08076200 0.65901100
vt 0.08789900 0.63209900
vt 0.11672300 0.64159900
vt 0.12578100 0.61920500
vt 0.11672300 0.64159900
vt 0.08789900 0.63209900
vt 0.08789900 0.63209900
vt 0.09831700 0.60626600
vt 0.12578100 0.61920500
vt 0.13747400 0.59804500
vt 0.12578100 0.61920500
vt 0.09831700 0.60626600
vt 0.09831700 0.60626600
vt 0.11176400 0.58188500
vt 0.13747400 0.59804500
vt 0.15162000 0.57842900
vt 0.13747400 0.59804500
vt 0.11176400 0.58188500
vt 0.11176400 0.58188500
vt 0.12803400 0.55929400
vt 0.15162000 0.57842900
vt 0.16801100 0.56063600
vt 0.15162000 0.57842900
vt 0.12803400 0.55929400
vt 0.12803400 0.55929400
vt 0.14688600 0.53880800
vt 0.16801100 0.56063600
vt 0.18640600 0.54491800
vt 0.16801100 0.56063600
vt 0.14688600 0.53880800
vt 0.14688600 0.53880800
vt 0.16804400 0.52071600
vt 0.18640600 0.54491800
vt 0.20654000 0.53149600
vt 0.18640600 0.54491800
vt 0.16804400 0.52071600
vt 0.16804400 0.52071600
vt 0.19120300 0.50527000
vt 0.20654000 0.53149600
vt 0.24201400 0.55257500
vt 0.22415700 0.56162100
vt 0.20654000 0.53149600
vt 0.20654000 0.53149600
vt 0.22812500 0.52056000
vt 0.24201400 0.55257500
vt 0.26081400 0.54571000
vt 0.24201400 0.55257500
vt 0.22812500 0.52056000
vt 0.22812500 0.52056000
vt 0.25085400 0.51226500
vt 0.26081400 0.54571000
vt 0.28029200 0.54112300
vt 0.26081400 0.54571000
vt 0.25085400 0.51226500
vt 0.25085400 0.51226500
vt 0.27440400 0.50673000
vt 0.28029200 0.54112300
vt 0.30017000 0.53888400
vt 0.28029200 0.54112300
vt 0.27440400 0.50673000
vt 0.27440400 0.50673000
vt 0.29844200 0.50404000
vt 0.30017000 0.53888400
vt 0.32016600 0.53902900
vt 0.30017000 0.53888400
vt 0.29844200 0.50404000
vt 0.29844200 0.50404000
vt 0.32262400 0.50423800
vt 0.32016600 0.53902900
vt 0.33999500 0.54156100
vt 0.32016600 0.53902900
vt 0.32262400 0.50423800
vt 0.32262400 0.50423800
vt 0.34660500 0.50732900
vt 0.33999500 0.54156100
vt 0.35937300 0.54645300
vt 0.33999500 0.54156100
vt 0.34660500 0.50732900
vt 0.34660500 0.50732900
vt 0.37003900 0.51328100
vt 0.35937300 0.54645300
vt 0.37802300 0.55364600
vt 0.35937300 0.54645300
vt 0.37003900 0.51328100
vt 0.37003900 0.51328100
vt 0.39258600 0.52202200
vt 0.37802300 0.55364600
vt 0.39567800 0.56305200
vt 0.37802300 0.55364600
vt 0.39258600 0.52202200
vt 0.39258600 0.52202200
vt 0.41391700 0.53344100
vt 0.39567800 0.56305200
vt 0.41208100 0.57455600
vt 0.39567800 0.56305200
vt 0.41391700 0.53344100
vt 0.41391700 0.53344100
vt 0.43371700 0.54739400
vt 0.41208100 0.57455600
vt 0.42699300 0.58802200
vt 0.41208100 0.57455600
vt 0.43371700 0.54739400
vt 0.43371700 0.54739400
vt 0.45169400 0.56370500
vt 0.42699300 0.58802200
vt 0.44019100 0.60329200
vt 0.42699300 0.58802200
vt 0.45169400 0.56370500
vt 0.45169400 0.56370500
vt 0.46758100 0.58217000
vt 0.44019100 0.60329200
vt 0.45146800 0.62019300
vt 0.44019100 0.60329200
vt 0.46758100 0.58217000
vt 0.46758100 0.58217000
vt 0.48114500 0.60256400
vt 0.45146800 0.62019300
vt 0.46063100 0.63853900
vt 0.45146800 0.62019300
vt 0.48114500 0.60256400
vt 0.48114500 0.60256400
vt 0.49219100 0.62464700
vt 0.46063100 0.63853900
vt 0.46749300 0.65813300
vt 0.46063100 0.63853900
vt 0.49219100 0.62464700
vt 0.49219100 0.62464700
vt 0.50057200 0.64816600
vt 0.46749300 0.65813300
vt 0.47185200 0.67875800
vt 0.46749300 0.65813300
vt 0.50057200 0.64816600
vt 0.50057200 0.64816600
vt 0.50619100 0.67283900
vt 0.47185200 0.67875800
vt 0.47361700 0.70001900
vt 0.47185200 0.67875800
vt 0.50619100 0.67283900
vt 0.50619100 0.67283900
vt 0.50920000 0.69849600
vt 0.47361700 0.70001900
vt 0.47223700 0.72157000
vt 0.47361700 0.70001900
vt 0.50920000 0.69849600
vt 0.50920000 0.69849600
vt 0.50934700 0.72484500
vt 0.47223700 0.72157000
vt 0.22339900 0.84586500
vt 0.24299300 0.85502900
vt 0.22804100 0.88927600
vt 0.22804100 0.88927600
vt 0.20506700 0.87646100
vt 0.22339900 0.84586500
vt 0.20552400 0.83420500
vt 0.22339900 0.84586500
vt 0.20506700 0.87646100
vt 0.20506700 0.87646100
vt 0.18393200 0.86155400
vt 0.20552400 0.83420500
vt 0.18957800 0.82048200
vt 0.20552400 0.83420500
vt 0.18393200 0.86155400
vt 0.18393200 0.86155400
vt 0.16494500 0.84466000
vt 0.18957800 0.82048200
vt 0.17572700 0.80503000
vt 0.18957800 0.82048200
vt 0.16494500 0.84466000
vt 0.16494500 0.84466000
vt 0.14835100 0.82592200
vt 0.17572700 0.80503000
vt 0.16409700 0.78814200
vt 0.17572700 0.80503000
vt 0.14835100 0.82592200
vt 0.14835100 0.82592200
vt 0.13434100 0.80554200
vt 0.16409700 0.78814200
vt 0.15478300 0.77008900
vt 0.16409700 0.78814200
vt 0.13434100 0.80554200
vt 0.13434100 0.80554200
vt 0.12306400 0.78376800
vt 0.15478300 0.77008900
vt 0.14785400 0.75114100
vt 0.15478300 0.77008900
vt 0.12306400 0.78376800
vt 0.12306400 0.78376800
vt 0.11463600 0.76089400
vt 0.14785400 0.75114100
vt 0.14335900 0.73156700
vt 0.14785400 0.75114100
vt 0.11463600 0.76089400
vt 0.11463600 0.76089400
vt 0.10913800 0.73723800
vt 0.14335900 0.73156700
vt 0.14132300 0.71164400
vt 0.14335900 0.73156700
vt 0.10913800 0.73723800
vt 0.10913800 0.73723800
vt 0.10661300 0.71313500
vt 0.14132300 0.71164400
vt 0.14174600 0.69165100
vt 0.14132300 0.71164400
vt 0.10661300 0.71313500
vt 0.10661300 0.71313500
vt 0.10707200 0.68893000
vt 0.14174600 0.69165100
vt 0.14459700 0.67187100
vt 0.14174600 0.69165100
vt 0.10707200 0.68893000
vt 0.10707200 0.68893000
vt 0.11048700 0.66496100
vt 0.14459700 0.67187100
vt 0.14981300 0.65259100
vt 0.14459700 0.67187100
vt 0.11048700 0.66496100
vt 0.11048700 0.66496100
vt 0.11672300 0.64159900
vt 0.14981300 0.65259100
vt 0.15732100 0.63408700
vt 0.14981300 0.65259100
vt 0.11672300 0.64159900
vt 0.11672300 0.64159900
vt 0.12578100 0.61920500
vt 0.15732100 0.63408700
vt 0.16700500 0.61661100
vt 0.15732100 0.63408700
vt 0.12578100 0.61920500
vt 0.12578100 0.61920500
vt 0.13747400 0.59804500
vt 0.16700500 0.61661100
vt 0.17871500 0.60040800
vt 0.16700500 0.61661100
vt 0.13747400 0.59804500
vt 0.13747400 0.59804500
vt 0.15162000 0.57842900
vt 0.17871500 0.60040800
vt 0.19227900 0.58570800
vt 0.17871500 0.60040800
vt 0.15162000 0.57842900
vt 0.15162000 0.57842900
vt 0.16801100 0.56063600
vt 0.19227900 0.58570800
vt 0.20750000 0.57271700
vt 0.19227900 0.58570800
vt 0.16801100 0.56063600
vt 0.16801100 0.56063600
vt 0.18640600 0.54491800
vt 0.20750000 0.57271700
vt 0.22415700 0.56162100
vt 0.20750000 0.57271700
vt 0.18640600 0.54491800
vt 0.18640600 0.54491800
vt 0.20654000 0.53149600
vt 0.22415700 0.56162100
vt 0.25809600 0.58964900
vt 0.24456100 0.59650300
vt 0.22415700 0.56162100
vt 0.22415700 0.56162100
vt 0.24201400 0.55257500
vt 0.25809600 0.58964900
vt 0.27234300 0.58444000
vt 0.25809600 0.58964900
vt 0.24201400 0.55257500
vt 0.24201400 0.55257500
vt 0.26081400 0.54571000
vt 0.27234300 0.58444000
vt 0.28709900 0.58095200
vt 0.27234300 0.58444000
vt 0.26081400 0.54571000
vt 0.26081400 0.54571000
vt 0.28029200 0.54112300
vt 0.28709900 0.58095200
vt 0.30215400 0.57923400
vt 0.28709900 0.58095200
vt 0.28029200 0.54112300
vt 0.28029200 0.54112300
vt 0.30017000 0.53888400
vt 0.30215400 0.57923400
vt 0.31729400 0.57931400
vt 0.30215400 0.57923400
vt 0.30017000 0.53888400
vt 0.30017000 0.53888400
vt 0.32016600 0.53902900
vt 0.31729400 0.57931400
vt 0.33230400 0.58119300
vt 0.31729400 0.57931400
vt 0.32016600 0.53902900
vt 0.32016600 0.53902900
vt 0.33999500 0.54156100
vt 0.33230400 0.58119300
vt 0.34697100 0.58484800
vt 0.33230400 0.58119300
vt 0.33999500 0.54156100
vt 0.33999500 0.54156100
vt 0.35937300 0.54645300
vt 0.34697100 0.58484800
vt 0.36108600 0.59023100
vt 0.34697100 0.58484800
vt 0.35937300 0.54645300
vt 0.35937300 0.54645300
vt 0.37802300 0.55364600
vt 0.36108600 0.59023100
vt 0.37445000 0.59727500
vt 0.36108600 0.59023100
vt 0.37802300 0.55364600
vt 0.37802300 0.55364600
vt 0.39567800 0.56305200
vt 0.37445000 0.59727500
vt 0.38687200 0.60588900
vt 0.37445000 0.59727500
vt 0.39567800 0.56305200
vt 0.39567800 0.56305200
vt 0.41208100 0.57455600
vt 0.38687200 0.60588900
vt 0.39817100 0.61596600
vt 0.38687200 0.60588900
vt 0.41208100 0.57455600
vt 0.41208100 0.57455600
vt 0.42699300 0.58802200
vt 0.39817100 0.61596600
vt 0.40817600 0.62738100
vt 0.39817100 0.61596600
vt 0.42699300 0.58802200
vt 0.42699300 0.58802200
vt 0.44019100 0.60329200
vt 0.40817600 0.62738100
vt 0.41672000 0.63999200
vt 0.40817600 0.62738100
vt 0.44019100 0.60329200
vt 0.44019100 0.60329200
vt 0.45146800 0.62019300
vt 0.41672000 0.63999200
vt 0.42363700 0.65363600
vt 0.41672000 0.63999200
vt 0.45146800 0.62019300
vt 0.45146800 0.62019300
vt 0.46063100 0.63853900
vt 0.42363700 0.65363600
vt 0.42874300 0.66812000
vt 0.42363700 0.65363600
vt 0.46063100 0.63853900
vt 0.46063100 0.63853900
vt 0.46749300 0.65813300
vt 0.42874300 0.66812000
vt 0.43182600 0.68321700
vt 0.42874300 0.66812000
vt 0.46749300 0.65813300
vt 0.46749300 0.65813300
vt 0.47185200 0.67875800
vt 0.43182600 0.68321700
vt 0.43260800 0.69858000
vt 0.43182600 0.68321700
vt 0.47185200 0.67875800
vt 0.47185200 0.67875800
vt 0.47361700 0.70001900
vt 0.43260800 0.69858000
vt 0.43052100 0.71382500
vt 0.43260800 0.69858000
vt 0.47361700 0.70001900
vt 0.47361700 0.70001900
vt 0.47223700 0.72157000
vt 0.43052100 0.71382500
vt 0.24181700 0.80917600
vt 0.25620300 0.81472900
vt 0.24299300 0.85502900
vt 0.24299300 0.85502900
vt 0.22339900 0.84586500
vt 0.24181700 0.80917600
vt 0.22869000 0.80119100
vt 0.24181700 0.80917600
vt 0.22339900 0.84586500
vt 0.22339900 0.84586500
vt 0.20552400 0.83420500
vt 0.22869000 0.80119100
vt 0.21696300 0.79131000
vt 0.22869000 0.80119100
vt 0.20552400 0.83420500
vt 0.20552400 0.83420500
vt 0.18957800 0.82048200
vt 0.21696300 0.79131000
vt 0.20676200 0.77991700
vt 0.21696300 0.79131000
vt 0.18957800 0.82048200
vt 0.18957800 0.82048200
vt 0.17572700 0.80503000
vt 0.20676200 0.77991700
vt 0.19819100 0.76732100
vt 0.20676200 0.77991700
vt 0.17572700 0.80503000
vt 0.17572700 0.80503000
vt 0.16409700 0.78814200
vt 0.19819100 0.76732100
vt 0.19133000 0.75378200
vt 0.19819100 0.76732100
vt 0.16409700 0.78814200
vt 0.16409700 0.78814200
vt 0.15478300 0.77008900
vt 0.19133000 0.75378200
vt 0.18624000 0.73953400
vt 0.19133000 0.75378200
vt 0.15478300 0.77008900
vt 0.15478300 0.77008900
vt 0.14785400 0.75114100
vt 0.18624000 0.73953400
vt 0.18296100 0.72479800
vt 0.18624000 0.73953400
vt 0.14785400 0.75114100
vt 0.14785400 0.75114100
vt 0.14335900 0.73156700
vt 0.18296100 0.72479800
vt 0.18151800 0.70979000
vt 0.18296100 0.72479800
vt 0.14335900 0.73156700
vt 0.14335900 0.73156700
vt 0.14132300 0.71164400
vt 0.18151800 0.70979000
vt 0.18191500 0.69472300
vt 0.18151800 0.70979000
vt 0.14132300 0.71164400
vt 0.14132300 0.71164400
vt 0.14174600 0.69165100
vt 0.18191500 0.69472300
vt 0.18413100 0.67981200
vt 0.18191500 0.69472300
vt 0.14174600 0.69165100
vt 0.14174600 0.69165100
vt 0.14459700 0.67187100
vt 0.18413100 0.67981200
vt 0.18813100 0.66526700
vt 0.18413100 0.67981200
vt 0.14459700 0.67187100
vt 0.14459700 0.67187100
vt 0.14981300 0.65259100
vt 0.18813100 0.66526700
vt 0.19385200 0.65129700
vt 0.18813100 0.66526700
vt 0.14981300 0.65259100
vt 0.14981300 0.65259100
vt 0.15732100 0.63408700
vt 0.19385200 0.65129700
vt 0.20121100 0.63809500
vt 0.19385200 0.65129700
vt 0.15732100 0.63408700
vt 0.15732100 0.63408700
vt 0.16700500 0.61661100
vt 0.20121100 0.63809500
vt 0.21010000 0.62585000
vt 0.20121100 0.63809500
vt 0.16700500 0.61661100
vt 0.16700500 0.61661100
vt 0.17871500 0.60040800
vt 0.21010000 0.62585000
vt 0.22039000 0.61473400
vt 0.21010000 0.62585000
vt 0.17871500 0.60040800
vt 0.17871500 0.60040800
vt 0.19227900 0.58570800
vt 0.22039000 0.61473400
vt 0.23193200 0.60490500
vt 0.22039000 0.61473400
vt 0.19227900 0.58570800
vt 0.19227900 0.58570800
vt 0.20750000 0.57271700
vt 0.23193200 0.60490500
vt 0.24456100 0.59650300
vt 0.23193200 0.60490500
vt 0.20750000 0.57271700
vt 0.20750000 0.57271700
vt 0.22415700 0.56162100
vt 0.24456100 0.59650300
vt 0.27596200 0.63085600
vt 0.26724200 0.63526900
vt 0.24456100 0.59650300
vt 0.24456100 0.59650300
vt 0.25809600 0.58964900
vt 0.27596200 0.63085600
vt 0.28513400 0.62749200
vt 0.27596200 0.63085600
vt 0.25809600 0.58964900
vt 0.25809600 0.58964900
vt 0.27234300 0.58444000
vt 0.28513400 0.62749200
vt 0.29462400 0.62522500
vt 0.28513400 0.62749200
vt 0.27234300 0.58444000
vt 0.27234300 0.58444000
vt 0.28709900 0.58095200
vt 0.29462400 0.62522500
vt 0.30429600 0.62408500
vt 0.29462400 0.62522500
vt 0.28709900 0.58095200
vt 0.28709900 0.58095200
vt 0.30215400 0.57923400
vt 0.30429600 0.62408500
vt 0.31400800 0.62408800
vt 0.30429600 0.62408500
vt 0.30215400 0.57923400
vt 0.30215400 0.57923400
vt 0.31729400 0.57931400
vt 0.31400800 0.62408800
vt 0.32361900 0.62522500
vt 0.31400800 0.62408800
vt 0.31729400 0.57931400
vt 0.31729400 0.57931400
vt 0.33230400 0.58119300
vt 0.32361900 0.62522500
vt 0.33298900 0.62747600
vt 0.32361900 0.62522500
vt 0.33230400 0.58119300
vt 0.33230400 0.58119300
vt 0.34697100 0.58484800
vt 0.33298900 0.62747600
vt 0.34198300 0.63079500
vt 0.33298900 0.62747600
vt 0.34697100 0.58484800
vt 0.34697100 0.58484800
vt 0.36108600 0.59023100
vt 0.34198300 0.63079500
vt 0.35047300 0.63512200
vt 0.34198300 0.63079500
vt 0.36108600 0.59023100
vt 0.36108600 0.59023100
vt 0.37445000 0.59727500
vt 0.35047300 0.63512200
vt 0.35833900 0.64037500
vt 0.35047300 0.63512200
vt 0.37445000 0.59727500
vt 0.37445000 0.59727500
vt 0.38687200 0.60588900
vt 0.35833900 0.64037500
vt 0.36547300 0.64645700
vt 0.35833900 0.64037500
vt 0.38687200 0.60588900
vt 0.38687200 0.60588900
vt 0.39817100 0.61596600
vt 0.36547300 0.64645700
vt 0.37177800 0.65324700
vt 0.36547300 0.64645700
vt 0.39817100 0.61596600
vt 0.39817100 0.61596600
vt 0.40817600 0.62738100
vt 0.37177800 0.65324700
vt 0.37716600 0.66061400
vt 0.37177800 0.65324700
vt 0.40817600 0.62738100
vt 0.40817600 0.62738100
vt 0.41672000 0.63999200
vt 0.37716600 0.66061400
vt 0.38155700 0.66840300
vt 0.37716600 0.66061400
vt 0.41672000 0.63999200
vt 0.41672000 0.63999200
vt 0.42363700 0.65363600
vt 0.38155700 0.66840300
vt 0.38486600 0.67644500
vt 0.38155700 0.66840300
vt 0.42363700 0.65363600
vt 0.42363700 0.65363600
vt 0.42874300 0.66812000
vt 0.38486600 0.67644500
vt 0.38697900 0.68454800
vt 0.38486600 0.67644500
vt 0.42874300 0.66812000
vt 0.42874300 0.66812000
vt 0.43182600 0.68321700
vt 0.38697900 0.68454800
vt 0.38772600 0.69252400
vt 0.38697900 0.68454800
vt 0.43182600 0.68321700
vt 0.43182600 0.68321700
vt 0.43260800 0.69858000
vt 0.38772600 0.69252400
vt 0.38674500 0.70034300
vt 0.38772600 0.69252400
vt 0.43260800 0.69858000
vt 0.43260800 0.69858000
vt 0.43052100 0.71382500
vt 0.38674500 0.70034300
vt 0.25891100 0.76721900
vt 0.26649300 0.76980600
vt 0.25620300 0.81472900
vt 0.25620300 0.81472900
vt 0.24181700 0.80917600
vt 0.25891100 0.76721900
vt 0.25194300 0.76285800
vt 0.25891100 0.76721900
vt 0.24181700 0.80917600
vt 0.24181700 0.80917600
vt 0.22869000 0.80119100
vt 0.25194300 0.76285800
vt 0.24565200 0.75715300
vt 0.25194300 0.76285800
vt 0.22869000 0.80119100
vt 0.22869000 0.80119100
vt 0.21696300 0.79131000
vt 0.24565200 0.75715300
vt 0.24011000 0.75039900
vt 0.24565200 0.75715300
vt 0.21696300 0.79131000
vt 0.21696300 0.79131000
vt 0.20676200 0.77991700
vt 0.24011000 0.75039900
vt 0.23539300 0.74281100
vt 0.24011000 0.75039900
vt 0.20676200 0.77991700
vt 0.20676200 0.77991700
vt 0.19819100 0.76732100
vt 0.23539300 0.74281100
vt 0.23157800 0.73455900
vt 0.23539300 0.74281100
vt 0.19819100 0.76732100
vt 0.19819100 0.76732100
vt 0.19133000 0.75378200
vt 0.23157800 0.73455900
vt 0.22873900 0.72579300
vt 0.23157800 0.73455900
vt 0.19133000 0.75378200
vt 0.19133000 0.75378200
vt 0.18624000 0.73953400
vt 0.22873900 0.72579300
vt 0.22693800 0.71665600
vt 0.22873900 0.72579300
vt 0.18624000 0.73953400
vt 0.18624000 0.73953400
vt 0.18296100 0.72479800
vt 0.22693800 0.71665600
vt 0.22622100 0.70728600
vt 0.22693800 0.71665600
vt 0.18296100 0.72479800
vt 0.18296100 0.72479800
vt 0.18151800 0.70979000
vt 0.22622100 0.70728600
vt 0.22661900 0.69782700
vt 0.22622100 0.70728600
vt 0.18151800 0.70979000
vt 0.18151800 0.70979000
vt 0.18191500 0.69472300
vt 0.22661900 0.69782700
vt 0.22814100 0.68842000
vt 0.22661900 0.69782700
vt 0.18191500 0.69472300
vt 0.18191500 0.69472300
vt 0.18413100 0.67981200
vt 0.22814100 0.68842000
vt 0.23077800 0.67920800
vt 0.22814100 0.68842000
vt 0.18413100 0.67981200
vt 0.18413100 0.67981200
vt 0.18813100 0.66526700
vt 0.23077800 0.67920800
vt 0.23450300 0.67032700
vt 0.23077800 0.67920800
vt 0.18813100 0.66526700
vt 0.18813100 0.66526700
vt 0.19385200 0.65129700
vt 0.23450300 0.67032700
vt 0.23927000 0.66191200
vt 0.23450300 0.67032700
vt 0.19385200 0.65129700
vt 0.19385200 0.65129700
vt 0.20121100 0.63809500
vt 0.23927000 0.66191200
vt 0.24501400 0.65408800
vt 0.23927000 0.66191200
vt 0.20121100 0.63809500
vt 0.20121100 0.63809500
vt 0.21010000 0.62585000
vt 0.24501400 0.65408800
vt 0.25165600 0.64697100
vt 0.24501400 0.65408800
vt 0.21010000 0.62585000
vt 0.21010000 0.62585000
vt 0.22039000 0.61473400
vt 0.25165600 0.64697100
vt 0.25910100 0.64066700
vt 0.25165600 0.64697100
vt 0.22039000 0.61473400
vt 0.22039000 0.61473400
vt 0.23193200 0.60490500
vt 0.25910100 0.64066700
vt 0.26724200 0.63526900
vt 0.25910100 0.64066700
vt 0.23193200 0.60490500
vt 0.23193200 0.60490500
vt 0.24456100 0.59650300
vt 0.26724200 0.63526900
vt 0.16241700 0.45603300
vt 0.15396700 0.44157300
vt 0.18666700 0.42500000
vt 0.18666700 0.42500000
vt 0.19333400 0.44036400
vt 0.16241700 0.45603300
vt 0.19333400 0.44036400
vt 0.18666700 0.42500000
vt 0.22110900 0.41243800
vt 0.22110900 0.41243800
vt 0.22589500 0.42848800
vt 0.19333400 0.44036400
vt 0.22589500 0.42848800
vt 0.22110900 0.41243800
vt 0.25680600 0.40407000
vt 0.25680600 0.40407000
vt 0.25964200 0.42057600
vt 0.22589500 0.42848800
vt 0.25964200 0.42057600
vt 0.25680600 0.40407000
vt 0.29325400 0.40002100
vt 0.29325400 0.40002100
vt 0.29409700 0.41674700
vt 0.25964200 0.42057600
vt 0.29409700 0.41674700
vt 0.29325400 0.40002100
vt 0.32993700 0.40036200
vt 0.32993700 0.40036200
vt 0.32876900 0.41706700
vt 0.29409700 0.41674700
vt 0.32876900 0.41706700
vt 0.32993700 0.40036200
vt 0.36632500 0.40510200
vt 0.36632500 0.40510200
vt 0.36315900 0.42154500
vt 0.32876900 0.41706700
vt 0.36315900 0.42154500
vt 0.36632500 0.40510200
vt 0.40189000 0.41419100
vt 0.40189000 0.41419100
vt 0.39676700 0.43013200
vt 0.36315900 0.42154500
vt 0.39676700 0.43013200
vt 0.40189000 0.41419100
vt 0.43610400 0.42751200
vt 0.43610400 0.42751200
vt 0.42909400 0.44271800
vt 0.39676700 0.43013200
vt 0.42909400 0.44271800
vt 0.43610400 0.42751200
vt 0.46845000 0.44488400
vt 0.46845000 0.44488400
vt 0.45965300 0.45913000
vt 0.42909400 0.44271800
vt 0.45965300 0.45913000
vt 0.46845000 0.44488400
vt 0.49842900 0.46605000
vt 0.49842900 0.46605000
vt 0.48797500 0.47912900
vt 0.45965300 0.45913000
vt 0.48797500 0.47912900
vt 0.49842900 0.46605000
vt 0.52557500 0.49067900
vt 0.52557500 0.49067900
vt 0.51362200 0.50240800
vt 0.48797500 0.47912900
vt 0.51362200 0.50240800
vt 0.52557500 0.49067900
vt 0.54947200 0.51836100
vt 0.54947200 0.51836100
vt 0.53620400 0.52858700
vt 0.51362200 0.50240800
vt 0.53620400 0.52858700
vt 0.54947200 0.51836100
vt 0.56977900 0.54859700
vt 0.56977900 0.54859700
vt 0.55540300 0.55721600
vt 0.53620400 0.52858700
vt 0.55540300 0.55721600
vt 0.56977900 0.54859700
vt 0.58627300 0.58080200
vt 0.58627300 0.58080200
vt 0.57101200 0.58777700
vt 0.55540300 0.55721600
vt 0.57101200 0.58777700
vt 0.58627300 0.58080200
vt 0.59891800 0.61431600
vt 0.59891800 0.61431600
vt 0.58299800 0.61970500
vt 0.57101200 0.58777700
vt 0.58299800 0.61970500
vt 0.59891800 0.61431600
vt 0.60796700 0.64843400
vt 0.60796700 0.64843400
vt 0.59159700 0.65243400
vt 0.58299800 0.61970500
vt 0.59159700 0.65243400
vt 0.60796700 0.64843400
vt 0.61413500 0.68250600
vt 0.61413500 0.68250600
vt 0.59746800 0.68547700
vt 0.59159700 0.65243400
vt 0.59746800 0.68547700
vt 0.61413500 0.68250600
vt 0.61878100 0.71619700
vt 0.61878100 0.71619700
vt 0.60188400 0.71853100
vt 0.59746800 0.68547700
vt 0.17746300 0.96729800
vt 0.16721900 0.98094000
vt 0.14001400 0.96053400
vt 0.14001400 0.96053400
vt 0.15070000 0.94739700
vt 0.17746300 0.96729800
vt 0.15070000 0.94739700
vt 0.14001400 0.96053400
vt 0.11318500 0.93863600
vt 0.11318500 0.93863600
vt 0.12461800 0.92625500
vt 0.15070000 0.94739700
vt 0.12461800 0.92625500
vt 0.11318500 0.93863600
vt 0.08768300 0.91419400
vt 0.08768300 0.91419400
vt 0.10010900 0.90287900
vt 0.12461800 0.92625500
vt 0.10010900 0.90287900
vt 0.08768300 0.91419400
vt 0.06444200 0.88687900
vt 0.06444200 0.88687900
vt 0.07793500 0.87691100
vt 0.10010900 0.90287900
vt 0.07793500 0.87691100
vt 0.06444200 0.88687900
vt 0.04421900 0.85680100
vt 0.04421900 0.85680100
vt 0.05872400 0.84841100
vt 0.07793500 0.87691100
vt 0.05872400 0.84841100
vt 0.04421900 0.85680100
vt 0.02759300 0.82431700
vt 0.02759300 0.82431700
vt 0.04297000 0.81768500
vt 0.05872400 0.84841100
vt 0.04297000 0.81768500
vt 0.02759300 0.82431700
vt 0.01498000 0.78991400
vt 0.01498000 0.78991400
vt 0.03103500 0.78517300
vt 0.04297000 0.81768500
vt 0.03103500 0.78517300
vt 0.01498000 0.78991400
vt 0.00665600 0.75414500
vt 0.00665600 0.75414500
vt 0.02316500 0.75138400
vt 0.03103500 0.78517300
vt 0.02316500 0.75138400
vt 0.00665600 0.75414500
vt 0.00278000 0.71758800
vt 0.00278000 0.71758800
vt 0.01950200 0.71685500
vt 0.02316500 0.75138400
vt 0.01950200 0.71685500
vt 0.00278000 0.71758800
vt 0.00340900 0.68082600
vt 0.00340900 0.68082600
vt 0.02009800 0.68212900
vt 0.01950200 0.71685500
vt 0.02009800 0.68212900
vt 0.00340900 0.68082600
vt 0.00851100 0.64443000
vt 0.00851100 0.64443000
vt 0.02492600 0.64774700
vt 0.02009800 0.68212900
vt 0.02492600 0.64774700
vt 0.00851100 0.64443000
vt 0.01791800 0.60889300
vt 0.01791800 0.60889300
vt 0.03379900 0.61416700
vt 0.02492600 0.64774700
vt 0.03379900 0.61416700
vt 0.01791800 0.60889300
vt 0.03163200 0.57477900
vt 0.03163200 0.57477900
vt 0.04676600 0.58193800
vt 0.03379900 0.61416700
vt 0.04676600 0.58193800
vt 0.03163200 0.57477900
vt 0.04934400 0.54259400
vt 0.04934400 0.54259400
vt 0.06350800 0.55152400
vt 0.04676600 0.58193800
vt 0.06350800 0.55152400
vt 0.04934400 0.54259400
vt 0.07077500 0.51278700
vt 0.07077500 0.51278700
vt 0.08376700 0.52335300
vt 0.06350800 0.55152400
vt 0.08376700 0.52335300
vt 0.07077500 0.51278700
vt 0.09560400 0.48577300
vt 0.09560400 0.48577300
vt 0.10723900 0.49781800
vt 0.08376700 0.52335300
vt 0.10723900 0.49781800
vt 0.09560400 0.48577300
vt 0.12346800 0.46192500
vt 0.12346800 0.46192500
vt 0.13358200 0.47527400
vt 0.10723900 0.49781800
vt 0.13358200 0.47527400
vt 0.12346800 0.46192500
vt 0.15396700 0.44157300
vt 0.15396700 0.44157300
vt 0.16241700 0.45603300
vt 0.13358200 0.47527400
vt 0.27702700 0.65202200
vt 0.26724200 0.63526900
vt 0.27596200 0.63085600
vt 0.27596200 0.63085600
vt 0.28368400 0.64865400
vt 0.27702700 0.65202200
vt 0.27596200 0.63085600
vt 0.28513400 0.62749200
vt 0.29068200 0.64608200
vt 0.29068200 0.64608200
vt 0.28368400 0.64865400
vt 0.27596200 0.63085600
vt 0.28513400 0.62749200
vt 0.29462400 0.62522500
vt 0.29791700 0.64434300
vt 0.29791700 0.64434300
vt 0.29068200 0.64608200
vt 0.28513400 0.62749200
vt 0.29462400 0.62522500
vt 0.30429600 0.62408500
vt 0.30528100 0.64345900
vt 0.30528100 0.64345900
vt 0.29791700 0.64434300
vt 0.29462400 0.62522500
vt 0.30429600 0.62408500
vt 0.31400800 0.62408800
vt 0.31266300 0.64343800
vt 0.31266300 0.64343800
vt 0.30528100 0.64345900
vt 0.30429600 0.62408500
vt 0.31400800 0.62408800
vt 0.32361900 0.62522500
vt 0.31995300 0.64427100
vt 0.31995300 0.64427100
vt 0.31266300 0.64343800
vt 0.31400800 0.62408800
vt 0.32361900 0.62522500
vt 0.33298900 0.62747600
vt 0.32704200 0.64593300
vt 0.32704200 0.64593300
vt 0.31995300 0.64427100
vt 0.32361900 0.62522500
vt 0.33298900 0.62747600
vt 0.34198300 0.63079500
vt 0.33382700 0.64838300
vt 0.33382700 0.64838300
vt 0.32704200 0.64593300
vt 0.33298900 0.62747600
vt 0.34198300 0.63079500
vt 0.35047300 0.63512200
vt 0.34020900 0.65156200
vt 0.34020900 0.65156200
vt 0.33382700 0.64838300
vt 0.34198300 0.63079500
vt 0.35047300 0.63512200
vt 0.35833900 0.64037500
vt 0.34610100 0.65539400
vt 0.34610100 0.65539400
vt 0.34020900 0.65156200
vt 0.35047300 0.63512200
vt 0.35833900 0.64037500
vt 0.36547300 0.64645700
vt 0.35142500 0.65978600
vt 0.35142500 0.65978600
vt 0.34610100 0.65539400
vt 0.35833900 0.64037500
vt 0.36547300 0.64645700
vt 0.37177800 0.65324700
vt 0.35612000 0.66462800
vt 0.35612000 0.66462800
vt 0.35142500 0.65978600
vt 0.36547300 0.64645700
vt 0.37177800 0.65324700
vt 0.37716600 0.66061400
vt 0.36013500 0.66979800
vt 0.36013500 0.66979800
vt 0.35612000 0.66462800
vt 0.37177800 0.65324700
vt 0.37716600 0.66061400
vt 0.38155700 0.66840300
vt 0.36342900 0.67517100
vt 0.36342900 0.67517100
vt 0.36013500 0.66979800
vt 0.37716600 0.66061400
vt 0.38155700 0.66840300
vt 0.38486600 0.67644500
vt 0.36595500 0.68061700
vt 0.36595500 0.68061700
vt 0.36342900 0.67517100
vt 0.38155700 0.66840300
vt 0.38486600 0.67644500
vt 0.38697900 0.68454800
vt 0.36763100 0.68601800
vt 0.36763100 0.68601800
vt 0.36595500 0.68061700
vt 0.38486600 0.67644500
vt 0.38697900 0.68454800
vt 0.38772600 0.69252400
vt 0.36831200 0.69123900
vt 0.36831200 0.69123900
vt 0.36763100 0.68601800
vt 0.38697900 0.68454800
vt 0.38772600 0.69252400
vt 0.38674500 0.70034300
vt 0.36782200 0.69604200
vt 0.36782200 0.69604200
vt 0.36831200 0.69123900
vt 0.38772600 0.69252400
vt 0.26649300 0.76980600
vt 0.25891100 0.76721900
vt 0.26536600 0.74885500
vt 0.26536600 0.74885500
vt 0.26975000 0.75050400
vt 0.26649300 0.76980600
vt 0.25891100 0.76721900
vt 0.25194300 0.76285800
vt 0.26133900 0.74590100
vt 0.26133900 0.74590100
vt 0.26536600 0.74885500
vt 0.25891100 0.76721900
vt 0.25194300 0.76285800
vt 0.24565200 0.75715300
vt 0.25765000 0.74197700
vt 0.25765000 0.74197700
vt 0.26133900 0.74590100
vt 0.25194300 0.76285800
vt 0.24565200 0.75715300
vt 0.24011000 0.75039900
vt 0.25431600 0.73728700
vt 0.25431600 0.73728700
vt 0.25765000 0.74197700
vt 0.24565200 0.75715300
vt 0.24011000 0.75039900
vt 0.23539300 0.74281100
vt 0.25139500 0.73196000
vt 0.25139500 0.73196000
vt 0.25431600 0.73728700
vt 0.24011000 0.75039900
vt 0.23539300 0.74281100
vt 0.23157800 0.73455900
vt 0.24897100 0.72609500
vt 0.24897100 0.72609500
vt 0.25139500 0.73196000
vt 0.23539300 0.74281100
vt 0.23157800 0.73455900
vt 0.22873900 0.72579300
vt 0.24713800 0.71978700
vt 0.24713800 0.71978700
vt 0.24897100 0.72609500
vt 0.23157800 0.73455900
vt 0.22873900 0.72579300
vt 0.22693800 0.71665600
vt 0.24598100 0.71313600
vt 0.24598100 0.71313600
vt 0.24713800 0.71978700
vt 0.22873900 0.72579300
vt 0.22693800 0.71665600
vt 0.22622100 0.70728600
vt 0.24556800 0.70624900
vt 0.24556800 0.70624900
vt 0.24598100 0.71313600
vt 0.22693800 0.71665600
vt 0.22622100 0.70728600
vt 0.22661900 0.69782700
vt 0.24595000 0.69924000
vt 0.24595000 0.69924000
vt 0.24556800 0.70624900
vt 0.22622100 0.70728600
vt 0.22661900 0.69782700
vt 0.22814100 0.68842000
vt 0.24715200 0.69222300
vt 0.24715200 0.69222300
vt 0.24595000 0.69924000
vt 0.22661900 0.69782700
vt 0.22814100 0.68842000
vt 0.23077800 0.67920800
vt 0.24918400 0.68531400
vt 0.24918400 0.68531400
vt 0.24715200 0.69222300
vt 0.22814100 0.68842000
vt 0.23077800 0.67920800
vt 0.23450300 0.67032700
vt 0.25203400 0.67862600
vt 0.25203400 0.67862600
vt 0.24918400 0.68531400
vt 0.23077800 0.67920800
vt 0.23450300 0.67032700
vt 0.23927000 0.66191200
vt 0.25567300 0.67226600
vt 0.25567300 0.67226600
vt 0.25203400 0.67862600
vt 0.23450300 0.67032700
vt 0.23927000 0.66191200
vt 0.24501400 0.65408800
vt 0.26005700 0.66633700
vt 0.26005700 0.66633700
vt 0.25567300 0.67226600
vt 0.23927000 0.66191200
vt 0.24501400 0.65408800
vt 0.25165600 0.64697100
vt 0.26512700 0.66093200
vt 0.26512700 0.66093200
vt 0.26005700 0.66633700
vt 0.24501400 0.65408800
vt 0.25165600 0.64697100
vt 0.25910100 0.64066700
vt 0.27081100 0.65613500
vt 0.27081100 0.65613500
vt 0.26512700 0.66093200
vt 0.25165600 0.64697100
vt 0.27081100 0.65613500
vt 0.25910100 0.64066700
vt 0.26724200 0.63526900
vt 0.26724200 0.63526900
vt 0.27702700 0.65202200
vt 0.27081100 0.65613500
vt 0.99531100 0.80670200
vt 0.99597400 0.86701900
vt 0.52487600 0.86701700
vt 0.52487600 0.86701700
vt 0.52414200 0.80670200
vt 0.99531100 0.80670200
vt 0.99597500 0.74638700
vt 0.52414200 0.80670200
vt 0.52487600 0.74638800
vt 0.99597500 0.74638700
vt 0.34959400 0.01137600
vt 0.31301300 0.00895900
vt 0.31301300 0.00895900
vt 0.34959400 0.01137600
vt 0.38562700 0.01813100
vt 0.38562700 0.01813100
vt 0.42060200 0.02913300
vt 0.42060200 0.02913300
vt 0.45402100 0.04423500
vt 0.45402100 0.04423500
vt 0.48540300 0.06323100
vt 0.48540300 0.06323100
vt 0.51429000 0.08586300
vt 0.51429000 0.08586300
vt 0.54025000 0.11181600
vt 0.54025000 0.11181600
vt 0.56289000 0.14072100
vt 0.56289000 0.14072100
vt 0.58185800 0.17215600
vt 0.58185800 0.17215600
vt 0.59685500 0.20565000
vt 0.59685500 0.20565000
vt 0.60764900 0.24067900
vt 0.60764900 0.24067900
vt 0.61409200 0.27667700
vt 0.61409200 0.27667700
vt 0.61614400 0.31304100
vt 0.61614400 0.31304100
vt 0.61391300 0.34915600
vt 0.61391300 0.34915600
vt 0.60770300 0.38443300
vt 0.60770300 0.38443300
vt 0.59809000 0.41839700
vt 0.59809000 0.41839700
vt 0.58602300 0.45085200
vt 0.58602300 0.45085200
vt 0.02448800 0.41576200
vt 0.03640200 0.44827900
vt 0.03640200 0.44827900
vt 0.02448800 0.41576200
vt 0.01501300 0.38173300
vt 0.01501300 0.38173300
vt 0.00894700 0.34638400
vt 0.00894700 0.34638400
vt 0.00688700 0.31019900
vt 0.00688700 0.31019900
vt 0.00914700 0.27377700
vt 0.00914700 0.27377700
vt 0.01583800 0.23775100
vt 0.01583800 0.23775100
vt 0.02691600 0.20273700
vt 0.02691600 0.20273700
vt 0.04222100 0.16931300
vt 0.04222100 0.16931300
vt 0.06150600 0.13800900
vt 0.06150600 0.13800900
vt 0.08445300 0.10930100
vt 0.08445300 0.10930100
vt 0.11066500 0.08352700
vt 0.11066500 0.08352700
vt 0.13985700 0.06117300
vt 0.13985700 0.06117300
vt 0.17150300 0.04251700
vt 0.17150300 0.04251700
vt 0.20513700 0.02780300
vt 0.20513700 0.02780300
vt 0.24027000 0.01722400
vt 0.24027000 0.01722400
vt 0.27639900 0.01091600
vt 0.27639900 0.01091600
vt 0.99540400 0.87546100
vt 0.99540400 0.87546100
vt 0.52430500 0.87546200
vt 0.52430500 0.87546200
vt 0.52357100 0.93577600
vt 0.52430500 0.99609100
vt 0.99540400 0.99609200
vt 0.99540400 0.99609200
vt 0.99474000 0.93577600
vt 0.52357100 0.93577600
vt 0.52430500 0.87546200
vt 0.99474000 0.93577600
vt 0.99540400 0.87546100
vt 0.52430500 0.87546200
vt 0.52430500 0.99609100
vt 0.52430500 0.99609100
vt 0.99540400 0.99609200
vt 0.99540400 0.99609200
vt 0.31157200 0.25274300
vt 0.31901500 0.25324000
vt 0.32144700 0.23399200
vt 0.32144700 0.23399200
vt 0.31169600 0.23334300
vt 0.31157200 0.25274300
vt 0.31901500 0.25324000
vt 0.32634600 0.25459600
vt 0.33105300 0.23577500
vt 0.33105300 0.23577500
vt 0.32144700 0.23399200
vt 0.31901500 0.25324000
vt 0.32634600 0.25459600
vt 0.33345700 0.25678900
vt 0.34037300 0.23866400
vt 0.34037300 0.23866400
vt 0.33105300 0.23577500
vt 0.32634600 0.25459600
vt 0.33345700 0.25678900
vt 0.34024300 0.25978400
vt 0.34927400 0.24261500
vt 0.34927400 0.24261500
vt 0.34037300 0.23866400
vt 0.33345700 0.25678900
vt 0.34024300 0.25978400
vt 0.34660400 0.26352900
vt 0.35762800 0.24756900
vt 0.35762800 0.24756900
vt 0.34927400 0.24261500
vt 0.34024300 0.25978400
vt 0.34660400 0.26352900
vt 0.35245000 0.26796300
vt 0.36531500 0.25344800
vt 0.36531500 0.25344800
vt 0.35762800 0.24756900
vt 0.34660400 0.26352900
vt 0.35245000 0.26796300
vt 0.35770200 0.27300700
vt 0.37222800 0.26016100
vt 0.37222800 0.26016100
vt 0.36531500 0.25344800
vt 0.35245000 0.26796300
vt 0.35770200 0.27300700
vt 0.36228900 0.27857400
vt 0.37827300 0.26760300
vt 0.37827300 0.26760300
vt 0.37222800 0.26016100
vt 0.35770200 0.27300700
vt 0.36228900 0.27857400
vt 0.36615800 0.28456300
vt 0.38337000 0.27565400
vt 0.38337000 0.27565400
vt 0.37827300 0.26760300
vt 0.36228900 0.27857400
vt 0.36615800 0.28456300
vt 0.36927200 0.29086400
vt 0.38745800 0.28418400
vt 0.38745800 0.28418400
vt 0.38337000 0.27565400
vt 0.36615800 0.28456300
vt 0.36927200 0.29086400
vt 0.37161400 0.29735600
vt 0.39049500 0.29305300
vt 0.39049500 0.29305300
vt 0.38745800 0.28418400
vt 0.36927200 0.29086400
vt 0.37161400 0.29735600
vt 0.37318300 0.30391500
vt 0.39245500 0.30210900
vt 0.39245500 0.30210900
vt 0.39049500 0.29305300
vt 0.37161400 0.29735600
vt 0.37318300 0.30391500
vt 0.37400000 0.31041000
vt 0.39333500 0.31119300
vt 0.39333500 0.31119300
vt 0.39245500 0.30210900
vt 0.37318300 0.30391500
vt 0.37400000 0.31041000
vt 0.37409500 0.31671200
vt 0.39314100 0.32013300
vt 0.39314100 0.32013300
vt 0.39333500 0.31119300
vt 0.37400000 0.31041000
vt 0.37409500 0.31671200
vt 0.37349100 0.32268500
vt 0.39188600 0.32873800
vt 0.39188600 0.32873800
vt 0.39314100 0.32013300
vt 0.37409500 0.31671200
vt 0.37349100 0.32268500
vt 0.37217900 0.32818600
vt 0.38957300 0.33678600
vt 0.38957300 0.33678600
vt 0.39188600 0.32873800
vt 0.37349100 0.32268500
vt 0.37217900 0.32818600
vt 0.37010300 0.33302400
vt 0.38614900 0.34402800
vt 0.38614900 0.34402800
vt 0.38957300 0.33678600
vt 0.37217900 0.32818600
vt 0.37010300 0.33302400
vt 0.36723300 0.33690600
vt 0.38131800 0.35025400
vt 0.38131800 0.35025400
vt 0.38614900 0.34402800
vt 0.37010300 0.33302400
vt 0.25509700 0.33375200
vt 0.25216700 0.33009800
vt 0.23725100 0.34260400
vt 0.23725100 0.34260400
vt 0.24245400 0.34869500
vt 0.25509700 0.33375200
vt 0.25216700 0.33009800
vt 0.25020800 0.32550300
vt 0.23348000 0.33529900
vt 0.23348000 0.33529900
vt 0.23725100 0.34260400
vt 0.25216700 0.33009800
vt 0.25020800 0.32550300
vt 0.24903600 0.32024700
vt 0.23097700 0.32718400
vt 0.23097700 0.32718400
vt 0.23348000 0.33529900
vt 0.25020800 0.32550300
vt 0.24903600 0.32024700
vt 0.24856000 0.31451200
vt 0.22965300 0.31854800
vt 0.22965300 0.31854800
vt 0.23097700 0.32718400
vt 0.24903600 0.32024700
vt 0.24856000 0.31451200
vt 0.24876300 0.30844000
vt 0.22946400 0.30961500
vt 0.22946400 0.30961500
vt 0.22965300 0.31854800
vt 0.24856000 0.31451200
vt 0.24876300 0.30844000
vt 0.24966800 0.30215900
vt 0.23039000 0.30057200
vt 0.23039000 0.30057200
vt 0.22946400 0.30961500
vt 0.24876300 0.30844000
vt 0.24966800 0.30215900
vt 0.25130800 0.29579800
vt 0.23241700 0.29158300
vt 0.23241700 0.29158300
vt 0.23039000 0.30057200
vt 0.24966800 0.30215900
vt 0.25130800 0.29579800
vt 0.25370300 0.28948600
vt 0.23552700 0.28280400
vt 0.23552700 0.28280400
vt 0.23241700 0.29158300
vt 0.25130800 0.29579800
vt 0.25370300 0.28948600
vt 0.25686000 0.28335200
vt 0.23968800 0.27437900
vt 0.23968800 0.27437900
vt 0.23552700 0.28280400
vt 0.25370300 0.28948600
vt 0.25686000 0.28335200
vt 0.26076200 0.27751600
vt 0.24485300 0.26644500
vt 0.24485300 0.26644500
vt 0.23968800 0.27437900
vt 0.25686000 0.28335200
vt 0.26076200 0.27751600
vt 0.26537400 0.27209300
vt 0.25095900 0.25912900
vt 0.25095900 0.25912900
vt 0.24485300 0.26644500
vt 0.26076200 0.27751600
vt 0.26537400 0.27209300
vt 0.27064500 0.26718600
vt 0.25792500 0.25254800
vt 0.25792500 0.25254800
vt 0.25095900 0.25912900
vt 0.26537400 0.27209300
vt 0.27064500 0.26718600
vt 0.27650700 0.26288500
vt 0.26565700 0.24680800
vt 0.26565700 0.24680800
vt 0.25792500 0.25254800
vt 0.27064500 0.26718600
vt 0.27650700 0.26288500
vt 0.28288000 0.25927000
vt 0.27404900 0.24199900
vt 0.27404900 0.24199900
vt 0.26565700 0.24680800
vt 0.27650700 0.26288500
vt 0.28288000 0.25927000
vt 0.28967400 0.25640500
vt 0.28298000 0.23819800
vt 0.28298000 0.23819800
vt 0.27404900 0.24199900
vt 0.28288000 0.25927000
vt 0.28967400 0.25640500
vt 0.29679200 0.25434000
vt 0.29232200 0.23546200
vt 0.29232200 0.23546200
vt 0.28298000 0.23819800
vt 0.28967400 0.25640500
vt 0.29679200 0.25434000
vt 0.30412700 0.25311200
vt 0.30194000 0.23383500
vt 0.30194000 0.23383500
vt 0.29232200 0.23546200
vt 0.29679200 0.25434000
vt 0.30412700 0.25311200
vt 0.31157200 0.25274300
vt 0.31169600 0.23334300
vt 0.31169600 0.23334300
vt 0.30194000 0.23383500
vt 0.30412700 0.25311200
vt 0.29480500 0.69062100
vt 0.29348400 0.70293100
vt 0.30792200 0.70422000
vt 0.30792200 0.70422000
vt 0.30903700 0.69172200
vt 0.29480500 0.69062100
vt 0.30792200 0.70422000
vt 0.29348400 0.70293100
vt 0.29260300 0.71528000
vt 0.29260300 0.71528000
vt 0.30680600 0.71671800
vt 0.30792200 0.70422000
vt 0.29652300 0.67872500
vt 0.29480500 0.69062100
vt 0.30903700 0.69172200
vt 0.30903700 0.69172200
vt 0.31011900 0.67960300
vt 0.29652300 0.67872500
vt 0.30680600 0.71671800
vt 0.29260300 0.71528000
vt 0.29218700 0.72729300
vt 0.29218700 0.72729300
vt 0.30572400 0.72883700
vt 0.30680600 0.71671800
vt 0.29858800 0.66760300
vt 0.29652300 0.67872500
vt 0.31011900 0.67960300
vt 0.31011900 0.67960300
vt 0.31113400 0.66823300
vt 0.29858800 0.66760300
vt 0.30572400 0.72883700
vt 0.29218700 0.72729300
vt 0.29224900 0.73860500
vt 0.29224900 0.73860500
vt 0.30470900 0.74020700
vt 0.30572400 0.72883700
vt 0.30470900 0.74020700
vt 0.29224900 0.73860500
vt 0.29278800 0.74887200
vt 0.29278800 0.74887200
vt 0.30379200 0.75048400
vt 0.30470900 0.74020700
vt 0.30093600 0.65759400
vt 0.29858800 0.66760300
vt 0.31113400 0.66823300
vt 0.31113400 0.66823300
vt 0.31205200 0.65795600
vt 0.30093600 0.65759400
vt 0.36065500 0.69970000
vt 0.35147100 0.69799300
vt 0.35123300 0.70808600
vt 0.35123300 0.70808600
vt 0.36063900 0.70892600
vt 0.36065500 0.69970000
vt 0.35147100 0.69799300
vt 0.33736200 0.69549900
vt 0.33679600 0.70679800
vt 0.33679600 0.70679800
vt 0.35123300 0.70808600
vt 0.35147100 0.69799300
vt 0.33736200 0.69549900
vt 0.32324000 0.69316000
vt 0.32235900 0.70550900
vt 0.32235900 0.70550900
vt 0.33679600 0.70679800
vt 0.33736200 0.69549900
vt 0.32324000 0.69316000
vt 0.30903700 0.69172200
vt 0.30792200 0.70422000
vt 0.30792200 0.70422000
vt 0.32235900 0.70550900
vt 0.32324000 0.69316000
vt 0.26461000 0.70035400
vt 0.26616400 0.69037700
vt 0.25682300 0.69043100
vt 0.25682300 0.69043100
vt 0.25520500 0.69951400
vt 0.26461000 0.70035400
vt 0.27904700 0.70164200
vt 0.28049100 0.69042200
vt 0.26616400 0.69037700
vt 0.26616400 0.69037700
vt 0.26461000 0.70035400
vt 0.27904700 0.70164200
vt 0.29348400 0.70293100
vt 0.29480500 0.69062100
vt 0.28049100 0.69042200
vt 0.28049100 0.69042200
vt 0.27904700 0.70164200
vt 0.29348400 0.70293100
vt 0.35123300 0.70808600
vt 0.34967900 0.71806300
vt 0.35902000 0.71800900
vt 0.35902000 0.71800900
vt 0.36063900 0.70892600
vt 0.35123300 0.70808600
vt 0.33679600 0.70679800
vt 0.33535200 0.71801900
vt 0.34967900 0.71806300
vt 0.34967900 0.71806300
vt 0.35123300 0.70808600
vt 0.33679600 0.70679800
vt 0.32235900 0.70550900
vt 0.32103900 0.71781900
vt 0.33535200 0.71801900
vt 0.33535200 0.71801900
vt 0.33679600 0.70679800
vt 0.32235900 0.70550900
vt 0.30792200 0.70422000
vt 0.30680600 0.71671800
vt 0.32103900 0.71781900
vt 0.32103900 0.71781900
vt 0.32235900 0.70550900
vt 0.30792200 0.70422000
vt 0.25518800 0.70874000
vt 0.26437200 0.71044700
vt 0.26461000 0.70035400
vt 0.26461000 0.70035400
vt 0.25520500 0.69951400
vt 0.25518800 0.70874000
vt 0.26437200 0.71044700
vt 0.27848100 0.71294200
vt 0.27904700 0.70164200
vt 0.27904700 0.70164200
vt 0.26461000 0.70035400
vt 0.26437200 0.71044700
vt 0.27848100 0.71294200
vt 0.29260300 0.71528000
vt 0.29348400 0.70293100
vt 0.29348400 0.70293100
vt 0.27904700 0.70164200
vt 0.27848100 0.71294200
vt 0.35906900 0.69061200
vt 0.35038600 0.68808800
vt 0.35147100 0.69799300
vt 0.35147100 0.69799300
vt 0.36065500 0.69970000
vt 0.35906900 0.69061200
vt 0.35038600 0.68808800
vt 0.33703400 0.68446400
vt 0.33736200 0.69549900
vt 0.33736200 0.69549900
vt 0.35147100 0.69799300
vt 0.35038600 0.68808800
vt 0.33703400 0.68446400
vt 0.32365600 0.68114700
vt 0.32324000 0.69316000
vt 0.32324000 0.69316000
vt 0.33736200 0.69549900
vt 0.33703400 0.68446400
vt 0.32365600 0.68114700
vt 0.31011900 0.67960300
vt 0.30903700 0.69172200
vt 0.30903700 0.69172200
vt 0.32324000 0.69316000
vt 0.32365600 0.68114700
vt 0.26616400 0.69037700
vt 0.26898700 0.68082200
vt 0.25999300 0.68176800
vt 0.25999300 0.68176800
vt 0.25682300 0.69043100
vt 0.26616400 0.69037700
vt 0.28049100 0.69042200
vt 0.28276900 0.67962000
vt 0.26898700 0.68082200
vt 0.26898700 0.68082200
vt 0.26616400 0.69037700
vt 0.28049100 0.69042200
vt 0.29480500 0.69062100
vt 0.29652300 0.67872500
vt 0.28276900 0.67962000
vt 0.28276900 0.67962000
vt 0.28049100 0.69042200
vt 0.29480500 0.69062100
vt 0.34967900 0.71806300
vt 0.34685700 0.72761900
vt 0.35585000 0.72667300
vt 0.35585000 0.72667300
vt 0.35902000 0.71800900
vt 0.34967900 0.71806300
vt 0.33535200 0.71801900
vt 0.33307500 0.72882000
vt 0.34685700 0.72761900
vt 0.34685700 0.72761900
vt 0.34967900 0.71806300
vt 0.33535200 0.71801900
vt 0.32103900 0.71781900
vt 0.31932000 0.72971500
vt 0.33307500 0.72882000
vt 0.33307500 0.72882000
vt 0.33535200 0.71801900
vt 0.32103900 0.71781900
vt 0.30680600 0.71671800
vt 0.30572400 0.72883700
vt 0.31932000 0.72971500
vt 0.31932000 0.72971500
vt 0.32103900 0.71781900
vt 0.30680600 0.71671800
vt 0.25677400 0.71782800
vt 0.26545800 0.72035200
vt 0.26437200 0.71044700
vt 0.26437200 0.71044700
vt 0.25518800 0.70874000
vt 0.25677400 0.71782800
vt 0.26545800 0.72035200
vt 0.27880900 0.72397600
vt 0.27848100 0.71294200
vt 0.27848100 0.71294200
vt 0.26437200 0.71044700
vt 0.26545800 0.72035200
vt 0.27880900 0.72397600
vt 0.29218700 0.72729300
vt 0.29260300 0.71528000
vt 0.29260300 0.71528000
vt 0.27848100 0.71294200
vt 0.27880900 0.72397600
vt 0.35592900 0.68193700
vt 0.34801000 0.67867400
vt 0.35038600 0.68808800
vt 0.35038600 0.68808800
vt 0.35906900 0.69061200
vt 0.35592900 0.68193700
vt 0.34801000 0.67867400
vt 0.33582200 0.67403100
vt 0.33703400 0.68446400
vt 0.33703400 0.68446400
vt 0.35038600 0.68808800
vt 0.34801000 0.67867400
vt 0.33582200 0.67403100
vt 0.32359400 0.66983500
vt 0.32365600 0.68114700
vt 0.32365600 0.68114700
vt 0.33703400 0.68446400
vt 0.33582200 0.67403100
vt 0.32359400 0.66983500
vt 0.31113400 0.66823300
vt 0.31011900 0.67960300
vt 0.31011900 0.67960300
vt 0.32365600 0.68114700
vt 0.32359400 0.66983500
vt 0.26898700 0.68082200
vt 0.27299200 0.67197700
vt 0.26462000 0.67378600
vt 0.26462000 0.67378600
vt 0.25999300 0.68176800
vt 0.26898700 0.68082200
vt 0.28276900 0.67962000
vt 0.28581000 0.66956600
vt 0.27299200 0.67197700
vt 0.27299200 0.67197700
vt 0.26898700 0.68082200
vt 0.28276900 0.67962000
vt 0.29652300 0.67872500
vt 0.29858800 0.66760300
vt 0.28581000 0.66956600
vt 0.28581000 0.66956600
vt 0.28276900 0.67962000
vt 0.29652300 0.67872500
vt 0.34685700 0.72761900
vt 0.34285100 0.73646300
vt 0.35122300 0.73465400
vt 0.35122300 0.73465400
vt 0.35585000 0.72667300
vt 0.34685700 0.72761900
vt 0.33307500 0.72882000
vt 0.33003300 0.73887400
vt 0.34285100 0.73646300
vt 0.34285100 0.73646300
vt 0.34685700 0.72761900
vt 0.33307500 0.72882000
vt 0.31932000 0.72971500
vt 0.31725500 0.74083700
vt 0.33003300 0.73887400
vt 0.33003300 0.73887400
vt 0.33307500 0.72882000
vt 0.31932000 0.72971500
vt 0.30572400 0.72883700
vt 0.30470900 0.74020700
vt 0.31725500 0.74083700
vt 0.31725500 0.74083700
vt 0.31932000 0.72971500
vt 0.30572400 0.72883700
vt 0.25991400 0.72650300
vt 0.26783300 0.72976700
vt 0.26545800 0.72035200
vt 0.26545800 0.72035200
vt 0.25677400 0.71782800
vt 0.25991400 0.72650300
vt 0.26783300 0.72976700
vt 0.28002100 0.73441000
vt 0.27880900 0.72397600
vt 0.27880900 0.72397600
vt 0.26545800 0.72035200
vt 0.26783300 0.72976700
vt 0.28002100 0.73441000
vt 0.29224900 0.73860500
vt 0.29218700 0.72729300
vt 0.29218700 0.72729300
vt 0.27880900 0.72397600
vt 0.28002100 0.73441000
vt 0.34285100 0.73646300
vt 0.33778400 0.74432900
vt 0.34528000 0.74171100
vt 0.34528000 0.74171100
vt 0.35122300 0.73465400
vt 0.34285100 0.73646300
vt 0.33003300 0.73887400
vt 0.32632000 0.74787500
vt 0.33778400 0.74432900
vt 0.33778400 0.74432900
vt 0.34285100 0.73646300
vt 0.33003300 0.73887400
vt 0.31725500 0.74083700
vt 0.31490700 0.75084600
vt 0.32632000 0.74787500
vt 0.32632000 0.74787500
vt 0.33003300 0.73887400
vt 0.31725500 0.74083700
vt 0.30470900 0.74020700
vt 0.30379200 0.75048400
vt 0.31490700 0.75084600
vt 0.31490700 0.75084600
vt 0.31725500 0.74083700
vt 0.30470900 0.74020700
vt 0.26451300 0.73450100
vt 0.27142700 0.73840500
vt 0.26783300 0.72976700
vt 0.26783300 0.72976700
vt 0.25991400 0.72650300
vt 0.26451300 0.73450100
vt 0.27142700 0.73840500
vt 0.28208200 0.74392600
vt 0.28002100 0.73441000
vt 0.28002100 0.73441000
vt 0.26783300 0.72976700
vt 0.27142700 0.73840500
vt 0.28208200 0.74392600
vt 0.29278800 0.74887200
vt 0.29224900 0.73860500
vt 0.29224900 0.73860500
vt 0.28002100 0.73441000
vt 0.28208200 0.74392600
vt 0.35133000 0.67393900
vt 0.34441600 0.67003500
vt 0.34801000 0.67867400
vt 0.34801000 0.67867400
vt 0.35592900 0.68193700
vt 0.35133000 0.67393900
vt 0.34441600 0.67003500
vt 0.33376100 0.66451400
vt 0.33582200 0.67403100
vt 0.33582200 0.67403100
vt 0.34801000 0.67867400
vt 0.34441600 0.67003500
vt 0.33376100 0.66451400
vt 0.32305500 0.65956800
vt 0.32359400 0.66983500
vt 0.32359400 0.66983500
vt 0.33582200 0.67403100
vt 0.33376100 0.66451400
vt 0.32305500 0.65956800
vt 0.31205200 0.65795600
vt 0.31113400 0.66823300
vt 0.31113400 0.66823300
vt 0.32359400 0.66983500
vt 0.32305500 0.65956800
vt 0.27299200 0.67197700
vt 0.27805900 0.66411200
vt 0.27056300 0.66672900
vt 0.27056300 0.66672900
vt 0.26462000 0.67378600
vt 0.27299200 0.67197700
vt 0.28581000 0.66956600
vt 0.28952300 0.66056500
vt 0.27805900 0.66411200
vt 0.27805900 0.66411200
vt 0.27299200 0.67197700
vt 0.28581000 0.66956600
vt 0.29858800 0.66760300
vt 0.30093600 0.65759400
vt 0.28952300 0.66056500
vt 0.28952300 0.66056500
vt 0.28581000 0.66956600
vt 0.29858800 0.66760300
vt 0.27764100 0.66081200
vt 0.27056300 0.66672900
vt 0.27805900 0.66411200
vt 0.27805900 0.66411200
vt 0.28563900 0.65621300
vt 0.27764100 0.66081200
vt 0.28563900 0.65621300
vt 0.27805900 0.66411200
vt 0.28952300 0.66056500
vt 0.28952300 0.66056500
vt 0.29431400 0.65307300
vt 0.28563900 0.65621300
vt 0.29431400 0.65307300
vt 0.28952300 0.66056500
vt 0.30093600 0.65759400
vt 0.30093600 0.65759400
vt 0.30340200 0.65148700
vt 0.29431400 0.65307300
vt 0.30340200 0.65148700
vt 0.30093600 0.65759400
vt 0.31205200 0.65795600
vt 0.31205200 0.65795600
vt 0.31262800 0.65150300
vt 0.30340200 0.65148700
vt 0.32171000 0.65312100
vt 0.31262800 0.65150300
vt 0.31205200 0.65795600
vt 0.31205200 0.65795600
vt 0.32305500 0.65956800
vt 0.32171000 0.65312100
vt 0.33037400 0.65629200
vt 0.32171000 0.65312100
vt 0.32305500 0.65956800
vt 0.32305500 0.65956800
vt 0.33376100 0.66451400
vt 0.33037400 0.65629200
vt 0.33835600 0.66091900
vt 0.33037400 0.65629200
vt 0.33376100 0.66451400
vt 0.33376100 0.66451400
vt 0.34441600 0.67003500
vt 0.33835600 0.66091900
vt 0.34541200 0.66686200
vt 0.33835600 0.66091900
vt 0.34441600 0.67003500
vt 0.34441600 0.67003500
vt 0.35133000 0.67393900
vt 0.34541200 0.66686200
vt 0.33820200 0.74762900
vt 0.34528000 0.74171100
vt 0.33778400 0.74432900
vt 0.33778400 0.74432900
vt 0.33020400 0.75222700
vt 0.33820200 0.74762900
vt 0.33020400 0.75222700
vt 0.33778400 0.74432900
vt 0.32632000 0.74787500
vt 0.32632000 0.74787500
vt 0.32153000 0.75536700
vt 0.33020400 0.75222700
vt 0.32153000 0.75536700
vt 0.32632000 0.74787500
vt 0.31490700 0.75084600
vt 0.31490700 0.75084600
vt 0.31244100 0.75695300
vt 0.32153000 0.75536700
vt 0.31244100 0.75695300
vt 0.31490700 0.75084600
vt 0.30379200 0.75048400
vt 0.30379200 0.75048400
vt 0.30321600 0.75693700
vt 0.31244100 0.75695300
vt 0.29413300 0.75531900
vt 0.30321600 0.75693700
vt 0.30379200 0.75048400
vt 0.30379200 0.75048400
vt 0.29278800 0.74887200
vt 0.29413300 0.75531900
vt 0.28546900 0.75214800
vt 0.29413300 0.75531900
vt 0.29278800 0.74887200
vt 0.29278800 0.74887200
vt 0.28208200 0.74392600
vt 0.28546900 0.75214800
vt 0.27748800 0.74752100
vt 0.28546900 0.75214800
vt 0.28208200 0.74392600
vt 0.28208200 0.74392600
vt 0.27142700 0.73840500
vt 0.27748800 0.74752100
vt 0.27043100 0.74157900
vt 0.27748800 0.74752100
vt 0.27142700 0.73840500
vt 0.27142700 0.73840500
vt 0.26451300 0.73450100
vt 0.27043100 0.74157900
vt 0.31045600 0.31242800
vt 0.32214600 0.32064300
vt 0.32914800 0.31030200
vt 0.32914800 0.31030200
vt 0.31783300 0.30193200
vt 0.31045600 0.31242800
vt 0.31478800 0.33073500
vt 0.32214600 0.32064300
vt 0.31045600 0.31242800
vt 0.31045600 0.31242800
vt 0.30307900 0.32292400
vt 0.31478800 0.33073500
vt 0.31783300 0.30193200
vt 0.32914800 0.31030200
vt 0.33558300 0.30002600
vt 0.33558300 0.30002600
vt 0.32498600 0.29175400
vt 0.31783300 0.30193200
vt 0.32498600 0.29175400
vt 0.33558300 0.30002600
vt 0.34125400 0.29012700
vt 0.34125400 0.29012700
vt 0.33169800 0.28220600
vt 0.32498600 0.29175400
vt 0.30729800 0.34027000
vt 0.31478800 0.33073500
vt 0.30307900 0.32292400
vt 0.30307900 0.32292400
vt 0.29592600 0.33310100
vt 0.30729800 0.34027000
vt 0.29990500 0.34895900
vt 0.30729800 0.34027000
vt 0.29592600 0.33310100
vt 0.29592600 0.33310100
vt 0.28921500 0.34265000
vt 0.29990500 0.34895900
vt 0.33169800 0.28220600
vt 0.34125400 0.29012700
vt 0.34599000 0.28090500
vt 0.34599000 0.28090500
vt 0.33776400 0.27357500
vt 0.33169800 0.28220600
vt 0.29283200 0.35653800
vt 0.29990500 0.34895900
vt 0.28921500 0.34265000
vt 0.28921500 0.34265000
vt 0.28314900 0.35128000
vt 0.29283200 0.35653800
vt 0.27538800 0.28778000
vt 0.28183600 0.27974000
vt 0.27228500 0.27412200
vt 0.27228500 0.27412200
vt 0.26621300 0.28133200
vt 0.27538800 0.28778000
vt 0.28707800 0.29599600
vt 0.29407000 0.28680200
vt 0.28183600 0.27974000
vt 0.28183600 0.27974000
vt 0.27538800 0.28778000
vt 0.28707800 0.29599600
vt 0.29876700 0.30421200
vt 0.30612500 0.29412100
vt 0.29407000 0.28680200
vt 0.29407000 0.28680200
vt 0.28707800 0.29599600
vt 0.29876700 0.30421200
vt 0.31045600 0.31242800
vt 0.31783300 0.30193200
vt 0.30612500 0.29412100
vt 0.30612500 0.29412100
vt 0.29876700 0.30421200
vt 0.31045600 0.31242800
vt 0.35942700 0.33536800
vt 0.35090600 0.32828500
vt 0.34552400 0.33707500
vt 0.34552400 0.33707500
vt 0.35469900 0.34352400
vt 0.35942700 0.33536800
vt 0.35090600 0.32828500
vt 0.34011700 0.31916600
vt 0.33383500 0.32885900
vt 0.33383500 0.32885900
vt 0.34552400 0.33707500
vt 0.35090600 0.32828500
vt 0.34011700 0.31916600
vt 0.32914800 0.31030200
vt 0.32214600 0.32064300
vt 0.32214600 0.32064300
vt 0.33383500 0.32885900
vt 0.34011700 0.31916600
vt 0.26148600 0.28948700
vt 0.27000700 0.29657000
vt 0.27538800 0.28778000
vt 0.27538800 0.28778000
vt 0.26621300 0.28133200
vt 0.26148600 0.28948700
vt 0.27000700 0.29657000
vt 0.28079500 0.30569000
vt 0.28707800 0.29599600
vt 0.28707800 0.29599600
vt 0.27538800 0.28778000
vt 0.27000700 0.29657000
vt 0.28079500 0.30569000
vt 0.29176400 0.31455300
vt 0.29876700 0.30421200
vt 0.29876700 0.30421200
vt 0.28707800 0.29599600
vt 0.28079500 0.30569000
vt 0.29176400 0.31455300
vt 0.30307900 0.32292400
vt 0.31045600 0.31242800
vt 0.31045600 0.31242800
vt 0.29876700 0.30421200
vt 0.29176400 0.31455300
vt 0.34552400 0.33707500
vt 0.33907700 0.34511500
vt 0.34862700 0.35073400
vt 0.34862700 0.35073400
vt 0.35469900 0.34352400
vt 0.34552400 0.33707500
vt 0.33383500 0.32885900
vt 0.32684200 0.33805300
vt 0.33907700 0.34511500
vt 0.33907700 0.34511500
vt 0.34552400 0.33707500
vt 0.33383500 0.32885900
vt 0.32214600 0.32064300
vt 0.31478800 0.33073500
vt 0.32684200 0.33805300
vt 0.32684200 0.33805300
vt 0.33383500 0.32885900
vt 0.32214600 0.32064300
vt 0.28183600 0.27974000
vt 0.28915300 0.27269200
vt 0.27951700 0.26807500
vt 0.27951700 0.26807500
vt 0.27228500 0.27412200
vt 0.28183600 0.27974000
vt 0.29407000 0.28680200
vt 0.30156100 0.27838700
vt 0.28915300 0.27269200
vt 0.28915300 0.27269200
vt 0.28183600 0.27974000
vt 0.29407000 0.28680200
vt 0.30612500 0.29412100
vt 0.31361400 0.28458600
vt 0.30156100 0.27838700
vt 0.30156100 0.27838700
vt 0.29407000 0.28680200
vt 0.30612500 0.29412100
vt 0.31783300 0.30193200
vt 0.32498600 0.29175400
vt 0.31361400 0.28458600
vt 0.31361400 0.28458600
vt 0.30612500 0.29412100
vt 0.31783300 0.30193200
vt 0.36266600 0.32651600
vt 0.35505800 0.31901400
vt 0.35090600 0.32828500
vt 0.35090600 0.32828500
vt 0.35942700 0.33536800
vt 0.36266600 0.32651600
vt 0.35505800 0.31901400
vt 0.34549800 0.30926800
vt 0.34011700 0.31916600
vt 0.34011700 0.31916600
vt 0.35090600 0.32828500
vt 0.35505800 0.31901400
vt 0.34549800 0.30926800
vt 0.33558300 0.30002600
vt 0.32914800 0.31030200
vt 0.32914800 0.31030200
vt 0.34011700 0.31916600
vt 0.34549800 0.30926800
vt 0.28915300 0.27269200
vt 0.29711700 0.26685200
vt 0.28768900 0.26337700
vt 0.28768900 0.26337700
vt 0.27951700 0.26807500
vt 0.28915300 0.27269200
vt 0.30156100 0.27838700
vt 0.30932200 0.27100500
vt 0.29711700 0.26685200
vt 0.29711700 0.26685200
vt 0.28915300 0.27269200
vt 0.30156100 0.27838700
vt 0.31361400 0.28458600
vt 0.32100800 0.27589700
vt 0.30932200 0.27100500
vt 0.30932200 0.27100500
vt 0.30156100 0.27838700
vt 0.31361400 0.28458600
vt 0.32498600 0.29175400
vt 0.33169800 0.28220600
vt 0.32100800 0.27589700
vt 0.32100800 0.27589700
vt 0.31361400 0.28458600
vt 0.32498600 0.29175400
vt 0.36432000 0.31723600
vt 0.35785600 0.30954300
vt 0.35505800 0.31901400
vt 0.35505800 0.31901400
vt 0.36266600 0.32651600
vt 0.36432000 0.31723600
vt 0.35785600 0.30954300
vt 0.34981400 0.29946600
vt 0.34549800 0.30926800
vt 0.34549800 0.30926800
vt 0.35505800 0.31901400
vt 0.35785600 0.30954300
vt 0.34981400 0.29946600
vt 0.34125400 0.29012700
vt 0.33558300 0.30002600
vt 0.33558300 0.30002600
vt 0.34549800 0.30926800
vt 0.34981400 0.29946600
vt 0.25824600 0.29833900
vt 0.26585400 0.30584100
vt 0.27000700 0.29657000
vt 0.27000700 0.29657000
vt 0.26148600 0.28948700
vt 0.25824600 0.29833900
vt 0.26585400 0.30584100
vt 0.27541400 0.31558800
vt 0.28079500 0.30569000
vt 0.28079500 0.30569000
vt 0.27000700 0.29657000
vt 0.26585400 0.30584100
vt 0.27541400 0.31558800
vt 0.28532900 0.32482900
vt 0.29176400 0.31455300
vt 0.29176400 0.31455300
vt 0.28079500 0.30569000
vt 0.27541400 0.31558800
vt 0.28532900 0.32482900
vt 0.29592600 0.33310100
vt 0.30307900 0.32292400
vt 0.30307900 0.32292400
vt 0.29176400 0.31455300
vt 0.28532900 0.32482900
vt 0.33907700 0.34511500
vt 0.33176000 0.35216300
vt 0.34139500 0.35678000
vt 0.34139500 0.35678000
vt 0.34862700 0.35073400
vt 0.33907700 0.34511500
vt 0.32684200 0.33805300
vt 0.31935200 0.34646900
vt 0.33176000 0.35216300
vt 0.33176000 0.35216300
vt 0.33907700 0.34511500
vt 0.32684200 0.33805300
vt 0.31478800 0.33073500
vt 0.30729800 0.34027000
vt 0.31935200 0.34646900
vt 0.31935200 0.34646900
vt 0.32684200 0.33805300
vt 0.31478800 0.33073500
vt 0.25659300 0.30761900
vt 0.26305700 0.31531300
vt 0.26585400 0.30584100
vt 0.26585400 0.30584100
vt 0.25824600 0.29833900
vt 0.25659300 0.30761900
vt 0.26305700 0.31531300
vt 0.27109800 0.32539000
vt 0.27541400 0.31558800
vt 0.27541400 0.31558800
vt 0.26585400 0.30584100
vt 0.26305700 0.31531300
vt 0.27109800 0.32539000
vt 0.27965800 0.33472900
vt 0.28532900 0.32482900
vt 0.28532900 0.32482900
vt 0.27541400 0.31558800
vt 0.27109800 0.32539000
vt 0.27965800 0.33472900
vt 0.28921500 0.34265000
vt 0.29592600 0.33310100
vt 0.29592600 0.33310100
vt 0.28532900 0.32482900
vt 0.27965800 0.33472900
vt 0.33176000 0.35216300
vt 0.32379600 0.35800300
vt 0.33322400 0.36147900
vt 0.33322400 0.36147900
vt 0.34139500 0.35678000
vt 0.33176000 0.35216300
vt 0.31935200 0.34646900
vt 0.31159100 0.35385000
vt 0.32379600 0.35800300
vt 0.32379600 0.35800300
vt 0.33176000 0.35216300
vt 0.31935200 0.34646900
vt 0.30729800 0.34027000
vt 0.29990500 0.34895900
vt 0.31159100 0.35385000
vt 0.31159100 0.35385000
vt 0.31935200 0.34646900
vt 0.30729800 0.34027000
vt 0.29711700 0.26685200
vt 0.30548600 0.26239700
vt 0.29655200 0.26016800
vt 0.29655200 0.26016800
vt 0.28768900 0.26337700
vt 0.29711700 0.26685200
vt 0.30932200 0.27100500
vt 0.31711700 0.26488300
vt 0.30548600 0.26239700
vt 0.30548600 0.26239700
vt 0.29711700 0.26685200
vt 0.30932200 0.27100500
vt 0.32100800 0.27589700
vt 0.32808100 0.26831800
vt 0.31711700 0.26488300
vt 0.31711700 0.26488300
vt 0.30932200 0.27100500
vt 0.32100800 0.27589700
vt 0.33169800 0.28220600
vt 0.33776400 0.27357500
vt 0.32808100 0.26831800
vt 0.32808100 0.26831800
vt 0.32100800 0.27589700
vt 0.33169800 0.28220600
vt 0.36433600 0.30781000
vt 0.35921300 0.30015900
vt 0.35785600 0.30954300
vt 0.35785600 0.30954300
vt 0.36432000 0.31723600
vt 0.36433600 0.30781000
vt 0.35921300 0.30015900
vt 0.35293500 0.29005700
vt 0.34981400 0.29946600
vt 0.34981400 0.29946600
vt 0.35785600 0.30954300
vt 0.35921300 0.30015900
vt 0.35293500 0.29005700
vt 0.34599000 0.28090500
vt 0.34125400 0.29012700
vt 0.34125400 0.29012700
vt 0.34981400 0.29946600
vt 0.35293500 0.29005700
vt 0.25657600 0.31704600
vt 0.26169900 0.32469600
vt 0.26305700 0.31531300
vt 0.26305700 0.31531300
vt 0.25659300 0.30761900
vt 0.25657600 0.31704600
vt 0.26169900 0.32469600
vt 0.26797700 0.33479800
vt 0.27109800 0.32539000
vt 0.27109800 0.32539000
vt 0.26305700 0.31531300
vt 0.26169900 0.32469600
vt 0.26797700 0.33479800
vt 0.27492300 0.34395000
vt 0.27965800 0.33472900
vt 0.27965800 0.33472900
vt 0.27109800 0.32539000
vt 0.26797700 0.33479800
vt 0.27492300 0.34395000
vt 0.28314900 0.35128000
vt 0.28921500 0.34265000
vt 0.28921500 0.34265000
vt 0.27965800 0.33472900
vt 0.27492300 0.34395000
vt 0.32379600 0.35800300
vt 0.31542600 0.36245800
vt 0.32436000 0.36468700
vt 0.32436000 0.36468700
vt 0.33322400 0.36147900
vt 0.32379600 0.35800300
vt 0.31159100 0.35385000
vt 0.30379600 0.35997200
vt 0.31542600 0.36245800
vt 0.31542600 0.36245800
vt 0.32379600 0.35800300
vt 0.31159100 0.35385000
vt 0.29990500 0.34895900
vt 0.29283200 0.35653800
vt 0.30379600 0.35997200
vt 0.30379600 0.35997200
vt 0.31159100 0.35385000
vt 0.29990500 0.34895900
vt 0.30583800 0.25854800
vt 0.29655200 0.26016800
vt 0.30548600 0.26239700
vt 0.30548600 0.26239700
vt 0.31526500 0.25856400
vt 0.30583800 0.25854800
vt 0.31526500 0.25856400
vt 0.30548600 0.26239700
vt 0.31711700 0.26488300
vt 0.31711700 0.26488300
vt 0.32454500 0.26021800
vt 0.31526500 0.25856400
vt 0.32454500 0.26021800
vt 0.31711700 0.26488300
vt 0.32808100 0.26831800
vt 0.32808100 0.26831800
vt 0.33339700 0.26345700
vt 0.32454500 0.26021800
vt 0.33339700 0.26345700
vt 0.32808100 0.26831800
vt 0.33776400 0.27357500
vt 0.33776400 0.27357500
vt 0.34155200 0.26818500
vt 0.33339700 0.26345700
vt 0.34876200 0.27425700
vt 0.34155200 0.26818500
vt 0.33776400 0.27357500
vt 0.33776400 0.27357500
vt 0.34599000 0.28090500
vt 0.34876200 0.27425700
vt 0.35480900 0.28148800
vt 0.34876200 0.27425700
vt 0.34599000 0.28090500
vt 0.34599000 0.28090500
vt 0.35293500 0.29005700
vt 0.35480900 0.28148800
vt 0.35950700 0.28966000
vt 0.35480900 0.28148800
vt 0.35293500 0.29005700
vt 0.35293500 0.29005700
vt 0.35921300 0.30015900
vt 0.35950700 0.28966000
vt 0.36271600 0.29852400
vt 0.35950700 0.28966000
vt 0.35921300 0.30015900
vt 0.35921300 0.30015900
vt 0.36433600 0.30781000
vt 0.36271600 0.29852400
vt 0.31507400 0.36630800
vt 0.32436000 0.36468700
vt 0.31542600 0.36245800
vt 0.31542600 0.36245800
vt 0.30564800 0.36629100
vt 0.31507400 0.36630800
vt 0.30564800 0.36629100
vt 0.31542600 0.36245800
vt 0.30379600 0.35997200
vt 0.30379600 0.35997200
vt 0.29636800 0.36463800
vt 0.30564800 0.36629100
vt 0.29636800 0.36463800
vt 0.30379600 0.35997200
vt 0.29283200 0.35653800
vt 0.29283200 0.35653800
vt 0.28751600 0.36139800
vt 0.29636800 0.36463800
vt 0.28751600 0.36139800
vt 0.29283200 0.35653800
vt 0.28314900 0.35128000
vt 0.28314900 0.35128000
vt 0.27936000 0.35667000
vt 0.28751600 0.36139800
vt 0.27215000 0.35059900
vt 0.27936000 0.35667000
vt 0.28314900 0.35128000
vt 0.28314900 0.35128000
vt 0.27492300 0.34395000
vt 0.27215000 0.35059900
vt 0.26610400 0.34336700
vt 0.27215000 0.35059900
vt 0.27492300 0.34395000
vt 0.27492300 0.34395000
vt 0.26797700 0.33479800
vt 0.26610400 0.34336700
vt 0.26140500 0.33519500
vt 0.26610400 0.34336700
vt 0.26797700 0.33479800
vt 0.26797700 0.33479800
vt 0.26169900 0.32469600
vt 0.26140500 0.33519500
vt 0.25819700 0.32633200
vt 0.26140500 0.33519500
vt 0.26169900 0.32469600
vt 0.26169900 0.32469600
vt 0.25657600 0.31704600
vt 0.25819700 0.32633200
f 193/193/193 194/194/194 195/195/195
f 196/196/196 197/197/197 198/198/198
f 199/199/199 200/200/200 201/201/201
f 202/202/202 203/203/203 204/204/204
f 205/205/205 206/206/206 207/207/207
f 208/208/208 209/209/209 210/210/210
f 211/211/211 212/212/212 213/213/213
f 214/214/214 215/215/215 216/216/216
f 217/217/217 218/218/218 219/219/219
f 220/220/220 221/221/221 222/222/222
f 223/223/223 224/224/224 225/225/225
f 226/226/226 227/227/227 228/228/228
f 229/229/229 230/230/230 231/231/231
f 232/232/232 233/233/233 234/234/234
f 235/235/235 236/236/236 237/237/237
f 238/238/238 239/239/239 240/240/240
f 241/241/241 242/242/242 243/243/243
f 244/244/244 245/245/245 246/246/246
f 247/247/247 248/248/248 249/249/249
f 250/250/250 251/251/251 252/252/252
f 253/253/253 254/254/254 255/255/255
f 256/256/256 257/257/257 258/258/258
f 259/259/259 260/260/260 261/261/261
f 262/262/262 263/263/263 264/264/264
f 265/265/265 266/266/266 267/267/267
f 268/268/268 269/269/269 270/270/270
f 271/271/271 272/272/272 273/273/273
f 274/274/274 275/275/275 276/276/276
f 277/277/277 278/278/278 279/279/279
f 280/280/280 281/281/281 282/282/282
f 283/283/283 284/284/284 285/285/285
f 286/286/286 287/287/287 288/288/288
f 289/289/289 290/290/290 291/291/291
f 291/291/291 292/292/292 293/293/293
f 294/294/294 295/295/295 296/296/296
f 297/297/297 298/298/298 299/299/299
f 300/300/300 301/301/301 302/302/302
f 303/303/303 304/304/304 305/305/305
f 306/306/306 307/307/307 308/308/308
f 309/309/309 310/310/310 311/311/311
f 312/312/312 313/313/313 314/314/314
f 315/315/315 316/316/316 317/317/317
f 318/318/318 319/319/319 320/320/320
f 321/321/321 322/322/322 323/323/323
f 324/324/324 325/325/325 326/326/326
f 327/327/327 328/328/328 329/329/329
f 330/330/330 331/331/331 332/332/332
f 333/333/333 334/334/334 335/335/335
f 336/336/336 337/337/337 338/338/338
f 339/339/339 340/340/340 341/341/341
f 342/342/342 343/343/343 344/344/344
f 345/345/345 346/346/346 347/347/347
f 348/348/348 349/349/349 350/350/350
f 351/351/351 352/352/352 353/353/353
f 354/354/354 355/355/355 356/356/356
f 357/357/357 358/358/358 359/359/359
f 360/360/360 361/361/361 362/362/362
f 363/363/363 364/364/364 365/365/365
f 366/366/366 367/367/367 368/368/368
f 369/369/369 370/370/370 371/371/371
f 372/372/372 373/373/373 374/374/374
f 375/375/375 376/376/376 377/377/377
f 378/378/378 379/379/379 380/380/380
f 381/381/381 382/382/382 383/383/383
f 384/384/384 385/385/385 386/386/386
f 387/387/387 388/388/388 389/389/389
f 390/390/390 391/391/391 392/392/392
f 393/393/393 394/394/394 395/395/395
f 396/396/396 397/397/397 398/398/398
f 399/399/399 400/400/400 401/401/401
f 402/402/402 403/403/403 404/404/404
f 405/405/405 406/406/406 407/407/407
f 408/408/408 409/409/409 410/410/410
f 411/411/411 412/412/412 413/413/413
f 414/414/414 415/415/415 416/416/416
f 417/417/417 418/418/418 419/419/419
f 420/420/420 421/421/421 422/422/422
f 423/423/423 424/424/424 425/425/425
f 426/426/426 427/427/427 428/428/428
f 429/429/429 430/430/430 431/431/431
f 432/432/432 433/433/433 434/434/434
f 435/435/435 436/436/436 437/437/437
f 438/438/438 439/439/439 440/440/440
f 441/441/441 442/442/442 443/443/443
f 444/444/444 445/445/445 446/446/446
f 447/447/447 448/448/448 449/449/449
f 450/450/450 451/451/451 452/452/452
f 453/453/453 454/454/454 455/455/455
f 456/456/456 457/457/457 458/458/458
f 459/459/459 460/460/460 461/461/461
f 462/462/462 463/463/463 464/464/464
f 465/465/465 466/466/466 467/467/467
f 468/468/468 469/469/469 470/470/470
f 471/471/471 472/472/472 473/473/473
f 474/474/474 475/475/475 476/476/476
f 477/477/477 478/478/478 479/479/479
f 480/480/480 481/481/481 482/482/482
f 483/483/483 484/484/484 485/485/485
f 486/486/486 487/487/487 488/488/488
f 489/489/489 490/490/490 491/491/491
f 492/492/492 493/493/493 494/494/494
f 495/495/495 496/496/496 497/497/497
f 498/498/498 499/499/499 500/500/500
f 501/501/501 502/502/502 503/503/503
f 504/504/504 505/505/505 506/506/506
f 507/507/507 508/508/508 509/509/509
f 510/510/510 511/511/511 512/512/512
f 513/513/513 514/514/514 515/515/515
f 516/516/516 517/517/517 518/518/518
f 519/519/519 520/520/520 521/521/521
f 522/522/522 523/523/523 524/524/524
f 525/525/525 526/526/526 527/527/527
f 528/528/528 529/529/529 530/530/530
f 531/531/531 532/532/532 533/533/533
f 534/534/534 535/535/535 536/536/536
f 537/537/537 538/538/538 539/539/539
f 540/540/540 541/541/541 542/542/542
f 543/543/543 544/544/544 545/545/545
f 546/546/546 547/547/547 548/548/548
f 549/549/549 550/550/550 551/551/551
f 552/552/552 553/553/553 554/554/554
f 555/555/555 556/556/556 557/557/557
f 558/558/558 559/559/559 560/560/560
f 561/561/561 562/562/562 563/563/563
f 564/564/564 565/565/565 566/566/566
f 567/567/567 568/568/568 569/569/569
f 570/570/570 571/571/571 572/572/572
f 573/573/573 574/574/574 575/575/575
f 576/576/576 577/577/577 578/578/578
f 579/579/579 580/580/580 581/581/581
f 582/582/582 583/583/583 584/584/584
f 585/585/585 586/586/586 587/587/587
f 588/588/588 589/589/589 590/590/590
f 591/591/591 592/592/592 593/593/593
f 594/594/594 595/595/595 596/596/596
f 597/597/597 598/598/598 599/599/599
f 600/600/600 601/601/601 602/602/602
f 603/603/603 604/604/604 605/605/605
f 606/606/606 607/607/607 608/608/608
f 609/609/609 610/610/610 611/611/611
f 612/612/612 613/613/613 614/614/614
f 615/615/615 616/616/616 617/617/617
f 618/618/618 619/619/619 620/620/620
f 621/621/621 622/622/622 623/623/623
f 624/624/624 625/625/625 626/626/626
f 627/627/627 628/628/628 629/629/629
f 630/630/630 631/631/631 632/632/632
f 633/633/633 634/634/634 635/635/635
f 636/636/636 637/637/637 638/638/638
f 639/639/639 640/640/640 641/641/641
f 642/642/642 643/643/643 644/644/644
f 645/645/645 646/646/646 647/647/647
f 648/648/648 649/649/649 650/650/650
f 651/651/651 652/652/652 653/653/653
f 654/654/654 655/655/655 656/656/656
f 657/657/657 658/658/658 659/659/659
f 660/660/660 661/661/661 662/662/662
f 663/663/663 664/664/664 665/665/665
f 666/666/666 667/667/667 668/668/668
f 669/669/669 670/670/670 671/671/671
f 672/672/672 673/673/673 674/674/674
f 675/675/675 676/676/676 677/677/677
f 678/678/678 679/679/679 680/680/680
f 681/681/681 682/682/682 683/683/683
f 684/684/684 685/685/685 686/686/686
f 687/687/687 688/688/688 689/689/689
f 690/690/690 691/691/691 692/692/692
f 693/693/693 694/694/694 695/695/695
f 696/696/696 697/697/697 698/698/698
f 699/699/699 700/700/700 701/701/701
f 702/702/702 703/703/703 704/704/704
f 705/705/705 706/706/706 707/707/707
f 708/708/708 709/709/709 710/710/710
f 711/711/711 712/712/712 713/713/713
f 714/714/714 715/715/715 716/716/716
f 717/717/717 718/718/718 719/719/719
f 720/720/720 721/721/721 722/722/722
f 723/723/723 724/724/724 725/725/725
f 726/726/726 727/727/727 728/728/728
f 729/729/729 730/730/730 731/731/731
f 732/732/732 733/733/733 734/734/734
f 735/735/735 736/736/736 737/737/737
f 738/738/738 739/739/739 740/740/740
f 741/741/741 742/742/742 743/743/743
f 744/744/744 745/745/745 746/746/746
f 747/747/747 748/748/748 749/749/749
f 750/750/750 751/751/751 752/752/752
f 753/753/753 754/754/754 755/755/755
f 756/756/756 757/757/757 758/758/758
f 759/759/759 760/760/760 761/761/761
f 762/762/762 763/763/763 764/764/764
f 765/765/765 766/766/766 767/767/767
f 768/768/768 769/769/769 770/770/770
f 771/771/771 772/772/772 773/773/773
f 774/774/774 775/775/775 776/776/776
f 777/777/777 778/778/778 779/779/779
f 780/780/780 781/781/781 782/782/782
f 783/783/783 784/784/784 785/785/785
f 786/786/786 787/787/787 788/788/788
f 789/789/789 790/790/790 791/791/791
f 792/792/792 793/793/793 794/794/794
f 795/795/795 796/796/796 797/797/797
f 798/798/798 799/799/799 800/800/800
f 801/801/801 802/802/802 803/803/803
f 804/804/804 805/805/805 806/806/806
f 807/807/807 808/808/808 809/809/809
f 810/810/810 811/811/811 812/812/812
f 813/813/813 814/814/814 815/815/815
f 816/816/816 817/817/817 818/818/818
f 819/819/819 820/820/820 821/821/821
f 822/822/822 823/823/823 824/824/824
f 825/825/825 826/826/826 827/827/827
f 828/828/828 829/829/829 830/830/830
f 831/831/831 832/832/832 833/833/833
f 834/834/834 835/835/835 836/836/836
f 837/837/837 838/838/838 839/839/839
f 840/840/840 841/841/841 842/842/842
f 843/843/843 844/844/844 845/845/845
f 846/846/846 847/847/847 848/848/848
f 849/849/849 850/850/850 851/851/851
f 852/852/852 853/853/853 854/854/854
f 855/855/855 856/856/856 857/857/857
f 858/858/858 859/859/859 860/860/860
f 861/861/861 862/862/862 863/863/863
f 864/864/864 865/865/865 866/866/866
f 867/867/867 868/868/868 869/869/869
f 870/870/870 871/871/871 872/872/872
f 873/873/873 874/874/874 875/875/875
f 876/876/876 877/877/877 878/878/878
f 879/879/879 880/880/880 881/881/881
f 882/882/882 883/883/883 884/884/884
f 885/885/885 886/886/886 887/887/887
f 888/888/888 889/889/889 890/890/890
f 891/891/891 892/892/892 893/893/893
f 894/894/894 895/895/895 896/896/896
f 897/897/897 898/898/898 899/899/899
f 900/900/900 901/901/901 902/902/902
f 903/903/903 904/904/904 905/905/905
f 906/906/906 907/907/907 908/908/908
f 909/909/909 910/910/910 911/911/911
f 912/912/912 913/913/913 914/914/914
f 915/915/915 916/916/916 917/917/917
f 918/918/918 919/919/919 920/920/920
f 921/921/921 922/922/922 923/923/923
f 924/924/924 925/925/925 926/926/926
f 927/927/927 928/928/928 929/929/929
f 930/930/930 931/931/931 932/932/932
f 933/933/933 934/934/934 935/935/935
f 936/936/936 937/937/937 938/938/938
f 939/939/939 940/940/940 941/941/941
f 942/942/942 943/943/943 944/944/944
f 945/945/945 946/946/946 947/947/947
f 948/948/948 949/949/949 950/950/950
f 951/951/951 952/952/952 953/953/953
f 954/954/954 955/955/955 956/956/956
f 957/957/957 958/958/958 959/959/959
f 1/1/1 2/2/2 3/3/3
f 4/4/4 5/5/5 6/6/6
f 7/7/7 8/8/8 9/9/9
f 10/10/10 11/11/11 12/12/12
f 13/13/13 14/14/14 15/15/15
f 16/16/16 17/17/17 18/18/18
f 19/19/19 20/20/20 21/21/21
f 22/22/22 23/23/23 24/24/24
f 25/25/25 26/26/26 27/27/27
f 28/28/28 29/29/29 30/30/30
f 31/31/31 32/32/32 33/33/33
f 34/34/34 35/35/35 36/36/36
f 37/37/37 38/38/38 39/39/39
f 40/40/40 41/41/41 42/42/42
f 43/43/43 44/44/44 45/45/45
f 46/46/46 47/47/47 48/48/48
f 49/49/49 50/50/50 51/51/51
f 52/52/52 53/53/53 54/54/54
f 55/55/55 56/56/56 57/57/57
f 58/58/58 59/59/59 60/60/60
f 61/61/61 62/62/62 63/63/63
f 64/64/64 65/65/65 66/66/66
f 67/67/67 68/68/68 69/69/69
f 70/70/70 71/71/71 72/72/72
f 73/73/73 74/74/74 75/75/75
f 76/76/76 77/77/77 78/78/78
f 79/79/79 80/80/80 81/81/81
f 82/82/82 83/83/83 84/84/84
f 85/85/85 86/86/86 87/87/87
f 88/88/88 89/89/89 90/90/90
f 91/91/91 92/92/92 93/93/93
f 94/94/94 95/95/95 96/96/96
f 97/97/97 98/98/98 99/99/99
f 100/100/100 101/101/101 102/102/102
f 103/103/103 104/104/104 105/105/105
f 106/106/106 107/107/107 108/108/108
f 109/109/109 110/110/110 111/111/111
f 112/112/112 113/113/113 114/114/114
f 115/115/115 116/116/116 117/117/117
f 118/118/118 119/119/119 120/120/120
f 121/121/121 122/122/122 123/123/123
f 124/124/124 125/125/125 126/126/126
f 127/127/127 128/128/128 129/129/129
f 130/130/130 131/131/131 132/132/132
f 133/133/133 134/134/134 135/135/135
f 136/136/136 137/137/137 138/138/138
f 139/139/139 140/140/140 141/141/141
f 142/142/142 143/143/143 144/144/144
f 145/145/145 146/146/146 147/147/147
f 148/148/148 149/149/149 150/150/150
f 151/151/151 152/152/152 153/153/153
f 154/154/154 155/155/155 156/156/156
f 157/157/157 158/158/158 159/159/159
f 160/160/160 161/161/161 162/162/162
f 163/163/163 164/164/164 165/165/165
f 166/166/166 167/167/167 168/168/168
f 169/169/169 170/170/170 171/171/171
f 172/172/172 173/173/173 174/174/174
f 175/175/175 176/176/176 177/177/177
f 178/178/178 179/179/179 180/180/180
f 181/181/181 182/182/182 183/183/183
f 184/184/184 185/185/185 186/186/186
f 187/187/187 188/188/188 189/189/189
f 190/190/190 191/191/191 192/192/192
f 960/960/960 961/961/961 962/962/962
f 963/963/963 964/964/964 965/965/965
f 966/966/966 967/967/967 968/968/968
f 969/969/969 962/962/962 961/961/961
f 970/970/970 971/971/971 972/972/972
f 973/973/973 968/968/968 967/967/967
f 974/974/974 975/975/975 976/976/976
f 977/977/977 972/972/972 971/971/971
f 975/975/975 978/978/978 979/979/979
f 979/979/979 976/976/976 975/975/975
f 980/980/980 981/981/981 982/982/982
f 983/983/983 979/979/979 978/978/978
f 984/984/984 985/985/985 986/986/986
f 987/987/987 988/988/988 989/989/989
f 990/990/990 991/991/991 992/992/992
f 993/993/993 986/986/986 985/985/985
f 994/994/994 995/995/995 996/996/996
f 997/997/997 992/992/992 991/991/991
f 998/998/998 999/999/999 1000/1000/1000
f 1001/1001/1001 996/996/996 995/995/995
f 1002/1002/1002 1003/1003/1003 1004/1004/1004
f 1005/1005/1005 1000/1000/1000 999/999/999
f 1006/1006/1006 1007/1007/1007 1008/1008/1008
f 1009/1009/1009 1004/1004/1004 1003/1003/1003
f 1010/1010/1010 1011/1011/1011 1012/1012/1012
f 1013/1013/1013 1014/1014/1014 1015/1015/1015
f 1016/1016/1016 1017/1017/1017 1018/1018/1018
f 1019/1019/1019 1012/1012/1012 1011/1011/1011
f 1020/1020/1020 1021/1021/1021 1022/1022/1022
f 1023/1023/1023 1018/1018/1018 1017/1017/1017
f 1024/1024/1024 1025/1025/1025 1026/1026/1026
f 1027/1027/1027 1022/1022/1022 1021/1021/1021
f 1028/1028/1028 1029/1029/1029 1030/1030/1030
f 1031/1031/1031 1026/1026/1026 1025/1025/1025
f 1032/1032/1032 1033/1033/1033 1034/1034/1034
f 1035/1035/1035 1030/1030/1030 1029/1029/1029
f 1036/1036/1036 1037/1037/1037 1038/1038/1038
f 1039/1039/1039 1040/1040/1040 1041/1041/1041
f 1042/1042/1042 1043/1043/1043 1044/1044/1044
f 1045/1045/1045 1038/1038/1038 1037/1037/1037
f 1046/1046/1046 1047/1047/1047 1048/1048/1048
f 1049/1049/1049 1044/1044/1044 1043/1043/1043
f 1050/1050/1050 1051/1051/1051 1052/1052/1052
f 1053/1053/1053 1048/1048/1048 1047/1047/1047
f 1054/1054/1054 1055/1055/1055 1056/1056/1056
f 1057/1057/1057 1052/1052/1052 1051/1051/1051
f 1058/1058/1058 1059/1059/1059 1060/1060/1060
f 1061/1061/1061 1056/1056/1056 1055/1055/1055
f 1062/1062/1062 1063/1063/1063 1064/1064/1064
f 1065/1065/1065 1066/1066/1066 1067/1067/1067
f 1068/1068/1068 1069/1069/1069 1070/1070/1070
f 1071/1071/1071 1064/1064/1064 1063/1063/1063
f 1072/1072/1072 1073/1073/1073 1074/1074/1074
f 1075/1075/1075 1070/1070/1070 1069/1069/1069
f 1076/1076/1076 1077/1077/1077 1078/1078/1078
f 1079/1079/1079 1074/1074/1074 1073/1073/1073
f 1080/1080/1080 1081/1081/1081 1082/1082/1082
f 1083/1083/1083 1078/1078/1078 1077/1077/1077
f 1084/1084/1084 1085/1085/1085 1086/1086/1086
f 1087/1087/1087 1082/1082/1082 1081/1081/1081
f 1088/1088/1088 1089/1089/1089 1090/1090/1090
f 1091/1091/1091 1092/1092/1092 1093/1093/1093
f 1094/1094/1094 1095/1095/1095 1096/1096/1096
f 1089/1089/1089 1088/1088/1088 1097/1097/1097
f 1098/1098/1098 1099/1099/1099 1100/1100/1100
f 1095/1095/1095 1094/1094/1094 1101/1101/1101
f 1102/1102/1102 1103/1103/1103 1104/1104/1104
f 1105/1105/1105 1099/1099/1099 1098/1098/1098
f 1106/1106/1106 1107/1107/1107 1108/1108/1108
f 1109/1109/1109 1104/1104/1104 1103/1103/1103
f 1110/1110/1110 1111/1111/1111 1112/1112/1112
f 1113/1113/1113 1108/1108/1108 1107/1107/1107
f 1114/1114/1114 1115/1115/1115 1116/1116/1116
f 1117/1117/1117 1118/1118/1118 1119/1119/1119
f 1120/1120/1120 1121/1121/1121 1122/1122/1122
f 1123/1123/1123 1116/1116/1116 1115/1115/1115
f 1124/1124/1124 1125/1125/1125 1126/1126/1126
f 1127/1127/1127 1122/1122/1122 1121/1121/1121
f 1128/1128/1128 1129/1129/1129 1130/1130/1130
f 1131/1131/1131 1126/1126/1126 1125/1125/1125
f 1132/1132/1132 1133/1133/1133 1134/1134/1134
f 1135/1135/1135 1130/1130/1130 1129/1129/1129
f 1136/1136/1136 1137/1137/1137 1138/1138/1138
f 1139/1139/1139 1134/1134/1134 1133/1133/1133
f 1140/1140/1140 1141/1141/1141 1142/1142/1142
f 1143/1143/1143 1144/1144/1144 1145/1145/1145
f 1146/1146/1146 1147/1147/1147 1148/1148/1148
f 1141/1141/1141 1140/1140/1140 1149/1149/1149
f 1150/1150/1150 1151/1151/1151 1152/1152/1152
f 1147/1147/1147 1146/1146/1146 1153/1153/1153
f 1154/1154/1154 1151/1151/1151 1150/1150/1150
f 1155/1155/1155 1156/1156/1156 1157/1157/1157
f 1158/1158/1158 1157/1157/1157 1156/1156/1156
f 1159/1159/1159 1160/1160/1160 1161/1161/1161
f 1162/1162/1162 1161/1161/1161 1160/1160/1160
f 1163/1163/1163 1164/1164/1164 1165/1165/1165
f 1166/1166/1166 1167/1167/1167 1168/1168/1168
f 1169/1169/1169 1170/1170/1170 1171/1171/1171
f 1170/1170/1170 1169/1169/1169 1172/1172/1172
f 1173/1173/1173 1174/1174/1174 1175/1175/1175
f 1174/1174/1174 1173/1173/1173 1176/1176/1176
f 1177/1177/1177 1178/1178/1178 1179/1179/1179
f 1178/1178/1178 1177/1177/1177 1180/1180/1180
f 1181/1181/1181 1182/1182/1182 1183/1183/1183
f 1182/1182/1182 1181/1181/1181 1184/1184/1184
f 1185/1185/1185 1186/1186/1186 1187/1187/1187
f 1186/1186/1186 1185/1185/1185 1188/1188/1188
f 1189/1189/1189 1190/1190/1190 1191/1191/1191
f 1192/1192/1192 1193/1193/1193 1194/1194/1194
f 1195/1195/1195 1196/1196/1196 1197/1197/1197
f 1196/1196/1196 1195/1195/1195 1198/1198/1198
f 1199/1199/1199 1200/1200/1200 1201/1201/1201
f 1200/1200/1200 1199/1199/1199 1202/1202/1202
f 1203/1203/1203 1204/1204/1204 1205/1205/1205
f 1204/1204/1204 1203/1203/1203 1206/1206/1206
f 1207/1207/1207 1208/1208/1208 1209/1209/1209
f 1208/1208/1208 1207/1207/1207 1210/1210/1210
f 1211/1211/1211 1212/1212/1212 1213/1213/1213
f 1212/1212/1212 1211/1211/1211 1214/1214/1214
f 1215/1215/1215 1216/1216/1216 1217/1217/1217
f 1218/1218/1218 1219/1219/1219 1220/1220/1220
f 1221/1221/1221 1222/1222/1222 1223/1223/1223
f 1222/1222/1222 1221/1221/1221 1224/1224/1224
f 1225/1225/1225 1226/1226/1226 1227/1227/1227
f 1226/1226/1226 1225/1225/1225 1228/1228/1228
f 1229/1229/1229 1230/1230/1230 1231/1231/1231
f 1230/1230/1230 1229/1229/1229 1232/1232/1232
f 1233/1233/1233 1234/1234/1234 1235/1235/1235
f 1234/1234/1234 1233/1233/1233 1236/1236/1236
f 1237/1237/1237 1238/1238/1238 1239/1239/1239
f 1238/1238/1238 1237/1237/1237 1240/1240/1240
f 1241/1241/1241 1242/1242/1242 1243/1243/1243
f 1244/1244/1244 1245/1245/1245 1246/1246/1246
f 1247/1247/1247 1248/1248/1248 1249/1249/1249
f 1248/1248/1248 1247/1247/1247 1250/1250/1250
f 1251/1251/1251 1252/1252/1252 1253/1253/1253
f 1252/1252/1252 1251/1251/1251 1254/1254/1254
f 1255/1255/1255 1256/1256/1256 1257/1257/1257
f 1256/1256/1256 1255/1255/1255 1258/1258/1258
f 1259/1259/1259 1260/1260/1260 1261/1261/1261
f 1260/1260/1260 1259/1259/1259 1262/1262/1262
f 1263/1263/1263 1264/1264/1264 1265/1265/1265
f 1264/1264/1264 1263/1263/1263 1266/1266/1266
f 1267/1267/1267 1268/1268/1268 1269/1269/1269
f 1270/1270/1270 1271/1271/1271 1272/1272/1272
f 1273/1273/1273 1274/1274/1274 1275/1275/1275
f 1274/1274/1274 1273/1273/1273 1276/1276/1276
f 1277/1277/1277 1278/1278/1278 1279/1279/1279
f 1278/1278/1278 1277/1277/1277 1280/1280/1280
f 1281/1281/1281 1282/1282/1282 1283/1283/1283
f 1282/1282/1282 1281/1281/1281 1284/1284/1284
f 1285/1285/1285 1286/1286/1286 1287/1287/1287
f 1286/1286/1286 1285/1285/1285 1288/1288/1288
f 1289/1289/1289 1290/1290/1290 1291/1291/1291
f 1290/1290/1290 1289/1289/1289 1292/1292/1292
f 1293/1293/1293 1294/1294/1294 1295/1295/1295
f 1296/1296/1296 1297/1297/1297 1298/1298/1298
f 1299/1299/1299 1300/1300/1300 1301/1301/1301
f 1302/1302/1302 1301/1301/1301 1300/1300/1300
f 1303/1303/1303 1304/1304/1304 1305/1305/1305
f 1306/1306/1306 1305/1305/1305 1304/1304/1304
f 1307/1307/1307 1308/1308/1308 1309/1309/1309
f 1309/1309/1309 1308/1308/1308 1310/1310/1310
f 1311/1311/1311 1312/1312/1312 1313/1313/1313
f 1312/1312/1312 1311/1311/1311 1314/1314/1314
f 1315/1315/1315 1316/1316/1316 1317/1317/1317
f 1316/1316/1316 1315/1315/1315 1318/1318/1318
f 1319/1319/1319 1320/1320/1320 1321/1321/1321
f 1322/1322/1322 1323/1323/1323 1324/1324/1324
f 1325/1325/1325 1326/1326/1326 1327/1327/1327
f 1326/1326/1326 1325/1325/1325 1328/1328/1328
f 1329/1329/1329 1330/1330/1330 1331/1331/1331
f 1330/1330/1330 1329/1329/1329 1332/1332/1332
f 1333/1333/1333 1334/1334/1334 1335/1335/1335
f 1334/1334/1334 1333/1333/1333 1336/1336/1336
f 1337/1337/1337 1338/1338/1338 1339/1339/1339
f 1338/1338/1338 1337/1337/1337 1340/1340/1340
f 1341/1341/1341 1342/1342/1342 1343/1343/1343
f 1342/1342/1342 1341/1341/1341 1344/1344/1344
f 1345/1345/1345 1346/1346/1346 1347/1347/1347
f 1348/1348/1348 1349/1349/1349 1350/1350/1350
f 1351/1351/1351 1352/1352/1352 1353/1353/1353
f 1354/1354/1354 1353/1353/1353 1352/1352/1352
f 1355/1355/1355 1356/1356/1356 1357/1357/1357
f 1358/1358/1358 1357/1357/1357 1356/1356/1356
f 1359/1359/1359 1360/1360/1360 1361/1361/1361
f 1362/1362/1362 1363/1363/1363 1364/1364/1364
f 1361/1361/1361 1360/1360/1360 1365/1365/1365
f 1366/1366/1366 1367/1367/1367 1368/1368/1368
f 1363/1363/1363 1362/1362/1362 1369/1369/1369
f 1370/1370/1370 1371/1371/1371 1372/1372/1372
f 1367/1367/1367 1366/1366/1366 1373/1373/1373
f 1374/1374/1374 1375/1375/1375 1376/1376/1376
f 1377/1377/1377 1378/1378/1378 1379/1379/1379
f 1380/1380/1380 1381/1381/1381 1382/1382/1382
f 1383/1383/1383 1384/1384/1384 1385/1385/1385
f 1386/1386/1386 1387/1387/1387 1388/1388/1388
f 1389/1389/1389 1390/1390/1390 1391/1391/1391
f 1392/1392/1392 1393/1393/1393 1394/1394/1394
f 1395/1395/1395 1396/1396/1396 1397/1397/1397
f 1398/1398/1398 1399/1399/1399 1400/1400/1400
f 1401/1401/1401 1402/1402/1402 1403/1403/1403
f 1404/1404/1404 1405/1405/1405 1406/1406/1406
f 1407/1407/1407 1408/1408/1408 1409/1409/1409
f 1410/1410/1410 1411/1411/1411 1412/1412/1412
f 1413/1413/1413 1414/1414/1414 1415/1415/1415
f 1416/1416/1416 1417/1417/1417 1418/1418/1418
f 1419/1419/1419 1420/1420/1420 1421/1421/1421
f 1422/1422/1422 1423/1423/1423 1424/1424/1424
f 1425/1425/1425 1426/1426/1426 1427/1427/1427
f 1428/1428/1428 1429/1429/1429 1430/1430/1430
f 1431/1431/1431 1432/1432/1432 1433/1433/1433
f 1434/1434/1434 1435/1435/1435 1436/1436/1436
f 1437/1437/1437 1438/1438/1438 1439/1439/1439
f 1440/1440/1440 1441/1441/1441 1442/1442/1442
f 1443/1443/1443 1444/1444/1444 1445/1445/1445
f 1446/1446/1446 1447/1447/1447 1448/1448/1448
f 1449/1449/1449 1450/1450/1450 1451/1451/1451
f 1452/1452/1452 1453/1453/1453 1454/1454/1454
f 1455/1455/1455 1456/1456/1456 1457/1457/1457
f 1458/1458/1458 1459/1459/1459 1460/1460/1460
f 1461/1461/1461 1462/1462/1462 1463/1463/1463
f 1464/1464/1464 1465/1465/1465 1466/1466/1466
f 1467/1467/1467 1468/1468/1468 1469/1469/1469
f 1470/1470/1470 1471/1471/1471 1472/1472/1472
f 1473/1473/1473 1474/1474/1474 1475/1475/1475
f 1476/1476/1476 1477/1477/1477 1478/1478/1478
f 1479/1479/1479 1480/1480/1480 1481/1481/1481
f 1482/1482/1482 1483/1483/1483 1484/1484/1484
f 1485/1485/1485 1486/1486/1486 1487/1487/1487
f 1488/1488/1488 1489/1489/1489 1490/1490/1490
f 1491/1491/1491 1492/1492/1492 1493/1493/1493
f 1494/1494/1494 1495/1495/1495 1496/1496/1496
f 1497/1497/1497 1498/1498/1498 1499/1499/1499
f 1500/1500/1500 1501/1501/1501 1502/1502/1502
f 1503/1503/1503 1504/1504/1504 1505/1505/1505
f 1506/1506/1506 1507/1507/1507 1508/1508/1508
f 1509/1509/1509 1510/1510/1510 1511/1511/1511
f 1512/1512/1512 1513/1513/1513 1514/1514/1514
f 1515/1515/1515 1516/1516/1516 1517/1517/1517
f 1518/1518/1518 1519/1519/1519 1520/1520/1520
f 1521/1521/1521 1522/1522/1522 1523/1523/1523
f 1524/1524/1524 1525/1525/1525 1526/1526/1526
f 1527/1527/1527 1528/1528/1528 1529/1529/1529
f 1530/1530/1530 1531/1531/1531 1532/1532/1532
f 1533/1533/1533 1534/1534/1534 1535/1535/1535
f 1536/1536/1536 1537/1537/1537 1538/1538/1538
f 1539/1539/1539 1540/1540/1540 1541/1541/1541
f 1542/1542/1542 1543/1543/1543 1544/1544/1544
f 1545/1545/1545 1546/1546/1546 1547/1547/1547
f 1548/1548/1548 1549/1549/1549 1550/1550/1550
f 1551/1551/1551 1552/1552/1552 1553/1553/1553
f 1554/1554/1554 1555/1555/1555 1556/1556/1556
f 1557/1557/1557 1558/1558/1558 1559/1559/1559
f 1560/1560/1560 1561/1561/1561 1562/1562/1562
f 1563/1563/1563 1564/1564/1564 1565/1565/1565
f 1566/1566/1566 1567/1567/1567 1568/1568/1568
f 1569/1569/1569 1570/1570/1570 1571/1571/1571
f 1572/1572/1572 1573/1573/1573 1574/1574/1574
f 1575/1575/1575 1576/1576/1576 1577/1577/1577
f 1578/1578/1578 1579/1579/1579 1580/1580/1580
f 1581/1581/1581 1582/1582/1582 1583/1583/1583
f 1584/1584/1584 1585/1585/1585 1586/1586/1586
f 1587/1587/1587 1588/1588/1588 1589/1589/1589
f 1590/1590/1590 1591/1591/1591 1592/1592/1592
f 1593/1593/1593 1594/1594/1594 1595/1595/1595
f 1596/1596/1596 1597/1597/1597 1598/1598/1598
f 1599/1599/1599 1600/1600/1600 1601/1601/1601
f 1602/1602/1602 1603/1603/1603 1604/1604/1604
f 1605/1605/1605 1606/1606/1606 1607/1607/1607
f 1608/1608/1608 1609/1609/1609 1610/1610/1610
f 1611/1611/1611 1612/1612/1612 1613/1613/1613
f 1614/1614/1614 1615/1615/1615 1616/1616/1616
f 1617/1617/1617 1618/1618/1618 1619/1619/1619
f 1620/1620/1620 1621/1621/1621 1622/1622/1622
f 1623/1623/1623 1624/1624/1624 1625/1625/1625
f 1626/1626/1626 1627/1627/1627 1628/1628/1628
f 1629/1629/1629 1630/1630/1630 1631/1631/1631
f 1632/1632/1632 1633/1633/1633 1634/1634/1634
f 1635/1635/1635 1636/1636/1636 1637/1637/1637
f 1638/1638/1638 1639/1639/1639 1640/1640/1640
f 1641/1641/1641 1642/1642/1642 1643/1643/1643
f 1644/1644/1644 1645/1645/1645 1646/1646/1646
f 1647/1647/1647 1648/1648/1648 1649/1649/1649
f 1650/1650/1650 1651/1651/1651 1652/1652/1652
f 1653/1653/1653 1654/1654/1654 1655/1655/1655
f 1656/1656/1656 1657/1657/1657 1658/1658/1658
f 1659/1659/1659 1660/1660/1660 1661/1661/1661
f 1662/1662/1662 1663/1663/1663 1664/1664/1664
f 1665/1665/1665 1666/1666/1666 1667/1667/1667
f 1668/1668/1668 1669/1669/1669 1670/1670/1670
f 1671/1671/1671 1672/1672/1672 1673/1673/1673
f 1674/1674/1674 1675/1675/1675 1676/1676/1676
f 1677/1677/1677 1678/1678/1678 1679/1679/1679
f 1680/1680/1680 1681/1681/1681 1682/1682/1682
f 1683/1683/1683 1684/1684/1684 1685/1685/1685
f 1686/1686/1686 1687/1687/1687 1688/1688/1688
f 1689/1689/1689 1690/1690/1690 1691/1691/1691
f 1692/1692/1692 1693/1693/1693 1694/1694/1694
f 1695/1695/1695 1696/1696/1696 1697/1697/1697
f 1698/1698/1698 1699/1699/1699 1700/1700/1700
f 1701/1701/1701 1702/1702/1702 1703/1703/1703
f 1704/1704/1704 1705/1705/1705 1706/1706/1706
f 1707/1707/1707 1708/1708/1708 1709/1709/1709
f 1710/1710/1710 1711/1711/1711 1712/1712/1712
f 1713/1713/1713 1714/1714/1714 1715/1715/1715
f 1716/1716/1716 1717/1717/1717 1718/1718/1718
f 1719/1719/1719 1720/1720/1720 1721/1721/1721
f 1722/1722/1722 1723/1723/1723 1724/1724/1724
f 1725/1725/1725 1726/1726/1726 1727/1727/1727
f 1728/1728/1728 1729/1729/1729 1730/1730/1730
f 1731/1731/1731 1732/1732/1732 1733/1733/1733
f 1734/1734/1734 1735/1735/1735 1736/1736/1736
f 1737/1737/1737 1738/1738/1738 1739/1739/1739
f 1740/1740/1740 1741/1741/1741 1742/1742/1742
f 1743/1743/1743 1744/1744/1744 1745/1745/1745
f 1746/1746/1746 1747/1747/1747 1748/1748/1748
f 1749/1749/1749 1750/1750/1750 1751/1751/1751
f 1752/1752/1752 1753/1753/1753 1754/1754/1754
f 1755/1755/1755 1756/1756/1756 1757/1757/1757
f 1758/1758/1758 1759/1759/1759 1760/1760/1760
f 1761/1761/1761 1762/1762/1762 1763/1763/1763
f 1764/1764/1764 1765/1765/1765 1766/1766/1766
f 1767/1767/1767 1768/1768/1768 1769/1769/1769
f 1770/1770/1770 1771/1771/1771 1772/1772/1772
f 1773/1773/1773 1774/1774/1774 1775/1775/1775
f 1776/1776/1776 1777/1777/1777 1778/1778/1778
f 1779/1779/1779 1780/1780/1780 1781/1781/1781
f 1782/1782/1782 1783/1783/1783 1784/1784/1784
f 1785/1785/1785 1786/1786/1786 1787/1787/1787
f 1788/1788/1788 1789/1789/1789 1790/1790/1790
f 1791/1791/1791 1792/1792/1792 1793/1793/1793
f 1794/1794/1794 1795/1795/1795 1796/1796/1796
f 1797/1797/1797 1798/1798/1798 1799/1799/1799
f 1800/1800/1800 1801/1801/1801 1802/1802/1802
f 1803/1803/1803 1804/1804/1804 1805/1805/1805
f 1806/1806/1806 1807/1807/1807 1808/1808/1808
f 1809/1809/1809 1810/1810/1810 1811/1811/1811
f 1812/1812/1812 1813/1813/1813 1814/1814/1814
f 1815/1815/1815 1816/1816/1816 1817/1817/1817
f 1818/1818/1818 1819/1819/1819 1820/1820/1820
f 1821/1821/1821 1822/1822/1822 1823/1823/1823
f 1824/1824/1824 1825/1825/1825 1826/1826/1826
f 1827/1827/1827 1828/1828/1828 1829/1829/1829
f 1830/1830/1830 1831/1831/1831 1832/1832/1832
f 1833/1833/1833 1834/1834/1834 1835/1835/1835
f 1836/1836/1836 1837/1837/1837 1838/1838/1838
f 1839/1839/1839 1840/1840/1840 1841/1841/1841
f 1842/1842/1842 1843/1843/1843 1844/1844/1844
f 1845/1845/1845 1846/1846/1846 1847/1847/1847
f 1848/1848/1848 1849/1849/1849 1850/1850/1850
f 1851/1851/1851 1852/1852/1852 1853/1853/1853
f 1854/1854/1854 1855/1855/1855 1856/1856/1856
f 1857/1857/1857 1858/1858/1858 1859/1859/1859
f 1860/1860/1860 1861/1861/1861 1862/1862/1862
f 1863/1863/1863 1864/1864/1864 1865/1865/1865
f 1866/1866/1866 1867/1867/1867 1868/1868/1868
f 1869/1869/1869 1870/1870/1870 1871/1871/1871
f 1872/1872/1872 1873/1873/1873 1874/1874/1874
f 1875/1875/1875 1876/1876/1876 1877/1877/1877
f 1878/1878/1878 1879/1879/1879 1880/1880/1880
f 1881/1881/1881 1882/1882/1882 1883/1883/1883
f 1884/1884/1884 1885/1885/1885 1886/1886/1886
f 1887/1887/1887 1888/1888/1888 1889/1889/1889
f 1890/1890/1890 1891/1891/1891 1892/1892/1892
f 1893/1893/1893 1894/1894/1894 1895/1895/1895
f 1896/1896/1896 1897/1897/1897 1898/1898/1898
f 1899/1899/1899 1900/1900/1900 1901/1901/1901
f 1902/1902/1902 1903/1903/1903 1904/1904/1904
f 1905/1905/1905 1906/1906/1906 1907/1907/1907
f 1908/1908/1908 1909/1909/1909 1910/1910/1910
f 1911/1911/1911 1912/1912/1912 1913/1913/1913
f 1914/1914/1914 1915/1915/1915 1916/1916/1916
f 1917/1917/1917 1918/1918/1918 1919/1919/1919
f 1920/1920/1920 1921/1921/1921 1922/1922/1922
f 1923/1923/1923 1924/1924/1924 1925/1925/1925
f 1926/1926/1926 1927/1927/1927 1928/1928/1928
f 1929/1929/1929 1930/1930/1930 1931/1931/1931
f 1932/1932/1932 1933/1933/1933 1934/1934/1934
f 1935/1935/1935 1936/1936/1936 1937/1937/1937
f 1938/1938/1938 1939/1939/1939 1940/1940/1940
f 1941/1941/1941 1942/1942/1942 1943/1943/1943
f 1944/1944/1944 1945/1945/1945 1946/1946/1946
f 1947/1947/1947 1948/1948/1948 1949/1949/1949
f 1950/1950/1950 1951/1951/1951 1952/1952/1952
f 1953/1953/1953 1954/1954/1954 1955/1955/1955
f 1956/1956/1956 1957/1957/1957 1958/1958/1958
f 1959/1959/1959 1960/1960/1960 1961/1961/1961
f 1962/1962/1962 1963/1963/1963 1964/1964/1964
f 1965/1965/1965 1966/1966/1966 1967/1967/1967
f 1968/1968/1968 1969/1969/1969 1970/1970/1970
f 1971/1971/1971 1972/1972/1972 1973/1973/1973
f 1974/1974/1974 1975/1975/1975 1976/1976/1976
f 1977/1977/1977 1978/1978/1978 1979/1979/1979
f 1980/1980/1980 1981/1981/1981 1982/1982/1982
f 1983/1983/1983 1984/1984/1984 1985/1985/1985
f 1986/1986/1986 1987/1987/1987 1988/1988/1988
f 1989/1989/1989 1990/1990/1990 1991/1991/1991
f 1992/1992/1992 1993/1993/1993 1994/1994/1994
f 1995/1995/1995 1996/1996/1996 1997/1997/1997
f 1998/1998/1998 1999/1999/1999 2000/2000/2000
f 2001/2001/2001 2002/2002/2002 2003/2003/2003
f 2004/2004/2004 2005/2005/2005 2006/2006/2006
f 2007/2007/2007 2008/2008/2008 2009/2009/2009
f 2010/2010/2010 2011/2011/2011 2012/2012/2012
f 2013/2013/2013 2014/2014/2014 2015/2015/2015
f 2016/2016/2016 2017/2017/2017 2018/2018/2018
f 2019/2019/2019 2020/2020/2020 2021/2021/2021
f 2022/2022/2022 2023/2023/2023 2024/2024/2024
f 2025/2025/2025 2026/2026/2026 2027/2027/2027
f 2028/2028/2028 2029/2029/2029 2030/2030/2030
f 2031/2031/2031 2032/2032/2032 2033/2033/2033
f 2034/2034/2034 2035/2035/2035 2036/2036/2036
f 2037/2037/2037 2038/2038/2038 2039/2039/2039
f 2040/2040/2040 2041/2041/2041 2042/2042/2042
f 2043/2043/2043 2044/2044/2044 2045/2045/2045
f 2046/2046/2046 2047/2047/2047 2048/2048/2048
f 2049/2049/2049 2050/2050/2050 2051/2051/2051
f 2052/2052/2052 2053/2053/2053 2054/2054/2054
f 2055/2055/2055 2056/2056/2056 2057/2057/2057
f 2058/2058/2058 2059/2059/2059 2060/2060/2060
f 2061/2061/2061 2062/2062/2062 2063/2063/2063
f 2064/2064/2064 2065/2065/2065 2066/2066/2066
f 2067/2067/2067 2068/2068/2068 2069/2069/2069
f 2070/2070/2070 2071/2071/2071 2072/2072/2072
f 2073/2073/2073 2074/2074/2074 2075/2075/2075
f 2076/2076/2076 2077/2077/2077 2078/2078/2078
f 2079/2079/2079 2080/2080/2080 2081/2081/2081
f 2082/2082/2082 2083/2083/2083 2084/2084/2084
f 2085/2085/2085 2086/2086/2086 2087/2087/2087
f 2088/2088/2088 2089/2089/2089 2090/2090/2090
f 2091/2091/2091 2092/2092/2092 2093/2093/2093
f 2094/2094/2094 2095/2095/2095 2096/2096/2096
f 2097/2097/2097 2098/2098/2098 2099/2099/2099
f 2100/2100/2100 2101/2101/2101 2102/2102/2102
f 2103/2103/2103 2104/2104/2104 2105/2105/2105
f 2106/2106/2106 2107/2107/2107 2108/2108/2108
f 2109/2109/2109 2110/2110/2110 2111/2111/2111
f 2112/2112/2112 2113/2113/2113 2114/2114/2114
f 2115/2115/2115 2116/2116/2116 2117/2117/2117
f 2118/2118/2118 2119/2119/2119 2120/2120/2120
f 2121/2121/2121 2122/2122/2122 2123/2123/2123
f 2124/2124/2124 2125/2125/2125 2126/2126/2126
f 2127/2127/2127 2128/2128/2128 2129/2129/2129
f 2130/2130/2130 2131/2131/2131 2132/2132/2132
f 2133/2133/2133 2134/2134/2134 2135/2135/2135
f 2136/2136/2136 2137/2137/2137 2138/2138/2138
f 2139/2139/2139 2140/2140/2140 2141/2141/2141
f 2142/2142/2142 2143/2143/2143 2144/2144/2144
f 2145/2145/2145 2146/2146/2146 2147/2147/2147
f 2148/2148/2148 2149/2149/2149 2150/2150/2150
f 2151/2151/2151 2152/2152/2152 2153/2153/2153
f 2154/2154/2154 2155/2155/2155 2156/2156/2156
f 2157/2157/2157 2158/2158/2158 2159/2159/2159
f 2160/2160/2160 2161/2161/2161 2162/2162/2162
f 2163/2163/2163 2164/2164/2164 2165/2165/2165
f 2166/2166/2166 2167/2167/2167 2168/2168/2168
f 2169/2169/2169 2170/2170/2170 2171/2171/2171
f 2172/2172/2172 2173/2173/2173 2174/2174/2174
f 2175/2175/2175 2176/2176/2176 2177/2177/2177
f 2178/2178/2178 2179/2179/2179 2180/2180/2180
f 2181/2181/2181 2182/2182/2182 2183/2183/2183
f 2184/2184/2184 2185/2185/2185 2186/2186/2186
f 2187/2187/2187 2188/2188/2188 2189/2189/2189
f 2190/2190/2190 2191/2191/2191 2192/2192/2192
f 2193/2193/2193 2194/2194/2194 2195/2195/2195
f 2196/2196/2196 2197/2197/2197 2198/2198/2198
f 2199/2199/2199 2200/2200/2200 2201/2201/2201
f 2202/2202/2202 2203/2203/2203 2204/2204/2204
f 2205/2205/2205 2206/2206/2206 2207/2207/2207
f 2208/2208/2208 2209/2209/2209 2210/2210/2210
f 2211/2211/2211 2212/2212/2212 2213/2213/2213
f 2214/2214/2214 2215/2215/2215 2216/2216/2216
f 2217/2217/2217 2218/2218/2218 2219/2219/2219
f 2220/2220/2220 2221/2221/2221 2222/2222/2222
f 2223/2223/2223 2224/2224/2224 2225/2225/2225
f 2226/2226/2226 2227/2227/2227 2228/2228/2228
f 2229/2229/2229 2230/2230/2230 2231/2231/2231
f 2232/2232/2232 2233/2233/2233 2234/2234/2234
f 2235/2235/2235 2236/2236/2236 2237/2237/2237
f 2238/2238/2238 2239/2239/2239 2240/2240/2240
f 2241/2241/2241 2242/2242/2242 2243/2243/2243
f 2244/2244/2244 2245/2245/2245 2246/2246/2246
f 2247/2247/2247 2248/2248/2248 2249/2249/2249
f 2250/2250/2250 2251/2251/2251 2252/2252/2252
f 2253/2253/2253 2254/2254/2254 2255/2255/2255
f 2256/2256/2256 2257/2257/2257 2258/2258/2258
f 2259/2259/2259 2260/2260/2260 2261/2261/2261
f 2262/2262/2262 2263/2263/2263 2264/2264/2264
f 2265/2265/2265 2266/2266/2266 2267/2267/2267
f 2268/2268/2268 2269/2269/2269 2270/2270/2270
f 2271/2271/2271 2272/2272/2272 2273/2273/2273
f 2274/2274/2274 2275/2275/2275 2276/2276/2276
f 2277/2277/2277 2278/2278/2278 2279/2279/2279
f 2280/2280/2280 2281/2281/2281 2282/2282/2282
f 2283/2283/2283 2284/2284/2284 2285/2285/2285
f 2286/2286/2286 2287/2287/2287 2288/2288/2288
f 2289/2289/2289 2290/2290/2290 2291/2291/2291
f 2292/2292/2292 2293/2293/2293 2294/2294/2294
f 2295/2295/2295 2296/2296/2296 2297/2297/2297
f 2298/2298/2298 2299/2299/2299 2300/2300/2300
f 2301/2301/2301 2302/2302/2302 2303/2303/2303
f 2304/2304/2304 2305/2305/2305 2306/2306/2306
f 2307/2307/2307 2308/2308/2308 2309/2309/2309
f 2310/2310/2310 2311/2311/2311 2312/2312/2312
f 2313/2313/2313 2314/2314/2314 2315/2315/2315
f 2316/2316/2316 2317/2317/2317 2318/2318/2318
f 2319/2319/2319 2320/2320/2320 2321/2321/2321
f 2322/2322/2322 2323/2323/2323 2324/2324/2324
f 2325/2325/2325 2326/2326/2326 2327/2327/2327
f 2328/2328/2328 2329/2329/2329 2330/2330/2330
f 2331/2331/2331 2332/2332/2332 2333/2333/2333
f 2334/2334/2334 2335/2335/2335 2336/2336/2336
f 2337/2337/2337 2338/2338/2338 2339/2339/2339
f 2340/2340/2340 2341/2341/2341 2342/2342/2342
f 2343/2343/2343 2344/2344/2344 2345/2345/2345
f 2346/2346/2346 2347/2347/2347 2348/2348/2348
f 2349/2349/2349 2350/2350/2350 2351/2351/2351
f 2352/2352/2352 2353/2353/2353 2354/2354/2354
f 2355/2355/2355 2356/2356/2356 2357/2357/2357
f 2358/2358/2358 2359/2359/2359 2360/2360/2360
f 2361/2361/2361 2362/2362/2362 2363/2363/2363
f 2364/2364/2364 2365/2365/2365 2366/2366/2366
f 2367/2367/2367 2368/2368/2368 2369/2369/2369
f 2370/2370/2370 2371/2371/2371 2372/2372/2372
f 2373/2373/2373 2374/2374/2374 2375/2375/2375
f 2376/2376/2376 2377/2377/2377 2378/2378/2378
f 2379/2379/2379 2380/2380/2380 2381/2381/2381
f 2382/2382/2382 2383/2383/2383 2384/2384/2384
f 2385/2385/2385 2386/2386/2386 2387/2387/2387
f 2388/2388/2388 2389/2389/2389 2390/2390/2390
f 2391/2391/2391 2392/2392/2392 2393/2393/2393
f 2394/2394/2394 2395/2395/2395 2396/2396/2396
f 2397/2397/2397 2398/2398/2398 2399/2399/2399
f 2400/2400/2400 2401/2401/2401 2402/2402/2402
f 2403/2403/2403 2404/2404/2404 2405/2405/2405
f 2406/2406/2406 2407/2407/2407 2408/2408/2408
f 2409/2409/2409 2410/2410/2410 2411/2411/2411
f 2412/2412/2412 2413/2413/2413 2414/2414/2414
f 2415/2415/2415 2416/2416/2416 2417/2417/2417
f 2418/2418/2418 2419/2419/2419 2420/2420/2420
f 2421/2421/2421 2422/2422/2422 2423/2423/2423
f 2424/2424/2424 2425/2425/2425 2426/2426/2426
f 2427/2427/2427 2428/2428/2428 2429/2429/2429
f 2430/2430/2430 2431/2431/2431 2432/2432/2432
f 2433/2433/2433 2434/2434/2434 2435/2435/2435
f 2436/2436/2436 2437/2437/2437 2438/2438/2438
f 2439/2439/2439 2440/2440/2440 2441/2441/2441
f 2442/2442/2442 2443/2443/2443 2444/2444/2444
f 2445/2445/2445 2446/2446/2446 2447/2447/2447
f 2448/2448/2448 2449/2449/2449 2450/2450/2450
f 2451/2451/2451 2452/2452/2452 2453/2453/2453
f 2454/2454/2454 2455/2455/2455 2456/2456/2456
f 2457/2457/2457 2458/2458/2458 2459/2459/2459
f 2460/2460/2460 2461/2461/2461 2462/2462/2462
f 2463/2463/2463 2464/2464/2464 2465/2465/2465
f 2466/2466/2466 2467/2467/2467 2468/2468/2468
f 2469/2469/2469 2470/2470/2470 2471/2471/2471
f 2472/2472/2472 2473/2473/2473 2474/2474/2474
f 2475/2475/2475 2476/2476/2476 2477/2477/2477
f 2478/2478/2478 2479/2479/2479 2480/2480/2480
f 2481/2481/2481 2482/2482/2482 2483/2483/2483
f 2484/2484/2484 2485/2485/2485 2486/2486/2486
f 2487/2487/2487 2488/2488/2488 2489/2489/2489
f 2490/2490/2490 2491/2491/2491 2492/2492/2492
f 2493/2493/2493 2494/2494/2494 2495/2495/2495
f 2496/2496/2496 2497/2497/2497 2498/2498/2498
f 2499/2499/2499 2500/2500/2500 2501/2501/2501
f 2502/2502/2502 2503/2503/2503 2504/2504/2504
f 2505/2505/2505 2506/2506/2506 2507/2507/2507
f 2508/2508/2508 2509/2509/2509 2510/2510/2510
f 2511/2511/2511 2512/2512/2512 2513/2513/2513
f 2514/2514/2514 2515/2515/2515 2516/2516/2516
f 2517/2517/2517 2518/2518/2518 2519/2519/2519
f 2520/2520/2520 2521/2521/2521 2522/2522/2522
f 2523/2523/2523 2524/2524/2524 2525/2525/2525
f 2526/2526/2526 2527/2527/2527 2528/2528/2528
f 2529/2529/2529 2530/2530/2530 2531/2531/2531
f 2532/2532/2532 2533/2533/2533 2534/2534/2534
f 2535/2535/2535 2536/2536/2536 2537/2537/2537
f 2538/2538/2538 2539/2539/2539 2540/2540/2540
f 2541/2541/2541 2542/2542/2542 2543/2543/2543
f 2544/2544/2544 2545/2545/2545 2546/2546/2546
f 2547/2547/2547 2548/2548/2548 2549/2549/2549
f 2550/2550/2550 2551/2551/2551 2552/2552/2552
f 2553/2553/2553 2554/2554/2554 2555/2555/2555
f 2556/2556/2556 2557/2557/2557 2558/2558/2558
f 2559/2559/2559 2560/2560/2560 2561/2561/2561
f 2562/2562/2562 2563/2563/2563 2564/2564/2564
f 2565/2565/2565 2566/2566/2566 2567/2567/2567
f 2568/2568/2568 2569/2569/2569 2570/2570/2570
f 2571/2571/2571 2572/2572/2572 2573/2573/2573
f 2574/2574/2574 2575/2575/2575 2576/2576/2576
f 2577/2577/2577 2578/2578/2578 2579/2579/2579
f 2580/2580/2580 2581/2581/2581 2582/2582/2582
f 2583/2583/2583 2584/2584/2584 2585/2585/2585
f 2586/2586/2586 2587/2587/2587 2588/2588/2588
f 2589/2589/2589 2590/2590/2590 2591/2591/2591
f 2592/2592/2592 2593/2593/2593 2594/2594/2594
f 2595/2595/2595 2596/2596/2596 2597/2597/2597
f 2598/2598/2598 2599/2599/2599 2600/2600/2600
f 2601/2601/2601 2602/2602/2602 2603/2603/2603
f 2604/2604/2604 2605/2605/2605 2606/2606/2606
f 2607/2607/2607 2608/2608/2608 2609/2609/2609
f 2610/2610/2610 2611/2611/2611 2612/2612/2612
f 2613/2613/2613 2614/2614/2614 2615/2615/2615
f 2616/2616/2616 2617/2617/2617 2618/2618/2618
f 2619/2619/2619 2620/2620/2620 2621/2621/2621
f 2622/2622/2622 2623/2623/2623 2624/2624/2624
f 2625/2625/2625 2626/2626/2626 2627/2627/2627
f 2628/2628/2628 2629/2629/2629 2630/2630/2630
f 2631/2631/2631 2632/2632/2632 2633/2633/2633
f 2634/2634/2634 2635/2635/2635 2636/2636/2636
f 2637/2637/2637 2638/2638/2638 2639/2639/2639
f 2640/2640/2640 2641/2641/2641 2642/2642/2642
f 2643/2643/2643 2644/2644/2644 2645/2645/2645
f 2646/2646/2646 2647/2647/2647 2648/2648/2648
f 2649/2649/2649 2650/2650/2650 2651/2651/2651
f 2652/2652/2652 2653/2653/2653 2654/2654/2654
f 2655/2655/2655 2656/2656/2656 2657/2657/2657
f 2658/2658/2658 2659/2659/2659 2660/2660/2660
f 2661/2661/2661 2662/2662/2662 2663/2663/2663
f 2664/2664/2664 2665/2665/2665 2666/2666/2666
f 2667/2667/2667 2668/2668/2668 2669/2669/2669
f 2670/2670/2670 2671/2671/2671 2672/2672/2672
f 2673/2673/2673 2674/2674/2674 2675/2675/2675
f 2676/2676/2676 2677/2677/2677 2678/2678/2678
f 2679/2679/2679 2680/2680/2680 2681/2681/2681
f 2682/2682/2682 2683/2683/2683 2684/2684/2684
f 2685/2685/2685 2686/2686/2686 2687/2687/2687
f 2688/2688/2688 2689/2689/2689 2690/2690/2690
f 2691/2691/2691 2692/2692/2692 2693/2693/2693
f 2694/2694/2694 2695/2695/2695 2696/2696/2696
f 2697/2697/2697 2698/2698/2698 2699/2699/2699
f 2700/2700/2700 2701/2701/2701 2702/2702/2702
f 2703/2703/2703 2704/2704/2704 2705/2705/2705
f 2706/2706/2706 2707/2707/2707 2708/2708/2708
f 2709/2709/2709 2710/2710/2710 2711/2711/2711
f 2712/2712/2712 2713/2713/2713 2714/2714/2714
f 2715/2715/2715 2716/2716/2716 2717/2717/2717
f 2718/2718/2718 2719/2719/2719 2720/2720/2720
f 2721/2721/2721 2722/2722/2722 2723/2723/2723
f 2724/2724/2724 2725/2725/2725 2726/2726/2726
f 2727/2727/2727 2728/2728/2728 2729/2729/2729
f 2730/2730/2730 2731/2731/2731 2732/2732/2732
f 2733/2733/2733 2734/2734/2734 2735/2735/2735
f 2736/2736/2736 2737/2737/2737 2738/2738/2738
f 2739/2739/2739 2740/2740/2740 2741/2741/2741
f 2742/2742/2742 2743/2743/2743 2744/2744/2744
f 2745/2745/2745 2746/2746/2746 2747/2747/2747
f 2748/2748/2748 2749/2749/2749 2750/2750/2750
f 2751/2751/2751 2752/2752/2752 2753/2753/2753
f 2754/2754/2754 2755/2755/2755 2756/2756/2756
f 2757/2757/2757 2758/2758/2758 2759/2759/2759
f 2760/2760/2760 2761/2761/2761 2762/2762/2762
f 2763/2763/2763 2764/2764/2764 2765/2765/2765
f 2766/2766/2766 2767/2767/2767 2768/2768/2768
f 2769/2769/2769 2770/2770/2770 2771/2771/2771
f 2772/2772/2772 2773/2773/2773 2774/2774/2774
f 2775/2775/2775 2776/2776/2776 2777/2777/2777
f 2778/2778/2778 2779/2779/2779 2780/2780/2780
f 2781/2781/2781 2782/2782/2782 2783/2783/2783
f 2784/2784/2784 2785/2785/2785 2786/2786/2786
f 2787/2787/2787 2788/2788/2788 2789/2789/2789
f 2790/2790/2790 2791/2791/2791 2792/2792/2792
f 2793/2793/2793 2794/2794/2794 2795/2795/2795
f 2796/2796/2796 2797/2797/2797 2798/2798/2798
f 2799/2799/2799 2800/2800/2800 2801/2801/2801
f 2802/2802/2802 2803/2803/2803 2804/2804/2804
f 2805/2805/2805 2806/2806/2806 2807/2807/2807
f 2808/2808/2808 2809/2809/2809 2810/2810/2810
f 2811/2811/2811 2812/2812/2812 2813/2813/2813
f 2814/2814/2814 2815/2815/2815 2816/2816/2816
f 2817/2817/2817 2818/2818/2818 2819/2819/2819
f 2820/2820/2820 2821/2821/2821 2822/2822/2822
f 2823/2823/2823 2824/2824/2824 2825/2825/2825
f 2826/2826/2826 2827/2827/2827 2828/2828/2828
f 2829/2829/2829 2830/2830/2830 2831/2831/2831
f 2832/2832/2832 2833/2833/2833 2834/2834/2834
f 2835/2835/2835 2836/2836/2836 2837/2837/2837
f 2838/2838/2838 2839/2839/2839 2840/2840/2840
f 2841/2841/2841 2842/2842/2842 2843/2843/2843
f 2844/2844/2844 2845/2845/2845 2846/2846/2846
f 2847/2847/2847 2848/2848/2848 2849/2849/2849
f 2850/2850/2850 2851/2851/2851 2852/2852/2852
f 2853/2853/2853 2854/2854/2854 2855/2855/2855
f 2856/2856/2856 2857/2857/2857 2858/2858/2858
f 2859/2859/2859 2860/2860/2860 2861/2861/2861
f 2862/2862/2862 2863/2863/2863 2864/2864/2864
f 2865/2865/2865 2866/2866/2866 2867/2867/2867
f 2868/2868/2868 2869/2869/2869 2870/2870/2870
f 2871/2871/2871 2872/2872/2872 2873/2873/2873
f 2874/2874/2874 2875/2875/2875 2876/2876/2876
f 2877/2877/2877 2878/2878/2878 2879/2879/2879
f 2880/2880/2880 2881/2881/2881 2882/2882/2882
f 2883/2883/2883 2884/2884/2884 2885/2885/2885
f 2886/2886/2886 2887/2887/2887 2888/2888/2888
f 2889/2889/2889 2890/2890/2890 2891/2891/2891
f 2892/2892/2892 2893/2893/2893 2894/2894/2894
f 2895/2895/2895 2896/2896/2896 2897/2897/2897
f 2898/2898/2898 2899/2899/2899 2900/2900/2900
f 2901/2901/2901 2902/2902/2902 2903/2903/2903
f 2904/2904/2904 2905/2905/2905 2906/2906/2906
f 2907/2907/2907 2908/2908/2908 2909/2909/2909
f 2910/2910/2910 2911/2911/2911 2912/2912/2912
f 2913/2913/2913 2914/2914/2914 2915/2915/2915
f 2916/2916/2916 2917/2917/2917 2918/2918/2918
f 2919/2919/2919 2920/2920/2920 2921/2921/2921
f 2922/2922/2922 2923/2923/2923 2924/2924/2924
f 2925/2925/2925 2926/2926/2926 2927/2927/2927
f 2928/2928/2928 2929/2929/2929 2930/2930/2930
f 2931/2931/2931 2932/2932/2932 2933/2933/2933
f 2934/2934/2934 2935/2935/2935 2936/2936/2936
f 2937/2937/2937 2938/2938/2938 2939/2939/2939
f 2940/2940/2940 2941/2941/2941 2942/2942/2942
f 2943/2943/2943 2944/2944/2944 2945/2945/2945
f 2946/2946/2946 2947/2947/2947 2948/2948/2948
f 2949/2949/2949 2950/2950/2950 2951/2951/2951
f 2952/2952/2952 2953/2953/2953 2954/2954/2954
f 2955/2955/2955 2956/2956/2956 2957/2957/2957
f 2958/2958/2958 2959/2959/2959 2960/2960/2960
f 2961/2961/2961 2962/2962/2962 2963/2963/2963
f 2964/2964/2964 2965/2965/2965 2966/2966/2966
f 2967/2967/2967 2968/2968/2968 2969/2969/2969
f 2970/2970/2970 2971/2971/2971 2972/2972/2972
f 2973/2973/2973 2974/2974/2974 2975/2975/2975
f 2976/2976/2976 2977/2977/2977 2978/2978/2978
f 2979/2979/2979 2980/2980/2980 2981/2981/2981
f 2982/2982/2982 2983/2983/2983 2984/2984/2984
f 2985/2985/2985 2986/2986/2986 2987/2987/2987
f 2988/2988/2988 2989/2989/2989 2990/2990/2990
f 2991/2991/2991 2992/2992/2992 2993/2993/2993
f 2994/2994/2994 2995/2995/2995 2996/2996/2996
f 2997/2997/2997 2998/2998/2998 2999/2999/2999
f 3000/3000/3000 3001/3001/3001 3002/3002/3002
f 3003/3003/3003 3004/3004/3004 3005/3005/3005
f 3006/3006/3006 3007/3007/3007 3008/3008/3008
f 3009/3009/3009 3010/3010/3010 3011/3011/3011
f 3012/3012/3012 3013/3013/3013 3014/3014/3014
f 3015/3015/3015 3016/3016/3016 3017/3017/3017
f 3018/3018/3018 3019/3019/3019 3020/3020/3020
f 3021/3021/3021 3022/3022/3022 3023/3023/3023
f 3024/3024/3024 3025/3025/3025 3026/3026/3026
f 3027/3027/3027 3028/3028/3028 3029/3029/3029
f 3030/3030/3030 3031/3031/3031 3032/3032/3032
f 3033/3033/3033 3034/3034/3034 3035/3035/3035
f 3036/3036/3036 3037/3037/3037 3038/3038/3038
f 3039/3039/3039 3040/3040/3040 3041/3041/3041
f 3042/3042/3042 3043/3043/3043 3044/3044/3044
f 3045/3045/3045 3046/3046/3046 3047/3047/3047
f 3048/3048/3048 3049/3049/3049 3050/3050/3050
f 3051/3051/3051 3052/3052/3052 3053/3053/3053
f 3054/3054/3054 3055/3055/3055 3056/3056/3056
f 3057/3057/3057 3058/3058/3058 3059/3059/3059
f 3060/3060/3060 3061/3061/3061 3062/3062/3062
f 3063/3063/3063 3064/3064/3064 3065/3065/3065
f 3066/3066/3066 3067/3067/3067 3068/3068/3068
f 3069/3069/3069 3070/3070/3070 3071/3071/3071
f 3072/3072/3072 3073/3073/3073 3074/3074/3074
f 3075/3075/3075 3076/3076/3076 3077/3077/3077
f 3078/3078/3078 3079/3079/3079 3080/3080/3080
f 3081/3081/3081 3082/3082/3082 3083/3083/3083
f 3084/3084/3084 3085/3085/3085 3086/3086/3086
f 3087/3087/3087 3088/3088/3088 3089/3089/3089
f 3090/3090/3090 3091/3091/3091 3092/3092/3092
f 3093/3093/3093 3094/3094/3094 3095/3095/3095
f 3096/3096/3096 3097/3097/3097 3098/3098/3098
f 3099/3099/3099 3100/3100/3100 3101/3101/3101
f 3102/3102/3102 3103/3103/3103 3104/3104/3104
f 3105/3105/3105 3106/3106/3106 3107/3107/3107
f 3108/3108/3108 3109/3109/3109 3110/3110/3110
f 3111/3111/3111 3112/3112/3112 3113/3113/3113
f 3114/3114/3114 3115/3115/3115 3116/3116/3116
f 3117/3117/3117 3118/3118/3118 3119/3119/3119
f 3120/3120/3120 3121/3121/3121 3122/3122/3122
f 3123/3123/3123 3124/3124/3124 3125/3125/3125
f 3126/3126/3126 3127/3127/3127 3128/3128/3128
f 3129/3129/3129 3130/3130/3130 3131/3131/3131
f 3132/3132/3132 3133/3133/3133 3134/3134/3134
f 3135/3135/3135 3136/3136/3136 3137/3137/3137
f 3138/3138/3138 3139/3139/3139 3140/3140/3140
f 3141/3141/3141 3142/3142/3142 3143/3143/3143
f 3144/3144/3144 3145/3145/3145 3146/3146/3146
f 3147/3147/3147 3148/3148/3148 3149/3149/3149
f 3150/3150/3150 3151/3151/3151 3152/3152/3152
f 3153/3153/3153 3154/3154/3154 3155/3155/3155
f 3156/3156/3156 3157/3157/3157 3158/3158/3158
f 3159/3159/3159 3160/3160/3160 3161/3161/3161
f 3162/3162/3162 3163/3163/3163 3164/3164/3164
f 3165/3165/3165 3166/3166/3166 3167/3167/3167
f 3168/3168/3168 3169/3169/3169 3170/3170/3170
f 3171/3171/3171 3172/3172/3172 3173/3173/3173
f 3174/3174/3174 3175/3175/3175 3176/3176/3176
f 3177/3177/3177 3178/3178/3178 3179/3179/3179
f 3180/3180/3180 3181/3181/3181 3182/3182/3182
f 3183/3183/3183 3184/3184/3184 3185/3185/3185
f 3186/3186/3186 3187/3187/3187 3188/3188/3188
f 3189/3189/3189 3190/3190/3190 3191/3191/3191
f 3192/3192/3192 3193/3193/3193 3194/3194/3194
f 3195/3195/3195 3196/3196/3196 3197/3197/3197
f 3198/3198/3198 3199/3199/3199 3200/3200/3200
f 3201/3201/3201 3202/3202/3202 3203/3203/3203
f 3204/3204/3204 3205/3205/3205 3206/3206/3206
f 3207/3207/3207 3208/3208/3208 3209/3209/3209
f 3210/3210/3210 3211/3211/3211 3212/3212/3212
f 3213/3213/3213 3214/3214/3214 3215/3215/3215
f 3216/3216/3216 3217/3217/3217 3218/3218/3218
f 3219/3219/3219 3220/3220/3220 3221/3221/3221
f 3222/3222/3222 3223/3223/3223 3224/3224/3224
f 3225/3225/3225 3226/3226/3226 3227/3227/3227
f 3228/3228/3228 3229/3229/3229 3230/3230/3230
f 3231/3231/3231 3232/3232/3232 3233/3233/3233
f 3234/3234/3234 3235/3235/3235 3236/3236/3236
f 3237/3237/3237 3238/3238/3238 3239/3239/3239
f 3240/3240/3240 3241/3241/3241 3242/3242/3242
f 3243/3243/3243 3244/3244/3244 3245/3245/3245
f 3246/3246/3246 3247/3247/3247 3248/3248/3248
f 3249/3249/3249 3250/3250/3250 3251/3251/3251
f 3252/3252/3252 3253/3253/3253 3254/3254/3254
f 3255/3255/3255 3256/3256/3256 3257/3257/3257
f 3258/3258/3258 3259/3259/3259 3260/3260/3260
f 3261/3261/3261 3262/3262/3262 3263/3263/3263
f 3264/3264/3264 3265/3265/3265 3266/3266/3266
f 3267/3267/3267 3268/3268/3268 3269/3269/3269
f 3270/3270/3270 3271/3271/3271 3272/3272/3272
f 3273/3273/3273 3274/3274/3274 3275/3275/3275
f 3276/3276/3276 3277/3277/3277 3278/3278/3278
f 3279/3279/3279 3280/3280/3280 3281/3281/3281
f 3282/3282/3282 3283/3283/3283 3284/3284/3284
f 3285/3285/3285 3286/3286/3286 3287/3287/3287
f 3288/3288/3288 3289/3289/3289 3290/3290/3290
f 3291/3291/3291 3292/3292/3292 3293/3293/3293
f 3294/3294/3294 3295/3295/3295 3296/3296/3296
f 3297/3297/3297 3298/3298/3298 3299/3299/3299
f 3300/3300/3300 3301/3301/3301 3302/3302/3302
f 3303/3303/3303 3304/3304/3304 3305/3305/3305
f 3306/3306/3306 3307/3307/3307 3308/3308/3308
f 3309/3309/3309 3310/3310/3310 3311/3311/3311
f 3312/3312/3312 3313/3313/3313 3314/3314/3314
f 3315/3315/3315 3316/3316/3316 3317/3317/3317
f 3318/3318/3318 3319/3319/3319 3320/3320/3320
f 3321/3321/3321 3322/3322/3322 3323/3323/3323
f 3324/3324/3324 3325/3325/3325 3326/3326/3326
f 3327/3327/3327 3328/3328/3328 3329/3329/3329
f 3330/3330/3330 3331/3331/3331 3332/3332/3332
f 3333/3333/3333 3334/3334/3334 3335/3335/3335
f 3336/3336/3336 3337/3337/3337 3338/3338/3338
f 3339/3339/3339 3340/3340/3340 3341/3341/3341
f 3342/3342/3342 3343/3343/3343 3344/3344/3344
f 3345/3345/3345 3346/3346/3346 3347/3347/3347
f 3348/3348/3348 3349/3349/3349 3350/3350/3350
f 3351/3351/3351 3352/3352/3352 3353/3353/3353
f 3354/3354/3354 3355/3355/3355 3356/3356/3356
f 3357/3357/3357 3358/3358/3358 3359/3359/3359
f 3360/3360/3360 3361/3361/3361 3362/3362/3362
f 3363/3363/3363 3364/3364/3364 3365/3365/3365
f 3366/3366/3366 3367/3367/3367 3368/3368/3368
f 3369/3369/3369 3370/3370/3370 3371/3371/3371
f 3372/3372/3372 3373/3373/3373 3374/3374/3374
f 3375/3375/3375 3376/3376/3376 3377/3377/3377
f 3378/3378/3378 3379/3379/3379 3380/3380/3380
f 3381/3381/3381 3382/3382/3382 3383/3383/3383
f 3384/3384/3384 3385/3385/3385 3386/3386/3386
f 3387/3387/3387 3388/3388/3388 3389/3389/3389
f 3390/3390/3390 3391/3391/3391 3392/3392/3392
f 3393/3393/3393 3394/3394/3394 3395/3395/3395
f 3396/3396/3396 3397/3397/3397 3398/3398/3398
f 3399/3399/3399 3400/3400/3400 3401/3401/3401
f 3402/3402/3402 3403/3403/3403 3404/3404/3404
f 3405/3405/3405 3406/3406/3406 3407/3407/3407
f 3408/3408/3408 3409/3409/3409 3410/3410/3410
f 3411/3411/3411 3412/3412/3412 3413/3413/3413
f 3414/3414/3414 3415/3415/3415 3416/3416/3416
f 3417/3417/3417 3418/3418/3418 3419/3419/3419
f 3420/3420/3420 3421/3421/3421 3422/3422/3422
f 3423/3423/3423 3424/3424/3424 3425/3425/3425
f 3426/3426/3426 3427/3427/3427 3428/3428/3428
f 3429/3429/3429 3430/3430/3430 3431/3431/3431
f 3432/3432/3432 3433/3433/3433 3434/3434/3434
f 3435/3435/3435 3436/3436/3436 3437/3437/3437
f 3438/3438/3438 3439/3439/3439 3440/3440/3440
f 3441/3441/3441 3442/3442/3442 3443/3443/3443
f 3444/3444/3444 3445/3445/3445 3446/3446/3446
f 3447/3447/3447 3448/3448/3448 3449/3449/3449
f 3450/3450/3450 3451/3451/3451 3452/3452/3452
f 3453/3453/3453 3454/3454/3454 3455/3455/3455
f 3456/3456/3456 3457/3457/3457 3458/3458/3458
f 3459/3459/3459 3460/3460/3460 3461/3461/3461
f 3462/3462/3462 3463/3463/3463 3464/3464/3464
f 3465/3465/3465 3466/3466/3466 3467/3467/3467
f 3468/3468/3468 3469/3469/3469 3470/3470/3470
f 3471/3471/3471 3472/3472/3472 3473/3473/3473
f 3474/3474/3474 3475/3475/3475 3476/3476/3476
f 3477/3477/3477 3478/3478/3478 3479/3479/3479
f 3480/3480/3480 3481/3481/3481 3482/3482/3482
f 3483/3483/3483 3484/3484/3484 3485/3485/3485
f 3486/3486/3486 3487/3487/3487 3488/3488/3488
f 3489/3489/3489 3490/3490/3490 3491/3491/3491
f 3492/3492/3492 3493/3493/3493 3494/3494/3494
f 3495/3495/3495 3496/3496/3496 3497/3497/3497
f 3498/3498/3498 3499/3499/3499 3500/3500/3500
f 3501/3501/3501 3502/3502/3502 3503/3503/3503
f 3504/3504/3504 3505/3505/3505 3506/3506/3506
f 3507/3507/3507 3508/3508/3508 3509/3509/3509
f 3510/3510/3510 3511/3511/3511 3512/3512/3512
f 3513/3513/3513 3514/3514/3514 3515/3515/3515
f 3516/3516/3516 3517/3517/3517 3518/3518/3518
f 3519/3519/3519 3520/3520/3520 3521/3521/3521
f 3522/3522/3522 3523/3523/3523 3524/3524/3524
f 3525/3525/3525 3526/3526/3526 3527/3527/3527
f 3528/3528/3528 3529/3529/3529 3530/3530/3530
f 3531/3531/3531 3532/3532/3532 3533/3533/3533
f 3534/3534/3534 3535/3535/3535 3536/3536/3536
f 3537/3537/3537 3538/3538/3538 3539/3539/3539
f 3540/3540/3540 3541/3541/3541 3542/3542/3542
f 3543/3543/3543 3544/3544/3544 3545/3545/3545
f 3546/3546/3546 3547/3547/3547 3548/3548/3548
f 3549/3549/3549 3550/3550/3550 3551/3551/3551
f 3552/3552/3552 3553/3553/3553 3554/3554/3554
f 3555/3555/3555 3556/3556/3556 3557/3557/3557
f 3558/3558/3558 3559/3559/3559 3560/3560/3560
f 3561/3561/3561 3562/3562/3562 3563/3563/3563
f 3564/3564/3564 3565/3565/3565 3566/3566/3566
f 3567/3567/3567 3568/3568/3568 3569/3569/3569
f 3570/3570/3570 3571/3571/3571 3572/3572/3572
f 3573/3573/3573 3574/3574/3574 3575/3575/3575
f 3576/3576/3576 3577/3577/3577 3578/3578/3578
f 3579/3579/3579 3580/3580/3580 3581/3581/3581
f 3582/3582/3582 3583/3583/3583 3584/3584/3584
f 3585/3585/3585 3586/3586/3586 3587/3587/3587
f 3588/3588/3588 3589/3589/3589 3590/3590/3590
f 3591/3591/3591 3592/3592/3592 3593/3593/3593
f 3594/3594/3594 3595/3595/3595 3596/3596/3596
f 3597/3597/3597 3598/3598/3598 3599/3599/3599
f 3600/3600/3600 3601/3601/3601 3602/3602/3602
f 3603/3603/3603 3604/3604/3604 3605/3605/3605
f 3606/3606/3606 3607/3607/3607 3608/3608/3608
f 3609/3609/3609 3610/3610/3610 3611/3611/3611
f 3612/3612/3612 3613/3613/3613 3614/3614/3614
f 3615/3615/3615 3616/3616/3616 3617/3617/3617
f 3618/3618/3618 3619/3619/3619 3620/3620/3620
f 3621/3621/3621 3622/3622/3622 3623/3623/3623
f 3624/3624/3624 3625/3625/3625 3626/3626/3626
f 3627/3627/3627 3628/3628/3628 3629/3629/3629
f 3630/3630/3630 3631/3631/3631 3632/3632/3632
f 3633/3633/3633 3634/3634/3634 3635/3635/3635
f 3636/3636/3636 3637/3637/3637 3638/3638/3638
f 3639/3639/3639 3640/3640/3640 3641/3641/3641
f 3642/3642/3642 3643/3643/3643 3644/3644/3644
f 3645/3645/3645 3646/3646/3646 3647/3647/3647
f 3648/3648/3648 3649/3649/3649 3650/3650/3650
f 3651/3651/3651 3652/3652/3652 3653/3653/3653
f 3654/3654/3654 3655/3655/3655 3656/3656/3656
f 3657/3657/3657 3658/3658/3658 3659/3659/3659
f 3660/3660/3660 3661/3661/3661 3662/3662/3662
f 3663/3663/3663 3664/3664/3664 3665/3665/3665
f 3666/3666/3666 3667/3667/3667 3668/3668/3668
f 3669/3669/3669 3670/3670/3670 3671/3671/3671
f 3672/3672/3672 3673/3673/3673 3674/3674/3674
f 3675/3675/3675 3676/3676/3676 3677/3677/3677
f 3678/3678/3678 3679/3679/3679 3680/3680/3680
f 3681/3681/3681 3682/3682/3682 3683/3683/3683
f 3684/3684/3684 3685/3685/3685 3686/3686/3686
f 3687/3687/3687 3688/3688/3688 3689/3689/3689
f 3690/3690/3690 3691/3691/3691 3692/3692/3692
f 3693/3693/3693 3694/3694/3694 3695/3695/3695
f 3696/3696/3696 3697/3697/3697 3698/3698/3698
f 3699/3699/3699 3700/3700/3700 3701/3701/3701
f 3702/3702/3702 3703/3703/3703 3704/3704/3704
f 3705/3705/3705 3706/3706/3706 3707/3707/3707
f 3708/3708/3708 3709/3709/3709 3710/3710/3710
f 3711/3711/3711 3712/3712/3712 3713/3713/3713
f 3714/3714/3714 3715/3715/3715 3716/3716/3716
f 3717/3717/3717 3718/3718/3718 3719/3719/3719
f 3720/3720/3720 3721/3721/3721 3722/3722/3722
f 3723/3723/3723 3724/3724/3724 3725/3725/3725
f 3726/3726/3726 3727/3727/3727 3728/3728/3728
f 3729/3729/3729 3730/3730/3730 3731/3731/3731
f 3732/3732/3732 3733/3733/3733 3734/3734/3734
f 3735/3735/3735 3736/3736/3736 3737/3737/3737
f 3738/3738/3738 3739/3739/3739 3740/3740/3740
f 3741/3741/3741 3742/3742/3742 3743/3743/3743
f 3744/3744/3744 3745/3745/3745 3746/3746/3746
f 3747/3747/3747 3748/3748/3748 3749/3749/3749
f 3750/3750/3750 3751/3751/3751 3752/3752/3752
f 3753/3753/3753 3754/3754/3754 3755/3755/3755
f 3756/3756/3756 3757/3757/3757 3758/3758/3758
f 3759/3759/3759 3760/3760/3760 3761/3761/3761
f 3762/3762/3762 3763/3763/3763 3764/3764/3764
f 3765/3765/3765 3766/3766/3766 3767/3767/3767
f 3768/3768/3768 3769/3769/3769 3770/3770/3770
f 3771/3771/3771 3772/3772/3772 3773/3773/3773
f 3774/3774/3774 3775/3775/3775 3776/3776/3776
f 3777/3777/3777 3778/3778/3778 3779/3779/3779
f 3780/3780/3780 3781/3781/3781 3782/3782/3782
f 3783/3783/3783 3784/3784/3784 3785/3785/3785
f 3786/3786/3786 3787/3787/3787 3788/3788/3788
f 3789/3789/3789 3790/3790/3790 3791/3791/3791
f 3792/3792/3792 3793/3793/3793 3794/3794/3794
f 3795/3795/3795 3796/3796/3796 3797/3797/3797
f 3798/3798/3798 3799/3799/3799 3800/3800/3800
f 3801/3801/3801 3802/3802/3802 3803/3803/3803
f 3804/3804/3804 3805/3805/3805 3806/3806/3806
f 3807/3807/3807 3808/3808/3808 3809/3809/3809
f 3810/3810/3810 3811/3811/3811 3812/3812/3812
f 3813/3813/3813 3814/3814/3814 3815/3815/3815
f 3816/3816/3816 3817/3817/3817 3818/3818/3818
f 3819/3819/3819 3820/3820/3820 3821/3821/3821
f 3822/3822/3822 3823/3823/3823 3824/3824/3824
f 3825/3825/3825 3826/3826/3826 3827/3827/3827
f 3828/3828/3828 3829/3829/3829 3830/3830/3830
f 3831/3831/3831 3832/3832/3832 3833/3833/3833
f 3834/3834/3834 3835/3835/3835 3836/3836/3836
f 3837/3837/3837 3838/3838/3838 3839/3839/3839
f 3840/3840/3840 3841/3841/3841 3842/3842/3842
f 3843/3843/3843 3844/3844/3844 3845/3845/3845
f 3846/3846/3846 3847/3847/3847 3848/3848/3848
f 3849/3849/3849 3850/3850/3850 3851/3851/3851
f 3852/3852/3852 3853/3853/3853 3854/3854/3854
f 3855/3855/3855 3856/3856/3856 3857/3857/3857
f 3858/3858/3858 3859/3859/3859 3860/3860/3860
f 3861/3861/3861 3862/3862/3862 3863/3863/3863
f 3864/3864/3864 3865/3865/3865 3866/3866/3866
f 3867/3867/3867 3868/3868/3868 3869/3869/3869
f 3870/3870/3870 3871/3871/3871 3872/3872/3872
f 3873/3873/3873 3874/3874/3874 3875/3875/3875
f 3876/3876/3876 3877/3877/3877 3878/3878/3878
f 3879/3879/3879 3880/3880/3880 3881/3881/3881
f 3882/3882/3882 3883/3883/3883 3884/3884/3884
f 3885/3885/3885 3886/3886/3886 3887/3887/3887
f 3888/3888/3888 3889/3889/3889 3890/3890/3890
f 3891/3891/3891 3892/3892/3892 3893/3893/3893
f 3894/3894/3894 3895/3895/3895 3896/3896/3896
f 3897/3897/3897 3898/3898/3898 3899/3899/3899
f 3900/3900/3900 3901/3901/3901 3902/3902/3902
f 3903/3903/3903 3904/3904/3904 3905/3905/3905
f 3906/3906/3906 3907/3907/3907 3908/3908/3908
f 3909/3909/3909 3910/3910/3910 3911/3911/3911
f 3912/3912/3912 3913/3913/3913 3914/3914/3914
f 3915/3915/3915 3916/3916/3916 3917/3917/3917
f 3918/3918/3918 3919/3919/3919 3920/3920/3920
f 3921/3921/3921 3922/3922/3922 3923/3923/3923
f 3924/3924/3924 3925/3925/3925 3926/3926/3926
f 3927/3927/3927 3928/3928/3928 3929/3929/3929
f 3930/3930/3930 3931/3931/3931 3932/3932/3932
f 3933/3933/3933 3934/3934/3934 3935/3935/3935
f 3936/3936/3936 3937/3937/3937 3938/3938/3938
f 3939/3939/3939 3940/3940/3940 3941/3941/3941
f 3942/3942/3942 3943/3943/3943 3944/3944/3944
f 3945/3945/3945 3946/3946/3946 3947/3947/3947
f 3948/3948/3948 3949/3949/3949 3950/3950/3950
f 3951/3951/3951 3952/3952/3952 3953/3953/3953
f 3954/3954/3954 3955/3955/3955 3956/3956/3956
f 3957/3957/3957 3958/3958/3958 3959/3959/3959
f 3960/3960/3960 3961/3961/3961 3962/3962/3962
f 3963/3963/3963 3964/3964/3964 3965/3965/3965
f 3966/3966/3966 3967/3967/3967 3968/3968/3968
f 3969/3969/3969 3970/3970/3970 3971/3971/3971
f 3972/3972/3972 3973/3973/3973 3974/3974/3974
f 3975/3975/3975 3976/3976/3976 3977/3977/3977
f 3978/3978/3978 3979/3979/3979 3980/3980/3980
f 3981/3981/3981 3982/3982/3982 3983/3983/3983
f 3984/3984/3984 3985/3985/3985 3986/3986/3986
f 3987/3987/3987 3988/3988/3988 3989/3989/3989
f 3990/3990/3990 3991/3991/3991 3992/3992/3992
f 3993/3993/3993 3994/3994/3994 3995/3995/3995
f 3996/3996/3996 3997/3997/3997 3998/3998/3998
f 3999/3999/3999 4000/4000/4000 4001/4001/4001
f 4002/4002/4002 4003/4003/4003 4004/4004/4004
f 4005/4005/4005 4006/4006/4006 4007/4007/4007
f 4008/4008/4008 4009/4009/4009 4010/4010/4010
f 4011/4011/4011 4012/4012/4012 4013/4013/4013
f 4014/4014/4014 4015/4015/4015 4016/4016/4016
f 4017/4017/4017 4018/4018/4018 4019/4019/4019
f 4020/4020/4020 4021/4021/4021 4022/4022/4022
f 4023/4023/4023 4024/4024/4024 4025/4025/4025
f 4026/4026/4026 4027/4027/4027 4028/4028/4028
f 4029/4029/4029 4030/4030/4030 4031/4031/4031
f 4032/4032/4032 4033/4033/4033 4034/4034/4034
f 4035/4035/4035 4036/4036/4036 4037/4037/4037
f 4038/4038/4038 4039/4039/4039 4040/4040/4040
f 4041/4041/4041 4042/4042/4042 4043/4043/4043
f 4044/4044/4044 4045/4045/4045 4046/4046/4046
f 4047/4047/4047 4048/4048/4048 4049/4049/4049
f 4050/4050/4050 4051/4051/4051 4052/4052/4052
f 4053/4053/4053 4054/4054/4054 4055/4055/4055
f 4056/4056/4056 4057/4057/4057 4058/4058/4058
f 4059/4059/4059 4060/4060/4060 4061/4061/4061
f 4062/4062/4062 4063/4063/4063 4064/4064/4064
f 4065/4065/4065 4066/4066/4066 4067/4067/4067
f 4068/4068/4068 4069/4069/4069 4070/4070/4070
f 4071/4071/4071 4072/4072/4072 4073/4073/4073
f 4074/4074/4074 4075/4075/4075 4076/4076/4076
f 4077/4077/4077 4078/4078/4078 4079/4079/4079
f 4080/4080/4080 4081/4081/4081 4082/4082/4082
f 4083/4083/4083 4084/4084/4084 4085/4085/4085
f 4086/4086/4086 4087/4087/4087 4088/4088/4088
f 4089/4089/4089 4090/4090/4090 4091/4091/4091
f 4092/4092/4092 4093/4093/4093 4094/4094/4094
f 4095/4095/4095 4096/4096/4096 4097/4097/4097
f 4098/4098/4098 4099/4099/4099 4100/4100/4100
f 4101/4101/4101 4102/4102/4102 4103/4103/4103
f 4104/4104/4104 4105/4105/4105 4106/4106/4106
f 4107/4107/4107 4108/4108/4108 4109/4109/4109
f 4110/4110/4110 4111/4111/4111 4112/4112/4112
f 4113/4113/4113 4114/4114/4114 4115/4115/4115
f 4116/4116/4116 4117/4117/4117 4118/4118/4118
f 4119/4119/4119 4120/4120/4120 4121/4121/4121
f 4122/4122/4122 4123/4123/4123 4124/4124/4124
f 4125/4125/4125 4126/4126/4126 4127/4127/4127
f 4128/4128/4128 4129/4129/4129 4130/4130/4130
f 4131/4131/4131 4132/4132/4132 4133/4133/4133
f 4134/4134/4134 4135/4135/4135 4136/4136/4136
f 4137/4137/4137 4138/4138/4138 4139/4139/4139
f 4140/4140/4140 4141/4141/4141 4142/4142/4142
f 4143/4143/4143 4144/4144/4144 4145/4145/4145
f 4146/4146/4146 4147/4147/4147 4148/4148/4148
f 4149/4149/4149 4150/4150/4150 4151/4151/4151
f 4152/4152/4152 4153/4153/4153 4154/4154/4154
f 4155/4155/4155 4156/4156/4156 4157/4157/4157
f 4158/4158/4158 4159/4159/4159 4160/4160/4160
f 4161/4161/4161 4162/4162/4162 4163/4163/4163
f 4164/4164/4164 4165/4165/4165 4166/4166/4166
f 4167/4167/4167 4168/4168/4168 4169/4169/4169
f 4170/4170/4170 4171/4171/4171 4172/4172/4172
f 4173/4173/4173 4174/4174/4174 4175/4175/4175
f 4176/4176/4176 4177/4177/4177 4178/4178/4178
f 4179/4179/4179 4180/4180/4180 4181/4181/4181
f 4182/4182/4182 4183/4183/4183 4184/4184/4184
f 4185/4185/4185 4186/4186/4186 4187/4187/4187
f 4188/4188/4188 4189/4189/4189 4190/4190/4190
f 4191/4191/4191 4192/4192/4192 4193/4193/4193
f 4194/4194/4194 4195/4195/4195 4196/4196/4196
f 4197/4197/4197 4198/4198/4198 4199/4199/4199
f 4200/4200/4200 4201/4201/4201 4202/4202/4202
f 4203/4203/4203 4204/4204/4204 4205/4205/4205
f 4206/4206/4206 4207/4207/4207 4208/4208/4208
f 4209/4209/4209 4210/4210/4210 4211/4211/4211
f 4212/4212/4212 4213/4213/4213 4214/4214/4214
f 4215/4215/4215 4216/4216/4216 4217/4217/4217
f 4218/4218/4218 4219/4219/4219 4220/4220/4220
f 4221/4221/4221 4222/4222/4222 4223/4223/4223
f 4224/4224/4224 4225/4225/4225 4226/4226/4226
f 4227/4227/4227 4228/4228/4228 4229/4229/4229
f 4230/4230/4230 4231/4231/4231 4232/4232/4232
f 4233/4233/4233 4234/4234/4234 4235/4235/4235
f 4236/4236/4236 4237/4237/4237 4238/4238/4238
f 4239/4239/4239 4240/4240/4240 4241/4241/4241
f 4242/4242/4242 4243/4243/4243 4244/4244/4244
f 4245/4245/4245 4246/4246/4246 4247/4247/4247
f 4248/4248/4248 4249/4249/4249 4250/4250/4250
f 4251/4251/4251 4252/4252/4252 4253/4253/4253
f 4254/4254/4254 4255/4255/4255 4256/4256/4256
f 4257/4257/4257 4258/4258/4258 4259/4259/4259
f 4260/4260/4260 4261/4261/4261 4262/4262/4262
f 4263/4263/4263 4264/4264/4264 4265/4265/4265
f 4266/4266/4266 4267/4267/4267 4268/4268/4268
f 4269/4269/4269 4270/4270/4270 4271/4271/4271
f 4272/4272/4272 4273/4273/4273 4274/4274/4274
f 4275/4275/4275 4276/4276/4276 4277/4277/4277
f 4278/4278/4278 4279/4279/4279 4280/4280/4280
f 4281/4281/4281 4282/4282/4282 4283/4283/4283
f 4284/4284/4284 4285/4285/4285 4286/4286/4286
f 4287/4287/4287 4288/4288/4288 4289/4289/4289
f 4290/4290/4290 4291/4291/4291 4292/4292/4292
f 4293/4293/4293 4294/4294/4294 4295/4295/4295
f 4296/4296/4296 4297/4297/4297 4298/4298/4298
f 4299/4299/4299 4300/4300/4300 4301/4301/4301
f 4302/4302/4302 4303/4303/4303 4304/4304/4304
f 4305/4305/4305 4306/4306/4306 4307/4307/4307
f 4308/4308/4308 4309/4309/4309 4310/4310/4310
f 4311/4311/4311 4312/4312/4312 4313/4313/4313
f 4314/4314/4314 4315/4315/4315 4316/4316/4316
f 4317/4317/4317 4318/4318/4318 4319/4319/4319
f 4320/4320/4320 4321/4321/4321 4322/4322/4322
f 4323/4323/4323 4324/4324/4324 4325/4325/4325
f 4326/4326/4326 4327/4327/4327 4328/4328/4328
f 4329/4329/4329 4330/4330/4330 4331/4331/4331
f 4332/4332/4332 4333/4333/4333 4334/4334/4334
f 4335/4335/4335 4336/4336/4336 4337/4337/4337
f 4338/4338/4338 4339/4339/4339 4340/4340/4340
f 4341/4341/4341 4342/4342/4342 4343/4343/4343
f 4344/4344/4344 4345/4345/4345 4346/4346/4346
f 4347/4347/4347 4348/4348/4348 4349/4349/4349
f 4350/4350/4350 4351/4351/4351 4352/4352/4352
f 4353/4353/4353 4354/4354/4354 4355/4355/4355
f 4356/4356/4356 4357/4357/4357 4358/4358/4358
f 4359/4359/4359 4360/4360/4360 4361/4361/4361
f 4362/4362/4362 4363/4363/4363 4364/4364/4364
f 4365/4365/4365 4366/4366/4366 4367/4367/4367
f 4368/4368/4368 4369/4369/4369 4370/4370/4370
f 4371/4371/4371 4372/4372/4372 4373/4373/4373
f 4374/4374/4374 4375/4375/4375 4376/4376/4376
f 4377/4377/4377 4378/4378/4378 4379/4379/4379
f 4380/4380/4380 4381/4381/4381 4382/4382/4382
f 4383/4383/4383 4384/4384/4384 4385/4385/4385
f 4386/4386/4386 4387/4387/4387 4388/4388/4388
f 4389/4389/4389 4390/4390/4390 4391/4391/4391
f 4392/4392/4392 4393/4393/4393 4394/4394/4394
f 4395/4395/4395 4396/4396/4396 4397/4397/4397
f 4398/4398/4398 4399/4399/4399 4400/4400/4400
f 4401/4401/4401 4402/4402/4402 4403/4403/4403
f 4404/4404/4404 4405/4405/4405 4406/4406/4406
f 4407/4407/4407 4408/4408/4408 4409/4409/4409
f 4410/4410/4410 4411/4411/4411 4412/4412/4412
f 4413/4413/4413 4414/4414/4414 4415/4415/4415
f 4416/4416/4416 4417/4417/4417 4418/4418/4418
f 4419/4419/4419 4420/4420/4420 4421/4421/4421
f 4422/4422/4422 4423/4423/4423 4424/4424/4424
f 4425/4425/4425 4426/4426/4426 4427/4427/4427
f 4428/4428/4428 4429/4429/4429 4430/4430/4430
f 4431/4431/4431 4432/4432/4432 4433/4433/4433
f 4434/4434/4434 4435/4435/4435 4436/4436/4436
f 4437/4437/4437 4438/4438/4438 4439/4439/4439
f 4440/4440/4440 4441/4441/4441 4442/4442/4442
f 4443/4443/4443 4444/4444/4444 4445/4445/4445
f 4446/4446/4446 4447/4447/4447 4448/4448/4448
f 4449/4449/4449 4450/4450/4450 4451/4451/4451
f 4452/4452/4452 4453/4453/4453 4454/4454/4454
f 4455/4455/4455 4456/4456/4456 4457/4457/4457
f 4458/4458/4458 4459/4459/4459 4460/4460/4460
f 4461/4461/4461 4462/4462/4462 4463/4463/4463
f 4464/4464/4464 4465/4465/4465 4466/4466/4466
f 4467/4467/4467 4468/4468/4468 4469/4469/4469
f 4470/4470/4470 4471/4471/4471 4472/4472/4472
f 4473/4473/4473 4474/4474/4474 4475/4475/4475
f 4476/4476/4476 4477/4477/4477 4478/4478/4478
f 4479/4479/4479 4480/4480/4480 4481/4481/4481
f 4482/4482/4482 4483/4483/4483 4484/4484/4484
f 4485/4485/4485 4486/4486/4486 4487/4487/4487
f 4488/4488/4488 4489/4489/4489 4490/4490/4490
f 4491/4491/4491 4492/4492/4492 4493/4493/4493
f 4494/4494/4494 4495/4495/4495 4496/4496/4496
f 4497/4497/4497 4498/4498/4498 4499/4499/4499
f 4500/4500/4500 4501/4501/4501 4502/4502/4502
f 4503/4503/4503 4504/4504/4504 4505/4505/4505
f 4506/4506/4506 4507/4507/4507 4508/4508/4508
f 4509/4509/4509 4510/4510/4510 4511/4511/4511
f 4512/4512/4512 4513/4513/4513 4514/4514/4514
f 4515/4515/4515 4516/4516/4516 4517/4517/4517
f 4518/4518/4518 4519/4519/4519 4520/4520/4520
f 4521/4521/4521 4522/4522/4522 4523/4523/4523
f 4524/4524/4524 4525/4525/4525 4526/4526/4526
f 4527/4527/4527 4528/4528/4528 4529/4529/4529
f 4530/4530/4530 4531/4531/4531 4532/4532/4532
f 4533/4533/4533 4534/4534/4534 4535/4535/4535
f 4536/4536/4536 4537/4537/4537 4538/4538/4538
f 4539/4539/4539 4540/4540/4540 4541/4541/4541
f 4542/4542/4542 4543/4543/4543 4544/4544/4544
f 4545/4545/4545 4546/4546/4546 4547/4547/4547
f 4548/4548/4548 4549/4549/4549 4550/4550/4550
f 4551/4551/4551 4552/4552/4552 4553/4553/4553
f 4554/4554/4554 4555/4555/4555 4556/4556/4556
f 4557/4557/4557 4558/4558/4558 4559/4559/4559
f 4560/4560/4560 4561/4561/4561 4562/4562/4562
f 4563/4563/4563 4564/4564/4564 4565/4565/4565
f 4566/4566/4566 4567/4567/4567 4568/4568/4568
f 4569/4569/4569 4570/4570/4570 4571/4571/4571
f 4572/4572/4572 4573/4573/4573 4574/4574/4574
f 4575/4575/4575 4576/4576/4576 4577/4577/4577
f 4578/4578/4578 4579/4579/4579 4580/4580/4580
f 4581/4581/4581 4582/4582/4582 4583/4583/4583
f 4584/4584/4584 4585/4585/4585 4586/4586/4586
f 4587/4587/4587 4588/4588/4588 4589/4589/4589
f 4590/4590/4590 4591/4591/4591 4592/4592/4592
f 4593/4593/4593 4594/4594/4594 4595/4595/4595
f 4596/4596/4596 4597/4597/4597 4598/4598/4598
f 4599/4599/4599 4600/4600/4600 4601/4601/4601
f 4602/4602/4602 4603/4603/4603 4604/4604/4604
f 4605/4605/4605 4606/4606/4606 4607/4607/4607
f 4608/4608/4608 4609/4609/4609 4610/4610/4610
f 4611/4611/4611 4612/4612/4612 4613/4613/4613
f 4614/4614/4614 4615/4615/4615 4616/4616/4616
f 4617/4617/4617 4618/4618/4618 4619/4619/4619
f 4620/4620/4620 4619/4619/4619 4618/4618/4618
f 4621/4621/4621 4622/4622/4622 4623/4623/4623
f 4624/4624/4624 4625/4625/4625 4626/4626/4626
f 4626/4626/4626 4627/4627/4627 4624/4624/4624
f 4628/4628/4628 4624/4624/4624 4627/4627/4627
f 4627/4627/4627 4629/4629/4629 4628/4628/4628
f 4630/4630/4630 4628/4628/4628 4629/4629/4629
f 4629/4629/4629 4631/4631/4631 4630/4630/4630
f 4632/4632/4632 4630/4630/4630 4631/4631/4631
f 4631/4631/4631 4633/4633/4633 4632/4632/4632
f 4634/4634/4634 4632/4632/4632 4633/4633/4633
f 4633/4633/4633 4635/4635/4635 4634/4634/4634
f 4636/4636/4636 4634/4634/4634 4635/4635/4635
f 4635/4635/4635 4637/4637/4637 4636/4636/4636
f 4638/4638/4638 4636/4636/4636 4637/4637/4637
f 4637/4637/4637 4639/4639/4639 4638/4638/4638
f 4640/4640/4640 4638/4638/4638 4639/4639/4639
f 4639/4639/4639 4641/4641/4641 4640/4640/4640
f 4642/4642/4642 4640/4640/4640 4641/4641/4641
f 4641/4641/4641 4643/4643/4643 4642/4642/4642
f 4644/4644/4644 4642/4642/4642 4643/4643/4643
f 4643/4643/4643 4645/4645/4645 4644/4644/4644
f 4646/4646/4646 4644/4644/4644 4645/4645/4645
f 4645/4645/4645 4647/4647/4647 4646/4646/4646
f 4648/4648/4648 4646/4646/4646 4647/4647/4647
f 4647/4647/4647 4649/4649/4649 4648/4648/4648
f 4650/4650/4650 4648/4648/4648 4649/4649/4649
f 4649/4649/4649 4651/4651/4651 4650/4650/4650
f 4652/4652/4652 4650/4650/4650 4651/4651/4651
f 4651/4651/4651 4653/4653/4653 4652/4652/4652
f 4654/4654/4654 4652/4652/4652 4653/4653/4653
f 4653/4653/4653 4655/4655/4655 4654/4654/4654
f 4656/4656/4656 4654/4654/4654 4655/4655/4655
f 4655/4655/4655 4657/4657/4657 4656/4656/4656
f 4658/4658/4658 4656/4656/4656 4657/4657/4657
f 4657/4657/4657 4659/4659/4659 4658/4658/4658
f 4660/4660/4660 4661/4661/4661 4662/4662/4662
f 4662/4662/4662 4663/4663/4663 4660/4660/4660
f 4664/4664/4664 4660/4660/4660 4663/4663/4663
f 4663/4663/4663 4665/4665/4665 4664/4664/4664
f 4666/4666/4666 4664/4664/4664 4665/4665/4665
f 4665/4665/4665 4667/4667/4667 4666/4666/4666
f 4668/4668/4668 4666/4666/4666 4667/4667/4667
f 4667/4667/4667 4669/4669/4669 4668/4668/4668
f 4670/4670/4670 4668/4668/4668 4669/4669/4669
f 4669/4669/4669 4671/4671/4671 4670/4670/4670
f 4672/4672/4672 4670/4670/4670 4671/4671/4671
f 4671/4671/4671 4673/4673/4673 4672/4672/4672
f 4674/4674/4674 4672/4672/4672 4673/4673/4673
f 4673/4673/4673 4675/4675/4675 4674/4674/4674
f 4676/4676/4676 4674/4674/4674 4675/4675/4675
f 4675/4675/4675 4677/4677/4677 4676/4676/4676
f 4678/4678/4678 4676/4676/4676 4677/4677/4677
f 4677/4677/4677 4679/4679/4679 4678/4678/4678
f 4680/4680/4680 4678/4678/4678 4679/4679/4679
f 4679/4679/4679 4681/4681/4681 4680/4680/4680
f 4682/4682/4682 4680/4680/4680 4681/4681/4681
f 4681/4681/4681 4683/4683/4683 4682/4682/4682
f 4684/4684/4684 4682/4682/4682 4683/4683/4683
f 4683/4683/4683 4685/4685/4685 4684/4684/4684
f 4686/4686/4686 4684/4684/4684 4685/4685/4685
f 4685/4685/4685 4687/4687/4687 4686/4686/4686
f 4688/4688/4688 4686/4686/4686 4687/4687/4687
f 4687/4687/4687 4689/4689/4689 4688/4688/4688
f 4690/4690/4690 4688/4688/4688 4689/4689/4689
f 4689/4689/4689 4691/4691/4691 4690/4690/4690
f 4692/4692/4692 4690/4690/4690 4691/4691/4691
f 4691/4691/4691 4693/4693/4693 4692/4692/4692
f 4625/4625/4625 4692/4692/4692 4693/4693/4693
f 4693/4693/4693 4626/4626/4626 4625/4625/4625
f 4694/4694/4694 4695/4695/4695 4696/4696/4696
f 4696/4696/4696 4697/4697/4697 4694/4694/4694
f 4698/4698/4698 4699/4699/4699 4700/4700/4700
f 4701/4701/4701 4702/4702/4702 4703/4703/4703
f 4704/4704/4704 4703/4703/4703 4702/4702/4702
f 4705/4705/4705 4706/4706/4706 4707/4707/4707
f 4708/4708/4708 4709/4709/4709 4710/4710/4710
f 4710/4710/4710 4711/4711/4711 4708/4708/4708
f 4712/4712/4712 4713/4713/4713 4714/4714/4714
f 4715/4715/4715 4716/4716/4716 4717/4717/4717
f 4718/4718/4718 4719/4719/4719 4720/4720/4720
f 4721/4721/4721 4722/4722/4722 4723/4723/4723
f 4724/4724/4724 4725/4725/4725 4726/4726/4726
f 4727/4727/4727 4728/4728/4728 4729/4729/4729
f 4730/4730/4730 4731/4731/4731 4732/4732/4732
f 4733/4733/4733 4734/4734/4734 4735/4735/4735
f 4736/4736/4736 4737/4737/4737 4738/4738/4738
f 4739/4739/4739 4740/4740/4740 4741/4741/4741
f 4742/4742/4742 4743/4743/4743 4744/4744/4744
f 4745/4745/4745 4746/4746/4746 4747/4747/4747
f 4748/4748/4748 4749/4749/4749 4750/4750/4750
f 4751/4751/4751 4752/4752/4752 4753/4753/4753
f 4754/4754/4754 4755/4755/4755 4756/4756/4756
f 4757/4757/4757 4758/4758/4758 4759/4759/4759
f 4760/4760/4760 4761/4761/4761 4762/4762/4762
f 4763/4763/4763 4764/4764/4764 4765/4765/4765
f 4766/4766/4766 4767/4767/4767 4768/4768/4768
f 4769/4769/4769 4770/4770/4770 4771/4771/4771
f 4772/4772/4772 4773/4773/4773 4774/4774/4774
f 4775/4775/4775 4776/4776/4776 4777/4777/4777
f 4778/4778/4778 4779/4779/4779 4780/4780/4780
f 4781/4781/4781 4782/4782/4782 4783/4783/4783
f 4784/4784/4784 4785/4785/4785 4786/4786/4786
f 4787/4787/4787 4788/4788/4788 4789/4789/4789
f 4790/4790/4790 4791/4791/4791 4792/4792/4792
f 4793/4793/4793 4794/4794/4794 4795/4795/4795
f 4796/4796/4796 4797/4797/4797 4798/4798/4798
f 4799/4799/4799 4800/4800/4800 4801/4801/4801
f 4802/4802/4802 4803/4803/4803 4804/4804/4804
f 4805/4805/4805 4806/4806/4806 4807/4807/4807
f 4808/4808/4808 4809/4809/4809 4810/4810/4810
f 4811/4811/4811 4812/4812/4812 4813/4813/4813
f 4814/4814/4814 4815/4815/4815 4816/4816/4816
f 4817/4817/4817 4818/4818/4818 4819/4819/4819
f 4820/4820/4820 4821/4821/4821 4822/4822/4822
f 4823/4823/4823 4824/4824/4824 4825/4825/4825
f 4826/4826/4826 4827/4827/4827 4828/4828/4828
f 4829/4829/4829 4830/4830/4830 4831/4831/4831
f 4832/4832/4832 4833/4833/4833 4834/4834/4834
f 4835/4835/4835 4836/4836/4836 4837/4837/4837
f 4838/4838/4838 4839/4839/4839 4840/4840/4840
f 4841/4841/4841 4842/4842/4842 4843/4843/4843
f 4844/4844/4844 4845/4845/4845 4846/4846/4846
f 4847/4847/4847 4848/4848/4848 4849/4849/4849
f 4850/4850/4850 4851/4851/4851 4852/4852/4852
f 4853/4853/4853 4854/4854/4854 4855/4855/4855
f 4856/4856/4856 4857/4857/4857 4858/4858/4858
f 4859/4859/4859 4860/4860/4860 4861/4861/4861
f 4862/4862/4862 4863/4863/4863 4864/4864/4864
f 4865/4865/4865 4866/4866/4866 4867/4867/4867
f 4868/4868/4868 4869/4869/4869 4870/4870/4870
f 4871/4871/4871 4872/4872/4872 4873/4873/4873
f 4874/4874/4874 4875/4875/4875 4876/4876/4876
f 4877/4877/4877 4878/4878/4878 4879/4879/4879
f 4880/4880/4880 4881/4881/4881 4882/4882/4882
f 4883/4883/4883 4884/4884/4884 4885/4885/4885
f 4886/4886/4886 4887/4887/4887 4888/4888/4888
f 4889/4889/4889 4890/4890/4890 4891/4891/4891
f 4892/4892/4892 4893/4893/4893 4894/4894/4894
f 4895/4895/4895 4896/4896/4896 4897/4897/4897
f 4898/4898/4898 4899/4899/4899 4900/4900/4900
f 4901/4901/4901 4902/4902/4902 4903/4903/4903
f 4904/4904/4904 4905/4905/4905 4906/4906/4906
f 4907/4907/4907 4908/4908/4908 4909/4909/4909
f 4910/4910/4910 4911/4911/4911 4912/4912/4912
f 4913/4913/4913 4914/4914/4914 4915/4915/4915
f 4916/4916/4916 4917/4917/4917 4918/4918/4918
f 4919/4919/4919 4920/4920/4920 4921/4921/4921
f 4922/4922/4922 4923/4923/4923 4924/4924/4924
f 4925/4925/4925 4926/4926/4926 4927/4927/4927
f 4928/4928/4928 4929/4929/4929 4930/4930/4930
f 4931/4931/4931 4932/4932/4932 4933/4933/4933
f 4934/4934/4934 4935/4935/4935 4936/4936/4936
f 4937/4937/4937 4938/4938/4938 4939/4939/4939
f 4940/4940/4940 4941/4941/4941 4942/4942/4942
f 4943/4943/4943 4944/4944/4944 4945/4945/4945
f 4946/4946/4946 4947/4947/4947 4948/4948/4948
f 4949/4949/4949 4950/4950/4950 4951/4951/4951
f 4952/4952/4952 4953/4953/4953 4954/4954/4954
f 4955/4955/4955 4956/4956/4956 4957/4957/4957
f 4958/4958/4958 4959/4959/4959 4960/4960/4960
f 4961/4961/4961 4962/4962/4962 4963/4963/4963
f 4964/4964/4964 4965/4965/4965 4966/4966/4966
f 4967/4967/4967 4968/4968/4968 4969/4969/4969
f 4970/4970/4970 4971/4971/4971 4972/4972/4972
f 4973/4973/4973 4974/4974/4974 4975/4975/4975
f 4976/4976/4976 4977/4977/4977 4978/4978/4978
f 4979/4979/4979 4980/4980/4980 4981/4981/4981
f 4982/4982/4982 4983/4983/4983 4984/4984/4984
f 4985/4985/4985 4986/4986/4986 4987/4987/4987
f 4988/4988/4988 4989/4989/4989 4990/4990/4990
f 4991/4991/4991 4992/4992/4992 4993/4993/4993
f 4994/4994/4994 4995/4995/4995 4996/4996/4996
f 4997/4997/4997 4998/4998/4998 4999/4999/4999
f 5000/5000/5000 5001/5001/5001 5002/5002/5002
f 5003/5003/5003 5004/5004/5004 5005/5005/5005
f 5006/5006/5006 5007/5007/5007 5008/5008/5008
f 5009/5009/5009 5010/5010/5010 5011/5011/5011
f 5012/5012/5012 5013/5013/5013 5014/5014/5014
f 5015/5015/5015 5016/5016/5016 5017/5017/5017
f 5018/5018/5018 5019/5019/5019 5020/5020/5020
f 5021/5021/5021 5022/5022/5022 5023/5023/5023
f 5024/5024/5024 5025/5025/5025 5026/5026/5026
f 5027/5027/5027 5028/5028/5028 5029/5029/5029
f 5030/5030/5030 5031/5031/5031 5032/5032/5032
f 5033/5033/5033 5034/5034/5034 5035/5035/5035
f 5036/5036/5036 5037/5037/5037 5038/5038/5038
f 5039/5039/5039 5040/5040/5040 5041/5041/5041
f 5042/5042/5042 5043/5043/5043 5044/5044/5044
f 5045/5045/5045 5046/5046/5046 5047/5047/5047
f 5048/5048/5048 5049/5049/5049 5050/5050/5050
f 5051/5051/5051 5052/5052/5052 5053/5053/5053
f 5054/5054/5054 5055/5055/5055 5056/5056/5056
f 5057/5057/5057 5058/5058/5058 5059/5059/5059
f 5060/5060/5060 5061/5061/5061 5062/5062/5062
f 5063/5063/5063 5064/5064/5064 5065/5065/5065
f 5066/5066/5066 5067/5067/5067 5068/5068/5068
f 5069/5069/5069 5070/5070/5070 5071/5071/5071
f 5072/5072/5072 5073/5073/5073 5074/5074/5074
f 5075/5075/5075 5076/5076/5076 5077/5077/5077
f 5078/5078/5078 5079/5079/5079 5080/5080/5080
f 5081/5081/5081 5082/5082/5082 5083/5083/5083
f 5084/5084/5084 5085/5085/5085 5086/5086/5086
f 5087/5087/5087 5088/5088/5088 5089/5089/5089
f 5090/5090/5090 5091/5091/5091 5092/5092/5092
f 5093/5093/5093 5094/5094/5094 5095/5095/5095
f 5096/5096/5096 5097/5097/5097 5098/5098/5098
f 5099/5099/5099 5100/5100/5100 5101/5101/5101
f 5102/5102/5102 5103/5103/5103 5104/5104/5104
f 5105/5105/5105 5106/5106/5106 5107/5107/5107
f 5108/5108/5108 5109/5109/5109 5110/5110/5110
f 5111/5111/5111 5112/5112/5112 5113/5113/5113
f 5114/5114/5114 5115/5115/5115 5116/5116/5116
f 5117/5117/5117 5118/5118/5118 5119/5119/5119
f 5120/5120/5120 5121/5121/5121 5122/5122/5122
f 5123/5123/5123 5124/5124/5124 5125/5125/5125
f 5126/5126/5126 5127/5127/5127 5128/5128/5128
f 5129/5129/5129 5130/5130/5130 5131/5131/5131
f 5132/5132/5132 5133/5133/5133 5134/5134/5134
f 5135/5135/5135 5136/5136/5136 5137/5137/5137
f 5138/5138/5138 5139/5139/5139 5140/5140/5140
f 5141/5141/5141 5142/5142/5142 5143/5143/5143
f 5144/5144/5144 5145/5145/5145 5146/5146/5146
f 5147/5147/5147 5148/5148/5148 5149/5149/5149
f 5150/5150/5150 5151/5151/5151 5152/5152/5152
f 5153/5153/5153 5154/5154/5154 5155/5155/5155
f 5156/5156/5156 5157/5157/5157 5158/5158/5158
f 5159/5159/5159 5160/5160/5160 5161/5161/5161
f 5162/5162/5162 5163/5163/5163 5164/5164/5164
f 5165/5165/5165 5166/5166/5166 5167/5167/5167
f 5168/5168/5168 5169/5169/5169 5170/5170/5170
f 5171/5171/5171 5172/5172/5172 5173/5173/5173
f 5174/5174/5174 5175/5175/5175 5176/5176/5176
f 5177/5177/5177 5178/5178/5178 5179/5179/5179
f 5180/5180/5180 5181/5181/5181 5182/5182/5182
f 5183/5183/5183 5184/5184/5184 5185/5185/5185
f 5186/5186/5186 5187/5187/5187 5188/5188/5188
f 5189/5189/5189 5190/5190/5190 5191/5191/5191
f 5192/5192/5192 5193/5193/5193 5194/5194/5194
f 5195/5195/5195 5196/5196/5196 5197/5197/5197
f 5198/5198/5198 5199/5199/5199 5200/5200/5200
f 5201/5201/5201 5202/5202/5202 5203/5203/5203
f 5204/5204/5204 5205/5205/5205 5206/5206/5206
f 5207/5207/5207 5208/5208/5208 5209/5209/5209
f 5210/5210/5210 5211/5211/5211 5212/5212/5212
f 5213/5213/5213 5214/5214/5214 5215/5215/5215
f 5216/5216/5216 5217/5217/5217 5218/5218/5218
f 5219/5219/5219 5220/5220/5220 5221/5221/5221
f 5222/5222/5222 5223/5223/5223 5224/5224/5224
f 5225/5225/5225 5226/5226/5226 5227/5227/5227
f 5228/5228/5228 5229/5229/5229 5230/5230/5230
f 5231/5231/5231 5232/5232/5232 5233/5233/5233
f 5234/5234/5234 5235/5235/5235 5236/5236/5236
f 5237/5237/5237 5238/5238/5238 5239/5239/5239
f 5240/5240/5240 5241/5241/5241 5242/5242/5242
f 5243/5243/5243 5244/5244/5244 5245/5245/5245
f 5246/5246/5246 5247/5247/5247 5248/5248/5248
f 5249/5249/5249 5250/5250/5250 5251/5251/5251
f 5252/5252/5252 5253/5253/5253 5254/5254/5254
f 5255/5255/5255 5256/5256/5256 5257/5257/5257
f 5258/5258/5258 5259/5259/5259 5260/5260/5260
f 5261/5261/5261 5262/5262/5262 5263/5263/5263
f 5264/5264/5264 5265/5265/5265 5266/5266/5266
f 5267/5267/5267 5268/5268/5268 5269/5269/5269
f 5270/5270/5270 5271/5271/5271 5272/5272/5272
f 5273/5273/5273 5274/5274/5274 5275/5275/5275
f 5276/5276/5276 5277/5277/5277 5278/5278/5278
f 5279/5279/5279 5280/5280/5280 5281/5281/5281
f 5282/5282/5282 5283/5283/5283 5284/5284/5284
f 5285/5285/5285 5286/5286/5286 5287/5287/5287
f 5288/5288/5288 5289/5289/5289 5290/5290/5290
f 5291/5291/5291 5292/5292/5292 5293/5293/5293
f 5294/5294/5294 5295/5295/5295 5296/5296/5296
f 5297/5297/5297 5298/5298/5298 5299/5299/5299
f 5300/5300/5300 5301/5301/5301 5302/5302/5302
f 5303/5303/5303 5304/5304/5304 5305/5305/5305
f 5306/5306/5306 5307/5307/5307 5308/5308/5308
f 5309/5309/5309 5310/5310/5310 5311/5311/5311
f 5312/5312/5312 5313/5313/5313 5314/5314/5314
f 5315/5315/5315 5316/5316/5316 5317/5317/5317
f 5318/5318/5318 5319/5319/5319 5320/5320/5320
f 5321/5321/5321 5322/5322/5322 5323/5323/5323
f 5324/5324/5324 5325/5325/5325 5326/5326/5326
f 5327/5327/5327 5328/5328/5328 5329/5329/5329
f 5330/5330/5330 5331/5331/5331 5332/5332/5332
f 5333/5333/5333 5334/5334/5334 5335/5335/5335
f 5336/5336/5336 5337/5337/5337 5338/5338/5338
f 5339/5339/5339 5340/5340/5340 5341/5341/5341
f 5342/5342/5342 5343/5343/5343 5344/5344/5344
f 5345/5345/5345 5346/5346/5346 5347/5347/5347
f 5348/5348/5348 5349/5349/5349 5350/5350/5350
f 5351/5351/5351 5352/5352/5352 5353/5353/5353
f 5354/5354/5354 5355/5355/5355 5356/5356/5356
f 5357/5357/5357 5358/5358/5358 5359/5359/5359
f 5360/5360/5360 5361/5361/5361 5362/5362/5362
f 5363/5363/5363 5364/5364/5364 5365/5365/5365
f 5366/5366/5366 5367/5367/5367 5368/5368/5368
f 5369/5369/5369 5370/5370/5370 5371/5371/5371
f 5372/5372/5372 5373/5373/5373 5374/5374/5374
f 5375/5375/5375 5376/5376/5376 5377/5377/5377
f 5378/5378/5378 5379/5379/5379 5380/5380/5380
f 5381/5381/5381 5382/5382/5382 5383/5383/5383
f 5384/5384/5384 5385/5385/5385 5386/5386/5386
f 5387/5387/5387 5388/5388/5388 5389/5389/5389
f 5390/5390/5390 5391/5391/5391 5392/5392/5392
f 5393/5393/5393 5394/5394/5394 5395/5395/5395
f 5396/5396/5396 5397/5397/5397 5398/5398/5398
f 5399/5399/5399 5400/5400/5400 5401/5401/5401
f 5402/5402/5402 5403/5403/5403 5404/5404/5404
f 5405/5405/5405 5406/5406/5406 5407/5407/5407
f 5408/5408/5408 5409/5409/5409 5410/5410/5410
f 5411/5411/5411 5412/5412/5412 5413/5413/5413
f 5414/5414/5414 5415/5415/5415 5416/5416/5416
f 5417/5417/5417 5418/5418/5418 5419/5419/5419
f 5420/5420/5420 5421/5421/5421 5422/5422/5422
f 5423/5423/5423 5424/5424/5424 5425/5425/5425
f 5426/5426/5426 5427/5427/5427 5428/5428/5428
f 5429/5429/5429 5430/5430/5430 5431/5431/5431
f 5432/5432/5432 5433/5433/5433 5434/5434/5434
f 5435/5435/5435 5436/5436/5436 5437/5437/5437
f 5438/5438/5438 5439/5439/5439 5440/5440/5440
f 5441/5441/5441 5442/5442/5442 5443/5443/5443
f 5444/5444/5444 5445/5445/5445 5446/5446/5446
f 5447/5447/5447 5448/5448/5448 5449/5449/5449
f 5450/5450/5450 5451/5451/5451 5452/5452/5452
f 5453/5453/5453 5454/5454/5454 5455/5455/5455
f 5456/5456/5456 5457/5457/5457 5458/5458/5458
f 5459/5459/5459 5460/5460/5460 5461/5461/5461
f 5462/5462/5462 5463/5463/5463 5464/5464/5464
f 5465/5465/5465 5466/5466/5466 5467/5467/5467
f 5468/5468/5468 5469/5469/5469 5470/5470/5470
f 5471/5471/5471 5472/5472/5472 5473/5473/5473
f 5474/5474/5474 5475/5475/5475 5476/5476/5476
f 5477/5477/5477 5478/5478/5478 5479/5479/5479
f 5480/5480/5480 5481/5481/5481 5482/5482/5482
f 5483/5483/5483 5484/5484/5484 5485/5485/5485
f 5486/5486/5486 5487/5487/5487 5488/5488/5488
f 5489/5489/5489 5490/5490/5490 5491/5491/5491
f 5492/5492/5492 5493/5493/5493 5494/5494/5494
f 5495/5495/5495 5496/5496/5496 5497/5497/5497
f 5498/5498/5498 5499/5499/5499 5500/5500/5500
f 5501/5501/5501 5502/5502/5502 5503/5503/5503
f 5504/5504/5504 5505/5505/5505 5506/5506/5506
f 5507/5507/5507 5508/5508/5508 5509/5509/5509
f 5510/5510/5510 5511/5511/5511 5512/5512/5512
f 5513/5513/5513 5514/5514/5514 5515/5515/5515
f 5516/5516/5516 5517/5517/5517 5518/5518/5518
f 5519/5519/5519 5520/5520/5520 5521/5521/5521
f 5522/5522/5522 5523/5523/5523 5524/5524/5524
f 5525/5525/5525 5526/5526/5526 5527/5527/5527
f 5528/5528/5528 5529/5529/5529 5530/5530/5530
f 5531/5531/5531 5532/5532/5532 5533/5533/5533
f 5534/5534/5534 5535/5535/5535 5536/5536/5536
f 5537/5537/5537 5538/5538/5538 5539/5539/5539
f 5540/5540/5540 5541/5541/5541 5542/5542/5542
f 5543/5543/5543 5544/5544/5544 5545/5545/5545
f 5546/5546/5546 5547/5547/5547 5548/5548/5548
f 5549/5549/5549 5550/5550/5550 5551/5551/5551
f 5552/5552/5552 5553/5553/5553 5554/5554/5554
f 5555/5555/5555 5556/5556/5556 5557/5557/5557
f 5558/5558/5558 5559/5559/5559 5560/5560/5560
f 5561/5561/5561 5562/5562/5562 5563/5563/5563
f 5564/5564/5564 5565/5565/5565 5566/5566/5566
f 5567/5567/5567 5568/5568/5568 5569/5569/5569
f 5570/5570/5570 5571/5571/5571 5572/5572/5572
f 5573/5573/5573 5574/5574/5574 5575/5575/5575
f 5576/5576/5576 5577/5577/5577 5578/5578/5578
f 5579/5579/5579 5580/5580/5580 5581/5581/5581
f 5582/5582/5582 5583/5583/5583 5584/5584/5584
f 5585/5585/5585 5586/5586/5586 5587/5587/5587
f 5588/5588/5588 5589/5589/5589 5590/5590/5590
f 5591/5591/5591 5592/5592/5592 5593/5593/5593
f 5594/5594/5594 5595/5595/5595 5596/5596/5596
f 5597/5597/5597 5598/5598/5598 5599/5599/5599
f 5600/5600/5600 5601/5601/5601 5602/5602/5602
f 5603/5603/5603 5604/5604/5604 5605/5605/5605
f 5606/5606/5606 5607/5607/5607 5608/5608/5608
f 5609/5609/5609 5610/5610/5610 5611/5611/5611
f 5612/5612/5612 5613/5613/5613 5614/5614/5614
f 5615/5615/5615 5616/5616/5616 5617/5617/5617
f 5618/5618/5618 5619/5619/5619 5620/5620/5620
f 5621/5621/5621 5622/5622/5622 5623/5623/5623
f 5624/5624/5624 5625/5625/5625 5626/5626/5626
f 5627/5627/5627 5628/5628/5628 5629/5629/5629
f 5630/5630/5630 5631/5631/5631 5632/5632/5632
f 5633/5633/5633 5634/5634/5634 5635/5635/5635
f 5636/5636/5636 5637/5637/5637 5638/5638/5638
f 5639/5639/5639 5640/5640/5640 5641/5641/5641
f 5642/5642/5642 5643/5643/5643 5644/5644/5644
f 5645/5645/5645 5646/5646/5646 5647/5647/5647
f 5648/5648/5648 5649/5649/5649 5650/5650/5650
f 5651/5651/5651 5652/5652/5652 5653/5653/5653
f 5654/5654/5654 5655/5655/5655 5656/5656/5656
f 5657/5657/5657 5658/5658/5658 5659/5659/5659
f 5660/5660/5660 5661/5661/5661 5662/5662/5662
f 5663/5663/5663 5664/5664/5664 5665/5665/5665
f 5666/5666/5666 5667/5667/5667 5668/5668/5668
f 5669/5669/5669 5670/5670/5670 5671/5671/5671
f 5672/5672/5672 5673/5673/5673 5674/5674/5674
f 5675/5675/5675 5676/5676/5676 5677/5677/5677
f 5678/5678/5678 5679/5679/5679 5680/5680/5680
f 5681/5681/5681 5682/5682/5682 5683/5683/5683
f 5684/5684/5684 5685/5685/5685 5686/5686/5686
f 5687/5687/5687 5688/5688/5688 5689/5689/5689
f 5690/5690/5690 5691/5691/5691 5692/5692/5692
f 5693/5693/5693 5694/5694/5694 5695/5695/5695
f 5696/5696/5696 5697/5697/5697 5698/5698/5698
f 5699/5699/5699 5700/5700/5700 5701/5701/5701
f 5702/5702/5702 5703/5703/5703 5704/5704/5704
f 5705/5705/5705 5706/5706/5706 5707/5707/5707
f 5708/5708/5708 5709/5709/5709 5710/5710/5710
f 5711/5711/5711 5712/5712/5712 5713/5713/5713
f 5714/5714/5714 5715/5715/5715 5716/5716/5716
f 5717/5717/5717 5718/5718/5718 5719/5719/5719
f 5720/5720/5720 5721/5721/5721 5722/5722/5722
f 5723/5723/5723 5724/5724/5724 5725/5725/5725
f 5726/5726/5726 5727/5727/5727 5728/5728/5728
f 5729/5729/5729 5730/5730/5730 5731/5731/5731
f 5732/5732/5732 5733/5733/5733 5734/5734/5734
f 5735/5735/5735 5736/5736/5736 5737/5737/5737
f 5738/5738/5738 5739/5739/5739 5740/5740/5740
f 5741/5741/5741 5742/5742/5742 5743/5743/5743
f 5744/5744/5744 5745/5745/5745 5746/5746/5746
f 5747/5747/5747 5748/5748/5748 5749/5749/5749
f 5750/5750/5750 5751/5751/5751 5752/5752/5752
f 5753/5753/5753 5754/5754/5754 5755/5755/5755
f 5756/5756/5756 5757/5757/5757 5758/5758/5758
f 5759/5759/5759 5760/5760/5760 5761/5761/5761
f 5762/5762/5762 5763/5763/5763 5764/5764/5764
f 5765/5765/5765 5766/5766/5766 5767/5767/5767
f 5768/5768/5768 5769/5769/5769 5770/5770/5770
f 5771/5771/5771 5772/5772/5772 5773/5773/5773
f 5774/5774/5774 5775/5775/5775 5776/5776/5776
f 5777/5777/5777 5778/5778/5778 5779/5779/5779
f 5780/5780/5780 5781/5781/5781 5782/5782/5782
f 5783/5783/5783 5784/5784/5784 5785/5785/5785
f 5786/5786/5786 5787/5787/5787 5788/5788/5788
f 5789/5789/5789 5790/5790/5790 5791/5791/5791
f 5792/5792/5792 5793/5793/5793 5794/5794/5794
f 5795/5795/5795 5796/5796/5796 5797/5797/5797
f 5798/5798/5798 5799/5799/5799 5800/5800/5800
f 5801/5801/5801 5802/5802/5802 5803/5803/5803
f 5804/5804/5804 5805/5805/5805 5806/5806/5806
f 5807/5807/5807 5808/5808/5808 5809/5809/5809
f 5810/5810/5810 5811/5811/5811 5812/5812/5812
f 5813/5813/5813 5814/5814/5814 5815/5815/5815
f 5816/5816/5816 5817/5817/5817 5818/5818/5818
f 5819/5819/5819 5820/5820/5820 5821/5821/5821
f 5822/5822/5822 5823/5823/5823 5824/5824/5824
f 5825/5825/5825 5826/5826/5826 5827/5827/5827
f 5828/5828/5828 5829/5829/5829 5830/5830/5830
f 5831/5831/5831 5832/5832/5832 5833/5833/5833
f 5834/5834/5834 5835/5835/5835 5836/5836/5836
f 5837/5837/5837 5838/5838/5838 5839/5839/5839
f 5840/5840/5840 5841/5841/5841 5842/5842/5842
f 5843/5843/5843 5844/5844/5844 5845/5845/5845
f 5846/5846/5846 5847/5847/5847 5848/5848/5848
f 5849/5849/5849 5850/5850/5850 5851/5851/5851
f 5852/5852/5852 5853/5853/5853 5854/5854/5854
f 5855/5855/5855 5856/5856/5856 5857/5857/5857
f 5858/5858/5858 5859/5859/5859 5860/5860/5860
f 5861/5861/5861 5862/5862/5862 5863/5863/5863
f 5864/5864/5864 5865/5865/5865 5866/5866/5866
f 5867/5867/5867 5868/5868/5868 5869/5869/5869
f 5870/5870/5870 5871/5871/5871 5872/5872/5872
f 5873/5873/5873 5874/5874/5874 5875/5875/5875
f 5876/5876/5876 5877/5877/5877 5878/5878/5878
f 5879/5879/5879 5880/5880/5880 5881/5881/5881
f 5882/5882/5882 5883/5883/5883 5884/5884/5884
f 5885/5885/5885 5886/5886/5886 5887/5887/5887