# https://github.com/mikedh/trimesh
mtllib material.mtl
usemtl material_0
v 0.07464279 0.03109498 -0.28158659
v 0.05398833 0.03109498 -0.28158659
v 0.05398833 -0.06271192 -0.41555599
v 0.05398833 -0.06271192 -0.41555599
v 0.08114097 -0.06271192 -0.41555599
v 0.07464279 0.03109498 -0.28158659
v 0.03986712 0.03109498 -0.28158659
v 0.01977374 0.03109498 -0.28158659
v 0.01977374 -0.06271192 -0.41555599
v 0.01977374 -0.06271192 -0.41555599
v 0.03986712 -0.06271192 -0.41555599
v 0.03986712 0.03109498 -0.28158659
v 0.00565523 0.03109498 -0.28158659
v -0.01443816 0.03109498 -0.28158659
v -0.01443816 -0.06271192 -0.41555599
v -0.01443816 -0.06271192 -0.41555599
v 0.00565523 -0.06271192 -0.41555599
v 0.00565523 0.03109498 -0.28158659
v -0.02855937 0.03109498 -0.28158659
v -0.04865275 0.03109498 -0.28158659
v -0.04865275 -0.06271192 -0.41555599
v -0.04865275 -0.06271192 -0.41555599
v -0.02855937 -0.06271192 -0.41555599
v -0.02855937 0.03109498 -0.28158659
v -0.06277396 0.03109498 -0.28158659
v -0.08286735 0.03109498 -0.28158659
v -0.08286735 -0.06271192 -0.41555599
v -0.08286735 -0.06271192 -0.41555599
v -0.06277396 -0.06271192 -0.41555599
v -0.06277396 0.03109498 -0.28158659
v -0.09698586 0.03109498 -0.28158659
v -0.11764301 0.03109498 -0.28158659
v -0.12414120 -0.06271192 -0.41555599
v -0.12414120 -0.06271192 -0.41555599
v -0.09698586 -0.06271192 -0.41555599
v -0.09698586 0.03109498 -0.28158659
v 0.07337228 0.05238334 -0.25118351
v 0.04827511 0.05238334 -0.25118351
v 0.04887664 0.03544598 -0.27537164
v 0.04887664 0.03544598 -0.27537164
v 0.07464279 0.03544598 -0.27537164
v 0.07337228 0.05238334 -0.25118351
v 0.05186813 -0.08608542 -0.44893707
v 0.05398833 -0.08650352 -0.44953320
v 0.07171874 -0.08650352 -0.44953320
v 0.07171874 -0.08650352 -0.44953320
v 0.07584046 -0.08616634 -0.44905036
v 0.05186813 -0.08608542 -0.44893707
v 0.03522210 0.05238334 -0.25118351
v 0.01665008 0.05238334 -0.25118351
v 0.01458382 0.03544598 -0.27537164
v 0.01458382 0.03544598 -0.27537164
v 0.04497881 0.03544598 -0.27537164
v 0.03522210 0.05238334 -0.25118351
v 0.01762116 -0.08608542 -0.44893707
v 0.04199002 -0.08608542 -0.44893707
v 0.04242432 -0.08514131 -0.44759103
v 0.04242432 -0.08514131 -0.44759103
v 0.01717878 -0.08514131 -0.44759103
v 0.01762116 -0.08608542 -0.44893707
v 0.00359976 0.05238334 -0.25118351
v -0.01497226 0.05238334 -0.25118351
v -0.01936912 0.03544598 -0.27537164
v -0.01936912 0.03544598 -0.27537164
v 0.01084514 0.03544598 -0.27537164
v 0.00359976 0.05238334 -0.25118351
v -0.01648553 -0.08608542 -0.44893707
v 0.00780780 -0.08608542 -0.44893707
v 0.00825018 -0.08514131 -0.44759103
v 0.00825018 -0.08514131 -0.44759103
v -0.01690364 -0.08514131 -0.44759103
v -0.01648553 -0.08608542 -0.44893707
v -0.02802527 0.05238334 -0.25118351
v -0.04659729 0.05238334 -0.25118351
v -0.05345423 0.03544598 -0.27537164
v -0.05345423 0.03544598 -0.27537164
v -0.02362841 0.03544598 -0.27537164
v -0.02802527 0.05238334 -0.25118351
v -0.05064618 -0.08608542 -0.44893707
v -0.02651199 -0.08608542 -0.44893707
v -0.02609389 -0.08514131 -0.44759103
v -0.02609389 -0.08514131 -0.44759103
v -0.05105349 -0.08514131 -0.44759103
v -0.05064618 -0.08608542 -0.44893707
v -0.05964760 0.05238334 -0.25118351
v -0.07821962 0.05238334 -0.25118351
v -0.08798173 0.03544598 -0.27537164
v -0.08798173 0.03544598 -0.27537164
v -0.05796978 0.03544598 -0.27537164
v -0.05964760 0.05238334 -0.25118351
v -0.08499025 -0.08608542 -0.44893707
v -0.06078054 -0.08608542 -0.44893707
v -0.06037322 -0.08514131 -0.44759103
v -0.06037322 -0.08514131 -0.44759103
v -0.08542454 -0.08514131 -0.44759103
v -0.08499025 -0.08608542 -0.44893707
v -0.09127264 0.05238334 -0.25118351
v -0.11636981 0.05238334 -0.25118351
v -0.11764301 0.03544598 -0.27537164
v -0.11764301 0.03544598 -0.27537164
v -0.09187147 0.03544598 -0.27537164
v -0.09127264 0.05238334 -0.25118351
v -0.12414120 -0.06706562 -0.42177363
v -0.12414120 -0.08109781 -0.44181577
v -0.09373811 -0.08112479 -0.44185084
v -0.09373811 -0.08112479 -0.44185084
v -0.09187147 -0.06706562 -0.42177363
v -0.12414120 -0.06706562 -0.42177363
v 0.04199002 -0.08608542 -0.44893707
v 0.05186813 -0.08608542 -0.44893707
v 0.05143114 -0.08514131 -0.44759103
v 0.05143114 -0.08514131 -0.44759103
v 0.04242432 -0.08514131 -0.44759103
v 0.04199002 -0.08608542 -0.44893707
v 0.04827511 0.05238334 -0.25118351
v 0.03522210 0.05238334 -0.25118351
v 0.04497881 0.03544598 -0.27537164
v 0.04497881 0.03544598 -0.27537164
v 0.04887664 0.03544598 -0.27537164
v 0.04827511 0.05238334 -0.25118351
v 0.00780780 -0.08608542 -0.44893707
v 0.01762116 -0.08608542 -0.44893707
v 0.01717878 -0.08514131 -0.44759103
v 0.01717878 -0.08514131 -0.44759103
v 0.00825018 -0.08514131 -0.44759103
v 0.00780780 -0.08608542 -0.44893707
v 0.01665008 0.05238334 -0.25118351
v 0.00359976 0.05238334 -0.25118351
v 0.01084514 0.03544598 -0.27537164
v 0.01084514 0.03544598 -0.27537164
v 0.01458382 0.03544598 -0.27537164
v 0.01665008 0.05238334 -0.25118351
v -0.02651199 -0.08608542 -0.44893707
v -0.01648553 -0.08608542 -0.44893707
v -0.01690364 -0.08514131 -0.44759103
v -0.01690364 -0.08514131 -0.44759103
v -0.02609389 -0.08514131 -0.44759103
v -0.02651199 -0.08608542 -0.44893707
v -0.01497226 0.05238334 -0.25118351
v -0.02802527 0.05238334 -0.25118351
v -0.02362841 0.03544598 -0.27537164
v -0.02362841 0.03544598 -0.27537164
v -0.01936912 0.03544598 -0.27537164
v -0.01497226 0.05238334 -0.25118351
v -0.06078054 -0.08608542 -0.44893707
v -0.05064618 -0.08608542 -0.44893707
v -0.05105349 -0.08514131 -0.44759103
v -0.05105349 -0.08514131 -0.44759103
v -0.06037322 -0.08514131 -0.44759103
v -0.06078054 -0.08608542 -0.44893707
v -0.04659729 0.05238334 -0.25118351
v -0.05964760 0.05238334 -0.25118351
v -0.05796978 0.03544598 -0.27537164
v -0.05796978 0.03544598 -0.27537164
v -0.05345423 0.03544598 -0.27537164
v -0.04659729 0.05238334 -0.25118351
v -0.09486296 -0.08608542 -0.44893707
v -0.08499025 -0.08608542 -0.44893707
v -0.08542454 -0.08514131 -0.44759103
v -0.08542454 -0.08514131 -0.44759103
v -0.09442866 -0.08514131 -0.44759103
v -0.09486296 -0.08608542 -0.44893707
v -0.07821962 0.05238334 -0.25118351
v -0.09127264 0.05238334 -0.25118351
v -0.09187147 0.03544598 -0.27537164
v -0.09187147 0.03544598 -0.27537164
v -0.08798173 0.03544598 -0.27537164
v -0.07821962 0.05238334 -0.25118351
v 0.07464279 0.03544598 -0.27537164
v 0.04887664 0.03544598 -0.27537164
v 0.05301994 0.03324216 -0.27851958
v 0.05301994 0.03324216 -0.27851958
v 0.07464279 0.03324216 -0.27851958
v 0.07464279 0.03544598 -0.27537164
v 0.04887664 -0.06706562 -0.42177363
v 0.08114097 -0.06706562 -0.42177363
v 0.08114097 -0.06486180 -0.41862570
v 0.08114097 -0.06486180 -0.41862570
v 0.05301994 -0.06486180 -0.41862570
v 0.04887664 -0.06706562 -0.42177363
v 0.04497881 0.03544598 -0.27537164
v 0.01458382 0.03544598 -0.27537164
v 0.01886739 0.03324216 -0.27851958
v 0.01886739 0.03324216 -0.27851958
v 0.04083551 0.03324216 -0.27851958
v 0.04497881 0.03544598 -0.27537164
v 0.01458382 -0.06706562 -0.42177363
v 0.04497881 -0.06706562 -0.42177363
v 0.04083551 -0.06486180 -0.41862570
v 0.04083551 -0.06486180 -0.41862570
v 0.01886739 -0.06486180 -0.41862570
v 0.01458382 -0.06706562 -0.42177363
v 0.01084514 0.03544598 -0.27537164
v -0.01936912 0.03544598 -0.27537164
v -0.01513141 0.03324216 -0.27851958
v -0.01513141 0.03324216 -0.27851958
v 0.00656157 0.03324216 -0.27851958
v 0.01084514 0.03544598 -0.27537164
v -0.01936912 -0.06706562 -0.42177363
v 0.01084514 -0.06706562 -0.42177363
v 0.00656157 -0.06486180 -0.41862570
v 0.00656157 -0.06486180 -0.41862570
v -0.01513141 -0.06486180 -0.41862570
v -0.01936912 -0.06706562 -0.42177363
v -0.02362841 0.03544598 -0.27537164
v -0.05345423 0.03544598 -0.27537164
v -0.04956989 0.03324216 -0.27851958
v -0.04956989 0.03324216 -0.27851958
v -0.02786612 0.03324216 -0.27851958
v -0.02362841 0.03544598 -0.27537164
v -0.05345423 -0.06706562 -0.42177363
v -0.02362841 -0.06706562 -0.42177363
v -0.02786612 -0.06486180 -0.41862570
v -0.02786612 -0.06486180 -0.41862570
v -0.04956989 -0.06486180 -0.41862570
v -0.05345423 -0.06706562 -0.42177363
v -0.05796978 0.03544598 -0.27537164
v -0.08798173 0.03544598 -0.27537164
v -0.08388968 0.03324216 -0.27851958
v -0.08388968 0.03324216 -0.27851958
v -0.06185682 0.03324216 -0.27851958
v -0.05796978 0.03544598 -0.27537164
v -0.08798173 -0.06706562 -0.42177363
v -0.05796978 -0.06706562 -0.42177363
v -0.06185682 -0.06486180 -0.41862570
v -0.06185682 -0.06486180 -0.41862570
v -0.08388968 -0.06486180 -0.41862570
v -0.08798173 -0.06706562 -0.42177363
v -0.09187147 0.03544598 -0.27537164
v -0.11764301 0.03544598 -0.27537164
v -0.11764301 0.03324216 -0.27851958
v -0.11764301 0.03324216 -0.27851958
v -0.09596352 0.03324216 -0.27851958
v -0.09187147 0.03544598 -0.27537164
v -0.12414120 -0.06706562 -0.42177363
v -0.09187147 -0.06706562 -0.42177363
v -0.09596352 -0.06486180 -0.41862570
v -0.09596352 -0.06486180 -0.41862570
v -0.12414120 -0.06486180 -0.41862570
v -0.12414120 -0.06706562 -0.42177363
v 0.07464279 0.03324216 -0.27851958
v 0.05301994 0.03324216 -0.27851958
v 0.05398833 0.03109498 -0.28158659
v 0.05398833 0.03109498 -0.28158659
v 0.07464279 0.03109498 -0.28158659
v 0.07464279 0.03324216 -0.27851958
v 0.05301994 -0.06486180 -0.41862570
v 0.08114097 -0.06486180 -0.41862570
v 0.08114097 -0.06271192 -0.41555599
v 0.08114097 -0.06271192 -0.41555599
v 0.05398833 -0.06271192 -0.41555599
v 0.05301994 -0.06486180 -0.41862570
v 0.04083551 0.03324216 -0.27851958
v 0.01886739 0.03324216 -0.27851958
v 0.01977374 0.03109498 -0.28158659
v 0.01977374 0.03109498 -0.28158659
v 0.03986712 0.03109498 -0.28158659
v 0.04083551 0.03324216 -0.27851958
v 0.01886739 -0.06486180 -0.41862570
v 0.04083551 -0.06486180 -0.41862570
v 0.03986712 -0.06271192 -0.41555599
v 0.03986712 -0.06271192 -0.41555599
v 0.01977374 -0.06271192 -0.41555599
v 0.01886739 -0.06486180 -0.41862570
v 0.00656157 0.03324216 -0.27851958
v -0.01513141 0.03324216 -0.27851958
v -0.01443816 0.03109498 -0.28158659
v -0.01443816 0.03109498 -0.28158659
v 0.00565523 0.03109498 -0.28158659
v 0.00656157 0.03324216 -0.27851958
v -0.01513141 -0.06486180 -0.41862570
v 0.00656157 -0.06486180 -0.41862570
v 0.00565523 -0.06271192 -0.41555599
v 0.00565523 -0.06271192 -0.41555599
v -0.01443816 -0.06271192 -0.41555599
v -0.01513141 -0.06486180 -0.41862570
v -0.02786612 0.03324216 -0.27851958
v -0.04956989 0.03324216 -0.27851958
v -0.04865275 0.03109498 -0.28158659
v -0.04865275 0.03109498 -0.28158659
v -0.02855937 0.03109498 -0.28158659
v -0.02786612 0.03324216 -0.27851958
v -0.04956989 -0.06486180 -0.41862570
v -0.02786612 -0.06486180 -0.41862570
v -0.02855937 -0.06271192 -0.41555599
v -0.02855937 -0.06271192 -0.41555599
v -0.04865275 -0.06271192 -0.41555599
v -0.04956989 -0.06486180 -0.41862570
v -0.06185682 0.03324216 -0.27851958
v -0.08388968 0.03324216 -0.27851958
v -0.08286735 0.03109498 -0.28158659
v -0.08286735 0.03109498 -0.28158659
v -0.06277396 0.03109498 -0.28158659
v -0.06185682 0.03324216 -0.27851958
v -0.08388968 -0.06486180 -0.41862570
v -0.06185682 -0.06486180 -0.41862570
v -0.06277396 -0.06271192 -0.41555599
v -0.06277396 -0.06271192 -0.41555599
v -0.08286735 -0.06271192 -0.41555599
v -0.08388968 -0.06486180 -0.41862570
v -0.09596352 0.03324216 -0.27851958
v -0.11764301 0.03324216 -0.27851958
v -0.11764301 0.03109498 -0.28158659
v -0.11764301 0.03109498 -0.28158659
v -0.09698586 0.03109498 -0.28158659
v -0.09596352 0.03324216 -0.27851958
v -0.12414120 -0.06486180 -0.41862570
v -0.09596352 -0.06486180 -0.41862570
v -0.09698586 -0.06271192 -0.41555599
v -0.09698586 -0.06271192 -0.41555599
v -0.12414120 -0.06271192 -0.41555599
v -0.12414120 -0.06486180 -0.41862570
v 0.03555388 0.04903040 -0.22603778
v 0.02045889 0.04903040 -0.22603778
v 0.03190692 0.05002306 -0.23210437
v 0.03190692 0.05002306 -0.23210437
v 0.05111553 0.05002306 -0.23210437
v 0.03555388 0.04903040 -0.22603778
v 0.01261198 0.04903040 -0.22603778
v 0.00144179 0.04903040 -0.22603778
v 0.00769990 0.05002306 -0.23210437
v 0.00769990 0.05002306 -0.23210437
v 0.02191552 0.05002306 -0.23210437
v 0.01261198 0.04903040 -0.22603778
v -0.00640512 0.04903040 -0.22603778
v -0.01757531 0.04903040 -0.22603778
v -0.01650441 0.05002306 -0.23210437
v -0.01650441 0.05002306 -0.23210437
v -0.00228880 0.05002306 -0.23210437
v -0.00640512 0.04903040 -0.22603778
v -0.02649311 0.05002306 -0.23210437
v -0.02542222 0.04903040 -0.22603778
v -0.03659241 0.04903040 -0.22603778
v -0.03659241 0.04903040 -0.22603778
v -0.04070873 0.05002306 -0.23210437
v -0.02649311 0.05002306 -0.23210437
v -0.05070013 0.05002306 -0.23210437
v -0.04444202 0.04903040 -0.22603778
v -0.05560950 0.04903040 -0.22603778
v -0.05560950 0.04903040 -0.22603778
v -0.06491574 0.05002306 -0.23210437
v -0.05070013 0.05002306 -0.23210437
v -0.07490444 0.05002306 -0.23210437
v -0.06345912 0.04903040 -0.22603778
v -0.07855141 0.04903040 -0.22603778
v -0.07855141 0.04903040 -0.22603778
v -0.09411576 0.05002306 -0.23210437
v -0.07490444 0.05002306 -0.23210437
v 0.02045889 0.04903040 -0.22603778
v 0.01261198 0.04903040 -0.22603778
v 0.02191552 0.05002306 -0.23210437
v 0.02191552 0.05002306 -0.23210437
v 0.03190692 0.05002306 -0.23210437
v 0.02045889 0.04903040 -0.22603778
v 0.00144179 0.04903040 -0.22603778
v -0.00640512 0.04903040 -0.22603778
v -0.00228880 0.05002306 -0.23210437
v -0.00228880 0.05002306 -0.23210437
v 0.00769990 0.05002306 -0.23210437
v 0.00144179 0.04903040 -0.22603778
v -0.01757531 0.04903040 -0.22603778
v -0.02542222 0.04903040 -0.22603778
v -0.02649311 0.05002306 -0.23210437
v -0.02649311 0.05002306 -0.23210437
v -0.01650441 0.05002306 -0.23210437
v -0.01757531 0.04903040 -0.22603778
v -0.04070873 0.05002306 -0.23210437
v -0.03659241 0.04903040 -0.22603778
v -0.04444202 0.04903040 -0.22603778
v -0.04444202 0.04903040 -0.22603778
v -0.05070013 0.05002306 -0.23210437
v -0.04070873 0.05002306 -0.23210437
v -0.06491574 0.05002306 -0.23210437
v -0.05560950 0.04903040 -0.22603778
v -0.06345912 0.04903040 -0.22603778
v -0.06345912 0.04903040 -0.22603778
v -0.07490444 0.05002306 -0.23210437
v -0.06491574 0.05002306 -0.23210437
v -0.00818275 0.04605510 -0.20783801
v -0.00818275 0.04600924 -0.20679140
v -0.01170563 0.04600924 -0.20679140
v -0.01170563 0.04600924 -0.20679140
v -0.01170563 0.04605510 -0.20783801
v -0.00818275 0.04605510 -0.20783801
v -0.01353721 0.04605510 -0.20783801
v -0.01353721 0.04600924 -0.20679140
v -0.01614565 0.04600924 -0.20679140
v -0.01614565 0.04605510 -0.20783801
v -0.01797723 0.04605510 -0.20783801
v -0.01797723 0.04600924 -0.20679140
v -0.02058298 0.04600924 -0.20679140
v -0.02058298 0.04600924 -0.20679140
v -0.02058298 0.04605510 -0.20783801
v -0.01797723 0.04605510 -0.20783801
v -0.02241455 0.04605510 -0.20783801
v -0.02241455 0.04600924 -0.20679140
v -0.02502300 0.04600924 -0.20679140
v -0.02502300 0.04600924 -0.20679140
v -0.02502300 0.04605510 -0.20783801
v -0.02241455 0.04605510 -0.20783801
v -0.02685457 0.04605510 -0.20783801
v -0.02685457 0.04600924 -0.20679140
v -0.02946032 0.04600924 -0.20679140
v -0.02946032 0.04605510 -0.20783801
v -0.03129189 0.04605510 -0.20783801
v -0.03129189 0.04600924 -0.20679140
v -0.03481478 0.04600924 -0.20679140
v -0.03481478 0.04600924 -0.20679140
v -0.03481478 0.04605510 -0.20783801
v -0.03129189 0.04605510 -0.20783801
v -0.01797723 0.04600924 -0.20679140
v -0.01614565 0.04605510 -0.20783801
v -0.02241455 0.04600924 -0.20679140
v -0.02058298 0.04605510 -0.20783801
v -0.02685457 0.04600924 -0.20679140
v -0.02502300 0.04605510 -0.20783801
v -0.03129189 0.04600924 -0.20679140
v -0.02946032 0.04605510 -0.20783801
v -0.00152002 0.04655143 -0.21087266
v -0.00680704 0.04655143 -0.21087266
v -0.00176819 0.04704776 -0.21390460
v -0.00176819 0.04704776 -0.21390460
v 0.00532883 0.04704776 -0.21390460
v -0.00152002 0.04655143 -0.21087266
v 0.00532883 0.04704776 -0.21390460
v -0.00176819 0.04704776 -0.21390460
v 0.00890027 0.04803773 -0.21997119
v 0.00890027 0.04803773 -0.21997119
v 0.01983578 0.04803773 -0.21997119
v 0.00532883 0.04704776 -0.21390460
v 0.01983578 0.04803773 -0.21997119
v 0.00890027 0.04803773 -0.21997119
v 0.02045889 0.04903040 -0.22603778
v 0.02045889 0.04903040 -0.22603778
v 0.03555388 0.04903040 -0.22603778
v 0.01983578 0.04803773 -0.21997119
v 0.04769246 0.05319528 -0.24895811
v 0.07257923 0.05319528 -0.24895811
v 0.07124399 0.05307389 -0.24675158
v 0.07124399 0.05307389 -0.24675158
v 0.04671058 0.05307389 -0.24675158
v 0.04769246 0.05319528 -0.24895811
v 0.04481966 0.05238334 -0.24399748
v 0.06867331 0.05238334 -0.24399748
v 0.06168149 0.05101303 -0.23817366
v 0.06168149 0.05101303 -0.23817366
v 0.03967830 0.05101303 -0.23817366
v 0.04481966 0.05238334 -0.24399748
v 0.03967830 0.05101303 -0.23817366
v 0.06168149 0.05101303 -0.23817366
v 0.05111553 0.05002306 -0.23210437
v 0.05111553 0.05002306 -0.23210437
v 0.03190692 0.05002306 -0.23210437
v 0.03967830 0.05101303 -0.23817366
v -0.00955576 0.04655143 -0.21087266
v -0.01346438 0.04655143 -0.21087266
v -0.01071027 0.04704776 -0.21390460
v -0.01071027 0.04704776 -0.21390460
v -0.00545831 0.04704776 -0.21390460
v -0.00955576 0.04655143 -0.21087266
v -0.00545831 0.04704776 -0.21390460
v -0.01071027 0.04704776 -0.21390460
v -0.00487836 0.04803773 -0.21997119
v -0.00487836 0.04803773 -0.21997119
v 0.00321402 0.04803773 -0.21997119
v -0.00545831 0.04704776 -0.21390460
v 0.00321402 0.04803773 -0.21997119
v -0.00487836 0.04803773 -0.21997119
v 0.00144179 0.04903040 -0.22603778
v 0.00144179 0.04903040 -0.22603778
v 0.01261198 0.04903040 -0.22603778
v 0.00321402 0.04803773 -0.21997119
v 0.01633178 0.05319528 -0.24895811
v 0.03475004 0.05319528 -0.24895811
v 0.03395159 0.05307389 -0.24675158
v 0.03395159 0.05307389 -0.24675158
v 0.01579498 0.05307389 -0.24675158
v 0.01633178 0.05319528 -0.24895811
v 0.01476185 0.05238334 -0.24399748
v 0.03241404 0.05238334 -0.24399748
v 0.02823297 0.05101303 -0.23817366
v 0.02823297 0.05101303 -0.23817366
v 0.01195110 0.05101303 -0.23817366
v 0.01476185 0.05238334 -0.24399748
v 0.01195110 0.05101303 -0.23817366
v 0.02823297 0.05101303 -0.23817366
v 0.02191552 0.05002306 -0.23210437
v 0.02191552 0.05002306 -0.23210437
v 0.00769990 0.05002306 -0.23210437
v 0.01195110 0.05101303 -0.23817366
v -0.01621309 0.04655143 -0.21087266
v -0.02012441 0.04655143 -0.21087266
v -0.01965505 0.04704776 -0.21390460
v -0.01965505 0.04704776 -0.21390460
v -0.01440309 0.04704776 -0.21390460
v -0.01621309 0.04655143 -0.21087266
v -0.01440309 0.04704776 -0.21390460
v -0.01965505 0.04704776 -0.21390460
v -0.01865699 0.04803773 -0.21997119
v -0.01865699 0.04803773 -0.21997119
v -0.01056461 0.04803773 -0.21997119
v -0.01440309 0.04704776 -0.21390460
v -0.01056461 0.04803773 -0.21997119
v -0.01865699 0.04803773 -0.21997119
v -0.01757531 0.04903040 -0.22603778
v -0.01757531 0.04903040 -0.22603778
v -0.00640512 0.04903040 -0.22603778
v -0.01056461 0.04803773 -0.21997119
v -0.01502890 0.05319528 -0.24895811
v 0.00338936 0.05319528 -0.24895811
v 0.00303599 0.05307389 -0.24675158
v 0.00303599 0.05307389 -0.24675158
v -0.01512062 0.05307389 -0.24675158
v -0.01502890 0.05319528 -0.24895811
v -0.01529595 0.05238334 -0.24399748
v 0.00235623 0.05238334 -0.24399748
v 0.00050577 0.05101303 -0.23817366
v 0.00050577 0.05101303 -0.23817366
v -0.01577610 0.05101303 -0.23817366
v -0.01529595 0.05238334 -0.24399748
v -0.01577610 0.05101303 -0.23817366
v 0.00050577 0.05101303 -0.23817366
v -0.00228880 0.05002306 -0.23210437
v -0.00228880 0.05002306 -0.23210437
v -0.01650441 0.05002306 -0.23210437
v -0.01577610 0.05101303 -0.23817366
v -0.02334518 0.04704776 -0.21390460
v -0.02287312 0.04655143 -0.21087266
v -0.02678444 0.04655143 -0.21087266
v -0.02678444 0.04655143 -0.21087266
v -0.02859713 0.04704776 -0.21390460
v -0.02334518 0.04704776 -0.21390460
v -0.02434324 0.04803773 -0.21997119
v -0.02334518 0.04704776 -0.21390460
v -0.02859713 0.04704776 -0.21390460
v -0.02859713 0.04704776 -0.21390460
v -0.03243292 0.04803773 -0.21997119
v -0.02434324 0.04803773 -0.21997119
v -0.02542222 0.04903040 -0.22603778
v -0.02434324 0.04803773 -0.21997119
v -0.03243292 0.04803773 -0.21997119
v -0.03243292 0.04803773 -0.21997119
v -0.03659241 0.04903040 -0.22603778
v -0.02542222 0.04903040 -0.22603778
v -0.04603352 0.05307389 -0.24675158
v -0.04638689 0.05319528 -0.24895811
v -0.02797132 0.05319528 -0.24895811
v -0.02797132 0.05319528 -0.24895811
v -0.02787961 0.05307389 -0.24675158
v -0.04603352 0.05307389 -0.24675158
v -0.04350330 0.05101303 -0.23817366
v -0.04535376 0.05238334 -0.24399748
v -0.02770157 0.05238334 -0.24399748
v -0.02770157 0.05238334 -0.24399748
v -0.02722143 0.05101303 -0.23817366
v -0.04350330 0.05101303 -0.23817366
v -0.04070873 0.05002306 -0.23210437
v -0.04350330 0.05101303 -0.23817366
v -0.02722143 0.05101303 -0.23817366
v -0.02722143 0.05101303 -0.23817366
v -0.02649311 0.05002306 -0.23210437
v -0.04070873 0.05002306 -0.23210437
v -0.03228726 0.04704776 -0.21390460
v -0.02953315 0.04655143 -0.21087266
v -0.03344447 0.04655143 -0.21087266
v -0.03344447 0.04655143 -0.21087266
v -0.03753921 0.04704776 -0.21390460
v -0.03228726 0.04704776 -0.21390460
v -0.03812187 0.04803773 -0.21997119
v -0.03228726 0.04704776 -0.21390460
v -0.03753921 0.04704776 -0.21390460
v -0.03753921 0.04704776 -0.21390460
v -0.04621155 0.04803773 -0.21997119
v -0.03812187 0.04803773 -0.21997119
v -0.04444202 0.04903040 -0.22603778
v -0.03812187 0.04803773 -0.21997119
v -0.04621155 0.04803773 -0.21997119
v -0.04621155 0.04803773 -0.21997119
v -0.05560950 0.04903040 -0.22603778
v -0.04444202 0.04903040 -0.22603778
v -0.07694912 0.05307389 -0.24675158
v -0.07774757 0.05319528 -0.24895811
v -0.05932930 0.05319528 -0.24895811
v -0.05932930 0.05319528 -0.24895811
v -0.05879251 0.05307389 -0.24675158
v -0.07694912 0.05307389 -0.24675158
v -0.07123050 0.05101303 -0.23817366
v -0.07541157 0.05238334 -0.24399748
v -0.05775938 0.05238334 -0.24399748
v -0.05775938 0.05238334 -0.24399748
v -0.05494863 0.05101303 -0.23817366
v -0.07123050 0.05101303 -0.23817366
v -0.06491574 0.05002306 -0.23210437
v -0.07123050 0.05101303 -0.23817366
v -0.05494863 0.05101303 -0.23817366
v -0.05494863 0.05101303 -0.23817366
v -0.05070013 0.05002306 -0.23210437
v -0.06491574 0.05002306 -0.23210437
v -0.04122934 0.04704776 -0.21390460
v -0.03619318 0.04655143 -0.21087266
v -0.04147751 0.04655143 -0.21087266
v -0.04147751 0.04655143 -0.21087266
v -0.04832636 0.04704776 -0.21390460
v -0.04122934 0.04704776 -0.21390460
v -0.05189780 0.04803773 -0.21997119
v -0.04122934 0.04704776 -0.21390460
v -0.04832636 0.04704776 -0.21390460
v -0.04832636 0.04704776 -0.21390460
v -0.06283331 0.04803773 -0.21997119
v -0.05189780 0.04803773 -0.21997119
v -0.06345912 0.04903040 -0.22603778
v -0.05189780 0.04803773 -0.21997119
v -0.06283331 0.04803773 -0.21997119
v -0.06283331 0.04803773 -0.21997119
v -0.07855141 0.04903040 -0.22603778
v -0.06345912 0.04903040 -0.22603778
v -0.11424421 0.05307389 -0.24675158
v -0.11557676 0.05319528 -0.24895811
v -0.09068998 0.05319528 -0.24895811
v -0.09068998 0.05319528 -0.24895811
v -0.08970811 0.05307389 -0.24675158
v -0.11424421 0.05307389 -0.24675158
v -0.10468171 0.05101303 -0.23817096
v -0.11167083 0.05238334 -0.24399748
v -0.08781719 0.05238334 -0.24399748
v -0.08781719 0.05238334 -0.24399748
v -0.08267583 0.05101303 -0.23817096
v -0.10468171 0.05101303 -0.23817096
v -0.09411576 0.05002306 -0.23210437
v -0.10468171 0.05101303 -0.23817096
v -0.08267583 0.05101303 -0.23817096
v -0.08267583 0.05101303 -0.23817096
v -0.07490444 0.05002306 -0.23210437
v -0.09411576 0.05002306 -0.23210437
v -0.00680704 0.04655143 -0.21087266
v -0.00955576 0.04655143 -0.21087266
v -0.00545831 0.04704776 -0.21390460
v -0.00545831 0.04704776 -0.21390460
v -0.00176819 0.04704776 -0.21390460
v -0.00680704 0.04655143 -0.21087266
v -0.00176819 0.04704776 -0.21390460
v -0.00545831 0.04704776 -0.21390460
v 0.00321402 0.04803773 -0.21997119
v 0.00321402 0.04803773 -0.21997119
v 0.00890027 0.04803773 -0.21997119
v -0.00176819 0.04704776 -0.21390460
v 0.00890027 0.04803773 -0.21997119
v 0.00321402 0.04803773 -0.21997119
v 0.01261198 0.04903040 -0.22603778
v 0.01261198 0.04903040 -0.22603778
v 0.02045889 0.04903040 -0.22603778
v 0.00890027 0.04803773 -0.21997119
v 0.03475004 0.05319528 -0.24895811
v 0.04769246 0.05319528 -0.24895811
v 0.04671058 0.05307389 -0.24675158
v 0.04671058 0.05307389 -0.24675158
v 0.03395159 0.05307389 -0.24675158
v 0.03475004 0.05319528 -0.24895811
v 0.03241404 0.05238334 -0.24399748
v 0.04481966 0.05238334 -0.24399748
v 0.03967830 0.05101303 -0.23817366
v 0.03967830 0.05101303 -0.23817366
v 0.02823297 0.05101303 -0.23817366
v 0.03241404 0.05238334 -0.24399748
v 0.02823297 0.05101303 -0.23817366
v 0.03967830 0.05101303 -0.23817366
v 0.03190692 0.05002306 -0.23210437
v 0.03190692 0.05002306 -0.23210437
v 0.02191552 0.05002306 -0.23210437
v 0.02823297 0.05101303 -0.23817366
v -0.01346438 0.04655143 -0.21087266
v -0.01621309 0.04655143 -0.21087266
v -0.01440309 0.04704776 -0.21390460
v -0.01440309 0.04704776 -0.21390460
v -0.01071027 0.04704776 -0.21390460
v -0.01346438 0.04655143 -0.21087266
v -0.01071027 0.04704776 -0.21390460
v -0.01440309 0.04704776 -0.21390460
v -0.01056461 0.04803773 -0.21997119
v -0.01056461 0.04803773 -0.21997119
v -0.00487836 0.04803773 -0.21997119
v -0.01071027 0.04704776 -0.21390460
v -0.00487836 0.04803773 -0.21997119
v -0.01056461 0.04803773 -0.21997119
v -0.00640512 0.04903040 -0.22603778
v -0.00640512 0.04903040 -0.22603778
v 0.00144179 0.04903040 -0.22603778
v -0.00487836 0.04803773 -0.21997119
v 0.00338936 0.05319528 -0.24895811
v 0.01633178 0.05319528 -0.24895811
v 0.01579498 0.05307389 -0.24675158
v 0.01579498 0.05307389 -0.24675158
v 0.00303599 0.05307389 -0.24675158
v 0.00338936 0.05319528 -0.24895811
v 0.00235623 0.05238334 -0.24399748
v 0.01476185 0.05238334 -0.24399748
v 0.01195110 0.05101303 -0.23817366
v 0.01195110 0.05101303 -0.23817366
v 0.00050577 0.05101303 -0.23817366
v 0.00235623 0.05238334 -0.24399748
v 0.00050577 0.05101303 -0.23817366
v 0.01195110 0.05101303 -0.23817366
v 0.00769990 0.05002306 -0.23210437
v 0.00769990 0.05002306 -0.23210437
v -0.00228880 0.05002306 -0.23210437
v 0.00050577 0.05101303 -0.23817366
v -0.02012441 0.04655143 -0.21087266
v -0.02287312 0.04655143 -0.21087266
v -0.02334518 0.04704776 -0.21390460
v -0.02334518 0.04704776 -0.21390460
v -0.01965505 0.04704776 -0.21390460
v -0.02012441 0.04655143 -0.21087266
v -0.01965505 0.04704776 -0.21390460
v -0.02334518 0.04704776 -0.21390460
v -0.02434324 0.04803773 -0.21997119
v -0.02434324 0.04803773 -0.21997119
v -0.01865699 0.04803773 -0.21997119
v -0.01965505 0.04704776 -0.21390460
v -0.01865699 0.04803773 -0.21997119
v -0.02434324 0.04803773 -0.21997119
v -0.02542222 0.04903040 -0.22603778
v -0.02542222 0.04903040 -0.22603778
v -0.01757531 0.04903040 -0.22603778
v -0.01865699 0.04803773 -0.21997119
v -0.02797132 0.05319528 -0.24895811
v -0.01502890 0.05319528 -0.24895811
v -0.01512062 0.05307389 -0.24675158
v -0.01512062 0.05307389 -0.24675158
v -0.02787961 0.05307389 -0.24675158
v -0.02797132 0.05319528 -0.24895811
v -0.02770157 0.05238334 -0.24399748
v -0.01529595 0.05238334 -0.24399748
v -0.01577610 0.05101303 -0.23817366
v -0.01577610 0.05101303 -0.23817366
v -0.02722143 0.05101303 -0.23817366
v -0.02770157 0.05238334 -0.24399748
v -0.02722143 0.05101303 -0.23817366
v -0.01577610 0.05101303 -0.23817366
v -0.01650441 0.05002306 -0.23210437
v -0.01650441 0.05002306 -0.23210437
v -0.02649311 0.05002306 -0.23210437
v -0.02722143 0.05101303 -0.23817366
v -0.02859713 0.04704776 -0.21390460
v -0.02678444 0.04655143 -0.21087266
v -0.02953315 0.04655143 -0.21087266
v -0.02953315 0.04655143 -0.21087266
v -0.03228726 0.04704776 -0.21390460
v -0.02859713 0.04704776 -0.21390460
v -0.03243292 0.04803773 -0.21997119
v -0.02859713 0.04704776 -0.21390460
v -0.03228726 0.04704776 -0.21390460
v -0.03228726 0.04704776 -0.21390460
v -0.03812187 0.04803773 -0.21997119
v -0.03243292 0.04803773 -0.21997119
v -0.03659241 0.04903040 -0.22603778
v -0.03243292 0.04803773 -0.21997119
v -0.03812187 0.04803773 -0.21997119
v -0.03812187 0.04803773 -0.21997119
v -0.04444202 0.04903040 -0.22603778
v -0.03659241 0.04903040 -0.22603778
v -0.05879251 0.05307389 -0.24675158
v -0.05932930 0.05319528 -0.24895811
v -0.04638689 0.05319528 -0.24895811
v -0.04638689 0.05319528 -0.24895811
v -0.04603352 0.05307389 -0.24675158
v -0.05879251 0.05307389 -0.24675158
v -0.05494863 0.05101303 -0.23817366
v -0.05775938 0.05238334 -0.24399748
v -0.04535376 0.05238334 -0.24399748
v -0.04535376 0.05238334 -0.24399748
v -0.04350330 0.05101303 -0.23817366
v -0.05494863 0.05101303 -0.23817366
v -0.05070013 0.05002306 -0.23210437
v -0.05494863 0.05101303 -0.23817366
v -0.04350330 0.05101303 -0.23817366
v -0.04350330 0.05101303 -0.23817366
v -0.04070873 0.05002306 -0.23210437
v -0.05070013 0.05002306 -0.23210437
v -0.03753921 0.04704776 -0.21390460
v -0.03344447 0.04655143 -0.21087266
v -0.03619318 0.04655143 -0.21087266
v -0.03619318 0.04655143 -0.21087266
v -0.04122934 0.04704776 -0.21390460
v -0.03753921 0.04704776 -0.21390460
v -0.04621155 0.04803773 -0.21997119
v -0.03753921 0.04704776 -0.21390460
v -0.04122934 0.04704776 -0.21390460
v -0.04122934 0.04704776 -0.21390460
v -0.05189780 0.04803773 -0.21997119
v -0.04621155 0.04803773 -0.21997119
v -0.05560950 0.04903040 -0.22603778
v -0.04621155 0.04803773 -0.21997119
v -0.05189780 0.04803773 -0.21997119
v -0.05189780 0.04803773 -0.21997119
v -0.06345912 0.04903040 -0.22603778
v -0.05560950 0.04903040 -0.22603778
v -0.08970811 0.05307389 -0.24675158
v -0.09068998 0.05319528 -0.24895811
v -0.07774757 0.05319528 -0.24895811
v -0.07774757 0.05319528 -0.24895811
v -0.07694912 0.05307389 -0.24675158
v -0.08970811 0.05307389 -0.24675158
v -0.08267583 0.05101303 -0.23817096
v -0.08781719 0.05238334 -0.24399748
v -0.07541157 0.05238334 -0.24399748
v -0.07541157 0.05238334 -0.24399748
v -0.07123050 0.05101303 -0.23817366
v -0.08267583 0.05101303 -0.23817096
v -0.07490444 0.05002306 -0.23210437
v -0.08267583 0.05101303 -0.23817096
v -0.07123050 0.05101303 -0.23817366
v -0.07123050 0.05101303 -0.23817366
v -0.06491574 0.05002306 -0.23210437
v -0.07490444 0.05002306 -0.23210437
v -0.00818275 0.04605510 -0.20783801
v -0.01170563 0.04605510 -0.20783801
v -0.00680704 0.04655143 -0.21087266
v -0.00680704 0.04655143 -0.21087266
v -0.00152002 0.04655143 -0.21087266
v -0.00818275 0.04605510 -0.20783801
v -0.01353721 0.04605510 -0.20783801
v -0.01614565 0.04605510 -0.20783801
v -0.01346438 0.04655143 -0.21087266
v -0.01346438 0.04655143 -0.21087266
v -0.00955576 0.04655143 -0.21087266
v -0.01353721 0.04605510 -0.20783801
v -0.01797723 0.04605510 -0.20783801
v -0.02058298 0.04605510 -0.20783801
v -0.02012441 0.04655143 -0.21087266
v -0.02012441 0.04655143 -0.21087266
v -0.01621309 0.04655143 -0.21087266
v -0.01797723 0.04605510 -0.20783801
v -0.02287312 0.04655143 -0.21087266
v -0.02241455 0.04605510 -0.20783801
v -0.02502300 0.04605510 -0.20783801
v -0.02502300 0.04605510 -0.20783801
v -0.02678444 0.04655143 -0.21087266
v -0.02287312 0.04655143 -0.21087266
v -0.02953315 0.04655143 -0.21087266
v -0.02685457 0.04605510 -0.20783801
v -0.02946032 0.04605510 -0.20783801
v -0.02946032 0.04605510 -0.20783801
v -0.03344447 0.04655143 -0.21087266
v -0.02953315 0.04655143 -0.21087266
v -0.03619318 0.04655143 -0.21087266
v -0.03129189 0.04605510 -0.20783801
v -0.03481478 0.04605510 -0.20783801
v -0.03481478 0.04605510 -0.20783801
v -0.04147751 0.04655143 -0.21087266
v -0.03619318 0.04655143 -0.21087266
v -0.01170563 0.04605510 -0.20783801
v -0.01353721 0.04605510 -0.20783801
v -0.00955576 0.04655143 -0.21087266
v -0.00955576 0.04655143 -0.21087266
v -0.00680704 0.04655143 -0.21087266
v -0.01170563 0.04605510 -0.20783801
v -0.01614565 0.04605510 -0.20783801
v -0.01797723 0.04605510 -0.20783801
v -0.01621309 0.04655143 -0.21087266
v -0.01621309 0.04655143 -0.21087266
v -0.01346438 0.04655143 -0.21087266
v -0.01614565 0.04605510 -0.20783801
v -0.02058298 0.04605510 -0.20783801
v -0.02241455 0.04605510 -0.20783801
v -0.02287312 0.04655143 -0.21087266
v -0.02287312 0.04655143 -0.21087266
v -0.02012441 0.04655143 -0.21087266
v -0.02058298 0.04605510 -0.20783801
v -0.02678444 0.04655143 -0.21087266
v -0.02502300 0.04605510 -0.20783801
v -0.02685457 0.04605510 -0.20783801
v -0.02685457 0.04605510 -0.20783801
v -0.02953315 0.04655143 -0.21087266
v -0.02678444 0.04655143 -0.21087266
v -0.03344447 0.04655143 -0.21087266
v -0.02946032 0.04605510 -0.20783801
v -0.03129189 0.04605510 -0.20783801
v -0.03129189 0.04605510 -0.20783801
v -0.03619318 0.04655143 -0.21087266
v -0.03344447 0.04655143 -0.21087266
v -0.01169214 0.04170409 -0.16846048
v -0.00977155 0.04416688 -0.17287083
v -0.00977155 0.04252142 -0.10381043
v -0.00977155 0.04252142 -0.10381043
v -0.01169214 0.04023398 -0.09996385
v -0.01169214 0.04170409 -0.16846048
v -0.01604854 0.03725059 -0.16842811
v -0.01363432 0.03961356 -0.16844429
v -0.01363432 0.03787100 -0.09994497
v -0.01363432 0.03787100 -0.09994497
v -0.01604854 0.03513038 -0.09992609
v -0.01604854 0.03725059 -0.16842811
v -0.02048587 0.03484985 -0.16840923
v -0.01807434 0.03570224 -0.16841462
v -0.01807434 0.03337703 -0.09991260
v -0.01807434 0.03337703 -0.09991260
v -0.02048587 0.03239246 -0.09990451
v -0.02048587 0.03484985 -0.16840923
v -0.02492589 0.03570224 -0.16841462
v -0.02251166 0.03484985 -0.16840923
v -0.02251166 0.03239246 -0.09990451
v -0.02251166 0.03239246 -0.09990451
v -0.02492589 0.03337703 -0.09991260
v -0.02492589 0.03570224 -0.16841462
v -0.02936321 0.03961356 -0.16844429
v -0.02695168 0.03725059 -0.16842811
v -0.02695168 0.03513038 -0.09992609
v -0.02695168 0.03513038 -0.09992609
v -0.02936321 0.03787100 -0.09994497
v -0.02936321 0.03961356 -0.16844429
v -0.03322597 0.04416688 -0.17287083
v -0.03130538 0.04170409 -0.16846048
v -0.03130538 0.04023398 -0.09996385
v -0.03130538 0.04023398 -0.09996385
v -0.03322597 0.04252142 -0.10381043
v -0.03322597 0.04416688 -0.17287083
v -0.01363432 0.03961356 -0.16844429
v -0.01169214 0.04170409 -0.16846048
v -0.01169214 0.04023398 -0.09996385
v -0.01169214 0.04023398 -0.09996385
v -0.01363432 0.03787100 -0.09994497
v -0.01363432 0.03961356 -0.16844429
v -0.01807434 0.03570224 -0.16841462
v -0.01604854 0.03725059 -0.16842811
v -0.01604854 0.03513038 -0.09992609
v -0.01604854 0.03513038 -0.09992609
v -0.01807434 0.03337703 -0.09991260
v -0.01807434 0.03570224 -0.16841462
v -0.02251166 0.03484985 -0.16840923
v -0.02048587 0.03484985 -0.16840923
v -0.02048587 0.03239246 -0.09990451
v -0.02048587 0.03239246 -0.09990451
v -0.02251166 0.03239246 -0.09990451
v -0.02251166 0.03484985 -0.16840923
v -0.02695168 0.03725059 -0.16842811
v -0.02492589 0.03570224 -0.16841462
v -0.02492589 0.03337703 -0.09991260
v -0.02492589 0.03337703 -0.09991260
v -0.02695168 0.03513038 -0.09992609
v -0.02695168 0.03725059 -0.16842811
v -0.03130538 0.04170409 -0.16846048
v -0.02936321 0.03961356 -0.16844429
v -0.02936321 0.03787100 -0.09994497
v -0.02936321 0.03787100 -0.09994497
v -0.03130538 0.04023398 -0.09996385
v -0.03130538 0.04170409 -0.16846048
v -0.01169214 0.04023398 -0.09996385
v -0.00977155 0.04252142 -0.10381043
v -0.00977155 0.04542389 -0.00413656
v -0.00977155 0.04542389 -0.00413656
v -0.01170563 0.04246748 -0.00411498
v -0.01169214 0.04023398 -0.09996385
v -0.01604854 0.03513038 -0.09992609
v -0.01363432 0.03787100 -0.09994497
v -0.01353721 0.04031490 -0.00409879
v -0.01353721 0.04031490 -0.00409879
v -0.01614565 0.03729644 -0.00407451
v -0.01604854 0.03513038 -0.09992609
v -0.02048587 0.03239246 -0.09990451
v -0.01807434 0.03337703 -0.09991260
v -0.01797723 0.03563481 -0.00406372
v -0.01797723 0.03563481 -0.00406372
v -0.02058298 0.03459898 -0.00405563
v -0.02048587 0.03239246 -0.09990451
v -0.02492589 0.03337703 -0.09991260
v -0.02251166 0.03239246 -0.09990451
v -0.02241455 0.03459898 -0.00405563
v -0.02241455 0.03459898 -0.00405563
v -0.02502300 0.03563481 -0.00406372
v -0.02492589 0.03337703 -0.09991260
v -0.02936321 0.03787100 -0.09994497
v -0.02695168 0.03513038 -0.09992609
v -0.02685457 0.03729644 -0.00407451
v -0.02685457 0.03729644 -0.00407451
v -0.02946032 0.04031490 -0.00409879
v -0.02936321 0.03787100 -0.09994497
v -0.03322597 0.04252142 -0.10381043
v -0.03130538 0.04023398 -0.09996385
v -0.03129189 0.04246748 -0.00411498
v -0.03129189 0.04246748 -0.00411498
v -0.03322597 0.04542389 -0.00413656
v -0.03322597 0.04252142 -0.10381043
v -0.01363432 0.03787100 -0.09994497
v -0.01169214 0.04023398 -0.09996385
v -0.01170563 0.04246748 -0.00411498
v -0.01170563 0.04246748 -0.00411498
v -0.01353721 0.04031490 -0.00409879
v -0.01363432 0.03787100 -0.09994497
v -0.01807434 0.03337703 -0.09991260
v -0.01604854 0.03513038 -0.09992609
v -0.01614565 0.03729644 -0.00407451
v -0.01614565 0.03729644 -0.00407451
v -0.01797723 0.03563481 -0.00406372
v -0.01807434 0.03337703 -0.09991260
v -0.02251166 0.03239246 -0.09990451
v -0.02048587 0.03239246 -0.09990451
v -0.02058298 0.03459898 -0.00405563
v -0.02058298 0.03459898 -0.00405563
v -0.02241455 0.03459898 -0.00405563
v -0.02251166 0.03239246 -0.09990451
v -0.02695168 0.03513038 -0.09992609
v -0.02492589 0.03337703 -0.09991260
v -0.02502300 0.03563481 -0.00406372
v -0.02502300 0.03563481 -0.00406372
v -0.02685457 0.03729644 -0.00407451
v -0.02695168 0.03513038 -0.09992609
v -0.03130538 0.04023398 -0.09996385
v -0.02936321 0.03787100 -0.09994497
v -0.02946032 0.04031490 -0.00409879
v -0.02946032 0.04031490 -0.00409879
v -0.03129189 0.04246748 -0.00411498
v -0.03130538 0.04023398 -0.09996385
v -0.00977155 0.04416688 -0.17287083
v -0.01169214 0.04170409 -0.16846048
v -0.01170563 0.04600924 -0.20679140
v -0.01170563 0.04600924 -0.20679140
v -0.00818275 0.04600924 -0.20679140
v -0.00977155 0.04416688 -0.17287083
v -0.01363432 0.03961356 -0.16844429
v -0.01604854 0.03725059 -0.16842811
v -0.01614565 0.04600924 -0.20679140
v -0.01614565 0.04600924 -0.20679140
v -0.01353721 0.04600924 -0.20679140
v -0.01363432 0.03961356 -0.16844429
v -0.01807434 0.03570224 -0.16841462
v -0.02048587 0.03484985 -0.16840923
v -0.02058298 0.04600924 -0.20679140
v -0.02058298 0.04600924 -0.20679140
v -0.01797723 0.04600924 -0.20679140
v -0.01807434 0.03570224 -0.16841462
v -0.02251166 0.03484985 -0.16840923
v -0.02492589 0.03570224 -0.16841462
v -0.02502300 0.04600924 -0.20679140
v -0.02502300 0.04600924 -0.20679140
v -0.02241455 0.04600924 -0.20679140
v -0.02251166 0.03484985 -0.16840923
v -0.02695168 0.03725059 -0.16842811
v -0.02936321 0.03961356 -0.16844429
v -0.02946032 0.04600924 -0.20679140
v -0.02946032 0.04600924 -0.20679140
v -0.02685457 0.04600924 -0.20679140
v -0.02695168 0.03725059 -0.16842811
v -0.03130538 0.04170409 -0.16846048
v -0.03322597 0.04416688 -0.17287083
v -0.03481478 0.04600924 -0.20679140
v -0.03481478 0.04600924 -0.20679140
v -0.03129189 0.04600924 -0.20679140
v -0.03130538 0.04170409 -0.16846048
v -0.01169214 0.04170409 -0.16846048
v -0.01363432 0.03961356 -0.16844429
v -0.01353721 0.04600924 -0.20679140
v -0.01353721 0.04600924 -0.20679140
v -0.01170563 0.04600924 -0.20679140
v -0.01169214 0.04170409 -0.16846048
v -0.01604854 0.03725059 -0.16842811
v -0.01807434 0.03570224 -0.16841462
v -0.01797723 0.04600924 -0.20679140
v -0.01797723 0.04600924 -0.20679140
v -0.01614565 0.04600924 -0.20679140
v -0.01604854 0.03725059 -0.16842811
v -0.02048587 0.03484985 -0.16840923
v -0.02251166 0.03484985 -0.16840923
v -0.02241455 0.04600924 -0.20679140
v -0.02241455 0.04600924 -0.20679140
v -0.02058298 0.04600924 -0.20679140
v -0.02048587 0.03484985 -0.16840923
v -0.02492589 0.03570224 -0.16841462
v -0.02695168 0.03725059 -0.16842811
v -0.02685457 0.04600924 -0.20679140
v -0.02685457 0.04600924 -0.20679140
v -0.02502300 0.04600924 -0.20679140
v -0.02492589 0.03570224 -0.16841462
v -0.02936321 0.03961356 -0.16844429
v -0.03130538 0.04170409 -0.16846048
v -0.03129189 0.04600924 -0.20679140
v -0.03129189 0.04600924 -0.20679140
v -0.02946032 0.04600924 -0.20679140
v -0.02936321 0.03961356 -0.16844429
v -0.01170563 0.04246748 -0.00411498
v -0.00977155 0.04542389 -0.00413656
v -0.00977155 0.04967779 0.06904825
v -0.00977155 0.04967779 0.06904825
v -0.01170563 0.04672137 0.06906983
v -0.01170563 0.04246748 -0.00411498
v -0.01614565 0.03729644 -0.00407451
v -0.01353721 0.04031490 -0.00409879
v -0.01353721 0.04456880 0.06908602
v -0.01353721 0.04456880 0.06908602
v -0.01614565 0.04155034 0.06911030
v -0.01614565 0.03729644 -0.00407451
v -0.02058298 0.03459898 -0.00405563
v -0.01797723 0.03563481 -0.00406372
v -0.01797723 0.03988870 0.06912109
v -0.01797723 0.03988870 0.06912109
v -0.02058298 0.03885288 0.06912918
v -0.02058298 0.03459898 -0.00405563
v -0.02502300 0.03563481 -0.00406372
v -0.02241455 0.03459898 -0.00405563
v -0.02241455 0.03885288 0.06912918
v -0.02241455 0.03885288 0.06912918
v -0.02502300 0.03988870 0.06912109
v -0.02502300 0.03563481 -0.00406372
v -0.02946032 0.04031490 -0.00409879
v -0.02685457 0.03729644 -0.00407451
v -0.02685457 0.04155034 0.06911030
v -0.02685457 0.04155034 0.06911030
v -0.02946032 0.04456880 0.06908602
v -0.02946032 0.04031490 -0.00409879
v -0.03322597 0.04542389 -0.00413656
v -0.03129189 0.04246748 -0.00411498
v -0.03129189 0.04672137 0.06906983
v -0.03129189 0.04672137 0.06906983
v -0.03322597 0.04967779 0.06904825
v -0.03322597 0.04542389 -0.00413656
v -0.01353721 0.04031490 -0.00409879
v -0.01170563 0.04246748 -0.00411498
v -0.01170563 0.04672137 0.06906983
v -0.01170563 0.04672137 0.06906983
v -0.01353721 0.04456880 0.06908602
v -0.01353721 0.04031490 -0.00409879
v -0.01797723 0.03563481 -0.00406372
v -0.01614565 0.03729644 -0.00407451
v -0.01614565 0.04155034 0.06911030
v -0.01614565 0.04155034 0.06911030
v -0.01797723 0.03988870 0.06912109
v -0.01797723 0.03563481 -0.00406372
v -0.02241455 0.03459898 -0.00405563
v -0.02058298 0.03459898 -0.00405563
v -0.02058298 0.03885288 0.06912918
v -0.02058298 0.03885288 0.06912918
v -0.02241455 0.03885288 0.06912918
v -0.02241455 0.03459898 -0.00405563
v -0.02685457 0.03729644 -0.00407451
v -0.02502300 0.03563481 -0.00406372
v -0.02502300 0.03988870 0.06912109
v -0.02502300 0.03988870 0.06912109
v -0.02685457 0.04155034 0.06911030
v -0.02685457 0.03729644 -0.00407451
v -0.03129189 0.04246748 -0.00411498
v -0.02946032 0.04031490 -0.00409879
v -0.02946032 0.04456880 0.06908602
v -0.02946032 0.04456880 0.06908602
v -0.03129189 0.04672137 0.06906983
v -0.03129189 0.04246748 -0.00411498
v 0.04827511 0.05238334 -0.25118351
v 0.07337228 0.05238334 -0.25118351
v 0.07257923 0.05319528 -0.24895811
v 0.07257923 0.05319528 -0.24895811
v 0.04769246 0.05319528 -0.24895811
v 0.04827511 0.05238334 -0.25118351
v 0.06867331 0.05238334 -0.24399748
v 0.04481966 0.05238334 -0.24399748
v 0.04671058 0.05307389 -0.24675158
v 0.04671058 0.05307389 -0.24675158
v 0.07124399 0.05307389 -0.24675158
v 0.06867331 0.05238334 -0.24399748
v 0.01665008 0.05238334 -0.25118351
v 0.03522210 0.05238334 -0.25118351
v 0.03475004 0.05319528 -0.24895811
v 0.03475004 0.05319528 -0.24895811
v 0.01633178 0.05319528 -0.24895811
v 0.01665008 0.05238334 -0.25118351
v 0.03241404 0.05238334 -0.24399748
v 0.01476185 0.05238334 -0.24399748
v 0.01579498 0.05307389 -0.24675158
v 0.01579498 0.05307389 -0.24675158
v 0.03395159 0.05307389 -0.24675158
v 0.03241404 0.05238334 -0.24399748
v -0.01497226 0.05238334 -0.25118351
v 0.00359976 0.05238334 -0.25118351
v 0.00338936 0.05319528 -0.24895811
v 0.00338936 0.05319528 -0.24895811
v -0.01502890 0.05319528 -0.24895811
v -0.01497226 0.05238334 -0.25118351
v 0.00235623 0.05238334 -0.24399748
v -0.01529595 0.05238334 -0.24399748
v -0.01512062 0.05307389 -0.24675158
v -0.01512062 0.05307389 -0.24675158
v 0.00303599 0.05307389 -0.24675158
v 0.00235623 0.05238334 -0.24399748
v -0.04638689 0.05319528 -0.24895811
v -0.04659729 0.05238334 -0.25118351
v -0.02802527 0.05238334 -0.25118351
v -0.02802527 0.05238334 -0.25118351
v -0.02797132 0.05319528 -0.24895811
v -0.04638689 0.05319528 -0.24895811
v -0.02787961 0.05307389 -0.24675158
v -0.02770157 0.05238334 -0.24399748
v -0.04535376 0.05238334 -0.24399748
v -0.04535376 0.05238334 -0.24399748
v -0.04603352 0.05307389 -0.24675158
v -0.02787961 0.05307389 -0.24675158
v -0.07774757 0.05319528 -0.24895811
v -0.07821962 0.05238334 -0.25118351
v -0.05964760 0.05238334 -0.25118351
v -0.05964760 0.05238334 -0.25118351
v -0.05932930 0.05319528 -0.24895811
v -0.07774757 0.05319528 -0.24895811
v -0.05879251 0.05307389 -0.24675158
v -0.05775938 0.05238334 -0.24399748
v -0.07541157 0.05238334 -0.24399748
v -0.07541157 0.05238334 -0.24399748
v -0.07694912 0.05307389 -0.24675158
v -0.05879251 0.05307389 -0.24675158
v -0.11557676 0.05319528 -0.24895811
v -0.11636981 0.05238334 -0.25118351
v -0.09127264 0.05238334 -0.25118351
v -0.09127264 0.05238334 -0.25118351
v -0.09068998 0.05319528 -0.24895811
v -0.11557676 0.05319528 -0.24895811
v -0.08970811 0.05307389 -0.24675158
v -0.08781719 0.05238334 -0.24399748
v -0.11167083 0.05238334 -0.24399748
v -0.11167083 0.05238334 -0.24399748
v -0.11424421 0.05307389 -0.24675158
v -0.08970811 0.05307389 -0.24675158
v 0.03522210 0.05238334 -0.25118351
v 0.04827511 0.05238334 -0.25118351
v 0.04769246 0.05319528 -0.24895811
v 0.04769246 0.05319528 -0.24895811
v 0.03475004 0.05319528 -0.24895811
v 0.03522210 0.05238334 -0.25118351
v 0.04481966 0.05238334 -0.24399748
v 0.03241404 0.05238334 -0.24399748
v 0.03395159 0.05307389 -0.24675158
v 0.03395159 0.05307389 -0.24675158
v 0.04671058 0.05307389 -0.24675158
v 0.04481966 0.05238334 -0.24399748
v 0.00359976 0.05238334 -0.25118351
v 0.01665008 0.05238334 -0.25118351
v 0.01633178 0.05319528 -0.24895811
v 0.01633178 0.05319528 -0.24895811
v 0.00338936 0.05319528 -0.24895811
v 0.00359976 0.05238334 -0.25118351
v 0.01476185 0.05238334 -0.24399748
v 0.00235623 0.05238334 -0.24399748
v 0.00303599 0.05307389 -0.24675158
v 0.00303599 0.05307389 -0.24675158
v 0.01579498 0.05307389 -0.24675158
v 0.01476185 0.05238334 -0.24399748
v -0.02802527 0.05238334 -0.25118351
v -0.01497226 0.05238334 -0.25118351
v -0.01502890 0.05319528 -0.24895811
v -0.01502890 0.05319528 -0.24895811
v -0.02797132 0.05319528 -0.24895811
v -0.02802527 0.05238334 -0.25118351
v -0.01529595 0.05238334 -0.24399748
v -0.02770157 0.05238334 -0.24399748
v -0.02787961 0.05307389 -0.24675158
v -0.02787961 0.05307389 -0.24675158
v -0.01512062 0.05307389 -0.24675158
v -0.01529595 0.05238334 -0.24399748
v -0.05932930 0.05319528 -0.24895811
v -0.05964760 0.05238334 -0.25118351
v -0.04659729 0.05238334 -0.25118351
v -0.04659729 0.05238334 -0.25118351
v -0.04638689 0.05319528 -0.24895811
v -0.05932930 0.05319528 -0.24895811
v -0.04603352 0.05307389 -0.24675158
v -0.04535376 0.05238334 -0.24399748
v -0.05775938 0.05238334 -0.24399748
v -0.05775938 0.05238334 -0.24399748
v -0.05879251 0.05307389 -0.24675158
v -0.04603352 0.05307389 -0.24675158
v -0.09068998 0.05319528 -0.24895811
v -0.09127264 0.05238334 -0.25118351
v -0.07821962 0.05238334 -0.25118351
v -0.07821962 0.05238334 -0.25118351
v -0.07774757 0.05319528 -0.24895811
v -0.09068998 0.05319528 -0.24895811
v -0.07694912 0.05307389 -0.24675158
v -0.07541157 0.05238334 -0.24399748
v -0.08781719 0.05238334 -0.24399748
v -0.08781719 0.05238334 -0.24399748
v -0.08970811 0.05307389 -0.24675158
v -0.07694912 0.05307389 -0.24675158
v 0.05398833 -0.06116897 -0.41663767
v 0.05398833 0.03263793 -0.28266827
v 0.07464279 0.03263793 -0.28266827
v 0.07464279 0.03263793 -0.28266827
v 0.08114097 -0.06116897 -0.41663767
v 0.05398833 -0.06116897 -0.41663767
v 0.01977374 -0.06116897 -0.41663767
v 0.01977374 0.03263793 -0.28266827
v 0.03986712 0.03263793 -0.28266827
v 0.03986712 0.03263793 -0.28266827
v 0.03986712 -0.06116897 -0.41663767
v 0.01977374 -0.06116897 -0.41663767
v -0.01443816 -0.06116897 -0.41663767
v -0.01443816 0.03263793 -0.28266827
v 0.00565523 0.03263793 -0.28266827
v 0.00565523 0.03263793 -0.28266827
v 0.00565523 -0.06116897 -0.41663767
v -0.01443816 -0.06116897 -0.41663767
v -0.04865275 -0.06116897 -0.41663767
v -0.04865275 0.03263793 -0.28266827
v -0.02855937 0.03263793 -0.28266827
v -0.02855937 0.03263793 -0.28266827
v -0.02855937 -0.06116897 -0.41663767
v -0.04865275 -0.06116897 -0.41663767
v -0.08286735 -0.06116897 -0.41663767
v -0.08286735 0.03263793 -0.28266827
v -0.06277396 0.03263793 -0.28266827
v -0.06277396 0.03263793 -0.28266827
v -0.06277396 -0.06116897 -0.41663767
v -0.08286735 -0.06116897 -0.41663767
v -0.12414120 -0.06116897 -0.41663767
v -0.11764301 0.03263793 -0.28266827
v -0.09698586 0.03263793 -0.28266827
v -0.09698586 0.03263793 -0.28266827
v -0.09698586 -0.06116897 -0.41663767
v -0.12414120 -0.06116897 -0.41663767
v 0.04887664 0.03698893 -0.27645332
v 0.04827511 0.05405307 -0.25205479
v 0.07337228 0.05403958 -0.25208446
v 0.07337228 0.05403958 -0.25208446
v 0.07464279 0.03698893 -0.27645332
v 0.04887664 0.03698893 -0.27645332
v 0.05074329 -0.07958184 -0.44293252
v 0.04887664 -0.06551998 -0.42285262
v 0.08114097 -0.06551998 -0.42285262
v 0.08114097 -0.06551998 -0.42285262
v 0.08114097 -0.07955487 -0.44289475
v 0.05074329 -0.07958184 -0.44293252
v 0.01458382 0.03698893 -0.27645332
v 0.01665008 0.05405307 -0.25205479
v 0.03522210 0.05405307 -0.25205479
v 0.03522210 0.05405307 -0.25205479
v 0.04497881 0.03698893 -0.27645332
v 0.01458382 0.03698893 -0.27645332
v 0.01673909 -0.08194751 -0.44631244
v 0.04285861 -0.08194751 -0.44631244
v 0.04242432 -0.08359836 -0.44867271
v 0.04242432 -0.08359836 -0.44867271
v 0.01717878 -0.08359836 -0.44867271
v 0.01673909 -0.08194751 -0.44631244
v -0.01936912 0.03698893 -0.27645332
v -0.01497226 0.05405307 -0.25205479
v 0.00359976 0.05405307 -0.25205479
v 0.00359976 0.05405307 -0.25205479
v 0.01084514 0.03698893 -0.27645332
v -0.01936912 0.03698893 -0.27645332
v -0.01732444 -0.08194751 -0.44631244
v 0.00868987 -0.08194751 -0.44631244
v 0.00825018 -0.08359836 -0.44867271
v 0.00825018 -0.08359836 -0.44867271
v -0.01690364 -0.08359836 -0.44867271
v -0.01732444 -0.08194751 -0.44631244
v -0.05345423 0.03698893 -0.27645332
v -0.04659729 0.05405307 -0.25205479
v -0.02802527 0.05405307 -0.25205479
v -0.02802527 0.05405307 -0.25205479
v -0.02362841 0.03698893 -0.27645332
v -0.05345423 0.03698893 -0.27645332
v -0.05146081 -0.08194751 -0.44631244
v -0.02567308 -0.08194751 -0.44631244
v -0.02609389 -0.08359836 -0.44867271
v -0.02609389 -0.08359836 -0.44867271
v -0.05105349 -0.08359836 -0.44867271
v -0.05146081 -0.08194751 -0.44631244
v -0.08798173 0.03698893 -0.27645332
v -0.07821962 0.05405307 -0.25205479
v -0.05964760 0.05405307 -0.25205479
v -0.05964760 0.05405307 -0.25205479
v -0.05796978 0.03698893 -0.27645332
v -0.08798173 0.03698893 -0.27645332
v -0.08585883 -0.08194751 -0.44631244
v -0.05996321 -0.08194751 -0.44631244
v -0.06037322 -0.08359836 -0.44867271
v -0.06037322 -0.08359836 -0.44867271
v -0.08542454 -0.08359836 -0.44867271
v -0.08585883 -0.08194751 -0.44631244
v -0.11764301 0.03698893 -0.27645332
v -0.11636981 0.05403958 -0.25208446
v -0.09127264 0.05405307 -0.25205479
v -0.09127264 0.05405307 -0.25205479
v -0.09187147 0.03698893 -0.27645332
v -0.11764301 0.03698893 -0.27645332
v -0.12414120 -0.06551998 -0.42285262
v -0.09187147 -0.06551998 -0.42285262
v -0.09373811 -0.07958184 -0.44293252
v -0.09373811 -0.07958184 -0.44293252
v -0.12414120 -0.07955487 -0.44289475
v -0.12414120 -0.06551998 -0.42285262
v 0.04285861 -0.08194751 -0.44631244
v 0.05099685 -0.08194751 -0.44631244
v 0.05143114 -0.08359836 -0.44867271
v 0.05143114 -0.08359836 -0.44867271
v 0.04242432 -0.08359836 -0.44867271
v 0.04285861 -0.08194751 -0.44631244
v 0.04497881 0.03698893 -0.27645332
v 0.03522210 0.05405307 -0.25205479
v 0.04827511 0.05405307 -0.25205479
v 0.04827511 0.05405307 -0.25205479
v 0.04887664 0.03698893 -0.27645332
v 0.04497881 0.03698893 -0.27645332
v 0.00868987 -0.08194751 -0.44631244
v 0.01673909 -0.08194751 -0.44631244
v 0.01717878 -0.08359836 -0.44867271
v 0.01717878 -0.08359836 -0.44867271
v 0.00825018 -0.08359836 -0.44867271
v 0.00868987 -0.08194751 -0.44631244
v 0.01084514 0.03698893 -0.27645332
v 0.00359976 0.05405307 -0.25205479
v 0.01665008 0.05405307 -0.25205479
v 0.01665008 0.05405307 -0.25205479
v 0.01458382 0.03698893 -0.27645332
v 0.01084514 0.03698893 -0.27645332
v -0.02567308 -0.08194751 -0.44631244
v -0.01732444 -0.08194751 -0.44631244
v -0.01690364 -0.08359836 -0.44867271
v -0.01690364 -0.08359836 -0.44867271
v -0.02609389 -0.08359836 -0.44867271
v -0.02567308 -0.08194751 -0.44631244
v -0.02362841 0.03698893 -0.27645332
v -0.02802527 0.05405307 -0.25205479
v -0.01497226 0.05405307 -0.25205479
v -0.01497226 0.05405307 -0.25205479
v -0.01936912 0.03698893 -0.27645332
v -0.02362841 0.03698893 -0.27645332
v -0.05996321 -0.08194751 -0.44631244
v -0.05146081 -0.08194751 -0.44631244
v -0.05105349 -0.08359836 -0.44867271
v -0.05105349 -0.08359836 -0.44867271
v -0.06037322 -0.08359836 -0.44867271
v -0.05996321 -0.08194751 -0.44631244
v -0.05796978 0.03698893 -0.27645332
v -0.05964760 0.05405307 -0.25205479
v -0.04659729 0.05405307 -0.25205479
v -0.04659729 0.05405307 -0.25205479
v -0.05345423 0.03698893 -0.27645332
v -0.05796978 0.03698893 -0.27645332
v -0.09399437 -0.08194751 -0.44631244
v -0.08585883 -0.08194751 -0.44631244
v -0.08542454 -0.08359836 -0.44867271
v -0.08542454 -0.08359836 -0.44867271
v -0.09442866 -0.08359836 -0.44867271
v -0.09399437 -0.08194751 -0.44631244
v -0.09187147 0.03698893 -0.27645332
v -0.09127264 0.05405307 -0.25205479
v -0.07821962 0.05405307 -0.25205479
v -0.07821962 0.05405307 -0.25205479
v -0.08798173 0.03698893 -0.27645332
v -0.09187147 0.03698893 -0.27645332
v 0.05301994 0.03478780 -0.27959856
v 0.04887664 0.03698893 -0.27645332
v 0.07464279 0.03698893 -0.27645332
v 0.07464279 0.03698893 -0.27645332
v 0.07464279 0.03478780 -0.27959856
v 0.05301994 0.03478780 -0.27959856
v 0.08114097 -0.06331615 -0.41970738
v 0.08114097 -0.06551998 -0.42285262
v 0.04887664 -0.06551998 -0.42285262
v 0.04887664 -0.06551998 -0.42285262
v 0.05301994 -0.06331615 -0.41970738
v 0.08114097 -0.06331615 -0.41970738
v 0.01886739 0.03478780 -0.27959856
v 0.01458382 0.03698893 -0.27645332
v 0.04497881 0.03698893 -0.27645332
v 0.04497881 0.03698893 -0.27645332
v 0.04083551 0.03478780 -0.27959856
v 0.01886739 0.03478780 -0.27959856
v 0.04083551 -0.06331615 -0.41970738
v 0.04497881 -0.06551998 -0.42285262
v 0.01458382 -0.06551998 -0.42285262
v 0.01458382 -0.06551998 -0.42285262
v 0.01886739 -0.06331615 -0.41970738
v 0.04083551 -0.06331615 -0.41970738
v -0.01513141 0.03478780 -0.27959856
v -0.01936912 0.03698893 -0.27645332
v 0.01084514 0.03698893 -0.27645332
v 0.01084514 0.03698893 -0.27645332
v 0.00656157 0.03478780 -0.27959856
v -0.01513141 0.03478780 -0.27959856
v 0.00656157 -0.06331615 -0.41970738
v 0.01084514 -0.06551998 -0.42285262
v -0.01936912 -0.06551998 -0.42285262
v -0.01936912 -0.06551998 -0.42285262
v -0.01513141 -0.06331615 -0.41970738
v 0.00656157 -0.06331615 -0.41970738
v -0.04956989 0.03478780 -0.27959856
v -0.05345423 0.03698893 -0.27645332
v -0.02362841 0.03698893 -0.27645332
v -0.02362841 0.03698893 -0.27645332
v -0.02786612 0.03478780 -0.27959856
v -0.04956989 0.03478780 -0.27959856
v -0.02786612 -0.06331615 -0.41970738
v -0.02362841 -0.06551998 -0.42285262
v -0.05345423 -0.06551998 -0.42285262
v -0.05345423 -0.06551998 -0.42285262
v -0.04956989 -0.06331615 -0.41970738
v -0.02786612 -0.06331615 -0.41970738
v -0.08388968 0.03478780 -0.27959856
v -0.08798173 0.03698893 -0.27645332
v -0.05796978 0.03698893 -0.27645332
v -0.05796978 0.03698893 -0.27645332
v -0.06185682 0.03478780 -0.27959856
v -0.08388968 0.03478780 -0.27959856
v -0.06185682 -0.06331615 -0.41970738
v -0.05796978 -0.06551998 -0.42285262
v -0.08798173 -0.06551998 -0.42285262
v -0.08798173 -0.06551998 -0.42285262
v -0.08388968 -0.06331885 -0.41970738
v -0.06185682 -0.06331615 -0.41970738
v -0.11764301 0.03478780 -0.27959856
v -0.11764301 0.03698893 -0.27645332
v -0.09187147 0.03698893 -0.27645332
v -0.09187147 0.03698893 -0.27645332
v -0.09596352 0.03478780 -0.27959856
v -0.11764301 0.03478780 -0.27959856
v -0.09596352 -0.06331885 -0.41970738
v -0.09187147 -0.06551998 -0.42285262
v -0.12414120 -0.06551998 -0.42285262
v -0.12414120 -0.06551998 -0.42285262
v -0.12414120 -0.06331885 -0.41970738
v -0.09596352 -0.06331885 -0.41970738
v 0.05398833 0.03263793 -0.28266827
v 0.05301994 0.03478780 -0.27959856
v 0.07464279 0.03478780 -0.27959856
v 0.07464279 0.03478780 -0.27959856
v 0.07464279 0.03263793 -0.28266827
v 0.05398833 0.03263793 -0.28266827
v 0.08114097 -0.06116897 -0.41663767
v 0.08114097 -0.06331615 -0.41970738
v 0.05301994 -0.06331615 -0.41970738
v 0.05301994 -0.06331615 -0.41970738
v 0.05398833 -0.06116897 -0.41663767
v 0.08114097 -0.06116897 -0.41663767
v 0.01977374 0.03263793 -0.28266827
v 0.01886739 0.03478780 -0.27959856
v 0.04083551 0.03478780 -0.27959856
v 0.04083551 0.03478780 -0.27959856
v 0.03986712 0.03263793 -0.28266827
v 0.01977374 0.03263793 -0.28266827
v 0.03986712 -0.06116897 -0.41663767
v 0.04083551 -0.06331615 -0.41970738
v 0.01886739 -0.06331615 -0.41970738
v 0.01886739 -0.06331615 -0.41970738
v 0.01977374 -0.06116897 -0.41663767
v 0.03986712 -0.06116897 -0.41663767
v -0.01443816 0.03263793 -0.28266827
v -0.01513141 0.03478780 -0.27959856
v 0.00656157 0.03478780 -0.27959856
v 0.00656157 0.03478780 -0.27959856
v 0.00565523 0.03263793 -0.28266827
v -0.01443816 0.03263793 -0.28266827
v 0.00565523 -0.06116897 -0.41663767
v 0.00656157 -0.06331615 -0.41970738
v -0.01513141 -0.06331615 -0.41970738
v -0.01513141 -0.06331615 -0.41970738
v -0.01443816 -0.06116897 -0.41663767
v 0.00565523 -0.06116897 -0.41663767
v -0.04865275 0.03263793 -0.28266827
v -0.04956989 0.03478780 -0.27959856
v -0.02786612 0.03478780 -0.27959856
v -0.02786612 0.03478780 -0.27959856
v -0.02855937 0.03263793 -0.28266827
v -0.04865275 0.03263793 -0.28266827
v -0.02855937 -0.06116897 -0.41663767
v -0.02786612 -0.06331615 -0.41970738
v -0.04956989 -0.06331615 -0.41970738
v -0.04956989 -0.06331615 -0.41970738
v -0.04865275 -0.06116897 -0.41663767
v -0.02855937 -0.06116897 -0.41663767
v -0.08286735 0.03263793 -0.28266827
v -0.08388968 0.03478780 -0.27959856
v -0.06185682 0.03478780 -0.27959856
v -0.06185682 0.03478780 -0.27959856
v -0.06277396 0.03263793 -0.28266827
v -0.08286735 0.03263793 -0.28266827
v -0.06277396 -0.06116897 -0.41663767
v -0.06185682 -0.06331615 -0.41970738
v -0.08388968 -0.06331885 -0.41970738
v -0.08388968 -0.06331885 -0.41970738
v -0.08286735 -0.06116897 -0.41663767
v -0.06277396 -0.06116897 -0.41663767
v -0.11764301 0.03263793 -0.28266827
v -0.11764301 0.03478780 -0.27959856
v -0.09596352 0.03478780 -0.27959856
v -0.09596352 0.03478780 -0.27959856
v -0.09698586 0.03263793 -0.28266827
v -0.11764301 0.03263793 -0.28266827
v -0.09698586 -0.06116897 -0.41663767
v -0.09596352 -0.06331885 -0.41970738
v -0.12414120 -0.06331885 -0.41970738
v -0.12414120 -0.06331885 -0.41970738
v -0.12414120 -0.06116897 -0.41663767
v -0.09698586 -0.06116897 -0.41663767
v 0.03190692 0.05188161 -0.23180225
v 0.02045889 0.05089165 -0.22573567
v 0.03555388 0.05089165 -0.22573567
v 0.03555388 0.05089165 -0.22573567
v 0.05111553 0.05188161 -0.23180225
v 0.03190692 0.05188161 -0.23180225
v 0.00769990 0.05188161 -0.23180225
v 0.00144179 0.05089165 -0.22573567
v 0.01261198 0.05089165 -0.22573567
v 0.01261198 0.05089165 -0.22573567
v 0.02191552 0.05188161 -0.23180225
v 0.00769990 0.05188161 -0.23180225
v -0.01650441 0.05188161 -0.23180225
v -0.01757531 0.05089165 -0.22573567
v -0.00640512 0.05089165 -0.22573567
v -0.00640512 0.05089165 -0.22573567
v -0.00228880 0.05188161 -0.23180225
v -0.01650441 0.05188161 -0.23180225
v -0.03659241 0.05089165 -0.22573567
v -0.02542222 0.05089165 -0.22573567
v -0.02649311 0.05188161 -0.23180225
v -0.02649311 0.05188161 -0.23180225
v -0.04070873 0.05188161 -0.23180225
v -0.03659241 0.05089165 -0.22573567
v -0.05560950 0.05089165 -0.22573567
v -0.04444202 0.05089165 -0.22573567
v -0.05070013 0.05188161 -0.23180225
v -0.05070013 0.05188161 -0.23180225
v -0.06491574 0.05188161 -0.23180225
v -0.05560950 0.05089165 -0.22573567
v -0.07855141 0.05089165 -0.22573567
v -0.06345912 0.05089165 -0.22573567
v -0.07490444 0.05188161 -0.23180225
v -0.07490444 0.05188161 -0.23180225
v -0.09411576 0.05188161 -0.23180225
v -0.07855141 0.05089165 -0.22573567
v 0.02191552 0.05188161 -0.23180225
v 0.01261198 0.05089165 -0.22573567
v 0.02045889 0.05089165 -0.22573567
v 0.02045889 0.05089165 -0.22573567
v 0.03190692 0.05188161 -0.23180225
v 0.02191552 0.05188161 -0.23180225
v -0.00228880 0.05188161 -0.23180225
v -0.00640512 0.05089165 -0.22573567
v 0.00144179 0.05089165 -0.22573567
v 0.00144179 0.05089165 -0.22573567
v 0.00769990 0.05188161 -0.23180225
v -0.00228880 0.05188161 -0.23180225
v -0.02649311 0.05188161 -0.23180225
v -0.02542222 0.05089165 -0.22573567
v -0.01757531 0.05089165 -0.22573567
v -0.01757531 0.05089165 -0.22573567
v -0.01650441 0.05188161 -0.23180225
v -0.02649311 0.05188161 -0.23180225
v -0.04444202 0.05089165 -0.22573567
v -0.03659241 0.05089165 -0.22573567
v -0.04070873 0.05188161 -0.23180225
v -0.04070873 0.05188161 -0.23180225
v -0.05070013 0.05188161 -0.23180225
v -0.04444202 0.05089165 -0.22573567
v -0.06345912 0.05089165 -0.22573567
v -0.05560950 0.05089165 -0.22573567
v -0.06491574 0.05188161 -0.23180225
v -0.06491574 0.05188161 -0.23180225
v -0.07490444 0.05188161 -0.23180225
v -0.06345912 0.05089165 -0.22573567
v -0.01172182 0.04788937 -0.20667001
v -0.00818275 0.04789207 -0.20669699
v -0.00818275 0.04792714 -0.20761682
v -0.00818275 0.04792714 -0.20761682
v -0.01170563 0.04792983 -0.20764649
v -0.01172182 0.04788937 -0.20667001
v -0.01616184 0.04788128 -0.20656481
v -0.01355339 0.04788667 -0.20661876
v -0.01353721 0.04792983 -0.20764649
v -0.01353721 0.04792983 -0.20764649
v -0.01614565 0.04792983 -0.20764649
v -0.01616184 0.04788128 -0.20656481
v -0.02058837 0.04787049 -0.20649198
v -0.01798802 0.04787588 -0.20651895
v -0.01797723 0.04792983 -0.20764649
v -0.01797723 0.04792983 -0.20764649
v -0.02058298 0.04792983 -0.20764649
v -0.02058837 0.04787049 -0.20649198
v -0.02501490 0.04787049 -0.20649468
v -0.02241455 0.04786779 -0.20648389
v -0.02241455 0.04792983 -0.20764649
v -0.02241455 0.04792983 -0.20764649
v -0.02502300 0.04792983 -0.20764649
v -0.02501490 0.04787049 -0.20649468
v -0.02944413 0.04788128 -0.20656751
v -0.02684378 0.04787588 -0.20652165
v -0.02685457 0.04792983 -0.20764649
v -0.02685457 0.04792983 -0.20764649
v -0.02946032 0.04792983 -0.20764649
v -0.02944413 0.04788128 -0.20656751
v -0.03477971 0.04788937 -0.20664843
v -0.03127571 0.04788667 -0.20661876
v -0.03129189 0.04792983 -0.20764649
v -0.03129189 0.04792983 -0.20764649
v -0.03481478 0.04792714 -0.20761682
v -0.03477971 0.04788937 -0.20664843
v -0.01355339 0.04788667 -0.20661876
v -0.01172182 0.04788937 -0.20667001
v -0.01170563 0.04792983 -0.20764649
v -0.01170563 0.04792983 -0.20764649
v -0.01353721 0.04792983 -0.20764649
v -0.01355339 0.04788667 -0.20661876
v -0.01798802 0.04787588 -0.20651895
v -0.01616184 0.04788128 -0.20656481
v -0.01614565 0.04792983 -0.20764649
v -0.01614565 0.04792983 -0.20764649
v -0.01797723 0.04792983 -0.20764649
v -0.01798802 0.04787588 -0.20651895
v -0.02241455 0.04786779 -0.20648389
v -0.02058837 0.04787049 -0.20649198
v -0.02058298 0.04792983 -0.20764649
v -0.02058298 0.04792983 -0.20764649
v -0.02684378 0.04787588 -0.20652165
v -0.02501490 0.04787049 -0.20649468
v -0.02502300 0.04792983 -0.20764649
v -0.02502300 0.04792983 -0.20764649
v -0.02685457 0.04792983 -0.20764649
v -0.02684378 0.04787588 -0.20652165
v -0.03127571 0.04788667 -0.20661876
v -0.02944413 0.04788128 -0.20656751
v -0.02946032 0.04792983 -0.20764649
v -0.02946032 0.04792983 -0.20764649
v -0.03129189 0.04792983 -0.20764649
v -0.03127571 0.04788667 -0.20661876
v -0.00176819 0.04890631 -0.21360249
v -0.00680704 0.04840998 -0.21056784
v -0.00152002 0.04840998 -0.21056784
v -0.00152002 0.04840998 -0.21056784
v 0.00532883 0.04890631 -0.21360249
v -0.00176819 0.04890631 -0.21360249
v 0.00890027 0.04989898 -0.21966908
v -0.00176819 0.04890631 -0.21360249
v 0.00532883 0.04890631 -0.21360249
v 0.00532883 0.04890631 -0.21360249
v 0.01983578 0.04989898 -0.21966908
v 0.00890027 0.04989898 -0.21966908
v 0.02045889 0.05089165 -0.22573567
v 0.00890027 0.04989898 -0.21966908
v 0.01983578 0.04989898 -0.21966908
v 0.01983578 0.04989898 -0.21966908
v 0.03555388 0.05089165 -0.22573567
v 0.02045889 0.05089165 -0.22573567
v 0.07124399 0.05494863 -0.24654658
v 0.07257923 0.05504034 -0.24934654
v 0.04769246 0.05505922 -0.24923325
v 0.04769246 0.05505922 -0.24923325
v 0.04671058 0.05493784 -0.24647105
v 0.07124399 0.05494863 -0.24654658
v 0.06168149 0.05285540 -0.23776364
v 0.06867331 0.05421492 -0.24354430
v 0.04481966 0.05421492 -0.24355239
v 0.04481966 0.05421492 -0.24355239
v 0.03967830 0.05286349 -0.23780410
v 0.06168149 0.05285540 -0.23776364
v 0.05111553 0.05188161 -0.23180225
v 0.06168149 0.05285540 -0.23776364
v 0.03967830 0.05286349 -0.23780410
v 0.03967830 0.05286349 -0.23780410
v 0.03190692 0.05188161 -0.23180225
v 0.05111553 0.05188161 -0.23180225
v -0.01071027 0.04890631 -0.21360249
v -0.01346438 0.04840998 -0.21056784
v -0.00955576 0.04840998 -0.21056784
v -0.00955576 0.04840998 -0.21056784
v -0.00545831 0.04890631 -0.21360249
v -0.01071027 0.04890631 -0.21360249
v -0.00487836 0.04989898 -0.21966908
v -0.01071027 0.04890631 -0.21360249
v -0.00545831 0.04890631 -0.21360249
v -0.00545831 0.04890631 -0.21360249
v 0.00321402 0.04989898 -0.21966908
v -0.00487836 0.04989898 -0.21966908
v 0.00144179 0.05089165 -0.22573567
v -0.00487836 0.04989898 -0.21966908
v 0.00321402 0.04989898 -0.21966908
v 0.00321402 0.04989898 -0.21966908
v 0.01261198 0.05089165 -0.22573567
v 0.00144179 0.05089165 -0.22573567
v 0.03395159 0.05493784 -0.24647105
v 0.03475004 0.05505922 -0.24923325
v 0.01633178 0.05505922 -0.24923325
v 0.01633178 0.05505922 -0.24923325
v 0.01579498 0.05493784 -0.24647105
v 0.03395159 0.05493784 -0.24647105
v 0.02823297 0.05286349 -0.23780410
v 0.03241404 0.05421492 -0.24355239
v 0.01476185 0.05421492 -0.24355239
v 0.01476185 0.05421492 -0.24355239
v 0.01195110 0.05286349 -0.23780410
v 0.02823297 0.05286349 -0.23780410
v 0.02191552 0.05188161 -0.23180225
v 0.02823297 0.05286349 -0.23780410
v 0.01195110 0.05286349 -0.23780410
v 0.01195110 0.05286349 -0.23780410
v 0.00769990 0.05188161 -0.23180225
v 0.02191552 0.05188161 -0.23180225
v -0.01965505 0.04890631 -0.21360249
v -0.02012441 0.04840998 -0.21056784
v -0.01621309 0.04840998 -0.21056784
v -0.01621309 0.04840998 -0.21056784
v -0.01440309 0.04890631 -0.21360249
v -0.01965505 0.04890631 -0.21360249
v -0.01865699 0.04989898 -0.21966908
v -0.01965505 0.04890631 -0.21360249
v -0.01440309 0.04890631 -0.21360249
v -0.01440309 0.04890631 -0.21360249
v -0.01056461 0.04989898 -0.21966908
v -0.01865699 0.04989898 -0.21966908
v -0.01757531 0.05089165 -0.22573567
v -0.01865699 0.04989898 -0.21966908
v -0.01056461 0.04989898 -0.21966908
v -0.01056461 0.04989898 -0.21966908
v -0.00640512 0.05089165 -0.22573567
v -0.01757531 0.05089165 -0.22573567
v 0.00303599 0.05493784 -0.24647105
v 0.00338936 0.05505922 -0.24923325
v -0.01502890 0.05505922 -0.24923325
v -0.01502890 0.05505922 -0.24923325
v -0.01512062 0.05493784 -0.24647105
v 0.00303599 0.05493784 -0.24647105
v 0.00050577 0.05286349 -0.23780410
v 0.00235623 0.05421492 -0.24355239
v -0.01529595 0.05421492 -0.24355239
v -0.01529595 0.05421492 -0.24355239
v -0.01577610 0.05286349 -0.23780410
v 0.00050577 0.05286349 -0.23780410
v -0.00228880 0.05188161 -0.23180225
v 0.00050577 0.05286349 -0.23780410
v -0.01577610 0.05286349 -0.23780410
v -0.01577610 0.05286349 -0.23780410
v -0.01650441 0.05188161 -0.23180225
v -0.00228880 0.05188161 -0.23180225
v -0.02678444 0.04840998 -0.21056784
v -0.02287312 0.04840998 -0.21056784
v -0.02334518 0.04890631 -0.21360249
v -0.02334518 0.04890631 -0.21360249
v -0.02859713 0.04890631 -0.21360249
v -0.02678444 0.04840998 -0.21056784
v -0.02859713 0.04890631 -0.21360249
v -0.02334518 0.04890631 -0.21360249
v -0.02434324 0.04989898 -0.21966908
v -0.02434324 0.04989898 -0.21966908
v -0.03243292 0.04989898 -0.21966908
v -0.02859713 0.04890631 -0.21360249
v -0.03243292 0.04989898 -0.21966908
v -0.02434324 0.04989898 -0.21966908
v -0.02542222 0.05089165 -0.22573567
v -0.02542222 0.05089165 -0.22573567
v -0.03659241 0.05089165 -0.22573567
v -0.03243292 0.04989898 -0.21966908
v -0.02797132 0.05505922 -0.24923325
v -0.04638689 0.05505922 -0.24923325
v -0.04603352 0.05493784 -0.24647105
v -0.04603352 0.05493784 -0.24647105
v -0.02787961 0.05493784 -0.24647105
v -0.02797132 0.05505922 -0.24923325
v -0.02770157 0.05421492 -0.24355239
v -0.04535376 0.05421492 -0.24355239
v -0.04350330 0.05286349 -0.23780410
v -0.04350330 0.05286349 -0.23780410
v -0.02722143 0.05286349 -0.23780410
v -0.02770157 0.05421492 -0.24355239
v -0.02722143 0.05286349 -0.23780410
v -0.04350330 0.05286349 -0.23780410
v -0.04070873 0.05188161 -0.23180225
v -0.04070873 0.05188161 -0.23180225
v -0.02649311 0.05188161 -0.23180225
v -0.02722143 0.05286349 -0.23780410
v -0.03344447 0.04840998 -0.21056784
v -0.02953315 0.04840998 -0.21056784
v -0.03228726 0.04890631 -0.21360249
v -0.03228726 0.04890631 -0.21360249
v -0.03753921 0.04890631 -0.21360249
v -0.03344447 0.04840998 -0.21056784
v -0.03753921 0.04890631 -0.21360249
v -0.03228726 0.04890631 -0.21360249
v -0.03812187 0.04989898 -0.21966908
v -0.03812187 0.04989898 -0.21966908
v -0.04621155 0.04989898 -0.21966908
v -0.03753921 0.04890631 -0.21360249
v -0.04621155 0.04989898 -0.21966908
v -0.03812187 0.04989898 -0.21966908
v -0.04444202 0.05089165 -0.22573567
v -0.04444202 0.05089165 -0.22573567
v -0.05560950 0.05089165 -0.22573567
v -0.04621155 0.04989898 -0.21966908
v -0.05932930 0.05505922 -0.24923325
v -0.07774757 0.05505922 -0.24923325
v -0.07694912 0.05493784 -0.24647105
v -0.07694912 0.05493784 -0.24647105
v -0.05879251 0.05493784 -0.24647105
v -0.05932930 0.05505922 -0.24923325
v -0.05775938 0.05421492 -0.24355239
v -0.07541157 0.05421492 -0.24355239
v -0.07123050 0.05286349 -0.23780410
v -0.07123050 0.05286349 -0.23780410
v -0.05494863 0.05286349 -0.23780410
v -0.05775938 0.05421492 -0.24355239
v -0.05494863 0.05286349 -0.23780410
v -0.07123050 0.05286349 -0.23780410
v -0.06491574 0.05188161 -0.23180225
v -0.06491574 0.05188161 -0.23180225
v -0.05070013 0.05188161 -0.23180225
v -0.05494863 0.05286349 -0.23780410
v -0.04147751 0.04840998 -0.21056784
v -0.03619318 0.04840998 -0.21056784
v -0.04122934 0.04890631 -0.21360249
v -0.04122934 0.04890631 -0.21360249
v -0.04832636 0.04890631 -0.21360249
v -0.04147751 0.04840998 -0.21056784
v -0.04832636 0.04890631 -0.21360249
v -0.04122934 0.04890631 -0.21360249
v -0.05189780 0.04989898 -0.21966908
v -0.05189780 0.04989898 -0.21966908
v -0.06283331 0.04989898 -0.21966908
v -0.04832636 0.04890631 -0.21360249
v -0.06283331 0.04989898 -0.21966908
v -0.05189780 0.04989898 -0.21966908
v -0.06345912 0.05089165 -0.22573567
v -0.06345912 0.05089165 -0.22573567
v -0.07855141 0.05089165 -0.22573567
v -0.06283331 0.04989898 -0.21966908
v -0.09068998 0.05505922 -0.24923325
v -0.11557676 0.05504034 -0.24934654
v -0.11424421 0.05494863 -0.24654658
v -0.11424421 0.05494863 -0.24654658
v -0.08970811 0.05493784 -0.24647105
v -0.09068998 0.05505922 -0.24923325
v -0.08781719 0.05421492 -0.24355239
v -0.11167083 0.05421492 -0.24354430
v -0.10468171 0.05285540 -0.23776364
v -0.10468171 0.05285540 -0.23776364
v -0.08267583 0.05286349 -0.23780410
v -0.08781719 0.05421492 -0.24355239
v -0.08267583 0.05286349 -0.23780410
v -0.10468171 0.05285540 -0.23776364
v -0.09411576 0.05188161 -0.23180225
v -0.09411576 0.05188161 -0.23180225
v -0.07490444 0.05188161 -0.23180225
v -0.08267583 0.05286349 -0.23780410
v -0.00545831 0.04890631 -0.21360249
v -0.00955576 0.04840998 -0.21056784
v -0.00680704 0.04840998 -0.21056784
v -0.00680704 0.04840998 -0.21056784
v -0.00176819 0.04890631 -0.21360249
v -0.00545831 0.04890631 -0.21360249
v 0.00321402 0.04989898 -0.21966908
v -0.00545831 0.04890631 -0.21360249
v -0.00176819 0.04890631 -0.21360249
v -0.00176819 0.04890631 -0.21360249
v 0.00890027 0.04989898 -0.21966908
v 0.00321402 0.04989898 -0.21966908
v 0.01261198 0.05089165 -0.22573567
v 0.00321402 0.04989898 -0.21966908
v 0.00890027 0.04989898 -0.21966908
v 0.00890027 0.04989898 -0.21966908
v 0.02045889 0.05089165 -0.22573567
v 0.01261198 0.05089165 -0.22573567
v 0.04671058 0.05493784 -0.24647105
v 0.04769246 0.05505922 -0.24923325
v 0.03475004 0.05505922 -0.24923325
v 0.03475004 0.05505922 -0.24923325
v 0.03395159 0.05493784 -0.24647105
v 0.04671058 0.05493784 -0.24647105
v 0.03967830 0.05286349 -0.23780410
v 0.04481966 0.05421492 -0.24355239
v 0.03241404 0.05421492 -0.24355239
v 0.03241404 0.05421492 -0.24355239
v 0.02823297 0.05286349 -0.23780410
v 0.03967830 0.05286349 -0.23780410
v 0.03190692 0.05188161 -0.23180225
v 0.03967830 0.05286349 -0.23780410
v 0.02823297 0.05286349 -0.23780410
v 0.02823297 0.05286349 -0.23780410
v 0.02191552 0.05188161 -0.23180225
v 0.03190692 0.05188161 -0.23180225
v -0.01440309 0.04890631 -0.21360249
v -0.01621309 0.04840998 -0.21056784
v -0.01346438 0.04840998 -0.21056784
v -0.01346438 0.04840998 -0.21056784
v -0.01071027 0.04890631 -0.21360249
v -0.01440309 0.04890631 -0.21360249
v -0.01056461 0.04989898 -0.21966908
v -0.01440309 0.04890631 -0.21360249
v -0.01071027 0.04890631 -0.21360249
v -0.01071027 0.04890631 -0.21360249
v -0.00487836 0.04989898 -0.21966908
v -0.01056461 0.04989898 -0.21966908
v -0.00640512 0.05089165 -0.22573567
v -0.01056461 0.04989898 -0.21966908
v -0.00487836 0.04989898 -0.21966908
v -0.00487836 0.04989898 -0.21966908
v 0.00144179 0.05089165 -0.22573567
v -0.00640512 0.05089165 -0.22573567
v 0.01579498 0.05493784 -0.24647105
v 0.01633178 0.05505922 -0.24923325
v 0.00338936 0.05505922 -0.24923325
v 0.00338936 0.05505922 -0.24923325
v 0.00303599 0.05493784 -0.24647105
v 0.01579498 0.05493784 -0.24647105
v 0.01195110 0.05286349 -0.23780410
v 0.01476185 0.05421492 -0.24355239
v 0.00235623 0.05421492 -0.24355239
v 0.00235623 0.05421492 -0.24355239
v 0.00050577 0.05286349 -0.23780410
v 0.01195110 0.05286349 -0.23780410
v 0.00769990 0.05188161 -0.23180225
v 0.01195110 0.05286349 -0.23780410
v 0.00050577 0.05286349 -0.23780410
v 0.00050577 0.05286349 -0.23780410
v -0.00228880 0.05188161 -0.23180225
v 0.00769990 0.05188161 -0.23180225
v -0.02334518 0.04890631 -0.21360249
v -0.02287312 0.04840998 -0.21056784
v -0.02012441 0.04840998 -0.21056784
v -0.02012441 0.04840998 -0.21056784
v -0.01965505 0.04890631 -0.21360249
v -0.02334518 0.04890631 -0.21360249
v -0.02434324 0.04989898 -0.21966908
v -0.02334518 0.04890631 -0.21360249
v -0.01965505 0.04890631 -0.21360249
v -0.01965505 0.04890631 -0.21360249
v -0.01865699 0.04989898 -0.21966908
v -0.02434324 0.04989898 -0.21966908
v -0.02542222 0.05089165 -0.22573567
v -0.02434324 0.04989898 -0.21966908
v -0.01865699 0.04989898 -0.21966908
v -0.01865699 0.04989898 -0.21966908
v -0.01757531 0.05089165 -0.22573567
v -0.02542222 0.05089165 -0.22573567
v -0.01512062 0.05493784 -0.24647105
v -0.01502890 0.05505922 -0.24923325
v -0.02797132 0.05505922 -0.24923325
v -0.02797132 0.05505922 -0.24923325
v -0.02787961 0.05493784 -0.24647105
v -0.01512062 0.05493784 -0.24647105
v -0.01577610 0.05286349 -0.23780410
v -0.01529595 0.05421492 -0.24355239
v -0.02770157 0.05421492 -0.24355239
v -0.02770157 0.05421492 -0.24355239
v -0.02722143 0.05286349 -0.23780410
v -0.01577610 0.05286349 -0.23780410
v -0.01650441 0.05188161 -0.23180225
v -0.01577610 0.05286349 -0.23780410
v -0.02722143 0.05286349 -0.23780410
v -0.02722143 0.05286349 -0.23780410
v -0.02649311 0.05188161 -0.23180225
v -0.01650441 0.05188161 -0.23180225
v -0.02953315 0.04840998 -0.21056784
v -0.02678444 0.04840998 -0.21056784
v -0.02859713 0.04890631 -0.21360249
v -0.02859713 0.04890631 -0.21360249
v -0.03228726 0.04890631 -0.21360249
v -0.02953315 0.04840998 -0.21056784
v -0.03228726 0.04890631 -0.21360249
v -0.02859713 0.04890631 -0.21360249
v -0.03243292 0.04989898 -0.21966908
v -0.03243292 0.04989898 -0.21966908
v -0.03812187 0.04989898 -0.21966908
v -0.03228726 0.04890631 -0.21360249
v -0.03812187 0.04989898 -0.21966908
v -0.03243292 0.04989898 -0.21966908
v -0.03659241 0.05089165 -0.22573567
v -0.03659241 0.05089165 -0.22573567
v -0.04444202 0.05089165 -0.22573567
v -0.03812187 0.04989898 -0.21966908
v -0.04638689 0.05505922 -0.24923325
v -0.05932930 0.05505922 -0.24923325
v -0.05879251 0.05493784 -0.24647105
v -0.05879251 0.05493784 -0.24647105
v -0.04603352 0.05493784 -0.24647105
v -0.04638689 0.05505922 -0.24923325
v -0.04535376 0.05421492 -0.24355239
v -0.05775938 0.05421492 -0.24355239
v -0.05494863 0.05286349 -0.23780410
v -0.05494863 0.05286349 -0.23780410
v -0.04350330 0.05286349 -0.23780410
v -0.04535376 0.05421492 -0.24355239
v -0.04350330 0.05286349 -0.23780410
v -0.05494863 0.05286349 -0.23780410
v -0.05070013 0.05188161 -0.23180225
v -0.05070013 0.05188161 -0.23180225
v -0.04070873 0.05188161 -0.23180225
v -0.04350330 0.05286349 -0.23780410
v -0.03619318 0.04840998 -0.21056784
v -0.03344447 0.04840998 -0.21056784
v -0.03753921 0.04890631 -0.21360249
v -0.03753921 0.04890631 -0.21360249
v -0.04122934 0.04890631 -0.21360249
v -0.03619318 0.04840998 -0.21056784
v -0.04122934 0.04890631 -0.21360249
v -0.03753921 0.04890631 -0.21360249
v -0.04621155 0.04989898 -0.21966908
v -0.04621155 0.04989898 -0.21966908
v -0.05189780 0.04989898 -0.21966908
v -0.04122934 0.04890631 -0.21360249
v -0.05189780 0.04989898 -0.21966908
v -0.04621155 0.04989898 -0.21966908
v -0.05560950 0.05089165 -0.22573567
v -0.05560950 0.05089165 -0.22573567
v -0.06345912 0.05089165 -0.22573567
v -0.05189780 0.04989898 -0.21966908
v -0.07774757 0.05505922 -0.24923325
v -0.09068998 0.05505922 -0.24923325
v -0.08970811 0.05493784 -0.24647105
v -0.08970811 0.05493784 -0.24647105
v -0.07694912 0.05493784 -0.24647105
v -0.07774757 0.05505922 -0.24923325
v -0.07541157 0.05421492 -0.24355239
v -0.08781719 0.05421492 -0.24355239
v -0.08267583 0.05286349 -0.23780410
v -0.08267583 0.05286349 -0.23780410
v -0.07123050 0.05286349 -0.23780410
v -0.07541157 0.05421492 -0.24355239
v -0.07123050 0.05286349 -0.23780410
v -0.08267583 0.05286349 -0.23780410
v -0.07490444 0.05188161 -0.23180225
v -0.07490444 0.05188161 -0.23180225
v -0.06491574 0.05188161 -0.23180225
v -0.07123050 0.05286349 -0.23780410
v -0.00680704 0.04840998 -0.21056784
v -0.01170563 0.04792983 -0.20764649
v -0.00818275 0.04792714 -0.20761682
v -0.00818275 0.04792714 -0.20761682
v -0.00152002 0.04840998 -0.21056784
v -0.00680704 0.04840998 -0.21056784
v -0.01346438 0.04840998 -0.21056784
v -0.01614565 0.04792983 -0.20764649
v -0.01353721 0.04792983 -0.20764649
v -0.01353721 0.04792983 -0.20764649
v -0.00955576 0.04840998 -0.21056784
v -0.01346438 0.04840998 -0.21056784
v -0.02012441 0.04840998 -0.21056784
v -0.02058298 0.04792983 -0.20764649
v -0.01797723 0.04792983 -0.20764649
v -0.01797723 0.04792983 -0.20764649
v -0.01621309 0.04840998 -0.21056784
v -0.02012441 0.04840998 -0.21056784
v -0.02502300 0.04792983 -0.20764649
v -0.02241455 0.04792983 -0.20764649
v -0.02287312 0.04840998 -0.21056784
v -0.02287312 0.04840998 -0.21056784
v -0.02678444 0.04840998 -0.21056784
v -0.02502300 0.04792983 -0.20764649
v -0.02946032 0.04792983 -0.20764649
v -0.02685457 0.04792983 -0.20764649
v -0.02953315 0.04840998 -0.21056784
v -0.02953315 0.04840998 -0.21056784
v -0.03344447 0.04840998 -0.21056784
v -0.02946032 0.04792983 -0.20764649
v -0.03481478 0.04792714 -0.20761682
v -0.03129189 0.04792983 -0.20764649
v -0.03619318 0.04840998 -0.21056784
v -0.03619318 0.04840998 -0.21056784
v -0.04147751 0.04840998 -0.21056784
v -0.03481478 0.04792714 -0.20761682
v -0.00955576 0.04840998 -0.21056784
v -0.01353721 0.04792983 -0.20764649
v -0.01170563 0.04792983 -0.20764649
v -0.01170563 0.04792983 -0.20764649
v -0.00680704 0.04840998 -0.21056784
v -0.00955576 0.04840998 -0.21056784
v -0.01621309 0.04840998 -0.21056784
v -0.01797723 0.04792983 -0.20764649
v -0.01614565 0.04792983 -0.20764649
v -0.01614565 0.04792983 -0.20764649
v -0.01346438 0.04840998 -0.21056784
v -0.01621309 0.04840998 -0.21056784
v -0.02287312 0.04840998 -0.21056784
v -0.02241455 0.04792983 -0.20764649
v -0.02058298 0.04792983 -0.20764649
v -0.02058298 0.04792983 -0.20764649
v -0.02012441 0.04840998 -0.21056784
v -0.02287312 0.04840998 -0.21056784
v -0.02685457 0.04792983 -0.20764649
v -0.02502300 0.04792983 -0.20764649
v -0.02678444 0.04840998 -0.21056784
v -0.02678444 0.04840998 -0.21056784
v -0.02953315 0.04840998 -0.21056784
v -0.02685457 0.04792983 -0.20764649
v -0.03129189 0.04792983 -0.20764649
v -0.02946032 0.04792983 -0.20764649
v -0.03344447 0.04840998 -0.21056784
v -0.03344447 0.04840998 -0.21056784
v -0.03619318 0.04840998 -0.21056784
v -0.03129189 0.04792983 -0.20764649
v -0.01120660 0.04374337 -0.10379695
v -0.01110949 0.04549133 -0.17274674
v -0.01309482 0.04296111 -0.16837416
v -0.01309482 0.04296111 -0.16837416
v -0.01315147 0.04142626 -0.09997195
v -0.01120660 0.04374337 -0.10379695
v -0.01506937 0.03909565 -0.09994227
v -0.01496956 0.04093532 -0.16829593
v -0.01726510 0.03867485 -0.16822850
v -0.01726510 0.03867485 -0.16822850
v -0.01737300 0.03647102 -0.09991800
v -0.01506937 0.03909565 -0.09994227
v -0.01905621 0.03498472 -0.09990181
v -0.01894831 0.03735309 -0.16816106
v -0.02079877 0.03668412 -0.16811790
v -0.02079877 0.03668412 -0.16811790
v -0.02084733 0.03424292 -0.09989372
v -0.01905621 0.03498472 -0.09990181
v -0.02215020 0.03424292 -0.09989372
v -0.02220685 0.03668682 -0.16812599
v -0.02404921 0.03735579 -0.16818264
v -0.02404921 0.03735579 -0.16818264
v -0.02394131 0.03498472 -0.09990451
v -0.02215020 0.03424292 -0.09989372
v -0.02562453 0.03647102 -0.09992069
v -0.02573513 0.03868024 -0.16825817
v -0.02802257 0.04093262 -0.16833100
v -0.02802257 0.04093262 -0.16833100
v -0.02792816 0.03909295 -0.09994497
v -0.02562453 0.03647102 -0.09992069
v -0.02984875 0.04142895 -0.09997195
v -0.02989461 0.04295302 -0.16840113
v -0.03173967 0.04532678 -0.17287352
v -0.03173967 0.04532678 -0.17287352
v -0.03179632 0.04374877 -0.10379425
v -0.02984875 0.04142895 -0.09997195
v -0.01315147 0.04142626 -0.09997195
v -0.01309482 0.04296111 -0.16837416
v -0.01496956 0.04093532 -0.16829593
v -0.01496956 0.04093532 -0.16829593
v -0.01506937 0.03909565 -0.09994227
v -0.01315147 0.04142626 -0.09997195
v -0.01737300 0.03647102 -0.09991800
v -0.01726510 0.03867485 -0.16822850
v -0.01894831 0.03735309 -0.16816106
v -0.01894831 0.03735309 -0.16816106
v -0.01905621 0.03498472 -0.09990181
v -0.01737300 0.03647102 -0.09991800
v -0.02084733 0.03424292 -0.09989372
v -0.02079877 0.03668412 -0.16811790
v -0.02220685 0.03668682 -0.16812599
v -0.02220685 0.03668682 -0.16812599
v -0.02215020 0.03424292 -0.09989372
v -0.02084733 0.03424292 -0.09989372
v -0.02394131 0.03498472 -0.09990451
v -0.02404921 0.03735579 -0.16818264
v -0.02573513 0.03868024 -0.16825817
v -0.02573513 0.03868024 -0.16825817
v -0.02562453 0.03647102 -0.09992069
v -0.02394131 0.03498472 -0.09990451
v -0.02792816 0.03909295 -0.09994497
v -0.02802257 0.04093262 -0.16833100
v -0.02989461 0.04295302 -0.16840113
v -0.02989461 0.04295302 -0.16840113
v -0.02984875 0.04142895 -0.09997195
v -0.02792816 0.03909295 -0.09994497
v -0.01134957 0.04645702 -0.00417972
v -0.01120660 0.04374337 -0.10379695
v -0.01315147 0.04142626 -0.09997195
v -0.01315147 0.04142626 -0.09997195
v -0.01321351 0.04359771 -0.00416083
v -0.01134957 0.04645702 -0.00417972
v -0.01496686 0.04154225 -0.00414735
v -0.01506937 0.03909565 -0.09994227
v -0.01737300 0.03647102 -0.09991800
v -0.01737300 0.03647102 -0.09991800
v -0.01749169 0.03861280 -0.00412846
v -0.01496686 0.04154225 -0.00414735
v -0.01897259 0.03723440 -0.00412846
v -0.01905621 0.03498472 -0.09990181
v -0.02084733 0.03424292 -0.09989372
v -0.02084733 0.03424292 -0.09989372
v -0.02093634 0.03644944 -0.00413116
v -0.01897259 0.03723440 -0.00412846
v -0.02206118 0.03644944 -0.00413116
v -0.02215020 0.03424292 -0.09989372
v -0.02394131 0.03498472 -0.09990451
v -0.02394131 0.03498472 -0.09990451
v -0.02402763 0.03723440 -0.00412846
v -0.02206118 0.03644944 -0.00413116
v -0.02550584 0.03861280 -0.00412846
v -0.02562453 0.03647102 -0.09992069
v -0.02792816 0.03909295 -0.09994497
v -0.02792816 0.03909295 -0.09994497
v -0.02803066 0.04154225 -0.00414735
v -0.02550584 0.03861280 -0.00412846
v -0.02978401 0.04359771 -0.00416083
v -0.02984875 0.04142895 -0.09997195
v -0.03179632 0.04374877 -0.10379425
v -0.03179632 0.04374877 -0.10379425
v -0.03164796 0.04645432 -0.00418241
v -0.02978401 0.04359771 -0.00416083
v -0.01321351 0.04359771 -0.00416083
v -0.01315147 0.04142626 -0.09997195
v -0.01506937 0.03909565 -0.09994227
v -0.01506937 0.03909565 -0.09994227
v -0.01496686 0.04154225 -0.00414735
v -0.01321351 0.04359771 -0.00416083
v -0.01749169 0.03861280 -0.00412846
v -0.01737300 0.03647102 -0.09991800
v -0.01905621 0.03498472 -0.09990181
v -0.01905621 0.03498472 -0.09990181
v -0.01897259 0.03723440 -0.00412846
v -0.01749169 0.03861280 -0.00412846
v -0.02093634 0.03644944 -0.00413116
v -0.02084733 0.03424292 -0.09989372
v -0.02215020 0.03424292 -0.09989372
v -0.02215020 0.03424292 -0.09989372
v -0.02206118 0.03644944 -0.00413116
v -0.02093634 0.03644944 -0.00413116
v -0.02402763 0.03723440 -0.00412846
v -0.02394131 0.03498472 -0.09990451
v -0.02562453 0.03647102 -0.09992069
v -0.02562453 0.03647102 -0.09992069
v -0.02550584 0.03861280 -0.00412846
v -0.02402763 0.03723440 -0.00412846
v -0.02803066 0.04154225 -0.00414735
v -0.02792816 0.03909295 -0.09994497
v -0.02984875 0.04142895 -0.09997195
v -0.02984875 0.04142895 -0.09997195
v -0.02978401 0.04359771 -0.00416083
v -0.02803066 0.04154225 -0.00414735
v -0.01172182 0.04788937 -0.20667001
v -0.01309482 0.04296111 -0.16837416
v -0.01110949 0.04549133 -0.17274674
v -0.01110949 0.04549133 -0.17274674
v -0.00818275 0.04789207 -0.20669699
v -0.01172182 0.04788937 -0.20667001
v -0.01616184 0.04788128 -0.20656481
v -0.01726510 0.03867485 -0.16822850
v -0.01496956 0.04093532 -0.16829593
v -0.01496956 0.04093532 -0.16829593
v -0.01355339 0.04788667 -0.20661876
v -0.01616184 0.04788128 -0.20656481
v -0.02058837 0.04787049 -0.20649198
v -0.02079877 0.03668412 -0.16811790
v -0.01894831 0.03735309 -0.16816106
v -0.01894831 0.03735309 -0.16816106
v -0.01798802 0.04787588 -0.20651895
v -0.02058837 0.04787049 -0.20649198
v -0.02501490 0.04787049 -0.20649468
v -0.02404921 0.03735579 -0.16818264
v -0.02220685 0.03668682 -0.16812599
v -0.02220685 0.03668682 -0.16812599
v -0.02241455 0.04786779 -0.20648389
v -0.02501490 0.04787049 -0.20649468
v -0.02944413 0.04788128 -0.20656751
v -0.02802257 0.04093262 -0.16833100
v -0.02573513 0.03868024 -0.16825817
v -0.02573513 0.03868024 -0.16825817
v -0.02684378 0.04787588 -0.20652165
v -0.02944413 0.04788128 -0.20656751
v -0.03477971 0.04788937 -0.20664843
v -0.03173967 0.04532678 -0.17287352
v -0.02989461 0.04295302 -0.16840113
v -0.02989461 0.04295302 -0.16840113
v -0.03127571 0.04788667 -0.20661876
v -0.03477971 0.04788937 -0.20664843
v -0.01355339 0.04788667 -0.20661876
v -0.01496956 0.04093532 -0.16829593
v -0.01309482 0.04296111 -0.16837416
v -0.01309482 0.04296111 -0.16837416
v -0.01172182 0.04788937 -0.20667001
v -0.01355339 0.04788667 -0.20661876
v -0.01798802 0.04787588 -0.20651895
v -0.01894831 0.03735309 -0.16816106
v -0.01726510 0.03867485 -0.16822850
v -0.01726510 0.03867485 -0.16822850
v -0.01616184 0.04788128 -0.20656481
v -0.01798802 0.04787588 -0.20651895
v -0.02241455 0.04786779 -0.20648389
v -0.02220685 0.03668682 -0.16812599
v -0.02079877 0.03668412 -0.16811790
v -0.02079877 0.03668412 -0.16811790
v -0.02058837 0.04787049 -0.20649198
v -0.02241455 0.04786779 -0.20648389
v -0.02684378 0.04787588 -0.20652165
v -0.02573513 0.03868024 -0.16825817
v -0.02404921 0.03735579 -0.16818264
v -0.02404921 0.03735579 -0.16818264
v -0.02501490 0.04787049 -0.20649468
v -0.02684378 0.04787588 -0.20652165
v -0.03127571 0.04788667 -0.20661876
v -0.02989461 0.04295302 -0.16840113
v -0.02802257 0.04093262 -0.16833100
v -0.02802257 0.04093262 -0.16833100
v -0.02944413 0.04788128 -0.20656751
v -0.03127571 0.04788667 -0.20661876
v -0.01134957 0.05070822 0.06898891
v -0.01134957 0.04645702 -0.00417972
v -0.01321351 0.04359771 -0.00416083
v -0.01321351 0.04359771 -0.00416083
v -0.01321621 0.04784621 0.06900510
v -0.01134957 0.05070822 0.06898891
v -0.01496686 0.04579614 0.06901589
v -0.01496686 0.04154225 -0.00414735
v -0.01749169 0.03861280 -0.00412846
v -0.01749169 0.03861280 -0.00412846
v -0.01749438 0.04286400 0.06903207
v -0.01496686 0.04579614 0.06901589
v -0.01897799 0.04148290 0.06902937
v -0.01897259 0.03723440 -0.00412846
v -0.02093634 0.03644944 -0.00413116
v -0.02093634 0.03644944 -0.00413116
v -0.02093904 0.04070064 0.06902128
v -0.01897799 0.04148290 0.06902937
v -0.02205849 0.04070064 0.06902128
v -0.02206118 0.03644944 -0.00413116
v -0.02402763 0.03723440 -0.00412846
v -0.02402763 0.03723440 -0.00412846
v -0.02401954 0.04148290 0.06902937
v -0.02205849 0.04070064 0.06902128
v -0.02550314 0.04286400 0.06903207
v -0.02550584 0.03861280 -0.00412846
v -0.02803066 0.04154225 -0.00414735
v -0.02803066 0.04154225 -0.00414735
v -0.02803066 0.04579344 0.06901589
v -0.02550314 0.04286400 0.06903207
v -0.02978132 0.04784621 0.06900510
v -0.02978401 0.04359771 -0.00416083
v -0.03164796 0.04645432 -0.00418241
v -0.03164796 0.04645432 -0.00418241
v -0.03164796 0.05070822 0.06898891
v -0.02978132 0.04784621 0.06900510
v -0.01321621 0.04784621 0.06900510
v -0.01321351 0.04359771 -0.00416083
v -0.01496686 0.04154225 -0.00414735
v -0.01496686 0.04154225 -0.00414735
v -0.01496686 0.04579614 0.06901589
v -0.01321621 0.04784621 0.06900510
v -0.01749438 0.04286400 0.06903207
v -0.01749169 0.03861280 -0.00412846
v -0.01897259 0.03723440 -0.00412846
v -0.01897259 0.03723440 -0.00412846
v -0.01897799 0.04148290 0.06902937
v -0.01749438 0.04286400 0.06903207
v -0.02093904 0.04070064 0.06902128
v -0.02093634 0.03644944 -0.00413116
v -0.02206118 0.03644944 -0.00413116
v -0.02206118 0.03644944 -0.00413116
v -0.02205849 0.04070064 0.06902128
v -0.02093904 0.04070064 0.06902128
v -0.02401954 0.04148290 0.06902937
v -0.02402763 0.03723440 -0.00412846
v -0.02550584 0.03861280 -0.00412846
v -0.02550584 0.03861280 -0.00412846
v -0.02550314 0.04286400 0.06903207
v -0.02401954 0.04148290 0.06902937
v -0.02803066 0.04579344 0.06901589
v -0.02803066 0.04154225 -0.00414735
v -0.02978401 0.04359771 -0.00416083
v -0.02978401 0.04359771 -0.00416083
v -0.02978132 0.04784621 0.06900510
v -0.02803066 0.04579344 0.06901589
v 0.07257923 0.05504034 -0.24934654
v 0.07337228 0.05403958 -0.25208446
v 0.04827511 0.05405307 -0.25205479
v 0.04827511 0.05405307 -0.25205479
v 0.04769246 0.05505922 -0.24923325
v 0.07257923 0.05504034 -0.24934654
v 0.04671058 0.05493784 -0.24647105
v 0.04481966 0.05421492 -0.24355239
v 0.06867331 0.05421492 -0.24354430
v 0.06867331 0.05421492 -0.24354430
v 0.07124399 0.05494863 -0.24654658
v 0.04671058 0.05493784 -0.24647105
v 0.03475004 0.05505922 -0.24923325
v 0.03522210 0.05405307 -0.25205479
v 0.01665008 0.05405307 -0.25205479
v 0.01665008 0.05405307 -0.25205479
v 0.01633178 0.05505922 -0.24923325
v 0.03475004 0.05505922 -0.24923325
v 0.01579498 0.05493784 -0.24647105
v 0.01476185 0.05421492 -0.24355239
v 0.03241404 0.05421492 -0.24355239
v 0.03241404 0.05421492 -0.24355239
v 0.03395159 0.05493784 -0.24647105
v 0.01579498 0.05493784 -0.24647105
v 0.00338936 0.05505922 -0.24923325
v 0.00359976 0.05405307 -0.25205479
v -0.01497226 0.05405307 -0.25205479
v -0.01497226 0.05405307 -0.25205479
v -0.01502890 0.05505922 -0.24923325
v 0.00338936 0.05505922 -0.24923325
v -0.01512062 0.05493784 -0.24647105
v -0.01529595 0.05421492 -0.24355239
v 0.00235623 0.05421492 -0.24355239
v 0.00235623 0.05421492 -0.24355239
v 0.00303599 0.05493784 -0.24647105
v -0.01512062 0.05493784 -0.24647105
v -0.02802527 0.05405307 -0.25205479
v -0.04659729 0.05405307 -0.25205479
v -0.04638689 0.05505922 -0.24923325
v -0.04638689 0.05505922 -0.24923325
v -0.02797132 0.05505922 -0.24923325
v -0.02802527 0.05405307 -0.25205479
v -0.04535376 0.05421492 -0.24355239
v -0.02770157 0.05421492 -0.24355239
v -0.02787961 0.05493784 -0.24647105
v -0.02787961 0.05493784 -0.24647105
v -0.04603352 0.05493784 -0.24647105
v -0.04535376 0.05421492 -0.24355239
v -0.05964760 0.05405307 -0.25205479
v -0.07821962 0.05405307 -0.25205479
v -0.07774757 0.05505922 -0.24923325
v -0.07774757 0.05505922 -0.24923325
v -0.05932930 0.05505922 -0.24923325
v -0.05964760 0.05405307 -0.25205479
v -0.07541157 0.05421492 -0.24355239
v -0.05775938 0.05421492 -0.24355239
v -0.05879251 0.05493784 -0.24647105
v -0.05879251 0.05493784 -0.24647105
v -0.07694912 0.05493784 -0.24647105
v -0.07541157 0.05421492 -0.24355239
v -0.09127264 0.05405307 -0.25205479
v -0.11636981 0.05403958 -0.25208446
v -0.11557676 0.05504034 -0.24934654
v -0.11557676 0.05504034 -0.24934654
v -0.09068998 0.05505922 -0.24923325
v -0.09127264 0.05405307 -0.25205479
v -0.11167083 0.05421492 -0.24354430
v -0.08781719 0.05421492 -0.24355239
v -0.08970811 0.05493784 -0.24647105
v -0.08970811 0.05493784 -0.24647105
v -0.11424421 0.05494863 -0.24654658
v -0.11167083 0.05421492 -0.24354430
v 0.04769246 0.05505922 -0.24923325
v 0.04827511 0.05405307 -0.25205479
v 0.03522210 0.05405307 -0.25205479
v 0.03522210 0.05405307 -0.25205479
v 0.03475004 0.05505922 -0.24923325
v 0.04769246 0.05505922 -0.24923325
v 0.03395159 0.05493784 -0.24647105
v 0.03241404 0.05421492 -0.24355239
v 0.04481966 0.05421492 -0.24355239
v 0.04481966 0.05421492 -0.24355239
v 0.04671058 0.05493784 -0.24647105
v 0.03395159 0.05493784 -0.24647105
v 0.01633178 0.05505922 -0.24923325
v 0.01665008 0.05405307 -0.25205479
v 0.00359976 0.05405307 -0.25205479
v 0.00359976 0.05405307 -0.25205479
v 0.00338936 0.05505922 -0.24923325
v 0.01633178 0.05505922 -0.24923325
v 0.00303599 0.05493784 -0.24647105
v 0.00235623 0.05421492 -0.24355239
v 0.01476185 0.05421492 -0.24355239
v 0.01476185 0.05421492 -0.24355239
v 0.01579498 0.05493784 -0.24647105
v 0.00303599 0.05493784 -0.24647105
v -0.01502890 0.05505922 -0.24923325
v -0.01497226 0.05405307 -0.25205479
v -0.02802527 0.05405307 -0.25205479
v -0.02802527 0.05405307 -0.25205479
v -0.02797132 0.05505922 -0.24923325
v -0.01502890 0.05505922 -0.24923325
v -0.02787961 0.05493784 -0.24647105
v -0.02770157 0.05421492 -0.24355239
v -0.01529595 0.05421492 -0.24355239
v -0.01529595 0.05421492 -0.24355239
v -0.01512062 0.05493784 -0.24647105
v -0.02787961 0.05493784 -0.24647105
v -0.04659729 0.05405307 -0.25205479
v -0.05964760 0.05405307 -0.25205479
v -0.05932930 0.05505922 -0.24923325
v -0.05932930 0.05505922 -0.24923325
v -0.04638689 0.05505922 -0.24923325
v -0.04659729 0.05405307 -0.25205479
v -0.05775938 0.05421492 -0.24355239
v -0.04535376 0.05421492 -0.24355239
v -0.04603352 0.05493784 -0.24647105
v -0.04603352 0.05493784 -0.24647105
v -0.05879251 0.05493784 -0.24647105
v -0.05775938 0.05421492 -0.24355239
v -0.07821962 0.05405307 -0.25205479
v -0.09127264 0.05405307 -0.25205479
v -0.09068998 0.05505922 -0.24923325
v -0.09068998 0.05505922 -0.24923325
v -0.07774757 0.05505922 -0.24923325
v -0.07821962 0.05405307 -0.25205479
v -0.08781719 0.05421492 -0.24355239
v -0.07541157 0.05421492 -0.24355239
v -0.07694912 0.05493784 -0.24647105
v -0.07694912 0.05493784 -0.24647105
v -0.08970811 0.05493784 -0.24647105
v -0.08781719 0.05421492 -0.24355239
v 0.05398833 -0.06271192 -0.41555599
v 0.05398833 0.03109498 -0.28158659
v 0.05398833 0.03263793 -0.28266827
v 0.05398833 -0.06116897 -0.41663767
v 0.07464279 0.03109498 -0.28158659
v 0.08114097 -0.06271192 -0.41555599
v 0.08114097 -0.06116897 -0.41663767
v 0.08114097 -0.06116897 -0.41663767
v 0.07464279 0.03263793 -0.28266827
v 0.07464279 0.03109498 -0.28158659
v 0.01977374 -0.06271192 -0.41555599
v 0.01977374 0.03109498 -0.28158659
v 0.01977374 0.03263793 -0.28266827
v 0.01977374 0.03263793 -0.28266827
v 0.01977374 -0.06116897 -0.41663767
v 0.01977374 -0.06271192 -0.41555599
v 0.03986712 0.03109498 -0.28158659
v 0.03986712 -0.06271192 -0.41555599
v 0.03986712 -0.06116897 -0.41663767
v 0.03986712 -0.06116897 -0.41663767
v 0.03986712 0.03263793 -0.28266827
v 0.03986712 0.03109498 -0.28158659
v -0.01443816 -0.06271192 -0.41555599
v -0.01443816 0.03109498 -0.28158659
v -0.01443816 0.03263793 -0.28266827
v -0.01443816 0.03263793 -0.28266827
v -0.01443816 -0.06116897 -0.41663767
v -0.01443816 -0.06271192 -0.41555599
v 0.00565523 0.03109498 -0.28158659
v 0.00565523 -0.06271192 -0.41555599
v 0.00565523 -0.06116897 -0.41663767
v 0.00565523 -0.06116897 -0.41663767
v 0.00565523 0.03263793 -0.28266827
v 0.00565523 0.03109498 -0.28158659
v -0.04865275 -0.06271192 -0.41555599
v -0.04865275 0.03109498 -0.28158659
v -0.04865275 0.03263793 -0.28266827
v -0.04865275 0.03263793 -0.28266827
v -0.04865275 -0.06116897 -0.41663767
v -0.04865275 -0.06271192 -0.41555599
v -0.02855937 0.03109498 -0.28158659
v -0.02855937 -0.06271192 -0.41555599
v -0.02855937 -0.06116897 -0.41663767
v -0.02855937 -0.06116897 -0.41663767
v -0.02855937 0.03263793 -0.28266827
v -0.02855937 0.03109498 -0.28158659
v -0.08286735 -0.06271192 -0.41555599
v -0.08286735 0.03109498 -0.28158659
v -0.08286735 0.03263793 -0.28266827
v -0.08286735 0.03263793 -0.28266827
v -0.08286735 -0.06116897 -0.41663767
v -0.08286735 -0.06271192 -0.41555599
v -0.06277396 0.03109498 -0.28158659
v -0.06277396 -0.06271192 -0.41555599
v -0.06277396 -0.06116897 -0.41663767
v -0.06277396 0.03263793 -0.28266827
v -0.12414120 -0.06271192 -0.41555599
v -0.11764301 0.03109498 -0.28158659
v -0.11764301 0.03263793 -0.28266827
v -0.12414120 -0.06116897 -0.41663767
v -0.09698586 0.03109498 -0.28158659
v -0.09698586 0.03109498 -0.28158659
v -0.09698586 -0.06271192 -0.41555599
v -0.09698586 -0.06116897 -0.41663767
v -0.09698586 -0.06116897 -0.41663767
v -0.09698586 0.03263793 -0.28266827
v 0.07337228 0.05238334 -0.25118351
v 0.07464279 0.03544598 -0.27537164
v 0.07464279 0.03698893 -0.27645332
v 0.07464279 0.03698893 -0.27645332
v 0.07337228 0.05403958 -0.25208446
v 0.07337228 0.05238334 -0.25118351
v 0.07171874 -0.08650352 -0.44953320
v 0.05398833 -0.08650352 -0.44953320
v 0.05398833 -0.08496058 -0.45061489
v 0.07171874 -0.08496058 -0.45061489
v 0.08114097 -0.06706562 -0.42177363
v 0.08114097 -0.08109781 -0.44181577
v 0.08114097 -0.07955487 -0.44289475
v 0.08114097 -0.07955487 -0.44289475
v 0.08114097 -0.06551998 -0.42285262
v 0.08114097 -0.06706562 -0.42177363
v 0.03986712 -0.08650352 -0.44953320
v 0.01977374 -0.08650352 -0.44953320
v 0.01977374 -0.08496058 -0.45061489
v 0.03986712 -0.08496058 -0.45061489
v 0.00565523 -0.08650352 -0.44953320
v -0.01443816 -0.08650352 -0.44953320
v -0.01443816 -0.08650352 -0.44953320
v -0.01443816 -0.08496058 -0.45061489
v 0.00565523 -0.08496058 -0.45061489
v -0.02855937 -0.08650352 -0.44953320
v -0.02855937 -0.08650352 -0.44953320
v -0.04865275 -0.08650352 -0.44953320
v -0.04865275 -0.08496058 -0.45061489
v -0.02855937 -0.08496058 -0.45061489
v -0.02855937 -0.08496058 -0.45061489
v -0.06277396 -0.08650352 -0.44953320
v -0.08286735 -0.08650352 -0.44953320
v -0.08286735 -0.08496058 -0.45061489
v -0.06277396 -0.08496058 -0.45061489
v -0.11764301 0.03544598 -0.27537164
v -0.11636981 0.05238334 -0.25118351
v -0.11636981 0.05403958 -0.25208446
v -0.11636981 0.05403958 -0.25208446
v -0.11764301 0.03698893 -0.27645332
v -0.11764301 0.03544598 -0.27537164
v -0.09698586 -0.08650352 -0.44953320
v -0.11471627 -0.08650352 -0.44953320
v -0.11471627 -0.08496058 -0.45061489
v -0.09698586 -0.08496058 -0.45061489
v -0.12414120 -0.08109781 -0.44181577
v -0.12414120 -0.06706562 -0.42177363
v -0.12414120 -0.06551998 -0.42285262
v -0.12414120 -0.07955487 -0.44289475
v 0.04497881 -0.06706562 -0.42177363
v 0.04887664 -0.06706562 -0.42177363
v 0.04887664 -0.06551998 -0.42285262
v 0.04497881 -0.06551998 -0.42285262
v 0.04887664 0.03544598 -0.27537164
v 0.04497881 0.03544598 -0.27537164
v 0.04497881 0.03698893 -0.27645332
v 0.04887664 0.03698893 -0.27645332
v 0.01977374 -0.08650352 -0.44953320
v 0.00565523 -0.08650352 -0.44953320
v 0.00565523 -0.08496058 -0.45061489
v 0.01977374 -0.08496058 -0.45061489
v 0.01084514 -0.06706562 -0.42177363
v 0.01458382 -0.06706562 -0.42177363
v 0.01458382 -0.06551998 -0.42285262
v 0.01084514 -0.06551998 -0.42285262
v 0.01458382 0.03544598 -0.27537164
v 0.01084514 0.03544598 -0.27537164
v 0.01084514 0.03698893 -0.27645332
v 0.01458382 0.03698893 -0.27645332
v -0.02362841 -0.06706562 -0.42177363
v -0.01936912 -0.06706562 -0.42177363
v -0.01936912 -0.06551998 -0.42285262
v -0.02362841 -0.06551998 -0.42285262
v -0.01936912 0.03544598 -0.27537164
v -0.02362841 0.03544598 -0.27537164
v -0.02362841 0.03698893 -0.27645332
v -0.01936912 0.03698893 -0.27645332
v -0.04865275 -0.08650352 -0.44953320
v -0.06277396 -0.08650352 -0.44953320
v -0.06277396 -0.08496058 -0.45061489
v -0.04865275 -0.08496058 -0.45061489
v -0.05796978 -0.06706562 -0.42177363
v -0.05345423 -0.06706562 -0.42177363
v -0.05345423 -0.06551998 -0.42285262
v -0.05796978 -0.06551998 -0.42285262
v -0.05345423 0.03544598 -0.27537164
v -0.05796978 0.03544598 -0.27537164
v -0.05796978 0.03698893 -0.27645332
v -0.05345423 0.03698893 -0.27645332
v -0.09187147 -0.06706562 -0.42177363
v -0.08798173 -0.06706562 -0.42177363
v -0.08798173 -0.06551998 -0.42285262
v -0.08798173 -0.06551998 -0.42285262
v -0.09187147 -0.06551998 -0.42285262
v -0.09187147 -0.06706562 -0.42177363
v -0.08798173 0.03544598 -0.27537164
v -0.09187147 0.03544598 -0.27537164
v -0.09187147 0.03698893 -0.27645332
v -0.09187147 0.03698893 -0.27645332
v -0.08798173 0.03698893 -0.27645332
v -0.08798173 0.03544598 -0.27537164
v 0.05301994 0.03324216 -0.27851958
v 0.04887664 0.03544598 -0.27537164
v 0.04887664 0.03698893 -0.27645332
v 0.04887664 0.03698893 -0.27645332
v 0.05301994 0.03478780 -0.27959856
v 0.05301994 0.03324216 -0.27851958
v 0.07464279 0.03544598 -0.27537164
v 0.07464279 0.03324216 -0.27851958
v 0.07464279 0.03478780 -0.27959856
v 0.07464279 0.03478780 -0.27959856
v 0.07464279 0.03698893 -0.27645332
v 0.07464279 0.03544598 -0.27537164
v 0.08114097 -0.06486180 -0.41862570
v 0.08114097 -0.06706562 -0.42177363
v 0.08114097 -0.06551998 -0.42285262
v 0.08114097 -0.06331615 -0.41970738
v 0.04887664 -0.06706562 -0.42177363
v 0.05301994 -0.06486180 -0.41862570
v 0.05301994 -0.06331615 -0.41970738
v 0.05301994 -0.06331615 -0.41970738
v 0.04887664 -0.06551998 -0.42285262
v 0.04887664 -0.06706562 -0.42177363
v 0.01886739 0.03324216 -0.27851958
v 0.01458382 0.03544598 -0.27537164
v 0.01458382 0.03698893 -0.27645332
v 0.01458382 0.03698893 -0.27645332
v 0.01886739 0.03478780 -0.27959856
v 0.01886739 0.03324216 -0.27851958
v 0.04497881 0.03544598 -0.27537164
v 0.04083551 0.03324216 -0.27851958
v 0.04083551 0.03478780 -0.27959856
v 0.04497881 0.03698893 -0.27645332
v 0.04083551 -0.06486180 -0.41862570
v 0.04497881 -0.06706562 -0.42177363
v 0.04497881 -0.06551998 -0.42285262
v 0.04497881 -0.06551998 -0.42285262
v 0.04083551 -0.06331615 -0.41970738
v 0.04083551 -0.06486180 -0.41862570
v 0.01458382 -0.06706562 -0.42177363
v 0.01886739 -0.06486180 -0.41862570
v 0.01886739 -0.06331615 -0.41970738
v 0.01458382 -0.06551998 -0.42285262
v -0.01513141 0.03324216 -0.27851958
v -0.01936912 0.03544598 -0.27537164
v -0.01936912 0.03698893 -0.27645332
v -0.01513141 0.03478780 -0.27959856
v 0.01084514 0.03544598 -0.27537164
v 0.00656157 0.03324216 -0.27851958
v 0.00656157 0.03478780 -0.27959856
v 0.00656157 0.03478780 -0.27959856
v 0.01084514 0.03698893 -0.27645332
v 0.01084514 0.03544598 -0.27537164
v 0.00656157 -0.06486180 -0.41862570
v 0.01084514 -0.06706562 -0.42177363
v 0.01084514 -0.06551998 -0.42285262
v 0.00656157 -0.06331615 -0.41970738
v -0.01936912 -0.06706562 -0.42177363
v -0.01513141 -0.06486180 -0.41862570
v -0.01513141 -0.06331615 -0.41970738
v -0.01513141 -0.06331615 -0.41970738
v -0.01936912 -0.06551998 -0.42285262
v -0.01936912 -0.06706562 -0.42177363
v -0.04956989 0.03324216 -0.27851958
v -0.05345423 0.03544598 -0.27537164
v -0.05345423 0.03698893 -0.27645332
v -0.04956989 0.03478780 -0.27959856
v -0.02362841 0.03544598 -0.27537164
v -0.02786612 0.03324216 -0.27851958
v -0.02786612 0.03478780 -0.27959856
v -0.02362841 0.03698893 -0.27645332
v -0.02786612 -0.06486180 -0.41862570
v -0.02362841 -0.06706562 -0.42177363
v -0.02362841 -0.06551998 -0.42285262
v -0.02362841 -0.06551998 -0.42285262
v -0.02786612 -0.06331615 -0.41970738
v -0.02786612 -0.06486180 -0.41862570
v -0.05345423 -0.06706562 -0.42177363
v -0.04956989 -0.06486180 -0.41862570
v -0.04956989 -0.06331615 -0.41970738
v -0.05345423 -0.06551998 -0.42285262
v -0.08388968 0.03324216 -0.27851958
v -0.08798173 0.03544598 -0.27537164
v -0.08798173 0.03698893 -0.27645332
v -0.08388968 0.03478780 -0.27959856
v -0.05796978 0.03544598 -0.27537164
v -0.06185682 0.03324216 -0.27851958
v -0.06185682 0.03478780 -0.27959856
v -0.05796978 0.03698893 -0.27645332
v -0.06185682 -0.06486180 -0.41862570
v -0.05796978 -0.06706562 -0.42177363
v -0.05796978 -0.06551998 -0.42285262
v -0.06185682 -0.06331615 -0.41970738
v -0.08798173 -0.06706562 -0.42177363
v -0.08388968 -0.06486180 -0.41862570
v -0.08388968 -0.06331885 -0.41970738
v -0.08388968 -0.06331885 -0.41970738
v -0.08798173 -0.06551998 -0.42285262
v -0.08798173 -0.06706562 -0.42177363
v -0.11764301 0.03324216 -0.27851958
v -0.11764301 0.03544598 -0.27537164
v -0.11764301 0.03698893 -0.27645332
v -0.11764301 0.03478780 -0.27959856
v -0.09187147 0.03544598 -0.27537164
v -0.09596352 0.03324216 -0.27851958
v -0.09596352 0.03478780 -0.27959856
v -0.09596352 0.03478780 -0.27959856
v -0.09187147 0.03698893 -0.27645332
v -0.09187147 0.03544598 -0.27537164
v -0.09596352 -0.06486180 -0.41862570
v -0.09187147 -0.06706562 -0.42177363
v -0.09187147 -0.06551998 -0.42285262
v -0.09187147 -0.06551998 -0.42285262
v -0.09596352 -0.06331885 -0.41970738
v -0.09596352 -0.06486180 -0.41862570
v -0.12414120 -0.06706562 -0.42177363
v -0.12414120 -0.06486180 -0.41862570
v -0.12414120 -0.06331885 -0.41970738
v -0.12414120 -0.06331885 -0.41970738
v -0.12414120 -0.06551998 -0.42285262
v -0.12414120 -0.06706562 -0.42177363
v 0.05398833 0.03109498 -0.28158659
v 0.05301994 0.03324216 -0.27851958
v 0.05301994 0.03478780 -0.27959856
v 0.05301994 0.03478780 -0.27959856
v 0.05398833 0.03263793 -0.28266827
v 0.05398833 0.03109498 -0.28158659
v 0.07464279 0.03324216 -0.27851958
v 0.07464279 0.03109498 -0.28158659
v 0.07464279 0.03263793 -0.28266827
v 0.07464279 0.03263793 -0.28266827
v 0.07464279 0.03478780 -0.27959856
v 0.07464279 0.03324216 -0.27851958
v 0.08114097 -0.06271192 -0.41555599
v 0.08114097 -0.06486180 -0.41862570
v 0.08114097 -0.06331615 -0.41970738
v 0.08114097 -0.06331615 -0.41970738
v 0.08114097 -0.06116897 -0.41663767
v 0.08114097 -0.06271192 -0.41555599
v 0.05301994 -0.06486180 -0.41862570
v 0.05398833 -0.06271192 -0.41555599
v 0.05398833 -0.06116897 -0.41663767
v 0.05398833 -0.06116897 -0.41663767
v 0.05301994 -0.06331615 -0.41970738
v 0.05301994 -0.06486180 -0.41862570
v 0.01977374 0.03109498 -0.28158659
v 0.01886739 0.03324216 -0.27851958
v 0.01886739 0.03478780 -0.27959856
v 0.01886739 0.03478780 -0.27959856
v 0.01977374 0.03263793 -0.28266827
v 0.01977374 0.03109498 -0.28158659
v 0.04083551 0.03324216 -0.27851958
v 0.03986712 0.03109498 -0.28158659
v 0.03986712 0.03263793 -0.28266827
v 0.04083551 0.03478780 -0.27959856
v 0.03986712 -0.06271192 -0.41555599
v 0.04083551 -0.06486180 -0.41862570
v 0.04083551 -0.06331615 -0.41970738
v 0.03986712 -0.06116897 -0.41663767
v 0.01886739 -0.06486180 -0.41862570
v 0.01977374 -0.06271192 -0.41555599
v 0.01977374 -0.06116897 -0.41663767
v 0.01977374 -0.06116897 -0.41663767
v 0.01886739 -0.06331615 -0.41970738
v 0.01886739 -0.06486180 -0.41862570
v -0.01443816 0.03109498 -0.28158659
v -0.01513141 0.03324216 -0.27851958
v -0.01513141 0.03478780 -0.27959856
v -0.01513141 0.03478780 -0.27959856
v -0.01443816 0.03263793 -0.28266827
v -0.01443816 0.03109498 -0.28158659
v 0.00656157 0.03324216 -0.27851958
v 0.00565523 0.03109498 -0.28158659
v 0.00565523 0.03263793 -0.28266827
v 0.00565523 0.03263793 -0.28266827
v 0.00656157 0.03478780 -0.27959856
v 0.00656157 0.03324216 -0.27851958
v 0.00565523 -0.06271192 -0.41555599
v 0.00656157 -0.06486180 -0.41862570
v 0.00656157 -0.06331615 -0.41970738
v 0.00656157 -0.06331615 -0.41970738
v 0.00565523 -0.06116897 -0.41663767
v 0.00565523 -0.06271192 -0.41555599
v -0.01513141 -0.06486180 -0.41862570
v -0.01443816 -0.06271192 -0.41555599
v -0.01443816 -0.06116897 -0.41663767
v -0.01443816 -0.06116897 -0.41663767
v -0.01513141 -0.06331615 -0.41970738
v -0.01513141 -0.06486180 -0.41862570
v -0.04865275 0.03109498 -0.28158659
v -0.04956989 0.03324216 -0.27851958
v -0.04956989 0.03478780 -0.27959856
v -0.04956989 0.03478780 -0.27959856
v -0.04865275 0.03263793 -0.28266827
v -0.04865275 0.03109498 -0.28158659
v -0.02786612 0.03324216 -0.27851958
v -0.02855937 0.03109498 -0.28158659
v -0.02855937 0.03263793 -0.28266827
v -0.02855937 0.03263793 -0.28266827
v -0.02786612 0.03478780 -0.27959856
v -0.02786612 0.03324216 -0.27851958
v -0.02855937 -0.06271192 -0.41555599
v -0.02786612 -0.06486180 -0.41862570
v -0.02786612 -0.06331615 -0.41970738
v -0.02786612 -0.06331615 -0.41970738
v -0.02855937 -0.06116897 -0.41663767
v -0.02855937 -0.06271192 -0.41555599
v -0.04956989 -0.06486180 -0.41862570
v -0.04865275 -0.06271192 -0.41555599
v -0.04865275 -0.06116897 -0.41663767
v -0.04865275 -0.06116897 -0.41663767
v -0.04956989 -0.06331615 -0.41970738
v -0.04956989 -0.06486180 -0.41862570
v -0.08286735 0.03109498 -0.28158659
v -0.08388968 0.03324216 -0.27851958
v -0.08388968 0.03478780 -0.27959856
v -0.08388968 0.03478780 -0.27959856
v -0.08286735 0.03263793 -0.28266827
v -0.08286735 0.03109498 -0.28158659
v -0.06185682 0.03324216 -0.27851958
v -0.06277396 0.03109498 -0.28158659
v -0.06277396 0.03263793 -0.28266827
v -0.06185682 0.03478780 -0.27959856
v -0.06277396 -0.06271192 -0.41555599
v -0.06185682 -0.06486180 -0.41862570
v -0.06185682 -0.06331615 -0.41970738
v -0.06277396 -0.06116897 -0.41663767
v -0.08388968 -0.06486180 -0.41862570
v -0.08286735 -0.06271192 -0.41555599
v -0.08286735 -0.06116897 -0.41663767
v -0.08286735 -0.06116897 -0.41663767
v -0.08388968 -0.06331885 -0.41970738
v -0.08388968 -0.06486180 -0.41862570
v -0.11764301 0.03109498 -0.28158659
v -0.11764301 0.03324216 -0.27851958
v -0.11764301 0.03478780 -0.27959856
v -0.11764301 0.03263793 -0.28266827
v -0.09596352 0.03324216 -0.27851958
v -0.09698586 0.03109498 -0.28158659
v -0.09698586 0.03263793 -0.28266827
v -0.09596352 0.03478780 -0.27959856
v -0.09698586 -0.06271192 -0.41555599
v -0.09596352 -0.06486180 -0.41862570
v -0.09596352 -0.06331885 -0.41970738
v -0.09698586 -0.06116897 -0.41663767
v -0.12414120 -0.06486180 -0.41862570
v -0.12414120 -0.06271192 -0.41555599
v -0.12414120 -0.06116897 -0.41663767
v -0.12414120 -0.06116897 -0.41663767
v -0.12414120 -0.06331885 -0.41970738
v -0.12414120 -0.06486180 -0.41862570
v 0.03555388 0.04903040 -0.22603778
v 0.05111553 0.05002306 -0.23210437
v 0.05111553 0.05188161 -0.23180225
v 0.05111553 0.05188161 -0.23180225
v 0.03555388 0.05089165 -0.22573567
v 0.03555388 0.04903040 -0.22603778
v -0.09411576 0.05002306 -0.23210437
v -0.07855141 0.04903040 -0.22603778
v -0.07855141 0.05089165 -0.22573567
v -0.07855141 0.05089165 -0.22573567
v -0.09411576 0.05188161 -0.23180225
v -0.09411576 0.05002306 -0.23210437
v -0.00818275 0.04600924 -0.20679140
v -0.00818275 0.04605510 -0.20783801
v -0.00818275 0.04792714 -0.20761682
v -0.00818275 0.04792714 -0.20761682
v -0.00818275 0.04789207 -0.20669699
v -0.00818275 0.04600924 -0.20679140
v -0.03481478 0.04605510 -0.20783801
v -0.03481478 0.04600924 -0.20679140
v -0.03477971 0.04788937 -0.20664843
v -0.03477971 0.04788937 -0.20664843
v -0.03481478 0.04792714 -0.20761682
v -0.03481478 0.04605510 -0.20783801
v -0.00152002 0.04655143 -0.21087266
v 0.00532883 0.04704776 -0.21390460
v 0.00532883 0.04890631 -0.21360249
v 0.00532883 0.04890631 -0.21360249
v -0.00152002 0.04840998 -0.21056784
v -0.00152002 0.04655143 -0.21087266
v 0.00532883 0.04704776 -0.21390460
v 0.01983578 0.04803773 -0.21997119
v 0.01983578 0.04989898 -0.21966908
v 0.01983578 0.04989898 -0.21966908
v 0.00532883 0.04890631 -0.21360249
v 0.00532883 0.04704776 -0.21390460
v 0.01983578 0.04803773 -0.21997119
v 0.03555388 0.04903040 -0.22603778
v 0.03555388 0.05089165 -0.22573567
v 0.03555388 0.05089165 -0.22573567
v 0.01983578 0.04989898 -0.21966908
v 0.01983578 0.04803773 -0.21997119
v 0.07124399 0.05307389 -0.24675158
v 0.07257923 0.05319528 -0.24895811
v 0.07257923 0.05504034 -0.24934654
v 0.07257923 0.05504034 -0.24934654
v 0.07124399 0.05494863 -0.24654658
v 0.07124399 0.05307389 -0.24675158
v 0.06168149 0.05101303 -0.23817366
v 0.06867331 0.05238334 -0.24399748
v 0.06867331 0.05421492 -0.24354430
v 0.06867331 0.05421492 -0.24354430
v 0.06168149 0.05285540 -0.23776364
v 0.06168149 0.05101303 -0.23817366
v 0.05111553 0.05002306 -0.23210437
v 0.06168149 0.05101303 -0.23817366
v 0.06168149 0.05285540 -0.23776364
v 0.06168149 0.05285540 -0.23776364
v 0.05111553 0.05188161 -0.23180225
v 0.05111553 0.05002306 -0.23210437
v -0.04832636 0.04704776 -0.21390460
v -0.04147751 0.04655143 -0.21087266
v -0.04147751 0.04840998 -0.21056784
v -0.04147751 0.04840998 -0.21056784
v -0.04832636 0.04890631 -0.21360249
v -0.04832636 0.04704776 -0.21390460
v -0.06283331 0.04803773 -0.21997119
v -0.04832636 0.04704776 -0.21390460
v -0.04832636 0.04890631 -0.21360249
v -0.04832636 0.04890631 -0.21360249
v -0.06283331 0.04989898 -0.21966908
v -0.06283331 0.04803773 -0.21997119
v -0.07855141 0.04903040 -0.22603778
v -0.06283331 0.04803773 -0.21997119
v -0.06283331 0.04989898 -0.21966908
v -0.06283331 0.04989898 -0.21966908
v -0.07855141 0.05089165 -0.22573567
v -0.07855141 0.04903040 -0.22603778
v -0.11557676 0.05319528 -0.24895811
v -0.11424421 0.05307389 -0.24675158
v -0.11424421 0.05494863 -0.24654658
v -0.11424421 0.05494863 -0.24654658
v -0.11557676 0.05504034 -0.24934654
v -0.11557676 0.05319528 -0.24895811
v -0.11167083 0.05238334 -0.24399748
v -0.10468171 0.05101303 -0.23817096
v -0.10468171 0.05285540 -0.23776364
v -0.10468171 0.05285540 -0.23776364
v -0.11167083 0.05421492 -0.24354430
v -0.11167083 0.05238334 -0.24399748
v -0.10468171 0.05101303 -0.23817096
v -0.09411576 0.05002306 -0.23210437
v -0.09411576 0.05188161 -0.23180225
v -0.09411576 0.05188161 -0.23180225
v -0.10468171 0.05285540 -0.23776364
v -0.10468171 0.05101303 -0.23817096
v -0.00818275 0.04605510 -0.20783801
v -0.00152002 0.04655143 -0.21087266
v -0.00152002 0.04840998 -0.21056784
v -0.00152002 0.04840998 -0.21056784
v -0.00818275 0.04792714 -0.20761682
v -0.00818275 0.04605510 -0.20783801
v -0.04147751 0.04655143 -0.21087266
v -0.03481478 0.04605510 -0.20783801
v -0.03481478 0.04792714 -0.20761682
v -0.03481478 0.04792714 -0.20761682
v -0.04147751 0.04840998 -0.21056784
v -0.04147751 0.04655143 -0.21087266
v -0.00977155 0.04252142 -0.10381043
v -0.00977155 0.04416688 -0.17287083
v -0.01110949 0.04549133 -0.17274674
v -0.01110949 0.04549133 -0.17274674
v -0.01120660 0.04374337 -0.10379695
v -0.00977155 0.04252142 -0.10381043
v -0.03322597 0.04416688 -0.17287083
v -0.03322597 0.04252142 -0.10381043
v -0.03179632 0.04374877 -0.10379425
v -0.03179632 0.04374877 -0.10379425
v -0.03173967 0.04532678 -0.17287352
v -0.03322597 0.04416688 -0.17287083
v -0.00977155 0.04542389 -0.00413656
v -0.00977155 0.04252142 -0.10381043
v -0.01120660 0.04374337 -0.10379695
v -0.01120660 0.04374337 -0.10379695
v -0.01134957 0.04645702 -0.00417972
v -0.00977155 0.04542389 -0.00413656
v -0.03322597 0.04252142 -0.10381043
v -0.03322597 0.04542389 -0.00413656
v -0.03164796 0.04645432 -0.00418241
v -0.03164796 0.04645432 -0.00418241
v -0.03179632 0.04374877 -0.10379425
v -0.03322597 0.04252142 -0.10381043
v -0.00977155 0.04416688 -0.17287083
v -0.00818275 0.04600924 -0.20679140
v -0.00818275 0.04789207 -0.20669699
v -0.00818275 0.04789207 -0.20669699
v -0.01110949 0.04549133 -0.17274674
v -0.00977155 0.04416688 -0.17287083
v -0.03481478 0.04600924 -0.20679140
v -0.03322597 0.04416688 -0.17287083
v -0.03173967 0.04532678 -0.17287352
v -0.03173967 0.04532678 -0.17287352
v -0.03477971 0.04788937 -0.20664843
v -0.03481478 0.04600924 -0.20679140
v -0.00977155 0.04967779 0.06904825
v -0.00977155 0.04542389 -0.00413656
v -0.01134957 0.04645702 -0.00417972
v -0.01134957 0.04645702 -0.00417972
v -0.01134957 0.05070822 0.06898891
v -0.00977155 0.04967779 0.06904825
v -0.03322597 0.04542389 -0.00413656
v -0.03322597 0.04967779 0.06904825
v -0.03164796 0.05070822 0.06898891
v -0.03164796 0.05070822 0.06898891
v -0.03164796 0.04645432 -0.00418241
v -0.03322597 0.04542389 -0.00413656
v 0.07257923 0.05319528 -0.24895811
v 0.07337228 0.05238334 -0.25118351
v 0.07337228 0.05403958 -0.25208446
v 0.07337228 0.05403958 -0.25208446
v 0.07257923 0.05504034 -0.24934654
v 0.07257923 0.05319528 -0.24895811
v 0.06867331 0.05238334 -0.24399748
v 0.07124399 0.05307389 -0.24675158
v 0.07124399 0.05494863 -0.24654658
v 0.07124399 0.05494863 -0.24654658
v 0.06867331 0.05421492 -0.24354430
v 0.06867331 0.05238334 -0.24399748
v -0.11636981 0.05238334 -0.25118351
v -0.11557676 0.05319528 -0.24895811
v -0.11557676 0.05504034 -0.24934654
v -0.11557676 0.05504034 -0.24934654
v -0.11636981 0.05403958 -0.25208446
v -0.11636981 0.05238334 -0.25118351
v -0.11424421 0.05307389 -0.24675158
v -0.11167083 0.05238334 -0.24399748
v -0.11167083 0.05421492 -0.24354430
v -0.11167083 0.05421492 -0.24354430
v -0.11424421 0.05494863 -0.24654658
v -0.11424421 0.05307389 -0.24675158
v 0.07171874 -0.08496058 -0.45061489
v 0.07584046 -0.08462070 -0.45013204
v 0.07584046 -0.08616634 -0.44905036
v 0.07584046 -0.08616634 -0.44905036
v 0.07171874 -0.08650352 -0.44953320
v 0.07171874 -0.08496058 -0.45061489
v -0.11471627 -0.08650352 -0.44953320
v -0.11883799 -0.08616634 -0.44905036
v -0.11883799 -0.08462070 -0.45013204
v -0.11471627 -0.08496058 -0.45061489
v 0.07584046 -0.08462070 -0.45013204
v 0.07878609 -0.08360915 -0.44868620
v 0.07878609 -0.08515210 -0.44760452
v 0.07878609 -0.08515210 -0.44760452
v 0.07584046 -0.08616634 -0.44905036
v 0.07584046 -0.08462070 -0.45013204
v 0.07878609 -0.08360915 -0.44868620
v 0.08055293 -0.08192054 -0.44627197
v 0.08055293 -0.08346349 -0.44519299
v 0.08055293 -0.08346349 -0.44519299
v 0.07878609 -0.08515210 -0.44760452
v 0.07878609 -0.08360915 -0.44868620
v 0.08055293 -0.08192054 -0.44627197
v 0.08114097 -0.07955487 -0.44289475
v 0.08114097 -0.08109781 -0.44181577
v 0.08114097 -0.08109781 -0.44181577
v 0.08055293 -0.08346349 -0.44519299
v 0.08055293 -0.08192054 -0.44627197
v -0.11883799 -0.08616634 -0.44905036
v -0.12178362 -0.08515210 -0.44760452
v -0.12178362 -0.08360915 -0.44868620
v -0.12178362 -0.08360915 -0.44868620
v -0.11883799 -0.08462070 -0.45013204
v -0.11883799 -0.08616634 -0.44905036
v -0.12178362 -0.08515210 -0.44760452
v -0.12355045 -0.08346349 -0.44519299
v -0.12355045 -0.08192054 -0.44627197
v -0.12355045 -0.08192054 -0.44627197
v -0.12178362 -0.08360915 -0.44868620
v -0.12178362 -0.08515210 -0.44760452
v -0.12355045 -0.08346349 -0.44519299
v -0.12414120 -0.08109781 -0.44181577
v -0.12414120 -0.07955487 -0.44289475
v -0.12414120 -0.07955487 -0.44289475
v -0.12355045 -0.08192054 -0.44627197
v -0.12355045 -0.08346349 -0.44519299
v 0.01673909 -0.08349046 -0.44523075
v 0.04285861 -0.08349046 -0.44523075
v 0.04311217 -0.08112479 -0.44185353
v 0.04311217 -0.08112479 -0.44185353
v 0.01648014 -0.08112479 -0.44185353
v 0.01673909 -0.08349046 -0.44523075
v 0.01717878 -0.08514131 -0.44759103
v 0.04242432 -0.08514131 -0.44759103
v 0.04285861 -0.08349046 -0.44523075
v 0.04285861 -0.08349046 -0.44523075
v 0.01673909 -0.08349046 -0.44523075
v 0.01717878 -0.08514131 -0.44759103
v 0.04199002 -0.08608542 -0.44893707
v 0.01762116 -0.08608542 -0.44893707
v 0.01977374 -0.08650352 -0.44953320
v 0.01977374 -0.08650352 -0.44953320
v 0.03986712 -0.08650352 -0.44953320
v 0.04199002 -0.08608542 -0.44893707
v -0.01732444 -0.08349046 -0.44523075
v 0.00868987 -0.08349046 -0.44523075
v 0.00894883 -0.08112479 -0.44185353
v 0.00894883 -0.08112479 -0.44185353
v -0.01756991 -0.08112479 -0.44185353
v -0.01732444 -0.08349046 -0.44523075
v -0.01690364 -0.08514131 -0.44759103
v 0.00825018 -0.08514131 -0.44759103
v 0.00868987 -0.08349046 -0.44523075
v 0.00868987 -0.08349046 -0.44523075
v -0.01732444 -0.08349046 -0.44523075
v -0.01690364 -0.08514131 -0.44759103
v 0.00780780 -0.08608542 -0.44893707
v -0.01648553 -0.08608542 -0.44893707
v -0.01443816 -0.08650352 -0.44953320
v -0.01443816 -0.08650352 -0.44953320
v 0.00565523 -0.08650352 -0.44953320
v 0.00780780 -0.08608542 -0.44893707
v -0.05146081 -0.08349046 -0.44523075
v -0.02567308 -0.08349046 -0.44523075
v -0.02542761 -0.08112479 -0.44185353
v -0.02542761 -0.08112479 -0.44185353
v -0.05170088 -0.08112479 -0.44185353
v -0.05146081 -0.08349046 -0.44523075
v -0.05105349 -0.08514131 -0.44759103
v -0.02609389 -0.08514131 -0.44759103
v -0.02567308 -0.08349046 -0.44523075
v -0.02567308 -0.08349046 -0.44523075
v -0.05146081 -0.08349046 -0.44523075
v -0.05105349 -0.08514131 -0.44759103
v -0.02651199 -0.08608542 -0.44893707
v -0.05064618 -0.08608542 -0.44893707
v -0.04865275 -0.08650352 -0.44953320
v -0.04865275 -0.08650352 -0.44953320
v -0.02855937 -0.08650352 -0.44953320
v -0.02651199 -0.08608542 -0.44893707
v -0.08585883 -0.08349046 -0.44523075
v -0.05996321 -0.08349046 -0.44523075
v -0.05972583 -0.08112479 -0.44185353
v -0.05972583 -0.08112479 -0.44185353
v -0.08611239 -0.08112479 -0.44185353
v -0.08585883 -0.08349046 -0.44523075
v -0.08542454 -0.08514131 -0.44759103
v -0.06037322 -0.08514131 -0.44759103
v -0.05996321 -0.08349046 -0.44523075
v -0.05996321 -0.08349046 -0.44523075
v -0.08585883 -0.08349046 -0.44523075
v -0.08542454 -0.08514131 -0.44759103
v -0.06078054 -0.08608542 -0.44893707
v -0.08499025 -0.08608542 -0.44893707
v -0.08286735 -0.08650352 -0.44953320
v -0.08286735 -0.08650352 -0.44953320
v -0.06277396 -0.08650352 -0.44953320
v -0.06078054 -0.08608542 -0.44893707
v 0.04285861 -0.08349046 -0.44523075
v 0.05099685 -0.08349046 -0.44523075
v 0.05074329 -0.08112479 -0.44185353
v 0.05074329 -0.08112479 -0.44185353
v 0.04311217 -0.08112479 -0.44185353
v 0.04285861 -0.08349046 -0.44523075
v 0.04242432 -0.08514131 -0.44759103
v 0.05143114 -0.08514131 -0.44759103
v 0.05099685 -0.08349046 -0.44523075
v 0.05099685 -0.08349046 -0.44523075
v 0.04285861 -0.08349046 -0.44523075
v 0.04242432 -0.08514131 -0.44759103
v 0.05186813 -0.08608542 -0.44893707
v 0.04199002 -0.08608542 -0.44893707
v 0.03986712 -0.08650352 -0.44953320
v 0.03986712 -0.08650352 -0.44953320
v 0.05398833 -0.08650352 -0.44953320
v 0.05186813 -0.08608542 -0.44893707
v 0.00868987 -0.08349046 -0.44523075
v 0.01673909 -0.08349046 -0.44523075
v 0.01648014 -0.08112479 -0.44185353
v 0.01648014 -0.08112479 -0.44185353
v 0.00894883 -0.08112479 -0.44185353
v 0.00868987 -0.08349046 -0.44523075
v 0.00825018 -0.08514131 -0.44759103
v 0.01717878 -0.08514131 -0.44759103
v 0.01673909 -0.08349046 -0.44523075
v 0.01673909 -0.08349046 -0.44523075
v 0.00868987 -0.08349046 -0.44523075
v 0.00825018 -0.08514131 -0.44759103
v 0.01762116 -0.08608542 -0.44893707
v 0.00780780 -0.08608542 -0.44893707
v 0.00565523 -0.08650352 -0.44953320
v 0.00565523 -0.08650352 -0.44953320
v 0.01977374 -0.08650352 -0.44953320
v 0.01762116 -0.08608542 -0.44893707
v -0.02567308 -0.08349046 -0.44523075
v -0.01732444 -0.08349046 -0.44523075
v -0.01756991 -0.08112479 -0.44185353
v -0.01756991 -0.08112479 -0.44185353
v -0.02542761 -0.08112479 -0.44185353
v -0.02567308 -0.08349046 -0.44523075
v -0.02609389 -0.08514131 -0.44759103
v -0.01690364 -0.08514131 -0.44759103
v -0.01732444 -0.08349046 -0.44523075
v -0.01732444 -0.08349046 -0.44523075
v -0.02567308 -0.08349046 -0.44523075
v -0.02609389 -0.08514131 -0.44759103
v -0.01648553 -0.08608542 -0.44893707
v -0.02651199 -0.08608542 -0.44893707
v -0.02855937 -0.08650352 -0.44953320
v -0.02855937 -0.08650352 -0.44953320
v -0.01443816 -0.08650352 -0.44953320
v -0.01648553 -0.08608542 -0.44893707
v -0.05996321 -0.08349046 -0.44523075
v -0.05146081 -0.08349046 -0.44523075
v -0.05170088 -0.08112479 -0.44185353
v -0.05170088 -0.08112479 -0.44185353
v -0.05972583 -0.08112479 -0.44185353
v -0.05996321 -0.08349046 -0.44523075
v -0.06037322 -0.08514131 -0.44759103
v -0.05105349 -0.08514131 -0.44759103
v -0.05146081 -0.08349046 -0.44523075
v -0.05146081 -0.08349046 -0.44523075
v -0.05996321 -0.08349046 -0.44523075
v -0.06037322 -0.08514131 -0.44759103
v -0.05064618 -0.08608542 -0.44893707
v -0.06078054 -0.08608542 -0.44893707
v -0.06277396 -0.08650352 -0.44953320
v -0.06277396 -0.08650352 -0.44953320
v -0.04865275 -0.08650352 -0.44953320
v -0.05064618 -0.08608542 -0.44893707
v -0.09399437 -0.08349046 -0.44523075
v -0.08585883 -0.08349046 -0.44523075
v -0.08611239 -0.08112479 -0.44185353
v -0.08611239 -0.08112479 -0.44185353
v -0.09373811 -0.08112479 -0.44185084
v -0.09399437 -0.08349046 -0.44523075
v -0.09442866 -0.08514131 -0.44759103
v -0.08542454 -0.08514131 -0.44759103
v -0.08585883 -0.08349046 -0.44523075
v -0.08585883 -0.08349046 -0.44523075
v -0.09399437 -0.08349046 -0.44523075
v -0.09442866 -0.08514131 -0.44759103
v -0.08499025 -0.08608542 -0.44893707
v -0.09486296 -0.08608542 -0.44893707
v -0.09698586 -0.08650352 -0.44953320
v -0.09698586 -0.08650352 -0.44953320
v -0.08286735 -0.08650352 -0.44953320
v -0.08499025 -0.08608542 -0.44893707
v 0.01762116 -0.08454247 -0.45001875
v 0.04199002 -0.08454247 -0.45001875
v 0.03986712 -0.08496058 -0.45061489
v 0.03986712 -0.08496058 -0.45061489
v 0.01977374 -0.08496058 -0.45061489
v 0.01762116 -0.08454247 -0.45001875
v 0.01717878 -0.08359836 -0.44867271
v 0.04242432 -0.08359836 -0.44867271
v 0.04199002 -0.08454247 -0.45001875
v 0.04199002 -0.08454247 -0.45001875
v 0.01762116 -0.08454247 -0.45001875
v 0.01717878 -0.08359836 -0.44867271
v 0.04285861 -0.08194751 -0.44631244
v 0.01673909 -0.08194751 -0.44631244
v 0.01648014 -0.07958184 -0.44293252
v 0.01648014 -0.07958184 -0.44293252
v 0.04311217 -0.07958184 -0.44293252
v 0.04285861 -0.08194751 -0.44631244
v -0.01648553 -0.08454247 -0.45001875
v 0.00780780 -0.08454247 -0.45001875
v 0.00565523 -0.08496058 -0.45061489
v 0.00565523 -0.08496058 -0.45061489
v -0.01443816 -0.08496058 -0.45061489
v -0.01648553 -0.08454247 -0.45001875
v -0.01690364 -0.08359836 -0.44867271
v 0.00825018 -0.08359836 -0.44867271
v 0.00780780 -0.08454247 -0.45001875
v 0.00780780 -0.08454247 -0.45001875
v -0.01648553 -0.08454247 -0.45001875
v -0.01690364 -0.08359836 -0.44867271
v 0.00868987 -0.08194751 -0.44631244
v -0.01732444 -0.08194751 -0.44631244
v -0.01756991 -0.07958184 -0.44293252
v -0.01756991 -0.07958184 -0.44293252
v 0.00894883 -0.07958184 -0.44293252
v 0.00868987 -0.08194751 -0.44631244
v -0.05064618 -0.08454247 -0.45001875
v -0.02651199 -0.08454247 -0.45001875
v -0.02855937 -0.08496058 -0.45061489
v -0.02855937 -0.08496058 -0.45061489
v -0.04865275 -0.08496058 -0.45061489
v -0.05064618 -0.08454247 -0.45001875
v -0.05105349 -0.08359836 -0.44867271
v -0.02609389 -0.08359836 -0.44867271
v -0.02651199 -0.08454247 -0.45001875
v -0.02651199 -0.08454247 -0.45001875
v -0.05064618 -0.08454247 -0.45001875
v -0.05105349 -0.08359836 -0.44867271
v -0.02567308 -0.08194751 -0.44631244
v -0.05146081 -0.08194751 -0.44631244
v -0.05170088 -0.07958184 -0.44293252
v -0.05170088 -0.07958184 -0.44293252
v -0.02542761 -0.07958184 -0.44293252
v -0.02567308 -0.08194751 -0.44631244
v -0.08499025 -0.08454247 -0.45001875
v -0.06078054 -0.08454247 -0.45001875
v -0.06277396 -0.08496058 -0.45061489
v -0.06277396 -0.08496058 -0.45061489
v -0.08286735 -0.08496058 -0.45061489
v -0.08499025 -0.08454247 -0.45001875
v -0.08542454 -0.08359836 -0.44867271
v -0.06037322 -0.08359836 -0.44867271
v -0.06078054 -0.08454247 -0.45001875
v -0.06078054 -0.08454247 -0.45001875
v -0.08499025 -0.08454247 -0.45001875
v -0.08542454 -0.08359836 -0.44867271
v -0.05996321 -0.08194751 -0.44631244
v -0.08585883 -0.08194751 -0.44631244
v -0.08611239 -0.07958184 -0.44293252
v -0.08611239 -0.07958184 -0.44293252
v -0.05972583 -0.07958184 -0.44293252
v -0.05996321 -0.08194751 -0.44631244
v 0.04199002 -0.08454247 -0.45001875
v 0.05186813 -0.08454247 -0.45001875
v 0.05398833 -0.08496058 -0.45061489
v 0.05398833 -0.08496058 -0.45061489
v 0.03986712 -0.08496058 -0.45061489
v 0.04199002 -0.08454247 -0.45001875
v 0.04242432 -0.08359836 -0.44867271
v 0.05143114 -0.08359836 -0.44867271
v 0.05186813 -0.08454247 -0.45001875
v 0.05186813 -0.08454247 -0.45001875
v 0.04199002 -0.08454247 -0.45001875
v 0.04242432 -0.08359836 -0.44867271
v 0.05099685 -0.08194751 -0.44631244
v 0.04285861 -0.08194751 -0.44631244
v 0.04311217 -0.07958184 -0.44293252
v 0.04311217 -0.07958184 -0.44293252
v 0.05074329 -0.07958184 -0.44293252
v 0.05099685 -0.08194751 -0.44631244
v 0.00780780 -0.08454247 -0.45001875
v 0.01762116 -0.08454247 -0.45001875
v 0.01977374 -0.08496058 -0.45061489
v 0.01977374 -0.08496058 -0.45061489
v 0.00565523 -0.08496058 -0.45061489
v 0.00780780 -0.08454247 -0.45001875
v 0.00825018 -0.08359836 -0.44867271
v 0.01717878 -0.08359836 -0.44867271
v 0.01762116 -0.08454247 -0.45001875
v 0.01762116 -0.08454247 -0.45001875
v 0.00780780 -0.08454247 -0.45001875
v 0.00825018 -0.08359836 -0.44867271
v 0.01673909 -0.08194751 -0.44631244
v 0.00868987 -0.08194751 -0.44631244
v 0.00894883 -0.07958184 -0.44293252
v 0.00894883 -0.07958184 -0.44293252
v 0.01648014 -0.07958184 -0.44293252
v 0.01673909 -0.08194751 -0.44631244
v -0.02651199 -0.08454247 -0.45001875
v -0.01648553 -0.08454247 -0.45001875
v -0.01443816 -0.08496058 -0.45061489
v -0.01443816 -0.08496058 -0.45061489
v -0.02855937 -0.08496058 -0.45061489
v -0.02651199 -0.08454247 -0.45001875
v -0.02609389 -0.08359836 -0.44867271
v -0.01690364 -0.08359836 -0.44867271
v -0.01648553 -0.08454247 -0.45001875
v -0.01648553 -0.08454247 -0.45001875
v -0.02651199 -0.08454247 -0.45001875
v -0.02609389 -0.08359836 -0.44867271
v -0.01732444 -0.08194751 -0.44631244
v -0.02567308 -0.08194751 -0.44631244
v -0.02542761 -0.07958184 -0.44293252
v -0.02542761 -0.07958184 -0.44293252
v -0.01756991 -0.07958184 -0.44293252
v -0.01732444 -0.08194751 -0.44631244
v -0.06078054 -0.08454247 -0.45001875
v -0.05064618 -0.08454247 -0.45001875
v -0.04865275 -0.08496058 -0.45061489
v -0.04865275 -0.08496058 -0.45061489
v -0.06277396 -0.08496058 -0.45061489
v -0.06078054 -0.08454247 -0.45001875
v -0.06037322 -0.08359836 -0.44867271
v -0.05105349 -0.08359836 -0.44867271
v -0.05064618 -0.08454247 -0.45001875
v -0.05064618 -0.08454247 -0.45001875
v -0.06078054 -0.08454247 -0.45001875
v -0.06037322 -0.08359836 -0.44867271
v -0.05146081 -0.08194751 -0.44631244
v -0.05996321 -0.08194751 -0.44631244
v -0.05972583 -0.07958184 -0.44293252
v -0.05972583 -0.07958184 -0.44293252
v -0.05170088 -0.07958184 -0.44293252
v -0.05146081 -0.08194751 -0.44631244
v -0.09486296 -0.08454247 -0.45001875
v -0.08499025 -0.08454247 -0.45001875
v -0.08286735 -0.08496058 -0.45061489
v -0.08286735 -0.08496058 -0.45061489
v -0.09698586 -0.08496058 -0.45061489
v -0.09486296 -0.08454247 -0.45001875
v -0.09442866 -0.08359836 -0.44867271
v -0.08542454 -0.08359836 -0.44867271
v -0.08499025 -0.08454247 -0.45001875
v -0.08499025 -0.08454247 -0.45001875
v -0.09486296 -0.08454247 -0.45001875
v -0.09442866 -0.08359836 -0.44867271
v -0.08585883 -0.08194751 -0.44631244
v -0.09399437 -0.08194751 -0.44631244
v -0.09373811 -0.07958184 -0.44293252
v -0.09373811 -0.07958184 -0.44293252
v -0.08611239 -0.07958184 -0.44293252
v -0.08585883 -0.08194751 -0.44631244
v 0.05143114 -0.08514131 -0.44759103
v 0.05186813 -0.08608542 -0.44893707
v 0.07584046 -0.08616634 -0.44905036
v 0.07584046 -0.08616634 -0.44905036
v 0.07878609 -0.08515210 -0.44760452
v 0.05143114 -0.08514131 -0.44759103
v 0.05143114 -0.08514131 -0.44759103
v 0.07878609 -0.08515210 -0.44760452
v 0.08055293 -0.08346349 -0.44519299
v 0.08055293 -0.08346349 -0.44519299
v 0.05099685 -0.08349046 -0.44523075
v 0.05143114 -0.08514131 -0.44759103
v 0.05099685 -0.08349046 -0.44523075
v 0.08055293 -0.08346349 -0.44519299
v 0.08114097 -0.08109781 -0.44181577
v 0.08114097 -0.08109781 -0.44181577
v 0.05074329 -0.08112479 -0.44185353
v 0.05099685 -0.08349046 -0.44523075
v -0.09486296 -0.08608542 -0.44893707
v -0.11883799 -0.08616634 -0.44905036
v -0.11471627 -0.08650352 -0.44953320
v -0.11471627 -0.08650352 -0.44953320
v -0.09698586 -0.08650352 -0.44953320
v -0.09486296 -0.08608542 -0.44893707
v -0.09486296 -0.08608542 -0.44893707
v -0.09442866 -0.08514131 -0.44759103
v -0.12178362 -0.08515210 -0.44760452
v -0.12178362 -0.08515210 -0.44760452
v -0.11883799 -0.08616634 -0.44905036
v -0.09486296 -0.08608542 -0.44893707
v -0.09399437 -0.08349046 -0.44523075
v -0.12355045 -0.08346349 -0.44519299
v -0.12178362 -0.08515210 -0.44760452
v -0.12178362 -0.08515210 -0.44760452
v -0.09442866 -0.08514131 -0.44759103
v -0.09399437 -0.08349046 -0.44523075
v -0.11471627 -0.08496058 -0.45061489
v -0.11883799 -0.08462070 -0.45013204
v -0.09486296 -0.08454247 -0.45001875
v -0.09486296 -0.08454247 -0.45001875
v -0.09698586 -0.08496058 -0.45061489
v -0.11471627 -0.08496058 -0.45061489
v -0.11883799 -0.08462070 -0.45013204
v -0.12178362 -0.08360915 -0.44868620
v -0.09442866 -0.08359836 -0.44867271
v -0.09442866 -0.08359836 -0.44867271
v -0.09486296 -0.08454247 -0.45001875
v -0.11883799 -0.08462070 -0.45013204
v -0.12178362 -0.08360915 -0.44868620
v -0.12355045 -0.08192054 -0.44627197
v -0.09399437 -0.08194751 -0.44631244
v -0.09399437 -0.08194751 -0.44631244
v -0.09442866 -0.08359836 -0.44867271
v -0.12178362 -0.08360915 -0.44868620
v 0.01648014 -0.08112479 -0.44185353
v 0.04311217 -0.08112479 -0.44185353
v 0.04497881 -0.06706562 -0.42177363
v 0.04497881 -0.06706562 -0.42177363
v 0.01458382 -0.06706562 -0.42177363
v 0.01648014 -0.08112479 -0.44185353
v -0.01756991 -0.08112479 -0.44185353
v 0.00894883 -0.08112479 -0.44185353
v 0.01084514 -0.06706562 -0.42177363
v 0.01084514 -0.06706562 -0.42177363
v -0.01936912 -0.06706562 -0.42177363
v -0.01756991 -0.08112479 -0.44185353
v -0.05170088 -0.08112479 -0.44185353
v -0.02542761 -0.08112479 -0.44185353
v -0.02362841 -0.06706562 -0.42177363
v -0.02362841 -0.06706562 -0.42177363
v -0.05345423 -0.06706562 -0.42177363
v -0.05170088 -0.08112479 -0.44185353
v -0.08611239 -0.08112479 -0.44185353
v -0.05972583 -0.08112479 -0.44185353
v -0.05796978 -0.06706562 -0.42177363
v -0.05796978 -0.06706562 -0.42177363
v -0.08798173 -0.06706562 -0.42177363
v -0.08611239 -0.08112479 -0.44185353
v 0.04311217 -0.08112479 -0.44185353
v 0.05074329 -0.08112479 -0.44185353
v 0.04887664 -0.06706562 -0.42177363
v 0.04887664 -0.06706562 -0.42177363
v 0.04497881 -0.06706562 -0.42177363
v 0.04311217 -0.08112479 -0.44185353
v 0.00894883 -0.08112479 -0.44185353
v 0.01648014 -0.08112479 -0.44185353
v 0.01458382 -0.06706562 -0.42177363
v 0.01458382 -0.06706562 -0.42177363
v 0.01084514 -0.06706562 -0.42177363
v 0.00894883 -0.08112479 -0.44185353
v -0.02542761 -0.08112479 -0.44185353
v -0.01756991 -0.08112479 -0.44185353
v -0.01936912 -0.06706562 -0.42177363
v -0.01936912 -0.06706562 -0.42177363
v -0.02362841 -0.06706562 -0.42177363
v -0.02542761 -0.08112479 -0.44185353
v -0.05972583 -0.08112479 -0.44185353
v -0.05170088 -0.08112479 -0.44185353
v -0.05345423 -0.06706562 -0.42177363
v -0.05345423 -0.06706562 -0.42177363
v -0.05796978 -0.06706562 -0.42177363
v -0.05972583 -0.08112479 -0.44185353
v -0.09373811 -0.08112479 -0.44185084
v -0.08611239 -0.08112479 -0.44185353
v -0.08798173 -0.06706562 -0.42177363
v -0.08798173 -0.06706562 -0.42177363
v -0.09187147 -0.06706562 -0.42177363
v -0.09373811 -0.08112479 -0.44185084
v 0.04311217 -0.07958184 -0.44293252
v 0.01648014 -0.07958184 -0.44293252
v 0.01458382 -0.06551998 -0.42285262
v 0.01458382 -0.06551998 -0.42285262
v 0.04497881 -0.06551998 -0.42285262
v 0.04311217 -0.07958184 -0.44293252
v 0.00894883 -0.07958184 -0.44293252
v -0.01756991 -0.07958184 -0.44293252
v -0.01936912 -0.06551998 -0.42285262
v -0.01936912 -0.06551998 -0.42285262
v 0.01084514 -0.06551998 -0.42285262
v 0.00894883 -0.07958184 -0.44293252
v -0.02542761 -0.07958184 -0.44293252
v -0.05170088 -0.07958184 -0.44293252
v -0.05345423 -0.06551998 -0.42285262
v -0.05345423 -0.06551998 -0.42285262
v -0.02362841 -0.06551998 -0.42285262
v -0.02542761 -0.07958184 -0.44293252
v -0.05972583 -0.07958184 -0.44293252
v -0.08611239 -0.07958184 -0.44293252
v -0.08798173 -0.06551998 -0.42285262
v -0.08798173 -0.06551998 -0.42285262
v -0.05796978 -0.06551998 -0.42285262
v -0.05972583 -0.07958184 -0.44293252
v 0.05074329 -0.07958184 -0.44293252
v 0.04311217 -0.07958184 -0.44293252
v 0.04497881 -0.06551998 -0.42285262
v 0.04497881 -0.06551998 -0.42285262
v 0.04887664 -0.06551998 -0.42285262
v 0.05074329 -0.07958184 -0.44293252
v 0.01648014 -0.07958184 -0.44293252
v 0.00894883 -0.07958184 -0.44293252
v 0.01084514 -0.06551998 -0.42285262
v 0.01084514 -0.06551998 -0.42285262
v 0.01458382 -0.06551998 -0.42285262
v 0.01648014 -0.07958184 -0.44293252
v -0.01756991 -0.07958184 -0.44293252
v -0.02542761 -0.07958184 -0.44293252
v -0.02362841 -0.06551998 -0.42285262
v -0.02362841 -0.06551998 -0.42285262
v -0.01936912 -0.06551998 -0.42285262
v -0.01756991 -0.07958184 -0.44293252
v -0.05170088 -0.07958184 -0.44293252
v -0.05972583 -0.07958184 -0.44293252
v -0.05796978 -0.06551998 -0.42285262
v -0.05796978 -0.06551998 -0.42285262
v -0.05345423 -0.06551998 -0.42285262
v -0.05170088 -0.07958184 -0.44293252
v -0.08611239 -0.07958184 -0.44293252
v -0.09373811 -0.07958184 -0.44293252
v -0.09187147 -0.06551998 -0.42285262
v -0.09187147 -0.06551998 -0.42285262
v -0.08798173 -0.06551998 -0.42285262
v -0.08611239 -0.07958184 -0.44293252
v 0.05074329 -0.07958184 -0.44293252
v 0.08114097 -0.07955487 -0.44289475
v 0.08055293 -0.08192054 -0.44627197
v 0.08055293 -0.08192054 -0.44627197
v 0.05099685 -0.08194751 -0.44631244
v 0.05074329 -0.07958184 -0.44293252
v 0.05099685 -0.08194751 -0.44631244
v 0.08055293 -0.08192054 -0.44627197
v 0.07878609 -0.08360915 -0.44868620
v 0.07878609 -0.08360915 -0.44868620
v 0.05143114 -0.08359836 -0.44867271
v 0.05099685 -0.08194751 -0.44631244
v 0.05143114 -0.08359836 -0.44867271
v 0.07878609 -0.08360915 -0.44868620
v 0.07584046 -0.08462070 -0.45013204
v 0.07584046 -0.08462070 -0.45013204
v 0.05186813 -0.08454247 -0.45001875
v 0.05143114 -0.08359836 -0.44867271
v 0.05186813 -0.08454247 -0.45001875
v 0.07584046 -0.08462070 -0.45013204
v 0.07171874 -0.08496058 -0.45061489
v 0.07171874 -0.08496058 -0.45061489
v 0.05398833 -0.08496058 -0.45061489
v 0.05186813 -0.08454247 -0.45001875
v -0.12414120 -0.07955487 -0.44289475
v -0.09373811 -0.07958184 -0.44293252
v -0.09399437 -0.08194751 -0.44631244
v -0.09399437 -0.08194751 -0.44631244
v -0.12355045 -0.08192054 -0.44627197
v -0.12414120 -0.07955487 -0.44289475
v -0.09373811 -0.08112479 -0.44185084
v -0.12414120 -0.08109781 -0.44181577
v -0.12355045 -0.08346349 -0.44519299
v -0.12355045 -0.08346349 -0.44519299
v -0.09399437 -0.08349046 -0.44523075
v -0.09373811 -0.08112479 -0.44185084
v 0.05074329 -0.08112479 -0.44185353
v 0.08114097 -0.08109781 -0.44181577
v 0.08114097 -0.06706562 -0.42177363
v 0.08114097 -0.06706562 -0.42177363
v 0.04887664 -0.06706562 -0.42177363
v 0.05074329 -0.08112479 -0.44185353
v -0.04847202 0.04459847 0.33781786
v -0.04795411 0.04986122 0.33781786
v -0.04795411 0.04986122 0.06807177
v -0.04795411 0.04986122 0.06807177
v -0.04847202 0.04459847 0.06807177
v -0.04847202 0.04459847 0.33781786
v -0.04795411 0.04986122 0.33781786
v -0.04641926 0.05491895 0.33781786
v -0.04641926 0.05492165 0.06807177
v -0.04641926 0.05492165 0.06807177
v -0.04795411 0.04986122 0.06807177
v -0.04795411 0.04986122 0.33781786
v -0.04641926 0.05491895 0.33781786
v -0.04392680 0.05958286 0.33781786
v -0.04392680 0.05958286 0.06807177
v -0.04392680 0.05958286 0.06807177
v -0.04641926 0.05492165 0.06807177
v -0.04641926 0.05491895 0.33781786
v -0.04392680 0.05958286 0.33781786
v -0.04057116 0.06367222 0.33781786
v -0.04057116 0.06367222 0.06807177
v -0.04057116 0.06367222 0.06807177
v -0.04392680 0.05958286 0.06807177
v -0.04392680 0.05958286 0.33781786
v -0.04057116 0.06367222 0.33781786
v -0.03648451 0.06702516 0.33781786
v -0.03648451 0.06702516 0.06807177
v -0.03648451 0.06702516 0.06807177
v -0.04057116 0.06367222 0.06807177
v -0.04057116 0.06367222 0.33781786
v -0.03648451 0.06702516 0.33781786
v -0.03182060 0.06951761 0.33781786
v -0.03182060 0.06951761 0.06807177
v -0.03182060 0.06951761 0.06807177
v -0.03648451 0.06702516 0.06807177
v -0.03648451 0.06702516 0.33781786
v -0.03182060 0.06951761 0.33781786
v -0.02676016 0.07105517 0.33781786
v -0.02676016 0.07105517 0.06807177
v -0.02676016 0.07105517 0.06807177
v -0.03182060 0.06951761 0.06807177
v -0.03182060 0.06951761 0.33781786
v -0.02676016 0.07105517 0.33781786
v -0.02149741 0.07157308 0.33781786
v -0.02149741 0.07157308 0.06807177
v -0.02149741 0.07157308 0.06807177
v -0.02676016 0.07105517 0.06807177
v -0.02676016 0.07105517 0.33781786
v -0.02149741 0.07157308 0.33781786
v -0.01623467 0.07105517 0.33781786
v -0.01623467 0.07105517 0.06807177
v -0.01623467 0.07105517 0.06807177
v -0.02149741 0.07157308 0.06807177
v -0.02149741 0.07157308 0.33781786
v -0.01623467 0.07105517 0.33781786
v -0.01117423 0.06951761 0.33781786
v -0.01117423 0.06951761 0.06807177
v -0.01117423 0.06951761 0.06807177
v -0.01623467 0.07105517 0.06807177
v -0.01623467 0.07105517 0.33781786
v -0.01117423 0.06951761 0.33781786
v -0.00651032 0.06702516 0.33781786
v -0.00651032 0.06702516 0.06807177
v -0.00651032 0.06702516 0.06807177
v -0.01117423 0.06951761 0.06807177
v -0.01117423 0.06951761 0.33781786
v -0.00651032 0.06702516 0.33781786
v -0.00242367 0.06367222 0.33781786
v -0.00242367 0.06367222 0.06807177
v -0.00242367 0.06367222 0.06807177
v -0.00651032 0.06702516 0.06807177
v -0.00651032 0.06702516 0.33781786
v -0.00242367 0.06367222 0.33781786
v 0.00093197 0.05958286 0.33781786
v 0.00093197 0.05958286 0.06807177
v 0.00093197 0.05958286 0.06807177
v -0.00242367 0.06367222 0.06807177
v -0.00242367 0.06367222 0.33781786
v 0.00093197 0.05958286 0.33781786
v 0.00342443 0.05491895 0.33781786
v 0.00342443 0.05492165 0.06807177
v 0.00342443 0.05492165 0.06807177
v 0.00093197 0.05958286 0.06807177
v 0.00093197 0.05958286 0.33781786
v 0.00342443 0.05491895 0.33781786
v 0.00495928 0.04986122 0.33781786
v 0.00495928 0.04986122 0.06807177
v 0.00495928 0.04986122 0.06807177
v 0.00342443 0.05492165 0.06807177
v 0.00342443 0.05491895 0.33781786
v 0.00495928 0.04986122 0.33781786
v 0.00547719 0.04459847 0.33781786
v 0.00547719 0.04459847 0.06807177
v 0.00547719 0.04459847 0.06807177
v 0.00495928 0.04986122 0.06807177
v 0.00495928 0.04986122 0.33781786
v 0.00547719 0.04459847 0.33781786
v 0.00495928 0.03933572 0.33781786
v 0.00495928 0.03933572 0.06807177
v 0.00495928 0.03933572 0.06807177
v 0.00547719 0.04459847 0.06807177
v 0.00547719 0.04459847 0.33781786
v 0.00495928 0.03933572 0.33781786
v 0.00342443 0.03427529 0.33781786
v 0.00342443 0.03427529 0.06807177
v 0.00342443 0.03427529 0.06807177
v 0.00495928 0.03933572 0.06807177
v 0.00495928 0.03933572 0.33781786
v 0.00342443 0.03427529 0.33781786
v 0.00093197 0.02961138 0.33781786
v 0.00093197 0.02961138 0.06807177
v 0.00093197 0.02961138 0.06807177
v 0.00342443 0.03427529 0.06807177
v 0.00342443 0.03427529 0.33781786
v 0.00093197 0.02961138 0.33781786
v -0.00242367 0.02552472 0.33781786
v -0.00242367 0.02552472 0.06807177
v -0.00242367 0.02552472 0.06807177
v 0.00093197 0.02961138 0.06807177
v 0.00093197 0.02961138 0.33781786
v -0.00242367 0.02552472 0.33781786
v -0.00651032 0.02216908 0.33781786
v -0.00651032 0.02216908 0.06807177
v -0.00651032 0.02216908 0.06807177
v -0.00242367 0.02552472 0.06807177
v -0.00242367 0.02552472 0.33781786
v -0.00651032 0.02216908 0.33781786
v -0.01117423 0.01967663 0.33781786
v -0.01117423 0.01967663 0.06807177
v -0.01117423 0.01967663 0.06807177
v -0.00651032 0.02216908 0.06807177
v -0.00651032 0.02216908 0.33781786
v -0.01117423 0.01967663 0.33781786
v -0.01623467 0.01814177 0.33781786
v -0.01623467 0.01814177 0.06807177
v -0.01623467 0.01814177 0.06807177
v -0.01117423 0.01967663 0.06807177
v -0.01117423 0.01967663 0.33781786
v -0.01623467 0.01814177 0.33781786
v -0.02149741 0.01762386 0.33781786
v -0.02149741 0.01762386 0.06807177
v -0.02149741 0.01762386 0.06807177
v -0.01623467 0.01814177 0.06807177
v -0.01623467 0.01814177 0.33781786
v -0.02149741 0.01762386 0.33781786
v -0.02676016 0.01814177 0.33781786
v -0.02676016 0.01814177 0.06807177
v -0.02676016 0.01814177 0.06807177
v -0.02149741 0.01762386 0.06807177
v -0.02149741 0.01762386 0.33781786
v -0.02676016 0.01814177 0.33781786
v -0.03182060 0.01967663 0.33781786
v -0.03182060 0.01967663 0.06807177
v -0.03182060 0.01967663 0.06807177
v -0.02676016 0.01814177 0.06807177
v -0.02676016 0.01814177 0.33781786
v -0.03182060 0.01967663 0.33781786
v -0.03648451 0.02216908 0.33781786
v -0.03648451 0.02216908 0.06807177
v -0.03648451 0.02216908 0.06807177
v -0.03182060 0.01967663 0.06807177
v -0.03182060 0.01967663 0.33781786
v -0.03648451 0.02216908 0.33781786
v -0.04057116 0.02552472 0.33781786
v -0.04057116 0.02552472 0.06807177
v -0.04057116 0.02552472 0.06807177
v -0.03648451 0.02216908 0.06807177
v -0.03648451 0.02216908 0.33781786
v -0.04057116 0.02552472 0.33781786
v -0.04392680 0.02961138 0.33781786
v -0.04392680 0.02961138 0.06807177
v -0.04392680 0.02961138 0.06807177
v -0.04057116 0.02552472 0.06807177
v -0.04057116 0.02552472 0.33781786
v -0.04392680 0.02961138 0.33781786
v -0.04641926 0.03427529 0.33781786
v -0.04641926 0.03427529 0.06807177
v -0.04641926 0.03427529 0.06807177
v -0.04392680 0.02961138 0.06807177
v -0.04392680 0.02961138 0.33781786
v -0.04641926 0.03427529 0.33781786
v -0.04795411 0.03933572 0.33781786
v -0.04795411 0.03933572 0.06807177
v -0.04795411 0.03933572 0.06807177
v -0.04641926 0.03427529 0.06807177
v -0.04641926 0.03427529 0.33781786
v -0.04795411 0.03933572 0.33781786
v -0.04847202 0.04459847 0.33781786
v -0.04847202 0.04459847 0.06807177
v -0.04847202 0.04459847 0.06807177
v -0.04795411 0.03933572 0.06807177
v -0.04795411 0.03933572 0.33781786
v -0.04795411 0.04986122 0.33781786
v -0.04847202 0.04459847 0.33781786
v -0.04428017 0.04459847 0.33781786
v -0.04428017 0.04459847 0.33781786
v -0.04337922 0.05073789 0.33781786
v -0.04795411 0.04986122 0.33781786
v -0.04641926 0.05491895 0.33781786
v -0.04795411 0.04986122 0.33781786
v -0.04337922 0.05073789 0.33781786
v -0.04337922 0.05073789 0.33781786
v -0.04169600 0.05688001 0.33781786
v -0.04641926 0.05491895 0.33781786
v -0.04392680 0.05958286 0.33781786
v -0.04641926 0.05491895 0.33781786
v -0.04169600 0.05688001 0.33781786
v -0.03928447 0.06301943 0.33781786
v -0.04057116 0.06367222 0.33781786
v -0.04392680 0.05958286 0.33781786
v -0.03928447 0.06301943 0.33781786
v -0.03928447 0.06301943 0.33781786
v -0.03648451 0.06702516 0.33781786
v -0.04057116 0.06367222 0.33781786
v -0.03182060 0.06951761 0.33781786
v -0.03648451 0.06702516 0.33781786
v -0.03928447 0.06301943 0.33781786
v -0.03928447 0.06301943 0.33781786
v -0.03374928 0.06506680 0.33781786
v -0.03182060 0.06951761 0.33781786
v -0.02676016 0.07105517 0.33781786
v -0.03182060 0.06951761 0.33781786
v -0.03374928 0.06506680 0.33781786
v -0.03374928 0.06506680 0.33781786
v -0.02774473 0.06632921 0.33781786
v -0.02676016 0.07105517 0.33781786
v -0.02149741 0.07157308 0.33781786
v -0.02676016 0.07105517 0.33781786
v -0.02774473 0.06632921 0.33781786
v -0.02774473 0.06632921 0.33781786
v -0.02149741 0.06675272 0.33781786
v -0.02149741 0.07157308 0.33781786
v -0.01623467 0.07105517 0.33781786
v -0.02149741 0.07157308 0.33781786
v -0.02149741 0.06675272 0.33781786
v -0.02149741 0.06675272 0.33781786
v -0.01525010 0.06632921 0.33781786
v -0.01623467 0.07105517 0.33781786
v -0.01117423 0.06951761 0.33781786
v -0.01623467 0.07105517 0.33781786
v -0.01525010 0.06632921 0.33781786
v -0.01525010 0.06632921 0.33781786
v -0.00924555 0.06506680 0.33781786
v -0.01117423 0.06951761 0.33781786
v -0.00651032 0.06702516 0.33781786
v -0.01117423 0.06951761 0.33781786
v -0.00924555 0.06506680 0.33781786
v -0.00924555 0.06506680 0.33781786
v -0.00371036 0.06301943 0.33781786
v -0.00651032 0.06702516 0.33781786
v -0.00242367 0.06367222 0.33781786
v -0.00651032 0.06702516 0.33781786
v -0.00371036 0.06301943 0.33781786
v -0.00371036 0.06301943 0.33781786
v 0.00093197 0.05958286 0.33781786
v -0.00242367 0.06367222 0.33781786
v 0.00342443 0.05491895 0.33781786
v 0.00093197 0.05958286 0.33781786
v -0.00371036 0.06301943 0.33781786
v -0.00371036 0.06301943 0.33781786
v -0.00130152 0.05688001 0.33781786
v 0.00342443 0.05491895 0.33781786
v 0.00495928 0.04986122 0.33781786
v 0.00342443 0.05491895 0.33781786
v -0.00130152 0.05688001 0.33781786
v -0.00130152 0.05688001 0.33781786
v 0.00038169 0.05073789 0.33781786
v 0.00495928 0.04986122 0.33781786
v 0.00547719 0.04459847 0.33781786
v 0.00495928 0.04986122 0.33781786
v 0.00038169 0.05073789 0.33781786
v 0.00038169 0.05073789 0.33781786
v 0.00128534 0.04459847 0.33781786
v 0.00547719 0.04459847 0.33781786
v 0.00495928 0.03933572 0.33781786
v 0.00547719 0.04459847 0.33781786
v 0.00128534 0.04459847 0.33781786
v 0.00128534 0.04459847 0.33781786
v 0.00038169 0.03845635 0.33781786
v 0.00495928 0.03933572 0.33781786
v 0.00342443 0.03427529 0.33781786
v 0.00495928 0.03933572 0.33781786
v 0.00038169 0.03845635 0.33781786
v 0.00038169 0.03845635 0.33781786
v -0.00130152 0.03231693 0.33781786
v 0.00342443 0.03427529 0.33781786
v 0.00093197 0.02961138 0.33781786
v 0.00342443 0.03427529 0.33781786
v -0.00130152 0.03231693 0.33781786
v -0.00371036 0.02617481 0.33781786
v -0.00242367 0.02552472 0.33781786
v 0.00093197 0.02961138 0.33781786
v -0.00371036 0.02617481 0.33781786
v -0.00371036 0.02617481 0.33781786
v -0.00651032 0.02216908 0.33781786
v -0.00242367 0.02552472 0.33781786
v -0.01117423 0.01967663 0.33781786
v -0.00651032 0.02216908 0.33781786
v -0.00371036 0.02617481 0.33781786
v -0.00371036 0.02617481 0.33781786
v -0.00924555 0.02412744 0.33781786
v -0.01117423 0.01967663 0.33781786
v -0.01623467 0.01814177 0.33781786
v -0.01117423 0.01967663 0.33781786
v -0.00924555 0.02412744 0.33781786
v -0.00924555 0.02412744 0.33781786
v -0.01525010 0.02286772 0.33781786
v -0.01623467 0.01814177 0.33781786
v -0.02149741 0.01762386 0.33781786
v -0.01623467 0.01814177 0.33781786
v -0.01525010 0.02286772 0.33781786
v -0.01525010 0.02286772 0.33781786
v -0.02149741 0.02244153 0.33781786
v -0.02149741 0.01762386 0.33781786
v -0.02676016 0.01814177 0.33781786
v -0.02149741 0.01762386 0.33781786
v -0.02149741 0.02244153 0.33781786
v -0.02149741 0.02244153 0.33781786
v -0.02774473 0.02286772 0.33781786
v -0.02676016 0.01814177 0.33781786
v -0.03182060 0.01967663 0.33781786
v -0.02676016 0.01814177 0.33781786
v -0.02774473 0.02286772 0.33781786
v -0.02774473 0.02286772 0.33781786
v -0.03374928 0.02412744 0.33781786
v -0.03182060 0.01967663 0.33781786
v -0.03648451 0.02216908 0.33781786
v -0.03182060 0.01967663 0.33781786
v -0.03374928 0.02412744 0.33781786
v -0.03374928 0.02412744 0.33781786
v -0.03928447 0.02617481 0.33781786
v -0.03648451 0.02216908 0.33781786
v -0.04057116 0.02552472 0.33781786
v -0.03648451 0.02216908 0.33781786
v -0.03928447 0.02617481 0.33781786
v -0.03928447 0.02617481 0.33781786
v -0.04392680 0.02961138 0.33781786
v -0.04057116 0.02552472 0.33781786
v -0.04641926 0.03427529 0.33781786
v -0.04392680 0.02961138 0.33781786
v -0.03928447 0.02617481 0.33781786
v -0.03928447 0.02617481 0.33781786
v -0.04169600 0.03231693 0.33781786
v -0.04641926 0.03427529 0.33781786
v -0.04795411 0.03933572 0.33781786
v -0.04641926 0.03427529 0.33781786
v -0.04169600 0.03231693 0.33781786
v -0.04169600 0.03231693 0.33781786
v -0.04337922 0.03845635 0.33781786
v -0.04795411 0.03933572 0.33781786
v -0.04847202 0.04459847 0.33781786
v -0.04795411 0.03933572 0.33781786
v -0.04337922 0.03845635 0.33781786
v -0.04337922 0.03845635 0.33781786
v -0.04428017 0.04459847 0.33781786
v -0.04847202 0.04459847 0.33781786
v -0.02149741 0.04459847 0.33781786
v -0.02949808 0.04459847 0.33781786
v -0.02917978 0.03735309 0.33781786
v -0.02917978 0.03735309 0.33781786
v -0.02149741 0.03721282 0.33781786
v -0.02149741 0.04459847 0.33781786
v -0.01381505 0.03735309 0.33781786
v -0.01349675 0.04459847 0.33781786
v -0.02149741 0.04459847 0.33781786
v -0.02149741 0.04459847 0.33781786
v -0.02149741 0.03721282 0.33781786
v -0.01381505 0.03735309 0.33781786
v -0.00642670 0.03777389 0.33781786
v -0.00580628 0.04459847 0.33781786
v -0.01349675 0.04459847 0.33781786
v -0.01349675 0.04459847 0.33781786
v -0.01381505 0.03735309 0.33781786
v -0.00642670 0.03777389 0.33781786
v -0.02949808 0.04459847 0.33781786
v -0.03719124 0.04459847 0.33781786
v -0.03656813 0.03777389 0.33781786
v -0.03656813 0.03777389 0.33781786
v -0.02917978 0.03735309 0.33781786
v -0.02949808 0.04459847 0.33781786
v -0.03719124 0.04459847 0.33781786
v -0.04428017 0.04459847 0.33781786
v -0.04337922 0.03845635 0.33781786
v -0.04337922 0.03845635 0.33781786
v -0.03656813 0.03777389 0.33781786
v -0.03719124 0.04459847 0.33781786
v 0.00038169 0.03845635 0.33781786
v 0.00128534 0.04459847 0.33781786
v -0.00580628 0.04459847 0.33781786
v -0.00580628 0.04459847 0.33781786
v -0.00642670 0.03777389 0.33781786
v 0.00038169 0.03845635 0.33781786
v -0.02149741 0.05936707 0.33781786
v -0.02149741 0.06675272 0.33781786
v -0.02774473 0.06632921 0.33781786
v -0.02774473 0.06632921 0.33781786
v -0.02858904 0.05908383 0.33781786
v -0.02149741 0.05936707 0.33781786
v -0.02149741 0.05198412 0.33781786
v -0.02149741 0.05936707 0.33781786
v -0.02858904 0.05908383 0.33781786
v -0.02858904 0.05908383 0.33781786
v -0.02917978 0.05184115 0.33781786
v -0.02149741 0.05198412 0.33781786
v -0.02149741 0.04459847 0.33781786
v -0.02149741 0.05198412 0.33781786
v -0.02917978 0.05184115 0.33781786
v -0.02917978 0.05184115 0.33781786
v -0.02949808 0.04459847 0.33781786
v -0.02149741 0.04459847 0.33781786
v -0.02774473 0.02286772 0.33781786
v -0.02149741 0.02244153 0.33781786
v -0.02149741 0.02982717 0.33781786
v -0.02149741 0.02982717 0.33781786
v -0.02858904 0.03011041 0.33781786
v -0.02774473 0.02286772 0.33781786
v -0.02858904 0.03011041 0.33781786
v -0.02149741 0.02982717 0.33781786
v -0.02149741 0.03721282 0.33781786
v -0.02149741 0.03721282 0.33781786
v -0.02917978 0.03735309 0.33781786
v -0.02858904 0.03011041 0.33781786
v -0.01525010 0.06632921 0.33781786
v -0.02149741 0.06675272 0.33781786
v -0.02149741 0.05936707 0.33781786
v -0.02149741 0.05936707 0.33781786
v -0.01440579 0.05908383 0.33781786
v -0.01525010 0.06632921 0.33781786
v -0.01440579 0.05908383 0.33781786
v -0.02149741 0.05936707 0.33781786
v -0.02149741 0.05198412 0.33781786
v -0.02149741 0.05198412 0.33781786
v -0.01381505 0.05184115 0.33781786
v -0.01440579 0.05908383 0.33781786
v -0.01381505 0.05184115 0.33781786
v -0.02149741 0.05198412 0.33781786
v -0.02149741 0.04459847 0.33781786
v -0.02149741 0.04459847 0.33781786
v -0.01349675 0.04459847 0.33781786
v -0.01381505 0.05184115 0.33781786
v -0.02149741 0.02982717 0.33781786
v -0.02149741 0.02244153 0.33781786
v -0.01525010 0.02286772 0.33781786
v -0.01525010 0.02286772 0.33781786
v -0.01440579 0.03011041 0.33781786
v -0.02149741 0.02982717 0.33781786
v -0.02149741 0.03721282 0.33781786
v -0.02149741 0.02982717 0.33781786
v -0.01440579 0.03011041 0.33781786
v -0.01440579 0.03011041 0.33781786
v -0.01381505 0.03735309 0.33781786
v -0.02149741 0.03721282 0.33781786
v -0.00924555 0.06506680 0.33781786
v -0.01525010 0.06632921 0.33781786
v -0.01440579 0.05908383 0.33781786
v -0.01440579 0.05908383 0.33781786
v -0.00758661 0.05824492 0.33781786
v -0.00924555 0.06506680 0.33781786
v -0.00758661 0.05824492 0.33781786
v -0.01440579 0.05908383 0.33781786
v -0.01381505 0.05184115 0.33781786
v -0.01381505 0.05184115 0.33781786
v -0.00642670 0.05142035 0.33781786
v -0.00758661 0.05824492 0.33781786
v -0.00642670 0.05142035 0.33781786
v -0.01381505 0.05184115 0.33781786
v -0.01349675 0.04459847 0.33781786
v -0.01349675 0.04459847 0.33781786
v -0.00580628 0.04459847 0.33781786
v -0.00642670 0.05142035 0.33781786
v -0.01440579 0.03011041 0.33781786
v -0.01525010 0.02286772 0.33781786
v -0.00924555 0.02412744 0.33781786
v -0.00924555 0.02412744 0.33781786
v -0.00758661 0.03095201 0.33781786
v -0.01440579 0.03011041 0.33781786
v -0.01381505 0.03735309 0.33781786
v -0.01440579 0.03011041 0.33781786
v -0.00758661 0.03095201 0.33781786
v -0.00758661 0.03095201 0.33781786
v -0.00642670 0.03777389 0.33781786
v -0.01381505 0.03735309 0.33781786
v -0.02858904 0.05908383 0.33781786
v -0.02774473 0.06632921 0.33781786
v -0.03374928 0.06506680 0.33781786
v -0.03374928 0.06506680 0.33781786
v -0.03541092 0.05824492 0.33781786
v -0.02858904 0.05908383 0.33781786
v -0.02917978 0.05184115 0.33781786
v -0.02858904 0.05908383 0.33781786
v -0.03541092 0.05824492 0.33781786
v -0.03541092 0.05824492 0.33781786
v -0.03656813 0.05142035 0.33781786
v -0.02917978 0.05184115 0.33781786
v -0.02949808 0.04459847 0.33781786
v -0.02917978 0.05184115 0.33781786
v -0.03656813 0.05142035 0.33781786
v -0.03656813 0.05142035 0.33781786
v -0.03719124 0.04459847 0.33781786
v -0.02949808 0.04459847 0.33781786
v -0.03374928 0.02412744 0.33781786
v -0.02774473 0.02286772 0.33781786
v -0.02858904 0.03011041 0.33781786
v -0.02858904 0.03011041 0.33781786
v -0.03541092 0.03095201 0.33781786
v -0.03374928 0.02412744 0.33781786
v -0.03541092 0.03095201 0.33781786
v -0.02858904 0.03011041 0.33781786
v -0.02917978 0.03735309 0.33781786
v -0.02917978 0.03735309 0.33781786
v -0.03656813 0.03777389 0.33781786
v -0.03541092 0.03095201 0.33781786
v -0.03541092 0.05824492 0.33781786
v -0.03374928 0.06506680 0.33781786
v -0.03928447 0.06301943 0.33781786
v -0.03928447 0.06301943 0.33781786
v -0.04169600 0.05688001 0.33781786
v -0.03541092 0.05824492 0.33781786
v -0.03656813 0.05142035 0.33781786
v -0.03541092 0.05824492 0.33781786
v -0.04169600 0.05688001 0.33781786
v -0.04169600 0.05688001 0.33781786
v -0.04337922 0.05073789 0.33781786
v -0.03656813 0.05142035 0.33781786
v -0.03719124 0.04459847 0.33781786
v -0.03656813 0.05142035 0.33781786
v -0.04337922 0.05073789 0.33781786
v -0.04337922 0.05073789 0.33781786
v -0.04428017 0.04459847 0.33781786
v -0.03719124 0.04459847 0.33781786
v -0.03928447 0.02617481 0.33781786
v -0.03374928 0.02412744 0.33781786
v -0.03541092 0.03095201 0.33781786
v -0.03541092 0.03095201 0.33781786
v -0.04169600 0.03231693 0.33781786
v -0.03928447 0.02617481 0.33781786
v -0.04169600 0.03231693 0.33781786
v -0.03541092 0.03095201 0.33781786
v -0.03656813 0.03777389 0.33781786
v -0.03656813 0.03777389 0.33781786
v -0.04337922 0.03845635 0.33781786
v -0.04169600 0.03231693 0.33781786
v -0.00371036 0.06301943 0.33781786
v -0.00924555 0.06506680 0.33781786
v -0.00758661 0.05824492 0.33781786
v -0.00758661 0.05824492 0.33781786
v -0.00130152 0.05688001 0.33781786
v -0.00371036 0.06301943 0.33781786
v -0.00130152 0.05688001 0.33781786
v -0.00758661 0.05824492 0.33781786
v -0.00642670 0.05142035 0.33781786
v -0.00642670 0.05142035 0.33781786
v 0.00038169 0.05073789 0.33781786
v -0.00130152 0.05688001 0.33781786
v 0.00038169 0.05073789 0.33781786
v -0.00642670 0.05142035 0.33781786
v -0.00580628 0.04459847 0.33781786
v -0.00580628 0.04459847 0.33781786
v 0.00128534 0.04459847 0.33781786
v 0.00038169 0.05073789 0.33781786
v -0.00758661 0.03095201 0.33781786
v -0.00924555 0.02412744 0.33781786
v -0.00371036 0.02617481 0.33781786
v -0.00371036 0.02617481 0.33781786
v -0.00130152 0.03231693 0.33781786
v -0.00758661 0.03095201 0.33781786
v -0.00642670 0.03777389 0.33781786
v -0.00758661 0.03095201 0.33781786
v -0.00130152 0.03231693 0.33781786
v -0.00130152 0.03231693 0.33781786
v 0.00038169 0.03845635 0.33781786
v -0.00642670 0.03777389 0.33781786
v -0.02921485 0.03743941 0.06807177
v -0.02943065 0.04459847 0.06807177
v -0.02149741 0.04459847 0.06807177
v -0.02149741 0.04459847 0.06807177
v -0.02149741 0.03729914 0.06807177
v -0.02921485 0.03743941 0.06807177
v -0.02149741 0.04459847 0.06807177
v -0.01356688 0.04459847 0.06807177
v -0.01377998 0.03743941 0.06807177
v -0.01377998 0.03743941 0.06807177
v -0.02149741 0.03729914 0.06807177
v -0.02149741 0.04459847 0.06807177
v -0.01356688 0.04459847 0.06807177
v -0.00593846 0.04459847 0.06807177
v -0.00635926 0.03785482 0.06807177
v -0.00635926 0.03785482 0.06807177
v -0.01377998 0.03743941 0.06807177
v -0.01356688 0.04459847 0.06807177
v -0.03663556 0.03785482 0.06807177
v -0.03705637 0.04459847 0.06807177
v -0.02943065 0.04459847 0.06807177
v -0.02943065 0.04459847 0.06807177
v -0.02921485 0.03743941 0.06807177
v -0.03663556 0.03785482 0.06807177
v -0.00593846 0.04459847 0.06807177
v 0.00109112 0.04459847 0.06807177
v 0.00048150 0.03852918 0.06807177
v 0.00048150 0.03852918 0.06807177
v -0.00635926 0.03785482 0.06807177
v -0.00593846 0.04459847 0.06807177
v -0.04347633 0.03852918 0.06807177
v -0.04408595 0.04459847 0.06807177
v -0.03705637 0.04459847 0.06807177
v -0.03705637 0.04459847 0.06807177
v -0.03663556 0.03785482 0.06807177
v -0.04347633 0.03852918 0.06807177
v -0.02676016 0.07105517 0.06807177
v -0.02149741 0.07157308 0.06807177
v -0.02149741 0.06649106 0.06807177
v -0.02149741 0.06649106 0.06807177
v -0.02777710 0.06607026 0.06807177
v -0.02676016 0.07105517 0.06807177
v -0.02777710 0.06607026 0.06807177
v -0.02149741 0.06649106 0.06807177
v -0.02149741 0.05919443 0.06807177
v -0.02149741 0.05919443 0.06807177
v -0.02863220 0.05891389 0.06807177
v -0.02777710 0.06607026 0.06807177
v -0.02863220 0.05891389 0.06807177
v -0.02149741 0.05919443 0.06807177
v -0.02149741 0.05189510 0.06807177
v -0.02149741 0.05189510 0.06807177
v -0.02921485 0.05175483 0.06807177
v -0.02863220 0.05891389 0.06807177
v -0.02921485 0.05175483 0.06807177
v -0.02149741 0.05189510 0.06807177
v -0.02149741 0.04459847 0.06807177
v -0.02149741 0.04459847 0.06807177
v -0.02943065 0.04459847 0.06807177
v -0.02921485 0.05175483 0.06807177
v -0.02149741 0.02270318 0.06807177
v -0.02149741 0.01762386 0.06807177
v -0.02676016 0.01814177 0.06807177
v -0.02676016 0.01814177 0.06807177
v -0.02777710 0.02312398 0.06807177
v -0.02149741 0.02270318 0.06807177
v -0.02149741 0.03000251 0.06807177
v -0.02149741 0.02270318 0.06807177
v -0.02777710 0.02312398 0.06807177
v -0.02777710 0.02312398 0.06807177
v -0.02863220 0.03028304 0.06807177
v -0.02149741 0.03000251 0.06807177
v -0.02149741 0.03729914 0.06807177
v -0.02149741 0.03000251 0.06807177
v -0.02863220 0.03028304 0.06807177
v -0.02863220 0.03028304 0.06807177
v -0.02921485 0.03743941 0.06807177
v -0.02149741 0.03729914 0.06807177
v -0.02149741 0.06649106 0.06807177
v -0.02149741 0.07157308 0.06807177
v -0.01623467 0.07105517 0.06807177
v -0.01623467 0.07105517 0.06807177
v -0.01521773 0.06607026 0.06807177
v -0.02149741 0.06649106 0.06807177
v -0.02149741 0.05919443 0.06807177
v -0.02149741 0.06649106 0.06807177
v -0.01521773 0.06607026 0.06807177
v -0.01521773 0.06607026 0.06807177
v -0.01436263 0.05891389 0.06807177
v -0.02149741 0.05919443 0.06807177
v -0.02149741 0.05189510 0.06807177
v -0.02149741 0.05919443 0.06807177
v -0.01436263 0.05891389 0.06807177
v -0.01436263 0.05891389 0.06807177
v -0.01377998 0.05175483 0.06807177
v -0.02149741 0.05189510 0.06807177
v -0.02149741 0.04459847 0.06807177
v -0.02149741 0.05189510 0.06807177
v -0.01377998 0.05175483 0.06807177
v -0.01377998 0.05175483 0.06807177
v -0.01356688 0.04459847 0.06807177
v -0.02149741 0.04459847 0.06807177
v -0.01623467 0.01814177 0.06807177
v -0.02149741 0.01762386 0.06807177
v -0.02149741 0.02270318 0.06807177
v -0.02149741 0.02270318 0.06807177
v -0.01521773 0.02312398 0.06807177
v -0.01623467 0.01814177 0.06807177
v -0.01521773 0.02312398 0.06807177
v -0.02149741 0.02270318 0.06807177
v -0.02149741 0.03000251 0.06807177
v -0.02149741 0.03000251 0.06807177
v -0.01436263 0.03028304 0.06807177
v -0.01521773 0.02312398 0.06807177
v -0.01436263 0.03028304 0.06807177
v -0.02149741 0.03000251 0.06807177
v -0.02149741 0.03729914 0.06807177
v -0.02149741 0.03729914 0.06807177
v -0.01377998 0.03743941 0.06807177
v -0.01436263 0.03028304 0.06807177
v -0.01521773 0.06607026 0.06807177
v -0.01623467 0.07105517 0.06807177
v -0.01117423 0.06951761 0.06807177
v -0.01117423 0.06951761 0.06807177
v -0.00917811 0.06482403 0.06807177
v -0.01521773 0.06607026 0.06807177
v -0.01436263 0.05891389 0.06807177
v -0.01521773 0.06607026 0.06807177
v -0.00917811 0.06482403 0.06807177
v -0.00917811 0.06482403 0.06807177
v -0.00750299 0.05808308 0.06807177
v -0.01436263 0.05891389 0.06807177
v -0.01377998 0.05175483 0.06807177
v -0.01436263 0.05891389 0.06807177
v -0.00750299 0.05808308 0.06807177
v -0.00750299 0.05808308 0.06807177
v -0.00635926 0.05133942 0.06807177
v -0.01377998 0.05175483 0.06807177
v -0.01356688 0.04459847 0.06807177
v -0.01377998 0.05175483 0.06807177
v -0.00635926 0.05133942 0.06807177
v -0.00635926 0.05133942 0.06807177
v -0.00593846 0.04459847 0.06807177
v -0.01356688 0.04459847 0.06807177
v -0.01117423 0.01967663 0.06807177
v -0.01623467 0.01814177 0.06807177
v -0.01521773 0.02312398 0.06807177
v -0.01521773 0.02312398 0.06807177
v -0.00917811 0.02437021 0.06807177
v -0.01117423 0.01967663 0.06807177
v -0.00917811 0.02437021 0.06807177
v -0.01521773 0.02312398 0.06807177
v -0.01436263 0.03028304 0.06807177
v -0.01436263 0.03028304 0.06807177
v -0.00750299 0.03111386 0.06807177
v -0.00917811 0.02437021 0.06807177
v -0.00750299 0.03111386 0.06807177
v -0.01436263 0.03028304 0.06807177
v -0.01377998 0.03743941 0.06807177
v -0.01377998 0.03743941 0.06807177
v -0.00635926 0.03785482 0.06807177
v -0.00750299 0.03111386 0.06807177
v -0.03182060 0.06951761 0.06807177
v -0.02676016 0.07105517 0.06807177
v -0.02777710 0.06607026 0.06807177
v -0.02777710 0.06607026 0.06807177
v -0.03381672 0.06482403 0.06807177
v -0.03182060 0.06951761 0.06807177
v -0.03381672 0.06482403 0.06807177
v -0.02777710 0.06607026 0.06807177
v -0.02863220 0.05891389 0.06807177
v -0.02863220 0.05891389 0.06807177
v -0.03549454 0.05808308 0.06807177
v -0.03381672 0.06482403 0.06807177
v -0.03549454 0.05808308 0.06807177
v -0.02863220 0.05891389 0.06807177
v -0.02921485 0.05175483 0.06807177
v -0.02921485 0.05175483 0.06807177
v -0.03663556 0.05133942 0.06807177
v -0.03549454 0.05808308 0.06807177
v -0.03663556 0.05133942 0.06807177
v -0.02921485 0.05175483 0.06807177
v -0.02943065 0.04459847 0.06807177
v -0.02943065 0.04459847 0.06807177
v -0.03705637 0.04459847 0.06807177
v -0.03663556 0.05133942 0.06807177
v -0.02777710 0.02312398 0.06807177
v -0.02676016 0.01814177 0.06807177
v -0.03182060 0.01967663 0.06807177
v -0.03182060 0.01967663 0.06807177
v -0.03381672 0.02437021 0.06807177
v -0.02777710 0.02312398 0.06807177
v -0.02863220 0.03028304 0.06807177
v -0.02777710 0.02312398 0.06807177
v -0.03381672 0.02437021 0.06807177
v -0.03381672 0.02437021 0.06807177
v -0.03549454 0.03111386 0.06807177
v -0.02863220 0.03028304 0.06807177
v -0.02921485 0.03743941 0.06807177
v -0.02863220 0.03028304 0.06807177
v -0.03549454 0.03111386 0.06807177
v -0.03549454 0.03111386 0.06807177
v -0.03663556 0.03785482 0.06807177
v -0.02921485 0.03743941 0.06807177
v -0.00917811 0.06482403 0.06807177
v -0.01117423 0.06951761 0.06807177
v -0.00651032 0.06702516 0.06807177
v -0.00651032 0.06702516 0.06807177
v -0.00361325 0.06280094 0.06807177
v -0.00917811 0.06482403 0.06807177
v -0.00750299 0.05808308 0.06807177
v -0.00917811 0.06482403 0.06807177
v -0.00361325 0.06280094 0.06807177
v -0.00361325 0.06280094 0.06807177
v -0.00118014 0.05673435 0.06807177
v -0.00750299 0.05808308 0.06807177
v -0.00635926 0.05133942 0.06807177
v -0.00750299 0.05808308 0.06807177
v -0.00118014 0.05673435 0.06807177
v -0.00118014 0.05673435 0.06807177
v 0.00048150 0.05066506 0.06807177
v -0.00635926 0.05133942 0.06807177
v -0.00593846 0.04459847 0.06807177
v -0.00635926 0.05133942 0.06807177
v 0.00048150 0.05066506 0.06807177
v 0.00048150 0.05066506 0.06807177
v 0.00109112 0.04459847 0.06807177
v -0.00593846 0.04459847 0.06807177
v -0.00651032 0.02216908 0.06807177
v -0.01117423 0.01967663 0.06807177
v -0.00917811 0.02437021 0.06807177
v -0.00917811 0.02437021 0.06807177
v -0.00361325 0.02639331 0.06807177
v -0.00651032 0.02216908 0.06807177
v -0.00361325 0.02639331 0.06807177
v -0.00917811 0.02437021 0.06807177
v -0.00750299 0.03111386 0.06807177
v -0.00750299 0.03111386 0.06807177
v -0.00118014 0.03246259 0.06807177
v -0.00361325 0.02639331 0.06807177
v -0.00118014 0.03246259 0.06807177
v -0.00750299 0.03111386 0.06807177
v -0.00635926 0.03785482 0.06807177
v -0.00635926 0.03785482 0.06807177
v 0.00048150 0.03852918 0.06807177
v -0.00118014 0.03246259 0.06807177
v -0.03648451 0.06702516 0.06807177
v -0.03182060 0.06951761 0.06807177
v -0.03381672 0.06482403 0.06807177
v -0.03381672 0.06482403 0.06807177
v -0.03938158 0.06280094 0.06807177
v -0.03648451 0.06702516 0.06807177
v -0.03938158 0.06280094 0.06807177
v -0.03381672 0.06482403 0.06807177
v -0.03549454 0.05808308 0.06807177
v -0.03549454 0.05808308 0.06807177
v -0.04181469 0.05673435 0.06807177
v -0.03938158 0.06280094 0.06807177
v -0.04181469 0.05673435 0.06807177
v -0.03549454 0.05808308 0.06807177
v -0.03663556 0.05133942 0.06807177
v -0.03663556 0.05133942 0.06807177
v -0.04347633 0.05066506 0.06807177
v -0.04181469 0.05673435 0.06807177
v -0.04347633 0.05066506 0.06807177
v -0.03663556 0.05133942 0.06807177
v -0.03705637 0.04459847 0.06807177
v -0.03705637 0.04459847 0.06807177
v -0.04408595 0.04459847 0.06807177
v -0.04347633 0.05066506 0.06807177
v -0.03381672 0.02437021 0.06807177
v -0.03182060 0.01967663 0.06807177
v -0.03648451 0.02216908 0.06807177
v -0.03648451 0.02216908 0.06807177
v -0.03938158 0.02639331 0.06807177
v -0.03381672 0.02437021 0.06807177
v -0.03549454 0.03111386 0.06807177
v -0.03381672 0.02437021 0.06807177
v -0.03938158 0.02639331 0.06807177
v -0.03938158 0.02639331 0.06807177
v -0.04181469 0.03246259 0.06807177
v -0.03549454 0.03111386 0.06807177
v -0.03663556 0.03785482 0.06807177
v -0.03549454 0.03111386 0.06807177
v -0.04181469 0.03246259 0.06807177
v -0.04181469 0.03246259 0.06807177
v -0.04347633 0.03852918 0.06807177
v -0.03663556 0.03785482 0.06807177
v -0.00361325 0.02639331 0.06807177
v 0.00093197 0.02961138 0.06807177
v -0.00242367 0.02552472 0.06807177
v -0.00242367 0.02552472 0.06807177
v -0.00651032 0.02216908 0.06807177
v -0.00361325 0.02639331 0.06807177
v -0.00118014 0.03246259 0.06807177
v 0.00342443 0.03427529 0.06807177
v 0.00093197 0.02961138 0.06807177
v 0.00093197 0.02961138 0.06807177
v -0.00361325 0.02639331 0.06807177
v -0.00118014 0.03246259 0.06807177
v 0.00048150 0.03852918 0.06807177
v 0.00495928 0.03933572 0.06807177
v 0.00342443 0.03427529 0.06807177
v 0.00342443 0.03427529 0.06807177
v -0.00118014 0.03246259 0.06807177
v 0.00048150 0.03852918 0.06807177
v 0.00109112 0.04459847 0.06807177
v 0.00547719 0.04459847 0.06807177
v 0.00495928 0.03933572 0.06807177
v 0.00495928 0.03933572 0.06807177
v 0.00048150 0.03852918 0.06807177
v 0.00109112 0.04459847 0.06807177
v 0.00109112 0.04459847 0.06807177
v 0.00048150 0.05066506 0.06807177
v 0.00495928 0.04986122 0.06807177
v 0.00495928 0.04986122 0.06807177
v 0.00547719 0.04459847 0.06807177
v 0.00109112 0.04459847 0.06807177
v 0.00048150 0.05066506 0.06807177
v -0.00118014 0.05673435 0.06807177
v 0.00342443 0.05492165 0.06807177
v 0.00342443 0.05492165 0.06807177
v 0.00495928 0.04986122 0.06807177
v 0.00048150 0.05066506 0.06807177
v -0.00118014 0.05673435 0.06807177
v -0.00361325 0.06280094 0.06807177
v 0.00093197 0.05958286 0.06807177
v 0.00342443 0.05492165 0.06807177
v -0.00361325 0.06280094 0.06807177
v -0.00651032 0.06702516 0.06807177
v -0.00242367 0.06367222 0.06807177
v -0.00242367 0.06367222 0.06807177
v 0.00093197 0.05958286 0.06807177
v -0.00361325 0.06280094 0.06807177
v -0.03938158 0.06280094 0.06807177
v -0.04392680 0.05958286 0.06807177
v -0.04057116 0.06367222 0.06807177
v -0.04057116 0.06367222 0.06807177
v -0.03648451 0.06702516 0.06807177
v -0.03938158 0.06280094 0.06807177
v -0.03938158 0.02639331 0.06807177
v -0.03648451 0.02216908 0.06807177
v -0.04057116 0.02552472 0.06807177
v -0.04057116 0.02552472 0.06807177
v -0.04392680 0.02961138 0.06807177
v -0.03938158 0.02639331 0.06807177
v -0.04181469 0.03246259 0.06807177
v -0.03938158 0.02639331 0.06807177
v -0.04392680 0.02961138 0.06807177
v -0.04392680 0.02961138 0.06807177
v -0.04641926 0.03427529 0.06807177
v -0.04181469 0.03246259 0.06807177
v -0.04347633 0.03852918 0.06807177
v -0.04181469 0.03246259 0.06807177
v -0.04641926 0.03427529 0.06807177
v -0.04641926 0.03427529 0.06807177
v -0.04795411 0.03933572 0.06807177
v -0.04347633 0.03852918 0.06807177
v -0.04408595 0.04459847 0.06807177
v -0.04347633 0.03852918 0.06807177
v -0.04795411 0.03933572 0.06807177
v -0.04795411 0.03933572 0.06807177
v -0.04847202 0.04459847 0.06807177
v -0.04408595 0.04459847 0.06807177
v -0.04408595 0.04459847 0.06807177
v -0.04847202 0.04459847 0.06807177
v -0.04795411 0.04986122 0.06807177
v -0.04795411 0.04986122 0.06807177
v -0.04347633 0.05066506 0.06807177
v -0.04408595 0.04459847 0.06807177
v -0.04347633 0.05066506 0.06807177
v -0.04795411 0.04986122 0.06807177
v -0.04641926 0.05492165 0.06807177
v -0.04641926 0.05492165 0.06807177
v -0.04181469 0.05673435 0.06807177
v -0.04347633 0.05066506 0.06807177
v -0.04181469 0.05673435 0.06807177
v -0.04641926 0.05492165 0.06807177
v -0.04392680 0.05958286 0.06807177
v -0.04392680 0.05958286 0.06807177
v -0.03938158 0.06280094 0.06807177
v -0.04181469 0.05673435 0.06807177
v -0.03921704 0.04457959 0.33758858
v -0.04022858 0.04633024 0.33758858
v -0.04022858 0.04633024 0.37042207
v -0.04022858 0.04633024 0.37042207
v -0.03921704 0.04457959 0.37042207
v -0.03921704 0.04457959 0.33758858
v -0.04022858 0.04633024 0.33758858
v -0.04225168 0.04633024 0.33758858
v -0.04225168 0.04633024 0.37042207
v -0.04225168 0.04633024 0.37042207
v -0.04225168 0.04633024 0.33758858
v -0.04326323 0.04457959 0.33758858
v -0.04326323 0.04457959 0.37042207
v -0.04326323 0.04457959 0.33758858
v -0.04225168 0.04282624 0.33758858
v -0.04225168 0.04282894 0.37042207
v -0.04225168 0.04282894 0.37042207
v -0.04022858 0.04282624 0.33758858
v -0.04022858 0.04282894 0.37042207
v -0.04022858 0.04282624 0.33758858
v -0.03921704 0.04457959 0.33758858
v -0.03921704 0.04457959 0.37042207
v -0.03921704 0.04457959 0.37042207
v -0.03921704 0.04457959 0.37042207
v -0.04022858 0.04633024 0.37042207
v -0.03990489 0.04633024 0.37440352
v -0.03990489 0.04633024 0.37440352
v -0.03892841 0.04457959 0.37414187
v -0.03921704 0.04457959 0.37042207
v -0.04022858 0.04633024 0.37042207
v -0.04225168 0.04633024 0.37042207
v -0.04185785 0.04633024 0.37492683
v -0.04185785 0.04633024 0.37492683
v -0.04225168 0.04633024 0.37042207
v -0.04326323 0.04457959 0.37042207
v -0.04283703 0.04457959 0.37518849
v -0.04283703 0.04457959 0.37518849
v -0.04326323 0.04457959 0.37042207
v -0.04225168 0.04282894 0.37042207
v -0.04185785 0.04282894 0.37492683
v -0.04185785 0.04282894 0.37492683
v -0.04225168 0.04282894 0.37042207
v -0.04022858 0.04282894 0.37042207
v -0.03990489 0.04282624 0.37440352
v -0.03990489 0.04282624 0.37440352
v -0.04022858 0.04282894 0.37042207
v -0.03921704 0.04457959 0.37042207
v -0.03892841 0.04457959 0.37414187
v -0.03892841 0.04457959 0.37414187
v -0.03892841 0.04457959 0.37414187
v -0.03990489 0.04633024 0.37440352
v -0.03884209 0.04633024 0.37726014
v -0.03884209 0.04633024 0.37726014
v -0.03801397 0.04457959 0.37668018
v -0.03892841 0.04457959 0.37414187
v -0.03990489 0.04633024 0.37440352
v -0.04185785 0.04633024 0.37492683
v -0.04049833 0.04633024 0.37842004
v -0.04049833 0.04633024 0.37842004
v -0.04185785 0.04633024 0.37492683
v -0.04283703 0.04457959 0.37518849
v -0.04132645 0.04457959 0.37900000
v -0.04132645 0.04457959 0.37900000
v -0.04283703 0.04457959 0.37518849
v -0.04185785 0.04282894 0.37492683
v -0.04049833 0.04282624 0.37842004
v -0.04049833 0.04282624 0.37842004
v -0.04185785 0.04282894 0.37492683
v -0.03990489 0.04282624 0.37440352
v -0.03884209 0.04282624 0.37726014
v -0.03884209 0.04282624 0.37726014
v -0.03990489 0.04282624 0.37440352
v -0.03892841 0.04457959 0.37414187
v -0.03801397 0.04457959 0.37668018
v -0.03801397 0.04457959 0.37668018
v -0.03801397 0.04457959 0.37668018
v -0.03884209 0.04633024 0.37726014
v -0.03668682 0.04633024 0.38015721
v -0.03668682 0.04633024 0.38015721
v -0.03610686 0.04457959 0.37932909
v -0.03801397 0.04457959 0.37668018
v -0.03884209 0.04633024 0.37726014
v -0.04049833 0.04633024 0.37842004
v -0.03784672 0.04633024 0.38181615
v -0.03784672 0.04633024 0.38181615
v -0.04049833 0.04633024 0.37842004
v -0.04132645 0.04457959 0.37900000
v -0.03842668 0.04457959 0.38264427
v -0.03842668 0.04457959 0.38264427
v -0.04132645 0.04457959 0.37900000
v -0.04049833 0.04282624 0.37842004
v -0.03784672 0.04282624 0.38181615
v -0.03784672 0.04282624 0.38181615
v -0.04049833 0.04282624 0.37842004
v -0.03884209 0.04282624 0.37726014
v -0.03668682 0.04282894 0.38015721
v -0.03668682 0.04282894 0.38015721
v -0.03884209 0.04282624 0.37726014
v -0.03801397 0.04457959 0.37668018
v -0.03610686 0.04457959 0.37932909
v -0.03610686 0.04457959 0.37932909
v -0.03610686 0.04457959 0.37932909
v -0.03668682 0.04633024 0.38015721
v -0.03349302 0.04633024 0.38255255
v -0.03349302 0.04633024 0.38255255
v -0.03306413 0.04457959 0.38163542
v -0.03610686 0.04457959 0.37932909
v -0.03668682 0.04633024 0.38015721
v -0.03784672 0.04633024 0.38181615
v -0.03434812 0.04633024 0.38438413
v -0.03434812 0.04633024 0.38438413
v -0.03784672 0.04633024 0.38181615
v -0.03842668 0.04457959 0.38264427
v -0.03477432 0.04457959 0.38530127
v -0.03477432 0.04457959 0.38530127
v -0.03842668 0.04457959 0.38264427
v -0.03784672 0.04282624 0.38181615
v -0.03434812 0.04282894 0.38438413
v -0.03434812 0.04282894 0.38438413
v -0.03784672 0.04282624 0.38181615
v -0.03668682 0.04282894 0.38015721
v -0.03349302 0.04282894 0.38255255
v -0.03349302 0.04282894 0.38255255
v -0.03668682 0.04282894 0.38015721
v -0.03610686 0.04457959 0.37932909
v -0.03306413 0.04457959 0.38163542
v -0.03306413 0.04457959 0.38163542
v -0.03349302 0.04633024 0.38255255
v -0.02991619 0.04633024 0.38386352
v -0.02974085 0.04457959 0.38287085
v -0.02974085 0.04457959 0.38287085
v -0.03306413 0.04457959 0.38163542
v -0.03349302 0.04633024 0.38255255
v -0.03434812 0.04633024 0.38438413
v -0.03026416 0.04633024 0.38584885
v -0.02991619 0.04633024 0.38386352
v -0.03434812 0.04633024 0.38438413
v -0.03477432 0.04457959 0.38530127
v -0.03043950 0.04457959 0.38683882
v -0.03026416 0.04633024 0.38584885
v -0.03477432 0.04457959 0.38530127
v -0.03477432 0.04457959 0.38530127
v -0.03434812 0.04282894 0.38438413
v -0.03026416 0.04282624 0.38584885
v -0.03026416 0.04282624 0.38584885
v -0.03434812 0.04282894 0.38438413
v -0.03349302 0.04282894 0.38255255
v -0.02991619 0.04282624 0.38386352
v -0.02991619 0.04282624 0.38386352
v -0.03349302 0.04282894 0.38255255
v -0.03306413 0.04457959 0.38163542
v -0.02974085 0.04457959 0.38287085
v -0.02974085 0.04457959 0.38287085
v -0.02528195 0.04457959 0.38369897
v -0.02536827 0.04633024 0.38470782
v -0.02144886 0.04633024 0.38492902
v -0.02144886 0.04633024 0.38492902
v -0.02144886 0.04457959 0.38391747
v -0.02528195 0.04457959 0.38369897
v -0.02536827 0.04633024 0.38470782
v -0.02554630 0.04633024 0.38672283
v -0.02144886 0.04633024 0.38695211
v -0.02144886 0.04633024 0.38695211
v -0.02554630 0.04633024 0.38672283
v -0.02563262 0.04457959 0.38773168
v -0.02144886 0.04457959 0.38796366
v -0.02144886 0.04457959 0.38796366
v -0.02563262 0.04457959 0.38773168
v -0.02554630 0.04282624 0.38672283
v -0.02144886 0.04282894 0.38695211
v -0.02144886 0.04282894 0.38695211
v -0.02554630 0.04282624 0.38672283
v -0.02536827 0.04282624 0.38470782
v -0.02144886 0.04282624 0.38492902
v -0.02144886 0.04282624 0.38492902
v -0.02536827 0.04282624 0.38470782
v -0.02528195 0.04457959 0.38369897
v -0.02144886 0.04457959 0.38391747
v -0.02144886 0.04457959 0.38391747
v -0.02991619 0.04633024 0.38386352
v -0.02536827 0.04633024 0.38470782
v -0.02528195 0.04457959 0.38369897
v -0.02528195 0.04457959 0.38369897
v -0.02974085 0.04457959 0.38287085
v -0.02991619 0.04633024 0.38386352
v -0.03026416 0.04633024 0.38584885
v -0.02554630 0.04633024 0.38672283
v -0.02536827 0.04633024 0.38470782
v -0.03026416 0.04633024 0.38584885
v -0.03043950 0.04457959 0.38683882
v -0.02563262 0.04457959 0.38773168
v -0.02554630 0.04633024 0.38672283
v -0.03043950 0.04457959 0.38683882
v -0.02554630 0.04282624 0.38672283
v -0.03043950 0.04457959 0.38683882
v -0.03026416 0.04282624 0.38584885
v -0.02554630 0.04282624 0.38672283
v -0.02536827 0.04282624 0.38470782
v -0.03026416 0.04282624 0.38584885
v -0.02991619 0.04282624 0.38386352
v -0.02536827 0.04282624 0.38470782
v -0.02528195 0.04457959 0.38369897
v -0.02991619 0.04282624 0.38386352
v -0.02974085 0.04457959 0.38287085
v -0.02528195 0.04457959 0.38369897
v -0.00368069 0.04457959 0.33758858
v -0.00368069 0.04457959 0.37042207
v -0.00266914 0.04633024 0.37042207
v -0.00266914 0.04633024 0.37042207
v -0.00266914 0.04633024 0.33758858
v -0.00368069 0.04457959 0.33758858
v -0.00064604 0.04633024 0.37042207
v -0.00064604 0.04633024 0.37042207
v -0.00064604 0.04633024 0.33758858
v -0.00266914 0.04633024 0.33758858
v 0.00036551 0.04457959 0.37042207
v 0.00036551 0.04457959 0.37042207
v 0.00036551 0.04457959 0.33758858
v -0.00064604 0.04633024 0.33758858
v -0.00064604 0.04282894 0.37042207
v -0.00064604 0.04282894 0.37042207
v -0.00064604 0.04282624 0.33758858
v 0.00036551 0.04457959 0.33758858
v -0.00266914 0.04282894 0.37042207
v -0.00266914 0.04282894 0.37042207
v -0.00266914 0.04282624 0.33758858
v -0.00064604 0.04282624 0.33758858
v -0.00368069 0.04457959 0.37042207
v -0.00368069 0.04457959 0.37042207
v -0.00368069 0.04457959 0.33758858
v -0.00266914 0.04282624 0.33758858
v -0.00368069 0.04457959 0.37042207
v -0.00397201 0.04457959 0.37414187
v -0.00299283 0.04633024 0.37440352
v -0.00299283 0.04633024 0.37440352
v -0.00266914 0.04633024 0.37042207
v -0.00368069 0.04457959 0.37042207
v -0.00103987 0.04633024 0.37492683
v -0.00103987 0.04633024 0.37492683
v -0.00064604 0.04633024 0.37042207
v -0.00266914 0.04633024 0.37042207
v -0.00006339 0.04457959 0.37518849
v -0.00006339 0.04457959 0.37518849
v 0.00036551 0.04457959 0.37042207
v -0.00064604 0.04633024 0.37042207
v -0.00103987 0.04282894 0.37492683
v -0.00103987 0.04282894 0.37492683
v -0.00064604 0.04282894 0.37042207
v 0.00036551 0.04457959 0.37042207
v -0.00299283 0.04282624 0.37440352
v -0.00299283 0.04282624 0.37440352
v -0.00266914 0.04282894 0.37042207
v -0.00064604 0.04282894 0.37042207
v -0.00397201 0.04457959 0.37414187
v -0.00397201 0.04457959 0.37414187
v -0.00368069 0.04457959 0.37042207
v -0.00266914 0.04282894 0.37042207
v -0.00397201 0.04457959 0.37414187
v -0.00488645 0.04457959 0.37668018
v -0.00405563 0.04633024 0.37726014
v -0.00405563 0.04633024 0.37726014
v -0.00299283 0.04633024 0.37440352
v -0.00397201 0.04457959 0.37414187
v -0.00239939 0.04633024 0.37842004
v -0.00239939 0.04633024 0.37842004
v -0.00103987 0.04633024 0.37492683
v -0.00299283 0.04633024 0.37440352
v -0.00157127 0.04457959 0.37900000
v -0.00157127 0.04457959 0.37900000
v -0.00006339 0.04457959 0.37518849
v -0.00103987 0.04633024 0.37492683
v -0.00239939 0.04282624 0.37842004
v -0.00239939 0.04282624 0.37842004
v -0.00103987 0.04282894 0.37492683
v -0.00006339 0.04457959 0.37518849
v -0.00405563 0.04282624 0.37726014
v -0.00405563 0.04282624 0.37726014
v -0.00299283 0.04282624 0.37440352
v -0.00103987 0.04282894 0.37492683
v -0.00488645 0.04457959 0.37668018
v -0.00488645 0.04457959 0.37668018
v -0.00397201 0.04457959 0.37414187
v -0.00299283 0.04282624 0.37440352
v -0.00488645 0.04457959 0.37668018
v -0.00679086 0.04457959 0.37932909
v -0.00621090 0.04633024 0.38015721
v -0.00621090 0.04633024 0.38015721
v -0.00405563 0.04633024 0.37726014
v -0.00488645 0.04457959 0.37668018
v -0.00505100 0.04633024 0.38181615
v -0.00505100 0.04633024 0.38181615
v -0.00239939 0.04633024 0.37842004
v -0.00405563 0.04633024 0.37726014
v -0.00447104 0.04457959 0.38264427
v -0.00447104 0.04457959 0.38264427
v -0.00157127 0.04457959 0.37900000
v -0.00239939 0.04633024 0.37842004
v -0.00505100 0.04282624 0.38181615
v -0.00505100 0.04282624 0.38181615
v -0.00239939 0.04282624 0.37842004
v -0.00157127 0.04457959 0.37900000
v -0.00621090 0.04282894 0.38015721
v -0.00621090 0.04282894 0.38015721
v -0.00405563 0.04282624 0.37726014
v -0.00239939 0.04282624 0.37842004
v -0.00679086 0.04457959 0.37932909
v -0.00679086 0.04457959 0.37932909
v -0.00488645 0.04457959 0.37668018
v -0.00405563 0.04282624 0.37726014
v -0.00679086 0.04457959 0.37932909
v -0.00983359 0.04457959 0.38163542
v -0.00940470 0.04633024 0.38255255
v -0.00940470 0.04633024 0.38255255
v -0.00621090 0.04633024 0.38015721
v -0.00679086 0.04457959 0.37932909
v -0.00855230 0.04633024 0.38438413
v -0.00855230 0.04633024 0.38438413
v -0.00505100 0.04633024 0.38181615
v -0.00621090 0.04633024 0.38015721
v -0.00812340 0.04457959 0.38530127
v -0.00812340 0.04457959 0.38530127
v -0.00447104 0.04457959 0.38264427
v -0.00505100 0.04633024 0.38181615
v -0.00855230 0.04282894 0.38438413
v -0.00855230 0.04282894 0.38438413
v -0.00505100 0.04282624 0.38181615
v -0.00447104 0.04457959 0.38264427
v -0.00940470 0.04282894 0.38255255
v -0.00940470 0.04282894 0.38255255
v -0.00621090 0.04282894 0.38015721
v -0.00505100 0.04282624 0.38181615
v -0.00983359 0.04457959 0.38163542
v -0.00983359 0.04457959 0.38163542
v -0.00679086 0.04457959 0.37932909
v -0.00621090 0.04282894 0.38015721
v -0.00940470 0.04633024 0.38255255
v -0.00983359 0.04457959 0.38163542
v -0.01315687 0.04457959 0.38287085
v -0.01315687 0.04457959 0.38287085
v -0.01298423 0.04633024 0.38386352
v -0.00940470 0.04633024 0.38255255
v -0.00855230 0.04633024 0.38438413
v -0.01298423 0.04633024 0.38386352
v -0.01263356 0.04633024 0.38584885
v -0.00855230 0.04633024 0.38438413
v -0.00812340 0.04457959 0.38530127
v -0.01263356 0.04633024 0.38584885
v -0.01245822 0.04457959 0.38683882
v -0.00812340 0.04457959 0.38530127
v -0.01263356 0.04282624 0.38584885
v -0.01263356 0.04282624 0.38584885
v -0.00855230 0.04282894 0.38438413
v -0.00812340 0.04457959 0.38530127
v -0.01298423 0.04282624 0.38386352
v -0.01298423 0.04282624 0.38386352
v -0.00940470 0.04282894 0.38255255
v -0.00855230 0.04282894 0.38438413
v -0.01315687 0.04457959 0.38287085
v -0.01315687 0.04457959 0.38287085
v -0.00983359 0.04457959 0.38163542
v -0.00940470 0.04282894 0.38255255
v -0.01761847 0.04457959 0.38369897
v -0.02144886 0.04457959 0.38391747
v -0.02144886 0.04633024 0.38492902
v -0.02144886 0.04633024 0.38492902
v -0.01752945 0.04633024 0.38470782
v -0.01761847 0.04457959 0.38369897
v -0.02144886 0.04633024 0.38695211
v -0.02144886 0.04633024 0.38695211
v -0.01735411 0.04633024 0.38672283
v -0.01752945 0.04633024 0.38470782
v -0.02144886 0.04457959 0.38796366
v -0.02144886 0.04457959 0.38796366
v -0.01726510 0.04457959 0.38773168
v -0.01735411 0.04633024 0.38672283
v -0.02144886 0.04282894 0.38695211
v -0.02144886 0.04282894 0.38695211
v -0.01735411 0.04282624 0.38672283
v -0.01726510 0.04457959 0.38773168
v -0.02144886 0.04282624 0.38492902
v -0.02144886 0.04282624 0.38492902
v -0.01752945 0.04282624 0.38470782
v -0.01735411 0.04282624 0.38672283
v -0.02144886 0.04457959 0.38391747
v -0.02144886 0.04457959 0.38391747
v -0.01761847 0.04457959 0.38369897
v -0.01752945 0.04282624 0.38470782
v -0.01298423 0.04633024 0.38386352
v -0.01315687 0.04457959 0.38287085
v -0.01761847 0.04457959 0.38369897
v -0.01761847 0.04457959 0.38369897
v -0.01752945 0.04633024 0.38470782
v -0.01298423 0.04633024 0.38386352
v -0.01263356 0.04633024 0.38584885
v -0.01752945 0.04633024 0.38470782
v -0.01735411 0.04633024 0.38672283
v -0.01263356 0.04633024 0.38584885
v -0.01245822 0.04457959 0.38683882
v -0.01735411 0.04633024 0.38672283
v -0.01726510 0.04457959 0.38773168
v -0.01245822 0.04457959 0.38683882
v -0.01735411 0.04282624 0.38672283
v -0.01263356 0.04282624 0.38584885
v -0.01245822 0.04457959 0.38683882
v -0.01735411 0.04282624 0.38672283
v -0.01752945 0.04282624 0.38470782
v -0.01298423 0.04282624 0.38386352
v -0.01263356 0.04282624 0.38584885
v -0.01752945 0.04282624 0.38470782
v -0.01761847 0.04457959 0.38369897
v -0.01315687 0.04457959 0.38287085
v -0.01298423 0.04282624 0.38386352
v -0.01761847 0.04457959 0.38369897
vn 0.00000000 -0.81915675 0.57356972
vn 0.00000000 -0.81915675 0.57356972
vn 0.00000000 -0.81915675 0.57356972
vn 0.00000000 -0.81915675 0.57356972
vn 0.00000000 -0.81915675 0.57356972
vn 0.00000000 -0.81915675 0.57356972
vn 0.00000000 -0.81915675 0.57356972
vn 0.00000000 -0.81915675 0.57356972
vn 0.00000000 -0.81915675 0.57356972
vn 0.00000000 -0.81915675 0.57356972
vn 0.00000000 -0.81915675 0.57356972
vn 0.00000000 -0.81915675 0.57356972
vn 0.00000000 -0.81915675 0.57356972
vn 0.00000000 -0.81915675 0.57356972
vn 0.00000000 -0.81915675 0.57356972
vn 0.00000000 -0.81915675 0.57356972
vn 0.00000000 -0.81915675 0.57356972
vn 0.00000000 -0.81915675 0.57356972
vn 0.00000000 -0.81915675 0.57356972
vn 0.00000000 -0.81915675 0.57356972
vn 0.00000000 -0.81915675 0.57356972
vn 0.00000000 -0.81915675 0.57356972
vn 0.00000000 -0.81915675 0.57356972
vn 0.00000000 -0.81915675 0.57356972
vn 0.00000000 -0.81915675 0.57356972
vn 0.00000000 -0.81915675 0.57356972
vn 0.00000000 -0.81915675 0.57356972
vn 0.00000000 -0.81915675 0.57356972
vn 0.00000000 -0.81915675 0.57356972
vn 0.00000000 -0.81915675 0.57356972
vn 0.00000000 -0.81915675 0.57356972
vn 0.00000000 -0.81915675 0.57356972
vn 0.00000000 -0.81915675 0.57356972
vn 0.00000000 -0.81915675 0.57356972
vn 0.00000000 -0.81915675 0.57356972
vn 0.00000000 -0.81915675 0.57356972
vn 0.00000000 -0.87890254 0.47700138
vn 0.00000000 -0.88678090 0.46219004
vn 0.00000000 -0.81915675 0.57356972
vn 0.00000000 -0.81915675 0.57356972
vn 0.00000000 -0.81915675 0.57356972
vn 0.00000000 -0.87890254 0.47700138
vn 0.00000000 -0.81907686 0.57368379
vn 0.00000000 -0.81907686 0.57368379
vn 0.00000000 -0.81907686 0.57368379
vn 0.00000000 -0.81912385 0.57361670
vn 0.00000000 -0.81912385 0.57361670
vn 0.00000000 -0.81912385 0.57361670
vn 0.00000000 -0.88678090 0.46219004
vn 0.00000000 -0.88678090 0.46219004
vn 0.00000000 -0.81915675 0.57356972
vn 0.00000000 -0.81915675 0.57356972
vn 0.00000000 -0.81915675 0.57356972
vn 0.00000000 -0.88678090 0.46219004
vn 0.00000000 -0.81912385 0.57361670
vn 0.00000000 -0.81912385 0.57361670
vn 0.00000000 -0.81912385 0.57361670
vn 0.00000000 -0.81912385 0.57361670
vn 0.00000000 -0.81912385 0.57361670
vn 0.00000000 -0.81912385 0.57361670
vn 0.00000000 -0.88678090 0.46219004
vn 0.00000000 -0.88678090 0.46219004
vn 0.00000000 -0.81915675 0.57356972
vn 0.00000000 -0.81915675 0.57356972
vn 0.00000000 -0.81915675 0.57356972
vn 0.00000000 -0.88678090 0.46219004
vn 0.00000000 -0.81912385 0.57361670
vn 0.00000000 -0.81912385 0.57361670
vn 0.00000000 -0.81912385 0.57361670
vn 0.00000000 -0.81915675 0.57356972
vn 0.00000000 -0.81915675 0.57356972
vn 0.00000000 -0.81915675 0.57356972
vn 0.00000000 -0.88678090 0.46219004
vn 0.00000000 -0.88678090 0.46219004
vn 0.00000000 -0.81915675 0.57356972
vn 0.00000000 -0.81915675 0.57356972
vn 0.00000000 -0.81915675 0.57356972
vn 0.00000000 -0.88678090 0.46219004
vn 0.00000000 -0.81915675 0.57356972
vn 0.00000000 -0.81915675 0.57356972
vn 0.00000000 -0.81915675 0.57356972
vn 0.00000000 -0.81912385 0.57361670
vn 0.00000000 -0.81912385 0.57361670
vn 0.00000000 -0.81912385 0.57361670
vn 0.00000000 -0.88678090 0.46219004
vn 0.00000000 -0.88678090 0.46219004
vn 0.00000000 -0.81915675 0.57356972
vn 0.00000000 -0.81915675 0.57356972
vn 0.00000000 -0.81915675 0.57356972
vn 0.00000000 -0.88678090 0.46219004
vn 0.00000000 -0.81912385 0.57361670
vn 0.00000000 -0.81912385 0.57361670
vn 0.00000000 -0.81912385 0.57361670
vn 0.00000000 -0.81912385 0.57361670
vn 0.00000000 -0.81912385 0.57361670
vn 0.00000000 -0.81912385 0.57361670
vn 0.00000000 -0.88678090 0.46219004
vn 0.00000000 -0.87890254 0.47700138
vn 0.00000000 -0.81915675 0.57356972
vn 0.00000000 -0.81915675 0.57356972
vn 0.00000000 -0.81915675 0.57356972
vn 0.00000000 -0.88678090 0.46219004
vn 0.00000000 -0.81915675 0.57356972
vn 0.00000000 -0.81915675 0.57356972
vn 0.00000000 -0.81915675 0.57356972
vn 0.00000000 -0.81915675 0.57356972
vn 0.00000000 -0.81915675 0.57356972
vn 0.00000000 -0.81915675 0.57356972
vn 0.00000000 -0.81912385 0.57361670
vn 0.00000000 -0.81912385 0.57361670
vn 0.00000000 -0.81912385 0.57361670
vn 0.00000000 -0.81912385 0.57361670
vn 0.00000000 -0.81912385 0.57361670
vn 0.00000000 -0.81912385 0.57361670
vn 0.00000000 -0.88678090 0.46219004
vn 0.00000000 -0.88678090 0.46219004
vn 0.00000000 -0.81915675 0.57356972
vn 0.00000000 -0.81915675 0.57356972
vn 0.00000000 -0.81915675 0.57356972
vn 0.00000000 -0.88678090 0.46219004
vn 0.00000000 -0.81915675 0.57356972
vn 0.00000000 -0.81915675 0.57356972
vn 0.00000000 -0.81915675 0.57356972
vn 0.00000000 -0.81915675 0.57356972
vn 0.00000000 -0.81915675 0.57356972
vn 0.00000000 -0.81915675 0.57356972
vn 0.00000000 -0.88678090 0.46219004
vn 0.00000000 -0.88678090 0.46219004
vn 0.00000000 -0.81915675 0.57356972
vn 0.00000000 -0.81915675 0.57356972
vn 0.00000000 -0.81915675 0.57356972
vn 0.00000000 -0.88678090 0.46219004
vn 0.00000000 -0.81912385 0.57361670
vn 0.00000000 -0.81912385 0.57361670
vn 0.00000000 -0.81912385 0.57361670
vn 0.00000000 -0.81920373 0.57350261
vn 0.00000000 -0.81920373 0.57350261
vn 0.00000000 -0.81920373 0.57350261
vn 0.00000000 -0.88678090 0.46219004
vn 0.00000000 -0.88678090 0.46219004
vn 0.00000000 -0.81915675 0.57356972
vn 0.00000000 -0.81915675 0.57356972
vn 0.00000000 -0.81915675 0.57356972
vn 0.00000000 -0.88678090 0.46219004
vn 0.00000000 -0.81912385 0.57361670
vn 0.00000000 -0.81912385 0.57361670
vn 0.00000000 -0.81912385 0.57361670
vn 0.00000000 -0.81912385 0.57361670
vn 0.00000000 -0.81912385 0.57361670
vn 0.00000000 -0.81912385 0.57361670
vn 0.00000000 -0.88678090 0.46219004
vn 0.00000000 -0.88678090 0.46219004
vn 0.00000000 -0.81915675 0.57356972
vn 0.00000000 -0.81912385 0.57361670
vn 0.00000000 -0.81912385 0.57361670
vn 0.00000000 -0.88678090 0.46219004
vn 0.00000000 -0.81912385 0.57361670
vn 0.00000000 -0.81912385 0.57361670
vn 0.00000000 -0.81912385 0.57361670
vn 0.00000000 -0.81915675 0.57356972
vn 0.00000000 -0.81915675 0.57356972
vn 0.00000000 -0.81915675 0.57356972
vn 0.00000000 -0.88678090 0.46219004
vn 0.00000000 -0.88678090 0.46219004
vn 0.00000000 -0.81915675 0.57356972
vn 0.00000000 -0.81915675 0.57356972
vn 0.00000000 -0.81915675 0.57356972
vn 0.00000000 -0.88678090 0.46219004
vn 0.00000000 -0.81912385 0.57361670
vn 0.00000000 -0.81912385 0.57361670
vn 0.00000000 -0.81912385 0.57361670
vn 0.00000000 -0.81912385 0.57361670
vn 0.00000000 -0.81912385 0.57361670
vn 0.00000000 -0.81912385 0.57361670
vn 0.00000000 -0.81912385 0.57361670
vn 0.00000000 -0.81912385 0.57361670
vn 0.00000000 -0.81912385 0.57361670
vn 0.00000000 -0.81912385 0.57361670
vn 0.00000000 -0.81912385 0.57361670
vn 0.00000000 -0.81912385 0.57361670
vn 0.00000000 -0.81915675 0.57356972
vn 0.00000000 -0.81915675 0.57356972
vn 0.00000000 -0.81915675 0.57356972
vn 0.00000000 -0.81912385 0.57361670
vn 0.00000000 -0.81912385 0.57361670
vn 0.00000000 -0.81912385 0.57361670
vn 0.00000000 -0.81912385 0.57361670
vn 0.00000000 -0.81912385 0.57361670
vn 0.00000000 -0.81912385 0.57361670
vn 0.00000000 -0.81915675 0.57356972
vn 0.00000000 -0.81915675 0.57356972
vn 0.00000000 -0.81915675 0.57356972
vn 0.00000000 -0.81915675 0.57356972
vn 0.00000000 -0.81915675 0.57356972
vn 0.00000000 -0.81915675 0.57356972
vn 0.00000000 -0.81912385 0.57361670
vn 0.00000000 -0.81912385 0.57361670
vn 0.00000000 -0.81912385 0.57361670
vn 0.00000000 -0.81912385 0.57361670
vn 0.00000000 -0.81912385 0.57361670
vn 0.00000000 -0.81912385 0.57361670
vn 0.00000000 -0.81912385 0.57361670
vn 0.00000000 -0.81912385 0.57361670
vn 0.00000000 -0.81912385 0.57361670
vn 0.00000000 -0.81915675 0.57356972
vn 0.00000000 -0.81915675 0.57356972
vn 0.00000000 -0.81915675 0.57356972
vn 0.00000000 -0.81915675 0.57356972
vn 0.00000000 -0.81915675 0.57356972
vn 0.00000000 -0.81915675 0.57356972
vn 0.00000000 -0.81912385 0.57361670
vn 0.00000000 -0.81912385 0.57361670
vn 0.00000000 -0.81912385 0.57361670
vn 0.00000000 -0.81915675 0.57356972
vn 0.00000000 -0.81915675 0.57356972
vn 0.00000000 -0.81915675 0.57356972
vn 0.00000000 -0.81915675 0.57356972
vn 0.00000000 -0.81915675 0.57356972
vn 0.00000000 -0.81915675 0.57356972
vn 0.00000000 -0.81912385 0.57361670
vn 0.00000000 -0.81912385 0.57361670
vn 0.00000000 -0.81912385 0.57361670
vn 0.00000000 -0.81912385 0.57361670
vn 0.00000000 -0.81912385 0.57361670
vn 0.00000000 -0.81912385 0.57361670
vn 0.00000000 -0.81915675 0.57356972
vn 0.00000000 -0.81915675 0.57356972
vn 0.00000000 -0.81915675 0.57356972
vn 0.00000000 -0.81912385 0.57361670
vn 0.00000000 -0.81912385 0.57361670
vn 0.00000000 -0.81912385 0.57361670
vn 0.00000000 -0.81915675 0.57356972
vn 0.00000000 -0.81915675 0.57356972
vn 0.00000000 -0.81915675 0.57356972
vn 0.00000000 -0.81915675 0.57356972
vn 0.00000000 -0.81915675 0.57356972
vn 0.00000000 -0.81915675 0.57356972
vn 0.00000000 -0.81912385 0.57361670
vn 0.00000000 -0.81912385 0.57361670
vn 0.00000000 -0.81912385 0.57361670
vn 0.00000000 -0.81915675 0.57356972
vn 0.00000000 -0.81915675 0.57356972
vn 0.00000000 -0.81915675 0.57356972
vn 0.00000000 -0.81915675 0.57356972
vn 0.00000000 -0.81915675 0.57356972
vn 0.00000000 -0.81915675 0.57356972
vn 0.00000000 -0.81915675 0.57356972
vn 0.00000000 -0.81915675 0.57356972
vn 0.00000000 -0.81915675 0.57356972
vn 0.00000000 -0.81915675 0.57356972
vn 0.00000000 -0.81915675 0.57356972
vn 0.00000000 -0.81915675 0.57356972
vn 0.00000000 -0.81915675 0.57356972
vn 0.00000000 -0.81915675 0.57356972
vn 0.00000000 -0.81915675 0.57356972
vn 0.00000000 -0.81915675 0.57356972
vn 0.00000000 -0.81915675 0.57356972
vn 0.00000000 -0.81915675 0.57356972
vn 0.00000000 -0.81915675 0.57356972
vn 0.00000000 -0.81915675 0.57356972
vn 0.00000000 -0.81915675 0.57356972
vn 0.00000000 -0.81915675 0.57356972
vn 0.00000000 -0.81915675 0.57356972
vn 0.00000000 -0.81915675 0.57356972
vn 0.00000000 -0.81915675 0.57356972
vn 0.00000000 -0.81915675 0.57356972
vn 0.00000000 -0.81915675 0.57356972
vn 0.00000000 -0.81912385 0.57361670
vn 0.00000000 -0.81912385 0.57361670
vn 0.00000000 -0.81912385 0.57361670
vn 0.00000000 -0.81915675 0.57356972
vn 0.00000000 -0.81915675 0.57356972
vn 0.00000000 -0.81915675 0.57356972
vn 0.00000000 -0.81912385 0.57361670
vn 0.00000000 -0.81912385 0.57361670
vn 0.00000000 -0.81912385 0.57361670
vn 0.00000000 -0.81912385 0.57361670
vn 0.00000000 -0.81912385 0.57361670
vn 0.00000000 -0.81912385 0.57361670
vn 0.00000000 -0.81912385 0.57361670
vn 0.00000000 -0.81912385 0.57361670
vn 0.00000000 -0.81912385 0.57361670
vn 0.00000000 -0.81915675 0.57356972
vn 0.00000000 -0.81915675 0.57356972
vn 0.00000000 -0.81915675 0.57356972
vn 0.00000000 -0.81912385 0.57361670
vn 0.00000000 -0.81912385 0.57361670
vn 0.00000000 -0.81912385 0.57361670
vn 0.00000000 -0.81912385 0.57361670
vn 0.00000000 -0.81912385 0.57361670
vn 0.00000000 -0.81912385 0.57361670
vn 0.00000000 -0.81915675 0.57356972
vn 0.00000000 -0.81915675 0.57356972
vn 0.00000000 -0.81915675 0.57356972
vn 0.00000000 -0.81915675 0.57356972
vn 0.00000000 -0.81915675 0.57356972
vn 0.00000000 -0.81915675 0.57356972
vn 0.00000000 -0.81915675 0.57356972
vn 0.00000000 -0.81915675 0.57356972
vn 0.00000000 -0.81915675 0.57356972
vn 0.00000000 -0.81915675 0.57356972
vn 0.00000000 -0.81915675 0.57356972
vn 0.00000000 -0.81915675 0.57356972
vn 0.00000000 -0.81915675 0.57356972
vn 0.00000000 -0.81915675 0.57356972
vn 0.00000000 -0.81915675 0.57356972
vn 0.00000000 -0.81912385 0.57361670
vn 0.00000000 -0.81912385 0.57361670
vn 0.00000000 -0.81912385 0.57361670
vn 0.00000000 -0.81915675 0.57356972
vn 0.00000000 -0.81915675 0.57356972
vn 0.00000000 -0.81915675 0.57356972
vn 0.00000000 -0.98690528 -0.16130086
vn 0.00000000 -0.98690528 -0.16130086
vn 0.00000000 -0.98690528 -0.16130086
vn 0.00000000 -0.98690528 -0.16130086
vn 0.00000000 -0.98690528 -0.16130086
vn 0.00000000 -0.98690528 -0.16130086
vn 0.00000000 -0.98690528 -0.16130086
vn 0.00000000 -0.98690528 -0.16130086
vn 0.00000000 -0.98690528 -0.16130086
vn 0.00000000 -0.98690528 -0.16130086
vn 0.00000000 -0.98690528 -0.16130086
vn 0.00000000 -0.98690528 -0.16130086
vn 0.00000000 -0.98690528 -0.16130086
vn 0.00000000 -0.98690528 -0.16130086
vn 0.00000000 -0.98690528 -0.16130086
vn 0.00000000 -0.98690528 -0.16130086
vn 0.00000000 -0.98690528 -0.16130086
vn 0.00000000 -0.98690528 -0.16130086
vn 0.00000000 -0.98690528 -0.16130086
vn 0.00000000 -0.98690528 -0.16130086
vn 0.00000000 -0.98690528 -0.16130086
vn 0.00000000 -0.98690528 -0.16130086
vn 0.00000000 -0.98690528 -0.16130086
vn 0.00000000 -0.98690528 -0.16130086
vn 0.00000000 -0.98690528 -0.16130086
vn 0.00000000 -0.98690528 -0.16130086
vn 0.00000000 -0.98690528 -0.16130086
vn 0.00000000 -0.98690528 -0.16130086
vn 0.00000000 -0.98690528 -0.16130086
vn 0.00000000 -0.98690528 -0.16130086
vn 0.00000000 -0.98690528 -0.16130086
vn 0.00000000 -0.98690528 -0.16130086
vn 0.00000000 -0.98690528 -0.16130086
vn 0.00000000 -0.98690528 -0.16130086
vn 0.00000000 -0.98690528 -0.16130086
vn 0.00000000 -0.98690528 -0.16130086
vn 0.00000000 -0.98690528 -0.16130086
vn 0.00000000 -0.98690528 -0.16130086
vn 0.00000000 -0.98690528 -0.16130086
vn 0.00000000 -0.98690528 -0.16130086
vn 0.00000000 -0.98690528 -0.16130086
vn 0.00000000 -0.98690528 -0.16130086
vn 0.00000000 -0.98690528 -0.16130086
vn 0.00000000 -0.98690528 -0.16130086
vn 0.00000000 -0.98690528 -0.16130086
vn 0.00000000 -0.98690528 -0.16130086
vn 0.00000000 -0.98690528 -0.16130086
vn 0.00000000 -0.98690528 -0.16130086
vn 0.00000000 -0.98690528 -0.16130086
vn 0.00000000 -0.98690528 -0.16130086
vn 0.00000000 -0.98690528 -0.16130086
vn 0.00000000 -0.98690528 -0.16130086
vn 0.00000000 -0.98690528 -0.16130086
vn 0.00000000 -0.98690528 -0.16130086
vn 0.00000000 -0.98690528 -0.16130086
vn 0.00000000 -0.98690528 -0.16130086
vn 0.00000000 -0.98690528 -0.16130086
vn 0.00000000 -0.98690528 -0.16130086
vn 0.00000000 -0.98690528 -0.16130086
vn 0.00000000 -0.98690528 -0.16130086
vn 0.00000000 -0.98690528 -0.16130086
vn 0.00000000 -0.98690528 -0.16130086
vn 0.00000000 -0.98690528 -0.16130086
vn 0.00000000 -0.98690528 -0.16130086
vn 0.00000000 -0.98690528 -0.16130086
vn 0.00000000 -0.98690528 -0.16130086
vn 0.00000000 -0.99296646 -0.11839600
vn 0.00000000 -0.99880367 -0.04890018
vn 0.00910013 -0.99791475 -0.06390094
vn 0.00910013 -0.99791475 -0.06390094
vn 0.00000000 -0.99471224 -0.10270126
vn 0.00000000 -0.99296646 -0.11839600
vn 0.00000000 -0.99471224 -0.10270126
vn 0.00849981 -0.99577817 -0.09139800
vn 0.00939968 -0.99276610 -0.11969591
vn 0.00000000 -0.99471224 -0.10270126
vn 0.00000000 -0.99471224 -0.10270126
vn 0.00609967 -0.98964712 -0.14339234
vn 0.00329989 -0.98746644 -0.15779464
vn 0.00329989 -0.98746644 -0.15779464
vn 0.00000000 -0.99471224 -0.10270126
vn 0.00000000 -0.99471224 -0.10270126
vn 0.00000000 -0.99471224 -0.10270126
vn 0.00000000 -0.98667623 -0.16269608
vn -0.00330010 -0.98752869 -0.15740457
vn -0.00330015 -0.98754423 -0.15730705
vn 0.00000000 -0.99471224 -0.10270126
vn 0.00000000 -0.99471224 -0.10270126
vn 0.00000000 -0.99471224 -0.10270126
vn -0.00610020 -0.98973210 -0.14280463
vn -0.00940020 -0.99292118 -0.11840253
vn 0.00000000 -0.99471224 -0.10270126
vn 0.00000000 -0.99471224 -0.10270126
vn -0.00849959 -0.99585149 -0.09059559
vn -0.01849952 -0.99697433 -0.07549806
vn -0.01849952 -0.99697433 -0.07549806
vn 0.00000000 -0.99296646 -0.11839600
vn 0.00000000 -0.99471224 -0.10270126
vn 0.00600028 -0.98964566 -0.14340662
vn 0.00000000 -0.99471224 -0.10270126
vn 0.00000000 -0.98667623 -0.16269608
vn 0.00000000 -0.99471224 -0.10270126
vn -0.00600020 -0.98973270 -0.14280472
vn 0.00000000 -0.99471224 -0.10270126
vn -0.00850043 -0.99585067 -0.09060461
vn 0.00000000 -0.99471224 -0.10270126
vn 0.00000000 -0.98690528 -0.16130086
vn 0.00000000 -0.98690528 -0.16130086
vn 0.00000000 -0.98690528 -0.16130086
vn 0.00000000 -0.98690528 -0.16130086
vn 0.00000000 -0.98690528 -0.16130086
vn 0.00000000 -0.98690528 -0.16130086
vn 0.00000000 -0.98690528 -0.16130086
vn 0.00000000 -0.98690528 -0.16130086
vn 0.00000000 -0.98690528 -0.16130086
vn 0.00000000 -0.98690528 -0.16130086
vn 0.00000000 -0.98690528 -0.16130086
vn 0.00000000 -0.98690528 -0.16130086
vn 0.00000000 -0.98690528 -0.16130086
vn 0.00000000 -0.98690528 -0.16130086
vn 0.00000000 -0.98690528 -0.16130086
vn 0.00000000 -0.98690528 -0.16130086
vn 0.00000000 -0.98690528 -0.16130086
vn 0.00000000 -0.98690528 -0.16130086
vn 0.00000000 -0.98915024 0.14690746
vn 0.00000000 -0.97838395 0.20679661
vn 0.00000000 -0.99408570 -0.10859844
vn 0.00000000 -0.99408570 -0.10859844
vn 0.00000000 -0.98874780 -0.14959210
vn 0.00000000 -0.98915024 0.14690746
vn 0.00000000 -0.97177860 -0.23589480
vn 0.00000000 -0.97089657 -0.23949915
vn 0.00000000 -0.97615175 -0.21708927
vn 0.00000000 -0.97615175 -0.21708927
vn 0.00000000 -0.98074189 -0.19530834
vn 0.00000000 -0.97177860 -0.23589480
vn 0.00000000 -0.98074189 -0.19530834
vn 0.00000000 -0.97615175 -0.21708927
vn 0.00000000 -0.98690528 -0.16130086
vn 0.00000000 -0.98690528 -0.16130086
vn 0.00000000 -0.98690528 -0.16130086
vn 0.00000000 -0.98074189 -0.19530834
vn 0.00000000 -0.98690528 -0.16130086
vn 0.00000000 -0.98690528 -0.16130086
vn 0.00000000 -0.98690528 -0.16130086
vn 0.00000000 -0.98690528 -0.16130086
vn 0.00000000 -0.98690528 -0.16130086
vn 0.00000000 -0.98690528 -0.16130086
vn 0.00000000 -0.98690528 -0.16130086
vn 0.00000000 -0.98690528 -0.16130086
vn 0.00000000 -0.98690528 -0.16130086
vn 0.00000000 -0.98690528 -0.16130086
vn 0.00000000 -0.98690528 -0.16130086
vn 0.00000000 -0.98690528 -0.16130086
vn 0.00000000 -0.98690528 -0.16130086
vn 0.00000000 -0.98690528 -0.16130086
vn 0.00000000 -0.98690528 -0.16130086
vn 0.00000000 -0.98690528 -0.16130086
vn 0.00000000 -0.98690528 -0.16130086
vn 0.00000000 -0.98690528 -0.16130086
vn 0.00000000 -0.98915024 0.14690746
vn 0.00000000 -0.98915024 0.14690746
vn 0.00000000 -0.98874780 -0.14959210
vn 0.00000000 -0.98874780 -0.14959210
vn 0.00000000 -0.98874780 -0.14959210
vn 0.00000000 -0.98915024 0.14690746
vn 0.00000000 -0.97177860 -0.23589480
vn 0.00000000 -0.97177860 -0.23589480
vn 0.00000000 -0.98074189 -0.19530834
vn 0.00000000 -0.98074189 -0.19530834
vn 0.00000000 -0.98074189 -0.19530834
vn 0.00000000 -0.97177860 -0.23589480
vn 0.00000000 -0.98074189 -0.19530834
vn 0.00000000 -0.98074189 -0.19530834
vn 0.00000000 -0.98690528 -0.16130086
vn 0.00000000 -0.98690528 -0.16130086
vn 0.00000000 -0.98690528 -0.16130086
vn 0.00000000 -0.98074189 -0.19530834
vn 0.00000000 -0.98690528 -0.16130086
vn 0.00000000 -0.98690528 -0.16130086
vn 0.00000000 -0.98690528 -0.16130086
vn 0.00000000 -0.98690528 -0.16130086
vn 0.00000000 -0.98690528 -0.16130086
vn 0.00000000 -0.98690528 -0.16130086
vn 0.00000000 -0.98690528 -0.16130086
vn 0.00000000 -0.98690528 -0.16130086
vn 0.00000000 -0.98690528 -0.16130086
vn 0.00000000 -0.98690528 -0.16130086
vn 0.00000000 -0.98690528 -0.16130086
vn 0.00000000 -0.98690528 -0.16130086
vn 0.00000000 -0.98690528 -0.16130086
vn 0.00000000 -0.98690528 -0.16130086
vn 0.00000000 -0.98690528 -0.16130086
vn 0.00000000 -0.98690528 -0.16130086
vn 0.00000000 -0.98690528 -0.16130086
vn 0.00000000 -0.98690528 -0.16130086
vn 0.00000000 -0.98913570 0.14700531
vn 0.00000000 -0.98913570 0.14700531
vn 0.00000000 -0.98874780 -0.14959210
vn 0.00000000 -0.98874780 -0.14959210
vn 0.00000000 -0.98874780 -0.14959210
vn 0.00000000 -0.98915024 0.14690746
vn 0.00000000 -0.97177860 -0.23589480
vn 0.00000000 -0.97177860 -0.23589480
vn 0.00000000 -0.98074189 -0.19530834
vn 0.00000000 -0.98074189 -0.19530834
vn 0.00000000 -0.98074189 -0.19530834
vn 0.00000000 -0.97177860 -0.23589480
vn 0.00000000 -0.98074189 -0.19530834
vn 0.00000000 -0.98074189 -0.19530834
vn 0.00000000 -0.98690528 -0.16130086
vn 0.00000000 -0.98690528 -0.16130086
vn 0.00000000 -0.98690528 -0.16130086
vn 0.00000000 -0.98074189 -0.19530834
vn 0.00000000 -0.98690528 -0.16130086
vn 0.00000000 -0.98690528 -0.16130086
vn 0.00000000 -0.98690528 -0.16130086
vn 0.00000000 -0.98690528 -0.16130086
vn 0.00000000 -0.98690528 -0.16130086
vn 0.00000000 -0.98690528 -0.16130086
vn 0.00000000 -0.98690528 -0.16130086
vn 0.00000000 -0.98690528 -0.16130086
vn 0.00000000 -0.98690528 -0.16130086
vn 0.00000000 -0.98690528 -0.16130086
vn 0.00000000 -0.98690528 -0.16130086
vn 0.00000000 -0.98690528 -0.16130086
vn 0.00000000 -0.98690528 -0.16130086
vn 0.00000000 -0.98690528 -0.16130086
vn 0.00000000 -0.98690528 -0.16130086
vn 0.00000000 -0.98690528 -0.16130086
vn 0.00000000 -0.98690528 -0.16130086
vn 0.00000000 -0.98690528 -0.16130086
vn 0.00000000 -0.98874780 -0.14959210
vn 0.00000000 -0.98915024 0.14690746
vn 0.00000000 -0.98915024 0.14690746
vn 0.00000000 -0.98915024 0.14690746
vn 0.00000000 -0.98874780 -0.14959210
vn 0.00000000 -0.98874780 -0.14959210
vn 0.00000000 -0.98074189 -0.19530834
vn 0.00000000 -0.97177860 -0.23589480
vn 0.00000000 -0.97177860 -0.23589480
vn 0.00000000 -0.97177860 -0.23589480
vn 0.00000000 -0.98074189 -0.19530834
vn 0.00000000 -0.98074189 -0.19530834
vn 0.00000000 -0.98690528 -0.16130086
vn 0.00000000 -0.98074189 -0.19530834
vn 0.00000000 -0.98074189 -0.19530834
vn 0.00000000 -0.98074189 -0.19530834
vn 0.00000000 -0.98690528 -0.16130086
vn 0.00000000 -0.98690528 -0.16130086
vn 0.00000000 -0.98690528 -0.16130086
vn 0.00000000 -0.98690528 -0.16130086
vn 0.00000000 -0.98690528 -0.16130086
vn 0.00000000 -0.98690528 -0.16130086
vn 0.00000000 -0.98690528 -0.16130086
vn 0.00000000 -0.98690528 -0.16130086
vn 0.00000000 -0.98690528 -0.16130086
vn 0.00000000 -0.98690528 -0.16130086
vn 0.00000000 -0.98690528 -0.16130086
vn 0.00000000 -0.98690528 -0.16130086
vn 0.00000000 -0.98690528 -0.16130086
vn 0.00000000 -0.98690528 -0.16130086
vn 0.00000000 -0.98690528 -0.16130086
vn 0.00000000 -0.98690528 -0.16130086
vn 0.00000000 -0.98690528 -0.16130086
vn 0.00000000 -0.98690528 -0.16130086
vn 0.00000000 -0.98690528 -0.16130086
vn 0.00000000 -0.98690528 -0.16130086
vn 0.00000000 -0.98874780 -0.14959210
vn 0.00000000 -0.98915024 0.14690746
vn 0.00000000 -0.98915024 0.14690746
vn 0.00000000 -0.98915024 0.14690746
vn 0.00000000 -0.98874780 -0.14959210
vn 0.00000000 -0.98874780 -0.14959210
vn 0.00000000 -0.98074189 -0.19530834
vn 0.00000000 -0.97177860 -0.23589480
vn 0.00000000 -0.97177860 -0.23589480
vn 0.00000000 -0.97177860 -0.23589480
vn 0.00000000 -0.98074189 -0.19530834
vn 0.00000000 -0.98074189 -0.19530834
vn 0.00000000 -0.98690528 -0.16130086
vn 0.00000000 -0.98074189 -0.19530834
vn 0.00000000 -0.98074189 -0.19530834
vn 0.00000000 -0.98074189 -0.19530834
vn 0.00000000 -0.98690528 -0.16130086
vn 0.00000000 -0.98690528 -0.16130086
vn 0.00000000 -0.98690528 -0.16130086
vn 0.00000000 -0.98690528 -0.16130086
vn 0.00000000 -0.98690528 -0.16130086
vn 0.00000000 -0.98690528 -0.16130086
vn 0.00000000 -0.98690528 -0.16130086
vn 0.00000000 -0.98690528 -0.16130086
vn 0.00000000 -0.98690528 -0.16130086
vn 0.00000000 -0.98690528 -0.16130086
vn 0.00000000 -0.98690528 -0.16130086
vn 0.00000000 -0.98690528 -0.16130086
vn 0.00000000 -0.98690528 -0.16130086
vn 0.00000000 -0.98690528 -0.16130086
vn 0.00000000 -0.98690528 -0.16130086
vn 0.00000000 -0.98690528 -0.16130086
vn 0.00000000 -0.98690528 -0.16130086
vn 0.00000000 -0.98690528 -0.16130086
vn 0.00000000 -0.98690528 -0.16130086
vn 0.00000000 -0.98690528 -0.16130086
vn 0.00000000 -0.99408570 -0.10859844
vn 0.00000000 -0.97838395 0.20679661
vn 0.00000000 -0.98915024 0.14690746
vn 0.00000000 -0.98915024 0.14690746
vn 0.00000000 -0.98874780 -0.14959210
vn 0.00000000 -0.99408570 -0.10859844
vn 0.00000000 -0.97615175 -0.21708927
vn 0.00000000 -0.97089657 -0.23949915
vn 0.00000000 -0.97177860 -0.23589480
vn 0.00000000 -0.97177860 -0.23589480
vn 0.00000000 -0.98074189 -0.19530834
vn 0.00000000 -0.97615175 -0.21708927
vn 0.00000000 -0.98690528 -0.16130086
vn 0.00000000 -0.97615175 -0.21708927
vn 0.00000000 -0.98074189 -0.19530834
vn 0.00000000 -0.98074189 -0.19530834
vn 0.00000000 -0.98690528 -0.16130086
vn 0.00000000 -0.98690528 -0.16130086
vn 0.00000000 -0.98690528 -0.16130086
vn 0.00000000 -0.98690528 -0.16130086
vn 0.00000000 -0.98690528 -0.16130086
vn 0.00000000 -0.98690528 -0.16130086
vn 0.00000000 -0.98690528 -0.16130086
vn 0.00000000 -0.98690528 -0.16130086
vn 0.00000000 -0.98688936 -0.16139826
vn 0.00000000 -0.98688936 -0.16139826
vn 0.00000000 -0.98688936 -0.16139826
vn 0.00000000 -0.98690528 -0.16130086
vn 0.00000000 -0.98690528 -0.16130086
vn 0.00000000 -0.98690528 -0.16130086
vn 0.00000000 -0.98690528 -0.16130086
vn 0.00000000 -0.98690528 -0.16130086
vn 0.00000000 -0.98690528 -0.16130086
vn 0.00000000 -0.98690528 -0.16130086
vn 0.00000000 -0.98690528 -0.16130086
vn 0.00000000 -0.98690528 -0.16130086
vn 0.00000000 -0.98915024 0.14690746
vn 0.00000000 -0.98915024 0.14690746
vn 0.00000000 -0.98874780 -0.14959210
vn 0.00000000 -0.98874780 -0.14959210
vn 0.00000000 -0.98874780 -0.14959210
vn 0.00000000 -0.98915024 0.14690746
vn 0.00000000 -0.97177860 -0.23589480
vn 0.00000000 -0.97177860 -0.23589480
vn 0.00000000 -0.98074189 -0.19530834
vn 0.00000000 -0.98074189 -0.19530834
vn 0.00000000 -0.98074189 -0.19530834
vn 0.00000000 -0.97177860 -0.23589480
vn 0.00000000 -0.98074189 -0.19530834
vn 0.00000000 -0.98074189 -0.19530834
vn 0.00000000 -0.98690528 -0.16130086
vn 0.00000000 -0.98690528 -0.16130086
vn 0.00000000 -0.98690528 -0.16130086
vn 0.00000000 -0.98074189 -0.19530834
vn 0.00000000 -0.98690528 -0.16130086
vn 0.00000000 -0.98690528 -0.16130086
vn 0.00000000 -0.98690528 -0.16130086
vn 0.00000000 -0.98690528 -0.16130086
vn 0.00000000 -0.98690528 -0.16130086
vn 0.00000000 -0.98690528 -0.16130086
vn 0.00000000 -0.98690528 -0.16130086
vn 0.00000000 -0.98690528 -0.16130086
vn 0.00000000 -0.98690528 -0.16130086
vn 0.00000000 -0.98690528 -0.16130086
vn 0.00000000 -0.98690528 -0.16130086
vn 0.00000000 -0.98690528 -0.16130086
vn 0.00000000 -0.98690528 -0.16130086
vn 0.00000000 -0.98690528 -0.16130086
vn 0.00000000 -0.98690528 -0.16130086
vn 0.00000000 -0.98690528 -0.16130086
vn 0.00000000 -0.98690528 -0.16130086
vn 0.00000000 -0.98690528 -0.16130086
vn 0.00000000 -0.98915024 0.14690746
vn 0.00000000 -0.98915024 0.14690746
vn 0.00000000 -0.98874780 -0.14959210
vn 0.00000000 -0.98874780 -0.14959210
vn 0.00000000 -0.98874780 -0.14959210
vn 0.00000000 -0.98915024 0.14690746
vn 0.00000000 -0.97177860 -0.23589480
vn 0.00000000 -0.97177860 -0.23589480
vn 0.00000000 -0.98074189 -0.19530834
vn 0.00000000 -0.98074189 -0.19530834
vn 0.00000000 -0.98074189 -0.19530834
vn 0.00000000 -0.97177860 -0.23589480
vn 0.00000000 -0.98074189 -0.19530834
vn 0.00000000 -0.98074189 -0.19530834
vn 0.00000000 -0.98690528 -0.16130086
vn 0.00000000 -0.98690528 -0.16130086
vn 0.00000000 -0.98690528 -0.16130086
vn 0.00000000 -0.98074189 -0.19530834
vn 0.00000000 -0.98690528 -0.16130086
vn 0.00000000 -0.98690528 -0.16130086
vn 0.00000000 -0.98690528 -0.16130086
vn 0.00000000 -0.98690528 -0.16130086
vn 0.00000000 -0.98690528 -0.16130086
vn 0.00000000 -0.98690528 -0.16130086
vn 0.00000000 -0.98690528 -0.16130086
vn 0.00000000 -0.98690528 -0.16130086
vn 0.00000000 -0.98690528 -0.16130086
vn 0.00000000 -0.98690528 -0.16130086
vn 0.00000000 -0.98690528 -0.16130086
vn 0.00000000 -0.98690528 -0.16130086
vn 0.00000000 -0.98690528 -0.16130086
vn 0.00000000 -0.98690528 -0.16130086
vn 0.00000000 -0.98690528 -0.16130086
vn 0.00000000 -0.98690528 -0.16130086
vn 0.00000000 -0.98690528 -0.16130086
vn 0.00000000 -0.98690528 -0.16130086
vn 0.00000000 -0.98913570 0.14700531
vn 0.00000000 -0.98913570 0.14700531
vn 0.00000000 -0.98874780 -0.14959210
vn 0.00000000 -0.98874780 -0.14959210
vn 0.00000000 -0.98874780 -0.14959210
vn 0.00000000 -0.98915024 0.14690746
vn 0.00000000 -0.97177860 -0.23589480
vn 0.00000000 -0.97177860 -0.23589480
vn 0.00000000 -0.98074189 -0.19530834
vn 0.00000000 -0.98074189 -0.19530834
vn 0.00000000 -0.98074189 -0.19530834
vn 0.00000000 -0.97177860 -0.23589480
vn 0.00000000 -0.98074189 -0.19530834
vn 0.00000000 -0.98074189 -0.19530834
vn 0.00000000 -0.98690528 -0.16130086
vn 0.00000000 -0.98690528 -0.16130086
vn 0.00000000 -0.98690528 -0.16130086
vn 0.00000000 -0.98074189 -0.19530834
vn 0.00000000 -0.98690528 -0.16130086
vn 0.00000000 -0.98690528 -0.16130086
vn 0.00000000 -0.98690528 -0.16130086
vn 0.00000000 -0.98690528 -0.16130086
vn 0.00000000 -0.98690528 -0.16130086
vn 0.00000000 -0.98690528 -0.16130086
vn 0.00000000 -0.98690528 -0.16130086
vn 0.00000000 -0.98690528 -0.16130086
vn 0.00000000 -0.98690528 -0.16130086
vn 0.00000000 -0.98690528 -0.16130086
vn 0.00000000 -0.98690528 -0.16130086
vn 0.00000000 -0.98690528 -0.16130086
vn 0.00000000 -0.98690528 -0.16130086
vn 0.00000000 -0.98690528 -0.16130086
vn 0.00000000 -0.98690528 -0.16130086
vn 0.00000000 -0.98690528 -0.16130086
vn 0.00000000 -0.98690528 -0.16130086
vn 0.00000000 -0.98690528 -0.16130086
vn 0.00000000 -0.98874780 -0.14959210
vn 0.00000000 -0.98915024 0.14690746
vn 0.00000000 -0.98915024 0.14690746
vn 0.00000000 -0.98915024 0.14690746
vn 0.00000000 -0.98874780 -0.14959210
vn 0.00000000 -0.98874780 -0.14959210
vn 0.00000000 -0.98074189 -0.19530834
vn 0.00000000 -0.97177860 -0.23589480
vn 0.00000000 -0.97177860 -0.23589480
vn 0.00000000 -0.97177860 -0.23589480
vn 0.00000000 -0.98074189 -0.19530834
vn 0.00000000 -0.98074189 -0.19530834
vn 0.00000000 -0.98690528 -0.16130086
vn 0.00000000 -0.98074189 -0.19530834
vn 0.00000000 -0.98074189 -0.19530834
vn 0.00000000 -0.98074189 -0.19530834
vn 0.00000000 -0.98690528 -0.16130086
vn 0.00000000 -0.98690528 -0.16130086
vn 0.00000000 -0.98690528 -0.16130086
vn 0.00000000 -0.98690528 -0.16130086
vn 0.00000000 -0.98690528 -0.16130086
vn 0.00000000 -0.98690528 -0.16130086
vn 0.00000000 -0.98690528 -0.16130086
vn 0.00000000 -0.98690528 -0.16130086
vn 0.00000000 -0.98690528 -0.16130086
vn 0.00000000 -0.98690528 -0.16130086
vn 0.00000000 -0.98690528 -0.16130086
vn 0.00000000 -0.98690528 -0.16130086
vn 0.00000000 -0.98690528 -0.16130086
vn 0.00000000 -0.98690528 -0.16130086
vn 0.00000000 -0.98690528 -0.16130086
vn 0.00000000 -0.98690528 -0.16130086
vn 0.00000000 -0.98690528 -0.16130086
vn 0.00000000 -0.98690528 -0.16130086
vn 0.00000000 -0.98690528 -0.16130086
vn 0.00000000 -0.98690528 -0.16130086
vn 0.00000000 -0.98874780 -0.14959210
vn 0.00000000 -0.98915024 0.14690746
vn 0.00000000 -0.98915024 0.14690746
vn 0.00000000 -0.98915024 0.14690746
vn 0.00000000 -0.98874780 -0.14959210
vn 0.00000000 -0.98874780 -0.14959210
vn 0.00000000 -0.98074189 -0.19530834
vn 0.00000000 -0.97177860 -0.23589480
vn 0.00000000 -0.97177860 -0.23589480
vn 0.00000000 -0.97177860 -0.23589480
vn 0.00000000 -0.98074189 -0.19530834
vn 0.00000000 -0.98074189 -0.19530834
vn 0.00000000 -0.98690528 -0.16130086
vn 0.00000000 -0.98074189 -0.19530834
vn 0.00000000 -0.98074189 -0.19530834
vn 0.00000000 -0.98074189 -0.19530834
vn 0.00000000 -0.98690528 -0.16130086
vn 0.00000000 -0.98690528 -0.16130086
vn 0.00000000 -0.99296646 -0.11839600
vn 0.00000000 -0.99470202 -0.10280021
vn 0.00000000 -0.98690528 -0.16130086
vn 0.00000000 -0.98690528 -0.16130086
vn 0.00000000 -0.98690528 -0.16130086
vn 0.00000000 -0.99296646 -0.11839600
vn 0.00000000 -0.99471224 -0.10270126
vn 0.00000000 -0.99471224 -0.10270126
vn 0.00000000 -0.98690528 -0.16130086
vn 0.00000000 -0.98690528 -0.16130086
vn 0.00000000 -0.98690528 -0.16130086
vn 0.00000000 -0.99470202 -0.10280021
vn 0.00000000 -0.99471224 -0.10270126
vn 0.00000000 -0.99471224 -0.10270126
vn 0.00000000 -0.98690528 -0.16130086
vn 0.00000000 -0.98690528 -0.16130086
vn 0.00000000 -0.98690528 -0.16130086
vn 0.00000000 -0.99471224 -0.10270126
vn 0.00000000 -0.98690528 -0.16130086
vn 0.00000000 -0.99471224 -0.10270126
vn 0.00000000 -0.99471224 -0.10270126
vn 0.00000000 -0.99470202 -0.10280021
vn 0.00000000 -0.98690528 -0.16130086
vn 0.00000000 -0.98690528 -0.16130086
vn 0.00000000 -0.98690528 -0.16130086
vn 0.00000000 -0.99471224 -0.10270126
vn 0.00000000 -0.99471224 -0.10270126
vn 0.00000000 -0.99471224 -0.10270126
vn 0.00000000 -0.98690528 -0.16130086
vn 0.00000000 -0.98690528 -0.16130086
vn 0.00000000 -0.98690528 -0.16130086
vn 0.00000000 -0.99471224 -0.10270126
vn 0.00000000 -0.99296646 -0.11839600
vn 0.00000000 -0.99296646 -0.11839600
vn 0.00000000 -0.98690528 -0.16130086
vn 0.00000000 -0.98690528 -0.16130086
vn 0.00000000 -0.99471224 -0.10270126
vn 0.00000000 -0.99471224 -0.10270126
vn 0.00000000 -0.98690528 -0.16130086
vn 0.00000000 -0.98690528 -0.16130086
vn 0.00000000 -0.98690528 -0.16130086
vn 0.00000000 -0.99470202 -0.10280021
vn 0.00000000 -0.99471224 -0.10270126
vn 0.00000000 -0.99471224 -0.10270126
vn 0.00000000 -0.98690528 -0.16130086
vn 0.00000000 -0.98690528 -0.16130086
vn 0.00000000 -0.98690528 -0.16130086
vn 0.00000000 -0.99471224 -0.10270126
vn 0.00000000 -0.99471224 -0.10270126
vn 0.00000000 -0.99471224 -0.10270126
vn 0.00000000 -0.98690528 -0.16130086
vn 0.00000000 -0.98690528 -0.16130086
vn 0.00000000 -0.98690528 -0.16130086
vn 0.00000000 -0.99471224 -0.10270126
vn 0.00000000 -0.98690528 -0.16130086
vn 0.00000000 -0.99471224 -0.10270126
vn 0.00000000 -0.99471224 -0.10270126
vn 0.00000000 -0.99471224 -0.10270126
vn 0.00000000 -0.98690528 -0.16130086
vn 0.00000000 -0.98690528 -0.16130086
vn 0.00000000 -0.98690528 -0.16130086
vn 0.00000000 -0.99470202 -0.10280021
vn 0.00000000 -0.99470202 -0.10280021
vn 0.00000000 -0.99470202 -0.10280021
vn 0.00000000 -0.98690528 -0.16130086
vn 0.00000000 -0.98690528 -0.16130086
vn 0.74437402 -0.66617675 -0.04599839
vn 0.70922242 -0.70182219 -0.06670211
vn 0.76022431 -0.64962078 -0.00720023
vn 0.76017493 -0.64967857 -0.00719976
vn 0.77398207 -0.63318533 0.00529988
vn 0.74437402 -0.66617675 -0.04599839
vn 0.64588377 -0.75618100 -0.10499736
vn 0.70867590 -0.70117615 -0.07829734
vn 0.76102487 -0.64872120 -0.00140005
vn 0.76102487 -0.64872120 -0.00140005
vn 0.70339374 -0.71079367 -0.00309997
vn 0.64588377 -0.75618100 -0.10499736
vn 0.16560763 -0.97404488 -0.15430711
vn 0.46449361 -0.87528796 -0.13459815
vn 0.52151630 -0.85322667 -0.00500016
vn 0.52151630 -0.85322667 -0.00500016
vn 0.19170639 -0.98143274 -0.00620021
vn 0.16560763 -0.97404488 -0.15430711
vn -0.46418581 -0.87697320 -0.12429620
vn -0.16229096 -0.97524567 -0.15019163
vn -0.19149550 -0.98147694 -0.00569987
vn -0.19149550 -0.98147694 -0.00569987
vn -0.52128382 -0.85337352 -0.00409987
vn -0.46418581 -0.87697320 -0.12429620
vn -0.71117519 -0.70047556 -0.05969792
vn -0.64458198 -0.75927878 -0.08949750
vn -0.70324478 -0.71094527 -0.00190012
vn -0.70324478 -0.71094527 -0.00190012
vn -0.76120849 -0.64850723 0.00010000
vn -0.71117519 -0.70047556 -0.05969792
vn -0.78891028 -0.61450800 0.00070001
vn -0.74845063 -0.66245630 -0.03119794
vn -0.77272684 -0.63472204 0.00460016
vn -0.77272684 -0.63472204 0.00460016
vn -0.75892085 -0.65111789 -0.00920025
vn -0.78891028 -0.61450800 0.00070001
vn 0.70867590 -0.70117615 -0.07829734
vn 0.74432943 -0.66622634 -0.04600182
vn 0.77394197 -0.63323434 0.00530029
vn 0.77398207 -0.63318533 0.00529988
vn 0.76102487 -0.64872120 -0.00140005
vn 0.70867590 -0.70117615 -0.07829734
vn 0.46449361 -0.87528796 -0.13459815
vn 0.64588377 -0.75618100 -0.10499736
vn 0.70339374 -0.71079367 -0.00309997
vn 0.70339374 -0.71079367 -0.00309997
vn 0.52151630 -0.85322667 -0.00500016
vn 0.46441518 -0.87532862 -0.13460440
vn -0.16229340 -0.97526031 -0.15009389
vn 0.16560763 -0.97404488 -0.15430711
vn 0.19170639 -0.98143274 -0.00620021
vn 0.19170639 -0.98143274 -0.00620021
vn -0.19139917 -0.98149573 -0.00569998
vn -0.16229340 -0.97526031 -0.15009389
vn -0.64458198 -0.75927878 -0.08949750
vn -0.46418581 -0.87697320 -0.12429620
vn -0.52128382 -0.85337352 -0.00409987
vn -0.52128382 -0.85337352 -0.00409987
vn -0.70329532 -0.71089527 -0.00189999
vn -0.64458198 -0.75927878 -0.08949750
vn -0.74850021 -0.66240018 -0.03120001
vn -0.71117519 -0.70047556 -0.05969792
vn -0.76120849 -0.64850723 0.00010000
vn -0.76120849 -0.64850723 0.00010000
vn -0.77272684 -0.63472204 0.00460016
vn -0.74845063 -0.66245630 -0.03119794
vn 0.77398207 -0.63318533 0.00529988
vn 0.76017493 -0.64967857 -0.00719976
vn 0.83637867 -0.54768603 0.02259942
vn 0.83637867 -0.54768603 0.02259942
vn 0.80038146 -0.59898613 0.02459943
vn 0.77394197 -0.63323434 0.00530029
vn 0.70339374 -0.71079367 -0.00309997
vn 0.76097550 -0.64877911 -0.00139995
vn 0.75892942 -0.65062523 0.02670104
vn 0.75892942 -0.65062523 0.02670104
vn 0.71517134 -0.69837201 0.02839886
vn 0.70339374 -0.71079367 -0.00309997
vn 0.19170639 -0.98143274 -0.00620021
vn 0.52151630 -0.85322667 -0.00500016
vn 0.52809334 -0.84848930 0.03439957
vn 0.52809334 -0.84848930 0.03439957
vn 0.18720280 -0.98151466 0.03980059
vn 0.19170639 -0.98143274 -0.00620021
vn -0.52128382 -0.85337352 -0.00409987
vn -0.19149550 -0.98147694 -0.00569987
vn -0.18729929 -0.98149628 0.03979985
vn -0.18729929 -0.98149628 0.03979985
vn -0.52790248 -0.84860398 0.03450016
vn -0.52128382 -0.85337352 -0.00409987
vn -0.76120849 -0.64850723 0.00010000
vn -0.70329532 -0.71089527 -0.00189999
vn -0.71521720 -0.69831680 0.02860069
vn -0.71521720 -0.69831680 0.02860069
vn -0.75902120 -0.65051817 0.02670075
vn -0.76120849 -0.64850723 0.00010000
vn -0.75892154 -0.65111848 -0.00910026
vn -0.77272684 -0.63472204 0.00460016
vn -0.80006983 -0.59937740 0.02519905
vn -0.80006983 -0.59937740 0.02519905
vn -0.83686769 -0.54687889 0.02399907
vn -0.75892154 -0.65111848 -0.00910026
vn 0.76102487 -0.64872120 -0.00140005
vn 0.77398207 -0.63318533 0.00529988
vn 0.80042940 -0.59892200 0.02460090
vn 0.80042940 -0.59892200 0.02460090
vn 0.75892942 -0.65062523 0.02670104
vn 0.76097550 -0.64877911 -0.00139995
vn 0.52151630 -0.85322667 -0.00500016
vn 0.70339374 -0.71079367 -0.00309997
vn 0.71522128 -0.69832078 0.02840085
vn 0.71522128 -0.69832078 0.02840085
vn 0.52809334 -0.84848930 0.03439957
vn 0.52147180 -0.85325387 -0.00499973
vn -0.19149550 -0.98147694 -0.00569987
vn 0.19170639 -0.98143274 -0.00620021
vn 0.18720205 -0.98151075 0.03990044
vn 0.18720280 -0.98151466 0.03980059
vn -0.18729929 -0.98149628 0.03979985
vn -0.19149550 -0.98147694 -0.00569987
vn -0.70324478 -0.71094527 -0.00190012
vn -0.52128382 -0.85337352 -0.00409987
vn -0.52790248 -0.84860398 0.03450016
vn -0.52790248 -0.84860398 0.03450016
vn -0.71521720 -0.69831680 0.02860069
vn -0.70324478 -0.71094527 -0.00190012
vn -0.77272684 -0.63472204 0.00460016
vn -0.76120849 -0.64850723 0.00010000
vn -0.75902120 -0.65051817 0.02670075
vn -0.75902120 -0.65051817 0.02670075
vn -0.80006983 -0.59937740 0.02519905
vn -0.77272684 -0.63472204 0.00460016
vn 0.70922242 -0.70182219 -0.06670211
vn 0.74437402 -0.66617675 -0.04599839
vn 0.00920007 -0.99790746 -0.06400048
vn 0.00910013 -0.99791475 -0.06390094
vn 0.00000000 -0.99879878 -0.04899994
vn 0.70927212 -0.70177241 -0.06669738
vn 0.70867590 -0.70117615 -0.07829734
vn 0.64588377 -0.75618100 -0.10499736
vn 0.00939968 -0.99276610 -0.11969591
vn 0.00939968 -0.99276610 -0.11969591
vn 0.00849981 -0.99577817 -0.09139800
vn 0.70872559 -0.70112531 -0.07830283
vn 0.46441518 -0.87532862 -0.13460440
vn 0.16560763 -0.97404488 -0.15430711
vn 0.00329989 -0.98746644 -0.15779464
vn 0.00329989 -0.98746644 -0.15779464
vn 0.00610028 -0.98964506 -0.14340653
vn 0.46449361 -0.87528796 -0.13459815
vn -0.16229340 -0.97526031 -0.15009389
vn -0.46410736 -0.87701390 -0.12430197
vn -0.00330015 -0.98754423 -0.15730705
vn -0.00330010 -0.98752869 -0.15740457
vn -0.00030000 -0.98669223 -0.16259872
vn -0.16229340 -0.97526031 -0.15009389
vn -0.64458198 -0.75927878 -0.08949750
vn -0.71117519 -0.70047556 -0.05969792
vn -0.00950008 -0.99290848 -0.11850101
vn -0.00940020 -0.99292118 -0.11840253
vn -0.00610020 -0.98973210 -0.14280463
vn -0.64458198 -0.75927878 -0.08949750
vn -0.74850021 -0.66240018 -0.03120001
vn -0.78891028 -0.61450800 0.00070001
vn -0.01849952 -0.99697433 -0.07549806
vn -0.01849952 -0.99697433 -0.07549806
vn -0.00850043 -0.99585067 -0.09060461
vn -0.74850021 -0.66240018 -0.03120001
vn 0.74437402 -0.66617675 -0.04599839
vn 0.70867590 -0.70117615 -0.07829734
vn 0.00849974 -0.99576906 -0.09149716
vn 0.00849981 -0.99577817 -0.09139800
vn 0.00920013 -0.99791384 -0.06390089
vn 0.74437402 -0.66617675 -0.04599839
vn 0.64588377 -0.75618100 -0.10499736
vn 0.46449361 -0.87528796 -0.13459815
vn 0.00600028 -0.98964566 -0.14340662
vn 0.00610028 -0.98964506 -0.14340653
vn 0.00939968 -0.99276610 -0.11969591
vn 0.64587699 -0.75617306 -0.10509626
vn 0.16560763 -0.97404488 -0.15430711
vn -0.16229340 -0.97526031 -0.15009389
vn 0.00000000 -0.98669228 -0.16259873
vn 0.00000000 -0.98669228 -0.16259873
vn 0.00329989 -0.98746644 -0.15779464
vn 0.16560763 -0.97404488 -0.15430711
vn -0.46418581 -0.87697320 -0.12429620
vn -0.64458198 -0.75927878 -0.08949750
vn -0.00610011 -0.98971796 -0.14290259
vn -0.00600011 -0.98971856 -0.14290268
vn -0.00330010 -0.98752869 -0.15740457
vn -0.46418581 -0.87697320 -0.12429620
vn -0.71117519 -0.70047556 -0.05969792
vn -0.74845063 -0.66245630 -0.03119794
vn -0.00850043 -0.99585067 -0.09060461
vn -0.00850043 -0.99585067 -0.09060461
vn -0.00940020 -0.99292118 -0.11840253
vn -0.71117519 -0.70047556 -0.05969792
vn 0.80042940 -0.59892200 0.02460090
vn 0.83637867 -0.54768603 0.02259942
vn 0.83671714 -0.54671120 0.03180065
vn 0.83671714 -0.54671120 0.03180065
vn 0.80149385 -0.59699542 0.03469973
vn 0.80042940 -0.59892200 0.02460090
vn 0.71517134 -0.69837201 0.02839886
vn 0.75892942 -0.65062523 0.02670104
vn 0.75881278 -0.65021095 0.03780064
vn 0.75881278 -0.65021095 0.03780064
vn 0.71630806 -0.69660784 0.04050046
vn 0.71517134 -0.69837201 0.02839886
vn 0.18729929 -0.98149628 0.03979985
vn 0.52809334 -0.84848930 0.03439957
vn 0.53120751 -0.84581196 0.04920070
vn 0.53120751 -0.84581196 0.04920070
vn 0.18869615 -0.98037998 0.05699884
vn 0.18729854 -0.98149237 0.03989969
vn -0.52790248 -0.84860398 0.03450016
vn -0.18729929 -0.98149628 0.03979985
vn -0.18869615 -0.98037998 0.05699884
vn -0.18869615 -0.98037998 0.05699884
vn -0.53120751 -0.84581196 0.04920070
vn -0.52790248 -0.84860398 0.03450016
vn -0.75902120 -0.65051817 0.02670075
vn -0.71521720 -0.69831680 0.02860069
vn -0.71630806 -0.69660784 0.04050046
vn -0.71630806 -0.69660784 0.04050046
vn -0.75881278 -0.65021095 0.03780064
vn -0.75902120 -0.65051817 0.02670075
vn -0.83686769 -0.54687889 0.02399907
vn -0.80006983 -0.59937740 0.02519905
vn -0.80149385 -0.59699542 0.03469973
vn -0.80149385 -0.59699542 0.03469973
vn -0.83671714 -0.54671120 0.03180065
vn -0.83686769 -0.54687889 0.02399907
vn 0.75892942 -0.65062523 0.02670104
vn 0.80042940 -0.59892200 0.02460090
vn 0.80149385 -0.59699542 0.03469973
vn 0.80149385 -0.59699542 0.03469973
vn 0.75881278 -0.65021095 0.03780064
vn 0.75892942 -0.65062523 0.02670104
vn 0.52809334 -0.84848930 0.03439957
vn 0.71522128 -0.69832078 0.02840085
vn 0.71630806 -0.69660784 0.04050046
vn 0.71630806 -0.69660784 0.04050046
vn 0.53120751 -0.84581196 0.04920070
vn 0.52809334 -0.84848930 0.03439957
vn -0.18729929 -0.98149628 0.03979985
vn 0.18729929 -0.98149628 0.03979985
vn 0.18869615 -0.98037998 0.05699884
vn 0.18869615 -0.98037998 0.05699884
vn -0.18869615 -0.98037998 0.05699884
vn -0.18729929 -0.98149628 0.03979985
vn -0.71521720 -0.69831680 0.02860069
vn -0.52790248 -0.84860398 0.03450016
vn -0.53120751 -0.84581196 0.04920070
vn -0.53120751 -0.84581196 0.04920070
vn -0.71635674 -0.69655794 0.04049755
vn -0.71521720 -0.69831680 0.02860069
vn -0.80006983 -0.59937740 0.02519905
vn -0.75902120 -0.65051817 0.02670075
vn -0.75881278 -0.65021095 0.03780064
vn -0.75881278 -0.65021095 0.03780064
vn -0.80149385 -0.59699542 0.03469973
vn -0.80006983 -0.59937740 0.02519905
vn 0.00000000 -0.88678090 0.46219004
vn 0.00000000 -0.87890254 0.47700138
vn 0.00000000 -0.97838395 0.20679661
vn 0.00000000 -0.97838395 0.20679661
vn 0.00000000 -0.98913570 0.14700531
vn 0.00000000 -0.88678090 0.46219004
vn 0.00000000 -0.97089657 -0.23949915
vn 0.00000000 -0.97177860 -0.23589480
vn 0.00000000 -0.98874556 -0.14960689
vn 0.00000000 -0.98874780 -0.14959210
vn 0.00000000 -0.99408570 -0.10859844
vn 0.00000000 -0.97089657 -0.23949915
vn 0.00000000 -0.88678090 0.46219004
vn 0.00000000 -0.88678090 0.46219004
vn 0.00000000 -0.98913570 0.14700531
vn 0.00000000 -0.98913570 0.14700531
vn 0.00000000 -0.98913570 0.14700531
vn 0.00000000 -0.88678090 0.46219004
vn 0.00000000 -0.97177860 -0.23589480
vn 0.00000000 -0.97177860 -0.23589480
vn 0.00000000 -0.98874780 -0.14959210
vn 0.00000000 -0.98874780 -0.14959210
vn 0.00000000 -0.98874780 -0.14959210
vn 0.00000000 -0.97177860 -0.23589480
vn 0.00000000 -0.88678090 0.46219004
vn 0.00000000 -0.88678090 0.46219004
vn 0.00000000 -0.98915024 0.14690746
vn 0.00000000 -0.98913570 0.14700531
vn 0.00000000 -0.98913570 0.14700531
vn 0.00000000 -0.88678090 0.46219004
vn 0.00000000 -0.97177860 -0.23589480
vn 0.00000000 -0.97177860 -0.23589480
vn 0.00000000 -0.98874780 -0.14959210
vn 0.00000000 -0.98874556 -0.14960689
vn 0.00000000 -0.98874556 -0.14960689
vn 0.00000000 -0.97177860 -0.23589480
vn 0.00000000 -0.98913570 0.14700531
vn 0.00000000 -0.88678090 0.46219004
vn 0.00000000 -0.88678090 0.46219004
vn 0.00000000 -0.88678090 0.46219004
vn 0.00000000 -0.98913570 0.14700531
vn 0.00000000 -0.98913570 0.14700531
vn 0.00000000 -0.98874556 -0.14960689
vn 0.00000000 -0.97177860 -0.23589480
vn 0.00000000 -0.97177860 -0.23589480
vn 0.00000000 -0.97177860 -0.23589480
vn 0.00000000 -0.98874556 -0.14960689
vn 0.00000000 -0.98874556 -0.14960689
vn 0.00000000 -0.98913570 0.14700531
vn 0.00000000 -0.88678090 0.46219004
vn 0.00000000 -0.88678090 0.46219004
vn 0.00000000 -0.88678090 0.46219004
vn 0.00000000 -0.98913570 0.14700531
vn 0.00000000 -0.98913570 0.14700531
vn 0.00000000 -0.98874780 -0.14959210
vn 0.00000000 -0.97177860 -0.23589480
vn 0.00000000 -0.97177860 -0.23589480
vn 0.00000000 -0.97177860 -0.23589480
vn 0.00000000 -0.98874780 -0.14959210
vn 0.00000000 -0.98874780 -0.14959210
vn 0.00000000 -0.97838395 0.20679661
vn 0.00000000 -0.87890254 0.47700138
vn 0.00000000 -0.88678090 0.46219004
vn 0.00000000 -0.88678090 0.46219004
vn 0.00000000 -0.98913570 0.14700531
vn 0.00000000 -0.97836372 0.20689233
vn 0.00000000 -0.98874780 -0.14959210
vn 0.00000000 -0.97177860 -0.23589480
vn 0.00000000 -0.97089657 -0.23949915
vn 0.00000000 -0.97089657 -0.23949915
vn 0.00000000 -0.99408570 -0.10859844
vn 0.00000000 -0.98874556 -0.14960689
vn 0.00000000 -0.88678090 0.46219004
vn 0.00000000 -0.88678090 0.46219004
vn 0.00000000 -0.98913570 0.14700531
vn 0.00000000 -0.98913570 0.14700531
vn 0.00000000 -0.98913570 0.14700531
vn 0.00000000 -0.88678090 0.46219004
vn 0.00000000 -0.97177860 -0.23589480
vn 0.00000000 -0.97177860 -0.23589480
vn 0.00000000 -0.98874780 -0.14959210
vn 0.00000000 -0.98874780 -0.14959210
vn 0.00000000 -0.98874780 -0.14959210
vn 0.00000000 -0.97177860 -0.23589480
vn 0.00000000 -0.88678090 0.46219004
vn 0.00000000 -0.88678090 0.46219004
vn 0.00000000 -0.98913570 0.14700531
vn 0.00000000 -0.98913570 0.14700531
vn 0.00000000 -0.98913570 0.14700531
vn 0.00000000 -0.88678090 0.46219004
vn 0.00000000 -0.97177860 -0.23589480
vn 0.00000000 -0.97177860 -0.23589480
vn 0.00000000 -0.98874780 -0.14959210
vn 0.00000000 -0.98874556 -0.14960689
vn 0.00000000 -0.98874556 -0.14960689
vn 0.00000000 -0.97177860 -0.23589480
vn 0.00000000 -0.88678090 0.46219004
vn 0.00000000 -0.88678090 0.46219004
vn 0.00000000 -0.98915024 0.14690746
vn 0.00000000 -0.98913570 0.14700531
vn 0.00000000 -0.98913570 0.14700531
vn 0.00000000 -0.88678090 0.46219004
vn 0.00000000 -0.97177860 -0.23589480
vn 0.00000000 -0.97177860 -0.23589480
vn 0.00000000 -0.98874556 -0.14960689
vn 0.00000000 -0.98874556 -0.14960689
vn 0.00000000 -0.98874556 -0.14960689
vn 0.00000000 -0.97177860 -0.23589480
vn 0.00000000 -0.98913570 0.14700531
vn 0.00000000 -0.88678090 0.46219004
vn 0.00000000 -0.88678090 0.46219004
vn 0.00000000 -0.88678090 0.46219004
vn 0.00000000 -0.98913570 0.14700531
vn 0.00000000 -0.98913570 0.14700531
vn 0.00000000 -0.98874556 -0.14960689
vn 0.00000000 -0.97177860 -0.23589480
vn 0.00000000 -0.97177860 -0.23589480
vn 0.00000000 -0.97177860 -0.23589480
vn 0.00000000 -0.98874780 -0.14959210
vn 0.00000000 -0.98874780 -0.14959210
vn 0.00000000 -0.98915024 0.14690746
vn 0.00000000 -0.88678090 0.46219004
vn 0.00000000 -0.88678090 0.46219004
vn 0.00000000 -0.88678090 0.46219004
vn 0.00000000 -0.98913570 0.14700531
vn 0.00000000 -0.98913570 0.14700531
vn 0.00000000 -0.98874556 -0.14960689
vn 0.00000000 -0.97177860 -0.23589480
vn 0.00000000 -0.97177860 -0.23589480
vn 0.00000000 -0.97177860 -0.23589480
vn 0.00000000 -0.98874780 -0.14959210
vn 0.00000000 -0.98874780 -0.14959210
vn 0.00000000 0.81915675 -0.57356972
vn 0.00000000 0.81915675 -0.57356972
vn 0.00000000 0.81915675 -0.57356972
vn 0.00000000 0.81915675 -0.57356972
vn 0.00000000 0.81915675 -0.57356972
vn 0.00000000 0.81915675 -0.57356972
vn 0.00000000 0.81915675 -0.57356972
vn 0.00000000 0.81915675 -0.57356972
vn 0.00000000 0.81915675 -0.57356972
vn 0.00000000 0.81915675 -0.57356972
vn 0.00000000 0.81915675 -0.57356972
vn 0.00000000 0.81915675 -0.57356972
vn 0.00000000 0.81915675 -0.57356972
vn 0.00000000 0.81915675 -0.57356972
vn 0.00000000 0.81915675 -0.57356972
vn 0.00000000 0.81915675 -0.57356972
vn 0.00000000 0.81915675 -0.57356972
vn 0.00000000 0.81915675 -0.57356972
vn 0.00000000 0.81915675 -0.57356972
vn 0.00000000 0.81915675 -0.57356972
vn 0.00000000 0.81915675 -0.57356972
vn 0.00000000 0.81915675 -0.57356972
vn 0.00000000 0.81915675 -0.57356972
vn 0.00000000 0.81915675 -0.57356972
vn 0.00000000 0.81915675 -0.57356972
vn 0.00000000 0.81915675 -0.57356972
vn 0.00000000 0.81915675 -0.57356972
vn 0.00000000 0.81915675 -0.57356972
vn 0.00000000 0.81915675 -0.57356972
vn 0.00000000 0.81915675 -0.57356972
vn 0.00000000 0.81915675 -0.57356972
vn 0.00000000 0.81915675 -0.57356972
vn 0.00000000 0.81915675 -0.57356972
vn 0.00000000 0.81915675 -0.57356972
vn 0.00000000 0.81915675 -0.57356972
vn 0.00000000 0.81915675 -0.57356972
vn -0.00020000 0.81949021 -0.57309315
vn -0.00020000 0.88859303 -0.45869640
vn 0.00000000 0.88026552 -0.47448141
vn 0.00000000 0.88026552 -0.47448141
vn 0.00000000 0.81941041 -0.57320728
vn 0.00000000 0.81941041 -0.57320728
vn 0.00000000 0.81915675 -0.57356972
vn 0.00000000 0.81915675 -0.57356972
vn 0.00000000 0.81915675 -0.57356972
vn 0.00000000 0.81915675 -0.57356972
vn 0.00000000 0.81915675 -0.57356972
vn 0.00000000 0.81915675 -0.57356972
vn 0.00000000 0.81949022 -0.57309316
vn 0.00000000 0.88863380 -0.45861745
vn 0.00000000 0.88863380 -0.45861745
vn 0.00000000 0.88863380 -0.45861745
vn 0.00000000 0.81949022 -0.57309316
vn 0.00000000 0.81949022 -0.57309316
vn 0.00000000 0.81915675 -0.57356972
vn 0.00000000 0.81915675 -0.57356972
vn 0.00000000 0.81915675 -0.57356972
vn 0.00000000 0.81915675 -0.57356972
vn 0.00000000 0.81915675 -0.57356972
vn 0.00000000 0.81915675 -0.57356972
vn 0.00000000 0.81949022 -0.57309316
vn 0.00000000 0.88863380 -0.45861745
vn 0.00000000 0.88863380 -0.45861745
vn 0.00000000 0.88863380 -0.45861745
vn 0.00000000 0.81949022 -0.57309316
vn 0.00000000 0.81949022 -0.57309316
vn 0.00000000 0.81915675 -0.57356972
vn 0.00000000 0.81915675 -0.57356972
vn 0.00000000 0.81915675 -0.57356972
vn 0.00000000 0.81915675 -0.57356972
vn 0.00000000 0.81915675 -0.57356972
vn 0.00000000 0.81915675 -0.57356972
vn 0.00000000 0.81949022 -0.57309316
vn 0.00000000 0.88863380 -0.45861745
vn 0.00000000 0.88863380 -0.45861745
vn 0.00000000 0.88863380 -0.45861745
vn 0.00000000 0.81949022 -0.57309316
vn 0.00000000 0.81949022 -0.57309316
vn 0.00000000 0.81920373 -0.57350261
vn 0.00000000 0.81920373 -0.57350261
vn 0.00000000 0.81920373 -0.57350261
vn 0.00000000 0.81912385 -0.57361670
vn 0.00000000 0.81912385 -0.57361670
vn 0.00000000 0.81912385 -0.57361670
vn 0.00000000 0.81949022 -0.57309316
vn 0.00000000 0.88863380 -0.45861745
vn 0.00000000 0.88863380 -0.45861745
vn 0.00000000 0.88863380 -0.45861745
vn 0.00000000 0.81949022 -0.57309316
vn 0.00000000 0.81949022 -0.57309316
vn 0.00000000 0.81915675 -0.57356972
vn 0.00000000 0.81915675 -0.57356972
vn 0.00000000 0.81915675 -0.57356972
vn 0.00000000 0.81915675 -0.57356972
vn 0.00000000 0.81915675 -0.57356972
vn 0.00000000 0.81915675 -0.57356972
vn 0.00020000 0.81941039 -0.57320727
vn 0.00000000 0.88024301 -0.47452318
vn 0.00020001 0.88853122 -0.45881612
vn 0.00020001 0.88853122 -0.45881612
vn 0.00000000 0.81949022 -0.57309316
vn 0.00000000 0.81949022 -0.57309316
vn 0.00000000 0.81915675 -0.57356972
vn 0.00000000 0.81915675 -0.57356972
vn 0.00000000 0.81915675 -0.57356972
vn 0.00000000 0.81915675 -0.57356972
vn 0.00000000 0.81915675 -0.57356972
vn 0.00000000 0.81915675 -0.57356972
vn 0.00000000 0.81915675 -0.57356972
vn 0.00000000 0.81915675 -0.57356972
vn 0.00000000 0.81915675 -0.57356972
vn 0.00000000 0.81915675 -0.57356972
vn 0.00000000 0.81915675 -0.57356972
vn 0.00000000 0.81915675 -0.57356972
vn 0.00000000 0.81949022 -0.57309316
vn 0.00000000 0.88863380 -0.45861745
vn -0.00020000 0.88859303 -0.45869640
vn -0.00020000 0.88859303 -0.45869640
vn 0.00000000 0.81949022 -0.57309316
vn 0.00000000 0.81949022 -0.57309316
vn 0.00000000 0.81915675 -0.57356972
vn 0.00000000 0.81915675 -0.57356972
vn 0.00000000 0.81915675 -0.57356972
vn 0.00000000 0.81915675 -0.57356972
vn 0.00000000 0.81915675 -0.57356972
vn 0.00000000 0.81915675 -0.57356972
vn 0.00000000 0.81949022 -0.57309316
vn 0.00000000 0.88863380 -0.45861745
vn 0.00000000 0.88863380 -0.45861745
vn 0.00000000 0.88863380 -0.45861745
vn 0.00000000 0.81949022 -0.57309316
vn 0.00000000 0.81949022 -0.57309316
vn 0.00000000 0.81915675 -0.57356972
vn 0.00000000 0.81915675 -0.57356972
vn 0.00000000 0.81915675 -0.57356972
vn 0.00000000 0.81920373 -0.57350261
vn 0.00000000 0.81920373 -0.57350261
vn 0.00000000 0.81920373 -0.57350261
vn 0.00000000 0.81949022 -0.57309316
vn 0.00000000 0.88863380 -0.45861745
vn 0.00000000 0.88863380 -0.45861745
vn 0.00000000 0.88863380 -0.45861745
vn 0.00000000 0.81949022 -0.57309316
vn 0.00000000 0.81949022 -0.57309316
vn 0.00000000 0.81915675 -0.57356972
vn 0.00000000 0.81915675 -0.57356972
vn 0.00000000 0.81915675 -0.57356972
vn 0.00000000 0.81915675 -0.57356972
vn 0.00000000 0.81915675 -0.57356972
vn 0.00000000 0.81915675 -0.57356972
vn 0.00000000 0.81949022 -0.57309316
vn 0.00000000 0.88863380 -0.45861745
vn 0.00000000 0.88863380 -0.45861745
vn 0.00000000 0.88863380 -0.45861745
vn 0.00000000 0.81949022 -0.57309316
vn 0.00000000 0.81949022 -0.57309316
vn 0.00000000 0.81915675 -0.57356972
vn 0.00000000 0.81915675 -0.57356972
vn 0.00000000 0.81915675 -0.57356972
vn 0.00000000 0.81912385 -0.57361670
vn 0.00000000 0.81912385 -0.57361670
vn 0.00000000 0.81912385 -0.57361670
vn 0.00000000 0.81949022 -0.57309316
vn 0.00020001 0.88853122 -0.45881612
vn 0.00000000 0.88863380 -0.45861745
vn 0.00000000 0.88863380 -0.45861745
vn 0.00000000 0.81949022 -0.57309316
vn 0.00000000 0.81949022 -0.57309316
vn 0.00000000 0.81912385 -0.57361670
vn 0.00000000 0.81912385 -0.57361670
vn 0.00000000 0.81912385 -0.57361670
vn 0.00000000 0.81915675 -0.57356972
vn 0.00000000 0.81915675 -0.57356972
vn 0.00000000 0.81915675 -0.57356972
vn 0.00000000 0.81915675 -0.57356972
vn 0.00000000 0.81915675 -0.57356972
vn 0.00000000 0.81915675 -0.57356972
vn 0.00000000 0.81912385 -0.57361670
vn 0.00000000 0.81912385 -0.57361670
vn 0.00000000 0.81912385 -0.57361670
vn 0.00000000 0.81912385 -0.57361670
vn 0.00000000 0.81912385 -0.57361670
vn 0.00000000 0.81933057 -0.57332139
vn 0.00000000 0.81941041 -0.57320728
vn 0.00000000 0.81912385 -0.57361670
vn 0.00000000 0.81912385 -0.57361670
vn 0.00000000 0.81915675 -0.57356972
vn 0.00000000 0.81915675 -0.57356972
vn 0.00000000 0.81915675 -0.57356972
vn 0.00000000 0.81915675 -0.57356972
vn 0.00000000 0.81915675 -0.57356972
vn 0.00000000 0.81915675 -0.57356972
vn 0.00000000 0.81915675 -0.57356972
vn 0.00000000 0.81933057 -0.57332139
vn 0.00000000 0.81941041 -0.57320728
vn 0.00000000 0.81941041 -0.57320728
vn 0.00000000 0.81912385 -0.57361670
vn 0.00000000 0.81912385 -0.57361670
vn 0.00000000 0.81912385 -0.57361670
vn 0.00000000 0.81912385 -0.57361670
vn 0.00000000 0.81912385 -0.57361670
vn 0.00000000 0.81912385 -0.57361670
vn 0.00000000 0.81912385 -0.57361670
vn 0.00000000 0.81912385 -0.57361670
vn 0.00000000 0.81912385 -0.57361670
vn 0.00000000 0.81941041 -0.57320728
vn 0.00000000 0.81941041 -0.57320728
vn 0.00000000 0.81941041 -0.57320728
vn 0.00000000 0.81915675 -0.57356972
vn 0.00000000 0.81915675 -0.57356972
vn 0.00000000 0.81912385 -0.57361670
vn 0.00000000 0.81912385 -0.57361670
vn 0.00000000 0.81912385 -0.57361670
vn 0.00000000 0.81915675 -0.57356972
vn 0.00000000 0.81915675 -0.57356972
vn 0.00000000 0.81915675 -0.57356972
vn 0.00000000 0.81915675 -0.57356972
vn 0.00000000 0.81915675 -0.57356972
vn 0.00000000 0.81933057 -0.57332139
vn 0.00000000 0.81912385 -0.57361670
vn 0.00000000 0.81912385 -0.57361670
vn 0.00000000 0.81912385 -0.57361670
vn 0.00000000 0.81912385 -0.57361670
vn 0.00000000 0.81912385 -0.57361670
vn 0.00000000 0.81912385 -0.57361670
vn 0.00000000 0.81912385 -0.57361670
vn 0.00000000 0.81912385 -0.57361670
vn 0.00000000 0.81912385 -0.57361670
vn 0.00000000 0.81912385 -0.57361670
vn 0.00000000 0.81912385 -0.57361670
vn 0.00000000 0.81941041 -0.57320728
vn 0.00000000 0.81941041 -0.57320728
vn 0.00000000 0.81915675 -0.57356972
vn 0.00000000 0.81915675 -0.57356972
vn 0.00000000 0.81915675 -0.57356972
vn 0.00000000 0.81915675 -0.57356972
vn 0.00000000 0.81915675 -0.57356972
vn 0.00000000 0.81912385 -0.57361670
vn 0.00000000 0.81912385 -0.57361670
vn 0.00000000 0.81912385 -0.57361670
vn 0.00000000 0.81912385 -0.57361670
vn 0.00000000 0.81912385 -0.57361670
vn 0.00000000 0.81912385 -0.57361670
vn 0.00000000 0.81915675 -0.57356972
vn 0.00000000 0.81915675 -0.57356972
vn 0.00000000 0.81915675 -0.57356972
vn 0.00000000 0.81915675 -0.57356972
vn 0.00000000 0.81915675 -0.57356972
vn 0.00000000 0.81915675 -0.57356972
vn 0.00000000 0.81915675 -0.57356972
vn 0.00000000 0.81915675 -0.57356972
vn 0.00000000 0.81915675 -0.57356972
vn 0.00000000 0.81915675 -0.57356972
vn 0.00000000 0.81915675 -0.57356972
vn 0.00000000 0.81915675 -0.57356972
vn 0.00000000 0.81915675 -0.57356972
vn 0.00000000 0.81915675 -0.57356972
vn 0.00000000 0.81915675 -0.57356972
vn 0.00000000 0.81915675 -0.57356972
vn 0.00000000 0.81915675 -0.57356972
vn 0.00000000 0.81915675 -0.57356972
vn 0.00000000 0.81912385 -0.57361670
vn 0.00000000 0.81912385 -0.57361670
vn 0.00000000 0.81912385 -0.57361670
vn 0.00000000 0.81915675 -0.57356972
vn 0.00000000 0.81915675 -0.57356972
vn 0.00000000 0.81915675 -0.57356972
vn 0.00000000 0.81920373 -0.57350261
vn 0.00000000 0.81920373 -0.57350261
vn 0.00000000 0.81920373 -0.57350261
vn 0.00000000 0.81912385 -0.57361670
vn 0.00000000 0.81912385 -0.57361670
vn 0.00000000 0.81912385 -0.57361670
vn 0.00000000 0.81915675 -0.57356972
vn 0.00000000 0.81915675 -0.57356972
vn 0.00000000 0.81915675 -0.57356972
vn 0.00000000 0.81912385 -0.57361670
vn 0.00000000 0.81912385 -0.57361670
vn 0.00000000 0.81912385 -0.57361670
vn 0.00000000 0.81920373 -0.57350261
vn 0.00000000 0.81920373 -0.57350261
vn 0.00000000 0.81920373 -0.57350261
vn 0.00000000 0.81912385 -0.57361670
vn 0.00000000 0.81912385 -0.57361670
vn 0.00000000 0.81912385 -0.57361670
vn 0.00000000 0.81915675 -0.57356972
vn 0.00000000 0.81915675 -0.57356972
vn 0.00000000 0.81915675 -0.57356972
vn 0.00000000 0.81915675 -0.57356972
vn 0.00000000 0.81915675 -0.57356972
vn 0.00000000 0.81915675 -0.57356972
vn 0.00000000 0.81920373 -0.57350261
vn 0.00000000 0.81920373 -0.57350261
vn 0.00000000 0.81920373 -0.57350261
vn 0.00000000 0.81915675 -0.57356972
vn 0.00000000 0.81915675 -0.57356972
vn 0.00000000 0.81915675 -0.57356972
vn 0.00000000 0.81915675 -0.57356972
vn 0.00000000 0.81915675 -0.57356972
vn 0.00000000 0.81915675 -0.57356972
vn 0.00000000 0.81915675 -0.57356972
vn 0.00000000 0.81915675 -0.57356972
vn 0.00000000 0.81915675 -0.57356972
vn 0.00000000 0.81912385 -0.57361670
vn 0.00000000 0.81912385 -0.57361670
vn 0.00000000 0.81912385 -0.57361670
vn 0.00000000 0.81912385 -0.57361670
vn 0.00000000 0.81912385 -0.57361670
vn 0.00000000 0.81912385 -0.57361670
vn 0.00000000 0.81915675 -0.57356972
vn 0.00000000 0.81915675 -0.57356972
vn 0.00000000 0.81915675 -0.57356972
vn 0.00000000 0.98690528 0.16130086
vn 0.00000000 0.98690528 0.16130086
vn 0.00000000 0.98690528 0.16130086
vn 0.00000000 0.98690528 0.16130086
vn 0.00000000 0.98690528 0.16130086
vn 0.00000000 0.98690528 0.16130086
vn 0.00000000 0.98690528 0.16130086
vn 0.00000000 0.98690528 0.16130086
vn 0.00000000 0.98690528 0.16130086
vn 0.00000000 0.98690528 0.16130086
vn 0.00000000 0.98690528 0.16130086
vn 0.00000000 0.98690528 0.16130086
vn 0.00000000 0.98690528 0.16130086
vn 0.00000000 0.98690528 0.16130086
vn 0.00000000 0.98690528 0.16130086
vn 0.00000000 0.98690528 0.16130086
vn 0.00000000 0.98690528 0.16130086
vn 0.00000000 0.98690528 0.16130086
vn 0.00000000 0.98690528 0.16130086
vn 0.00000000 0.98690528 0.16130086
vn 0.00000000 0.98690528 0.16130086
vn 0.00000000 0.98690528 0.16130086
vn 0.00000000 0.98690528 0.16130086
vn 0.00000000 0.98690528 0.16130086
vn 0.00000000 0.98690528 0.16130086
vn 0.00000000 0.98690528 0.16130086
vn 0.00000000 0.98690528 0.16130086
vn 0.00000000 0.98690528 0.16130086
vn 0.00000000 0.98690528 0.16130086
vn 0.00000000 0.98690528 0.16130086
vn 0.00000000 0.98690528 0.16130086
vn 0.00000000 0.98690528 0.16130086
vn 0.00000000 0.98690528 0.16130086
vn 0.00000000 0.98690528 0.16130086
vn 0.00000000 0.98690528 0.16130086
vn 0.00000000 0.98690528 0.16130086
vn 0.00000000 0.98690528 0.16130086
vn 0.00000000 0.98690528 0.16130086
vn 0.00000000 0.98690528 0.16130086
vn 0.00000000 0.98690528 0.16130086
vn 0.00000000 0.98690528 0.16130086
vn 0.00000000 0.98690528 0.16130086
vn 0.00000000 0.98690528 0.16130086
vn 0.00000000 0.98690528 0.16130086
vn 0.00000000 0.98690528 0.16130086
vn 0.00000000 0.98690528 0.16130086
vn 0.00000000 0.98690528 0.16130086
vn 0.00000000 0.98690528 0.16130086
vn 0.00000000 0.98690528 0.16130086
vn 0.00000000 0.98690528 0.16130086
vn 0.00000000 0.98690528 0.16130086
vn 0.00000000 0.98690528 0.16130086
vn 0.00000000 0.98690528 0.16130086
vn 0.00000000 0.98690528 0.16130086
vn 0.00000000 0.98690528 0.16130086
vn 0.00000000 0.98690528 0.16130086
vn 0.00000000 0.98690528 0.16130086
vn 0.00000000 0.98690528 0.16130086
vn 0.00000000 0.98690528 0.16130086
vn 0.00000000 0.98690528 0.16130086
vn 0.00000000 0.98690528 0.16130086
vn 0.00000000 0.98690528 0.16130086
vn 0.00000000 0.98690528 0.16130086
vn 0.00000000 0.98690528 0.16130086
vn 0.00000000 0.98690528 0.16130086
vn 0.00000000 0.98690528 0.16130086
vn -0.00890044 0.99754897 0.06940341
vn 0.00000000 0.99855187 0.05379741
vn -0.00020000 0.99317922 0.11659756
vn -0.00020000 0.99317922 0.11659756
vn -0.00049999 0.99477429 0.10209736
vn -0.00890044 0.99754897 0.06940341
vn -0.00860005 0.99200557 0.12590071
vn -0.00789988 0.99518470 0.09769850
vn -0.00020000 0.99468153 0.10299809
vn -0.00020000 0.99469177 0.10289915
vn -0.00100001 0.99451372 0.10460144
vn -0.00860005 0.99200557 0.12590071
vn -0.00230002 0.98660668 0.16310110
vn -0.00459989 0.98867585 0.14999634
vn -0.00020001 0.99434426 0.10620473
vn -0.00020001 0.99434426 0.10620473
vn -0.00030001 0.99422634 0.10730284
vn -0.00230002 0.98660668 0.16310110
vn 0.00230002 0.98660668 0.16310110
vn 0.00010000 0.98585634 0.16759258
vn 0.00010000 0.99420502 0.10750054
vn 0.00010000 0.99419433 0.10759939
vn 0.00029999 0.99425944 0.10699564
vn 0.00229998 0.98659058 0.16319844
vn 0.00840038 0.99204468 0.12560566
vn 0.00470009 0.98871984 0.14970300
vn 0.00030000 0.99439804 0.10569979
vn 0.00030000 0.99439804 0.10569979
vn 0.00099998 0.99457705 0.10399760
vn 0.00840038 0.99204468 0.12560566
vn 0.01639935 0.99666021 0.07999681
vn 0.00769965 0.99525503 0.09699562
vn 0.00010000 0.99471224 0.10270126
vn 0.00010000 0.99471224 0.10270126
vn 0.00000000 0.99304852 0.11770575
vn 0.01639935 0.99666021 0.07999681
vn -0.00789988 0.99518470 0.09769850
vn -0.00890044 0.99754897 0.06940341
vn -0.00010000 0.99477440 0.10209737
vn -0.00010000 0.99477440 0.10209737
vn -0.00089998 0.99468115 0.10299805
vn -0.00789988 0.99518470 0.09769850
vn -0.00459989 0.98867585 0.14999634
vn -0.00860005 0.99200557 0.12590071
vn -0.00030000 0.99451417 0.10460149
vn -0.00030000 0.99451417 0.10460149
vn -0.00060003 0.99434411 0.10620471
vn -0.00459989 0.98867585 0.14999634
vn 0.00010000 0.98585634 0.16759258
vn -0.00230002 0.98660668 0.16310110
vn -0.00010000 0.99422638 0.10730285
vn -0.00010000 0.99422638 0.10730285
vn 0.00470009 0.98871984 0.14970300
vn 0.00230002 0.98660668 0.16310110
vn 0.00019999 0.99427010 0.10689679
vn 0.00019999 0.99425947 0.10699564
vn 0.00059999 0.99438739 0.10579866
vn 0.00470009 0.98871984 0.14970300
vn 0.00769965 0.99525503 0.09699562
vn 0.00840038 0.99204468 0.12560566
vn 0.00029999 0.99457750 0.10399765
vn 0.00029999 0.99457750 0.10399765
vn 0.00010000 0.99471224 0.10270126
vn 0.00779964 0.99525425 0.09699554
vn 0.00000000 0.98690528 0.16130086
vn -0.00010000 0.98682295 0.16180376
vn 0.00000000 0.98690528 0.16130086
vn 0.00000000 0.98690528 0.16130086
vn 0.00000000 0.98690528 0.16130086
vn 0.00000000 0.98690528 0.16130086
vn 0.00000000 0.98690528 0.16130086
vn 0.00000000 0.98690528 0.16130086
vn 0.00000000 0.98690528 0.16130086
vn 0.00000000 0.98690528 0.16130086
vn 0.00000000 0.98690528 0.16130086
vn 0.00000000 0.98690528 0.16130086
vn 0.00000000 0.98690528 0.16130086
vn 0.00000000 0.98690528 0.16130086
vn 0.00000000 0.98690528 0.16130086
vn 0.00000000 0.98690528 0.16130086
vn 0.00000000 0.98690528 0.16130086
vn 0.00000000 0.98690528 0.16130086
vn 0.00069999 0.99539081 0.09589911
vn 0.00039999 0.97897202 -0.20399417
vn -0.00020000 0.98889742 -0.14859961
vn -0.00020000 0.98889742 -0.14859961
vn -0.00010000 0.98973637 0.14290525
vn 0.00069999 0.99539081 0.09589911
vn 0.00000000 0.97614704 0.21711046
vn 0.00029999 0.97185284 0.23558857
vn 0.00000000 0.97209243 0.23459817
vn 0.00000000 0.97209243 0.23459817
vn 0.00000000 0.98074189 0.19530834
vn 0.00000000 0.97614704 0.21711046
vn 0.00010000 0.98695558 0.16099275
vn 0.00000000 0.97614704 0.21711046
vn 0.00000000 0.98074189 0.19530834
vn 0.00000000 0.98074189 0.19530834
vn 0.00000000 0.98692119 0.16120346
vn 0.00000000 0.98692119 0.16120346
vn 0.00000000 0.98690528 0.16130086
vn 0.00000000 0.98683892 0.16170638
vn 0.00000000 0.98683892 0.16170638
vn 0.00000000 0.98690528 0.16130086
vn 0.00000000 0.98690528 0.16130086
vn 0.00000000 0.98690528 0.16130086
vn 0.00000000 0.98690528 0.16130086
vn 0.00000000 0.98690528 0.16130086
vn 0.00000000 0.98690528 0.16130086
vn 0.00000000 0.98690528 0.16130086
vn 0.00000000 0.98690528 0.16130086
vn 0.00000000 0.98690528 0.16130086
vn 0.00000000 0.98690528 0.16130086
vn 0.00000000 0.98690528 0.16130086
vn 0.00000000 0.98690528 0.16130086
vn 0.00000000 0.98690528 0.16130086
vn 0.00000000 0.98690528 0.16130086
vn 0.00000000 0.98690528 0.16130086
vn 0.00000000 0.98975255 0.14279315
vn 0.00000000 0.98889744 -0.14859962
vn 0.00000000 0.98889744 -0.14859962
vn 0.00000000 0.98889744 -0.14859962
vn 0.00000000 0.98975255 0.14279315
vn 0.00000000 0.98975255 0.14279315
vn 0.00000000 0.98074189 0.19530834
vn 0.00000000 0.97209243 0.23459817
vn 0.00000000 0.97209243 0.23459817
vn 0.00000000 0.97209243 0.23459817
vn 0.00000000 0.98074189 0.19530834
vn 0.00000000 0.98074189 0.19530834
vn 0.00000000 0.98692119 0.16120346
vn 0.00000000 0.98074189 0.19530834
vn 0.00000000 0.98074189 0.19530834
vn 0.00000000 0.98074189 0.19530834
vn 0.00000000 0.98692119 0.16120346
vn 0.00000000 0.98692119 0.16120346
vn 0.00000000 0.98690528 0.16130086
vn 0.00000000 0.98679100 0.16199852
vn 0.00000000 0.98682295 0.16180376
vn 0.00000000 0.98690528 0.16130086
vn 0.00000000 0.98690528 0.16130086
vn 0.00000000 0.98690528 0.16130086
vn 0.00000000 0.98690528 0.16130086
vn 0.00000000 0.98690528 0.16130086
vn 0.00000000 0.98690528 0.16130086
vn 0.00000000 0.98690528 0.16130086
vn 0.00000000 0.98690528 0.16130086
vn 0.00000000 0.98690528 0.16130086
vn 0.00000000 0.98690528 0.16130086
vn 0.00000000 0.98690528 0.16130086
vn 0.00000000 0.98690528 0.16130086
vn 0.00000000 0.98690528 0.16130086
vn 0.00000000 0.98690528 0.16130086
vn 0.00000000 0.98690528 0.16130086
vn 0.00000000 0.98975051 0.14280729
vn 0.00000000 0.98889744 -0.14859962
vn 0.00000000 0.98889744 -0.14859962
vn 0.00000000 0.98889744 -0.14859962
vn 0.00000000 0.98975051 0.14280729
vn 0.00000000 0.98975051 0.14280729
vn 0.00000000 0.98074189 0.19530834
vn 0.00000000 0.97209243 0.23459817
vn 0.00000000 0.97209243 0.23459817
vn 0.00000000 0.97209243 0.23459817
vn 0.00000000 0.98074189 0.19530834
vn 0.00000000 0.98074189 0.19530834
vn 0.00000000 0.98692119 0.16120346
vn 0.00000000 0.98074189 0.19530834
vn 0.00000000 0.98074189 0.19530834
vn 0.00000000 0.98074189 0.19530834
vn 0.00000000 0.98692119 0.16120346
vn 0.00000000 0.98692119 0.16120346
vn 0.00000000 0.98682295 0.16180376
vn 0.00000000 0.98679100 0.16199852
vn 0.00000000 0.98690528 0.16130086
vn 0.00000000 0.98690528 0.16130086
vn 0.00000000 0.98690528 0.16130086
vn 0.00000000 0.98682295 0.16180376
vn 0.00000000 0.98690528 0.16130086
vn 0.00000000 0.98690528 0.16130086
vn 0.00000000 0.98690528 0.16130086
vn 0.00000000 0.98690528 0.16130086
vn 0.00000000 0.98690528 0.16130086
vn 0.00000000 0.98690528 0.16130086
vn 0.00000000 0.98690528 0.16130086
vn 0.00000000 0.98690528 0.16130086
vn 0.00000000 0.98690528 0.16130086
vn 0.00000000 0.98690528 0.16130086
vn 0.00000000 0.98690528 0.16130086
vn 0.00000000 0.98690528 0.16130086
vn 0.00000000 0.98889744 -0.14859962
vn 0.00000000 0.98889744 -0.14859962
vn 0.00000000 0.98975255 0.14279315
vn 0.00000000 0.98975255 0.14279315
vn 0.00000000 0.98975255 0.14279315
vn 0.00000000 0.98889744 -0.14859962
vn 0.00000000 0.97209243 0.23459817
vn 0.00000000 0.97209243 0.23459817
vn 0.00000000 0.98074189 0.19530834
vn 0.00000000 0.98074189 0.19530834
vn 0.00000000 0.98074189 0.19530834
vn 0.00000000 0.97209243 0.23459817
vn 0.00000000 0.98074189 0.19530834
vn 0.00000000 0.98074189 0.19530834
vn 0.00000000 0.98692119 0.16120346
vn 0.00000000 0.98692119 0.16120346
vn 0.00000000 0.98692119 0.16120346
vn 0.00000000 0.98074189 0.19530834
vn 0.00000000 0.98679100 0.16199852
vn 0.00000000 0.98680698 0.16190115
vn 0.00000000 0.98690528 0.16130086
vn 0.00000000 0.98690528 0.16130086
vn 0.00000000 0.98690528 0.16130086
vn 0.00000000 0.98682295 0.16180376
vn 0.00000000 0.98690528 0.16130086
vn 0.00000000 0.98690528 0.16130086
vn 0.00000000 0.98690528 0.16130086
vn 0.00000000 0.98690528 0.16130086
vn 0.00000000 0.98690528 0.16130086
vn 0.00000000 0.98690528 0.16130086
vn 0.00000000 0.98690528 0.16130086
vn 0.00000000 0.98690528 0.16130086
vn 0.00000000 0.98690528 0.16130086
vn 0.00000000 0.98690528 0.16130086
vn 0.00000000 0.98690528 0.16130086
vn 0.00000000 0.98690528 0.16130086
vn 0.00000000 0.98889744 -0.14859962
vn 0.00000000 0.98889744 -0.14859962
vn 0.00000000 0.98975255 0.14279315
vn 0.00000000 0.98975255 0.14279315
vn 0.00000000 0.98975255 0.14279315
vn 0.00000000 0.98889744 -0.14859962
vn 0.00000000 0.97209243 0.23459817
vn 0.00000000 0.97209243 0.23459817
vn 0.00000000 0.98074189 0.19530834
vn 0.00000000 0.98074189 0.19530834
vn 0.00000000 0.98074189 0.19530834
vn 0.00000000 0.97209243 0.23459817
vn 0.00000000 0.98074189 0.19530834
vn 0.00000000 0.98074189 0.19530834
vn 0.00000000 0.98692119 0.16120346
vn 0.00000000 0.98692119 0.16120346
vn 0.00000000 0.98692119 0.16120346
vn 0.00000000 0.98074189 0.19530834
vn 0.00000000 0.98690528 0.16130086
vn 0.00000000 0.98683892 0.16170638
vn 0.00000000 0.98690528 0.16130086
vn 0.00000000 0.98690528 0.16130086
vn 0.00000000 0.98690528 0.16130086
vn 0.00000000 0.98690528 0.16130086
vn 0.00000000 0.98690528 0.16130086
vn 0.00000000 0.98690528 0.16130086
vn 0.00000000 0.98690528 0.16130086
vn 0.00000000 0.98690528 0.16130086
vn 0.00000000 0.98690528 0.16130086
vn 0.00000000 0.98690528 0.16130086
vn 0.00000000 0.98690528 0.16130086
vn 0.00000000 0.98690528 0.16130086
vn 0.00000000 0.98690528 0.16130086
vn 0.00000000 0.98690528 0.16130086
vn 0.00000000 0.98690528 0.16130086
vn 0.00000000 0.98690528 0.16130086
vn 0.00020000 0.98889742 -0.14859961
vn -0.00039999 0.97897202 -0.20399417
vn -0.00069999 0.99539081 0.09589911
vn -0.00069999 0.99539081 0.09589911
vn 0.00010001 0.98975051 0.14280729
vn 0.00020000 0.98889742 -0.14859961
vn 0.00000000 0.97209243 0.23459817
vn -0.00020001 0.97184731 0.23561147
vn 0.00000000 0.97614704 0.21711046
vn 0.00000000 0.97614704 0.21711046
vn 0.00000000 0.98074189 0.19530834
vn 0.00000000 0.97209243 0.23459817
vn 0.00000000 0.98074189 0.19530834
vn 0.00000000 0.97614704 0.21711046
vn -0.00010000 0.98695558 0.16099275
vn 0.00000000 0.98692119 0.16120346
vn 0.00000000 0.98692119 0.16120346
vn 0.00000000 0.98074189 0.19530834
vn 0.00000000 0.98690528 0.16130086
vn 0.00000000 0.98683892 0.16170638
vn 0.00000000 0.98690528 0.16130086
vn 0.00000000 0.98683892 0.16170638
vn 0.00000000 0.98690528 0.16130086
vn 0.00000000 0.98690528 0.16130086
vn 0.00000000 0.98690528 0.16130086
vn 0.00000000 0.98690528 0.16130086
vn 0.00000000 0.98690528 0.16130086
vn 0.00000000 0.98690528 0.16130086
vn 0.00000000 0.98690528 0.16130086
vn 0.00000000 0.98690528 0.16130086
vn 0.00000000 0.98690528 0.16130086
vn 0.00000000 0.98690528 0.16130086
vn 0.00000000 0.98690528 0.16130086
vn 0.00000000 0.98690528 0.16130086
vn 0.00000000 0.98690528 0.16130086
vn 0.00000000 0.98690528 0.16130086
vn 0.00000000 0.98973637 0.14290525
vn -0.00020000 0.98889742 -0.14859961
vn 0.00000000 0.98889744 -0.14859962
vn 0.00000000 0.98889744 -0.14859962
vn 0.00000000 0.98975255 0.14279315
vn 0.00000000 0.98973637 0.14290525
vn 0.00000000 0.98074189 0.19530834
vn 0.00000000 0.97209243 0.23459817
vn 0.00000000 0.97209243 0.23459817
vn 0.00000000 0.97209243 0.23459817
vn 0.00000000 0.98074189 0.19530834
vn 0.00000000 0.98074189 0.19530834
vn 0.00000000 0.98692119 0.16120346
vn 0.00000000 0.98074189 0.19530834
vn 0.00000000 0.98074189 0.19530834
vn 0.00000000 0.98074189 0.19530834
vn 0.00000000 0.98692119 0.16120346
vn 0.00000000 0.98692119 0.16120346
vn 0.00000000 0.98690528 0.16130086
vn 0.00000000 0.98683892 0.16170638
vn 0.00000000 0.98683892 0.16170638
vn 0.00000000 0.98682295 0.16180376
vn 0.00000000 0.98690528 0.16130086
vn 0.00000000 0.98690528 0.16130086
vn 0.00000000 0.98690528 0.16130086
vn 0.00000000 0.98690528 0.16130086
vn 0.00000000 0.98690528 0.16130086
vn 0.00000000 0.98690528 0.16130086
vn 0.00000000 0.98690528 0.16130086
vn 0.00000000 0.98690528 0.16130086
vn 0.00000000 0.98690528 0.16130086
vn 0.00000000 0.98690528 0.16130086
vn 0.00000000 0.98690528 0.16130086
vn 0.00000000 0.98690528 0.16130086
vn 0.00000000 0.98690528 0.16130086
vn 0.00000000 0.98690528 0.16130086
vn 0.00000000 0.98975255 0.14279315
vn 0.00000000 0.98889744 -0.14859962
vn 0.00000000 0.98889744 -0.14859962
vn 0.00000000 0.98889744 -0.14859962
vn 0.00000000 0.98975255 0.14279315
vn 0.00000000 0.98975255 0.14279315
vn 0.00000000 0.98074189 0.19530834
vn 0.00000000 0.97209243 0.23459817
vn 0.00000000 0.97209243 0.23459817
vn 0.00000000 0.97209243 0.23459817
vn 0.00000000 0.98074189 0.19530834
vn 0.00000000 0.98074189 0.19530834
vn 0.00000000 0.98692119 0.16120346
vn 0.00000000 0.98074189 0.19530834
vn 0.00000000 0.98074189 0.19530834
vn 0.00000000 0.98074189 0.19530834
vn 0.00000000 0.98692119 0.16120346
vn 0.00000000 0.98692119 0.16120346
vn 0.00000000 0.98690528 0.16130086
vn 0.00000000 0.98679100 0.16199852
vn 0.00000000 0.98679100 0.16199852
vn 0.00000000 0.98682295 0.16180376
vn 0.00000000 0.98690528 0.16130086
vn 0.00000000 0.98690528 0.16130086
vn 0.00000000 0.98688936 0.16139826
vn 0.00000000 0.98688936 0.16139826
vn 0.00000000 0.98688936 0.16139826
vn 0.00000000 0.98690528 0.16130086
vn 0.00000000 0.98690528 0.16130086
vn 0.00000000 0.98690528 0.16130086
vn 0.00000000 0.98690528 0.16130086
vn 0.00000000 0.98690528 0.16130086
vn 0.00000000 0.98690528 0.16130086
vn 0.00000000 0.98690528 0.16130086
vn 0.00000000 0.98690528 0.16130086
vn 0.00000000 0.98690528 0.16130086
vn 0.00000000 0.98975255 0.14279315
vn 0.00000000 0.98889744 -0.14859962
vn 0.00000000 0.98889744 -0.14859962
vn 0.00000000 0.98889744 -0.14859962
vn 0.00000000 0.98975255 0.14279315
vn 0.00000000 0.98975255 0.14279315
vn 0.00000000 0.98074189 0.19530834
vn 0.00000000 0.97209243 0.23459817
vn 0.00000000 0.97209243 0.23459817
vn 0.00000000 0.97209243 0.23459817
vn 0.00000000 0.98074189 0.19530834
vn 0.00000000 0.98074189 0.19530834
vn 0.00000000 0.98692119 0.16120346
vn 0.00000000 0.98074189 0.19530834
vn 0.00000000 0.98074189 0.19530834
vn 0.00000000 0.98074189 0.19530834
vn 0.00000000 0.98692119 0.16120346
vn 0.00000000 0.98692119 0.16120346
vn 0.00000000 0.98682295 0.16180376
vn 0.00000000 0.98682295 0.16180376
vn 0.00000000 0.98690528 0.16130086
vn 0.00000000 0.98690528 0.16130086
vn 0.00000000 0.98690528 0.16130086
vn 0.00000000 0.98682295 0.16180376
vn 0.00000000 0.98690528 0.16130086
vn 0.00000000 0.98690528 0.16130086
vn 0.00000000 0.98690528 0.16130086
vn 0.00000000 0.98690528 0.16130086
vn 0.00000000 0.98690528 0.16130086
vn 0.00000000 0.98690528 0.16130086
vn 0.00000000 0.98690528 0.16130086
vn 0.00000000 0.98690528 0.16130086
vn 0.00000000 0.98690528 0.16130086
vn 0.00000000 0.98690528 0.16130086
vn 0.00000000 0.98690528 0.16130086
vn 0.00000000 0.98690528 0.16130086
vn 0.00000000 0.98889744 -0.14859962
vn 0.00000000 0.98889744 -0.14859962
vn 0.00000000 0.98975255 0.14279315
vn 0.00000000 0.98975255 0.14279315
vn 0.00000000 0.98975255 0.14279315
vn 0.00000000 0.98889744 -0.14859962
vn 0.00000000 0.97209243 0.23459817
vn 0.00000000 0.97209243 0.23459817
vn 0.00000000 0.98074189 0.19530834
vn 0.00000000 0.98074189 0.19530834
vn 0.00000000 0.98074189 0.19530834
vn 0.00000000 0.97209243 0.23459817
vn 0.00000000 0.98074189 0.19530834
vn 0.00000000 0.98074189 0.19530834
vn 0.00000000 0.98692119 0.16120346
vn 0.00000000 0.98692119 0.16120346
vn 0.00000000 0.98692119 0.16120346
vn 0.00000000 0.98074189 0.19530834
vn 0.00010000 0.98682295 0.16180376
vn 0.00000000 0.98679100 0.16199852
vn 0.00000000 0.98690528 0.16130086
vn 0.00000000 0.98690528 0.16130086
vn 0.00000000 0.98690528 0.16130086
vn 0.00000000 0.98690528 0.16130086
vn 0.00000000 0.98690528 0.16130086
vn 0.00000000 0.98690528 0.16130086
vn 0.00000000 0.98690528 0.16130086
vn 0.00000000 0.98690528 0.16130086
vn 0.00000000 0.98690528 0.16130086
vn 0.00000000 0.98690528 0.16130086
vn 0.00000000 0.98690528 0.16130086
vn 0.00000000 0.98690528 0.16130086
vn 0.00000000 0.98690528 0.16130086
vn 0.00000000 0.98690528 0.16130086
vn 0.00000000 0.98690528 0.16130086
vn 0.00000000 0.98690528 0.16130086
vn 0.00000000 0.98889744 -0.14859962
vn 0.00020000 0.98889742 -0.14859961
vn 0.00000000 0.98973637 0.14290525
vn 0.00000000 0.98975051 0.14280729
vn 0.00000000 0.98975255 0.14279315
vn 0.00000000 0.98889744 -0.14859962
vn 0.00000000 0.97209243 0.23459817
vn 0.00000000 0.97209243 0.23459817
vn 0.00000000 0.98074189 0.19530834
vn 0.00000000 0.98074189 0.19530834
vn 0.00000000 0.98074189 0.19530834
vn 0.00000000 0.97209243 0.23459817
vn 0.00000000 0.98074189 0.19530834
vn 0.00000000 0.98074189 0.19530834
vn 0.00000000 0.98692119 0.16120346
vn 0.00000000 0.98692119 0.16120346
vn 0.00000000 0.98692119 0.16120346
vn 0.00000000 0.98074189 0.19530834
vn -0.00010000 0.98683891 0.16170638
vn -0.00010000 0.99477440 0.10209737
vn -0.00020000 0.99317922 0.11659756
vn -0.00020000 0.99317922 0.11659756
vn 0.00000000 0.98690528 0.16130086
vn -0.00010000 0.98685748 0.16159304
vn 0.00000000 0.98677501 0.16209589
vn -0.00030000 0.99451417 0.10460149
vn -0.00020000 0.99468153 0.10299809
vn -0.00020000 0.99468153 0.10299809
vn 0.00000000 0.98672435 0.16240401
vn 0.00000000 0.98672435 0.16240401
vn 0.00000000 0.98677501 0.16209589
vn -0.00010000 0.99422638 0.10730285
vn -0.00020001 0.99434426 0.10620473
vn -0.00020001 0.99434426 0.10620473
vn 0.00000000 0.98677501 0.16209589
vn 0.00000000 0.98680698 0.16190115
vn 0.00019999 0.99425947 0.10699564
vn 0.00010000 0.99419433 0.10759939
vn 0.00000000 0.98680698 0.16190115
vn 0.00000000 0.98679100 0.16199852
vn 0.00000000 0.98672435 0.16240401
vn 0.00019999 0.99425947 0.10699564
vn 0.00029999 0.99457750 0.10399765
vn 0.00030000 0.99438753 0.10579867
vn 0.00000000 0.98672435 0.16240401
vn 0.00000000 0.98672435 0.16240401
vn 0.00000000 0.98677501 0.16209589
vn 0.00029999 0.99457750 0.10399765
vn 0.00000000 0.99304990 0.11769406
vn 0.00010000 0.99471224 0.10270126
vn 0.00010000 0.98683891 0.16170638
vn 0.00000000 0.98680698 0.16190115
vn 0.00000000 0.98685748 0.16159304
vn 0.00000000 0.99304990 0.11769406
vn 0.00000000 0.98677501 0.16209589
vn -0.00020000 0.99469177 0.10289915
vn -0.00010000 0.99477440 0.10209737
vn -0.00010000 0.99477440 0.10209737
vn 0.00000000 0.98683892 0.16170638
vn 0.00000000 0.98677501 0.16209589
vn 0.00000000 0.98677501 0.16209589
vn -0.00020001 0.99434426 0.10620473
vn -0.00030000 0.99451417 0.10460149
vn -0.00030000 0.99451417 0.10460149
vn 0.00000000 0.98677501 0.16209589
vn 0.00000000 0.98677501 0.16209589
vn 0.00000000 0.98680698 0.16190115
vn 0.00010000 0.99419433 0.10759939
vn -0.00010000 0.99422638 0.10730285
vn -0.00010000 0.99422638 0.10730285
vn 0.00000000 0.98679100 0.16199852
vn 0.00000000 0.98679100 0.16199852
vn 0.00030000 0.99438753 0.10579867
vn 0.00019999 0.99425947 0.10699564
vn 0.00000000 0.98672435 0.16240401
vn 0.00000000 0.98677501 0.16209589
vn 0.00000000 0.98677501 0.16209589
vn 0.00030000 0.99438753 0.10579867
vn 0.00010000 0.99471224 0.10270126
vn 0.00029999 0.99457750 0.10399765
vn 0.00000000 0.98682295 0.16180376
vn 0.00000000 0.98679100 0.16199852
vn 0.00000000 0.98683892 0.16170638
vn 0.00010000 0.99471224 0.10270126
vn -0.76035863 0.64946466 0.00709961
vn -0.72323156 0.68853004 0.05350233
vn -0.74522711 0.66552421 0.04140151
vn -0.74523019 0.66552696 0.04130167
vn -0.77389296 0.63329424 -0.00529995
vn -0.76031644 0.64951405 0.00710015
vn -0.76144002 0.64823407 0.00130007
vn -0.70951389 0.70101372 0.07190141
vn -0.65038401 0.75298149 0.10009754
vn -0.65038401 0.75298149 0.10009754
vn -0.70720380 0.70700380 0.00290002
vn -0.76139066 0.64829205 0.00129998
vn -0.52789685 0.84929493 0.00479997
vn -0.46977255 0.87284900 0.13209228
vn -0.16659450 0.97406787 0.15309495
vn -0.16659450 0.97406787 0.15309495
vn -0.19440064 0.98090325 0.00610002
vn -0.52789685 0.84929493 0.00479997
vn 0.19430488 0.98092463 0.00570014
vn 0.16440715 0.97504242 0.14920649
vn 0.46990163 0.87430303 0.12160042
vn 0.46990163 0.87430303 0.12160042
vn 0.52778153 0.84937027 0.00409986
vn 0.19430488 0.98092463 0.00570014
vn 0.70710550 0.70710550 0.00190001
vn 0.64926797 0.75586271 0.08439584
vn 0.71193515 0.70023457 0.05310262
vn 0.71188530 0.70028554 0.05309890
vn 0.76162338 0.64801989 -0.00020001
vn 0.70710550 0.70710550 0.00190001
vn 0.77263749 0.63483080 -0.00460022
vn 0.75019392 0.66069464 0.02629979
vn 0.80862427 0.58791764 -0.02190066
vn 0.80862427 0.58791764 -0.02190066
vn 0.75919762 0.65079796 0.00899997
vn 0.77263749 0.63483080 -0.00460022
vn -0.77380383 0.63340314 -0.00530003
vn -0.74523019 0.66552696 0.04130167
vn -0.70951389 0.70101372 0.07190141
vn -0.70951389 0.70101372 0.07190141
vn -0.76148204 0.64818471 0.00129997
vn -0.77385285 0.63334325 -0.00530036
vn -0.70725378 0.70695380 0.00289981
vn -0.65038401 0.75298149 0.10009754
vn -0.46968841 0.87287847 0.13219674
vn -0.46977255 0.87284900 0.13209228
vn -0.52789685 0.84929493 0.00479997
vn -0.70725378 0.70695380 0.00289981
vn -0.19430442 0.98092231 0.00610014
vn -0.16659450 0.97406787 0.15309495
vn 0.16440715 0.97504242 0.14920649
vn 0.16440715 0.97504242 0.14920649
vn 0.19430488 0.98092463 0.00570014
vn -0.19430442 0.98092231 0.00610014
vn 0.52778153 0.84937027 0.00409986
vn 0.46990163 0.87430303 0.12160042
vn 0.64926797 0.75586271 0.08439584
vn 0.64926797 0.75586271 0.08439584
vn 0.70710550 0.70710550 0.00190001
vn 0.52778153 0.84937027 0.00409986
vn 0.76162338 0.64801989 -0.00020001
vn 0.71193893 0.70023829 0.05300290
vn 0.75019392 0.66069464 0.02629979
vn 0.75019392 0.66069464 0.02629979
vn 0.77263784 0.63483109 -0.00450022
vn 0.76162338 0.64801989 -0.00020001
vn -0.83694076 0.54682663 -0.02260110
vn -0.76035863 0.64946466 0.00709961
vn -0.77380383 0.63340314 -0.00530003
vn -0.77389296 0.63329424 -0.00529995
vn -0.80034552 0.59903407 -0.02460140
vn -0.83694076 0.54682663 -0.02260110
vn -0.75878622 0.65078818 -0.02679951
vn -0.76144002 0.64823407 0.00130007
vn -0.70725378 0.70695380 0.00289981
vn -0.70720380 0.70700380 0.00290002
vn -0.72024650 0.69314475 -0.02820182
vn -0.75878825 0.65078992 -0.02669959
vn -0.53448927 0.84448305 -0.03419931
vn -0.52789685 0.84929493 0.00479997
vn -0.19440064 0.98090325 0.00610002
vn -0.19430442 0.98092231 0.00610014
vn -0.18810796 0.98134154 -0.03980168
vn -0.53448927 0.84448305 -0.03419931
vn 0.18810796 0.98134154 -0.03980168
vn 0.19430488 0.98092463 0.00570014
vn 0.52778153 0.84937027 0.00409986
vn 0.52778153 0.84937027 0.00409986
vn 0.53429759 0.84459620 -0.03439985
vn 0.18820517 0.98132698 -0.03970109
vn 0.72029054 0.69309090 -0.02839963
vn 0.70710550 0.70710550 0.00190001
vn 0.76166538 0.64797055 -0.00010000
vn 0.76162338 0.64801989 -0.00020001
vn 0.75888005 0.65068289 -0.02669930
vn 0.72029054 0.69309090 -0.02839963
vn 0.79998588 0.59948942 -0.02519956
vn 0.77267779 0.63478175 -0.00459987
vn 0.75914821 0.65085560 0.00899939
vn 0.75919762 0.65079796 0.00899997
vn 0.83750458 0.54590299 -0.02400013
vn 0.79998386 0.59948791 -0.02529949
vn -0.80034552 0.59903407 -0.02460140
vn -0.77385285 0.63334325 -0.00530036
vn -0.76144002 0.64823407 0.00130007
vn -0.76144011 0.64823415 0.00120006
vn -0.75878622 0.65078818 -0.02679951
vn -0.80034552 0.59903407 -0.02460140
vn -0.72024650 0.69314475 -0.02820182
vn -0.70725378 0.70695380 0.00289981
vn -0.52789685 0.84929493 0.00479997
vn -0.52789685 0.84929493 0.00479997
vn -0.53448927 0.84448305 -0.03419931
vn -0.72024650 0.69314475 -0.02820182
vn -0.18810796 0.98134154 -0.03980168
vn -0.19430442 0.98092231 0.00610014
vn 0.19430488 0.98092463 0.00570014
vn 0.19430488 0.98092463 0.00570014
vn 0.18810871 0.98134544 -0.03970184
vn -0.18810796 0.98134154 -0.03980168
vn 0.53437087 0.84455397 -0.03429813
vn 0.52778153 0.84937027 0.00409986
vn 0.70710550 0.70710550 0.00190001
vn 0.70710550 0.70710550 0.00190001
vn 0.72029054 0.69309090 -0.02839963
vn 0.53436904 0.84455107 -0.03439801
vn 0.75888005 0.65068289 -0.02669930
vn 0.76166537 0.64797054 -0.00019999
vn 0.77263749 0.63483080 -0.00460022
vn 0.77263749 0.63483080 -0.00460022
vn 0.79998386 0.59948791 -0.02529949
vn 0.75888005 0.65068289 -0.02669930
vn -0.00890044 0.99754897 0.06940341
vn -0.74523019 0.66552696 0.04130167
vn -0.72323156 0.68853004 0.05350233
vn -0.72323156 0.68853004 0.05350233
vn 0.00000000 0.99855187 0.05379741
vn -0.00890044 0.99754897 0.06940341
vn -0.00849995 0.99199392 0.12599923
vn -0.65038401 0.75298149 0.10009754
vn -0.70951389 0.70101372 0.07190141
vn -0.70950878 0.70100868 0.07200089
vn -0.00789988 0.99518470 0.09769850
vn -0.00860005 0.99200557 0.12590071
vn -0.00230002 0.98660668 0.16310110
vn -0.16659450 0.97406787 0.15309495
vn -0.46969462 0.87289000 0.13209849
vn -0.46969462 0.87289000 0.13209849
vn -0.00459989 0.98867585 0.14999634
vn -0.00230005 0.98662277 0.16300376
vn 0.00239998 0.98659035 0.16319840
vn 0.46990163 0.87430303 0.12160042
vn 0.16440715 0.97504242 0.14920649
vn 0.16440715 0.97504242 0.14920649
vn 0.00010000 0.98585634 0.16759258
vn 0.00229998 0.98659058 0.16319844
vn 0.00840038 0.99204468 0.12560566
vn 0.71193515 0.70023457 0.05310262
vn 0.64926797 0.75586271 0.08439584
vn 0.64926797 0.75586271 0.08439584
vn 0.00470009 0.98871984 0.14970300
vn 0.00839955 0.99204627 0.12559320
vn 0.01639935 0.99666021 0.07999681
vn 0.80862427 0.58791764 -0.02190066
vn 0.75019392 0.66069464 0.02629979
vn 0.75019392 0.66069464 0.02629979
vn 0.00769965 0.99525503 0.09699562
vn 0.01639935 0.99666021 0.07999681
vn -0.00789996 0.99519442 0.09759945
vn -0.70951389 0.70101372 0.07190141
vn -0.74522711 0.66552421 0.04140151
vn -0.74527465 0.66547736 0.04129860
vn -0.00890044 0.99754897 0.06940341
vn -0.00789988 0.99518470 0.09769850
vn -0.00459996 0.98869068 0.14989859
vn -0.46969462 0.87289000 0.13209849
vn -0.65038401 0.75298149 0.10009754
vn -0.65039052 0.75298902 0.09999854
vn -0.00860005 0.99200557 0.12590071
vn -0.00459989 0.98867585 0.14999634
vn 0.00010000 0.98585634 0.16759258
vn 0.16440715 0.97504242 0.14920649
vn -0.16659450 0.97406787 0.15309495
vn -0.16659450 0.97406787 0.15309495
vn -0.00230005 0.98662277 0.16300376
vn 0.00010000 0.98587285 0.16749539
vn 0.00470009 0.98871984 0.14970300
vn 0.64926797 0.75586271 0.08439584
vn 0.46990163 0.87430303 0.12160042
vn 0.46990163 0.87430303 0.12160042
vn 0.00229998 0.98659058 0.16319844
vn 0.00470009 0.98871984 0.14970300
vn 0.00770034 0.99524442 0.09710433
vn 0.75019392 0.66069464 0.02629979
vn 0.71193515 0.70023457 0.05310262
vn 0.71188907 0.70028925 0.05299919
vn 0.00840038 0.99204468 0.12560566
vn 0.00769965 0.99525503 0.09699562
vn -0.83731096 0.54580714 -0.03170041
vn -0.83694076 0.54682663 -0.02260110
vn -0.80029758 0.59909818 -0.02459993
vn -0.80034552 0.59903407 -0.02460140
vn -0.80141023 0.59710763 -0.03470044
vn -0.83726526 0.54587735 -0.03169868
vn -0.75857988 0.65048275 -0.03779900
vn -0.75878622 0.65078818 -0.02679951
vn -0.72019657 0.69319670 -0.02819987
vn -0.72019657 0.69319670 -0.02819987
vn -0.72108192 0.69168266 -0.04019899
vn -0.75857988 0.65048275 -0.03779900
vn -0.53770769 0.84171204 -0.04890070
vn -0.53448927 0.84448305 -0.03419931
vn -0.18810796 0.98134154 -0.03980168
vn -0.18810796 0.98134154 -0.03980168
vn -0.18940820 0.98024245 -0.05700247
vn -0.53770769 0.84171204 -0.04890070
vn 0.18940820 0.98024245 -0.05700247
vn 0.18810871 0.98134544 -0.03970184
vn 0.53436904 0.84455107 -0.03439801
vn 0.53436904 0.84455107 -0.03439801
vn 0.53770769 0.84171204 -0.04890070
vn 0.18940820 0.98024245 -0.05700247
vn 0.72108192 0.69168266 -0.04019899
vn 0.72029054 0.69309090 -0.02839963
vn 0.75888005 0.65068289 -0.02669930
vn 0.75888005 0.65068289 -0.02669930
vn 0.75857988 0.65048275 -0.03779900
vn 0.72108192 0.69168266 -0.04019899
vn 0.80141023 0.59710763 -0.03470044
vn 0.79998386 0.59948791 -0.02529949
vn 0.83750257 0.54590167 -0.02410007
vn 0.83750257 0.54590167 -0.02410007
vn 0.83731096 0.54580714 -0.03170041
vn 0.80141023 0.59710763 -0.03470044
vn -0.80141023 0.59710763 -0.03470044
vn -0.80029758 0.59909818 -0.02459993
vn -0.75878825 0.65078992 -0.02669959
vn -0.75878825 0.65078992 -0.02669959
vn -0.75857988 0.65048275 -0.03779900
vn -0.80141023 0.59710763 -0.03470044
vn -0.72108192 0.69168266 -0.04019899
vn -0.72024650 0.69314475 -0.02820182
vn -0.53448927 0.84448305 -0.03419931
vn -0.53448927 0.84448305 -0.03419931
vn -0.53770769 0.84171204 -0.04890070
vn -0.72108192 0.69168266 -0.04019899
vn -0.18940820 0.98024245 -0.05700247
vn -0.18810796 0.98134154 -0.03980168
vn 0.18810871 0.98134544 -0.03970184
vn 0.18810871 0.98134544 -0.03970184
vn 0.18950462 0.98022387 -0.05700139
vn -0.18950462 0.98022387 -0.05700139
vn 0.53770769 0.84171204 -0.04890070
vn 0.53436904 0.84455107 -0.03439801
vn 0.72029054 0.69309090 -0.02839963
vn 0.72029054 0.69309090 -0.02839963
vn 0.72108192 0.69168266 -0.04019899
vn 0.53770769 0.84171204 -0.04890070
vn 0.75857988 0.65048275 -0.03779900
vn 0.75888005 0.65068289 -0.02669930
vn 0.79998386 0.59948791 -0.02529949
vn 0.79998386 0.59948791 -0.02529949
vn 0.80141023 0.59710763 -0.03470044
vn 0.75862922 0.65042505 -0.03780146
vn 0.00039999 0.97897202 -0.20399417
vn 0.00000000 0.88026552 -0.47448141
vn -0.00019999 0.88855227 -0.45877536
vn -0.00020001 0.88853122 -0.45881612
vn -0.00020000 0.98889742 -0.14859961
vn 0.00039999 0.97897202 -0.20399417
vn 0.00000000 0.98975255 0.14279315
vn 0.00000000 0.97209243 0.23459817
vn 0.00030001 0.97184729 0.23561146
vn 0.00030001 0.97184729 0.23561146
vn 0.00069999 0.99539081 0.09589911
vn -0.00010001 0.98975051 0.14280729
vn 0.00000000 0.98889744 -0.14859962
vn 0.00000000 0.88863380 -0.45861745
vn 0.00000000 0.88863380 -0.45861745
vn 0.00000000 0.88863380 -0.45861745
vn 0.00000000 0.98889744 -0.14859962
vn 0.00000000 0.98889744 -0.14859962
vn 0.00000000 0.98975255 0.14279315
vn 0.00000000 0.97209243 0.23459817
vn 0.00000000 0.97209243 0.23459817
vn 0.00000000 0.97209243 0.23459817
vn 0.00000000 0.98975255 0.14279315
vn 0.00000000 0.98975255 0.14279315
vn 0.00000000 0.98889744 -0.14859962
vn 0.00000000 0.88863380 -0.45861745
vn 0.00000000 0.88863380 -0.45861745
vn 0.00000000 0.88859305 -0.45869641
vn 0.00000000 0.98889744 -0.14859962
vn 0.00000000 0.98889744 -0.14859962
vn 0.00000000 0.98975255 0.14279315
vn 0.00000000 0.97209243 0.23459817
vn 0.00000000 0.97209243 0.23459817
vn 0.00000000 0.97209243 0.23459817
vn 0.00000000 0.98975255 0.14279315
vn 0.00000000 0.98975255 0.14279315
vn 0.00000000 0.88863380 -0.45861745
vn 0.00000000 0.88863380 -0.45861745
vn 0.00000000 0.98889744 -0.14859962
vn 0.00000000 0.98889744 -0.14859962
vn 0.00000000 0.98889744 -0.14859962
vn 0.00000000 0.88859305 -0.45869641
vn 0.00000000 0.97209243 0.23459817
vn 0.00000000 0.97209243 0.23459817
vn 0.00000000 0.98975255 0.14279315
vn 0.00000000 0.98975255 0.14279315
vn 0.00000000 0.98975255 0.14279315
vn 0.00000000 0.97209243 0.23459817
vn 0.00000000 0.88863380 -0.45861745
vn 0.00000000 0.88863380 -0.45861745
vn 0.00000000 0.98889744 -0.14859962
vn 0.00000000 0.98889744 -0.14859962
vn 0.00000000 0.98889744 -0.14859962
vn 0.00000000 0.88863380 -0.45861745
vn 0.00000000 0.97209243 0.23459817
vn 0.00000000 0.97209243 0.23459817
vn 0.00000000 0.98975255 0.14279315
vn 0.00000000 0.98975255 0.14279315
vn 0.00000000 0.98975255 0.14279315
vn 0.00000000 0.97209243 0.23459817
vn 0.00019999 0.88855227 -0.45877536
vn 0.00000000 0.88024301 -0.47452318
vn -0.00039999 0.97897202 -0.20399417
vn -0.00039999 0.97897202 -0.20399417
vn 0.00020000 0.98889742 -0.14859961
vn 0.00019999 0.88855227 -0.45877536
vn -0.00029999 0.97185284 0.23558857
vn 0.00000000 0.97209243 0.23459817
vn 0.00000000 0.98973637 0.14290525
vn 0.00010001 0.98975051 0.14280729
vn -0.00069999 0.99539081 0.09589911
vn -0.00030001 0.97184729 0.23561146
vn -0.00020000 0.98889742 -0.14859961
vn -0.00019999 0.88855227 -0.45877536
vn 0.00000000 0.88863380 -0.45861745
vn 0.00000000 0.88859305 -0.45869641
vn 0.00000000 0.98889744 -0.14859962
vn -0.00020000 0.98889742 -0.14859961
vn 0.00000000 0.98975255 0.14279315
vn 0.00000000 0.97209243 0.23459817
vn 0.00000000 0.97209243 0.23459817
vn 0.00000000 0.97209243 0.23459817
vn 0.00000000 0.98975255 0.14279315
vn 0.00000000 0.98975255 0.14279315
vn 0.00000000 0.98889744 -0.14859962
vn 0.00000000 0.88863380 -0.45861745
vn 0.00000000 0.88863380 -0.45861745
vn 0.00000000 0.88859305 -0.45869641
vn 0.00000000 0.98889744 -0.14859962
vn 0.00000000 0.98889744 -0.14859962
vn 0.00000000 0.98975255 0.14279315
vn 0.00000000 0.97209243 0.23459817
vn 0.00000000 0.97209243 0.23459817
vn 0.00000000 0.97209243 0.23459817
vn 0.00000000 0.98975255 0.14279315
vn 0.00000000 0.98975255 0.14279315
vn 0.00000000 0.98889744 -0.14859962
vn 0.00000000 0.88863380 -0.45861745
vn 0.00000000 0.88863380 -0.45861745
vn 0.00000000 0.88859305 -0.45869641
vn 0.00000000 0.98889744 -0.14859962
vn 0.00000000 0.98889744 -0.14859962
vn 0.00000000 0.98975051 0.14280729
vn 0.00000000 0.97209243 0.23459817
vn 0.00000000 0.97209243 0.23459817
vn 0.00000000 0.97209243 0.23459817
vn 0.00000000 0.98975255 0.14279315
vn 0.00000000 0.98975255 0.14279315
vn 0.00000000 0.88863380 -0.45861745
vn 0.00000000 0.88863380 -0.45861745
vn 0.00000000 0.98889744 -0.14859962
vn 0.00000000 0.98889744 -0.14859962
vn 0.00000000 0.98889744 -0.14859962
vn 0.00000000 0.88859305 -0.45869641
vn 0.00000000 0.97209243 0.23459817
vn 0.00000000 0.97209243 0.23459817
vn 0.00000000 0.98975255 0.14279315
vn 0.00000000 0.98975255 0.14279315
vn 0.00000000 0.98975255 0.14279315
vn 0.00000000 0.97209243 0.23459817
vn 0.00000000 0.88863380 -0.45861745
vn 0.00019999 0.88855227 -0.45877536
vn 0.00020000 0.98889742 -0.14859961
vn 0.00020000 0.98889742 -0.14859961
vn 0.00000000 0.98889744 -0.14859962
vn 0.00000000 0.88863380 -0.45861745
vn 0.00000000 0.97209243 0.23459817
vn 0.00000000 0.97209243 0.23459817
vn 0.00000000 0.98975255 0.14279315
vn 0.00000000 0.98975255 0.14279315
vn 0.00000000 0.98975255 0.14279315
vn 0.00000000 0.97209243 0.23459817
vn -0.99200133 0.07240010 0.10340014
vn -0.99200133 -0.07240010 -0.10340014
vn -0.99200133 -0.07240010 -0.10340014
vn -0.99200133 0.07240010 0.10340014
vn 0.99980215 0.01140002 0.01630004
vn 0.99980215 0.01140002 0.01630004
vn 0.99980215 0.01140002 0.01630004
vn 0.99980215 0.01140002 0.01630004
vn 0.99980215 0.01140002 0.01630004
vn 0.99980309 0.01160004 0.01610005
vn -0.99293184 0.06810218 0.09720312
vn -0.99293184 -0.06810218 -0.09720312
vn -0.99293376 -0.06920235 -0.09640328
vn -0.99293184 -0.06810218 -0.09720312
vn -0.99293184 0.06810218 0.09720312
vn -0.99293376 0.06920235 0.09640328
vn 0.99200133 -0.07240010 -0.10340014
vn 0.99200133 0.07240010 0.10340014
vn 0.99200442 0.07120032 0.10420046
vn 0.99200133 0.07240010 0.10340014
vn 0.99200133 -0.07240010 -0.10340014
vn 0.99200442 -0.07120032 -0.10420046
vn -0.99581324 0.05240070 0.07490100
vn -0.99581324 -0.05240070 -0.07490100
vn -0.99581045 -0.05330056 -0.07430078
vn -0.99581324 -0.05240070 -0.07490100
vn -0.99581324 0.05240070 0.07490100
vn -0.99581045 0.05330056 0.07430078
vn 0.99293184 -0.06810218 -0.09720312
vn 0.99293184 0.06810218 0.09720312
vn 0.99292810 0.06700190 0.09800277
vn 0.99293184 0.06810218 0.09720312
vn 0.99293184 -0.06810218 -0.09720312
vn 0.99292810 -0.06700190 -0.09800277
vn -0.99280241 0.06870017 0.09810024
vn -0.99280241 -0.06870017 -0.09810024
vn -0.99280438 -0.06980031 -0.09730043
vn -0.99280241 -0.06870017 -0.09810024
vn -0.99280241 0.06870017 0.09810024
vn -0.99280438 0.06980031 0.09730043
vn 0.99581324 -0.05240070 -0.07490100
vn 0.99581324 0.05240070 0.07490100
vn 0.99580973 0.05160050 0.07550074
vn 0.99581324 0.05240070 0.07490100
vn 0.99581324 -0.05240070 -0.07490100
vn 0.99580973 -0.05160050 -0.07550074
vn -0.99110897 0.07630069 0.10900099
vn -0.99110897 -0.07630069 -0.10900099
vn -0.99110665 -0.07760052 -0.10810073
vn -0.99110897 -0.07630069 -0.10900099
vn -0.99110897 0.07630069 0.10900099
vn -0.99110665 0.07760052 0.10810073
vn 0.99280241 -0.06870017 -0.09810024
vn 0.99280241 0.06870017 0.09810024
vn 0.99280241 0.06870017 0.09810024
vn 0.99280241 -0.06870017 -0.09810024
vn -0.99980215 0.01140002 0.01630004
vn -0.99980215 0.01140002 0.01630004
vn -0.99980215 0.01140002 0.01630004
vn -0.99980215 0.01140002 0.01630004
vn 0.99110897 -0.07630069 -0.10900099
vn 0.99110137 -0.07510010 -0.10990015
vn 0.99110897 0.07630069 0.10900099
vn 0.99110137 0.07510010 0.10990015
vn 0.99110897 0.07630069 0.10900099
vn 0.99110897 -0.07630069 -0.10900099
vn 0.98286048 0.08799646 0.16199349
vn 0.99976946 0.01229962 0.01759946
vn 0.99976770 0.01229960 0.01769943
vn 0.99976770 0.01229960 0.01769943
vn 0.98564763 0.06640321 0.15520750
vn 0.98286048 0.08799646 0.16199349
vn 0.07090079 -0.57210640 -0.81710914
vn 0.00000000 -0.57361670 -0.81912385
vn 0.00000000 -0.57361670 -0.81912385
vn 0.07090079 -0.57210640 -0.81710914
vn 1.00000000 0.00000000 0.00000000
vn 0.99748087 -0.04069922 -0.05809889
vn 0.99748087 -0.04069922 -0.05809889
vn 0.99748087 -0.04069922 -0.05809889
vn 1.00000000 0.00000000 0.00000000
vn 1.00000000 0.00000000 0.00000000
vn 0.00000000 -0.57361670 -0.81912385
vn 0.00000000 -0.57361670 -0.81912385
vn 0.00000000 -0.57361670 -0.81912385
vn 0.00000000 -0.57361670 -0.81912385
vn 0.00000000 -0.57361670 -0.81912385
vn 0.00000000 -0.57356972 -0.81915675
vn 0.00000000 -0.57361670 -0.81912385
vn 0.00000000 -0.57361670 -0.81912385
vn 0.00000000 -0.57361670 -0.81912385
vn 0.00000000 -0.57361670 -0.81912385
vn 0.00000000 -0.57356972 -0.81915675
vn 0.00000000 -0.57361670 -0.81912385
vn 0.00000000 -0.57361670 -0.81912385
vn 0.00000000 -0.57356972 -0.81915675
vn 0.00000000 -0.57361670 -0.81912385
vn 0.00000000 -0.57361670 -0.81912385
vn 0.00000000 -0.57361670 -0.81912385
vn 0.00000000 -0.57361670 -0.81912385
vn 0.00000000 -0.57361670 -0.81912385
vn -0.99977069 0.01219964 0.01759948
vn -0.98638993 0.06389935 0.15149845
vn -0.98806806 0.07359762 0.13529563
vn -0.98806806 0.07359762 0.13529563
vn -0.99977244 0.01219966 0.01749952
vn -0.99977069 0.01219964 0.01759948
vn 0.00000000 -0.57361670 -0.81912385
vn -0.07090079 -0.57210640 -0.81710914
vn -0.07090079 -0.57210640 -0.81710914
vn 0.00000000 -0.57361670 -0.81912385
vn -0.99748087 -0.04069922 -0.05809889
vn -1.00000000 0.00000000 0.00000000
vn -1.00000000 0.00000000 0.00000000
vn -0.99748087 -0.04069922 -0.05809889
vn 0.36509767 0.53399659 0.76259513
vn -0.36509767 0.53399659 0.76259513
vn -0.36509767 0.53399659 0.76259513
vn 0.36509767 0.53399659 0.76259513
vn -0.36509767 -0.53399659 -0.76259513
vn 0.36509767 -0.53399659 -0.76259513
vn 0.36509767 -0.53399659 -0.76259513
vn -0.36509767 -0.53399659 -0.76259513
vn 0.00000000 -0.57361670 -0.81912385
vn 0.00000000 -0.57361670 -0.81912385
vn 0.00000000 -0.57361670 -0.81912385
vn 0.00000000 -0.57361670 -0.81912385
vn 0.35749897 0.53569846 0.76499780
vn -0.35749897 0.53569846 0.76499780
vn -0.35749897 0.53569846 0.76499780
vn 0.35749897 0.53569846 0.76499780
vn -0.35749897 -0.53569846 -0.76499780
vn 0.35751812 -0.53562715 -0.76503878
vn 0.35749897 -0.53569846 -0.76499780
vn -0.35749897 -0.53569846 -0.76499780
vn 0.35990563 0.53520838 0.76421196
vn -0.35989739 0.53509612 0.76429446
vn -0.35989739 0.53509612 0.76429446
vn 0.35990563 0.53520838 0.76421196
vn -0.35990563 -0.53520838 -0.76421196
vn 0.35989739 -0.53509612 -0.76429446
vn 0.35989739 -0.53509612 -0.76429446
vn -0.35990563 -0.53520838 -0.76421196
vn 0.00000000 -0.57361670 -0.81912385
vn 0.00000000 -0.57361670 -0.81912385
vn 0.00000000 -0.57361670 -0.81912385
vn 0.00000000 -0.57361670 -0.81912385
vn 0.37999133 0.53058789 0.75768271
vn -0.38001149 0.53051604 0.75772291
vn -0.38001149 0.53051604 0.75772291
vn 0.37999133 0.53058789 0.75768271
vn -0.38001149 -0.53051604 -0.75772291
vn 0.38001149 -0.53051604 -0.75772291
vn 0.38001149 -0.53051604 -0.75772291
vn -0.37999133 -0.53058789 -0.75768271
vn 0.36811085 0.53331572 0.76162245
vn -0.36811085 0.53331572 0.76162245
vn -0.36811085 0.53331572 0.76162245
vn -0.36808281 0.53327510 0.76166443
vn 0.36808281 0.53327510 0.76166443
vn 0.36808281 0.53327510 0.76166443
vn -0.36811085 -0.53331572 -0.76162245
vn 0.36811085 -0.53331572 -0.76162245
vn 0.36809122 -0.53338727 -0.76158183
vn 0.36811085 -0.53331572 -0.76162245
vn -0.36811085 -0.53331572 -0.76162245
vn -0.36809122 -0.53338727 -0.76158183
vn -0.85864947 -0.29398270 -0.41987529
vn -0.36518433 -0.53397709 -0.76256729
vn -0.36509767 -0.53399659 -0.76259513
vn -0.36518433 -0.53397709 -0.76256729
vn -0.85871076 -0.29390368 -0.41980526
vn -0.85871076 -0.29390368 -0.41980526
vn 0.99976946 0.01229962 0.01759946
vn 1.00000000 0.00000000 0.00000000
vn 1.00000000 0.00000000 0.00000000
vn 1.00000000 0.00000000 0.00000000
vn 0.99976770 0.01229960 0.01769943
vn 0.99976946 0.01229962 0.01759946
vn 1.00000000 0.00000000 0.00000000
vn 1.00000000 0.00000000 0.00000000
vn 1.00000000 0.00000000 0.00000000
vn 1.00000000 0.00000000 0.00000000
vn -0.36518433 0.53397709 0.76256729
vn -0.85868552 0.29399504 0.41979292
vn -0.85868552 0.29399504 0.41979292
vn -0.85868552 0.29399504 0.41979292
vn -0.36509767 0.53399659 0.76259513
vn -0.36509767 0.53399659 0.76259513
vn -0.85832426 -0.29430832 -0.42031188
vn -0.35751812 -0.53562715 -0.76503878
vn -0.35749897 -0.53569846 -0.76499780
vn -0.35749897 -0.53569846 -0.76499780
vn -0.85832426 -0.29430832 -0.42031188
vn -0.85832426 -0.29430832 -0.42031188
vn 0.36509767 -0.53399659 -0.76259513
vn 0.85871076 -0.29390368 -0.41980526
vn 0.85871076 -0.29390368 -0.41980526
vn 0.36509767 -0.53399659 -0.76259513
vn 0.85868552 0.29399504 0.41979292
vn 0.36509767 0.53399659 0.76259513
vn 0.36509767 0.53399659 0.76259513
vn 0.36509767 0.53399659 0.76259513
vn 0.85868552 0.29399504 0.41979292
vn 0.85868552 0.29399504 0.41979292
vn -0.35749897 0.53569846 0.76499780
vn -0.85832426 0.29430832 0.42031188
vn -0.85832426 0.29430832 0.42031188
vn -0.35749897 0.53569846 0.76499780
vn -0.87335942 -0.27938702 -0.39898146
vn -0.35989739 -0.53509612 -0.76429446
vn -0.35989739 -0.53509612 -0.76429446
vn -0.87338382 -0.27929483 -0.39899261
vn 0.35760534 -0.53560800 -0.76501143
vn 0.85834952 -0.29421697 -0.42032425
vn 0.85837584 -0.29419172 -0.42028817
vn 0.85835059 -0.29428306 -0.42027581
vn 0.35749897 -0.53569846 -0.76499780
vn 0.35749897 -0.53569846 -0.76499780
vn 0.85832426 0.29430832 0.42031188
vn 0.35749897 0.53569846 0.76499780
vn 0.35749897 0.53569846 0.76499780
vn 0.85832426 0.29430832 0.42031188
vn -0.35987813 0.53516748 0.76425356
vn -0.87335942 0.27938702 0.39898146
vn -0.87335942 0.27938702 0.39898146
vn -0.87333570 0.27941142 0.39901631
vn -0.35989739 0.53509612 0.76429446
vn -0.35987813 0.53516748 0.76425356
vn -0.86999519 -0.28279844 -0.40389777
vn -0.38009704 -0.53049588 -0.75769411
vn -0.38009704 -0.53049588 -0.75769411
vn -0.86999519 -0.28279844 -0.40389777
vn 0.35989739 -0.53509612 -0.76429446
vn 0.87338382 -0.27929483 -0.39899261
vn 0.87338382 -0.27929483 -0.39899261
vn 0.35987813 -0.53516748 -0.76425356
vn 0.87335942 0.27938702 0.39898146
vn 0.35990563 0.53520838 0.76421196
vn 0.35987813 0.53516748 0.76425356
vn 0.35989739 0.53509612 0.76429446
vn 0.87335942 0.27938702 0.39898146
vn 0.87333570 0.27941142 0.39901631
vn -0.38009704 0.53049588 0.75769411
vn -0.86999519 0.28279844 0.40389777
vn -0.86999519 0.28279844 0.40389777
vn -0.38009704 0.53049588 0.75769411
vn -0.85672622 -0.29580905 -0.42251293
vn -0.36811085 -0.53331572 -0.76162245
vn -0.36811085 -0.53331572 -0.76162245
vn -0.85672622 -0.29580905 -0.42251293
vn 0.38009704 -0.53049588 -0.75769411
vn 0.86999519 -0.28279844 -0.40389777
vn 0.86999519 -0.28279844 -0.40389777
vn 0.38009704 -0.53049588 -0.75769411
vn 0.86999519 0.28279844 0.40389777
vn 0.38009704 0.53049588 0.75769411
vn 0.38009704 0.53049588 0.75769411
vn 0.87000572 0.28290186 0.40380266
vn -0.36802439 0.53333535 0.76165048
vn -0.85670088 0.29590030 0.42250043
vn -0.85670088 0.29590030 0.42250043
vn -0.85672622 0.29580905 0.42251293
vn -0.36811085 0.53331572 0.76162245
vn -0.36811085 0.53331572 0.76162245
vn -1.00000000 0.00000000 0.00000000
vn -0.99977069 0.01219964 0.01759948
vn -0.99977122 0.01229965 0.01749950
vn -1.00000000 0.00000000 0.00000000
vn 0.36811085 -0.53331572 -0.76162245
vn 0.85672622 -0.29580905 -0.42251293
vn 0.85672622 -0.29580905 -0.42251293
vn 0.85672622 -0.29580905 -0.42251293
vn 0.36811085 -0.53331572 -0.76162245
vn 0.36811085 -0.53331572 -0.76162245
vn 0.85672622 0.29580905 0.42251293
vn 0.36811085 0.53331572 0.76162245
vn 0.36811085 0.53331572 0.76162245
vn 0.36811085 0.53331572 0.76162245
vn 0.85670088 0.29590030 0.42250043
vn 0.85670088 0.29590030 0.42250043
vn -1.00000000 0.00000000 0.00000000
vn -1.00000000 0.00000000 0.00000000
vn -1.00000000 0.00000000 0.00000000
vn -1.00000000 0.00000000 0.00000000
vn -1.00000000 0.00000000 0.00000000
vn -1.00000000 0.00000000 0.00000000
vn -0.99201158 -0.07240085 -0.10330121
vn -0.85864947 -0.29398270 -0.41987529
vn -0.85868552 -0.29399504 -0.41979292
vn -0.85868552 -0.29399504 -0.41979292
vn -0.99201158 -0.07240085 -0.10330121
vn -0.99201158 -0.07240085 -0.10330121
vn 1.00000000 0.00000000 0.00000000
vn 0.99980215 0.01140002 0.01630004
vn 0.99980215 0.01140002 0.01630004
vn 0.99980215 0.01140002 0.01630004
vn 1.00000000 0.00000000 0.00000000
vn 1.00000000 0.00000000 0.00000000
vn 0.99980215 0.01140002 0.01630004
vn 1.00000000 0.00000000 0.00000000
vn 1.00000000 0.00000000 0.00000000
vn 1.00000000 0.00000000 0.00000000
vn 0.99980215 0.01140002 0.01630004
vn 0.99980215 0.01140002 0.01630004
vn -0.85868552 0.29399504 0.41979292
vn -0.99201158 0.07240085 0.10330121
vn -0.99201158 0.07240085 0.10330121
vn -0.99201158 0.07240085 0.10330121
vn -0.85868552 0.29399504 0.41979292
vn -0.85868552 0.29399504 0.41979292
vn -0.99293184 -0.06810218 -0.09720312
vn -0.85835059 -0.29428306 -0.42027581
vn -0.85835059 -0.29428306 -0.42027581
vn -0.85832426 -0.29430832 -0.42031188
vn -0.99293184 -0.06810218 -0.09720312
vn -0.99293184 -0.06810218 -0.09720312
vn 0.85868552 -0.29399504 -0.41979292
vn 0.99201876 -0.07230137 -0.10330195
vn 0.99201158 -0.07240085 -0.10330121
vn 0.85868552 -0.29399504 -0.41979292
vn 0.99201158 0.07240085 0.10330121
vn 0.85868552 0.29399504 0.41979292
vn 0.85868552 0.29399504 0.41979292
vn 0.99201158 0.07240085 0.10330121
vn -0.85832426 0.29430832 0.42031188
vn -0.99293184 0.06810218 0.09720312
vn -0.99293184 0.06810218 0.09720312
vn -0.99293184 0.06810218 0.09720312
vn -0.85832426 0.29430832 0.42031188
vn -0.85832426 0.29430832 0.42031188
vn -0.99581324 -0.05240070 -0.07490100
vn -0.87335942 -0.27938702 -0.39898146
vn -0.87333570 -0.27941142 -0.39901631
vn -0.87333570 -0.27941142 -0.39901631
vn -0.99581324 -0.05240070 -0.07490100
vn -0.99581324 -0.05240070 -0.07490100
vn 0.85835059 -0.29428306 -0.42027581
vn 0.99293184 -0.06810218 -0.09720312
vn 0.99293184 -0.06810218 -0.09720312
vn 0.99293184 -0.06810218 -0.09720312
vn 0.85832426 -0.29430832 -0.42031188
vn 0.85832426 -0.29430832 -0.42031188
vn 0.99293184 0.06810218 0.09720312
vn 0.85832426 0.29430832 0.42031188
vn 0.85835059 0.29428306 0.42027581
vn 0.85835059 0.29428306 0.42027581
vn 0.99293184 0.06810218 0.09720312
vn 0.99293184 0.06810218 0.09720312
vn -0.87333570 0.27941142 0.39901631
vn -0.99581324 0.05240070 0.07490100
vn -0.99581324 0.05240070 0.07490100
vn -0.99581324 0.05240070 0.07490100
vn -0.87333570 0.27941142 0.39901631
vn -0.87333570 0.27941142 0.39901631
vn -0.99280241 -0.06870017 -0.09810024
vn -0.86999519 -0.28279844 -0.40389777
vn -0.86999519 -0.28279844 -0.40389777
vn -0.86999519 -0.28279844 -0.40389777
vn -0.99280241 -0.06870017 -0.09810024
vn -0.99280241 -0.06870017 -0.09810024
vn 0.87333570 -0.27941142 -0.39901631
vn 0.99581324 -0.05240070 -0.07490100
vn 0.99581324 -0.05240070 -0.07490100
vn 0.99581324 -0.05240070 -0.07490100
vn 0.87333570 -0.27941142 -0.39901631
vn 0.87333570 -0.27941142 -0.39901631
vn 0.99581324 0.05240070 0.07490100
vn 0.87333570 0.27941142 0.39901631
vn 0.87333570 0.27941142 0.39901631
vn 0.87333570 0.27941142 0.39901631
vn 0.99581324 0.05240070 0.07490100
vn 0.99581324 0.05240070 0.07490100
vn -0.86999519 0.28279844 0.40389777
vn -0.99280241 0.06870017 0.09810024
vn -0.99280241 0.06870017 0.09810024
vn -0.99280241 0.06870017 0.09810024
vn -0.86999519 0.28279844 0.40389777
vn -0.86999519 0.28279844 0.40389777
vn -0.99110897 -0.07630069 -0.10900099
vn -0.85672622 -0.29580905 -0.42251293
vn -0.85672622 -0.29580905 -0.42251293
vn -0.85672622 -0.29580905 -0.42251293
vn -0.99110897 -0.07630069 -0.10900099
vn -0.99110897 -0.07630069 -0.10900099
vn 0.86999519 -0.28279844 -0.40389777
vn 0.99280241 -0.06870017 -0.09810024
vn 0.99280241 -0.06870017 -0.09810024
vn 0.86999519 -0.28279844 -0.40389777
vn 0.99280241 0.06870017 0.09810024
vn 0.86999519 0.28279844 0.40389777
vn 0.86999519 0.28279844 0.40389777
vn 0.99280241 0.06870017 0.09810024
vn -0.85672622 0.29580905 0.42251293
vn -0.99110897 0.07630069 0.10900099
vn -0.99110897 0.07630069 0.10900099
vn -0.99110897 0.07630069 0.10900099
vn -0.85672622 0.29580905 0.42251293
vn -0.85672622 0.29580905 0.42251293
vn -0.99980215 0.01140002 0.01630004
vn -1.00000000 0.00000000 0.00000000
vn -1.00000000 0.00000000 0.00000000
vn -0.99980215 0.01140002 0.01630004
vn 0.85672622 -0.29580905 -0.42251293
vn 0.99110897 -0.07630069 -0.10900099
vn 0.99110897 -0.07630069 -0.10900099
vn 0.85672622 -0.29580905 -0.42251293
vn 0.99110897 0.07630069 0.10900099
vn 0.85672622 0.29580905 0.42251293
vn 0.85672622 0.29580905 0.42251293
vn 0.99110897 0.07630069 0.10900099
vn -1.00000000 0.00000000 0.00000000
vn -0.99980215 0.01140002 0.01630004
vn -0.99980215 0.01140002 0.01630004
vn -0.99980215 0.01140002 0.01630004
vn -1.00000000 0.00000000 0.00000000
vn -1.00000000 0.00000000 0.00000000
vn 0.36588993 -0.15009587 0.91847471
vn 0.43327995 -0.14779316 0.88905886
vn 0.43291478 -0.14540496 0.88963037
vn 0.43291478 -0.14540496 0.88963037
vn 0.36580331 -0.15010136 0.91850831
vn 0.36580331 -0.15010136 0.91850831
vn -0.43630966 -0.14510321 0.88801967
vn -0.36580331 -0.15010136 0.91850831
vn -0.36580331 -0.15010136 0.91850831
vn -0.36580331 -0.15010136 0.91850831
vn -0.43599104 -0.14749697 0.88778176
vn -0.43630966 -0.14510321 0.88801967
vn 0.99972556 -0.00110003 0.02340060
vn 0.83332753 -0.06930229 0.54841811
vn 0.84616781 -0.06299760 0.52917987
vn 0.84616248 -0.06309720 0.52917653
vn 0.99963348 0.01130038 0.02460082
vn 0.99972556 -0.00110003 0.02340060
vn -0.83300639 -0.05810045 0.55020422
vn -0.99855995 0.02889884 0.04519819
vn -0.99829423 0.00749996 0.05789967
vn -0.99829423 0.00749996 0.05789967
vn -0.83827255 -0.06809777 0.54098228
vn -0.83300639 -0.05810045 0.55020422
vn 0.41418258 -0.14689382 0.89826221
vn 0.39979688 -0.14789885 0.90459294
vn 0.39979688 -0.14789885 0.90459294
vn 0.39979688 -0.14789885 0.90459294
vn 0.41340851 -0.14380296 0.89911852
vn 0.41409973 -0.14689990 0.89829941
vn 0.39979688 -0.14789885 0.90459294
vn 0.37720072 -0.14940028 0.91400174
vn 0.37720072 -0.14940028 0.91400174
vn 0.37720072 -0.14940028 0.91400174
vn 0.39979688 -0.14789885 0.90459294
vn 0.39979688 -0.14789885 0.90459294
vn 0.37720072 -0.14940028 0.91400174
vn 0.36579782 -0.15019910 0.91849452
vn 0.36579782 -0.15019910 0.91849452
vn 0.36579782 -0.15019910 0.91849452
vn 0.37720072 -0.14940028 0.91400174
vn 0.37720072 -0.14940028 0.91400174
vn 0.81902599 -0.03450109 0.57271817
vn 0.91085480 0.10059501 0.40028013
vn 0.92725517 0.05040300 0.37102208
vn 0.92725049 0.05050275 0.37102020
vn 0.83419487 -0.07239956 0.54669664
vn 0.81902599 -0.03450109 0.57271817
vn 0.57782985 -0.17830921 0.79644114
vn 0.70797063 -0.15699349 0.68857144
vn 0.71169786 -0.16719950 0.68229795
vn 0.71170975 -0.16710229 0.68230935
vn 0.57640427 -0.17500130 0.79820591
vn 0.57779413 -0.17819819 0.79649190
vn 0.43319872 -0.14779956 0.88909738
vn 0.57778383 -0.17829501 0.79647771
vn 0.57639418 -0.17509823 0.79819193
vn 0.57640427 -0.17500130 0.79820591
vn 0.43291478 -0.14540496 0.88963037
vn 0.43327995 -0.14779316 0.88905886
vn -0.39979688 -0.14789885 0.90459294
vn -0.41030362 -0.14400127 0.90050795
vn -0.40940075 -0.14720027 0.90040164
vn -0.40940075 -0.14720027 0.90040164
vn -0.39979688 -0.14789885 0.90459294
vn -0.39979688 -0.14789885 0.90459294
vn -0.37720072 -0.14940028 0.91400174
vn -0.39979688 -0.14789885 0.90459294
vn -0.39979688 -0.14789885 0.90459294
vn -0.39979688 -0.14789885 0.90459294
vn -0.37720072 -0.14940028 0.91400174
vn -0.37720072 -0.14940028 0.91400174
vn -0.36580331 -0.15010136 0.91850831
vn -0.37720072 -0.14940028 0.91400174
vn -0.37720072 -0.14940028 0.91400174
vn -0.37720072 -0.14940028 0.91400174
vn -0.36580331 -0.15010136 0.91850831
vn -0.36580331 -0.15010136 0.91850831
vn -0.91913196 0.05340186 0.39031357
vn -0.80961321 -0.07610124 0.58200950
vn -0.82562536 -0.03360103 0.56321730
vn -0.82562813 -0.03350114 0.56321919
vn -0.93057261 0.09149731 0.35448957
vn -0.91912705 0.05350157 0.39031149
vn -0.69615526 -0.17088902 0.69725519
vn -0.57640427 -0.17500130 0.79820591
vn -0.57481984 -0.17870617 0.79852756
vn -0.57481984 -0.17870617 0.79852756
vn -0.70005959 -0.15899082 0.69615982
vn -0.69616715 -0.17079194 0.69726710
vn -0.57640427 -0.17500130 0.79820591
vn -0.43638429 -0.14519477 0.88796803
vn -0.43598461 -0.14759479 0.88776866
vn -0.43599104 -0.14749697 0.88778176
vn -0.57481984 -0.17870617 0.79852756
vn -0.57640427 -0.17500130 0.79820591
vn 0.83335808 -0.06929651 0.54837241
vn 0.41418258 -0.14689382 0.89826221
vn 0.41340851 -0.14380296 0.89911852
vn 0.41340851 -0.14380296 0.89911852
vn 0.84616248 -0.06309720 0.52917653
vn 0.83332753 -0.06930229 0.54841811
vn -0.41030362 -0.14400127 0.90050795
vn -0.83301123 -0.05800078 0.55020742
vn -0.83827255 -0.06809777 0.54098228
vn -0.83827255 -0.06809777 0.54098228
vn -0.40968730 -0.14719544 0.90027208
vn -0.41030362 -0.14400127 0.90050795
vn 0.65018151 0.75977839 -0.00089997
vn 0.71372374 0.69742319 0.06480216
vn 0.70420346 0.70730348 0.06180030
vn 0.70450405 0.70700407 0.06180036
vn 0.64910113 0.76070133 -0.00110000
vn 0.65018151 0.75977839 -0.00089997
vn -0.61420018 0.78790023 0.04440001
vn -0.65050293 0.75950342 -0.00070000
vn -0.65082405 0.75922806 -0.00090003
vn -0.65082405 0.75922806 -0.00090003
vn -0.62478803 0.77948506 0.04519913
vn -0.61420018 0.78790023 0.04440001
vn 0.54880562 0.83520855 -0.03520036
vn 0.65018151 0.75977839 -0.00089997
vn 0.64910113 0.76070133 -0.00110000
vn 0.64910113 0.76070133 -0.00110000
vn 0.54820284 0.83560433 -0.03520018
vn 0.54880369 0.83520561 -0.03530024
vn -0.65050293 0.75950342 -0.00070000
vn -0.54739044 0.83608540 -0.03639936
vn -0.54799158 0.83568716 -0.03649944
vn -0.54799158 0.83568716 -0.03649944
vn -0.65082405 0.75922806 -0.00090003
vn -0.65044524 0.75955283 -0.00070005
vn 0.71372374 0.69742319 0.06480216
vn 0.99972790 -0.00110003 0.02330065
vn 0.99963348 0.01130038 0.02460082
vn 0.99963348 0.01130038 0.02460082
vn 0.70450405 0.70700407 0.06180036
vn 0.71372374 0.69742319 0.06480216
vn -0.99855995 0.02889884 0.04519819
vn -0.61420018 0.78790023 0.04440001
vn -0.62478803 0.77948506 0.04519913
vn -0.62478803 0.77948506 0.04519913
vn -0.99829423 0.00749996 0.05789967
vn -0.99855995 0.02889884 0.04519819
vn 0.54761531 0.83532335 -0.04850136
vn 0.54880369 0.83520561 -0.03530024
vn 0.54820091 0.83560138 -0.03530006
vn 0.54820091 0.83560138 -0.03530006
vn 0.54768531 0.83527760 -0.04849870
vn 0.54768531 0.83527760 -0.04849870
vn -0.54738844 0.83608235 -0.03649923
vn -0.54761265 0.83531929 -0.04860112
vn -0.54761265 0.83531929 -0.04860112
vn -0.54738112 0.83547119 -0.04859832
vn -0.54799158 0.83568716 -0.03649944
vn -0.54738844 0.83608235 -0.03649923
vn 0.91085480 0.10059501 0.40028013
vn 0.98286048 0.08799646 0.16199349
vn 0.98564763 0.06640321 0.15520750
vn 0.98564763 0.06640321 0.15520750
vn 0.92725517 0.05040300 0.37102208
vn 0.91083776 0.10060417 0.40031660
vn 0.70797063 -0.15699349 0.68857144
vn 0.81902599 -0.03450109 0.57271817
vn 0.83418883 -0.07249903 0.54669268
vn 0.83419487 -0.07239956 0.54669664
vn 0.71170975 -0.16710229 0.68230935
vn 0.70797063 -0.15699349 0.68857144
vn -0.98637498 0.06389838 0.15159615
vn -0.91912705 0.05350157 0.39031149
vn -0.93052621 0.09150258 0.35460999
vn -0.93052621 0.09150258 0.35460999
vn -0.98806806 0.07359762 0.13529563
vn -0.98638993 0.06389935 0.15149845
vn -0.80961321 -0.07610124 0.58200950
vn -0.69620380 -0.17090093 0.69720380
vn -0.70010832 -0.15900189 0.69610828
vn -0.70005959 -0.15899082 0.69615982
vn -0.82562813 -0.03350114 0.56321919
vn -0.80961321 -0.07610124 0.58200950
vn 0.07090079 -0.57210640 -0.81710914
vn 0.33461221 -0.54051972 -0.77192817
vn 0.33461221 -0.54051972 -0.77192817
vn 0.33461221 -0.54051972 -0.77192817
vn 0.07090079 -0.57210640 -0.81710914
vn 0.07089674 -0.57217366 -0.81706239
vn -0.07090079 -0.57210640 -0.81710914
vn -0.33458638 -0.54047800 -0.77196858
vn -0.33461221 -0.54051972 -0.77192817
vn -0.07090079 -0.57210640 -0.81710914
vn 0.33461221 -0.54051972 -0.77192817
vn 0.70710905 -0.40560519 -0.57920741
vn 0.70710905 -0.40560519 -0.57920741
vn 0.70710905 -0.40560519 -0.57920741
vn 0.33461221 -0.54051972 -0.77192817
vn 0.33461221 -0.54051972 -0.77192817
vn 0.70708036 -0.40568873 -0.57918392
vn 0.94236505 -0.19189288 -0.27408983
vn 0.94236505 -0.19189288 -0.27408983
vn 0.94236505 -0.19189288 -0.27408983
vn 0.70710905 -0.40560519 -0.57920741
vn 0.70710905 -0.40560519 -0.57920741
vn 0.94236505 -0.19189288 -0.27408983
vn 0.99748087 -0.04069922 -0.05809889
vn 0.99748087 -0.04069922 -0.05809889
vn 0.99748087 -0.04069922 -0.05809889
vn 0.94236505 -0.19189288 -0.27408983
vn 0.94236505 -0.19189288 -0.27408983
vn -0.33458638 -0.54047800 -0.77196858
vn -0.70710905 -0.40560519 -0.57920741
vn -0.70713773 -0.40552164 -0.57923090
vn -0.70710905 -0.40560519 -0.57920741
vn -0.33452340 -0.54053781 -0.77195400
vn -0.33461221 -0.54051972 -0.77192817
vn -0.70710905 -0.40560519 -0.57920741
vn -0.94236505 -0.19189288 -0.27408983
vn -0.94236505 -0.19189288 -0.27408983
vn -0.94239087 -0.19189814 -0.27399735
vn -0.70710905 -0.40560519 -0.57920741
vn -0.70710905 -0.40560519 -0.57920741
vn -0.94236505 -0.19189288 -0.27408983
vn -0.99748087 -0.04069922 -0.05809889
vn -0.99748087 -0.04069922 -0.05809889
vn -0.99748087 -0.04069922 -0.05809889
vn -0.94236505 -0.19189288 -0.27408983
vn -0.94236505 -0.19189288 -0.27408983
vn 0.00000000 -0.81912385 0.57361670
vn 0.00000000 -0.81912385 0.57361670
vn 0.00000000 -0.81912385 0.57361670
vn 0.00000000 -0.81915675 0.57356972
vn 0.00000000 -0.81915675 0.57356972
vn 0.00000000 -0.81915675 0.57356972
vn 0.00000000 -0.81915675 0.57356972
vn 0.00000000 -0.81915675 0.57356972
vn 0.00000000 -0.81915675 0.57356972
vn 0.00000000 -0.81920373 0.57350261
vn 0.00000000 -0.81920373 0.57350261
vn 0.00000000 -0.81920373 0.57350261
vn 0.00000000 -0.81920373 0.57350261
vn 0.00000000 -0.81920373 0.57350261
vn 0.00000000 -0.81920373 0.57350261
vn 0.00000000 -0.81912385 0.57361670
vn 0.00000000 -0.81912385 0.57361670
vn 0.00000000 -0.81912385 0.57361670
vn 0.00000000 -0.81912385 0.57361670
vn 0.00000000 -0.81912385 0.57361670
vn 0.00000000 -0.81912385 0.57361670
vn 0.00000000 -0.81915675 0.57356972
vn 0.00000000 -0.81915675 0.57356972
vn 0.00000000 -0.81915675 0.57356972
vn 0.00000000 -0.81912385 0.57361670
vn 0.00000000 -0.81912385 0.57361670
vn 0.00000000 -0.81912385 0.57361670
vn 0.00000000 -0.81915675 0.57356972
vn 0.00000000 -0.81915675 0.57356972
vn 0.00000000 -0.81915675 0.57356972
vn 0.00000000 -0.81907686 0.57368379
vn 0.00000000 -0.81907686 0.57368379
vn 0.00000000 -0.81907686 0.57368379
vn 0.00000000 -0.81920373 0.57350261
vn 0.00000000 -0.81920373 0.57350261
vn 0.00000000 -0.81920373 0.57350261
vn 0.00000000 -0.81912385 0.57361670
vn 0.00000000 -0.81912385 0.57361670
vn 0.00000000 -0.81912385 0.57361670
vn 0.00000000 -0.81915675 0.57356972
vn 0.00000000 -0.81915675 0.57356972
vn 0.00000000 -0.81915675 0.57356972
vn 0.00000000 -0.81915675 0.57356972
vn 0.00000000 -0.81915675 0.57356972
vn 0.00000000 -0.81915675 0.57356972
vn 0.00000000 -0.81915675 0.57356972
vn 0.00000000 -0.81915675 0.57356972
vn 0.00000000 -0.81915675 0.57356972
vn 0.00000000 -0.81907686 0.57368379
vn 0.00000000 -0.81907686 0.57368379
vn 0.00000000 -0.81907686 0.57368379
vn 0.00000000 -0.81920373 0.57350261
vn 0.00000000 -0.81920373 0.57350261
vn 0.00000000 -0.81920373 0.57350261
vn 0.00000000 -0.81912385 0.57361670
vn 0.00000000 -0.81912385 0.57361670
vn 0.00000000 -0.81912385 0.57361670
vn 0.00000000 -0.81915675 0.57356972
vn 0.00000000 -0.81915675 0.57356972
vn 0.00000000 -0.81915675 0.57356972
vn 0.00000000 -0.81915675 0.57356972
vn 0.00000000 -0.81915675 0.57356972
vn 0.00000000 -0.81915675 0.57356972
vn 0.00000000 -0.81915675 0.57356972
vn 0.00000000 -0.81915675 0.57356972
vn 0.00000000 -0.81915675 0.57356972
vn 0.00000000 -0.81920373 0.57350261
vn 0.00000000 -0.81920373 0.57350261
vn 0.00000000 -0.81920373 0.57350261
vn 0.00000000 -0.81912385 0.57361670
vn 0.00000000 -0.81912385 0.57361670
vn 0.00000000 -0.81912385 0.57361670
vn 0.00000000 -0.81912385 0.57361670
vn 0.00000000 -0.81912385 0.57361670
vn 0.00000000 -0.81912385 0.57361670
vn 0.00000000 -0.81915675 0.57356972
vn 0.00000000 -0.81915675 0.57356972
vn 0.00000000 -0.81915675 0.57356972
vn 0.00000000 -0.81915675 0.57356972
vn 0.00000000 -0.81915675 0.57356972
vn 0.00000000 -0.81915675 0.57356972
vn 0.00000000 -0.81920373 0.57350261
vn 0.00000000 -0.81920373 0.57350261
vn 0.00000000 -0.81920373 0.57350261
vn 0.00000000 -0.81925071 0.57343550
vn 0.00000000 -0.81925071 0.57343550
vn 0.00000000 -0.81925071 0.57343550
vn 0.00000000 -0.81904395 0.57373078
vn 0.00000000 -0.81904395 0.57373078
vn 0.00000000 -0.81904395 0.57373078
vn 0.00000000 -0.81912385 0.57361670
vn 0.00000000 -0.81912385 0.57361670
vn 0.00000000 -0.81912385 0.57361670
vn 0.00000000 -0.81915675 0.57356972
vn 0.00000000 -0.81915675 0.57356972
vn 0.00000000 -0.81915675 0.57356972
vn 0.00000000 -0.81915675 0.57356972
vn 0.00000000 -0.81915675 0.57356972
vn 0.00000000 -0.81915675 0.57356972
vn 0.00000000 -0.81915675 0.57356972
vn 0.00000000 -0.81915675 0.57356972
vn 0.00000000 -0.81915675 0.57356972
vn 0.00000000 -0.81912385 0.57361670
vn 0.00000000 -0.81912385 0.57361670
vn 0.00000000 -0.81912385 0.57361670
vn 0.00000000 -0.81912385 0.57361670
vn 0.00000000 -0.81912385 0.57361670
vn 0.00000000 -0.81912385 0.57361670
vn 0.00000000 -0.81912385 0.57361670
vn 0.00000000 -0.81912385 0.57361670
vn 0.00000000 -0.81912385 0.57361670
vn 0.00000000 -0.81915675 0.57356972
vn 0.00000000 -0.81915675 0.57356972
vn 0.00000000 -0.81915675 0.57356972
vn 0.00000000 -0.81912385 0.57361670
vn 0.00000000 -0.81912385 0.57361670
vn 0.00000000 -0.81912385 0.57361670
vn 0.00000000 -0.81915675 0.57356972
vn 0.00000000 -0.81915675 0.57356972
vn 0.00000000 -0.81915675 0.57356972
vn 0.00000000 -0.81912385 0.57361670
vn 0.00000000 -0.81912385 0.57361670
vn 0.00000000 -0.81912385 0.57361670
vn 0.00000000 -0.81915675 0.57356972
vn 0.00000000 -0.81915675 0.57356972
vn 0.00000000 -0.81915675 0.57356972
vn 0.00000000 -0.81912385 0.57361670
vn 0.00000000 -0.81912385 0.57361670
vn 0.00000000 -0.81912385 0.57361670
vn 0.00000000 -0.81915675 0.57356972
vn 0.00000000 -0.81915675 0.57356972
vn 0.00000000 -0.81915675 0.57356972
vn 0.00000000 -0.81920373 0.57350261
vn 0.00000000 -0.81920373 0.57350261
vn 0.00000000 -0.81920373 0.57350261
vn 0.00000000 -0.81915675 0.57356972
vn 0.00000000 -0.81915675 0.57356972
vn 0.00000000 -0.81915675 0.57356972
vn 0.00000000 -0.81920373 0.57350261
vn 0.00000000 -0.81920373 0.57350261
vn 0.00000000 -0.81920373 0.57350261
vn 0.00000000 -0.81912385 0.57361670
vn 0.00000000 -0.81912385 0.57361670
vn 0.00000000 -0.81912385 0.57361670
vn 0.00000000 -0.81912385 0.57361670
vn 0.00000000 -0.81912385 0.57361670
vn 0.00000000 -0.81912385 0.57361670
vn 0.00000000 -0.81915675 0.57356972
vn 0.00000000 -0.81915675 0.57356972
vn 0.00000000 -0.81915675 0.57356972
vn 0.00000000 -0.81912385 0.57361670
vn 0.00000000 -0.81912385 0.57361670
vn 0.00000000 -0.81912385 0.57361670
vn 0.00000000 -0.81915675 0.57356972
vn 0.00000000 -0.81915675 0.57356972
vn 0.00000000 -0.81915675 0.57356972
vn 0.00000000 -0.81912385 0.57361670
vn 0.00000000 -0.81912385 0.57361670
vn 0.00000000 -0.81912385 0.57361670
vn 0.00000000 -0.81915675 0.57356972
vn 0.00000000 -0.81915675 0.57356972
vn 0.00000000 -0.81915675 0.57356972
vn 0.00000000 0.81912385 -0.57361670
vn 0.00000000 0.81912385 -0.57361670
vn 0.00000000 0.81912385 -0.57361670
vn 0.00000000 0.81920373 -0.57350261
vn 0.00000000 0.81920373 -0.57350261
vn 0.00000000 0.81920373 -0.57350261
vn 0.00000000 0.81915675 -0.57356972
vn 0.00000000 0.81915675 -0.57356972
vn 0.00000000 0.81915675 -0.57356972
vn 0.00000000 0.81912385 -0.57361670
vn 0.00000000 0.81912385 -0.57361670
vn 0.00000000 0.81912385 -0.57361670
vn 0.00000000 0.81912385 -0.57361670
vn 0.00000000 0.81912385 -0.57361670
vn 0.00000000 0.81912385 -0.57361670
vn 0.00000000 0.81915675 -0.57356972
vn 0.00000000 0.81915675 -0.57356972
vn 0.00000000 0.81915675 -0.57356972
vn 0.00000000 0.81915675 -0.57356972
vn 0.00000000 0.81915675 -0.57356972
vn 0.00000000 0.81915675 -0.57356972
vn 0.00000000 0.81915675 -0.57356972
vn 0.00000000 0.81915675 -0.57356972
vn 0.00000000 0.81915675 -0.57356972
vn 0.00000000 0.81915675 -0.57356972
vn 0.00000000 0.81915675 -0.57356972
vn 0.00000000 0.81915675 -0.57356972
vn 0.00000000 0.81912385 -0.57361670
vn 0.00000000 0.81912385 -0.57361670
vn 0.00000000 0.81912385 -0.57361670
vn 0.00000000 0.81915675 -0.57356972
vn 0.00000000 0.81915675 -0.57356972
vn 0.00000000 0.81915675 -0.57356972
vn 0.00000000 0.81915675 -0.57356972
vn 0.00000000 0.81915675 -0.57356972
vn 0.00000000 0.81915675 -0.57356972
vn 0.00000000 0.81912385 -0.57361670
vn 0.00000000 0.81912385 -0.57361670
vn 0.00000000 0.81912385 -0.57361670
vn 0.00000000 0.81925071 -0.57343550
vn 0.00000000 0.81925071 -0.57343550
vn 0.00000000 0.81925071 -0.57343550
vn 0.00000000 0.81912385 -0.57361670
vn 0.00000000 0.81912385 -0.57361670
vn 0.00000000 0.81912385 -0.57361670
vn 0.00000000 0.81915675 -0.57356972
vn 0.00000000 0.81915675 -0.57356972
vn 0.00000000 0.81915675 -0.57356972
vn 0.00000000 0.81912385 -0.57361670
vn 0.00000000 0.81912385 -0.57361670
vn 0.00000000 0.81912385 -0.57361670
vn 0.00000000 0.81915675 -0.57356972
vn 0.00000000 0.81915675 -0.57356972
vn 0.00000000 0.81915675 -0.57356972
vn 0.00000000 0.81912385 -0.57361670
vn 0.00000000 0.81912385 -0.57361670
vn 0.00000000 0.81912385 -0.57361670
vn 0.00000000 0.81920373 -0.57350261
vn 0.00000000 0.81920373 -0.57350261
vn 0.00000000 0.81920373 -0.57350261
vn 0.00000000 0.81912385 -0.57361670
vn 0.00000000 0.81912385 -0.57361670
vn 0.00000000 0.81912385 -0.57361670
vn 0.00000000 0.81912385 -0.57361670
vn 0.00000000 0.81912385 -0.57361670
vn 0.00000000 0.81912385 -0.57361670
vn 0.00000000 0.81915675 -0.57356972
vn 0.00000000 0.81915675 -0.57356972
vn 0.00000000 0.81915675 -0.57356972
vn 0.00000000 0.81915675 -0.57356972
vn 0.00000000 0.81915675 -0.57356972
vn 0.00000000 0.81915675 -0.57356972
vn 0.00000000 0.81920373 -0.57350261
vn 0.00000000 0.81920373 -0.57350261
vn 0.00000000 0.81920373 -0.57350261
vn 0.00000000 0.81912385 -0.57361670
vn 0.00000000 0.81912385 -0.57361670
vn 0.00000000 0.81912385 -0.57361670
vn 0.00000000 0.81912385 -0.57361670
vn 0.00000000 0.81912385 -0.57361670
vn 0.00000000 0.81912385 -0.57361670
vn 0.00000000 0.81912385 -0.57361670
vn 0.00000000 0.81912385 -0.57361670
vn 0.00000000 0.81912385 -0.57361670
vn 0.00000000 0.81915675 -0.57356972
vn 0.00000000 0.81915675 -0.57356972
vn 0.00000000 0.81915675 -0.57356972
vn 0.00000000 0.81915675 -0.57356972
vn 0.00000000 0.81915675 -0.57356972
vn 0.00000000 0.81915675 -0.57356972
vn 0.00000000 0.81912385 -0.57361670
vn 0.00000000 0.81912385 -0.57361670
vn 0.00000000 0.81912385 -0.57361670
vn 0.00000000 0.81920373 -0.57350261
vn 0.00000000 0.81920373 -0.57350261
vn 0.00000000 0.81920373 -0.57350261
vn 0.00000000 0.81912385 -0.57361670
vn 0.00000000 0.81912385 -0.57361670
vn 0.00000000 0.81912385 -0.57361670
vn 0.00000000 0.81912385 -0.57361670
vn 0.00000000 0.81912385 -0.57361670
vn 0.00000000 0.81912385 -0.57361670
vn 0.00000000 0.81915675 -0.57356972
vn 0.00000000 0.81915675 -0.57356972
vn 0.00000000 0.81915675 -0.57356972
vn 0.00000000 0.81915675 -0.57356972
vn 0.00000000 0.81915675 -0.57356972
vn 0.00000000 0.81915675 -0.57356972
vn 0.00000000 0.81915675 -0.57356972
vn 0.00000000 0.81915675 -0.57356972
vn 0.00000000 0.81915675 -0.57356972
vn 0.00000000 0.81920373 -0.57350261
vn 0.00000000 0.81920373 -0.57350261
vn 0.00000000 0.81920373 -0.57350261
vn 0.00000000 0.81912385 -0.57361670
vn 0.00000000 0.81912385 -0.57361670
vn 0.00000000 0.81912385 -0.57361670
vn 0.00000000 0.81912385 -0.57361670
vn 0.00000000 0.81912385 -0.57361670
vn 0.00000000 0.81912385 -0.57361670
vn 0.00000000 0.81915675 -0.57356972
vn 0.00000000 0.81915675 -0.57356972
vn 0.00000000 0.81915675 -0.57356972
vn 0.00000000 0.81915675 -0.57356972
vn 0.00000000 0.81915675 -0.57356972
vn 0.00000000 0.81915675 -0.57356972
vn 0.00000000 0.81920373 -0.57350261
vn 0.00000000 0.81920373 -0.57350261
vn 0.00000000 0.81920373 -0.57350261
vn 0.00000000 0.81915675 -0.57356972
vn 0.00000000 0.81915675 -0.57356972
vn 0.00000000 0.81915675 -0.57356972
vn 0.00000000 0.81915675 -0.57356972
vn 0.00000000 0.81915675 -0.57356972
vn 0.00000000 0.81915675 -0.57356972
vn 0.00000000 0.81912385 -0.57361670
vn 0.00000000 0.81912385 -0.57361670
vn 0.00000000 0.81912385 -0.57361670
vn 0.00000000 0.81915675 -0.57356972
vn 0.00000000 0.81915675 -0.57356972
vn 0.00000000 0.81915675 -0.57356972
vn 0.00000000 0.81915675 -0.57356972
vn 0.00000000 0.81915675 -0.57356972
vn 0.00000000 0.81915675 -0.57356972
vn 0.00000000 0.81920373 -0.57350261
vn 0.00000000 0.81920373 -0.57350261
vn 0.00000000 0.81920373 -0.57350261
vn 0.00000000 0.81912385 -0.57361670
vn 0.00000000 0.81912385 -0.57361670
vn 0.00000000 0.81912385 -0.57361670
vn 0.00000000 0.81915675 -0.57356972
vn 0.00000000 0.81915675 -0.57356972
vn 0.00000000 0.81915675 -0.57356972
vn 0.00000000 0.81912385 -0.57361670
vn 0.00000000 0.81912385 -0.57361670
vn 0.00000000 0.81912385 -0.57361670
vn 0.00000000 0.81915675 -0.57356972
vn 0.00000000 0.81915675 -0.57356972
vn 0.00000000 0.81915675 -0.57356972
vn 0.00000000 0.81915675 -0.57356972
vn 0.00000000 0.81915675 -0.57356972
vn 0.00000000 0.81915675 -0.57356972
vn 0.00000000 -0.81915675 0.57356972
vn 0.00000000 -0.81915675 0.57356972
vn 0.00000000 -0.81915675 0.57356972
vn 0.00000000 -0.81915675 0.57356972
vn 0.00000000 -0.81915675 0.57356972
vn 0.00000000 -0.81915675 0.57356972
vn 0.00000000 -0.81912385 0.57361670
vn 0.00000000 -0.81912385 0.57361670
vn 0.00000000 -0.81912385 0.57361670
vn 0.00000000 -0.81912385 0.57361670
vn 0.00000000 -0.81912385 0.57361670
vn 0.00000000 -0.81912385 0.57361670
vn 0.00000000 -0.81915675 0.57356972
vn 0.00000000 -0.81915675 0.57356972
vn 0.00000000 -0.81915675 0.57356972
vn 0.00000000 -0.81912385 0.57361670
vn 0.00000000 -0.81912385 0.57361670
vn 0.00000000 -0.81912385 0.57361670
vn 0.00000000 -0.81915675 0.57356972
vn 0.00000000 -0.81915675 0.57356972
vn 0.00000000 -0.81915675 0.57356972
vn 0.00000000 -0.81912385 0.57361670
vn 0.00000000 -0.81912385 0.57361670
vn 0.00000000 -0.81912385 0.57361670
vn 0.00000000 -0.81912385 0.57361670
vn 0.00000000 -0.81912385 0.57361670
vn 0.00000000 -0.81912385 0.57361670
vn 0.00000000 -0.81915675 0.57356972
vn 0.00000000 -0.81915675 0.57356972
vn 0.00000000 -0.81915675 0.57356972
vn 0.00000000 -0.81915675 0.57356972
vn 0.00000000 -0.81915675 0.57356972
vn 0.00000000 -0.81915675 0.57356972
vn 0.00000000 -0.81915675 0.57356972
vn 0.00000000 -0.81915675 0.57356972
vn 0.00000000 -0.81915675 0.57356972
vn 0.00000000 0.81920373 -0.57350261
vn 0.00000000 0.81920373 -0.57350261
vn 0.00000000 0.81920373 -0.57350261
vn 0.00000000 0.81907686 -0.57368379
vn 0.00000000 0.81907686 -0.57368379
vn 0.00000000 0.81907686 -0.57368379
vn 0.00000000 0.81915675 -0.57356972
vn 0.00000000 0.81915675 -0.57356972
vn 0.00000000 0.81915675 -0.57356972
vn 0.00000000 0.81912385 -0.57361670
vn 0.00000000 0.81912385 -0.57361670
vn 0.00000000 0.81912385 -0.57361670
vn 0.00000000 0.81915675 -0.57356972
vn 0.00000000 0.81915675 -0.57356972
vn 0.00000000 0.81915675 -0.57356972
vn 0.00000000 0.81912385 -0.57361670
vn 0.00000000 0.81912385 -0.57361670
vn 0.00000000 0.81912385 -0.57361670
vn 0.00000000 -0.81915675 0.57356972
vn 0.00000000 -0.81915675 0.57356972
vn 0.00000000 -0.81915675 0.57356972
vn 0.00000000 -0.81915675 0.57356972
vn 0.00000000 -0.81915675 0.57356972
vn 0.00000000 -0.81915675 0.57356972
vn 0.00000000 -0.81915675 0.57356972
vn 0.00000000 -0.81915675 0.57356972
vn 0.00000000 -0.81915675 0.57356972
vn 0.00000000 -0.81915675 0.57356972
vn 0.00000000 -0.81915675 0.57356972
vn 0.00000000 -0.81915675 0.57356972
vn 0.00000000 -0.81915675 0.57356972
vn 0.00000000 -0.81915675 0.57356972
vn 0.00000000 -0.81915675 0.57356972
vn 0.00000000 -0.81915675 0.57356972
vn 0.00000000 -0.81915675 0.57356972
vn 0.00000000 -0.81915675 0.57356972
vn 0.00000000 -0.81915675 0.57356972
vn 0.00000000 -0.81915675 0.57356972
vn 0.00000000 -0.81915675 0.57356972
vn 0.00000000 -0.81915675 0.57356972
vn 0.00000000 -0.81915675 0.57356972
vn 0.00000000 -0.81915675 0.57356972
vn 0.00000000 -0.81915675 0.57356972
vn 0.00000000 -0.81915675 0.57356972
vn 0.00000000 -0.81915675 0.57356972
vn 0.00000000 -0.81915675 0.57356972
vn 0.00000000 -0.81915675 0.57356972
vn 0.00000000 -0.81915675 0.57356972
vn 0.00000000 -0.81915675 0.57356972
vn 0.00000000 -0.81915675 0.57356972
vn 0.00000000 -0.81915675 0.57356972
vn 0.00000000 -0.81915675 0.57356972
vn 0.00000000 -0.81915675 0.57356972
vn 0.00000000 -0.81915675 0.57356972
vn 0.00000000 -0.81915675 0.57356972
vn 0.00000000 -0.81915675 0.57356972
vn 0.00000000 -0.81915675 0.57356972
vn 0.00000000 -0.81912385 0.57361670
vn 0.00000000 -0.81912385 0.57361670
vn 0.00000000 -0.81912385 0.57361670
vn 0.00000000 -0.81915675 0.57356972
vn 0.00000000 -0.81915675 0.57356972
vn 0.00000000 -0.81915675 0.57356972
vn 0.00000000 -0.81915675 0.57356972
vn 0.00000000 -0.81915675 0.57356972
vn 0.00000000 -0.81915675 0.57356972
vn 0.00000000 -0.81915675 0.57356972
vn 0.00000000 -0.81915675 0.57356972
vn 0.00000000 -0.81915675 0.57356972
vn 0.00000000 -0.81915675 0.57356972
vn 0.00000000 -0.81915675 0.57356972
vn 0.00000000 -0.81915675 0.57356972
vn 0.00000000 0.81915675 -0.57356972
vn 0.00000000 0.81915675 -0.57356972
vn 0.00000000 0.81915675 -0.57356972
vn 0.00000000 0.81915675 -0.57356972
vn 0.00000000 0.81915675 -0.57356972
vn 0.00000000 0.81915675 -0.57356972
vn 0.00000000 0.81915675 -0.57356972
vn 0.00000000 0.81915675 -0.57356972
vn 0.00000000 0.81915675 -0.57356972
vn 0.00000000 0.81915675 -0.57356972
vn 0.00000000 0.81915675 -0.57356972
vn 0.00000000 0.81915675 -0.57356972
vn 0.00000000 0.81915675 -0.57356972
vn 0.00000000 0.81915675 -0.57356972
vn 0.00000000 0.81915675 -0.57356972
vn 0.00000000 0.81915675 -0.57356972
vn 0.00000000 0.81915675 -0.57356972
vn 0.00000000 0.81915675 -0.57356972
vn 0.00000000 0.81915675 -0.57356972
vn 0.00000000 0.81915675 -0.57356972
vn 0.00000000 0.81915675 -0.57356972
vn 0.00000000 0.81915675 -0.57356972
vn 0.00000000 0.81915675 -0.57356972
vn 0.00000000 0.81915675 -0.57356972
vn 0.00000000 0.81915675 -0.57356972
vn 0.00000000 0.81915675 -0.57356972
vn 0.00000000 0.81915675 -0.57356972
vn 0.00000000 0.81915675 -0.57356972
vn 0.00000000 0.81915675 -0.57356972
vn 0.00000000 0.81915675 -0.57356972
vn 0.00000000 0.81915675 -0.57356972
vn 0.00000000 0.81915675 -0.57356972
vn 0.00000000 0.81915675 -0.57356972
vn 0.00000000 0.81915675 -0.57356972
vn 0.00000000 0.81915675 -0.57356972
vn 0.00000000 0.81915675 -0.57356972
vn 0.00000000 0.81915675 -0.57356972
vn 0.00000000 0.81915675 -0.57356972
vn 0.00000000 0.81915675 -0.57356972
vn 0.00000000 0.81915675 -0.57356972
vn 0.00000000 0.81915675 -0.57356972
vn 0.00000000 0.81915675 -0.57356972
vn 0.00000000 0.81915675 -0.57356972
vn 0.00000000 0.81915675 -0.57356972
vn 0.00000000 0.81915675 -0.57356972
vn 0.00000000 0.81915675 -0.57356972
vn 0.00000000 0.81915675 -0.57356972
vn 0.00000000 0.81915675 -0.57356972
vn 0.00000000 0.81915675 -0.57356972
vn 0.00000000 0.81915675 -0.57356972
vn 0.00000000 0.81915675 -0.57356972
vn 0.00000000 0.81915675 -0.57356972
vn 0.00000000 0.81915675 -0.57356972
vn 0.00000000 0.81915675 -0.57356972
vn 0.00000000 0.81912385 -0.57361670
vn 0.00000000 0.81912385 -0.57361670
vn 0.00000000 0.81912385 -0.57361670
vn 0.00000000 0.81915675 -0.57356972
vn 0.00000000 0.81915675 -0.57356972
vn 0.00000000 0.81915675 -0.57356972
vn 0.00000000 0.81915675 -0.57356972
vn 0.00000000 0.81915675 -0.57356972
vn 0.00000000 0.81915675 -0.57356972
vn 0.00000000 0.81912385 -0.57361670
vn 0.00000000 0.81912385 -0.57361670
vn 0.00000000 0.81912385 -0.57361670
vn 0.00000000 0.81915675 -0.57356972
vn 0.00000000 0.81915675 -0.57356972
vn 0.00000000 0.81915675 -0.57356972
vn 0.00000000 0.81912385 -0.57361670
vn 0.00000000 0.81912385 -0.57361670
vn 0.00000000 0.81912385 -0.57361670
vn 0.00000000 0.81920373 -0.57350261
vn 0.00000000 0.81920373 -0.57350261
vn 0.00000000 0.81920373 -0.57350261
vn 0.00000000 0.81912385 -0.57361670
vn 0.00000000 0.81912385 -0.57361670
vn 0.00000000 0.81912385 -0.57361670
vn 0.00000000 0.81915675 -0.57356972
vn 0.00000000 0.81915675 -0.57356972
vn 0.00000000 0.81915675 -0.57356972
vn 0.00000000 0.81915675 -0.57356972
vn 0.00000000 0.81915675 -0.57356972
vn 0.00000000 0.81915675 -0.57356972
vn 0.00000000 -0.81915675 0.57356972
vn 0.00000000 -0.81915675 0.57356972
vn 0.00000000 -0.81915675 0.57356972
vn 0.00000000 -0.81912385 0.57361670
vn 0.00000000 -0.81912385 0.57361670
vn 0.00000000 -0.81912385 0.57361670
vn 0.00000000 -0.81915675 0.57356972
vn 0.00000000 -0.81915675 0.57356972
vn 0.00000000 -0.81915675 0.57356972
vn 0.00000000 -0.81915675 0.57356972
vn 0.00000000 -0.81915675 0.57356972
vn 0.00000000 -0.81915675 0.57356972
vn -1.00000000 0.00000000 0.00000000
vn -0.98078399 0.19509682 0.00000000
vn -0.98078399 0.19509682 0.00000000
vn -0.98078399 0.19509682 0.00000000
vn -1.00000000 0.00000000 0.00000000
vn -1.00000000 0.00000000 0.00000000
vn -0.98078399 0.19509682 0.00000000
vn -0.92387667 0.38269034 0.00000000
vn -0.92387667 0.38269034 0.00000000
vn -0.92387667 0.38269034 0.00000000
vn -0.98078399 0.19509682 0.00000000
vn -0.98078399 0.19509682 0.00000000
vn -0.92387667 0.38269034 0.00000000
vn -0.83146524 0.55557677 0.00000000
vn -0.83146524 0.55557677 0.00000000
vn -0.83146524 0.55557677 0.00000000
vn -0.92387667 0.38269034 0.00000000
vn -0.92387667 0.38269034 0.00000000
vn -0.83146524 0.55557677 0.00000000
vn -0.70710678 0.70710678 0.00000000
vn -0.70710678 0.70710678 0.00000000
vn -0.70710678 0.70710678 0.00000000
vn -0.83146524 0.55557677 0.00000000
vn -0.83146524 0.55557677 0.00000000
vn -0.70710678 0.70710678 0.00000000
vn -0.55557677 0.83146524 0.00000000
vn -0.55557677 0.83146524 0.00000000
vn -0.55557677 0.83146524 0.00000000
vn -0.70710678 0.70710678 0.00000000
vn -0.70710678 0.70710678 0.00000000
vn -0.55557677 0.83146524 0.00000000
vn -0.38269034 0.92387667 0.00000000
vn -0.38269034 0.92387667 0.00000000
vn -0.38269034 0.92387667 0.00000000
vn -0.55557677 0.83146524 0.00000000
vn -0.55557677 0.83146524 0.00000000
vn -0.38269034 0.92387667 0.00000000
vn -0.19509682 0.98078399 0.00000000
vn -0.19509682 0.98078399 0.00000000
vn -0.19509682 0.98078399 0.00000000
vn -0.38269034 0.92387667 0.00000000
vn -0.38269034 0.92387667 0.00000000
vn -0.19509682 0.98078399 0.00000000
vn 0.00000000 1.00000000 0.00000000
vn 0.00000000 1.00000000 0.00000000
vn 0.00000000 1.00000000 0.00000000
vn -0.19509682 0.98078399 0.00000000
vn -0.19509682 0.98078399 0.00000000
vn 0.00000000 1.00000000 0.00000000
vn 0.19509682 0.98078399 0.00000000
vn 0.19509682 0.98078399 0.00000000
vn 0.19509682 0.98078399 0.00000000
vn 0.00000000 1.00000000 0.00000000
vn 0.00000000 1.00000000 0.00000000
vn 0.19509682 0.98078399 0.00000000
vn 0.38269034 0.92387667 0.00000000
vn 0.38269034 0.92387667 0.00000000
vn 0.38269034 0.92387667 0.00000000
vn 0.19509682 0.98078399 0.00000000
vn 0.19509682 0.98078399 0.00000000
vn 0.38269034 0.92387667 0.00000000
vn 0.55557677 0.83146524 0.00000000
vn 0.55557677 0.83146524 0.00000000
vn 0.55557677 0.83146524 0.00000000
vn 0.38269034 0.92387667 0.00000000
vn 0.38269034 0.92387667 0.00000000
vn 0.55557677 0.83146524 0.00000000
vn 0.70710678 0.70710678 0.00000000
vn 0.70710678 0.70710678 0.00000000
vn 0.70710678 0.70710678 0.00000000
vn 0.55557677 0.83146524 0.00000000
vn 0.55557677 0.83146524 0.00000000
vn 0.70710678 0.70710678 0.00000000
vn 0.83146524 0.55557677 0.00000000
vn 0.83146524 0.55557677 0.00000000
vn 0.83146524 0.55557677 0.00000000
vn 0.70710678 0.70710678 0.00000000
vn 0.70710678 0.70710678 0.00000000
vn 0.83146524 0.55557677 0.00000000
vn 0.92387667 0.38269034 0.00000000
vn 0.92387667 0.38269034 0.00000000
vn 0.92387667 0.38269034 0.00000000
vn 0.83146524 0.55557677 0.00000000
vn 0.83146524 0.55557677 0.00000000
vn 0.92387667 0.38269034 0.00000000
vn 0.98078399 0.19509682 0.00000000
vn 0.98078399 0.19509682 0.00000000
vn 0.98078399 0.19509682 0.00000000
vn 0.92387667 0.38269034 0.00000000
vn 0.92387667 0.38269034 0.00000000
vn 0.98078399 0.19509682 0.00000000
vn 1.00000000 0.00000000 0.00000000
vn 1.00000000 0.00000000 0.00000000
vn 1.00000000 0.00000000 0.00000000
vn 0.98078399 0.19509682 0.00000000
vn 0.98078399 0.19509682 0.00000000
vn 1.00000000 0.00000000 0.00000000
vn 0.98078399 -0.19509682 0.00000000
vn 0.98078399 -0.19509682 0.00000000
vn 0.98078399 -0.19509682 0.00000000
vn 1.00000000 0.00000000 0.00000000
vn 1.00000000 0.00000000 0.00000000
vn 0.98078399 -0.19509682 0.00000000
vn 0.92387667 -0.38269034 0.00000000
vn 0.92387667 -0.38269034 0.00000000
vn 0.92387667 -0.38269034 0.00000000
vn 0.98078399 -0.19509682 0.00000000
vn 0.98078399 -0.19509682 0.00000000
vn 0.92387667 -0.38269034 0.00000000
vn 0.83146524 -0.55557677 0.00000000
vn 0.83146524 -0.55557677 0.00000000
vn 0.83146524 -0.55557677 0.00000000
vn 0.92387667 -0.38269034 0.00000000
vn 0.92387667 -0.38269034 0.00000000
vn 0.83146524 -0.55557677 0.00000000
vn 0.70710678 -0.70710678 0.00000000
vn 0.70710678 -0.70710678 0.00000000
vn 0.70710678 -0.70710678 0.00000000
vn 0.83146524 -0.55557677 0.00000000
vn 0.83146524 -0.55557677 0.00000000
vn 0.70710678 -0.70710678 0.00000000
vn 0.55557677 -0.83146524 0.00000000
vn 0.55557677 -0.83146524 0.00000000
vn 0.55557677 -0.83146524 0.00000000
vn 0.70710678 -0.70710678 0.00000000
vn 0.70710678 -0.70710678 0.00000000
vn 0.55557677 -0.83146524 0.00000000
vn 0.38269034 -0.92387667 0.00000000
vn 0.38269034 -0.92387667 0.00000000
vn 0.38269034 -0.92387667 0.00000000
vn 0.55557677 -0.83146524 0.00000000
vn 0.55557677 -0.83146524 0.00000000
vn 0.38269034 -0.92387667 0.00000000
vn 0.19509682 -0.98078399 0.00000000
vn 0.19509682 -0.98078399 0.00000000
vn 0.19509682 -0.98078399 0.00000000
vn 0.38269034 -0.92387667 0.00000000
vn 0.38269034 -0.92387667 0.00000000
vn 0.19509682 -0.98078399 0.00000000
vn 0.00000000 -1.00000000 0.00000000
vn 0.00000000 -1.00000000 0.00000000
vn 0.00000000 -1.00000000 0.00000000
vn 0.19509682 -0.98078399 0.00000000
vn 0.19509682 -0.98078399 0.00000000
vn 0.00000000 -1.00000000 0.00000000
vn -0.19509682 -0.98078399 0.00000000
vn -0.19509682 -0.98078399 0.00000000
vn -0.19509682 -0.98078399 0.00000000
vn 0.00000000 -1.00000000 0.00000000
vn 0.00000000 -1.00000000 0.00000000
vn -0.19509682 -0.98078399 0.00000000
vn -0.38269034 -0.92387667 0.00000000
vn -0.38269034 -0.92387667 0.00000000
vn -0.38269034 -0.92387667 0.00000000
vn -0.19509682 -0.98078399 0.00000000
vn -0.19509682 -0.98078399 0.00000000
vn -0.38269034 -0.92387667 0.00000000
vn -0.55557677 -0.83146524 0.00000000
vn -0.55557677 -0.83146524 0.00000000
vn -0.55557677 -0.83146524 0.00000000
vn -0.38269034 -0.92387667 0.00000000
vn -0.38269034 -0.92387667 0.00000000
vn -0.55557677 -0.83146524 0.00000000
vn -0.70710678 -0.70710678 0.00000000
vn -0.70710678 -0.70710678 0.00000000
vn -0.70710678 -0.70710678 0.00000000
vn -0.55557677 -0.83146524 0.00000000
vn -0.55557677 -0.83146524 0.00000000
vn -0.70710678 -0.70710678 0.00000000
vn -0.83146524 -0.55557677 0.00000000
vn -0.83146524 -0.55557677 0.00000000
vn -0.83146524 -0.55557677 0.00000000
vn -0.70710678 -0.70710678 0.00000000
vn -0.70710678 -0.70710678 0.00000000
vn -0.83146524 -0.55557677 0.00000000
vn -0.92387667 -0.38269034 0.00000000
vn -0.92387667 -0.38269034 0.00000000
vn -0.92387667 -0.38269034 0.00000000
vn -0.83146524 -0.55557677 0.00000000
vn -0.83146524 -0.55557677 0.00000000
vn -0.92387667 -0.38269034 0.00000000
vn -0.98078399 -0.19509682 0.00000000
vn -0.98078399 -0.19509682 0.00000000
vn -0.98078399 -0.19509682 0.00000000
vn -0.92387667 -0.38269034 0.00000000
vn -0.92387667 -0.38269034 0.00000000
vn -0.98078399 -0.19509682 0.00000000
vn -1.00000000 0.00000000 0.00000000
vn -1.00000000 0.00000000 0.00000000
vn -1.00000000 0.00000000 0.00000000
vn -0.98078399 -0.19509682 0.00000000
vn -0.98078399 -0.19509682 0.00000000
vn 0.00000000 0.00000000 1.00000000
vn 0.00000000 0.00000000 1.00000000
vn 0.00000000 0.00000000 1.00000000
vn 0.00000000 0.00000000 1.00000000
vn 0.00000000 0.00000000 1.00000000
vn 0.00000000 0.00000000 1.00000000
vn 0.00000000 0.00000000 1.00000000
vn 0.00000000 0.00000000 1.00000000
vn 0.00000000 0.00000000 1.00000000
vn 0.00000000 0.00000000 1.00000000
vn 0.00000000 0.00000000 1.00000000
vn 0.00000000 0.00000000 1.00000000
vn 0.00000000 0.00000000 1.00000000
vn 0.00000000 0.00000000 1.00000000
vn 0.00000000 0.00000000 1.00000000
vn 0.00000000 0.00000000 1.00000000
vn 0.00000000 0.00000000 1.00000000
vn 0.00000000 0.00000000 1.00000000
vn 0.00000000 0.00000000 1.00000000
vn 0.00000000 0.00000000 1.00000000
vn 0.00000000 0.00000000 1.00000000
vn 0.00000000 0.00000000 1.00000000
vn 0.00010000 -0.00010000 0.99999999
vn 0.00010000 -0.00010000 0.99999999
vn 0.00010000 -0.00010000 0.99999999
vn 0.00000000 0.00000000 1.00000000
vn 0.00000000 0.00000000 1.00000000
vn 0.00000000 0.00000000 1.00000000
vn 0.00000000 0.00000000 1.00000000
vn 0.00000000 0.00000000 1.00000000
vn 0.00000000 0.00000000 1.00000000
vn 0.00000000 0.00000000 1.00000000
vn 0.00000000 0.00000000 1.00000000
vn 0.00000000 0.00000000 1.00000000
vn 0.00000000 0.00000000 1.00000000
vn 0.00000000 0.00000000 1.00000000
vn 0.00000000 0.00000000 1.00000000
vn 0.00000000 0.00000000 1.00000000
vn 0.00000000 0.00000000 1.00000000
vn 0.00000000 0.00000000 1.00000000
vn 0.00000000 0.00000000 1.00000000
vn 0.00000000 0.00000000 1.00000000
vn 0.00000000 0.00000000 1.00000000
vn 0.00000000 0.00000000 1.00000000
vn 0.00000000 0.00000000 1.00000000
vn 0.00000000 0.00000000 1.00000000
vn 0.00000000 0.00000000 1.00000000
vn 0.00000000 0.00000000 1.00000000
vn 0.00000000 0.00000000 1.00000000
vn 0.00000000 0.00000000 1.00000000
vn 0.00000000 0.00000000 1.00000000
vn 0.00000000 0.00000000 1.00000000
vn 0.00000000 0.00000000 1.00000000
vn 0.00000000 0.00000000 1.00000000
vn 0.00000000 0.00000000 1.00000000
vn 0.00000000 0.00000000 1.00000000
vn 0.00000000 0.00000000 1.00000000
vn 0.00000000 0.00000000 1.00000000
vn 0.00000000 0.00000000 1.00000000
vn 0.00000000 0.00000000 1.00000000
vn 0.00000000 0.00000000 1.00000000
vn 0.00000000 0.00000000 1.00000000
vn 0.00000000 0.00000000 1.00000000
vn 0.00000000 0.00000000 1.00000000
vn 0.00000000 0.00000000 1.00000000
vn 0.00000000 0.00000000 1.00000000
vn 0.00000000 0.00000000 1.00000000
vn 0.00000000 0.00000000 1.00000000
vn 0.00000000 0.00000000 1.00000000
vn 0.00000000 0.00000000 1.00000000
vn 0.00000000 0.00000000 1.00000000
vn 0.00000000 0.00000000 1.00000000
vn 0.00000000 0.00000000 1.00000000
vn 0.00000000 0.00000000 1.00000000
vn 0.00000000 0.00000000 1.00000000
vn 0.00000000 0.00000000 1.00000000
vn 0.00000000 0.00000000 1.00000000
vn 0.00000000 0.00000000 1.00000000
vn 0.00000000 0.00000000 1.00000000
vn 0.00000000 0.00000000 1.00000000
vn 0.00000000 0.00000000 1.00000000
vn 0.00000000 0.00000000 1.00000000
vn 0.00000000 0.00000000 1.00000000
vn 0.00000000 0.00000000 1.00000000
vn 0.00000000 0.00000000 1.00000000
vn 0.00000000 0.00000000 1.00000000
vn 0.00000000 0.00000000 1.00000000
vn 0.00000000 0.00000000 1.00000000
vn 0.00000000 0.00000000 1.00000000
vn 0.00000000 0.00000000 1.00000000
vn 0.00000000 0.00000000 1.00000000
vn 0.00000000 0.00000000 1.00000000
vn 0.00000000 0.00000000 1.00000000
vn 0.00000000 0.00000000 1.00000000
vn 0.00000000 0.00000000 1.00000000
vn 0.00000000 0.00000000 1.00000000
vn 0.00000000 0.00000000 1.00000000
vn 0.00000000 0.00000000 1.00000000
vn 0.00000000 0.00010000 1.00000000
vn 0.00000000 0.00010000 1.00000000
vn 0.00000000 0.00010000 1.00000000
vn 0.00000000 0.00000000 1.00000000
vn 0.00000000 0.00000000 1.00000000
vn 0.00000000 0.00000000 1.00000000
vn 0.00000000 0.00000000 1.00000000
vn 0.00000000 0.00000000 1.00000000
vn 0.00000000 0.00000000 1.00000000
vn 0.00000000 0.00000000 1.00000000
vn 0.00000000 0.00000000 1.00000000
vn 0.00000000 0.00000000 1.00000000
vn 0.00000000 0.00000000 1.00000000
vn 0.00000000 0.00000000 1.00000000
vn 0.00000000 0.00000000 1.00000000
vn 0.00000000 0.00000000 1.00000000
vn 0.00000000 0.00000000 1.00000000
vn 0.00000000 0.00000000 1.00000000
vn 0.00000000 0.00000000 1.00000000
vn 0.00000000 0.00000000 1.00000000
vn 0.00000000 0.00000000 1.00000000
vn 0.00000000 0.00000000 1.00000000
vn 0.00000000 0.00000000 1.00000000
vn 0.00000000 0.00000000 1.00000000
vn 0.00000000 0.00000000 1.00000000
vn 0.00000000 0.00000000 1.00000000
vn 0.00000000 0.00000000 1.00000000
vn 0.00000000 0.00000000 1.00000000
vn 0.00000000 0.00000000 1.00000000
vn 0.00000000 0.00000000 1.00000000
vn 0.00000000 0.00000000 1.00000000
vn 0.00000000 0.00000000 1.00000000
vn 0.00000000 0.00000000 1.00000000
vn 0.00000000 0.00000000 1.00000000
vn 0.00000000 0.00000000 1.00000000
vn 0.00000000 0.00000000 1.00000000
vn 0.00000000 0.00000000 1.00000000
vn 0.00000000 0.00000000 1.00000000
vn 0.00000000 0.00000000 1.00000000
vn 0.00000000 0.00000000 1.00000000
vn 0.00000000 0.00000000 1.00000000
vn 0.00000000 0.00000000 1.00000000
vn 0.00000000 0.00000000 1.00000000
vn 0.00000000 0.00000000 1.00000000
vn 0.00000000 0.00000000 1.00000000
vn 0.00000000 0.00010000 1.00000000
vn 0.00000000 0.00010000 1.00000000
vn 0.00000000 0.00010000 1.00000000
vn 0.00000000 -0.00010000 1.00000000
vn 0.00000000 -0.00010000 1.00000000
vn 0.00000000 -0.00010000 1.00000000
vn 0.00000000 0.00000000 1.00000000
vn 0.00000000 0.00000000 1.00000000
vn 0.00000000 0.00000000 1.00000000
vn 0.00000000 0.00000000 1.00000000
vn 0.00000000 0.00000000 1.00000000
vn 0.00000000 0.00000000 1.00000000
vn 0.00000000 0.00000000 1.00000000
vn 0.00000000 0.00000000 1.00000000
vn 0.00000000 0.00000000 1.00000000
vn 0.00000000 0.00000000 1.00000000
vn 0.00000000 0.00000000 1.00000000
vn 0.00000000 0.00000000 1.00000000
vn 0.00000000 0.00000000 1.00000000
vn 0.00000000 0.00000000 1.00000000
vn 0.00000000 0.00000000 1.00000000
vn 0.00000000 0.00000000 1.00000000
vn 0.00000000 0.00000000 1.00000000
vn 0.00000000 0.00000000 1.00000000
vn 0.00000000 0.00000000 1.00000000
vn 0.00000000 0.00000000 1.00000000
vn 0.00000000 0.00000000 1.00000000
vn 0.00000000 0.00000000 1.00000000
vn 0.00000000 0.00000000 1.00000000
vn 0.00000000 0.00000000 1.00000000
vn 0.00000000 0.00000000 1.00000000
vn 0.00000000 0.00000000 1.00000000
vn 0.00000000 0.00000000 1.00000000
vn 0.00000000 0.00000000 1.00000000
vn 0.00000000 0.00000000 1.00000000
vn 0.00000000 0.00000000 1.00000000
vn 0.00000000 0.00000000 1.00000000
vn 0.00000000 0.00000000 1.00000000
vn 0.00000000 0.00000000 1.00000000
vn 0.00000000 0.00000000 1.00000000
vn 0.00000000 0.00000000 1.00000000
vn 0.00000000 0.00000000 1.00000000
vn 0.00000000 0.00000000 1.00000000
vn 0.00000000 0.00000000 1.00000000
vn 0.00000000 0.00000000 1.00000000
vn 0.00000000 0.00000000 1.00000000
vn 0.00000000 0.00000000 1.00000000
vn 0.00000000 0.00000000 1.00000000
vn 0.00000000 0.00000000 1.00000000
vn 0.00000000 0.00000000 1.00000000
vn 0.00000000 0.00000000 1.00000000
vn 0.00000000 0.00000000 1.00000000
vn 0.00000000 0.00000000 1.00000000
vn 0.00000000 0.00000000 1.00000000
vn 0.00000000 0.00000000 1.00000000
vn 0.00000000 0.00000000 1.00000000
vn 0.00000000 0.00000000 1.00000000
vn 0.00000000 0.00000000 1.00000000
vn 0.00000000 0.00000000 1.00000000
vn 0.00000000 0.00000000 1.00000000
vn 0.00000000 0.00000000 1.00000000
vn 0.00000000 0.00000000 1.00000000
vn 0.00000000 0.00000000 1.00000000
vn 0.00000000 0.00000000 1.00000000
vn 0.00000000 0.00000000 1.00000000
vn 0.00000000 0.00000000 1.00000000
vn 0.00000000 0.00000000 1.00000000
vn 0.00000000 0.00000000 1.00000000
vn 0.00000000 0.00000000 1.00000000
vn 0.00000000 0.00000000 1.00000000
vn 0.00000000 0.00000000 1.00000000
vn 0.00000000 0.00000000 1.00000000
vn 0.00000000 0.00000000 1.00000000
vn 0.00000000 0.00000000 1.00000000
vn 0.00000000 0.00000000 1.00000000
vn 0.00000000 0.00000000 1.00000000
vn 0.00000000 0.00000000 1.00000000
vn 0.00000000 0.00000000 1.00000000
vn 0.00000000 0.00000000 1.00000000
vn 0.00000000 0.00000000 1.00000000
vn 0.00000000 0.00000000 1.00000000
vn 0.00000000 0.00000000 1.00000000
vn 0.00000000 0.00000000 1.00000000
vn 0.00000000 0.00000000 1.00000000
vn 0.00000000 0.00000000 1.00000000
vn 0.00000000 0.00000000 1.00000000
vn 0.00000000 0.00000000 1.00000000
vn 0.00000000 0.00000000 1.00000000
vn 0.00000000 0.00000000 1.00000000
vn 0.00000000 0.00000000 1.00000000
vn 0.00000000 0.00000000 1.00000000
vn 0.00000000 0.00000000 1.00000000
vn 0.00000000 0.00000000 1.00000000
vn 0.00000000 0.00000000 1.00000000
vn 0.00000000 0.00000000 1.00000000
vn 0.00000000 0.00000000 1.00000000
vn 0.00000000 0.00000000 1.00000000
vn 0.00000000 0.00000000 1.00000000
vn 0.00000000 0.00000000 1.00000000
vn 0.00000000 0.00000000 1.00000000
vn 0.00000000 0.00000000 1.00000000
vn 0.00000000 0.00000000 1.00000000
vn 0.00000000 0.00000000 1.00000000
vn 0.00000000 0.00000000 1.00000000
vn 0.00000000 0.00000000 1.00000000
vn 0.00000000 0.00000000 1.00000000
vn 0.00000000 0.00000000 1.00000000
vn 0.00000000 0.00000000 1.00000000
vn 0.00000000 0.00000000 1.00000000
vn 0.00000000 0.00000000 1.00000000
vn 0.00000000 0.00000000 1.00000000
vn 0.00000000 0.00000000 1.00000000
vn 0.00000000 0.00000000 1.00000000
vn 0.00000000 0.00000000 1.00000000
vn 0.00000000 0.00000000 1.00000000
vn 0.00000000 0.00000000 1.00000000
vn 0.00000000 0.00000000 1.00000000
vn 0.00000000 0.00000000 1.00000000
vn 0.00000000 0.00000000 1.00000000
vn 0.00000000 0.00000000 1.00000000
vn 0.00000000 0.00000000 1.00000000
vn 0.00000000 0.00000000 1.00000000
vn 0.00000000 0.00000000 1.00000000
vn 0.00000000 0.00000000 1.00000000
vn 0.00000000 0.00000000 1.00000000
vn 0.00000000 0.00000000 1.00000000
vn 0.00000000 0.00000000 1.00000000
vn 0.00000000 0.00000000 1.00000000
vn 0.00000000 0.00000000 1.00000000
vn 0.00000000 0.00000000 1.00000000
vn 0.00000000 0.00000000 1.00000000
vn 0.00000000 0.00000000 1.00000000
vn 0.00000000 0.00000000 1.00000000
vn 0.00000000 0.00000000 1.00000000
vn 0.00000000 0.00000000 1.00000000
vn 0.00000000 0.00000000 1.00000000
vn 0.00000000 0.00000000 1.00000000
vn 0.00000000 0.00000000 1.00000000
vn 0.00000000 0.00000000 1.00000000
vn 0.00000000 0.00000000 1.00000000
vn 0.00000000 0.00000000 1.00000000
vn 0.00000000 0.00000000 1.00000000
vn 0.00000000 0.00000000 1.00000000
vn 0.00000000 0.00000000 1.00000000
vn 0.00000000 0.00000000 1.00000000
vn 0.00000000 0.00000000 1.00000000
vn 0.00000000 0.00000000 1.00000000
vn 0.00000000 0.00000000 1.00000000
vn 0.00000000 0.00000000 1.00000000
vn 0.00000000 0.00000000 1.00000000
vn 0.00000000 0.00000000 1.00000000
vn 0.00000000 0.00000000 1.00000000
vn 0.00000000 0.00000000 1.00000000
vn 0.00000000 0.00000000 1.00000000
vn 0.00000000 0.00000000 1.00000000
vn 0.00000000 0.00000000 1.00000000
vn 0.00000000 0.00000000 1.00000000
vn 0.00000000 0.00000000 1.00000000
vn 0.00000000 0.00000000 1.00000000
vn 0.00000000 0.00000000 1.00000000
vn 0.00000000 0.00000000 1.00000000
vn 0.00000000 0.00000000 1.00000000
vn 0.00000000 0.00000000 1.00000000
vn 0.00000000 0.00000000 1.00000000
vn 0.00000000 0.00000000 1.00000000
vn 0.00000000 0.00000000 1.00000000
vn 0.00000000 0.00000000 1.00000000
vn 0.00000000 0.00000000 1.00000000
vn 0.00000000 0.00000000 1.00000000
vn 0.00000000 0.00000000 1.00000000
vn 0.00000000 0.00000000 1.00000000
vn 0.00000000 0.00000000 1.00000000
vn 0.00000000 0.00000000 1.00000000
vn 0.00000000 0.00000000 1.00000000
vn 0.00000000 0.00000000 1.00000000
vn 0.00000000 0.00000000 1.00000000
vn 0.00000000 0.00000000 1.00000000
vn 0.00000000 0.00000000 1.00000000
vn 0.00000000 0.00000000 1.00000000
vn 0.00000000 0.00000000 1.00000000
vn 0.00000000 0.00000000 1.00000000
vn 0.00000000 0.00000000 1.00000000
vn 0.00000000 0.00000000 1.00000000
vn 0.00000000 0.00000000 1.00000000
vn 0.00000000 0.00000000 1.00000000
vn 0.00000000 0.00000000 1.00000000
vn 0.00000000 0.00000000 1.00000000
vn 0.00000000 0.00000000 1.00000000
vn 0.00000000 0.00000000 1.00000000
vn 0.00000000 0.00000000 1.00000000
vn 0.00000000 0.00000000 1.00000000
vn 0.00000000 0.00000000 1.00000000
vn 0.00000000 0.00000000 1.00000000
vn 0.00000000 0.00000000 1.00000000
vn 0.00000000 0.00000000 1.00000000
vn 0.00000000 0.00000000 1.00000000
vn 0.00000000 0.00000000 1.00000000
vn 0.00000000 0.00000000 1.00000000
vn 0.00000000 0.00000000 1.00000000
vn 0.00000000 0.00000000 1.00000000
vn 0.00000000 0.00000000 1.00000000
vn 0.00000000 0.00000000 1.00000000
vn 0.00000000 0.00000000 1.00000000
vn 0.00000000 0.00000000 1.00000000
vn 0.00000000 0.00000000 1.00000000
vn 0.00000000 0.00000000 1.00000000
vn 0.00000000 0.00000000 1.00000000
vn 0.00000000 0.00000000 1.00000000
vn 0.00000000 0.00000000 1.00000000
vn 0.00000000 0.00000000 1.00000000
vn 0.00000000 0.00000000 1.00000000
vn 0.00000000 0.00000000 1.00000000
vn 0.00000000 0.00000000 1.00000000
vn 0.00000000 0.00000000 1.00000000
vn 0.00000000 0.00000000 1.00000000
vn 0.00000000 0.00000000 1.00000000
vn 0.00000000 0.00000000 1.00000000
vn 0.00000000 0.00000000 1.00000000
vn 0.00000000 0.00000000 1.00000000
vn 0.00000000 0.00000000 1.00000000
vn 0.00000000 0.00000000 1.00000000
vn 0.00000000 0.00000000 1.00000000
vn 0.00000000 0.00000000 1.00000000
vn 0.00000000 0.00000000 1.00000000
vn 0.00000000 0.00000000 1.00000000
vn 0.00000000 0.00000000 1.00000000
vn 0.00000000 0.00000000 1.00000000
vn 0.00000000 0.00000000 1.00000000
vn 0.00000000 0.00000000 1.00000000
vn 0.00000000 0.00000000 1.00000000
vn 0.00000000 0.00000000 1.00000000
vn 0.00000000 0.00000000 1.00000000
vn 0.00000000 0.00000000 1.00000000
vn 0.00000000 0.00000000 1.00000000
vn 0.00000000 0.00000000 1.00000000
vn 0.00000000 0.00000000 1.00000000
vn 0.00000000 0.00000000 1.00000000
vn 0.00000000 0.00000000 -1.00000000
vn 0.00000000 0.00000000 -1.00000000
vn 0.00000000 0.00000000 -1.00000000
vn 0.00000000 0.00000000 -1.00000000
vn 0.00000000 0.00000000 -1.00000000
vn 0.00000000 0.00000000 -1.00000000
vn 0.00000000 0.00000000 -1.00000000
vn 0.00000000 0.00000000 -1.00000000
vn 0.00000000 0.00000000 -1.00000000
vn 0.00000000 0.00000000 -1.00000000
vn 0.00000000 0.00000000 -1.00000000
vn 0.00000000 0.00000000 -1.00000000
vn 0.00000000 0.00000000 -1.00000000
vn 0.00000000 0.00000000 -1.00000000
vn 0.00000000 0.00000000 -1.00000000
vn 0.00000000 0.00000000 -1.00000000
vn 0.00000000 0.00000000 -1.00000000
vn 0.00000000 0.00000000 -1.00000000
vn 0.00000000 0.00000000 -1.00000000
vn 0.00000000 0.00000000 -1.00000000
vn 0.00000000 0.00000000 -1.00000000
vn 0.00000000 0.00000000 -1.00000000
vn 0.00000000 0.00000000 -1.00000000
vn 0.00000000 0.00000000 -1.00000000
vn 0.00000000 0.00000000 -1.00000000
vn 0.00000000 0.00000000 -1.00000000
vn 0.00000000 0.00000000 -1.00000000
vn 0.00000000 0.00000000 -1.00000000
vn 0.00000000 0.00000000 -1.00000000
vn 0.00000000 0.00000000 -1.00000000
vn 0.00000000 0.00000000 -1.00000000
vn 0.00000000 0.00000000 -1.00000000
vn 0.00000000 0.00000000 -1.00000000
vn 0.00000000 0.00000000 -1.00000000
vn 0.00000000 0.00000000 -1.00000000
vn 0.00000000 0.00000000 -1.00000000
vn 0.00000000 0.00000000 -1.00000000
vn 0.00000000 0.00000000 -1.00000000
vn 0.00000000 0.00000000 -1.00000000
vn 0.00000000 0.00000000 -1.00000000
vn 0.00000000 0.00000000 -1.00000000
vn 0.00000000 0.00000000 -1.00000000
vn 0.00000000 0.00000000 -1.00000000
vn 0.00000000 0.00000000 -1.00000000
vn 0.00000000 0.00000000 -1.00000000
vn 0.00000000 0.00000000 -1.00000000
vn 0.00000000 0.00000000 -1.00000000
vn 0.00000000 0.00000000 -1.00000000
vn 0.00000000 0.00000000 -1.00000000
vn 0.00000000 0.00000000 -1.00000000
vn 0.00000000 0.00000000 -1.00000000
vn 0.00000000 0.00000000 -1.00000000
vn 0.00000000 0.00000000 -1.00000000
vn 0.00000000 0.00000000 -1.00000000
vn 0.00000000 0.00000000 -1.00000000
vn 0.00000000 0.00000000 -1.00000000
vn 0.00000000 0.00000000 -1.00000000
vn 0.00000000 0.00000000 -1.00000000
vn 0.00000000 0.00000000 -1.00000000
vn 0.00000000 0.00000000 -1.00000000
vn 0.00000000 0.00000000 -1.00000000
vn 0.00000000 0.00000000 -1.00000000
vn 0.00000000 0.00000000 -1.00000000
vn 0.00000000 0.00000000 -1.00000000
vn 0.00000000 0.00000000 -1.00000000
vn 0.00000000 0.00000000 -1.00000000
vn 0.00000000 0.00000000 -1.00000000
vn 0.00000000 0.00000000 -1.00000000
vn 0.00000000 0.00000000 -1.00000000
vn 0.00000000 0.00000000 -1.00000000
vn 0.00000000 0.00000000 -1.00000000
vn 0.00000000 0.00000000 -1.00000000
vn 0.00000000 0.00000000 -1.00000000
vn 0.00000000 0.00000000 -1.00000000
vn 0.00000000 0.00000000 -1.00000000
vn 0.00000000 0.00000000 -1.00000000
vn 0.00000000 0.00000000 -1.00000000
vn 0.00000000 0.00000000 -1.00000000
vn 0.00000000 0.00000000 -1.00000000
vn 0.00000000 0.00000000 -1.00000000
vn 0.00000000 0.00000000 -1.00000000
vn 0.00000000 0.00000000 -1.00000000
vn 0.00000000 0.00000000 -1.00000000
vn 0.00000000 0.00000000 -1.00000000
vn 0.00000000 0.00000000 -1.00000000
vn 0.00000000 0.00000000 -1.00000000
vn 0.00000000 0.00000000 -1.00000000
vn 0.00000000 0.00000000 -1.00000000
vn 0.00000000 0.00000000 -1.00000000
vn 0.00000000 0.00000000 -1.00000000
vn 0.00000000 0.00000000 -1.00000000
vn 0.00000000 0.00000000 -1.00000000
vn 0.00000000 0.00000000 -1.00000000
vn 0.00000000 0.00000000 -1.00000000
vn 0.00000000 0.00000000 -1.00000000
vn 0.00000000 0.00000000 -1.00000000
vn 0.00000000 0.00000000 -1.00000000
vn 0.00000000 0.00000000 -1.00000000
vn 0.00000000 0.00000000 -1.00000000
vn 0.00000000 0.00000000 -1.00000000
vn 0.00000000 0.00000000 -1.00000000
vn 0.00000000 0.00000000 -1.00000000
vn 0.00000000 0.00000000 -1.00000000
vn 0.00000000 0.00000000 -1.00000000
vn 0.00000000 0.00000000 -1.00000000
vn 0.00000000 0.00000000 -1.00000000
vn 0.00000000 0.00000000 -1.00000000
vn 0.00000000 0.00000000 -1.00000000
vn 0.00000000 0.00000000 -1.00000000
vn 0.00000000 0.00000000 -1.00000000
vn 0.00000000 0.00000000 -1.00000000
vn 0.00000000 0.00000000 -1.00000000
vn 0.00000000 0.00000000 -1.00000000
vn 0.00000000 0.00000000 -1.00000000
vn 0.00000000 0.00000000 -1.00000000
vn 0.00000000 0.00000000 -1.00000000
vn 0.00000000 0.00000000 -1.00000000
vn 0.00000000 0.00000000 -1.00000000
vn 0.00000000 0.00000000 -1.00000000
vn 0.00000000 0.00000000 -1.00000000
vn 0.00000000 0.00000000 -1.00000000
vn 0.00000000 0.00000000 -1.00000000
vn 0.00000000 0.00000000 -1.00000000
vn 0.00000000 0.00000000 -1.00000000
vn 0.00000000 0.00000000 -1.00000000
vn 0.00000000 0.00000000 -1.00000000
vn 0.00000000 0.00000000 -1.00000000
vn 0.00000000 0.00000000 -1.00000000
vn 0.00000000 0.00000000 -1.00000000
vn 0.00000000 0.00000000 -1.00000000
vn 0.00000000 0.00000000 -1.00000000
vn 0.00000000 0.00000000 -1.00000000
vn 0.00000000 0.00000000 -1.00000000
vn 0.00000000 0.00000000 -1.00000000
vn 0.00000000 0.00000000 -1.00000000
vn 0.00000000 0.00000000 -1.00000000
vn 0.00000000 0.00000000 -1.00000000
vn 0.00000000 0.00000000 -1.00000000
vn 0.00000000 0.00000000 -1.00000000
vn 0.00000000 0.00000000 -1.00000000
vn 0.00000000 0.00000000 -1.00000000
vn 0.00000000 0.00000000 -1.00000000
vn 0.00000000 0.00000000 -1.00000000
vn 0.00000000 0.00000000 -1.00000000
vn 0.00000000 0.00000000 -1.00000000
vn 0.00000000 0.00000000 -1.00000000
vn 0.00000000 0.00000000 -1.00000000
vn 0.00000000 0.00000000 -1.00000000
vn 0.00000000 0.00000000 -1.00000000
vn 0.00000000 0.00000000 -1.00000000
vn 0.00000000 0.00000000 -1.00000000
vn 0.00000000 0.00000000 -1.00000000
vn 0.00000000 0.00000000 -1.00000000
vn 0.00000000 0.00000000 -1.00000000
vn 0.00000000 0.00000000 -1.00000000
vn 0.00000000 0.00000000 -1.00000000
vn 0.00000000 0.00000000 -1.00000000
vn 0.00000000 0.00000000 -1.00000000
vn 0.00000000 0.00000000 -1.00000000
vn 0.00000000 0.00000000 -1.00000000
vn 0.00000000 0.00000000 -1.00000000
vn 0.00000000 0.00000000 -1.00000000
vn 0.00000000 0.00000000 -1.00000000
vn 0.00000000 0.00000000 -1.00000000
vn 0.00000000 0.00000000 -1.00000000
vn 0.00000000 0.00000000 -1.00000000
vn 0.00000000 0.00000000 -1.00000000
vn 0.00000000 0.00000000 -1.00000000
vn 0.00000000 0.00000000 -1.00000000
vn 0.00000000 0.00000000 -1.00000000
vn 0.00000000 0.00000000 -1.00000000
vn 0.00000000 0.00000000 -1.00000000
vn 0.00000000 0.00000000 -1.00000000
vn 0.00000000 0.00000000 -1.00000000
vn 0.00000000 0.00000000 -1.00000000
vn 0.00000000 0.00000000 -1.00000000
vn 0.00000000 0.00000000 -1.00000000
vn 0.00000000 0.00000000 -1.00000000
vn 0.00000000 0.00000000 -1.00000000
vn 0.00000000 0.00000000 -1.00000000
vn 0.00000000 0.00000000 -1.00000000
vn 0.00000000 0.00000000 -1.00000000
vn 0.00000000 0.00000000 -1.00000000
vn 0.00000000 0.00000000 -1.00000000
vn 0.00000000 0.00000000 -1.00000000
vn 0.00000000 0.00000000 -1.00000000
vn 0.00000000 0.00000000 -1.00000000
vn 0.00000000 0.00000000 -1.00000000
vn 0.00000000 0.00000000 -1.00000000
vn 0.00000000 0.00000000 -1.00000000
vn 0.00000000 0.00000000 -1.00000000
vn 0.00000000 0.00000000 -1.00000000
vn 0.00000000 0.00000000 -1.00000000
vn 0.00000000 0.00000000 -1.00000000
vn 0.00000000 0.00000000 -1.00000000
vn 0.00000000 0.00000000 -1.00000000
vn 0.00000000 0.00000000 -1.00000000
vn 0.00000000 0.00000000 -1.00000000
vn 0.00000000 0.00000000 -1.00000000
vn 0.00000000 0.00000000 -1.00000000
vn 0.00000000 0.00000000 -1.00000000
vn 0.00000000 0.00000000 -1.00000000
vn 0.00000000 0.00000000 -1.00000000
vn 0.00000000 0.00000000 -1.00000000
vn 0.00000000 0.00000000 -1.00000000
vn 0.00000000 0.00000000 -1.00000000
vn 0.00000000 0.00000000 -1.00000000
vn 0.00000000 0.00000000 -1.00000000
vn 0.00000000 0.00000000 -1.00000000
vn 0.00000000 0.00000000 -1.00000000
vn 0.00000000 0.00000000 -1.00000000
vn 0.00000000 0.00000000 -1.00000000
vn 0.00000000 0.00000000 -1.00000000
vn 0.00000000 0.00000000 -1.00000000
vn 0.00000000 0.00000000 -1.00000000
vn 0.00000000 0.00000000 -1.00000000
vn 0.00000000 0.00000000 -1.00000000
vn 0.00000000 0.00000000 -1.00000000
vn 0.00000000 0.00000000 -1.00000000
vn 0.00000000 0.00000000 -1.00000000
vn 0.00000000 0.00000000 -1.00000000
vn 0.00000000 0.00000000 -1.00000000
vn 0.00000000 0.00000000 -1.00000000
vn 0.00000000 0.00000000 -1.00000000
vn 0.00000000 0.00000000 -1.00000000
vn 0.00000000 0.00000000 -1.00000000
vn 0.00000000 0.00000000 -1.00000000
vn 0.00000000 0.00000000 -1.00000000
vn 0.00000000 0.00000000 -1.00000000
vn 0.00000000 0.00000000 -1.00000000
vn 0.00000000 0.00000000 -1.00000000
vn 0.00000000 -0.00010000 -1.00000000
vn 0.00000000 -0.00010000 -1.00000000
vn 0.00000000 -0.00010000 -1.00000000
vn 0.00000000 0.00000000 -1.00000000
vn 0.00000000 0.00000000 -1.00000000
vn 0.00000000 0.00000000 -1.00000000
vn 0.00000000 0.00000000 -1.00000000
vn 0.00000000 0.00000000 -1.00000000
vn 0.00000000 0.00000000 -1.00000000
vn 0.00000000 0.00000000 -1.00000000
vn 0.00000000 0.00000000 -1.00000000
vn 0.00000000 0.00000000 -1.00000000
vn 0.00000000 0.00000000 -1.00000000
vn 0.00000000 0.00000000 -1.00000000
vn 0.00000000 0.00000000 -1.00000000
vn 0.00000000 0.00000000 -1.00000000
vn 0.00000000 0.00000000 -1.00000000
vn 0.00000000 0.00000000 -1.00000000
vn 0.00000000 0.00000000 -1.00000000
vn 0.00000000 0.00000000 -1.00000000
vn 0.00000000 0.00000000 -1.00000000
vn 0.00000000 0.00000000 -1.00000000
vn 0.00000000 0.00000000 -1.00000000
vn 0.00000000 0.00000000 -1.00000000
vn 0.00000000 0.00000000 -1.00000000
vn 0.00000000 0.00000000 -1.00000000
vn 0.00000000 0.00000000 -1.00000000
vn 0.00000000 0.00000000 -1.00000000
vn 0.00000000 0.00000000 -1.00000000
vn 0.00000000 0.00000000 -1.00000000
vn 0.00000000 0.00000000 -1.00000000
vn 0.00000000 0.00000000 -1.00000000
vn 0.00000000 0.00000000 -1.00000000
vn 0.00000000 0.00000000 -1.00000000
vn 0.00000000 0.00000000 -1.00000000
vn 0.00000000 0.00000000 -1.00000000
vn 0.00000000 0.00000000 -1.00000000
vn 0.00000000 0.00000000 -1.00000000
vn 0.00000000 0.00000000 -1.00000000
vn 0.00000000 0.00000000 -1.00000000
vn 0.00000000 0.00000000 -1.00000000
vn 0.00000000 0.00000000 -1.00000000
vn 0.00000000 0.00000000 -1.00000000
vn 0.00000000 0.00000000 -1.00000000
vn 0.00000000 0.00000000 -1.00000000
vn 0.00000000 0.00000000 -1.00000000
vn 0.00000000 0.00000000 -1.00000000
vn 0.00000000 0.00000000 -1.00000000
vn 0.00000000 0.00000000 -1.00000000
vn 0.00000000 0.00000000 -1.00000000
vn 0.00000000 0.00000000 -1.00000000
vn 0.00000000 0.00000000 -1.00000000
vn 0.00000000 0.00000000 -1.00000000
vn 0.00000000 0.00000000 -1.00000000
vn 0.00000000 0.00000000 -1.00000000
vn 0.00000000 0.00000000 -1.00000000
vn 0.00000000 0.00000000 -1.00000000
vn 0.00000000 -0.00010000 -1.00000000
vn 0.00000000 -0.00010000 -1.00000000
vn 0.00000000 -0.00010000 -1.00000000
vn 0.00000000 -0.00010000 -1.00000000
vn 0.00000000 -0.00010000 -1.00000000
vn 0.00000000 -0.00010000 -1.00000000
vn 0.00000000 0.00000000 -1.00000000
vn 0.00000000 0.00000000 -1.00000000
vn 0.00000000 0.00000000 -1.00000000
vn 0.00000000 0.00000000 -1.00000000
vn 0.00000000 0.00000000 -1.00000000
vn 0.00000000 0.00000000 -1.00000000
vn 0.00000000 0.00000000 -1.00000000
vn 0.00000000 0.00000000 -1.00000000
vn 0.00000000 0.00000000 -1.00000000
vn 0.00000000 0.00000000 -1.00000000
vn 0.00000000 0.00000000 -1.00000000
vn 0.00000000 0.00000000 -1.00000000
vn 0.00000000 0.00000000 -1.00000000
vn 0.00000000 0.00000000 -1.00000000
vn 0.00000000 0.00000000 -1.00000000
vn 0.00000000 0.00000000 -1.00000000
vn 0.00000000 0.00000000 -1.00000000
vn 0.00000000 0.00000000 -1.00000000
vn 0.00000000 0.00000000 -1.00000000
vn 0.00000000 0.00000000 -1.00000000
vn 0.00000000 0.00000000 -1.00000000
vn 0.00000000 0.00000000 -1.00000000
vn 0.00000000 0.00000000 -1.00000000
vn 0.00000000 0.00000000 -1.00000000
vn 0.00000000 0.00000000 -1.00000000
vn 0.00000000 0.00000000 -1.00000000
vn 0.00000000 0.00000000 -1.00000000
vn 0.00000000 0.00000000 -1.00000000
vn 0.00000000 0.00000000 -1.00000000
vn 0.00000000 0.00000000 -1.00000000
vn 0.00000000 0.00000000 -1.00000000
vn 0.00000000 0.00000000 -1.00000000
vn 0.00000000 0.00000000 -1.00000000
vn 0.00000000 0.00000000 -1.00000000
vn 0.00000000 0.00000000 -1.00000000
vn 0.00000000 0.00000000 -1.00000000
vn 0.00000000 0.00000000 -1.00000000
vn 0.00000000 0.00000000 -1.00000000
vn 0.00000000 0.00000000 -1.00000000
vn 0.00000000 0.00000000 -1.00000000
vn 0.00000000 0.00010000 -1.00000000
vn 0.00000000 0.00010000 -1.00000000
vn 0.00000000 0.00010000 -1.00000000
vn 0.00000000 0.00000000 -1.00000000
vn 0.00000000 0.00000000 -1.00000000
vn 0.00000000 0.00000000 -1.00000000
vn 0.00010000 0.00010000 -0.99999999
vn 0.00010000 0.00010000 -0.99999999
vn 0.00010000 0.00010000 -0.99999999
vn 0.00000000 0.00010000 -1.00000000
vn 0.00000000 0.00010000 -1.00000000
vn 0.00000000 0.00010000 -1.00000000
vn 0.00000000 0.00000000 -1.00000000
vn 0.00000000 0.00000000 -1.00000000
vn 0.00000000 0.00000000 -1.00000000
vn 0.00000000 0.00000000 -1.00000000
vn 0.00000000 0.00000000 -1.00000000
vn 0.00000000 0.00000000 -1.00000000
vn 0.00000000 0.00000000 -1.00000000
vn 0.00000000 0.00000000 -1.00000000
vn 0.00000000 0.00000000 -1.00000000
vn 0.00000000 0.00000000 -1.00000000
vn 0.00000000 0.00000000 -1.00000000
vn 0.00000000 0.00000000 -1.00000000
vn 0.00000000 0.00000000 -1.00000000
vn 0.00000000 0.00000000 -1.00000000
vn 0.00000000 0.00000000 -1.00000000
vn 0.00000000 0.00000000 -1.00000000
vn 0.00000000 0.00000000 -1.00000000
vn 0.00000000 0.00000000 -1.00000000
vn 0.00000000 0.00000000 -1.00000000
vn 0.00000000 0.00000000 -1.00000000
vn 0.00000000 0.00000000 -1.00000000
vn 0.00000000 0.00000000 -1.00000000
vn 0.00000000 0.00000000 -1.00000000
vn 0.00000000 0.00000000 -1.00000000
vn 0.00000000 0.00000000 -1.00000000
vn 0.00000000 0.00000000 -1.00000000
vn 0.00000000 0.00000000 -1.00000000
vn 0.00000000 0.00000000 -1.00000000
vn 0.00000000 0.00000000 -1.00000000
vn 0.00000000 0.00000000 -1.00000000
vn 0.00000000 0.00000000 -1.00000000
vn 0.00000000 0.00000000 -1.00000000
vn 0.00000000 0.00000000 -1.00000000
vn 0.00000000 0.00000000 -1.00000000
vn 0.00000000 0.00000000 -1.00000000
vn 0.00000000 0.00000000 -1.00000000
vn 1.00000000 0.00000000 -0.00010000
vn 0.50001100 0.86601905 0.00000000
vn 0.48988122 0.87156659 -0.01969924
vn 0.48988122 0.87156659 -0.01969924
vn 0.99919154 -0.00050000 -0.04019966
vn 1.00000000 0.00000000 0.00000000
vn 0.50001100 0.86601905 0.00000000
vn -0.50001100 0.86601905 0.00000000
vn -0.51021997 0.85973364 0.02310090
vn -0.51021997 0.85973364 0.02310090
vn -0.50001100 0.86601905 0.00000000
vn -1.00000000 0.00000000 0.00000000
vn -0.99904020 0.00030001 0.04380176
vn -1.00000000 0.00000000 0.00000000
vn -0.50001100 -0.86601905 0.00000000
vn -0.50991612 -0.85992718 0.02260071
vn -0.50999011 -0.85988333 0.02259956
vn 0.50001100 -0.86601905 0.00000000
vn 0.49027532 -0.87135613 -0.01919903
vn 0.50001100 -0.86601905 0.00000000
vn 1.00000000 0.00000000 0.00000000
vn 0.99919154 -0.00050000 -0.04019966
vn 0.99919555 -0.00050000 -0.04009982
vn 0.99919555 -0.00050000 -0.04009982
vn 0.48988122 0.87156659 -0.01969924
vn 0.45448706 0.88497481 -0.10129712
vn 0.45440311 0.88500605 -0.10140069
vn 0.97761312 -0.00180002 -0.21040282
vn 0.99919555 -0.00050000 -0.04009982
vn 0.48988122 0.87156659 -0.01969924
vn -0.51021997 0.85973364 0.02310090
vn -0.51900411 0.84610670 0.12140096
vn -0.51907717 0.84606278 0.12139466
vn -0.51021997 0.85973364 0.02310090
vn -0.99904020 0.00030001 0.04380176
vn -0.97295582 0.00089996 0.23098951
vn -0.97295582 0.00089996 0.23098951
vn -0.99904020 0.00030001 0.04380176
vn -0.50991612 -0.85992718 0.02260071
vn -0.51839625 -0.84659387 0.12059913
vn -0.51839625 -0.84659387 0.12059913
vn -0.50999011 -0.85988333 0.02259956
vn 0.49027532 -0.87135613 -0.01919903
vn 0.45601677 -0.88423252 -0.10090371
vn 0.45601677 -0.88423252 -0.10090371
vn 0.49031804 -0.87133206 -0.01920071
vn 0.99919555 -0.00050000 -0.04009982
vn 0.97761312 -0.00180002 -0.21040282
vn 0.97761312 -0.00180002 -0.21040282
vn 0.97761312 -0.00180002 -0.21040282
vn 0.45440311 0.88500605 -0.10140069
vn 0.40791818 0.88543946 -0.22270993
vn 0.40791818 0.88543946 -0.22270993
vn 0.88546963 -0.00349988 -0.46468406
vn 0.97761294 -0.00190003 -0.21040278
vn 0.45440311 0.88500605 -0.10140069
vn -0.51907717 0.84606278 0.12139466
vn -0.46540461 0.84480836 0.26400261
vn -0.46540461 0.84480836 0.26400261
vn -0.51900411 0.84610670 0.12140096
vn -0.97295582 0.00089996 0.23098951
vn -0.86487438 0.00179995 0.50198513
vn -0.86487438 0.00179995 0.50198513
vn -0.97295040 0.00100005 0.23101197
vn -0.51839625 -0.84659387 0.12059913
vn -0.46439913 -0.84579841 0.26259951
vn -0.46438693 -0.84577620 0.26269261
vn -0.51839625 -0.84659387 0.12059913
vn 0.45601677 -0.88423252 -0.10090371
vn 0.41091310 -0.88392817 -0.22320711
vn 0.41091310 -0.88392817 -0.22320711
vn 0.45601677 -0.88423252 -0.10090371
vn 0.97761294 -0.00190003 -0.21040278
vn 0.88544804 -0.00350019 -0.46472521
vn 0.88540688 -0.00350003 -0.46480361
vn 0.88544804 -0.00350019 -0.46472521
vn 0.40791818 0.88543946 -0.22270993
vn 0.32851153 0.88523108 -0.32931156
vn 0.32850071 0.88520193 -0.32940072
vn 0.71959073 -0.00319996 -0.69439106
vn 0.88546963 -0.00349988 -0.46468406
vn 0.40790909 0.88541974 -0.22280497
vn -0.46540461 0.84480836 0.26400261
vn -0.37441346 0.84523039 0.38131371
vn -0.37441346 0.84523039 0.38131371
vn -0.46540461 0.84480836 0.26400261
vn -0.86487438 0.00179995 0.50198513
vn -0.68882490 0.00150005 0.72492621
vn -0.68877486 0.00159994 0.72497354
vn -0.86487438 0.00179995 0.50198513
vn -0.46439913 -0.84579841 0.26259951
vn -0.37238763 -0.84627188 0.38098734
vn -0.37241914 -0.84624350 0.38101958
vn -0.46439913 -0.84579841 0.26259951
vn 0.41091310 -0.88392817 -0.22320711
vn 0.32919501 -0.88408659 -0.33169497
vn 0.32919501 -0.88408659 -0.33169497
vn 0.41091310 -0.88392817 -0.22320711
vn 0.88546963 -0.00349988 -0.46468406
vn 0.71959073 -0.00319996 -0.69439106
vn 0.71959073 -0.00319996 -0.69439106
vn 0.71959073 -0.00319996 -0.69439106
vn 0.32851153 0.88523108 -0.32931156
vn 0.22149792 0.88589166 -0.40759616
vn 0.22149792 0.88589166 -0.40759616
vn 0.48328068 -0.00089996 -0.87546500
vn 0.71959050 -0.00329996 -0.69439083
vn 0.32851153 0.88523108 -0.32931156
vn -0.37441346 0.84523039 0.38131371
vn -0.25149292 0.84597619 0.47018677
vn -0.25149292 0.84597619 0.47018677
vn -0.37441346 0.84523039 0.38131371
vn -0.68882479 0.00160006 0.72492609
vn -0.46591537 0.00040001 0.88482920
vn -0.46591535 0.00050002 0.88482916
vn -0.68877486 0.00159994 0.72497354
vn -0.37250527 -0.84621198 0.38100539
vn -0.25050401 -0.84631356 0.47010753
vn -0.25050401 -0.84631356 0.47010753
vn -0.37241914 -0.84624350 0.38101958
vn 0.32919501 -0.88408659 -0.33169497
vn 0.22099993 -0.88559973 -0.40849988
vn 0.22099993 -0.88559973 -0.40849988
vn 0.32919501 -0.88408659 -0.33169497
vn 0.71959073 -0.00319996 -0.69439106
vn 0.48328072 -0.00079997 -0.87546508
vn 0.48328068 -0.00089996 -0.87546500
vn 0.22149792 0.88589166 -0.40759616
vn 0.12610675 0.87674695 -0.46412485
vn 0.26760776 0.00000000 -0.96352794
vn 0.26760776 0.00000000 -0.96352794
vn 0.48328068 -0.00089996 -0.87546500
vn 0.22140282 0.88591128 -0.40760519
vn -0.25149292 0.84597619 0.47018677
vn -0.13609629 0.85427668 0.50168631
vn 0.12610675 0.87674695 -0.46412485
vn -0.25158659 0.84595491 0.47017494
vn -0.46591535 0.00050002 0.88482916
vn -0.25709622 0.00000000 0.96638581
vn -0.13609629 0.85427668 0.50168631
vn -0.46599364 0.00049999 0.88478793
vn -0.46591535 0.00050002 0.88482916
vn -0.25049224 -0.84627377 0.47018543
vn -0.13609629 -0.85427668 0.50168631
vn -0.13609629 -0.85427668 0.50168631
vn -0.25050401 -0.84631356 0.47010753
vn 0.22109505 -0.88558015 -0.40849085
vn 0.12610675 -0.87674695 -0.46412485
vn 0.12610675 -0.87674695 -0.46412485
vn 0.22099993 -0.88559973 -0.40849988
vn 0.48332299 -0.00090004 -0.87544165
vn 0.26760776 0.00000000 -0.96352794
vn 0.26760776 0.00000000 -0.96352794
vn 0.12069868 -0.00010000 -0.99268918
vn 0.05780016 0.87470246 -0.48120135
vn 0.00000000 0.87383632 -0.48622021
vn 0.00000000 0.87385996 -0.48617772
vn 0.00000000 -0.00010000 -1.00000000
vn 0.12069869 0.00000000 -0.99268919
vn 0.05780016 0.87470246 -0.48120135
vn -0.06179880 0.85718338 0.51129009
vn 0.00000000 0.85832124 0.51311270
vn 0.00000000 0.85832124 0.51311270
vn -0.06179880 0.85718338 0.51129009
vn -0.11860496 0.00000000 0.99294152
vn 0.00000000 0.00010000 1.00000000
vn 0.00000000 0.00010000 1.00000000
vn -0.11860496 0.00000000 0.99294152
vn -0.06180196 -0.85722721 0.51121623
vn 0.00000000 -0.85832124 0.51311270
vn 0.00000000 -0.85832124 0.51311270
vn -0.06180196 -0.85722721 0.51121623
vn 0.05780016 -0.87470246 -0.48120135
vn 0.00000000 -0.87383632 -0.48622021
vn 0.00000000 -0.87383632 -0.48622021
vn 0.05780016 -0.87470246 -0.48120135
vn 0.12060014 -0.00010000 -0.99270116
vn 0.00000000 -0.00010000 -1.00000000
vn 0.00000000 -0.00010000 -1.00000000
vn 0.12609570 0.87677008 -0.46408416
vn 0.05770050 0.87470751 -0.48120413
vn 0.12060014 0.00000000 -0.99270117
vn 0.12069869 0.00000000 -0.99268919
vn 0.26760776 0.00000000 -0.96352794
vn 0.12610675 0.87674695 -0.46412485
vn -0.13609629 0.85427668 0.50168631
vn -0.06179880 0.85718338 0.51129009
vn 0.05770050 0.87470751 -0.48120413
vn -0.13599814 0.85428830 0.50169313
vn -0.25709622 0.00000000 0.96638581
vn -0.11860496 0.00000000 0.99294152
vn -0.06170234 0.85723250 0.51121938
vn -0.25709622 0.00000000 0.96638581
vn -0.06180196 -0.85722721 0.51121623
vn -0.25709622 0.00000000 0.96638581
vn -0.13609629 -0.85427668 0.50168631
vn -0.06180196 -0.85722721 0.51121623
vn 0.05780016 -0.87470246 -0.48120135
vn -0.13609629 -0.85427668 0.50168631
vn 0.12599729 -0.87678113 -0.46409001
vn 0.05780016 -0.87470246 -0.48120135
vn 0.12060014 -0.00010000 -0.99270116
vn 0.12609570 -0.87677008 -0.46408416
vn 0.26760776 0.00000000 -0.96352794
vn 0.12069868 -0.00010000 -0.99268918
vn -1.00000000 0.00000000 0.00000000
vn -0.99919154 -0.00050000 -0.04019966
vn -0.48988122 0.87156659 -0.01969924
vn -0.48988122 0.87156659 -0.01969924
vn -0.50001099 0.86601904 0.00020000
vn -1.00000000 0.00000000 0.00000000
vn 0.51021997 0.85973364 0.02310090
vn 0.51021997 0.85973364 0.02310090
vn 0.50001100 0.86601905 0.00000000
vn -0.50001100 0.86601905 0.00000000
vn 0.99904020 0.00030001 0.04380176
vn 0.99904020 0.00030001 0.04380176
vn 1.00000000 0.00000000 0.00000000
vn 0.50001100 0.86601905 0.00000000
vn 0.50999011 -0.85988333 0.02259956
vn 0.50991612 -0.85992718 0.02260071
vn 0.50001100 -0.86601905 0.00000000
vn 1.00000000 0.00000000 0.00000000
vn -0.49027626 -0.87135780 -0.01909908
vn -0.49027532 -0.87135613 -0.01919903
vn -0.50001100 -0.86601905 0.00000000
vn 0.50001100 -0.86601905 0.00000000
vn -0.99919555 -0.00050000 -0.04009982
vn -0.99919154 -0.00050000 -0.04019966
vn -1.00000000 0.00000000 0.00000000
vn -0.50001100 -0.86601905 0.00000000
vn -0.99919555 -0.00050000 -0.04009982
vn -0.97761312 -0.00180002 -0.21040282
vn -0.45440311 0.88500605 -0.10140069
vn -0.45448706 0.88497481 -0.10129712
vn -0.48988122 0.87156659 -0.01969924
vn -0.99919555 -0.00050000 -0.04009982
vn 0.51907717 0.84606278 0.12139466
vn 0.51900411 0.84610670 0.12140096
vn 0.51021997 0.85973364 0.02310090
vn -0.48988122 0.87156659 -0.01969924
vn 0.97295582 0.00089996 0.23098951
vn 0.97295582 0.00089996 0.23098951
vn 0.99904020 0.00030001 0.04380176
vn 0.51021997 0.85973364 0.02310090
vn 0.51839625 -0.84659387 0.12059913
vn 0.51839625 -0.84659387 0.12059913
vn 0.50991612 -0.85992718 0.02260071
vn 0.99904020 0.00030001 0.04380176
vn -0.45601677 -0.88423252 -0.10090371
vn -0.45601677 -0.88423252 -0.10090371
vn -0.49027532 -0.87135613 -0.01919903
vn 0.50999011 -0.85988333 0.02259956
vn -0.97761312 -0.00180002 -0.21040282
vn -0.97761312 -0.00180002 -0.21040282
vn -0.99919555 -0.00050000 -0.04009982
vn -0.49031804 -0.87133206 -0.01920071
vn -0.97761294 -0.00190003 -0.21040278
vn -0.88546963 -0.00349988 -0.46468406
vn -0.40791818 0.88543946 -0.22270993
vn -0.40791818 0.88543946 -0.22270993
vn -0.45448706 0.88497481 -0.10129712
vn -0.97761312 -0.00180002 -0.21040282
vn 0.46540461 0.84480836 0.26400261
vn 0.46540461 0.84480836 0.26400261
vn 0.51907717 0.84606278 0.12139466
vn -0.45440311 0.88500605 -0.10140069
vn 0.86487438 0.00179995 0.50198513
vn 0.86487438 0.00179995 0.50198513
vn 0.97295582 0.00089996 0.23098951
vn 0.51900411 0.84610670 0.12140096
vn 0.46438693 -0.84577620 0.26269261
vn 0.46439913 -0.84579841 0.26259951
vn 0.51832312 -0.84663776 0.12060538
vn 0.97295049 0.00090005 0.23101199
vn -0.41091310 -0.88392817 -0.22320711
vn -0.41091310 -0.88392817 -0.22320711
vn -0.45601677 -0.88423252 -0.10090371
vn 0.51839625 -0.84659387 0.12059913
vn -0.88544804 -0.00350019 -0.46472521
vn -0.88544804 -0.00350019 -0.46472521
vn -0.97761294 -0.00190003 -0.21040278
vn -0.45601677 -0.88423252 -0.10090371
vn -0.88546963 -0.00349988 -0.46468406
vn -0.71959073 -0.00319996 -0.69439106
vn -0.32850071 0.88520193 -0.32940072
vn -0.32851153 0.88523108 -0.32931156
vn -0.40791818 0.88543946 -0.22270993
vn -0.88544804 -0.00350019 -0.46472521
vn 0.37438182 0.84525895 0.38128148
vn 0.37441346 0.84523039 0.38131371
vn 0.46540461 0.84480836 0.26400261
vn -0.40790909 0.88541974 -0.22280497
vn 0.68877486 0.00159994 0.72497354
vn 0.68882490 0.00150005 0.72492621
vn 0.86487438 0.00179995 0.50198513
vn 0.46540461 0.84480836 0.26400261
vn 0.37241914 -0.84624350 0.38101958
vn 0.37238763 -0.84627188 0.38098734
vn 0.46439913 -0.84579841 0.26259951
vn 0.86487438 0.00179995 0.50198513
vn -0.32919501 -0.88408659 -0.33169497
vn -0.32919501 -0.88408659 -0.33169497
vn -0.41091310 -0.88392817 -0.22320711
vn 0.46439913 -0.84579841 0.26259951
vn -0.71959073 -0.00319996 -0.69439106
vn -0.71959073 -0.00319996 -0.69439106
vn -0.88546963 -0.00349988 -0.46468406
vn -0.41091310 -0.88392817 -0.22320711
vn -0.71959050 -0.00329996 -0.69439083
vn -0.48332299 -0.00090004 -0.87544165
vn -0.22149792 0.88589166 -0.40759616
vn -0.22149792 0.88589166 -0.40759616
vn -0.32848245 0.88525272 -0.32928241
vn -0.71959073 -0.00319996 -0.69439106
vn 0.25149292 0.84597619 0.47018677
vn 0.25149292 0.84597619 0.47018677
vn 0.37441346 0.84523039 0.38131371
vn -0.32850071 0.88520193 -0.32940072
vn 0.46591535 0.00050002 0.88482916
vn 0.46591537 0.00040001 0.88482920
vn 0.68877497 0.00149995 0.72497365
vn 0.37441346 0.84523039 0.38131371
vn 0.25050401 -0.84631356 0.47010753
vn 0.25050401 -0.84631356 0.47010753
vn 0.37250527 -0.84621198 0.38100539
vn 0.68877486 0.00159994 0.72497354
vn -0.22099993 -0.88559973 -0.40849988
vn -0.22109505 -0.88558015 -0.40849085
vn -0.32919501 -0.88408659 -0.33169497
vn 0.37241914 -0.84624350 0.38101958
vn -0.48328072 -0.00079997 -0.87546508
vn -0.48328072 -0.00079997 -0.87546508
vn -0.71959073 -0.00319996 -0.69439106
vn -0.32919501 -0.88408659 -0.33169497
vn -0.22149792 0.88589166 -0.40759616
vn -0.48328068 -0.00089996 -0.87546500
vn -0.26760776 -0.00010000 -0.96352793
vn -0.26760776 0.00000000 -0.96352794
vn -0.12610675 0.87674695 -0.46412485
vn -0.22149792 0.88589166 -0.40759616
vn 0.25158659 0.84595491 0.47017494
vn -0.12610675 0.87674695 -0.46412485
vn 0.13609629 0.85427668 0.50168631
vn 0.25149292 0.84597619 0.47018677
vn 0.46599364 0.00049999 0.88478793
vn 0.13609629 0.85427668 0.50168631
vn 0.25709622 0.00000000 0.96638581
vn 0.46591535 0.00050002 0.88482916
vn 0.13599814 -0.85428830 0.50169313
vn 0.13609629 -0.85427668 0.50168631
vn 0.25049224 -0.84627377 0.47018543
vn 0.46591535 0.00050002 0.88482916
vn -0.12610675 -0.87674695 -0.46412485
vn -0.12600834 -0.87675800 -0.46413070
vn -0.22109505 -0.88558015 -0.40849085
vn 0.25050401 -0.84631356 0.47010753
vn -0.26760776 0.00000000 -0.96352794
vn -0.26760776 0.00000000 -0.96352794
vn -0.48328072 -0.00079997 -0.87546508
vn -0.22099993 -0.88559973 -0.40849988
vn -0.12069868 -0.00010000 -0.99268918
vn 0.00000000 -0.00010000 -1.00000000
vn 0.00000000 0.87385996 -0.48617772
vn 0.00000000 0.87385996 -0.48617772
vn -0.05780016 0.87470246 -0.48120135
vn -0.12069869 0.00000000 -0.99268919
vn 0.00000000 0.85832124 0.51311270
vn 0.00000000 0.85827720 0.51318637
vn 0.06179880 0.85718338 0.51129009
vn -0.05780016 0.87470246 -0.48120135
vn 0.00000000 0.00000000 1.00000000
vn 0.00000000 0.00010000 1.00000000
vn 0.11860496 0.00000000 0.99294152
vn 0.06180196 0.85722721 0.51121623
vn 0.00000000 -0.85832124 0.51311270
vn 0.00000000 -0.85832124 0.51311270
vn 0.06180196 -0.85722721 0.51121623
vn 0.11860496 0.00000000 0.99294152
vn 0.00000000 -0.87383632 -0.48622021
vn 0.00000000 -0.87383632 -0.48622021
vn -0.05780016 -0.87470246 -0.48120135
vn 0.06180196 -0.85722721 0.51121623
vn 0.00000000 -0.00010000 -1.00000000
vn 0.00000000 -0.00010000 -1.00000000
vn -0.12060014 -0.00010000 -0.99270116
vn -0.05780016 -0.87470246 -0.48120135
vn -0.12609570 0.87677008 -0.46408416
vn -0.26760776 0.00000000 -0.96352794
vn -0.12069869 0.00000000 -0.99268919
vn -0.12060014 0.00000000 -0.99270117
vn -0.05770050 0.87470751 -0.48120413
vn -0.12609570 0.87677008 -0.46408416
vn 0.13599814 0.85428830 0.50169313
vn -0.05770050 0.87470751 -0.48120413
vn 0.06179880 0.85718338 0.51129009
vn 0.13609629 0.85427668 0.50168631
vn 0.25709622 0.00000000 0.96638581
vn 0.06169918 0.85718868 0.51129325
vn 0.11860496 0.00000000 0.99294152
vn 0.25709622 0.00000000 0.96638581
vn 0.06180196 -0.85722721 0.51121623
vn 0.13609629 -0.85427668 0.50168631
vn 0.25709622 0.00000000 0.96638581
vn 0.06180196 -0.85722721 0.51121623
vn -0.05780016 -0.87470246 -0.48120135
vn -0.12599729 -0.87678113 -0.46409001
vn 0.13609629 -0.85427668 0.50168631
vn -0.05780016 -0.87470246 -0.48120135
vn -0.12069868 -0.00010000 -0.99268918
vn -0.26760776 0.00000000 -0.96352794
vn -0.12609570 -0.87677008 -0.46408416
vn -0.12060014 -0.00010000 -0.99270116
vt 0.42353400 0.40890100
vt 0.42353400 0.36658200
vt 0.08845900 0.36658200
vt 0.08845900 0.36658200
vt 0.08845900 0.42221400
vt 0.42353400 0.40890100
vt 0.42353400 0.33765200
vt 0.42353400 0.29648500
vt 0.08845800 0.29648500
vt 0.08845800 0.29648500
vt 0.08845800 0.33765200
vt 0.42353400 0.33765200
vt 0.42353400 0.26755500
vt 0.42353400 0.22638800
vt 0.08845800 0.22638800
vt 0.08845800 0.22638800
vt 0.08845800 0.26755500
vt 0.42353400 0.26755500
vt 0.42353400 0.19745800
vt 0.42353400 0.15629100
vt 0.08845800 0.15629100
vt 0.08845800 0.15629100
vt 0.08845800 0.19745800
vt 0.42353400 0.19745800
vt 0.42353400 0.12736100
vt 0.42353400 0.08619400
vt 0.08845800 0.08619400
vt 0.08845800 0.08619400
vt 0.08845800 0.12736100
vt 0.42353400 0.12736100
vt 0.42353400 0.05726400
vt 0.42353400 0.01494500
vt 0.08845800 0.00163300
vt 0.08845800 0.00163300
vt 0.08845800 0.05726400
vt 0.42353400 0.05726400
vt 0.49957400 0.40629500
vt 0.49957400 0.35487400
vt 0.43907900 0.35610800
vt 0.43907900 0.35610800
vt 0.43907900 0.40890100
vt 0.49957400 0.40629500
vt 0.00496900 0.36223500
vt 0.00347900 0.36658200
vt 0.00347900 0.40290600
vt 0.00347900 0.40290600
vt 0.00468500 0.41135300
vt 0.00496900 0.36223500
vt 0.49957400 0.32813400
vt 0.49957400 0.29008400
vt 0.43907900 0.28585100
vt 0.43907900 0.28585100
vt 0.43907900 0.34812500
vt 0.49957400 0.32813400
vt 0.00496900 0.29207200
vt 0.00496900 0.34199800
vt 0.00834000 0.34288900
vt 0.00834000 0.34288900
vt 0.00834000 0.29116800
vt 0.00496900 0.29207200
vt 0.49957400 0.26334300
vt 0.49957400 0.22529300
vt 0.43907900 0.21628400
vt 0.43907900 0.21628400
vt 0.43907900 0.27818800
vt 0.49957400 0.26334300
vt 0.00496900 0.22219500
vt 0.00496900 0.27196800
vt 0.00834000 0.27287200
vt 0.00834000 0.27287200
vt 0.00834000 0.22133600
vt 0.00496900 0.22219500
vt 0.49957400 0.19855300
vt 0.49957400 0.16050200
vt 0.43907900 0.14645200
vt 0.43907900 0.14645200
vt 0.43907900 0.20756200
vt 0.49957400 0.19855300
vt 0.00496900 0.15220800
vt 0.00496900 0.20165100
vt 0.00834000 0.20251000
vt 0.00834000 0.20251000
vt 0.00834000 0.15137200
vt 0.00496900 0.15220800
vt 0.49957400 0.13376200
vt 0.49957400 0.09571200
vt 0.43907900 0.07571300
vt 0.43907900 0.07571300
vt 0.43907900 0.13720000
vt 0.49957400 0.13376200
vt 0.00496900 0.08184500
vt 0.00496900 0.13144400
vt 0.00834000 0.13228100
vt 0.00834000 0.13228100
vt 0.00834000 0.08095400
vt 0.00496900 0.08184500
vt 0.49957400 0.06897200
vt 0.49957400 0.01755100
vt 0.43907900 0.01494500
vt 0.43907900 0.01494500
vt 0.43907900 0.06774500
vt 0.49957400 0.06897200
vt 0.07291400 0.00163300
vt 0.02278600 0.00163200
vt 0.02269200 0.06391700
vt 0.02269200 0.06391700
vt 0.07291400 0.06774500
vt 0.07291400 0.00163300
vt 0.00496900 0.34199800
vt 0.00496900 0.36223500
vt 0.00834000 0.36134500
vt 0.00834000 0.36134500
vt 0.00834000 0.34288900
vt 0.00496900 0.34199800
vt 0.49957400 0.35487400
vt 0.49957400 0.32813400
vt 0.43907900 0.34812500
vt 0.43907900 0.34812500
vt 0.43907900 0.35610800
vt 0.49957400 0.35487400
vt 0.00496900 0.27196800
vt 0.00496900 0.29207200
vt 0.00834000 0.29116800
vt 0.00834000 0.29116800
vt 0.00834000 0.27287200
vt 0.00496900 0.27196800
vt 0.49957400 0.29008400
vt 0.49957400 0.26334300
vt 0.43907900 0.27818800
vt 0.43907900 0.27818800
vt 0.43907900 0.28585100
vt 0.49957400 0.29008400
vt 0.00496900 0.20165100
vt 0.00496900 0.22219500
vt 0.00834000 0.22133600
vt 0.00834000 0.22133600
vt 0.00834000 0.20251000
vt 0.00496900 0.20165100
vt 0.49957400 0.22529300
vt 0.49957400 0.19855300
vt 0.43907900 0.20756200
vt 0.43907900 0.20756200
vt 0.43907900 0.21628400
vt 0.49957400 0.22529300
vt 0.00496900 0.13144400
vt 0.00496900 0.15220800
vt 0.00834000 0.15137200
vt 0.00834000 0.15137200
vt 0.00834000 0.13228100
vt 0.00496900 0.13144400
vt 0.49957400 0.16050200
vt 0.49957400 0.13376200
vt 0.43907900 0.13720000
vt 0.43907900 0.13720000
vt 0.43907900 0.14645200
vt 0.49957400 0.16050200
vt 0.00496900 0.06161400
vt 0.00496900 0.08184500
vt 0.00834000 0.08095400
vt 0.00834000 0.08095400
vt 0.00834000 0.06250500
vt 0.00496900 0.06161400
vt 0.49957400 0.09571200
vt 0.49957400 0.06897200
vt 0.43907900 0.06774500
vt 0.43907900 0.06774500
vt 0.43907900 0.07571300
vt 0.49957400 0.09571200
vt 0.43907900 0.40890100
vt 0.43907900 0.35610800
vt 0.43120900 0.36459700
vt 0.43120900 0.36459700
vt 0.43120900 0.40890100
vt 0.43907900 0.40890100
vt 0.07291400 0.35610800
vt 0.07291400 0.42221400
vt 0.08078400 0.42221400
vt 0.08078400 0.42221400
vt 0.08078400 0.36459700
vt 0.07291400 0.35610800
vt 0.43907900 0.34812500
vt 0.43907900 0.28585100
vt 0.43120900 0.29462300
vt 0.43120900 0.29462300
vt 0.43120900 0.33963600
vt 0.43907900 0.34812500
vt 0.07291400 0.28585100
vt 0.07291400 0.34812500
vt 0.08078400 0.33963600
vt 0.08078400 0.33963600
vt 0.08078400 0.29462300
vt 0.07291400 0.28585100
vt 0.43907900 0.27818800
vt 0.43907900 0.21628400
vt 0.43120900 0.22496700
vt 0.43120900 0.22496700
vt 0.43120900 0.26941600
vt 0.43907900 0.27818800
vt 0.07291400 0.21628400
vt 0.07291400 0.27818900
vt 0.08078400 0.26941600
vt 0.08078400 0.26941600
vt 0.08078400 0.22496700
vt 0.07291400 0.21628400
vt 0.43907900 0.20756200
vt 0.43907900 0.14645200
vt 0.43120900 0.15441300
vt 0.43120900 0.15441300
vt 0.43120900 0.19887800
vt 0.43907900 0.20756200
vt 0.07291400 0.14645200
vt 0.07291400 0.20756200
vt 0.08078400 0.19887800
vt 0.08078400 0.19887800
vt 0.08078400 0.15441300
vt 0.07291400 0.14645200
vt 0.43907900 0.13720000
vt 0.43907900 0.07571300
vt 0.43120900 0.08409600
vt 0.43120900 0.08409600
vt 0.43120900 0.12924000
vt 0.43907900 0.13720000
vt 0.07291400 0.07571300
vt 0.07291400 0.13720000
vt 0.08078400 0.12924000
vt 0.08078400 0.12924000
vt 0.08078400 0.08409600
vt 0.07291400 0.07571300
vt 0.43907900 0.06774500
vt 0.43907900 0.01494500
vt 0.43120900 0.01494500
vt 0.43120900 0.01494500
vt 0.43120900 0.05936300
vt 0.43907900 0.06774500
vt 0.07291400 0.00163300
vt 0.07291400 0.06774500
vt 0.08078400 0.05936300
vt 0.08078400 0.05936300
vt 0.08078400 0.00163300
vt 0.07291400 0.00163300
vt 0.43120900 0.40890100
vt 0.43120900 0.36459700
vt 0.42353400 0.36658200
vt 0.42353400 0.36658200
vt 0.42353400 0.40890100
vt 0.43120900 0.40890100
vt 0.08078400 0.36459700
vt 0.08078400 0.42221400
vt 0.08845900 0.42221400
vt 0.08845900 0.42221400
vt 0.08845900 0.36658200
vt 0.08078400 0.36459700
vt 0.43120900 0.33963600
vt 0.43120900 0.29462300
vt 0.42353400 0.29648500
vt 0.42353400 0.29648500
vt 0.42353400 0.33765200
vt 0.43120900 0.33963600
vt 0.08078400 0.29462300
vt 0.08078400 0.33963600
vt 0.08845800 0.33765200
vt 0.08845800 0.33765200
vt 0.08845800 0.29648500
vt 0.08078400 0.29462300
vt 0.43120900 0.26941600
vt 0.43120900 0.22496700
vt 0.42353400 0.22638800
vt 0.42353400 0.22638800
vt 0.42353400 0.26755500
vt 0.43120900 0.26941600
vt 0.08078400 0.22496700
vt 0.08078400 0.26941600
vt 0.08845800 0.26755500
vt 0.08845800 0.26755500
vt 0.08845800 0.22638800
vt 0.08078400 0.22496700
vt 0.43120900 0.19887800
vt 0.43120900 0.15441300
vt 0.42353400 0.15629100
vt 0.42353400 0.15629100
vt 0.42353400 0.19745800
vt 0.43120900 0.19887800
vt 0.08078400 0.15441300
vt 0.08078400 0.19887800
vt 0.08845800 0.19745800
vt 0.08845800 0.19745800
vt 0.08845800 0.15629100
vt 0.08078400 0.15441300
vt 0.43120900 0.12924000
vt 0.43120900 0.08409600
vt 0.42353400 0.08619400
vt 0.42353400 0.08619400
vt 0.42353400 0.12736100
vt 0.43120900 0.12924000
vt 0.08078400 0.08409600
vt 0.08078400 0.12924000
vt 0.08845800 0.12736100
vt 0.08845800 0.12736100
vt 0.08845800 0.08619400
vt 0.08078400 0.08409600
vt 0.43120900 0.05936300
vt 0.43120900 0.01494500
vt 0.42353400 0.01494500
vt 0.42353400 0.01494500
vt 0.42353400 0.05726400
vt 0.43120900 0.05936300
vt 0.08078400 0.00163300
vt 0.08078400 0.05936300
vt 0.08845800 0.05726400
vt 0.08845800 0.05726400
vt 0.08845800 0.00163300
vt 0.08078400 0.00163300
vt 0.54393600 0.32881100
vt 0.54393600 0.29788900
vt 0.53492000 0.32133900
vt 0.53492000 0.32133900
vt 0.53492000 0.36069700
vt 0.54393600 0.32881100
vt 0.54393600 0.28180800
vt 0.54393600 0.25892600
vt 0.53492000 0.27174800
vt 0.53492000 0.27174800
vt 0.53492000 0.30087200
vt 0.54393600 0.28180800
vt 0.54393600 0.24284500
vt 0.54393600 0.21996300
vt 0.53492000 0.22215700
vt 0.53492000 0.22215700
vt 0.53492000 0.25128100
vt 0.54393600 0.24284500
vt 0.53492000 0.20168900
vt 0.54393600 0.20388300
vt 0.54393600 0.18100100
vt 0.54393600 0.18100100
vt 0.53492000 0.17256500
vt 0.53492000 0.20168900
vt 0.53492000 0.15209800
vt 0.54393600 0.16492000
vt 0.54393600 0.14203800
vt 0.54393600 0.14203800
vt 0.53492000 0.12297400
vt 0.53492000 0.15209800
vt 0.53492000 0.10250700
vt 0.54393600 0.12595700
vt 0.54393600 0.09503500
vt 0.54393600 0.09503500
vt 0.53492000 0.06314900
vt 0.53492000 0.10250700
vt 0.54393600 0.29788900
vt 0.54393600 0.28180800
vt 0.53492000 0.30087200
vt 0.53492000 0.30087200
vt 0.53492000 0.32133900
vt 0.54393600 0.29788900
vt 0.54393600 0.25892600
vt 0.54393600 0.24284500
vt 0.53492000 0.25128100
vt 0.53492000 0.25128100
vt 0.53492000 0.27174800
vt 0.54393600 0.25892600
vt 0.54393600 0.21996300
vt 0.54393600 0.20388300
vt 0.53492000 0.20168900
vt 0.53492000 0.20168900
vt 0.53492000 0.22215700
vt 0.54393600 0.21996300
vt 0.53492000 0.17256500
vt 0.54393600 0.18100100
vt 0.54393600 0.16492000
vt 0.54393600 0.16492000
vt 0.53492000 0.15209800
vt 0.53492000 0.17256500
vt 0.53492000 0.12297400
vt 0.54393600 0.14203800
vt 0.54393600 0.12595700
vt 0.54393600 0.12595700
vt 0.53492000 0.10250700
vt 0.53492000 0.12297400
vt 0.57098400 0.23920600
vt 0.57269000 0.23920600
vt 0.57269000 0.23198800
vt 0.57269000 0.23198800
vt 0.57098400 0.23198800
vt 0.57098400 0.23920600
vt 0.57098400 0.22823500
vt 0.57269000 0.22823500
vt 0.57269000 0.22289400
vt 0.57098400 0.22289400
vt 0.57098400 0.21914100
vt 0.57269000 0.21914100
vt 0.57269000 0.21380000
vt 0.57269000 0.21380000
vt 0.57098400 0.21380000
vt 0.57098400 0.21914100
vt 0.57098400 0.21004600
vt 0.57269000 0.21004600
vt 0.57269000 0.20470500
vt 0.57269000 0.20470500
vt 0.57098400 0.20470500
vt 0.57098400 0.21004600
vt 0.57098400 0.20095200
vt 0.57269000 0.20095200
vt 0.57269000 0.19561100
vt 0.57098400 0.19561100
vt 0.57098400 0.19185800
vt 0.57269000 0.19185800
vt 0.57269000 0.18464000
vt 0.57269000 0.18464000
vt 0.57098400 0.18464000
vt 0.57098400 0.19185800
vt 0.57269000 0.21914100
vt 0.57098400 0.22289400
vt 0.57269000 0.21004600
vt 0.57098400 0.21380000
vt 0.57269000 0.20095200
vt 0.57098400 0.20470500
vt 0.57269000 0.19185800
vt 0.57098400 0.19561100
vt 0.56647500 0.25285300
vt 0.56647500 0.24202500
vt 0.56196800 0.25234700
vt 0.56196800 0.25234700
vt 0.56196800 0.26688800
vt 0.56647500 0.25285300
vt 0.56196800 0.26688800
vt 0.56196800 0.25234700
vt 0.55295200 0.27420600
vt 0.55295200 0.27420600
vt 0.55295200 0.29660900
vt 0.56196800 0.26688800
vt 0.55295200 0.29660900
vt 0.55295200 0.27420600
vt 0.54393600 0.29788900
vt 0.54393600 0.29788900
vt 0.54393600 0.32881100
vt 0.55295200 0.29660900
vt 0.50426800 0.35368000
vt 0.50426800 0.40467200
vt 0.50782500 0.40193700
vt 0.50782500 0.40193700
vt 0.50782500 0.35166900
vt 0.50426800 0.35368000
vt 0.51364500 0.34779500
vt 0.51364500 0.39666900
vt 0.52590400 0.38234500
vt 0.52590400 0.38234500
vt 0.52590400 0.33726000
vt 0.51364500 0.34779500
vt 0.52590400 0.33726000
vt 0.52590400 0.38234500
vt 0.53492000 0.36069700
vt 0.53492000 0.36069700
vt 0.53492000 0.32133900
vt 0.52590400 0.33726000
vt 0.56647500 0.23639500
vt 0.56647500 0.22838200
vt 0.56196800 0.23402500
vt 0.56196800 0.23402500
vt 0.56196800 0.24478500
vt 0.56647500 0.23639500
vt 0.56196800 0.24478500
vt 0.56196800 0.23402500
vt 0.55295200 0.24597700
vt 0.55295200 0.24597700
vt 0.55295200 0.26255500
vt 0.56196800 0.24478500
vt 0.55295200 0.26255500
vt 0.55295200 0.24597700
vt 0.54393600 0.25892600
vt 0.54393600 0.25892600
vt 0.54393600 0.28180800
vt 0.55295200 0.26255500
vt 0.50426800 0.28943100
vt 0.50426800 0.32716400
vt 0.50782500 0.32552800
vt 0.50782500 0.32552800
vt 0.50782500 0.28833100
vt 0.50426800 0.28943100
vt 0.51364500 0.28621300
vt 0.51364500 0.32237900
vt 0.52590400 0.31381500
vt 0.52590400 0.31381500
vt 0.52590400 0.28045300
vt 0.51364500 0.28621300
vt 0.52590400 0.28045300
vt 0.52590400 0.31381500
vt 0.53492000 0.30087200
vt 0.53492000 0.30087200
vt 0.53492000 0.27174800
vt 0.52590400 0.28045300
vt 0.56647500 0.22275100
vt 0.56647500 0.21473800
vt 0.56196800 0.21570400
vt 0.56196800 0.21570400
vt 0.56196800 0.22646400
vt 0.56647500 0.22275100
vt 0.56196800 0.22646400
vt 0.56196800 0.21570400
vt 0.55295200 0.21774800
vt 0.55295200 0.21774800
vt 0.55295200 0.23432600
vt 0.56196800 0.22646400
vt 0.55295200 0.23432600
vt 0.55295200 0.21774800
vt 0.54393600 0.21996300
vt 0.54393600 0.21996300
vt 0.54393600 0.24284500
vt 0.55295200 0.23432600
vt 0.50426800 0.22518100
vt 0.50426800 0.26291400
vt 0.50782500 0.26219000
vt 0.50782500 0.26219000
vt 0.50782500 0.22499300
vt 0.50426800 0.22518100
vt 0.51364500 0.22463100
vt 0.51364500 0.26079700
vt 0.52590400 0.25700800
vt 0.52590400 0.25700800
vt 0.52590400 0.22364600
vt 0.51364500 0.22463100
vt 0.52590400 0.22364600
vt 0.52590400 0.25700800
vt 0.53492000 0.25128100
vt 0.53492000 0.25128100
vt 0.53492000 0.22215700
vt 0.52590400 0.22364600
vt 0.56196800 0.20814200
vt 0.56647500 0.20910800
vt 0.56647500 0.20109500
vt 0.56647500 0.20109500
vt 0.56196800 0.19738200
vt 0.56196800 0.20814200
vt 0.55295200 0.20609800
vt 0.56196800 0.20814200
vt 0.56196800 0.19738200
vt 0.56196800 0.19738200
vt 0.55295200 0.18951900
vt 0.55295200 0.20609800
vt 0.54393600 0.20388300
vt 0.55295200 0.20609800
vt 0.55295200 0.18951900
vt 0.55295200 0.18951900
vt 0.54393600 0.18100100
vt 0.54393600 0.20388300
vt 0.50782500 0.16165500
vt 0.50426800 0.16093200
vt 0.50426800 0.19866400
vt 0.50426800 0.19866400
vt 0.50782500 0.19885300
vt 0.50782500 0.16165500
vt 0.52590400 0.16683800
vt 0.51364500 0.16304900
vt 0.51364500 0.19921500
vt 0.51364500 0.19921500
vt 0.52590400 0.20020000
vt 0.52590400 0.16683800
vt 0.53492000 0.17256500
vt 0.52590400 0.16683800
vt 0.52590400 0.20020000
vt 0.52590400 0.20020000
vt 0.53492000 0.20168900
vt 0.53492000 0.17256500
vt 0.56196800 0.18982100
vt 0.56647500 0.19546400
vt 0.56647500 0.18745100
vt 0.56647500 0.18745100
vt 0.56196800 0.17906100
vt 0.56196800 0.18982100
vt 0.55295200 0.17786900
vt 0.56196800 0.18982100
vt 0.56196800 0.17906100
vt 0.56196800 0.17906100
vt 0.55295200 0.16129100
vt 0.55295200 0.17786900
vt 0.54393600 0.16492000
vt 0.55295200 0.17786900
vt 0.55295200 0.16129100
vt 0.55295200 0.16129100
vt 0.54393600 0.14203800
vt 0.54393600 0.16492000
vt 0.50782500 0.09831800
vt 0.50426800 0.09668200
vt 0.50426800 0.13441500
vt 0.50426800 0.13441500
vt 0.50782500 0.13551500
vt 0.50782500 0.09831800
vt 0.52590400 0.11003100
vt 0.51364500 0.10146700
vt 0.51364500 0.13763300
vt 0.51364500 0.13763300
vt 0.52590400 0.14339300
vt 0.52590400 0.11003100
vt 0.53492000 0.12297400
vt 0.52590400 0.11003100
vt 0.52590400 0.14339300
vt 0.52590400 0.14339300
vt 0.53492000 0.15209800
vt 0.53492000 0.12297400
vt 0.56196800 0.17149900
vt 0.56647500 0.18182100
vt 0.56647500 0.17099200
vt 0.56647500 0.17099200
vt 0.56196800 0.15695800
vt 0.56196800 0.17149900
vt 0.55295200 0.14964000
vt 0.56196800 0.17149900
vt 0.56196800 0.15695800
vt 0.56196800 0.15695800
vt 0.55295200 0.12723600
vt 0.55295200 0.14964000
vt 0.54393600 0.12595700
vt 0.55295200 0.14964000
vt 0.55295200 0.12723600
vt 0.55295200 0.12723600
vt 0.54393600 0.09503500
vt 0.54393600 0.12595700
vt 0.50782500 0.02190900
vt 0.50426800 0.01917400
vt 0.50426800 0.07016500
vt 0.50426800 0.07016500
vt 0.50782500 0.07217700
vt 0.50782500 0.02190900
vt 0.52590400 0.04150100
vt 0.51364500 0.02717700
vt 0.51364500 0.07605100
vt 0.51364500 0.07605100
vt 0.52590400 0.08658600
vt 0.52590400 0.04150100
vt 0.53492000 0.06314900
vt 0.52590400 0.04150100
vt 0.52590400 0.08658600
vt 0.52590400 0.08658600
vt 0.53492000 0.10250700
vt 0.53492000 0.06314900
vt 0.56647500 0.24202500
vt 0.56647500 0.23639500
vt 0.56196800 0.24478500
vt 0.56196800 0.24478500
vt 0.56196800 0.25234700
vt 0.56647500 0.24202500
vt 0.56196800 0.25234700
vt 0.56196800 0.24478500
vt 0.55295200 0.26255500
vt 0.55295200 0.26255500
vt 0.55295200 0.27420600
vt 0.56196800 0.25234700
vt 0.55295200 0.27420600
vt 0.55295200 0.26255500
vt 0.54393600 0.28180800
vt 0.54393600 0.28180800
vt 0.54393600 0.29788900
vt 0.55295200 0.27420600
vt 0.50426800 0.32716400
vt 0.50426800 0.35368000
vt 0.50782500 0.35166900
vt 0.50782500 0.35166900
vt 0.50782500 0.32552800
vt 0.50426800 0.32716400
vt 0.51364500 0.32237900
vt 0.51364500 0.34779500
vt 0.52590400 0.33726000
vt 0.52590400 0.33726000
vt 0.52590400 0.31381500
vt 0.51364500 0.32237900
vt 0.52590400 0.31381500
vt 0.52590400 0.33726000
vt 0.53492000 0.32133900
vt 0.53492000 0.32133900
vt 0.53492000 0.30087200
vt 0.52590400 0.31381500
vt 0.56647500 0.22838200
vt 0.56647500 0.22275100
vt 0.56196800 0.22646400
vt 0.56196800 0.22646400
vt 0.56196800 0.23402500
vt 0.56647500 0.22838200
vt 0.56196800 0.23402500
vt 0.56196800 0.22646400
vt 0.55295200 0.23432600
vt 0.55295200 0.23432600
vt 0.55295200 0.24597700
vt 0.56196800 0.23402500
vt 0.55295200 0.24597700
vt 0.55295200 0.23432600
vt 0.54393600 0.24284500
vt 0.54393600 0.24284500
vt 0.54393600 0.25892600
vt 0.55295200 0.24597700
vt 0.50426800 0.26291400
vt 0.50426800 0.28943100
vt 0.50782500 0.28833100
vt 0.50782500 0.28833100
vt 0.50782500 0.26219000
vt 0.50426800 0.26291400
vt 0.51364500 0.26079700
vt 0.51364500 0.28621300
vt 0.52590400 0.28045300
vt 0.52590400 0.28045300
vt 0.52590400 0.25700800
vt 0.51364500 0.26079700
vt 0.52590400 0.25700800
vt 0.52590400 0.28045300
vt 0.53492000 0.27174800
vt 0.53492000 0.27174800
vt 0.53492000 0.25128100
vt 0.52590400 0.25700800
vt 0.56647500 0.21473800
vt 0.56647500 0.20910800
vt 0.56196800 0.20814200
vt 0.56196800 0.20814200
vt 0.56196800 0.21570400
vt 0.56647500 0.21473800
vt 0.56196800 0.21570400
vt 0.56196800 0.20814200
vt 0.55295200 0.20609800
vt 0.55295200 0.20609800
vt 0.55295200 0.21774800
vt 0.56196800 0.21570400
vt 0.55295200 0.21774800
vt 0.55295200 0.20609800
vt 0.54393600 0.20388300
vt 0.54393600 0.20388300
vt 0.54393600 0.21996300
vt 0.55295200 0.21774800
vt 0.50426800 0.19866400
vt 0.50426800 0.22518100
vt 0.50782500 0.22499300
vt 0.50782500 0.22499300
vt 0.50782500 0.19885300
vt 0.50426800 0.19866400
vt 0.51364500 0.19921500
vt 0.51364500 0.22463100
vt 0.52590400 0.22364600
vt 0.52590400 0.22364600
vt 0.52590400 0.20020000
vt 0.51364500 0.19921500
vt 0.52590400 0.20020000
vt 0.52590400 0.22364600
vt 0.53492000 0.22215700
vt 0.53492000 0.22215700
vt 0.53492000 0.20168900
vt 0.52590400 0.20020000
vt 0.56196800 0.19738200
vt 0.56647500 0.20109500
vt 0.56647500 0.19546400
vt 0.56647500 0.19546400
vt 0.56196800 0.18982100
vt 0.56196800 0.19738200
vt 0.55295200 0.18951900
vt 0.56196800 0.19738200
vt 0.56196800 0.18982100
vt 0.56196800 0.18982100
vt 0.55295200 0.17786900
vt 0.55295200 0.18951900
vt 0.54393600 0.18100100
vt 0.55295200 0.18951900
vt 0.55295200 0.17786900
vt 0.55295200 0.17786900
vt 0.54393600 0.16492000
vt 0.54393600 0.18100100
vt 0.50782500 0.13551500
vt 0.50426800 0.13441500
vt 0.50426800 0.16093200
vt 0.50426800 0.16093200
vt 0.50782500 0.16165500
vt 0.50782500 0.13551500
vt 0.52590400 0.14339300
vt 0.51364500 0.13763300
vt 0.51364500 0.16304900
vt 0.51364500 0.16304900
vt 0.52590400 0.16683800
vt 0.52590400 0.14339300
vt 0.53492000 0.15209800
vt 0.52590400 0.14339300
vt 0.52590400 0.16683800
vt 0.52590400 0.16683800
vt 0.53492000 0.17256500
vt 0.53492000 0.15209800
vt 0.56196800 0.17906100
vt 0.56647500 0.18745100
vt 0.56647500 0.18182100
vt 0.56647500 0.18182100
vt 0.56196800 0.17149900
vt 0.56196800 0.17906100
vt 0.55295200 0.16129100
vt 0.56196800 0.17906100
vt 0.56196800 0.17149900
vt 0.56196800 0.17149900
vt 0.55295200 0.14964000
vt 0.55295200 0.16129100
vt 0.54393600 0.14203800
vt 0.55295200 0.16129100
vt 0.55295200 0.14964000
vt 0.55295200 0.14964000
vt 0.54393600 0.12595700
vt 0.54393600 0.14203800
vt 0.50782500 0.07217700
vt 0.50426800 0.07016500
vt 0.50426800 0.09668200
vt 0.50426800 0.09668200
vt 0.50782500 0.09831800
vt 0.50782500 0.07217700
vt 0.52590400 0.08658600
vt 0.51364500 0.07605100
vt 0.51364500 0.10146700
vt 0.51364500 0.10146700
vt 0.52590400 0.11003100
vt 0.52590400 0.08658600
vt 0.53492000 0.10250700
vt 0.52590400 0.08658600
vt 0.52590400 0.11003100
vt 0.52590400 0.11003100
vt 0.53492000 0.12297400
vt 0.53492000 0.10250700
vt 0.57098400 0.23920600
vt 0.57098400 0.23198800
vt 0.56647500 0.24202500
vt 0.56647500 0.24202500
vt 0.56647500 0.25285300
vt 0.57098400 0.23920600
vt 0.57098400 0.22823500
vt 0.57098400 0.22289400
vt 0.56647500 0.22838200
vt 0.56647500 0.22838200
vt 0.56647500 0.23639500
vt 0.57098400 0.22823500
vt 0.57098400 0.21914100
vt 0.57098400 0.21380000
vt 0.56647500 0.21473800
vt 0.56647500 0.21473800
vt 0.56647500 0.22275100
vt 0.57098400 0.21914100
vt 0.56647500 0.20910800
vt 0.57098400 0.21004600
vt 0.57098400 0.20470500
vt 0.57098400 0.20470500
vt 0.56647500 0.20109500
vt 0.56647500 0.20910800
vt 0.56647500 0.19546400
vt 0.57098400 0.20095200
vt 0.57098400 0.19561100
vt 0.57098400 0.19561100
vt 0.56647500 0.18745100
vt 0.56647500 0.19546400
vt 0.56647500 0.18182100
vt 0.57098400 0.19185800
vt 0.57098400 0.18464000
vt 0.57098400 0.18464000
vt 0.56647500 0.17099200
vt 0.56647500 0.18182100
vt 0.57098400 0.23198800
vt 0.57098400 0.22823500
vt 0.56647500 0.23639500
vt 0.56647500 0.23639500
vt 0.56647500 0.24202500
vt 0.57098400 0.23198800
vt 0.57098400 0.22289400
vt 0.57098400 0.21914100
vt 0.56647500 0.22275100
vt 0.56647500 0.22275100
vt 0.56647500 0.22838200
vt 0.57098400 0.22289400
vt 0.57098400 0.21380000
vt 0.57098400 0.21004600
vt 0.56647500 0.20910800
vt 0.56647500 0.20910800
vt 0.56647500 0.21473800
vt 0.57098400 0.21380000
vt 0.56647500 0.20109500
vt 0.57098400 0.20470500
vt 0.57098400 0.20095200
vt 0.57098400 0.20095200
vt 0.56647500 0.19546400
vt 0.56647500 0.20109500
vt 0.56647500 0.18745100
vt 0.57098400 0.19561100
vt 0.57098400 0.19185800
vt 0.57098400 0.19185800
vt 0.56647500 0.18182100
vt 0.56647500 0.18745100
vt 0.08985000 0.98968600
vt 0.07969500 0.99546000
vt 0.23313000 0.99718900
vt 0.23313000 0.99718900
vt 0.24171100 0.99061500
vt 0.08985000 0.98968600
vt 0.09057200 0.97634900
vt 0.09017000 0.98354400
vt 0.24189000 0.98388400
vt 0.24189000 0.98388400
vt 0.24209300 0.97584300
vt 0.09057200 0.97634900
vt 0.09095600 0.96539300
vt 0.09082000 0.97091200
vt 0.24225300 0.96995500
vt 0.24225300 0.96995500
vt 0.24232900 0.96423100
vt 0.09095600 0.96539300
vt 0.09073400 0.95550000
vt 0.09093200 0.96101800
vt 0.24230400 0.95979100
vt 0.24230400 0.95979100
vt 0.24216200 0.95407000
vt 0.09073400 0.95550000
vt 0.08993900 0.94287200
vt 0.09042500 0.95006400
vt 0.24193600 0.94818600
vt 0.24193600 0.94818600
vt 0.24163700 0.94015100
vt 0.08993900 0.94287200
vt 0.07931800 0.93109500
vt 0.08954600 0.93673400
vt 0.24138000 0.93342400
vt 0.24138000 0.93342400
vt 0.23271700 0.92696600
vt 0.07931800 0.93109500
vt 0.09017000 0.98354400
vt 0.08985000 0.98968600
vt 0.24171100 0.99061500
vt 0.24171100 0.99061500
vt 0.24189000 0.98388400
vt 0.09017000 0.98354400
vt 0.09082000 0.97091200
vt 0.09057200 0.97634900
vt 0.24209300 0.97584300
vt 0.24209300 0.97584300
vt 0.24225300 0.96995500
vt 0.09082000 0.97091200
vt 0.09093200 0.96101800
vt 0.09095600 0.96539300
vt 0.24232900 0.96423100
vt 0.24232900 0.96423100
vt 0.24230400 0.95979100
vt 0.09093200 0.96101800
vt 0.09042500 0.95006400
vt 0.09073400 0.95550000
vt 0.24216200 0.95407000
vt 0.24216200 0.95407000
vt 0.24193600 0.94818600
vt 0.09042500 0.95006400
vt 0.08954600 0.93673400
vt 0.08993900 0.94287200
vt 0.24163700 0.94015100
vt 0.24163700 0.94015100
vt 0.24138000 0.93342400
vt 0.08954600 0.93673400
vt 0.24171100 0.99061500
vt 0.23313000 0.99718900
vt 0.45418800 0.99732300
vt 0.45418800 0.99732300
vt 0.45404500 0.98952000
vt 0.24171100 0.99061500
vt 0.24209300 0.97584300
vt 0.24189000 0.98388400
vt 0.45410500 0.98327800
vt 0.45410500 0.98327800
vt 0.45413100 0.97447400
vt 0.24209300 0.97584300
vt 0.24232900 0.96423100
vt 0.24225300 0.96995500
vt 0.45421900 0.96902300
vt 0.45421900 0.96902300
vt 0.45424300 0.96284400
vt 0.24232900 0.96423100
vt 0.24216200 0.95407000
vt 0.24230400 0.95979100
vt 0.45421900 0.95881900
vt 0.45421900 0.95881900
vt 0.45412500 0.95264200
vt 0.24216200 0.95407000
vt 0.24163700 0.94015100
vt 0.24193600 0.94818600
vt 0.45397200 0.94719300
vt 0.45397200 0.94719300
vt 0.45385100 0.93839200
vt 0.24163700 0.94015100
vt 0.23271700 0.92696600
vt 0.24138000 0.93342400
vt 0.45372000 0.93215200
vt 0.45372000 0.93215200
vt 0.45378400 0.92434800
vt 0.23271700 0.92696600
vt 0.24189000 0.98388400
vt 0.24171100 0.99061500
vt 0.45404500 0.98952000
vt 0.45404500 0.98952000
vt 0.45410500 0.98327800
vt 0.24189000 0.98388400
vt 0.24225300 0.96995500
vt 0.24209300 0.97584300
vt 0.45413100 0.97447400
vt 0.45413100 0.97447400
vt 0.45421900 0.96902300
vt 0.24225300 0.96995500
vt 0.24230400 0.95979100
vt 0.24232900 0.96423100
vt 0.45424300 0.96284400
vt 0.45424300 0.96284400
vt 0.45421900 0.95881900
vt 0.24230400 0.95979100
vt 0.24193600 0.94818600
vt 0.24216200 0.95407000
vt 0.45412500 0.95264200
vt 0.45412500 0.95264200
vt 0.45397200 0.94719300
vt 0.24193600 0.94818600
vt 0.24138000 0.93342400
vt 0.24163700 0.94015100
vt 0.45385100 0.93839200
vt 0.45385100 0.93839200
vt 0.45372000 0.93215200
vt 0.24138000 0.93342400
vt 0.07969500 0.99546000
vt 0.08985000 0.98968600
vt 0.00456400 0.98465000
vt 0.00456400 0.98465000
vt 0.00424800 0.99188000
vt 0.07969500 0.99546000
vt 0.09017000 0.98354400
vt 0.09057200 0.97634900
vt 0.00359600 0.97574700
vt 0.00359600 0.97574700
vt 0.00415600 0.98108600
vt 0.09017000 0.98354400
vt 0.09082000 0.97091200
vt 0.09095600 0.96539300
vt 0.00268100 0.96585500
vt 0.00268100 0.96585500
vt 0.00303600 0.97178400
vt 0.09082000 0.97091200
vt 0.09093200 0.96101800
vt 0.09073400 0.95550000
vt 0.00294600 0.95560800
vt 0.00294600 0.95560800
vt 0.00265700 0.96154100
vt 0.09093200 0.96101800
vt 0.09042500 0.95006400
vt 0.08993900 0.94287200
vt 0.00395700 0.94629400
vt 0.00395700 0.94629400
vt 0.00346000 0.95163900
vt 0.09042500 0.95006400
vt 0.08954600 0.93673400
vt 0.07931800 0.93109500
vt 0.00392200 0.93549900
vt 0.00392200 0.93549900
vt 0.00432100 0.94272500
vt 0.08954600 0.93673400
vt 0.08985000 0.98968600
vt 0.09017000 0.98354400
vt 0.00415600 0.98108600
vt 0.00415600 0.98108600
vt 0.00456400 0.98465000
vt 0.08985000 0.98968600
vt 0.09057200 0.97634900
vt 0.09082000 0.97091200
vt 0.00303600 0.97178400
vt 0.00303600 0.97178400
vt 0.00359600 0.97574700
vt 0.09057200 0.97634900
vt 0.09095600 0.96539300
vt 0.09093200 0.96101800
vt 0.00265700 0.96154100
vt 0.00265700 0.96154100
vt 0.00268100 0.96585500
vt 0.09095600 0.96539300
vt 0.09073400 0.95550000
vt 0.09042500 0.95006400
vt 0.00346000 0.95163900
vt 0.00346000 0.95163900
vt 0.00294600 0.95560800
vt 0.09073400 0.95550000
vt 0.08993900 0.94287200
vt 0.08954600 0.93673400
vt 0.00432100 0.94272500
vt 0.00432100 0.94272500
vt 0.00395700 0.94629400
vt 0.08993900 0.94287200
vt 0.45404500 0.98952000
vt 0.45418800 0.99732300
vt 0.61654300 0.99709300
vt 0.61654300 0.99709300
vt 0.61631200 0.98927600
vt 0.45404500 0.98952000
vt 0.45413100 0.97447400
vt 0.45410500 0.98327800
vt 0.61633300 0.98299900
vt 0.61633300 0.98299900
vt 0.61629400 0.97412200
vt 0.45413100 0.97447400
vt 0.45424300 0.96284400
vt 0.45421900 0.96902300
vt 0.61635600 0.96856200
vt 0.61635600 0.96856200
vt 0.61636200 0.96225300
vt 0.45424300 0.96284400
vt 0.45412500 0.95264200
vt 0.45421900 0.95881900
vt 0.61633600 0.95808900
vt 0.61633600 0.95808900
vt 0.61626000 0.95178000
vt 0.45412500 0.95264200
vt 0.45385100 0.93839200
vt 0.45397200 0.94719300
vt 0.61613200 0.94622000
vt 0.61613200 0.94622000
vt 0.61607700 0.93734400
vt 0.45385100 0.93839200
vt 0.45378400 0.92434800
vt 0.45372000 0.93215200
vt 0.61598700 0.93106700
vt 0.61598700 0.93106700
vt 0.61614600 0.92324900
vt 0.45378400 0.92434800
vt 0.45410500 0.98327800
vt 0.45404500 0.98952000
vt 0.61631200 0.98927600
vt 0.61631200 0.98927600
vt 0.61633300 0.98299900
vt 0.45410500 0.98327800
vt 0.45421900 0.96902300
vt 0.45413100 0.97447400
vt 0.61629400 0.97412200
vt 0.61629400 0.97412200
vt 0.61635600 0.96856200
vt 0.45421900 0.96902300
vt 0.45421900 0.95881900
vt 0.45424300 0.96284400
vt 0.61636200 0.96225300
vt 0.61636200 0.96225300
vt 0.61633600 0.95808900
vt 0.45421900 0.95881900
vt 0.45397200 0.94719300
vt 0.45412500 0.95264200
vt 0.61626000 0.95178000
vt 0.61626000 0.95178000
vt 0.61613200 0.94622000
vt 0.45397200 0.94719300
vt 0.45372000 0.93215200
vt 0.45385100 0.93839200
vt 0.61607700 0.93734400
vt 0.61607700 0.93734400
vt 0.61598700 0.93106700
vt 0.45372000 0.93215200
vt 0.49957400 0.35487400
vt 0.49957400 0.40629500
vt 0.50426800 0.40467200
vt 0.50426800 0.40467200
vt 0.50426800 0.35368000
vt 0.49957400 0.35487400
vt 0.51364500 0.39666900
vt 0.51364500 0.34779500
vt 0.50782500 0.35166900
vt 0.50782500 0.35166900
vt 0.50782500 0.40193700
vt 0.51364500 0.39666900
vt 0.49957400 0.29008400
vt 0.49957400 0.32813400
vt 0.50426800 0.32716400
vt 0.50426800 0.32716400
vt 0.50426800 0.28943100
vt 0.49957400 0.29008400
vt 0.51364500 0.32237900
vt 0.51364500 0.28621300
vt 0.50782500 0.28833100
vt 0.50782500 0.28833100
vt 0.50782500 0.32552800
vt 0.51364500 0.32237900
vt 0.49957400 0.22529300
vt 0.49957400 0.26334300
vt 0.50426800 0.26291400
vt 0.50426800 0.26291400
vt 0.50426800 0.22518100
vt 0.49957400 0.22529300
vt 0.51364500 0.26079700
vt 0.51364500 0.22463100
vt 0.50782500 0.22499300
vt 0.50782500 0.22499300
vt 0.50782500 0.26219000
vt 0.51364500 0.26079700
vt 0.50426800 0.16093200
vt 0.49957400 0.16050200
vt 0.49957400 0.19855300
vt 0.49957400 0.19855300
vt 0.50426800 0.19866400
vt 0.50426800 0.16093200
vt 0.50782500 0.19885300
vt 0.51364500 0.19921500
vt 0.51364500 0.16304900
vt 0.51364500 0.16304900
vt 0.50782500 0.16165500
vt 0.50782500 0.19885300
vt 0.50426800 0.09668200
vt 0.49957400 0.09571200
vt 0.49957400 0.13376200
vt 0.49957400 0.13376200
vt 0.50426800 0.13441500
vt 0.50426800 0.09668200
vt 0.50782500 0.13551500
vt 0.51364500 0.13763300
vt 0.51364500 0.10146700
vt 0.51364500 0.10146700
vt 0.50782500 0.09831800
vt 0.50782500 0.13551500
vt 0.50426800 0.01917400
vt 0.49957400 0.01755100
vt 0.49957400 0.06897200
vt 0.49957400 0.06897200
vt 0.50426800 0.07016500
vt 0.50426800 0.01917400
vt 0.50782500 0.07217700
vt 0.51364500 0.07605100
vt 0.51364500 0.02717700
vt 0.51364500 0.02717700
vt 0.50782500 0.02190900
vt 0.50782500 0.07217700
vt 0.49957400 0.32813400
vt 0.49957400 0.35487400
vt 0.50426800 0.35368000
vt 0.50426800 0.35368000
vt 0.50426800 0.32716400
vt 0.49957400 0.32813400
vt 0.51364500 0.34779500
vt 0.51364500 0.32237900
vt 0.50782500 0.32552800
vt 0.50782500 0.32552800
vt 0.50782500 0.35166900
vt 0.51364500 0.34779500
vt 0.49957400 0.26334300
vt 0.49957400 0.29008400
vt 0.50426800 0.28943100
vt 0.50426800 0.28943100
vt 0.50426800 0.26291400
vt 0.49957400 0.26334300
vt 0.51364500 0.28621300
vt 0.51364500 0.26079700
vt 0.50782500 0.26219000
vt 0.50782500 0.26219000
vt 0.50782500 0.28833100
vt 0.51364500 0.28621300
vt 0.49957400 0.19855300
vt 0.49957400 0.22529300
vt 0.50426800 0.22518100
vt 0.50426800 0.22518100
vt 0.50426800 0.19866400
vt 0.49957400 0.19855300
vt 0.51364500 0.22463100
vt 0.51364500 0.19921500
vt 0.50782500 0.19885300
vt 0.50782500 0.19885300
vt 0.50782500 0.22499300
vt 0.51364500 0.22463100
vt 0.50426800 0.13441500
vt 0.49957400 0.13376200
vt 0.49957400 0.16050200
vt 0.49957400 0.16050200
vt 0.50426800 0.16093200
vt 0.50426800 0.13441500
vt 0.50782500 0.16165500
vt 0.51364500 0.16304900
vt 0.51364500 0.13763300
vt 0.51364500 0.13763300
vt 0.50782500 0.13551500
vt 0.50782500 0.16165500
vt 0.50426800 0.07016500
vt 0.49957400 0.06897200
vt 0.49957400 0.09571200
vt 0.49957400 0.09571200
vt 0.50426800 0.09668200
vt 0.50426800 0.07016500
vt 0.50782500 0.09831800
vt 0.51364500 0.10146700
vt 0.51364500 0.07605100
vt 0.51364500 0.07605100
vt 0.50782500 0.07217700
vt 0.50782500 0.09831800
vt 0.48886200 0.77933200
vt 0.15378600 0.77933200
vt 0.15378600 0.82165000
vt 0.15378600 0.82165000
vt 0.48886200 0.83496300
vt 0.48886200 0.77933200
vt 0.48886200 0.70923500
vt 0.15378600 0.70923500
vt 0.15378600 0.75040100
vt 0.15378600 0.75040100
vt 0.48886200 0.75040100
vt 0.48886200 0.70923500
vt 0.48886200 0.63913800
vt 0.15378600 0.63913800
vt 0.15378600 0.68030500
vt 0.15378600 0.68030500
vt 0.48886200 0.68030500
vt 0.48886200 0.63913800
vt 0.48886200 0.56904100
vt 0.15378600 0.56904100
vt 0.15378600 0.61020800
vt 0.15378600 0.61020800
vt 0.48886200 0.61020800
vt 0.48886200 0.56904100
vt 0.48886200 0.49894400
vt 0.15378600 0.49894400
vt 0.15378600 0.54011100
vt 0.15378600 0.54011100
vt 0.48886200 0.54011100
vt 0.48886200 0.49894400
vt 0.48886200 0.41438200
vt 0.15378600 0.42769500
vt 0.15378600 0.47001400
vt 0.15378600 0.47001400
vt 0.48886200 0.47001400
vt 0.48886200 0.41438200
vt 0.13824100 0.76885800
vt 0.07724400 0.76762400
vt 0.07730800 0.81904500
vt 0.07730800 0.81904500
vt 0.13824100 0.82165000
vt 0.13824100 0.76885800
vt 0.55462800 0.77268300
vt 0.50440700 0.76885800
vt 0.50440700 0.83496300
vt 0.50440700 0.83496300
vt 0.55453400 0.83496300
vt 0.55462800 0.77268300
vt 0.13824100 0.69860100
vt 0.07724400 0.70283300
vt 0.07724400 0.74088400
vt 0.07724400 0.74088400
vt 0.13824100 0.76087500
vt 0.13824100 0.69860100
vt 0.56307800 0.70301400
vt 0.56307800 0.75652900
vt 0.56898000 0.75563800
vt 0.56898000 0.75563800
vt 0.56898000 0.70391800
vt 0.56307800 0.70301400
vt 0.13824100 0.62903400
vt 0.07724400 0.63804300
vt 0.07724400 0.67609300
vt 0.07724400 0.67609300
vt 0.13824100 0.69093800
vt 0.13824100 0.62903400
vt 0.56307800 0.63322700
vt 0.56307800 0.68652500
vt 0.56898000 0.68562100
vt 0.56898000 0.68562100
vt 0.56898000 0.63408600
vt 0.56307800 0.63322700
vt 0.13824100 0.55920200
vt 0.07724400 0.57325200
vt 0.07724400 0.61130300
vt 0.07724400 0.61130300
vt 0.13824100 0.62031100
vt 0.13824100 0.55920200
vt 0.56307800 0.56328500
vt 0.56307800 0.61611800
vt 0.56898000 0.61526000
vt 0.56898000 0.61526000
vt 0.56898000 0.56412100
vt 0.56307800 0.56328500
vt 0.13824100 0.48846300
vt 0.07724400 0.50846200
vt 0.07724400 0.54651200
vt 0.07724400 0.54651200
vt 0.13824100 0.54995000
vt 0.13824100 0.48846300
vt 0.56307800 0.49281300
vt 0.56307800 0.54586700
vt 0.56898000 0.54503000
vt 0.56898000 0.54503000
vt 0.56898000 0.49370400
vt 0.56307800 0.49281300
vt 0.13824100 0.42769500
vt 0.07730800 0.43030100
vt 0.07724400 0.48172100
vt 0.07724400 0.48172100
vt 0.13824100 0.48049500
vt 0.13824100 0.42769500
vt 0.50440700 0.41438200
vt 0.50440700 0.48049500
vt 0.55462800 0.47666700
vt 0.55462800 0.47666700
vt 0.55453400 0.41438200
vt 0.50440700 0.41438200
vt 0.56307800 0.75652900
vt 0.56307800 0.77320400
vt 0.56898000 0.77409500
vt 0.56898000 0.77409500
vt 0.56898000 0.75563800
vt 0.56307800 0.75652900
vt 0.13824100 0.76087500
vt 0.07724400 0.74088400
vt 0.07724400 0.76762400
vt 0.07724400 0.76762400
vt 0.13824100 0.76885800
vt 0.13824100 0.76087500
vt 0.56307800 0.68652500
vt 0.56307800 0.70301400
vt 0.56898000 0.70391800
vt 0.56898000 0.70391800
vt 0.56898000 0.68562100
vt 0.56307800 0.68652500
vt 0.13824100 0.69093800
vt 0.07724400 0.67609300
vt 0.07724400 0.70283300
vt 0.07724400 0.70283300
vt 0.13824100 0.69860100
vt 0.13824100 0.69093800
vt 0.56307800 0.61611800
vt 0.56307800 0.63322700
vt 0.56898000 0.63408600
vt 0.56898000 0.63408600
vt 0.56898000 0.61526000
vt 0.56307800 0.61611800
vt 0.13824100 0.62031100
vt 0.07724400 0.61130300
vt 0.07724400 0.63804300
vt 0.07724400 0.63804300
vt 0.13824100 0.62903400
vt 0.13824100 0.62031100
vt 0.56307800 0.54586700
vt 0.56307800 0.56328500
vt 0.56898000 0.56412100
vt 0.56898000 0.56412100
vt 0.56898000 0.54503000
vt 0.56307800 0.54586700
vt 0.13824100 0.54995000
vt 0.07724400 0.54651200
vt 0.07724400 0.57325200
vt 0.07724400 0.57325200
vt 0.13824100 0.55920200
vt 0.13824100 0.54995000
vt 0.56307800 0.47614500
vt 0.56307800 0.49281300
vt 0.56898000 0.49370400
vt 0.56898000 0.49370400
vt 0.56898000 0.47525400
vt 0.56307800 0.47614500
vt 0.13824100 0.48049500
vt 0.07724400 0.48172100
vt 0.07724400 0.50846200
vt 0.07724400 0.50846200
vt 0.13824100 0.48846300
vt 0.13824100 0.48049500
vt 0.14611100 0.77734700
vt 0.13824100 0.76885800
vt 0.13824100 0.82165000
vt 0.13824100 0.82165000
vt 0.14611100 0.82165000
vt 0.14611100 0.77734700
vt 0.49653600 0.83496300
vt 0.50440700 0.83496300
vt 0.50440700 0.76885800
vt 0.50440700 0.76885800
vt 0.49653600 0.77734700
vt 0.49653600 0.83496300
vt 0.14611100 0.70737300
vt 0.13824100 0.69860100
vt 0.13824100 0.76087500
vt 0.13824100 0.76087500
vt 0.14611100 0.75238600
vt 0.14611100 0.70737300
vt 0.49653600 0.75238600
vt 0.50440700 0.76087500
vt 0.50440700 0.69860100
vt 0.50440700 0.69860100
vt 0.49653600 0.70737300
vt 0.49653600 0.75238600
vt 0.14611100 0.63771700
vt 0.13824100 0.62903400
vt 0.13824100 0.69093800
vt 0.13824100 0.69093800
vt 0.14611100 0.68216600
vt 0.14611100 0.63771700
vt 0.49653600 0.68216600
vt 0.50440700 0.69093800
vt 0.50440700 0.62903400
vt 0.50440700 0.62903400
vt 0.49653600 0.63771700
vt 0.49653600 0.68216600
vt 0.14611100 0.56716200
vt 0.13824100 0.55920200
vt 0.13824100 0.62031100
vt 0.13824100 0.62031100
vt 0.14611100 0.61162800
vt 0.14611100 0.56716200
vt 0.49653600 0.61162800
vt 0.50440700 0.62031100
vt 0.50440700 0.55920200
vt 0.50440700 0.55920200
vt 0.49653600 0.56716200
vt 0.49653600 0.61162800
vt 0.14611100 0.49684500
vt 0.13824100 0.48846300
vt 0.13824100 0.54995000
vt 0.13824100 0.54995000
vt 0.14611100 0.54198900
vt 0.14611100 0.49684500
vt 0.49653600 0.54198900
vt 0.50440700 0.54995000
vt 0.50440700 0.48846300
vt 0.50440700 0.48846300
vt 0.49653600 0.49684500
vt 0.49653600 0.54198900
vt 0.14611100 0.42769500
vt 0.13824100 0.42769500
vt 0.13824100 0.48049500
vt 0.13824100 0.48049500
vt 0.14611100 0.47211200
vt 0.14611100 0.42769500
vt 0.49653600 0.47211200
vt 0.50440700 0.48049500
vt 0.50440700 0.41438200
vt 0.50440700 0.41438200
vt 0.49653600 0.41438200
vt 0.49653600 0.47211200
vt 0.15378600 0.77933200
vt 0.14611100 0.77734700
vt 0.14611100 0.82165000
vt 0.14611100 0.82165000
vt 0.15378600 0.82165000
vt 0.15378600 0.77933200
vt 0.48886200 0.83496300
vt 0.49653600 0.83496300
vt 0.49653600 0.77734700
vt 0.49653600 0.77734700
vt 0.48886200 0.77933200
vt 0.48886200 0.83496300
vt 0.15378600 0.70923500
vt 0.14611100 0.70737300
vt 0.14611100 0.75238600
vt 0.14611100 0.75238600
vt 0.15378600 0.75040100
vt 0.15378600 0.70923500
vt 0.48886200 0.75040100
vt 0.49653600 0.75238600
vt 0.49653600 0.70737300
vt 0.49653600 0.70737300
vt 0.48886200 0.70923500
vt 0.48886200 0.75040100
vt 0.15378600 0.63913800
vt 0.14611100 0.63771700
vt 0.14611100 0.68216600
vt 0.14611100 0.68216600
vt 0.15378600 0.68030500
vt 0.15378600 0.63913800
vt 0.48886200 0.68030500
vt 0.49653600 0.68216600
vt 0.49653600 0.63771700
vt 0.49653600 0.63771700
vt 0.48886200 0.63913800
vt 0.48886200 0.68030500
vt 0.15378600 0.56904100
vt 0.14611100 0.56716200
vt 0.14611100 0.61162800
vt 0.14611100 0.61162800
vt 0.15378600 0.61020800
vt 0.15378600 0.56904100
vt 0.48886200 0.61020800
vt 0.49653600 0.61162800
vt 0.49653600 0.56716200
vt 0.49653600 0.56716200
vt 0.48886200 0.56904100
vt 0.48886200 0.61020800
vt 0.15378600 0.49894400
vt 0.14611100 0.49684500
vt 0.14611100 0.54198900
vt 0.14611100 0.54198900
vt 0.15378600 0.54011100
vt 0.15378600 0.49894400
vt 0.48886200 0.54011100
vt 0.49653600 0.54198900
vt 0.49653600 0.49684500
vt 0.49653600 0.49684500
vt 0.48886200 0.49894400
vt 0.48886200 0.54011100
vt 0.15378600 0.42769500
vt 0.14611100 0.42769500
vt 0.14611100 0.47211200
vt 0.14611100 0.47211200
vt 0.15378600 0.47001400
vt 0.15378600 0.42769500
vt 0.48886200 0.47001400
vt 0.49653600 0.47211200
vt 0.49653600 0.41438200
vt 0.49653600 0.41438200
vt 0.48886200 0.41438200
vt 0.48886200 0.47001400
vt 0.03965400 0.73409000
vt 0.03063800 0.71063900
vt 0.03063800 0.74156100
vt 0.03063800 0.74156100
vt 0.03965400 0.77344700
vt 0.03965400 0.73409000
vt 0.03965400 0.68449800
vt 0.03063800 0.67167600
vt 0.03063800 0.69455800
vt 0.03063800 0.69455800
vt 0.03965400 0.71362200
vt 0.03965400 0.68449800
vt 0.03965300 0.63490700
vt 0.03063700 0.63271400
vt 0.03063700 0.65559600
vt 0.03063700 0.65559600
vt 0.03965400 0.66403100
vt 0.03965300 0.63490700
vt 0.03063700 0.59375100
vt 0.03063700 0.61663300
vt 0.03965300 0.61444000
vt 0.03965300 0.61444000
vt 0.03965300 0.58531500
vt 0.03063700 0.59375100
vt 0.03063600 0.55478800
vt 0.03063700 0.57767000
vt 0.03965300 0.56484800
vt 0.03965300 0.56484800
vt 0.03965200 0.53572400
vt 0.03063600 0.55478800
vt 0.03063600 0.50778500
vt 0.03063600 0.53870800
vt 0.03965200 0.51525700
vt 0.03965200 0.51525700
vt 0.03965200 0.47589900
vt 0.03063600 0.50778500
vt 0.03965400 0.71362200
vt 0.03063800 0.69455800
vt 0.03063800 0.71063900
vt 0.03063800 0.71063900
vt 0.03965400 0.73409000
vt 0.03965400 0.71362200
vt 0.03965400 0.66403100
vt 0.03063700 0.65559600
vt 0.03063800 0.67167600
vt 0.03063800 0.67167600
vt 0.03965400 0.68449800
vt 0.03965400 0.66403100
vt 0.03965300 0.61444000
vt 0.03063700 0.61663300
vt 0.03063700 0.63271400
vt 0.03063700 0.63271400
vt 0.03965300 0.63490700
vt 0.03965300 0.61444000
vt 0.03063700 0.57767000
vt 0.03063700 0.59375100
vt 0.03965300 0.58531500
vt 0.03965300 0.58531500
vt 0.03965300 0.56484800
vt 0.03063700 0.57767000
vt 0.03063600 0.53870800
vt 0.03063600 0.55478800
vt 0.03965200 0.53572400
vt 0.03965200 0.53572400
vt 0.03965200 0.51525700
vt 0.03063600 0.53870800
vt 0.00216700 0.64470300
vt 0.00221200 0.65195600
vt 0.00371200 0.65195600
vt 0.00371200 0.65195600
vt 0.00375800 0.64473900
vt 0.00216700 0.64470300
vt 0.00200200 0.63560800
vt 0.00208500 0.64095200
vt 0.00375800 0.64098500
vt 0.00375800 0.64098500
vt 0.00375800 0.63564400
vt 0.00200200 0.63560800
vt 0.00189300 0.62653700
vt 0.00193400 0.63186800
vt 0.00375800 0.63189100
vt 0.00375800 0.63189100
vt 0.00375800 0.62655000
vt 0.00189300 0.62653700
vt 0.00189400 0.61746900
vt 0.00187900 0.62279700
vt 0.00375700 0.62279700
vt 0.00375700 0.62279700
vt 0.00375700 0.61745600
vt 0.00189400 0.61746900
vt 0.00200500 0.60839800
vt 0.00193500 0.61372600
vt 0.00375700 0.61370300
vt 0.00375700 0.61370300
vt 0.00375700 0.60836200
vt 0.00200500 0.60839800
vt 0.00213200 0.59746300
vt 0.00208600 0.60464100
vt 0.00375700 0.60460900
vt 0.00375700 0.60460900
vt 0.00371100 0.59739100
vt 0.00213200 0.59746300
vt 0.00208500 0.64095200
vt 0.00216700 0.64470300
vt 0.00375800 0.64473900
vt 0.00375800 0.64473900
vt 0.00375800 0.64098500
vt 0.00208500 0.64095200
vt 0.00193400 0.63186800
vt 0.00200200 0.63560800
vt 0.00375800 0.63564400
vt 0.00375800 0.63564400
vt 0.00375800 0.63189100
vt 0.00193400 0.63186800
vt 0.00187900 0.62279700
vt 0.00189300 0.62653700
vt 0.00375800 0.62655000
vt 0.00375800 0.62655000
vt 0.00193500 0.61372600
vt 0.00189400 0.61746900
vt 0.00375700 0.61745600
vt 0.00375700 0.61745600
vt 0.00375700 0.61370300
vt 0.00193500 0.61372600
vt 0.00208600 0.60464100
vt 0.00200500 0.60839800
vt 0.00375700 0.60836200
vt 0.00375700 0.60836200
vt 0.00375700 0.60460900
vt 0.00208600 0.60464100
vt 0.01260600 0.66509700
vt 0.00809800 0.65477600
vt 0.00809800 0.66560400
vt 0.00809800 0.66560400
vt 0.01260600 0.67963800
vt 0.01260600 0.66509700
vt 0.02162200 0.68695600
vt 0.01260600 0.66509700
vt 0.01260600 0.67963800
vt 0.01260600 0.67963800
vt 0.02162200 0.70936000
vt 0.02162200 0.68695600
vt 0.03063800 0.71063900
vt 0.02162200 0.68695600
vt 0.02162200 0.70936000
vt 0.02162200 0.70936000
vt 0.03063800 0.74156100
vt 0.03063800 0.71063900
vt 0.06697200 0.81468600
vt 0.07153900 0.81742100
vt 0.07132600 0.76643000
vt 0.07132600 0.76643000
vt 0.06683300 0.76441900
vt 0.06697200 0.81468600
vt 0.04850500 0.79509500
vt 0.06066200 0.80941900
vt 0.06067600 0.76054500
vt 0.06067600 0.76054500
vt 0.04857700 0.75001000
vt 0.04850500 0.79509500
vt 0.03965400 0.77344700
vt 0.04850500 0.79509500
vt 0.04857700 0.75001000
vt 0.04857700 0.75001000
vt 0.03965400 0.73409000
vt 0.03965400 0.77344700
vt 0.01260500 0.64677600
vt 0.00809800 0.64113200
vt 0.00809800 0.64914500
vt 0.00809800 0.64914500
vt 0.01260600 0.65753600
vt 0.01260500 0.64677600
vt 0.02162200 0.65872700
vt 0.01260500 0.64677600
vt 0.01260600 0.65753600
vt 0.01260600 0.65753600
vt 0.02162200 0.67530600
vt 0.02162200 0.65872700
vt 0.03063800 0.67167600
vt 0.02162200 0.65872700
vt 0.02162200 0.67530600
vt 0.02162200 0.67530600
vt 0.03063800 0.69455800
vt 0.03063800 0.67167600
vt 0.06683300 0.73827800
vt 0.07132600 0.73991300
vt 0.07132600 0.70218100
vt 0.07132600 0.70218100
vt 0.06683300 0.70108100
vt 0.06683300 0.73827800
vt 0.04857600 0.72656500
vt 0.06067500 0.73512900
vt 0.06067500 0.69896300
vt 0.06067500 0.69896300
vt 0.04857600 0.69320300
vt 0.04857600 0.72656500
vt 0.03965400 0.71362200
vt 0.04857600 0.72656500
vt 0.04857600 0.69320300
vt 0.04857600 0.69320300
vt 0.03965400 0.68449800
vt 0.03965400 0.71362200
vt 0.01260500 0.62845400
vt 0.00809700 0.62748900
vt 0.00809800 0.63550200
vt 0.00809800 0.63550200
vt 0.01260500 0.63921400
vt 0.01260500 0.62845400
vt 0.02162100 0.63049900
vt 0.01260500 0.62845400
vt 0.01260500 0.63921400
vt 0.01260500 0.63921400
vt 0.02162200 0.64707700
vt 0.02162100 0.63049900
vt 0.03063700 0.63271400
vt 0.02162100 0.63049900
vt 0.02162200 0.64707700
vt 0.02162200 0.64707700
vt 0.03063700 0.65559600
vt 0.03063700 0.63271400
vt 0.06683200 0.67494000
vt 0.07132600 0.67566400
vt 0.07132600 0.63793100
vt 0.07132600 0.63793100
vt 0.06683200 0.63774300
vt 0.06683200 0.67494000
vt 0.04857600 0.66975800
vt 0.06067400 0.67354700
vt 0.06067400 0.63738100
vt 0.06067400 0.63738100
vt 0.04857500 0.63639600
vt 0.04857600 0.66975800
vt 0.03965400 0.66403100
vt 0.04857600 0.66975800
vt 0.04857500 0.63639600
vt 0.04857500 0.63639600
vt 0.03965300 0.63490700
vt 0.03965400 0.66403100
vt 0.00809700 0.61384500
vt 0.00809700 0.62185800
vt 0.01260500 0.62089300
vt 0.01260500 0.62089300
vt 0.01260500 0.61013300
vt 0.00809700 0.61384500
vt 0.01260500 0.61013300
vt 0.01260500 0.62089300
vt 0.02162100 0.61884800
vt 0.02162100 0.61884800
vt 0.02162100 0.60227000
vt 0.01260500 0.61013300
vt 0.02162100 0.60227000
vt 0.02162100 0.61884800
vt 0.03063700 0.61663300
vt 0.03063700 0.61663300
vt 0.03063700 0.59375100
vt 0.02162100 0.60227000
vt 0.07132600 0.61141400
vt 0.07132600 0.57368200
vt 0.06683200 0.57440500
vt 0.06683200 0.57440500
vt 0.06683200 0.61160300
vt 0.07132600 0.61141400
vt 0.06067300 0.61196500
vt 0.06067200 0.57579900
vt 0.04857400 0.57958800
vt 0.04857400 0.57958800
vt 0.04857500 0.61295000
vt 0.06067300 0.61196500
vt 0.04857500 0.61295000
vt 0.04857400 0.57958800
vt 0.03965300 0.58531500
vt 0.03965300 0.58531500
vt 0.03965300 0.61444000
vt 0.04857500 0.61295000
vt 0.00809700 0.60020200
vt 0.00809700 0.60821500
vt 0.01260500 0.60257100
vt 0.01260500 0.60257100
vt 0.01260500 0.59181100
vt 0.00809700 0.60020200
vt 0.01260500 0.59181100
vt 0.01260500 0.60257100
vt 0.02162100 0.59061900
vt 0.02162100 0.59061900
vt 0.02162100 0.57404100
vt 0.01260500 0.59181100
vt 0.02162100 0.57404100
vt 0.02162100 0.59061900
vt 0.03063700 0.57767000
vt 0.03063700 0.57767000
vt 0.03063600 0.55478800
vt 0.02162100 0.57404100
vt 0.07132600 0.54716500
vt 0.07132600 0.50943200
vt 0.06683100 0.51106700
vt 0.06683100 0.51106700
vt 0.06683100 0.54826500
vt 0.07132600 0.54716500
vt 0.06067200 0.55038300
vt 0.06067100 0.51421700
vt 0.04857400 0.52278100
vt 0.04857400 0.52278100
vt 0.04857400 0.55614300
vt 0.06067200 0.55038300
vt 0.04857400 0.55614300
vt 0.04857400 0.52278100
vt 0.03965200 0.53572400
vt 0.03965200 0.53572400
vt 0.03965300 0.56484800
vt 0.04857400 0.55614300
vt 0.00809700 0.58374300
vt 0.00809700 0.59457100
vt 0.01260500 0.58425000
vt 0.01260500 0.58425000
vt 0.01260500 0.56970900
vt 0.00809700 0.58374300
vt 0.01260500 0.56970900
vt 0.01260500 0.58425000
vt 0.02162100 0.56239000
vt 0.02162100 0.56239000
vt 0.02162100 0.53998700
vt 0.01260500 0.56970900
vt 0.02162100 0.53998700
vt 0.02162100 0.56239000
vt 0.03063600 0.53870800
vt 0.03063600 0.53870800
vt 0.03063600 0.50778500
vt 0.02162100 0.53998700
vt 0.07132600 0.48291500
vt 0.07153900 0.43192400
vt 0.06696800 0.43465900
vt 0.06696800 0.43465900
vt 0.06683100 0.48492700
vt 0.07132600 0.48291500
vt 0.06067100 0.48880100
vt 0.06065500 0.43992700
vt 0.04850100 0.45425100
vt 0.04850100 0.45425100
vt 0.04857300 0.49933600
vt 0.06067100 0.48880100
vt 0.04857300 0.49933600
vt 0.04850100 0.45425100
vt 0.03965200 0.47589900
vt 0.03965200 0.47589900
vt 0.03965200 0.51525700
vt 0.04857300 0.49933600
vt 0.01260600 0.65753600
vt 0.00809800 0.64914500
vt 0.00809800 0.65477600
vt 0.00809800 0.65477600
vt 0.01260600 0.66509700
vt 0.01260600 0.65753600
vt 0.02162200 0.67530600
vt 0.01260600 0.65753600
vt 0.01260600 0.66509700
vt 0.01260600 0.66509700
vt 0.02162200 0.68695600
vt 0.02162200 0.67530600
vt 0.03063800 0.69455800
vt 0.02162200 0.67530600
vt 0.02162200 0.68695600
vt 0.02162200 0.68695600
vt 0.03063800 0.71063900
vt 0.03063800 0.69455800
vt 0.06683300 0.76441900
vt 0.07132600 0.76643000
vt 0.07132600 0.73991300
vt 0.07132600 0.73991300
vt 0.06683300 0.73827800
vt 0.06683300 0.76441900
vt 0.04857700 0.75001000
vt 0.06067600 0.76054500
vt 0.06067500 0.73512900
vt 0.06067500 0.73512900
vt 0.04857600 0.72656500
vt 0.04857700 0.75001000
vt 0.03965400 0.73409000
vt 0.04857700 0.75001000
vt 0.04857600 0.72656500
vt 0.04857600 0.72656500
vt 0.03965400 0.71362200
vt 0.03965400 0.73409000
vt 0.01260500 0.63921400
vt 0.00809800 0.63550200
vt 0.00809800 0.64113200
vt 0.00809800 0.64113200
vt 0.01260500 0.64677600
vt 0.01260500 0.63921400
vt 0.02162200 0.64707700
vt 0.01260500 0.63921400
vt 0.01260500 0.64677600
vt 0.01260500 0.64677600
vt 0.02162200 0.65872700
vt 0.02162200 0.64707700
vt 0.03063700 0.65559600
vt 0.02162200 0.64707700
vt 0.02162200 0.65872700
vt 0.02162200 0.65872700
vt 0.03063800 0.67167600
vt 0.03063700 0.65559600
vt 0.06683300 0.70108100
vt 0.07132600 0.70218100
vt 0.07132600 0.67566400
vt 0.07132600 0.67566400
vt 0.06683200 0.67494000
vt 0.06683300 0.70108100
vt 0.04857600 0.69320300
vt 0.06067500 0.69896300
vt 0.06067400 0.67354700
vt 0.06067400 0.67354700
vt 0.04857600 0.66975800
vt 0.04857600 0.69320300
vt 0.03965400 0.68449800
vt 0.04857600 0.69320300
vt 0.04857600 0.66975800
vt 0.04857600 0.66975800
vt 0.03965400 0.66403100
vt 0.03965400 0.68449800
vt 0.01260500 0.62089300
vt 0.00809700 0.62185800
vt 0.00809700 0.62748900
vt 0.00809700 0.62748900
vt 0.01260500 0.62845400
vt 0.01260500 0.62089300
vt 0.02162100 0.61884800
vt 0.01260500 0.62089300
vt 0.01260500 0.62845400
vt 0.01260500 0.62845400
vt 0.02162100 0.63049900
vt 0.02162100 0.61884800
vt 0.03063700 0.61663300
vt 0.02162100 0.61884800
vt 0.02162100 0.63049900
vt 0.02162100 0.63049900
vt 0.03063700 0.63271400
vt 0.03063700 0.61663300
vt 0.06683200 0.63774300
vt 0.07132600 0.63793100
vt 0.07132600 0.61141400
vt 0.07132600 0.61141400
vt 0.06683200 0.61160300
vt 0.06683200 0.63774300
vt 0.04857500 0.63639600
vt 0.06067400 0.63738100
vt 0.06067300 0.61196500
vt 0.06067300 0.61196500
vt 0.04857500 0.61295000
vt 0.04857500 0.63639600
vt 0.03965300 0.63490700
vt 0.04857500 0.63639600
vt 0.04857500 0.61295000
vt 0.04857500 0.61295000
vt 0.03965300 0.61444000
vt 0.03965300 0.63490700
vt 0.00809700 0.60821500
vt 0.00809700 0.61384500
vt 0.01260500 0.61013300
vt 0.01260500 0.61013300
vt 0.01260500 0.60257100
vt 0.00809700 0.60821500
vt 0.01260500 0.60257100
vt 0.01260500 0.61013300
vt 0.02162100 0.60227000
vt 0.02162100 0.60227000
vt 0.02162100 0.59061900
vt 0.01260500 0.60257100
vt 0.02162100 0.59061900
vt 0.02162100 0.60227000
vt 0.03063700 0.59375100
vt 0.03063700 0.59375100
vt 0.03063700 0.57767000
vt 0.02162100 0.59061900
vt 0.07132600 0.57368200
vt 0.07132600 0.54716500
vt 0.06683100 0.54826500
vt 0.06683100 0.54826500
vt 0.06683200 0.57440500
vt 0.07132600 0.57368200
vt 0.06067200 0.57579900
vt 0.06067200 0.55038300
vt 0.04857400 0.55614300
vt 0.04857400 0.55614300
vt 0.04857400 0.57958800
vt 0.06067200 0.57579900
vt 0.04857400 0.57958800
vt 0.04857400 0.55614300
vt 0.03965300 0.56484800
vt 0.03965300 0.56484800
vt 0.03965300 0.58531500
vt 0.04857400 0.57958800
vt 0.00809700 0.59457100
vt 0.00809700 0.60020200
vt 0.01260500 0.59181100
vt 0.01260500 0.59181100
vt 0.01260500 0.58425000
vt 0.00809700 0.59457100
vt 0.01260500 0.58425000
vt 0.01260500 0.59181100
vt 0.02162100 0.57404100
vt 0.02162100 0.57404100
vt 0.02162100 0.56239000
vt 0.01260500 0.58425000
vt 0.02162100 0.56239000
vt 0.02162100 0.57404100
vt 0.03063600 0.55478800
vt 0.03063600 0.55478800
vt 0.03063600 0.53870800
vt 0.02162100 0.56239000
vt 0.07132600 0.50943200
vt 0.07132600 0.48291500
vt 0.06683100 0.48492700
vt 0.06683100 0.48492700
vt 0.06683100 0.51106700
vt 0.07132600 0.50943200
vt 0.06067100 0.51421700
vt 0.06067100 0.48880100
vt 0.04857300 0.49933600
vt 0.04857300 0.49933600
vt 0.04857400 0.52278100
vt 0.06067100 0.51421700
vt 0.04857400 0.52278100
vt 0.04857300 0.49933600
vt 0.03965200 0.51525700
vt 0.03965200 0.51525700
vt 0.03965200 0.53572400
vt 0.04857400 0.52278100
vt 0.00809800 0.65477600
vt 0.00375800 0.64473900
vt 0.00371200 0.65195600
vt 0.00371200 0.65195600
vt 0.00809800 0.66560400
vt 0.00809800 0.65477600
vt 0.00809800 0.64113200
vt 0.00375800 0.63564400
vt 0.00375800 0.64098500
vt 0.00375800 0.64098500
vt 0.00809800 0.64914500
vt 0.00809800 0.64113200
vt 0.00809700 0.62748900
vt 0.00375800 0.62655000
vt 0.00375800 0.63189100
vt 0.00375800 0.63189100
vt 0.00809800 0.63550200
vt 0.00809700 0.62748900
vt 0.00375700 0.61745600
vt 0.00375700 0.62279700
vt 0.00809700 0.62185800
vt 0.00809700 0.62185800
vt 0.00809700 0.61384500
vt 0.00375700 0.61745600
vt 0.00375700 0.60836200
vt 0.00375700 0.61370300
vt 0.00809700 0.60821500
vt 0.00809700 0.60821500
vt 0.00809700 0.60020200
vt 0.00375700 0.60836200
vt 0.00371100 0.59739100
vt 0.00375700 0.60460900
vt 0.00809700 0.59457100
vt 0.00809700 0.59457100
vt 0.00809700 0.58374300
vt 0.00371100 0.59739100
vt 0.00809800 0.64914500
vt 0.00375800 0.64098500
vt 0.00375800 0.64473900
vt 0.00375800 0.64473900
vt 0.00809800 0.65477600
vt 0.00809800 0.64914500
vt 0.00809800 0.63550200
vt 0.00375800 0.63189100
vt 0.00375800 0.63564400
vt 0.00375800 0.63564400
vt 0.00809800 0.64113200
vt 0.00809800 0.63550200
vt 0.00809700 0.62185800
vt 0.00375700 0.62279700
vt 0.00375800 0.62655000
vt 0.00375800 0.62655000
vt 0.00809700 0.62748900
vt 0.00809700 0.62185800
vt 0.00375700 0.61370300
vt 0.00375700 0.61745600
vt 0.00809700 0.61384500
vt 0.00809700 0.61384500
vt 0.00809700 0.60821500
vt 0.00375700 0.61370300
vt 0.00375700 0.60460900
vt 0.00375700 0.60836200
vt 0.00809700 0.60020200
vt 0.00809700 0.60020200
vt 0.00809700 0.59457100
vt 0.00375700 0.60460900
vt 0.23429000 0.85479500
vt 0.08121000 0.85666800
vt 0.09136300 0.86247900
vt 0.09136300 0.86247900
vt 0.24284200 0.86142400
vt 0.23429000 0.85479500
vt 0.24309500 0.86806100
vt 0.09187600 0.86838800
vt 0.09245100 0.87520300
vt 0.09245100 0.87520300
vt 0.24334800 0.87573900
vt 0.24309500 0.86806100
vt 0.24354400 0.88066100
vt 0.09282000 0.87973900
vt 0.09303600 0.88399000
vt 0.09303600 0.88399000
vt 0.24365300 0.88490700
vt 0.24354400 0.88066100
vt 0.24366500 0.88774800
vt 0.09302100 0.88705500
vt 0.09280200 0.89130400
vt 0.09280200 0.89130400
vt 0.24357500 0.89199200
vt 0.24366500 0.88774800
vt 0.24340700 0.89691100
vt 0.09243800 0.89588500
vt 0.09191000 0.90273900
vt 0.09191000 0.90273900
vt 0.24317000 0.90458600
vt 0.24340700 0.89691100
vt 0.24295000 0.91123400
vt 0.09147300 0.90867300
vt 0.08120100 0.91418200
vt 0.08120100 0.91418200
vt 0.23439100 0.91780700
vt 0.24295000 0.91123400
vt 0.24284200 0.86142400
vt 0.09136300 0.86247900
vt 0.09187600 0.86838800
vt 0.09187600 0.86838800
vt 0.24309500 0.86806100
vt 0.24284200 0.86142400
vt 0.24334800 0.87573900
vt 0.09245100 0.87520300
vt 0.09282000 0.87973900
vt 0.09282000 0.87973900
vt 0.24354400 0.88066100
vt 0.24334800 0.87573900
vt 0.24365300 0.88490700
vt 0.09303600 0.88399000
vt 0.09302100 0.88705500
vt 0.09302100 0.88705500
vt 0.24366500 0.88774800
vt 0.24365300 0.88490700
vt 0.24357500 0.89199200
vt 0.09280200 0.89130400
vt 0.09243800 0.89588500
vt 0.09243800 0.89588500
vt 0.24340700 0.89691100
vt 0.24357500 0.89199200
vt 0.24317000 0.90458600
vt 0.09191000 0.90273900
vt 0.09147300 0.90867300
vt 0.09147300 0.90867300
vt 0.24295000 0.91123400
vt 0.24317000 0.90458600
vt 0.45496400 0.85449300
vt 0.23429000 0.85479500
vt 0.24284200 0.86142400
vt 0.24284200 0.86142400
vt 0.45484900 0.86202700
vt 0.45496400 0.85449300
vt 0.45493700 0.86798600
vt 0.24309500 0.86806100
vt 0.24334800 0.87573900
vt 0.24334800 0.87573900
vt 0.45499500 0.87651100
vt 0.45493700 0.86798600
vt 0.45510400 0.88096000
vt 0.24354400 0.88066100
vt 0.24365300 0.88490700
vt 0.24365300 0.88490700
vt 0.45515700 0.88561100
vt 0.45510400 0.88096000
vt 0.45517100 0.88807400
vt 0.24366500 0.88774800
vt 0.24357500 0.89199200
vt 0.24357500 0.89199200
vt 0.45513900 0.89272500
vt 0.45517100 0.88807400
vt 0.45505400 0.89717100
vt 0.24340700 0.89691100
vt 0.24317000 0.90458600
vt 0.24317000 0.90458600
vt 0.45500500 0.90569400
vt 0.45505400 0.89717100
vt 0.45492300 0.91165400
vt 0.24295000 0.91123400
vt 0.23439100 0.91780700
vt 0.23439100 0.91780700
vt 0.45501900 0.91918200
vt 0.45492300 0.91165400
vt 0.45484900 0.86202700
vt 0.24284200 0.86142400
vt 0.24309500 0.86806100
vt 0.24309500 0.86806100
vt 0.45493700 0.86798600
vt 0.45484900 0.86202700
vt 0.45499500 0.87651100
vt 0.24334800 0.87573900
vt 0.24354400 0.88066100
vt 0.24354400 0.88066100
vt 0.45510400 0.88096000
vt 0.45499500 0.87651100
vt 0.45515700 0.88561100
vt 0.24365300 0.88490700
vt 0.24366500 0.88774800
vt 0.24366500 0.88774800
vt 0.45517100 0.88807400
vt 0.45515700 0.88561100
vt 0.45513900 0.89272500
vt 0.24357500 0.89199200
vt 0.24340700 0.89691100
vt 0.24340700 0.89691100
vt 0.45505400 0.89717100
vt 0.45513900 0.89272500
vt 0.45500500 0.90569400
vt 0.24317000 0.90458600
vt 0.24295000 0.91123400
vt 0.24295000 0.91123400
vt 0.45492300 0.91165400
vt 0.45500500 0.90569400
vt 0.00598300 0.86664300
vt 0.09136300 0.86247900
vt 0.08121000 0.85666800
vt 0.08121000 0.85666800
vt 0.00541900 0.85943400
vt 0.00598300 0.86664300
vt 0.00539800 0.87552400
vt 0.09245100 0.87520300
vt 0.09187600 0.86838800
vt 0.09187600 0.86838800
vt 0.00573500 0.87018600
vt 0.00539800 0.87552400
vt 0.00485200 0.88524900
vt 0.09303600 0.88399000
vt 0.09282000 0.87973900
vt 0.09282000 0.87973900
vt 0.00502000 0.87943800
vt 0.00485200 0.88524900
vt 0.00518300 0.89524000
vt 0.09280200 0.89130400
vt 0.09302100 0.88705500
vt 0.09302100 0.88705500
vt 0.00488800 0.88942500
vt 0.00518300 0.89524000
vt 0.00596800 0.90439200
vt 0.09191000 0.90273900
vt 0.09243800 0.89588500
vt 0.09243800 0.89588500
vt 0.00558900 0.89912600
vt 0.00596800 0.90439200
vt 0.00584200 0.91511600
vt 0.08120100 0.91418200
vt 0.09147300 0.90867300
vt 0.09147300 0.90867300
vt 0.00617900 0.90791600
vt 0.00584200 0.91511600
vt 0.00573500 0.87018600
vt 0.09187600 0.86838800
vt 0.09136300 0.86247900
vt 0.09136300 0.86247900
vt 0.00598300 0.86664300
vt 0.00573500 0.87018600
vt 0.00502000 0.87943800
vt 0.09282000 0.87973900
vt 0.09245100 0.87520300
vt 0.09245100 0.87520300
vt 0.00539800 0.87552400
vt 0.00502000 0.87943800
vt 0.00488800 0.88942500
vt 0.09302100 0.88705500
vt 0.09303600 0.88399000
vt 0.09303600 0.88399000
vt 0.00485200 0.88524900
vt 0.00488800 0.88942500
vt 0.00558900 0.89912600
vt 0.09243800 0.89588500
vt 0.09280200 0.89130400
vt 0.09280200 0.89130400
vt 0.00518300 0.89524000
vt 0.00558900 0.89912600
vt 0.00617900 0.90791600
vt 0.09147300 0.90867300
vt 0.09191000 0.90273900
vt 0.09191000 0.90273900
vt 0.00596800 0.90439200
vt 0.00617900 0.90791600
vt 0.61708800 0.85427600
vt 0.45496400 0.85449300
vt 0.45484900 0.86202700
vt 0.45484900 0.86202700
vt 0.61688100 0.86182700
vt 0.61708800 0.85427600
vt 0.61692300 0.86781000
vt 0.45493700 0.86798600
vt 0.45499500 0.87651100
vt 0.45499500 0.87651100
vt 0.61691100 0.87641000
vt 0.61692300 0.86781000
vt 0.61698900 0.88096600
vt 0.45510400 0.88096000
vt 0.45515700 0.88561100
vt 0.45515700 0.88561100
vt 0.61702200 0.88572000
vt 0.61698900 0.88096600
vt 0.61703500 0.88829200
vt 0.45517100 0.88807400
vt 0.45513900 0.89272500
vt 0.45513900 0.89272500
vt 0.61702400 0.89304700
vt 0.61703500 0.88829200
vt 0.61696700 0.89760300
vt 0.45505400 0.89717100
vt 0.45500500 0.90569400
vt 0.45500500 0.90569400
vt 0.61698700 0.90620300
vt 0.61696700 0.89760300
vt 0.61694900 0.91218700
vt 0.45492300 0.91165400
vt 0.45501900 0.91918200
vt 0.45501900 0.91918200
vt 0.61714600 0.91973900
vt 0.61694900 0.91218700
vt 0.61688100 0.86182700
vt 0.45484900 0.86202700
vt 0.45493700 0.86798600
vt 0.45493700 0.86798600
vt 0.61692300 0.86781000
vt 0.61688100 0.86182700
vt 0.61691100 0.87641000
vt 0.45499500 0.87651100
vt 0.45510400 0.88096000
vt 0.45510400 0.88096000
vt 0.61698900 0.88096600
vt 0.61691100 0.87641000
vt 0.61702200 0.88572000
vt 0.45515700 0.88561100
vt 0.45517100 0.88807400
vt 0.45517100 0.88807400
vt 0.61703500 0.88829200
vt 0.61702200 0.88572000
vt 0.61702400 0.89304700
vt 0.45513900 0.89272500
vt 0.45505400 0.89717100
vt 0.45505400 0.89717100
vt 0.61696700 0.89760300
vt 0.61702400 0.89304700
vt 0.61698700 0.90620300
vt 0.45500500 0.90569400
vt 0.45492300 0.91165400
vt 0.45492300 0.91165400
vt 0.61694900 0.91218700
vt 0.61698700 0.90620300
vt 0.07153900 0.81742100
vt 0.07730800 0.81904500
vt 0.07724400 0.76762400
vt 0.07724400 0.76762400
vt 0.07132600 0.76643000
vt 0.07153900 0.81742100
vt 0.06683300 0.76441900
vt 0.06067600 0.76054500
vt 0.06066200 0.80941900
vt 0.06066200 0.80941900
vt 0.06697200 0.81468600
vt 0.06683300 0.76441900
vt 0.07132600 0.73991300
vt 0.07724400 0.74088400
vt 0.07724400 0.70283300
vt 0.07724400 0.70283300
vt 0.07132600 0.70218100
vt 0.07132600 0.73991300
vt 0.06683300 0.70108100
vt 0.06067500 0.69896300
vt 0.06067500 0.73512900
vt 0.06067500 0.73512900
vt 0.06683300 0.73827800
vt 0.06683300 0.70108100
vt 0.07132600 0.67566400
vt 0.07724400 0.67609300
vt 0.07724400 0.63804300
vt 0.07724400 0.63804300
vt 0.07132600 0.63793100
vt 0.07132600 0.67566400
vt 0.06683200 0.63774300
vt 0.06067400 0.63738100
vt 0.06067400 0.67354700
vt 0.06067400 0.67354700
vt 0.06683200 0.67494000
vt 0.06683200 0.63774300
vt 0.07724400 0.61130300
vt 0.07724400 0.57325200
vt 0.07132600 0.57368200
vt 0.07132600 0.57368200
vt 0.07132600 0.61141400
vt 0.07724400 0.61130300
vt 0.06067200 0.57579900
vt 0.06067300 0.61196500
vt 0.06683200 0.61160300
vt 0.06683200 0.61160300
vt 0.06683200 0.57440500
vt 0.06067200 0.57579900
vt 0.07724400 0.54651200
vt 0.07724400 0.50846200
vt 0.07132600 0.50943200
vt 0.07132600 0.50943200
vt 0.07132600 0.54716500
vt 0.07724400 0.54651200
vt 0.06067100 0.51421700
vt 0.06067200 0.55038300
vt 0.06683100 0.54826500
vt 0.06683100 0.54826500
vt 0.06683100 0.51106700
vt 0.06067100 0.51421700
vt 0.07724400 0.48172100
vt 0.07730800 0.43030100
vt 0.07153900 0.43192400
vt 0.07153900 0.43192400
vt 0.07132600 0.48291500
vt 0.07724400 0.48172100
vt 0.06065500 0.43992700
vt 0.06067100 0.48880100
vt 0.06683100 0.48492700
vt 0.06683100 0.48492700
vt 0.06696800 0.43465900
vt 0.06065500 0.43992700
vt 0.07132600 0.76643000
vt 0.07724400 0.76762400
vt 0.07724400 0.74088400
vt 0.07724400 0.74088400
vt 0.07132600 0.73991300
vt 0.07132600 0.76643000
vt 0.06683300 0.73827800
vt 0.06067500 0.73512900
vt 0.06067600 0.76054500
vt 0.06067600 0.76054500
vt 0.06683300 0.76441900
vt 0.06683300 0.73827800
vt 0.07132600 0.70218100
vt 0.07724400 0.70283300
vt 0.07724400 0.67609300
vt 0.07724400 0.67609300
vt 0.07132600 0.67566400
vt 0.07132600 0.70218100
vt 0.06683200 0.67494000
vt 0.06067400 0.67354700
vt 0.06067500 0.69896300
vt 0.06067500 0.69896300
vt 0.06683300 0.70108100
vt 0.06683200 0.67494000
vt 0.07132600 0.63793100
vt 0.07724400 0.63804300
vt 0.07724400 0.61130300
vt 0.07724400 0.61130300
vt 0.07132600 0.61141400
vt 0.07132600 0.63793100
vt 0.06683200 0.61160300
vt 0.06067300 0.61196500
vt 0.06067400 0.63738100
vt 0.06067400 0.63738100
vt 0.06683200 0.63774300
vt 0.06683200 0.61160300
vt 0.07724400 0.57325200
vt 0.07724400 0.54651200
vt 0.07132600 0.54716500
vt 0.07132600 0.54716500
vt 0.07132600 0.57368200
vt 0.07724400 0.57325200
vt 0.06067200 0.55038300
vt 0.06067200 0.57579900
vt 0.06683200 0.57440500
vt 0.06683200 0.57440500
vt 0.06683100 0.54826500
vt 0.06067200 0.55038300
vt 0.07724400 0.50846200
vt 0.07724400 0.48172100
vt 0.07132600 0.48291500
vt 0.07132600 0.48291500
vt 0.07132600 0.50943200
vt 0.07724400 0.50846200
vt 0.06067100 0.48880100
vt 0.06067100 0.51421700
vt 0.06683100 0.51106700
vt 0.06683100 0.51106700
vt 0.06683100 0.48492700
vt 0.06067100 0.48880100
vt 0.82728500 0.96913100
vt 0.99247400 0.96913100
vt 0.99247400 0.96174600
vt 0.82728500 0.96174600
vt 0.67202900 0.88859700
vt 0.83721700 0.88859700
vt 0.83721700 0.88121100
vt 0.83721700 0.88121100
vt 0.67202900 0.88121100
vt 0.67202900 0.88859700
vt 0.64268500 0.95006800
vt 0.80787300 0.95006800
vt 0.80768900 0.94268200
vt 0.80768900 0.94268200
vt 0.64268500 0.94268200
vt 0.64268500 0.95006800
vt 0.64222400 0.96913100
vt 0.80741300 0.96913100
vt 0.80741300 0.96174600
vt 0.80741300 0.96174600
vt 0.64222400 0.96174600
vt 0.64222400 0.96913100
vt 0.64251700 0.99643300
vt 0.80770600 0.99643300
vt 0.80770600 0.98904700
vt 0.80770600 0.98904700
vt 0.64251700 0.98904700
vt 0.64251700 0.99643300
vt 0.82779100 0.94398700
vt 0.98952500 0.95808500
vt 0.98934200 0.95073400
vt 0.98934200 0.95073400
vt 0.82760800 0.93663600
vt 0.82779100 0.94398700
vt 0.64222500 0.97872900
vt 0.80741400 0.97872900
vt 0.80741400 0.97134300
vt 0.80741400 0.97134300
vt 0.64222500 0.97134300
vt 0.64222500 0.97872900
vt 0.82813400 0.99643300
vt 0.99332300 0.99643300
vt 0.99332300 0.98904700
vt 0.99332300 0.98904700
vt 0.82813400 0.98904700
vt 0.82813400 0.99643300
vt 0.64191400 0.98739100
vt 0.80710200 0.98739100
vt 0.80710200 0.98000600
vt 0.80710200 0.98000600
vt 0.64191400 0.98000600
vt 0.64191400 0.98739100
vt 0.82739100 0.97872900
vt 0.99257900 0.97872900
vt 0.99257900 0.97134300
vt 0.82739100 0.97134300
vt 0.67447700 0.91407600
vt 0.83966500 0.91407600
vt 0.83966500 0.90669000
vt 0.67447700 0.90669000
vt 0.82686300 0.98739100
vt 0.82686300 0.98739100
vt 0.99205100 0.98739100
vt 0.99205100 0.98000600
vt 0.99205100 0.98000600
vt 0.82686300 0.98000600
vt 0.63454200 0.88859700
vt 0.66436500 0.88859700
vt 0.66436500 0.88121100
vt 0.66436500 0.88121100
vt 0.63432600 0.88125900
vt 0.63454200 0.88859700
vt 0.64244600 0.90146400
vt 0.66035300 0.90146400
vt 0.66035300 0.89407800
vt 0.64244600 0.89407800
vt 0.84488000 0.88859700
vt 0.86959300 0.88859700
vt 0.86959300 0.88121100
vt 0.86959300 0.88121100
vt 0.84488000 0.88121100
vt 0.84488000 0.88859700
vt 0.67461500 0.90146400
vt 0.69491000 0.90146400
vt 0.69491000 0.89407800
vt 0.67461500 0.89407800
vt 0.70917200 0.90146400
vt 0.72946700 0.90146400
vt 0.72946700 0.90146400
vt 0.72946700 0.89407800
vt 0.70917200 0.89407800
vt 0.74372900 0.90146400
vt 0.74372900 0.90146400
vt 0.76402400 0.90146400
vt 0.76402400 0.89407800
vt 0.74372900 0.89407800
vt 0.74372900 0.89407800
vt 0.77828600 0.90146400
vt 0.79858100 0.90146400
vt 0.79858100 0.89407800
vt 0.77828600 0.89407800
vt 0.84732900 0.91407600
vt 0.87715200 0.91407600
vt 0.87736800 0.90673800
vt 0.87736800 0.90673800
vt 0.84732900 0.90669000
vt 0.84732900 0.91407600
vt 0.81284300 0.90146400
vt 0.83075100 0.90146400
vt 0.83075100 0.89407800
vt 0.81284300 0.89407800
vt 0.64210100 0.91407600
vt 0.66681400 0.91407600
vt 0.66681400 0.90669000
vt 0.64210100 0.90669000
vt 0.81538100 0.96913100
vt 0.81931700 0.96913100
vt 0.81931700 0.96174600
vt 0.81538100 0.96174600
vt 0.63032000 0.96913100
vt 0.63425600 0.96913100
vt 0.63425600 0.96174600
vt 0.63032000 0.96174600
vt 0.69491000 0.90146400
vt 0.70917200 0.90146400
vt 0.70917200 0.89407800
vt 0.69491000 0.89407800
vt 0.63079900 0.95006800
vt 0.63457700 0.95006800
vt 0.63457700 0.94268200
vt 0.63079900 0.94268200
vt 0.81596100 0.94843300
vt 0.81972100 0.94702000
vt 0.81953700 0.93966800
vt 0.81577700 0.94108200
vt 0.63015300 0.99643200
vt 0.63445300 0.99643200
vt 0.63445300 0.98904700
vt 0.63015300 0.98904700
vt 0.81577000 0.99643300
vt 0.82007000 0.99643300
vt 0.82007000 0.98904700
vt 0.81577000 0.98904700
vt 0.76402400 0.90146400
vt 0.77828600 0.90146400
vt 0.77828600 0.89407800
vt 0.76402400 0.89407800
vt 0.62995600 0.97872900
vt 0.63451700 0.97872900
vt 0.63451700 0.97134300
vt 0.62995600 0.97134300
vt 0.81512200 0.97872900
vt 0.81968300 0.97872900
vt 0.81968300 0.97134300
vt 0.81512200 0.97134300
vt 0.63007000 0.98739100
vt 0.63399800 0.98739100
vt 0.63399800 0.98000600
vt 0.63399800 0.98000600
vt 0.63007000 0.98000600
vt 0.63007000 0.98739100
vt 0.81501800 0.98739100
vt 0.81894700 0.98739100
vt 0.81894700 0.98000600
vt 0.81894700 0.98000600
vt 0.81501800 0.98000600
vt 0.81501800 0.98739100
vt 0.62613500 0.96913100
vt 0.63032000 0.96913100
vt 0.63032000 0.96174600
vt 0.63032000 0.96174600
vt 0.62613500 0.96174600
vt 0.62613500 0.96913100
vt 0.66436500 0.88859700
vt 0.66824500 0.88859700
vt 0.66824500 0.88121100
vt 0.66824500 0.88121100
vt 0.66436500 0.88121100
vt 0.66436500 0.88859700
vt 0.84100000 0.88859700
vt 0.84488000 0.88859700
vt 0.84488000 0.88121100
vt 0.84100000 0.88121100
vt 0.81931700 0.96913100
vt 0.82350200 0.96913100
vt 0.82350200 0.96174600
vt 0.82350200 0.96174600
vt 0.81931700 0.96174600
vt 0.81931700 0.96913100
vt 0.81165700 0.95005900
vt 0.81596100 0.94843300
vt 0.81577700 0.94108200
vt 0.81577700 0.94108200
vt 0.81147300 0.94269100
vt 0.81165700 0.95005900
vt 0.63425600 0.96913100
vt 0.63844100 0.96913100
vt 0.63844100 0.96174600
vt 0.63425600 0.96174600
vt 0.81119600 0.96913100
vt 0.81538100 0.96913100
vt 0.81538100 0.96174600
vt 0.81538100 0.96174600
vt 0.81119600 0.96174600
vt 0.81119600 0.96913100
vt 0.63457700 0.95006800
vt 0.63890100 0.95006800
vt 0.63890100 0.94268200
vt 0.63457700 0.94268200
vt 0.81148900 0.99643300
vt 0.81577000 0.99643300
vt 0.81577000 0.98904700
vt 0.81148900 0.98904700
vt 0.81972100 0.94702000
vt 0.82402500 0.94540200
vt 0.82384200 0.93805100
vt 0.82384200 0.93805100
vt 0.81953700 0.93966800
vt 0.81972100 0.94702000
vt 0.62647400 0.95006800
vt 0.63079900 0.95006800
vt 0.63079900 0.94268200
vt 0.62647400 0.94268200
vt 0.63445300 0.99643200
vt 0.63873400 0.99643300
vt 0.63873400 0.98904700
vt 0.63873400 0.98904700
vt 0.63445300 0.98904700
vt 0.63445300 0.99643200
vt 0.81119700 0.97872900
vt 0.81512200 0.97872900
vt 0.81512200 0.97134300
vt 0.81119700 0.97134300
vt 0.82007000 0.99643300
vt 0.82435100 0.99643300
vt 0.82435100 0.98904700
vt 0.82007000 0.98904700
vt 0.62587200 0.99643200
vt 0.63015300 0.99643200
vt 0.63015300 0.98904700
vt 0.63015300 0.98904700
vt 0.62587200 0.98904700
vt 0.62587200 0.99643200
vt 0.63451700 0.97872900
vt 0.63844200 0.97872900
vt 0.63844200 0.97134300
vt 0.63451700 0.97134300
vt 0.81088600 0.98739100
vt 0.81501800 0.98739100
vt 0.81501800 0.98000600
vt 0.81088600 0.98000600
vt 0.81968300 0.97872900
vt 0.82360700 0.97872900
vt 0.82360700 0.97134300
vt 0.81968300 0.97134300
vt 0.62603200 0.97872900
vt 0.62995600 0.97872900
vt 0.62995600 0.97134300
vt 0.62603200 0.97134300
vt 0.63399800 0.98739100
vt 0.63813100 0.98739100
vt 0.63813100 0.98000600
vt 0.63813100 0.98000600
vt 0.63399800 0.98000600
vt 0.63399800 0.98739100
vt 0.84344900 0.91407600
vt 0.84732900 0.91407600
vt 0.84732900 0.90669000
vt 0.84344900 0.90669000
vt 0.81894700 0.98739100
vt 0.82307900 0.98739100
vt 0.82307900 0.98000600
vt 0.82307900 0.98000600
vt 0.81894700 0.98000600
vt 0.81894700 0.98739100
vt 0.62593700 0.98739100
vt 0.63007000 0.98739100
vt 0.63007000 0.98000600
vt 0.63007000 0.98000600
vt 0.62593700 0.98000600
vt 0.62593700 0.98739100
vt 0.66681400 0.91407600
vt 0.67069400 0.91407600
vt 0.67069400 0.90669000
vt 0.67069400 0.90669000
vt 0.66681400 0.90669000
vt 0.66681400 0.91407600
vt 0.99247400 0.96913100
vt 0.99625700 0.96913100
vt 0.99625700 0.96174600
vt 0.99625700 0.96174600
vt 0.99247400 0.96174600
vt 0.99247400 0.96913100
vt 0.66824500 0.88859700
vt 0.67202900 0.88859700
vt 0.67202900 0.88121100
vt 0.67202900 0.88121100
vt 0.66824500 0.88121100
vt 0.66824500 0.88859700
vt 0.83721700 0.88859700
vt 0.84100000 0.88859700
vt 0.84100000 0.88121100
vt 0.84100000 0.88121100
vt 0.83721700 0.88121100
vt 0.83721700 0.88859700
vt 0.82350200 0.96913100
vt 0.82728500 0.96913100
vt 0.82728500 0.96174600
vt 0.82728500 0.96174600
vt 0.82350200 0.96174600
vt 0.82350200 0.96913100
vt 0.80787300 0.95006800
vt 0.81165700 0.95005900
vt 0.81147300 0.94269100
vt 0.81147300 0.94269100
vt 0.80768900 0.94268200
vt 0.80787300 0.95006800
vt 0.63844100 0.96913100
vt 0.64222400 0.96913100
vt 0.64222400 0.96174600
vt 0.63844100 0.96174600
vt 0.80741300 0.96913100
vt 0.81119600 0.96913100
vt 0.81119600 0.96174600
vt 0.80741300 0.96174600
vt 0.63890100 0.95006800
vt 0.64268500 0.95006800
vt 0.64268500 0.94268200
vt 0.64268500 0.94268200
vt 0.63890100 0.94268200
vt 0.63890100 0.95006800
vt 0.80770600 0.99643300
vt 0.81148900 0.99643300
vt 0.81148900 0.98904700
vt 0.81148900 0.98904700
vt 0.80770600 0.98904700
vt 0.80770600 0.99643300
vt 0.82402500 0.94540200
vt 0.82779100 0.94398700
vt 0.82760800 0.93663600
vt 0.82760800 0.93663600
vt 0.82384200 0.93805100
vt 0.82402500 0.94540200
vt 0.98952500 0.95808500
vt 0.99329100 0.95667000
vt 0.99310800 0.94931900
vt 0.99310800 0.94931900
vt 0.98934200 0.95073400
vt 0.98952500 0.95808500
vt 0.63873400 0.99643300
vt 0.64251700 0.99643300
vt 0.64251700 0.98904700
vt 0.64251700 0.98904700
vt 0.63873400 0.98904700
vt 0.63873400 0.99643300
vt 0.80741400 0.97872900
vt 0.81119700 0.97872900
vt 0.81119700 0.97134300
vt 0.81119700 0.97134300
vt 0.80741400 0.97134300
vt 0.80741400 0.97872900
vt 0.82435100 0.99643300
vt 0.82813400 0.99643300
vt 0.82813400 0.98904700
vt 0.82813400 0.98904700
vt 0.82435100 0.98904700
vt 0.82435100 0.99643300
vt 0.99332300 0.99643300
vt 0.99710600 0.99643300
vt 0.99710600 0.98904700
vt 0.99710600 0.98904700
vt 0.99332300 0.98904700
vt 0.99332300 0.99643300
vt 0.63844200 0.97872900
vt 0.64222500 0.97872900
vt 0.64222500 0.97134300
vt 0.64222500 0.97134300
vt 0.63844200 0.97134300
vt 0.63844200 0.97872900
vt 0.80710200 0.98739100
vt 0.81088600 0.98739100
vt 0.81088600 0.98000600
vt 0.81088600 0.98000600
vt 0.80710200 0.98000600
vt 0.80710200 0.98739100
vt 0.82360700 0.97872900
vt 0.82739100 0.97872900
vt 0.82739100 0.97134300
vt 0.82360700 0.97134300
vt 0.99257900 0.97872900
vt 0.99636300 0.97872900
vt 0.99636300 0.97134300
vt 0.99257900 0.97134300
vt 0.63813100 0.98739100
vt 0.64191400 0.98739100
vt 0.64191400 0.98000600
vt 0.64191400 0.98000600
vt 0.63813100 0.98000600
vt 0.63813100 0.98739100
vt 0.83966500 0.91407600
vt 0.84344900 0.91407600
vt 0.84344900 0.90669000
vt 0.83966500 0.90669000
vt 0.82307900 0.98739100
vt 0.82686300 0.98739100
vt 0.82686300 0.98000600
vt 0.82307900 0.98000600
vt 0.99205100 0.98739100
vt 0.99583500 0.98739100
vt 0.99583500 0.98000600
vt 0.99205100 0.98000600
vt 0.67069400 0.91407600
vt 0.67447700 0.91407600
vt 0.67447700 0.90669000
vt 0.67447700 0.90669000
vt 0.67069400 0.90669000
vt 0.67069400 0.91407600
vt 0.67729400 0.81007500
vt 0.66041000 0.81303200
vt 0.66049600 0.82041000
vt 0.66049600 0.82041000
vt 0.67738000 0.81745400
vt 0.67729400 0.81007500
vt 0.96776000 0.90080700
vt 0.95101900 0.89181900
vt 0.95075800 0.89913400
vt 0.95075800 0.89913400
vt 0.96749900 0.90812300
vt 0.96776000 0.90080700
vt 0.72623300 0.80187500
vt 0.72517400 0.80168900
vt 0.72522900 0.80906900
vt 0.72522900 0.80906900
vt 0.72615600 0.80925500
vt 0.72623300 0.80187500
vt 0.90354300 0.86632800
vt 0.90248400 0.86613400
vt 0.90233400 0.87349600
vt 0.90233400 0.87349600
vt 0.90331200 0.87365600
vt 0.90354300 0.86632800
vt 0.71778300 0.80298500
vt 0.71021500 0.80431000
vt 0.71030100 0.81168800
vt 0.71030100 0.81168800
vt 0.71786900 0.81036300
vt 0.71778300 0.80298500
vt 0.71021500 0.80431000
vt 0.69432200 0.80709300
vt 0.69440800 0.81447100
vt 0.69440800 0.81447100
vt 0.71030100 0.81168800
vt 0.71021500 0.80431000
vt 0.69432200 0.80709300
vt 0.67729400 0.81007500
vt 0.67738000 0.81745400
vt 0.67738000 0.81745400
vt 0.69440800 0.81447100
vt 0.69432200 0.80709300
vt 0.63047400 0.89633800
vt 0.63222800 0.89099300
vt 0.63148200 0.88419800
vt 0.63148200 0.88419800
vt 0.62921900 0.89078400
vt 0.63047400 0.89633800
vt 0.64821500 0.81516700
vt 0.63946000 0.81832000
vt 0.63960200 0.82566500
vt 0.63960200 0.82566500
vt 0.64834100 0.82252700
vt 0.64821500 0.81516700
vt 0.66041000 0.81303200
vt 0.64821500 0.81516700
vt 0.64834100 0.82252700
vt 0.64834100 0.82252700
vt 0.66049600 0.82041000
vt 0.66041000 0.81303200
vt 0.91837500 0.87429200
vt 0.91087100 0.87026400
vt 0.91061000 0.87758000
vt 0.91061000 0.87758000
vt 0.91811400 0.88160900
vt 0.91837500 0.87429200
vt 0.93413400 0.88275300
vt 0.91837500 0.87429200
vt 0.91811400 0.88160900
vt 0.91811400 0.88160900
vt 0.93387300 0.89006900
vt 0.93413400 0.88275300
vt 0.95101900 0.89181900
vt 0.93413400 0.88275300
vt 0.93387300 0.89006900
vt 0.93387300 0.89006900
vt 0.95075800 0.89913400
vt 0.95101900 0.89181900
vt 0.87946700 0.91647200
vt 0.88122000 0.92181700
vt 0.88247500 0.91626300
vt 0.88247500 0.91626300
vt 0.88021200 0.90967600
vt 0.87946700 0.91647200
vt 0.98849500 0.91357100
vt 0.97985200 0.90729800
vt 0.97955200 0.91458200
vt 0.97955200 0.91458200
vt 0.98817900 0.92083400
vt 0.98849500 0.91357100
vt 0.97985200 0.90729800
vt 0.96776000 0.90080700
vt 0.96749900 0.90812300
vt 0.96749900 0.90812300
vt 0.97955200 0.91458200
vt 0.97985200 0.90729800
vt 0.72517400 0.80168900
vt 0.71778300 0.80298500
vt 0.71786900 0.81036300
vt 0.71786900 0.81036300
vt 0.72522900 0.80906900
vt 0.72517400 0.80168900
vt 0.91087100 0.87026400
vt 0.90354300 0.86632800
vt 0.90331200 0.87365600
vt 0.90331200 0.87365600
vt 0.91061000 0.87758000
vt 0.91087100 0.87026400
vt 0.83022300 0.81756700
vt 0.76052000 0.80601800
vt 0.76052900 0.81231200
vt 0.76052900 0.81231200
vt 0.83012200 0.82493700
vt 0.83022300 0.81756700
vt 0.86821200 0.85785800
vt 0.79849700 0.84644500
vt 0.79843400 0.85382500
vt 0.79843400 0.85382500
vt 0.86817400 0.86384000
vt 0.86821200 0.85785800
vt 0.93066400 0.84919500
vt 0.83022300 0.81756700
vt 0.83012200 0.82493700
vt 0.83012200 0.82493700
vt 0.93052100 0.85609100
vt 0.93066400 0.84919500
vt 0.79849700 0.84644500
vt 0.69786300 0.84428800
vt 0.69785900 0.85123500
vt 0.69785900 0.85123500
vt 0.79843400 0.85382500
vt 0.79849700 0.84644500
vt 0.76052000 0.80601800
vt 0.72623300 0.80187500
vt 0.72615600 0.80925500
vt 0.72615600 0.80925500
vt 0.76052900 0.81231200
vt 0.76052000 0.80601800
vt 0.90248400 0.86613400
vt 0.86821200 0.85785800
vt 0.86817400 0.86384000
vt 0.86817400 0.86384000
vt 0.90233400 0.87349600
vt 0.90248400 0.86613400
vt 0.98932800 0.86608500
vt 0.93066400 0.84919500
vt 0.93052100 0.85609100
vt 0.93052100 0.85609100
vt 0.98917700 0.87259300
vt 0.98932800 0.86608500
vt 0.69786300 0.84428800
vt 0.63852400 0.84181700
vt 0.63853100 0.84835100
vt 0.63853100 0.84835100
vt 0.69785900 0.85123500
vt 0.69786300 0.84428800
vt 0.63222800 0.89099300
vt 0.63454200 0.88859700
vt 0.63432600 0.88125900
vt 0.63432600 0.88125900
vt 0.63148200 0.88419800
vt 0.63222800 0.89099300
vt 0.62859300 0.90474600
vt 0.63047400 0.89633800
vt 0.62921900 0.89078400
vt 0.62921900 0.89078400
vt 0.62716000 0.89988600
vt 0.62859300 0.90474600
vt 0.87715200 0.91407600
vt 0.87946700 0.91647200
vt 0.88021200 0.90967600
vt 0.88021200 0.90967600
vt 0.87736800 0.90673800
vt 0.87715200 0.91407600
vt 0.88122000 0.92181700
vt 0.88310100 0.93022400
vt 0.88453400 0.92536500
vt 0.88453400 0.92536500
vt 0.88247500 0.91626300
vt 0.88122000 0.92181700
vt 0.64244600 0.89407800
vt 0.63828100 0.89407800
vt 0.63828100 0.90146400
vt 0.63828100 0.90146400
vt 0.64244600 0.90146400
vt 0.64244600 0.89407800
vt 0.83075100 0.90146400
vt 0.83491500 0.90146400
vt 0.83491500 0.89407800
vt 0.83075100 0.89407800
vt 0.63828100 0.89407800
vt 0.63530700 0.89407800
vt 0.63530700 0.90146400
vt 0.63530700 0.90146400
vt 0.63828100 0.90146400
vt 0.63828100 0.89407800
vt 0.87673200 0.88121100
vt 0.87375700 0.88121100
vt 0.87375700 0.88859700
vt 0.87375700 0.88859700
vt 0.87673200 0.88859700
vt 0.87673200 0.88121100
vt 0.87375700 0.88121100
vt 0.86959300 0.88121100
vt 0.86959300 0.88859700
vt 0.86959300 0.88859700
vt 0.87375700 0.88859700
vt 0.87375700 0.88121100
vt 0.83491500 0.90146400
vt 0.83788900 0.90146400
vt 0.83788900 0.89407800
vt 0.83788900 0.89407800
vt 0.83491500 0.89407800
vt 0.83491500 0.90146400
vt 0.63496300 0.91407600
vt 0.63793700 0.91407600
vt 0.63793700 0.90669000
vt 0.63793700 0.90669000
vt 0.63496300 0.90669000
vt 0.63496300 0.91407600
vt 0.63793700 0.91407600
vt 0.64210100 0.91407600
vt 0.64210100 0.90669000
vt 0.64210100 0.90669000
vt 0.63793700 0.90669000
vt 0.63793700 0.91407600
vt 0.01424200 0.29026400
vt 0.01424200 0.34377900
vt 0.02269200 0.34430000
vt 0.02269200 0.34430000
vt 0.02269200 0.28973500
vt 0.01424200 0.29026400
vt 0.00834000 0.29116800
vt 0.00834000 0.34288900
vt 0.01424200 0.34377900
vt 0.01424200 0.34377900
vt 0.01424200 0.29026400
vt 0.00834000 0.29116800
vt 0.00496900 0.34199800
vt 0.00496900 0.29207200
vt 0.00347900 0.29648500
vt 0.00347900 0.29648500
vt 0.00347900 0.33765200
vt 0.00496900 0.34199800
vt 0.01424200 0.22047700
vt 0.01424200 0.27377600
vt 0.02269200 0.27430500
vt 0.02269200 0.27430500
vt 0.02269200 0.21997400
vt 0.01424200 0.22047700
vt 0.00834000 0.22133600
vt 0.00834000 0.27287200
vt 0.01424200 0.27377600
vt 0.01424200 0.27377600
vt 0.01424200 0.22047700
vt 0.00834000 0.22133600
vt 0.00496900 0.27196800
vt 0.00496900 0.22219500
vt 0.00347900 0.22638800
vt 0.00347900 0.22638800
vt 0.00347900 0.26755500
vt 0.00496900 0.27196800
vt 0.01424200 0.15053500
vt 0.01424200 0.20336900
vt 0.02269200 0.20387200
vt 0.02269200 0.20387200
vt 0.02269200 0.15004500
vt 0.01424200 0.15053500
vt 0.00834000 0.15137200
vt 0.00834000 0.20251000
vt 0.01424200 0.20336900
vt 0.01424200 0.20336900
vt 0.01424200 0.15053500
vt 0.00834000 0.15137200
vt 0.00496900 0.20165100
vt 0.00496900 0.15220800
vt 0.00347900 0.15629100
vt 0.00347900 0.15629100
vt 0.00347900 0.19745800
vt 0.00496900 0.20165100
vt 0.01424200 0.08006300
vt 0.01424200 0.13311700
vt 0.02269200 0.13360700
vt 0.02269200 0.13360700
vt 0.02269200 0.07954100
vt 0.01424200 0.08006300
vt 0.00834000 0.08095400
vt 0.00834000 0.13228100
vt 0.01424200 0.13311700
vt 0.01424200 0.13311700
vt 0.01424200 0.08006300
vt 0.00834000 0.08095400
vt 0.00496900 0.13144400
vt 0.00496900 0.08184500
vt 0.00347900 0.08619400
vt 0.00347900 0.08619400
vt 0.00347900 0.12736100
vt 0.00496900 0.13144400
vt 0.01424200 0.34377900
vt 0.01424200 0.36045500
vt 0.02269200 0.35993300
vt 0.02269200 0.35993300
vt 0.02269200 0.34430000
vt 0.01424200 0.34377900
vt 0.00834000 0.34288900
vt 0.00834000 0.36134500
vt 0.01424200 0.36045500
vt 0.01424200 0.36045500
vt 0.01424200 0.34377900
vt 0.00834000 0.34288900
vt 0.00496900 0.36223500
vt 0.00496900 0.34199800
vt 0.00347900 0.33765200
vt 0.00347900 0.33765200
vt 0.00347900 0.36658200
vt 0.00496900 0.36223500
vt 0.01424200 0.27377600
vt 0.01424200 0.29026400
vt 0.02269200 0.28973500
vt 0.02269200 0.28973500
vt 0.02269200 0.27430500
vt 0.01424200 0.27377600
vt 0.00834000 0.27287200
vt 0.00834000 0.29116800
vt 0.01424200 0.29026400
vt 0.01424200 0.29026400
vt 0.01424200 0.27377600
vt 0.00834000 0.27287200
vt 0.00496900 0.29207200
vt 0.00496900 0.27196800
vt 0.00347900 0.26755500
vt 0.00347900 0.26755500
vt 0.00347900 0.29648500
vt 0.00496900 0.29207200
vt 0.01424200 0.20336900
vt 0.01424200 0.22047700
vt 0.02269200 0.21997400
vt 0.02269200 0.21997400
vt 0.02269200 0.20387200
vt 0.01424200 0.20336900
vt 0.00834000 0.20251000
vt 0.00834000 0.22133600
vt 0.01424200 0.22047700
vt 0.01424200 0.22047700
vt 0.01424200 0.20336900
vt 0.00834000 0.20251000
vt 0.00496900 0.22219500
vt 0.00496900 0.20165100
vt 0.00347900 0.19745800
vt 0.00347900 0.19745800
vt 0.00347900 0.22638800
vt 0.00496900 0.22219500
vt 0.01424200 0.13311700
vt 0.01424200 0.15053500
vt 0.02269200 0.15004500
vt 0.02269200 0.15004500
vt 0.02269200 0.13360700
vt 0.01424200 0.13311700
vt 0.00834000 0.13228100
vt 0.00834000 0.15137200
vt 0.01424200 0.15053500
vt 0.01424200 0.15053500
vt 0.01424200 0.13311700
vt 0.00834000 0.13228100
vt 0.00496900 0.15220800
vt 0.00496900 0.13144400
vt 0.00347900 0.12736100
vt 0.00347900 0.12736100
vt 0.00347900 0.15629100
vt 0.00496900 0.15220800
vt 0.01424200 0.06339600
vt 0.01424200 0.08006300
vt 0.02269200 0.07954100
vt 0.02269200 0.07954100
vt 0.02269200 0.06391700
vt 0.01424200 0.06339600
vt 0.00834000 0.06250500
vt 0.00834000 0.08095400
vt 0.01424200 0.08006300
vt 0.01424200 0.08006300
vt 0.01424200 0.06339600
vt 0.00834000 0.06250500
vt 0.00496900 0.08184500
vt 0.00496900 0.06161400
vt 0.00347900 0.05726400
vt 0.00347900 0.05726400
vt 0.00347900 0.08619400
vt 0.00496900 0.08184500
vt 0.57235100 0.70482200
vt 0.57235100 0.75474800
vt 0.57384200 0.75040100
vt 0.57384200 0.75040100
vt 0.57384200 0.70923500
vt 0.57235100 0.70482200
vt 0.56898000 0.70391800
vt 0.56898000 0.75563800
vt 0.57235100 0.75474800
vt 0.57235100 0.75474800
vt 0.57235100 0.70482200
vt 0.56898000 0.70391800
vt 0.56307800 0.75652900
vt 0.56307800 0.70301400
vt 0.55462800 0.70248400
vt 0.55462800 0.70248400
vt 0.55462800 0.75705000
vt 0.56307800 0.75652900
vt 0.57235100 0.63494500
vt 0.57235100 0.68471800
vt 0.57384200 0.68030500
vt 0.57384200 0.68030500
vt 0.57384200 0.63913800
vt 0.57235100 0.63494500
vt 0.56898000 0.63408600
vt 0.56898000 0.68562100
vt 0.57235100 0.68471800
vt 0.57235100 0.68471800
vt 0.57235100 0.63494500
vt 0.56898000 0.63408600
vt 0.56307800 0.68652500
vt 0.56307800 0.63322700
vt 0.55462800 0.63272400
vt 0.55462800 0.63272400
vt 0.55462800 0.68705500
vt 0.56307800 0.68652500
vt 0.57235100 0.56495800
vt 0.57235100 0.61440100
vt 0.57384200 0.61020800
vt 0.57384200 0.61020800
vt 0.57384200 0.56904100
vt 0.57235100 0.56495800
vt 0.56898000 0.56412100
vt 0.56898000 0.61526000
vt 0.57235100 0.61440100
vt 0.57235100 0.61440100
vt 0.57235100 0.56495800
vt 0.56898000 0.56412100
vt 0.56307800 0.61611800
vt 0.56307800 0.56328500
vt 0.55462800 0.56279500
vt 0.55462800 0.56279500
vt 0.55462800 0.61662200
vt 0.56307800 0.61611800
vt 0.57235100 0.49459500
vt 0.57235100 0.54419400
vt 0.57384200 0.54011100
vt 0.57384200 0.54011100
vt 0.57384200 0.49894400
vt 0.57235100 0.49459500
vt 0.56898000 0.49370400
vt 0.56898000 0.54503000
vt 0.57235100 0.54419400
vt 0.57235100 0.54419400
vt 0.57235100 0.49459500
vt 0.56898000 0.49370400
vt 0.56307800 0.54586700
vt 0.56307800 0.49281300
vt 0.55462800 0.49229100
vt 0.55462800 0.49229100
vt 0.55462800 0.54635700
vt 0.56307800 0.54586700
vt 0.57235100 0.75474800
vt 0.57235100 0.77498500
vt 0.57384200 0.77933200
vt 0.57384200 0.77933200
vt 0.57384200 0.75040100
vt 0.57235100 0.75474800
vt 0.56898000 0.75563800
vt 0.56898000 0.77409500
vt 0.57235100 0.77498500
vt 0.57235100 0.77498500
vt 0.57235100 0.75474800
vt 0.56898000 0.75563800
vt 0.56307800 0.77320400
vt 0.56307800 0.75652900
vt 0.55462800 0.75705000
vt 0.55462800 0.75705000
vt 0.55462800 0.77268300
vt 0.56307800 0.77320400
vt 0.57235100 0.68471800
vt 0.57235100 0.70482200
vt 0.57384200 0.70923500
vt 0.57384200 0.70923500
vt 0.57384200 0.68030500
vt 0.57235100 0.68471800
vt 0.56898000 0.68562100
vt 0.56898000 0.70391800
vt 0.57235100 0.70482200
vt 0.57235100 0.70482200
vt 0.57235100 0.68471800
vt 0.56898000 0.68562100
vt 0.56307800 0.70301400
vt 0.56307800 0.68652500
vt 0.55462800 0.68705500
vt 0.55462800 0.68705500
vt 0.55462800 0.70248400
vt 0.56307800 0.70301400
vt 0.57235100 0.61440100
vt 0.57235100 0.63494500
vt 0.57384200 0.63913800
vt 0.57384200 0.63913800
vt 0.57384200 0.61020800
vt 0.57235100 0.61440100
vt 0.56898000 0.61526000
vt 0.56898000 0.63408600
vt 0.57235100 0.63494500
vt 0.57235100 0.63494500
vt 0.57235100 0.61440100
vt 0.56898000 0.61526000
vt 0.56307800 0.63322700
vt 0.56307800 0.61611800
vt 0.55462800 0.61662200
vt 0.55462800 0.61662200
vt 0.55462800 0.63272400
vt 0.56307800 0.63322700
vt 0.57235100 0.54419400
vt 0.57235100 0.56495800
vt 0.57384200 0.56904100
vt 0.57384200 0.56904100
vt 0.57384200 0.54011100
vt 0.57235100 0.54419400
vt 0.56898000 0.54503000
vt 0.56898000 0.56412100
vt 0.57235100 0.56495800
vt 0.57235100 0.56495800
vt 0.57235100 0.54419400
vt 0.56898000 0.54503000
vt 0.56307800 0.56328500
vt 0.56307800 0.54586700
vt 0.55462800 0.54635700
vt 0.55462800 0.54635700
vt 0.55462800 0.56279500
vt 0.56307800 0.56328500
vt 0.57235100 0.47436400
vt 0.57235100 0.49459500
vt 0.57384200 0.49894400
vt 0.57384200 0.49894400
vt 0.57384200 0.47001400
vt 0.57235100 0.47436400
vt 0.56898000 0.47525400
vt 0.56898000 0.49370400
vt 0.57235100 0.49459500
vt 0.57235100 0.49459500
vt 0.57235100 0.47436400
vt 0.56898000 0.47525400
vt 0.56307800 0.49281300
vt 0.56307800 0.47614500
vt 0.55462800 0.47666700
vt 0.55462800 0.47666700
vt 0.55462800 0.49229100
vt 0.56307800 0.49281300
vt 0.00834000 0.36134500
vt 0.00496900 0.36223500
vt 0.00468500 0.41135300
vt 0.00468500 0.41135300
vt 0.00830600 0.41738700
vt 0.00834000 0.36134500
vt 0.00834000 0.36134500
vt 0.00830600 0.41738700
vt 0.01433900 0.42100700
vt 0.01433900 0.42100700
vt 0.01424200 0.36045500
vt 0.00834000 0.36134500
vt 0.01424200 0.36045500
vt 0.01433900 0.42100700
vt 0.02278600 0.42221400
vt 0.02278600 0.42221400
vt 0.02269200 0.35993300
vt 0.01424200 0.36045500
vt 0.00496900 0.06161400
vt 0.00468500 0.01249300
vt 0.00347900 0.02094000
vt 0.00347900 0.02094000
vt 0.00347900 0.05726400
vt 0.00496900 0.06161400
vt 0.00496900 0.06161400
vt 0.00834000 0.06250500
vt 0.00830500 0.00645900
vt 0.00830500 0.00645900
vt 0.00468500 0.01249300
vt 0.00496900 0.06161400
vt 0.01424200 0.06339600
vt 0.01433900 0.00283900
vt 0.00830500 0.00645900
vt 0.00830500 0.00645900
vt 0.00834000 0.06250500
vt 0.01424200 0.06339600
vt 0.57384200 0.43369000
vt 0.57263500 0.42524200
vt 0.57235100 0.47436400
vt 0.57235100 0.47436400
vt 0.57384200 0.47001400
vt 0.57384200 0.43369000
vt 0.57263500 0.42524200
vt 0.56901500 0.41920900
vt 0.56898000 0.47525400
vt 0.56898000 0.47525400
vt 0.57235100 0.47436400
vt 0.57263500 0.42524200
vt 0.56901500 0.41920900
vt 0.56298100 0.41558900
vt 0.56307800 0.47614500
vt 0.56307800 0.47614500
vt 0.56898000 0.47525400
vt 0.56901500 0.41920900
vt 0.02269200 0.28973500
vt 0.02269200 0.34430000
vt 0.07291400 0.34812500
vt 0.07291400 0.34812500
vt 0.07291400 0.28585100
vt 0.02269200 0.28973500
vt 0.02269200 0.21997400
vt 0.02269200 0.27430500
vt 0.07291400 0.27818900
vt 0.07291400 0.27818900
vt 0.07291400 0.21628400
vt 0.02269200 0.21997400
vt 0.02269200 0.15004500
vt 0.02269200 0.20387200
vt 0.07291400 0.20756200
vt 0.07291400 0.20756200
vt 0.07291400 0.14645200
vt 0.02269200 0.15004500
vt 0.02269200 0.07954100
vt 0.02269200 0.13360700
vt 0.07291400 0.13720000
vt 0.07291400 0.13720000
vt 0.07291400 0.07571300
vt 0.02269200 0.07954100
vt 0.02269200 0.34430000
vt 0.02269200 0.35993300
vt 0.07291400 0.35610800
vt 0.07291400 0.35610800
vt 0.07291400 0.34812500
vt 0.02269200 0.34430000
vt 0.02269200 0.27430500
vt 0.02269200 0.28973500
vt 0.07291400 0.28585100
vt 0.07291400 0.28585100
vt 0.07291400 0.27818900
vt 0.02269200 0.27430500
vt 0.02269200 0.20387200
vt 0.02269200 0.21997400
vt 0.07291400 0.21628400
vt 0.07291400 0.21628400
vt 0.07291400 0.20756200
vt 0.02269200 0.20387200
vt 0.02269200 0.13360700
vt 0.02269200 0.15004500
vt 0.07291400 0.14645200
vt 0.07291400 0.14645200
vt 0.07291400 0.13720000
vt 0.02269200 0.13360700
vt 0.02269200 0.06391700
vt 0.02269200 0.07954100
vt 0.07291400 0.07571300
vt 0.07291400 0.07571300
vt 0.07291400 0.06774500
vt 0.02269200 0.06391700
vt 0.55462800 0.75705000
vt 0.55462800 0.70248400
vt 0.50440700 0.69860100
vt 0.50440700 0.69860100
vt 0.50440700 0.76087500
vt 0.55462800 0.75705000
vt 0.55462800 0.68705500
vt 0.55462800 0.63272400
vt 0.50440700 0.62903400
vt 0.50440700 0.62903400
vt 0.50440700 0.69093800
vt 0.55462800 0.68705500
vt 0.55462800 0.61662200
vt 0.55462800 0.56279500
vt 0.50440700 0.55920200
vt 0.50440700 0.55920200
vt 0.50440700 0.62031100
vt 0.55462800 0.61662200
vt 0.55462800 0.54635700
vt 0.55462800 0.49229100
vt 0.50440700 0.48846300
vt 0.50440700 0.48846300
vt 0.50440700 0.54995000
vt 0.55462800 0.54635700
vt 0.55462800 0.77268300
vt 0.55462800 0.75705000
vt 0.50440700 0.76087500
vt 0.50440700 0.76087500
vt 0.50440700 0.76885800
vt 0.55462800 0.77268300
vt 0.55462800 0.70248400
vt 0.55462800 0.68705500
vt 0.50440700 0.69093800
vt 0.50440700 0.69093800
vt 0.50440700 0.69860100
vt 0.55462800 0.70248400
vt 0.55462800 0.63272400
vt 0.55462800 0.61662200
vt 0.50440700 0.62031100
vt 0.50440700 0.62031100
vt 0.50440700 0.62903400
vt 0.55462800 0.63272400
vt 0.55462800 0.56279500
vt 0.55462800 0.54635700
vt 0.50440700 0.54995000
vt 0.50440700 0.54995000
vt 0.50440700 0.55920200
vt 0.55462800 0.56279500
vt 0.55462800 0.49229100
vt 0.55462800 0.47666700
vt 0.50440700 0.48049500
vt 0.50440700 0.48049500
vt 0.50440700 0.48846300
vt 0.55462800 0.49229100
vt 0.55462800 0.77268300
vt 0.55453400 0.83496300
vt 0.56298100 0.83375700
vt 0.56298100 0.83375700
vt 0.56307800 0.77320400
vt 0.55462800 0.77268300
vt 0.56307800 0.77320400
vt 0.56298100 0.83375700
vt 0.56901500 0.83013700
vt 0.56901500 0.83013700
vt 0.56898000 0.77409500
vt 0.56307800 0.77320400
vt 0.56898000 0.77409500
vt 0.56901500 0.83013700
vt 0.57263500 0.82410300
vt 0.57263500 0.82410300
vt 0.57235100 0.77498500
vt 0.56898000 0.77409500
vt 0.57235100 0.77498500
vt 0.57263500 0.82410300
vt 0.57384200 0.81565600
vt 0.57384200 0.81565600
vt 0.57384200 0.77933200
vt 0.57235100 0.77498500
vt 0.55453400 0.41438200
vt 0.55462800 0.47666700
vt 0.56307800 0.47614500
vt 0.56307800 0.47614500
vt 0.56298100 0.41558900
vt 0.55453400 0.41438200
vt 0.02269200 0.06391700
vt 0.02278600 0.00163200
vt 0.01433900 0.00283900
vt 0.01433900 0.00283900
vt 0.01424200 0.06339600
vt 0.02269200 0.06391700
vt 0.02269200 0.35993300
vt 0.02278600 0.42221400
vt 0.07291400 0.42221400
vt 0.07291400 0.42221400
vt 0.07291400 0.35610800
vt 0.02269200 0.35993300
vt 0.75014500 0.00730000
vt 0.73663800 0.00730000
vt 0.73663800 0.69968000
vt 0.73663800 0.69968000
vt 0.75014600 0.69968000
vt 0.75014500 0.00730000
vt 0.73663800 0.00730000
vt 0.72364900 0.00730000
vt 0.72364900 0.69968000
vt 0.72364900 0.69968000
vt 0.73663800 0.69968000
vt 0.73663800 0.00730000
vt 0.72364900 0.00730000
vt 0.71167900 0.00730000
vt 0.71167900 0.69968000
vt 0.71167900 0.69968000
vt 0.72364900 0.69968000
vt 0.72364900 0.00730000
vt 0.71167900 0.00730000
vt 0.70118700 0.00730000
vt 0.70118700 0.69968000
vt 0.70118700 0.69968000
vt 0.71167900 0.69968000
vt 0.71167900 0.00730000
vt 0.70118700 0.00730000
vt 0.69069500 0.00730000
vt 0.69069500 0.69968000
vt 0.69069500 0.69968000
vt 0.70118700 0.69968000
vt 0.70118700 0.00730000
vt 0.69069500 0.00730000
vt 0.67872400 0.00730000
vt 0.67872400 0.69968000
vt 0.67872400 0.69968000
vt 0.69069500 0.69968000
vt 0.69069500 0.00730000
vt 0.67872400 0.00730000
vt 0.66573600 0.00730000
vt 0.66573600 0.69968000
vt 0.66573600 0.69968000
vt 0.67872400 0.69968000
vt 0.67872400 0.00730000
vt 0.66573600 0.00730000
vt 0.65222800 0.00730000
vt 0.65222800 0.69968000
vt 0.65222800 0.69968000
vt 0.66573600 0.69968000
vt 0.66573600 0.00730000
vt 0.65222800 0.00730000
vt 0.63872100 0.00730000
vt 0.63872100 0.69968000
vt 0.63872100 0.69968000
vt 0.65222800 0.69968000
vt 0.65222800 0.00730000
vt 0.63872100 0.00730000
vt 0.62573200 0.00730000
vt 0.62573200 0.69968000
vt 0.62573200 0.69968000
vt 0.63872100 0.69968000
vt 0.63872100 0.00730000
vt 0.62573200 0.00730000
vt 0.61376100 0.00730000
vt 0.61376200 0.69968000
vt 0.61376200 0.69968000
vt 0.62573200 0.69968000
vt 0.62573200 0.00730000
vt 0.61376100 0.00730000
vt 0.60326900 0.00730000
vt 0.60327000 0.69968000
vt 0.60327000 0.69968000
vt 0.61376200 0.69968000
vt 0.61376100 0.00730000
vt 0.99493900 0.00730000
vt 0.98444700 0.00730000
vt 0.98444700 0.69968000
vt 0.98444700 0.69968000
vt 0.99493900 0.69968000
vt 0.99493900 0.00730000
vt 0.98444700 0.00730000
vt 0.97247700 0.00730000
vt 0.97247700 0.69968000
vt 0.97247700 0.69968000
vt 0.98444700 0.69968000
vt 0.98444700 0.00730000
vt 0.97247700 0.00730000
vt 0.95948800 0.00730000
vt 0.95948800 0.69968000
vt 0.95948800 0.69968000
vt 0.97247700 0.69968000
vt 0.97247700 0.00730000
vt 0.95948800 0.00730000
vt 0.94598000 0.00730000
vt 0.94598000 0.69968000
vt 0.94598000 0.69968000
vt 0.95948800 0.69968000
vt 0.95948800 0.00730000
vt 0.94598000 0.00730000
vt 0.93247300 0.00730000
vt 0.93247300 0.69968000
vt 0.93247300 0.69968000
vt 0.94598000 0.69968000
vt 0.94598000 0.00730000
vt 0.93247300 0.00730000
vt 0.91948400 0.00730000
vt 0.91948400 0.69968000
vt 0.91948400 0.69968000
vt 0.93247300 0.69968000
vt 0.93247300 0.00730000
vt 0.91948400 0.00730000
vt 0.90751400 0.00730000
vt 0.90751400 0.69968000
vt 0.90751400 0.69968000
vt 0.91948400 0.69968000
vt 0.91948400 0.00730000
vt 0.90751400 0.00730000
vt 0.89702200 0.00730000
vt 0.89702200 0.69968000
vt 0.89702200 0.69968000
vt 0.90751400 0.69968000
vt 0.90751400 0.00730000
vt 0.89702200 0.00730000
vt 0.88652900 0.00730000
vt 0.88653000 0.69968000
vt 0.88653000 0.69968000
vt 0.89702200 0.69968000
vt 0.89702200 0.00730000
vt 0.88652900 0.00730000
vt 0.87455900 0.00730000
vt 0.87455900 0.69968000
vt 0.87455900 0.69968000
vt 0.88653000 0.69968000
vt 0.88652900 0.00730000
vt 0.87455900 0.00730000
vt 0.86157100 0.00730000
vt 0.86157100 0.69968000
vt 0.86157100 0.69968000
vt 0.87455900 0.69968000
vt 0.87455900 0.00730000
vt 0.86157100 0.00730000
vt 0.84806300 0.00730000
vt 0.84806300 0.69968000
vt 0.84806300 0.69968000
vt 0.86157100 0.69968000
vt 0.86157100 0.00730000
vt 0.84806300 0.00730000
vt 0.83455500 0.00730000
vt 0.83455500 0.69968000
vt 0.83455500 0.69968000
vt 0.84806300 0.69968000
vt 0.84806300 0.00730000
vt 0.83455500 0.00730000
vt 0.82156700 0.00730000
vt 0.82156700 0.69968000
vt 0.82156700 0.69968000
vt 0.83455500 0.69968000
vt 0.83455500 0.00730000
vt 0.82156700 0.00730000
vt 0.80959600 0.00730000
vt 0.80959600 0.69968000
vt 0.80959600 0.69968000
vt 0.82156700 0.69968000
vt 0.82156700 0.00730000
vt 0.80959600 0.00730000
vt 0.79910400 0.00730000
vt 0.79910400 0.69968000
vt 0.79910400 0.69968000
vt 0.80959600 0.69968000
vt 0.80959600 0.00730000
vt 0.79910400 0.00730000
vt 0.78861200 0.00730000
vt 0.78861200 0.69968000
vt 0.78861200 0.69968000
vt 0.79910400 0.69968000
vt 0.79910400 0.00730000
vt 0.78861200 0.00730000
vt 0.77664200 0.00730000
vt 0.77664200 0.69968000
vt 0.77664200 0.69968000
vt 0.78861200 0.69968000
vt 0.78861200 0.00730000
vt 0.77664200 0.00730000
vt 0.76365300 0.00730000
vt 0.76365300 0.69968000
vt 0.76365300 0.69968000
vt 0.77664200 0.69968000
vt 0.77664200 0.00730000
vt 0.76365300 0.00730000
vt 0.75014500 0.00730000
vt 0.75014600 0.69968000
vt 0.75014600 0.69968000
vt 0.76365300 0.69968000
vt 0.76365300 0.00730000
vt 0.68186400 0.72425600
vt 0.67556000 0.71792700
vt 0.67105600 0.72339300
vt 0.67105600 0.72339300
vt 0.67809300 0.73116500
vt 0.68186400 0.72425600
vt 0.68681200 0.73169300
vt 0.68186400 0.72425600
vt 0.67809300 0.73116500
vt 0.67809300 0.73116500
vt 0.68429100 0.73995600
vt 0.68681200 0.73169300
vt 0.69021400 0.73995300
vt 0.68681200 0.73169300
vt 0.68429100 0.73995600
vt 0.68970800 0.74969400
vt 0.69194000 0.74871800
vt 0.69021400 0.73995300
vt 0.68970800 0.74969400
vt 0.68970800 0.74969400
vt 0.69192200 0.75765100
vt 0.69194000 0.74871800
vt 0.69016200 0.76640900
vt 0.69192200 0.75765100
vt 0.68970800 0.74969400
vt 0.68970800 0.74969400
vt 0.68643100 0.75911000
vt 0.69016200 0.76640900
vt 0.68672700 0.77465500
vt 0.69016200 0.76640900
vt 0.68643100 0.75911000
vt 0.68643100 0.75911000
vt 0.68162200 0.76829500
vt 0.68672700 0.77465500
vt 0.68174900 0.78207300
vt 0.68672700 0.77465500
vt 0.68162200 0.76829500
vt 0.68162200 0.76829500
vt 0.67546700 0.77689600
vt 0.68174900 0.78207300
vt 0.67542000 0.78837700
vt 0.68174900 0.78207300
vt 0.67546700 0.77689600
vt 0.67546700 0.77689600
vt 0.66820200 0.78458200
vt 0.67542000 0.78837700
vt 0.66798300 0.79332500
vt 0.67542000 0.78837700
vt 0.66820200 0.78458200
vt 0.66820200 0.78458200
vt 0.66010500 0.79105800
vt 0.66798300 0.79332500
vt 0.65972300 0.79672700
vt 0.66798300 0.79332500
vt 0.66010500 0.79105800
vt 0.66010500 0.79105800
vt 0.65148900 0.79607500
vt 0.65972300 0.79672700
vt 0.65095800 0.79845300
vt 0.65972300 0.79672700
vt 0.65148900 0.79607500
vt 0.65148900 0.79607500
vt 0.64202500 0.79843500
vt 0.65095800 0.79845300
vt 0.63326700 0.79667400
vt 0.64202500 0.79843500
vt 0.65148900 0.79607500
vt 0.65148900 0.79607500
vt 0.64089500 0.79262000
vt 0.63326700 0.79667400
vt 0.62502100 0.79324000
vt 0.63326700 0.79667400
vt 0.64089500 0.79262000
vt 0.64089500 0.79262000
vt 0.63108100 0.78821700
vt 0.62502100 0.79324000
vt 0.61760300 0.78826200
vt 0.62502100 0.79324000
vt 0.63108100 0.78821700
vt 0.63108100 0.78821700
vt 0.62210700 0.78279600
vt 0.61760300 0.78826200
vt 0.61129900 0.78193300
vt 0.61760300 0.78826200
vt 0.62210700 0.78279600
vt 0.62210700 0.78279600
vt 0.61507000 0.77502400
vt 0.61129900 0.78193300
vt 0.60635100 0.77449500
vt 0.61129900 0.78193300
vt 0.61507000 0.77502400
vt 0.61507000 0.77502400
vt 0.60887200 0.76623200
vt 0.60635100 0.77449500
vt 0.60294900 0.76623600
vt 0.60635100 0.77449500
vt 0.60887200 0.76623200
vt 0.60345500 0.75649400
vt 0.60122300 0.75747100
vt 0.60294900 0.76623600
vt 0.60345500 0.75649400
vt 0.60345500 0.75649400
vt 0.60124100 0.74853800
vt 0.60122300 0.75747100
vt 0.60300100 0.73978000
vt 0.60124100 0.74853800
vt 0.60345500 0.75649400
vt 0.60345500 0.75649400
vt 0.60673200 0.74707800
vt 0.60300100 0.73978000
vt 0.60643600 0.73153300
vt 0.60300100 0.73978000
vt 0.60673200 0.74707800
vt 0.60673200 0.74707800
vt 0.61154100 0.73789300
vt 0.60643600 0.73153300
vt 0.61141400 0.72411600
vt 0.60643600 0.73153300
vt 0.61154100 0.73789300
vt 0.61154100 0.73789300
vt 0.61769600 0.72929300
vt 0.61141400 0.72411600
vt 0.61774300 0.71781200
vt 0.61141400 0.72411600
vt 0.61769600 0.72929300
vt 0.61769600 0.72929300
vt 0.62496200 0.72160600
vt 0.61774300 0.71781200
vt 0.62518100 0.71286400
vt 0.61774300 0.71781200
vt 0.62496200 0.72160600
vt 0.62496200 0.72160600
vt 0.63305800 0.71513000
vt 0.62518100 0.71286400
vt 0.63344000 0.70946100
vt 0.62518100 0.71286400
vt 0.63305800 0.71513000
vt 0.63305800 0.71513000
vt 0.64167400 0.71011300
vt 0.63344000 0.70946100
vt 0.64220500 0.70773600
vt 0.63344000 0.70946100
vt 0.64167400 0.71011300
vt 0.64167400 0.71011300
vt 0.65113800 0.70775400
vt 0.64220500 0.70773600
vt 0.65989600 0.70951400
vt 0.65113800 0.70775400
vt 0.64167400 0.71011300
vt 0.64167400 0.71011300
vt 0.65226800 0.71356900
vt 0.65989600 0.70951400
vt 0.66814200 0.71294900
vt 0.65989600 0.70951400
vt 0.65226800 0.71356900
vt 0.65226800 0.71356900
vt 0.66208200 0.71797100
vt 0.66814200 0.71294900
vt 0.67556000 0.71792700
vt 0.66814200 0.71294900
vt 0.66208200 0.71797100
vt 0.66208200 0.71797100
vt 0.67105600 0.72339300
vt 0.67556000 0.71792700
vt 0.64658200 0.75309400
vt 0.65517600 0.74266500
vt 0.64539200 0.73529600
vt 0.64539200 0.73529600
vt 0.63695300 0.74516000
vt 0.64658200 0.75309400
vt 0.62888400 0.75533000
vt 0.63798700 0.76352400
vt 0.64658200 0.75309400
vt 0.64658200 0.75309400
vt 0.63695300 0.74516000
vt 0.62888400 0.75533000
vt 0.62149500 0.76541400
vt 0.62972300 0.77355300
vt 0.63798700 0.76352400
vt 0.63798700 0.76352400
vt 0.62888400 0.75533000
vt 0.62149500 0.76541400
vt 0.65517600 0.74266500
vt 0.66344000 0.73263600
vt 0.65387700 0.72611500
vt 0.65387700 0.72611500
vt 0.64539200 0.73529600
vt 0.65517600 0.74266500
vt 0.66344000 0.73263600
vt 0.67105600 0.72339300
vt 0.66208200 0.71797100
vt 0.66208200 0.71797100
vt 0.65387700 0.72611500
vt 0.66344000 0.73263600
vt 0.61507000 0.77502400
vt 0.62210700 0.78279600
vt 0.62972300 0.77355300
vt 0.62972300 0.77355300
vt 0.62149500 0.76541400
vt 0.61507000 0.77502400
vt 0.66583800 0.76896200
vt 0.67546700 0.77689600
vt 0.68162200 0.76829500
vt 0.68162200 0.76829500
vt 0.67308800 0.75941100
vt 0.66583800 0.76896200
vt 0.65621000 0.76102800
vt 0.66583800 0.76896200
vt 0.67308800 0.75941100
vt 0.67308800 0.75941100
vt 0.66427900 0.75085900
vt 0.65621000 0.76102800
vt 0.64658200 0.75309400
vt 0.65621000 0.76102800
vt 0.66427900 0.75085900
vt 0.66427900 0.75085900
vt 0.65517600 0.74266500
vt 0.64658200 0.75309400
vt 0.62496200 0.72160600
vt 0.61769600 0.72929300
vt 0.62732500 0.73722600
vt 0.62732500 0.73722600
vt 0.63531400 0.72828500
vt 0.62496200 0.72160600
vt 0.63531400 0.72828500
vt 0.62732500 0.73722600
vt 0.63695300 0.74516000
vt 0.63695300 0.74516000
vt 0.64539200 0.73529600
vt 0.63531400 0.72828500
vt 0.66820200 0.78458200
vt 0.67546700 0.77689600
vt 0.66583800 0.76896200
vt 0.66583800 0.76896200
vt 0.65784900 0.77790400
vt 0.66820200 0.78458200
vt 0.65784900 0.77790400
vt 0.66583800 0.76896200
vt 0.65621000 0.76102800
vt 0.65621000 0.76102800
vt 0.64777100 0.77089300
vt 0.65784900 0.77790400
vt 0.64777100 0.77089300
vt 0.65621000 0.76102800
vt 0.64658200 0.75309400
vt 0.64658200 0.75309400
vt 0.63798700 0.76352400
vt 0.64777100 0.77089300
vt 0.62732500 0.73722600
vt 0.61769600 0.72929300
vt 0.61154100 0.73789300
vt 0.61154100 0.73789300
vt 0.62007600 0.74677800
vt 0.62732500 0.73722600
vt 0.63695300 0.74516000
vt 0.62732500 0.73722600
vt 0.62007600 0.74677800
vt 0.62007600 0.74677800
vt 0.62888400 0.75533000
vt 0.63695300 0.74516000
vt 0.66010500 0.79105800
vt 0.66820200 0.78458200
vt 0.65784900 0.77790400
vt 0.65784900 0.77790400
vt 0.64942700 0.78589200
vt 0.66010500 0.79105800
vt 0.64942700 0.78589200
vt 0.65784900 0.77790400
vt 0.64777100 0.77089300
vt 0.64777100 0.77089300
vt 0.63928600 0.78007400
vt 0.64942700 0.78589200
vt 0.63928600 0.78007400
vt 0.64777100 0.77089300
vt 0.63798700 0.76352400
vt 0.63798700 0.76352400
vt 0.62972300 0.77355300
vt 0.63928600 0.78007400
vt 0.62007600 0.74677800
vt 0.61154100 0.73789300
vt 0.60673200 0.74707800
vt 0.60673200 0.74707800
vt 0.61384500 0.75657200
vt 0.62007600 0.74677800
vt 0.62888400 0.75533000
vt 0.62007600 0.74677800
vt 0.61384500 0.75657200
vt 0.61384500 0.75657200
vt 0.62149500 0.76541400
vt 0.62888400 0.75533000
vt 0.67308800 0.75941100
vt 0.68162200 0.76829500
vt 0.68643100 0.75911000
vt 0.68643100 0.75911000
vt 0.67931800 0.74961700
vt 0.67308800 0.75941100
vt 0.66427900 0.75085900
vt 0.67308800 0.75941100
vt 0.67931800 0.74961700
vt 0.67931800 0.74961700
vt 0.67166800 0.74077500
vt 0.66427900 0.75085900
vt 0.65517600 0.74266500
vt 0.66427900 0.75085900
vt 0.67166800 0.74077500
vt 0.67166800 0.74077500
vt 0.66344000 0.73263600
vt 0.65517600 0.74266500
vt 0.63305800 0.71513000
vt 0.62496200 0.72160600
vt 0.63531400 0.72828500
vt 0.63531400 0.72828500
vt 0.64373600 0.72029700
vt 0.63305800 0.71513000
vt 0.64373600 0.72029700
vt 0.63531400 0.72828500
vt 0.64539200 0.73529600
vt 0.64539200 0.73529600
vt 0.65387700 0.72611500
vt 0.64373600 0.72029700
vt 0.67931800 0.74961700
vt 0.68643100 0.75911000
vt 0.68970800 0.74969400
vt 0.68970800 0.74969400
vt 0.68429100 0.73995600
vt 0.67931800 0.74961700
vt 0.67166800 0.74077500
vt 0.67931800 0.74961700
vt 0.68429100 0.73995600
vt 0.68429100 0.73995600
vt 0.67809300 0.73116500
vt 0.67166800 0.74077500
vt 0.66344000 0.73263600
vt 0.67166800 0.74077500
vt 0.67809300 0.73116500
vt 0.67809300 0.73116500
vt 0.67105600 0.72339300
vt 0.66344000 0.73263600
vt 0.64167400 0.71011300
vt 0.63305800 0.71513000
vt 0.64373600 0.72029700
vt 0.64373600 0.72029700
vt 0.65226800 0.71356900
vt 0.64167400 0.71011300
vt 0.65226800 0.71356900
vt 0.64373600 0.72029700
vt 0.65387700 0.72611500
vt 0.65387700 0.72611500
vt 0.66208200 0.71797100
vt 0.65226800 0.71356900
vt 0.65148900 0.79607500
vt 0.66010500 0.79105800
vt 0.64942700 0.78589200
vt 0.64942700 0.78589200
vt 0.64089500 0.79262000
vt 0.65148900 0.79607500
vt 0.64089500 0.79262000
vt 0.64942700 0.78589200
vt 0.63928600 0.78007400
vt 0.63928600 0.78007400
vt 0.63108100 0.78821700
vt 0.64089500 0.79262000
vt 0.63108100 0.78821700
vt 0.63928600 0.78007400
vt 0.62972300 0.77355300
vt 0.62972300 0.77355300
vt 0.62210700 0.78279600
vt 0.63108100 0.78821700
vt 0.61384500 0.75657200
vt 0.60673200 0.74707800
vt 0.60345500 0.75649400
vt 0.60345500 0.75649400
vt 0.60887200 0.76623200
vt 0.61384500 0.75657200
vt 0.62149500 0.76541400
vt 0.61384500 0.75657200
vt 0.60887200 0.76623200
vt 0.60887200 0.76623200
vt 0.61507000 0.77502400
vt 0.62149500 0.76541400
vt 0.74095300 0.77071700
vt 0.74892200 0.76161500
vt 0.73858100 0.75309400
vt 0.73858100 0.75309400
vt 0.73074100 0.76260900
vt 0.74095300 0.77071700
vt 0.73858100 0.75309400
vt 0.72824000 0.74457300
vt 0.72083000 0.75413500
vt 0.72083000 0.75413500
vt 0.73074100 0.76260900
vt 0.73858100 0.75309400
vt 0.72824000 0.74457300
vt 0.71829600 0.73638000
vt 0.71160100 0.74562100
vt 0.71160100 0.74562100
vt 0.72083000 0.75413500
vt 0.72824000 0.74457300
vt 0.75107400 0.77814800
vt 0.75886500 0.76980900
vt 0.74892200 0.76161500
vt 0.74892200 0.76161500
vt 0.74095300 0.77071700
vt 0.75107400 0.77814800
vt 0.71829600 0.73638000
vt 0.70913200 0.72882800
vt 0.70340900 0.73739400
vt 0.70340900 0.73739400
vt 0.71160100 0.74562100
vt 0.71829600 0.73638000
vt 0.76071600 0.78461600
vt 0.76802900 0.77736000
vt 0.75886500 0.76980900
vt 0.75886500 0.76980900
vt 0.75107400 0.77814800
vt 0.76071600 0.78461600
vt 0.77386300 0.72425600
vt 0.76755900 0.71792700
vt 0.76210100 0.72455100
vt 0.76210100 0.72455100
vt 0.76983600 0.73184600
vt 0.77386300 0.72425600
vt 0.76983600 0.73184600
vt 0.76210100 0.72455100
vt 0.75426100 0.73406600
vt 0.75426100 0.73406600
vt 0.76326100 0.74209600
vt 0.76983600 0.73184600
vt 0.76326100 0.74209600
vt 0.75426100 0.73406600
vt 0.74642100 0.74358000
vt 0.74642100 0.74358000
vt 0.75633200 0.75205400
vt 0.76326100 0.74209600
vt 0.75633200 0.75205400
vt 0.74642100 0.74358000
vt 0.73858100 0.75309400
vt 0.73858100 0.75309400
vt 0.74892200 0.76161500
vt 0.75633200 0.75205400
vt 0.71506100 0.78163800
vt 0.70960200 0.78826200
vt 0.71702000 0.79324000
vt 0.71702000 0.79324000
vt 0.72370100 0.78783600
vt 0.71506100 0.78163800
vt 0.72290100 0.77212300
vt 0.71506100 0.78163800
vt 0.72370100 0.78783600
vt 0.72370100 0.78783600
vt 0.73250400 0.77942200
vt 0.72290100 0.77212300
vt 0.73074100 0.76260900
vt 0.72290100 0.77212300
vt 0.73250400 0.77942200
vt 0.73250400 0.77942200
vt 0.74095300 0.77071700
vt 0.73074100 0.76260900
vt 0.76210100 0.72455100
vt 0.76755900 0.71792700
vt 0.76014200 0.71294900
vt 0.76014200 0.71294900
vt 0.75346100 0.71835300
vt 0.76210100 0.72455100
vt 0.75426100 0.73406600
vt 0.76210100 0.72455100
vt 0.75346100 0.71835300
vt 0.75346100 0.71835300
vt 0.74465800 0.72676600
vt 0.75426100 0.73406600
vt 0.74642100 0.74358000
vt 0.75426100 0.73406600
vt 0.74465800 0.72676600
vt 0.74465800 0.72676600
vt 0.73620800 0.73547200
vt 0.74642100 0.74358000
vt 0.73858100 0.75309400
vt 0.74642100 0.74358000
vt 0.73620800 0.73547200
vt 0.73620800 0.73547200
vt 0.72824000 0.74457300
vt 0.73858100 0.75309400
vt 0.70329800 0.78193300
vt 0.70960200 0.78826200
vt 0.71506100 0.78163800
vt 0.71506100 0.78163800
vt 0.70732500 0.77434200
vt 0.70329800 0.78193300
vt 0.70732500 0.77434200
vt 0.71506100 0.78163800
vt 0.72290100 0.77212300
vt 0.72290100 0.77212300
vt 0.71390000 0.76409300
vt 0.70732500 0.77434200
vt 0.71390000 0.76409300
vt 0.72290100 0.77212300
vt 0.73074100 0.76260900
vt 0.73074100 0.76260900
vt 0.72083000 0.75413500
vt 0.71390000 0.76409300
vt 0.75346100 0.71835300
vt 0.76014200 0.71294900
vt 0.75189500 0.70951400
vt 0.75189500 0.70951400
vt 0.74425000 0.71349000
vt 0.75346100 0.71835300
vt 0.74465800 0.72676600
vt 0.75346100 0.71835300
vt 0.74425000 0.71349000
vt 0.74425000 0.71349000
vt 0.73482100 0.72047900
vt 0.74465800 0.72676600
vt 0.73620800 0.73547200
vt 0.74465800 0.72676600
vt 0.73482100 0.72047900
vt 0.73482100 0.72047900
vt 0.72608700 0.72804100
vt 0.73620800 0.73547200
vt 0.72824000 0.74457300
vt 0.73620800 0.73547200
vt 0.72608700 0.72804100
vt 0.72608700 0.72804100
vt 0.71829600 0.73638000
vt 0.72824000 0.74457300
vt 0.69835000 0.77449500
vt 0.70329800 0.78193300
vt 0.70732500 0.77434200
vt 0.70732500 0.77434200
vt 0.70079100 0.76623100
vt 0.69835000 0.77449500
vt 0.70079100 0.76623100
vt 0.70732500 0.77434200
vt 0.71390000 0.76409300
vt 0.71390000 0.76409300
vt 0.70584800 0.75564000
vt 0.70079100 0.76623100
vt 0.70584800 0.75564000
vt 0.71390000 0.76409300
vt 0.72083000 0.75413500
vt 0.72083000 0.75413500
vt 0.71160100 0.74562100
vt 0.70584800 0.75564000
vt 0.77881200 0.73169300
vt 0.77386300 0.72425600
vt 0.76983600 0.73184600
vt 0.76983600 0.73184600
vt 0.77637100 0.73995800
vt 0.77881200 0.73169300
vt 0.77637100 0.73995800
vt 0.76983600 0.73184600
vt 0.76326100 0.74209600
vt 0.76326100 0.74209600
vt 0.77131400 0.75054900
vt 0.77637100 0.73995800
vt 0.77131400 0.75054900
vt 0.76326100 0.74209600
vt 0.75633200 0.75205400
vt 0.75633200 0.75205400
vt 0.76556100 0.76056800
vt 0.77131400 0.75054900
vt 0.76556100 0.76056800
vt 0.75633200 0.75205400
vt 0.74892200 0.76161500
vt 0.74892200 0.76161500
vt 0.75886500 0.76980900
vt 0.76556100 0.76056800
vt 0.72370100 0.78783600
vt 0.71702000 0.79324000
vt 0.72526600 0.79667500
vt 0.72526600 0.79667500
vt 0.73291200 0.79269900
vt 0.72370100 0.78783600
vt 0.73250400 0.77942200
vt 0.72370100 0.78783600
vt 0.73291200 0.79269900
vt 0.73291200 0.79269900
vt 0.74234100 0.78571000
vt 0.73250400 0.77942200
vt 0.74095300 0.77071700
vt 0.73250400 0.77942200
vt 0.74234100 0.78571000
vt 0.74234100 0.78571000
vt 0.75107400 0.77814800
vt 0.74095300 0.77071700
vt 0.74425000 0.71349000
vt 0.75189500 0.70951400
vt 0.74313800 0.70775400
vt 0.74313800 0.70775400
vt 0.73482100 0.71014900
vt 0.74425000 0.71349000
vt 0.73482100 0.72047900
vt 0.74425000 0.71349000
vt 0.73482100 0.71014900
vt 0.73482100 0.71014900
vt 0.72512900 0.71544500
vt 0.73482100 0.72047900
vt 0.72608700 0.72804100
vt 0.73482100 0.72047900
vt 0.72512900 0.71544500
vt 0.72512900 0.71544500
vt 0.71644600 0.72157300
vt 0.72608700 0.72804100
vt 0.71829600 0.73638000
vt 0.72608700 0.72804100
vt 0.71644600 0.72157300
vt 0.71644600 0.72157300
vt 0.70913200 0.72882800
vt 0.71829600 0.73638000
vt 0.69494800 0.76623600
vt 0.69835000 0.77449500
vt 0.70079100 0.76623100
vt 0.70079100 0.76623100
vt 0.69570800 0.75761400
vt 0.69494800 0.76623600
vt 0.69570800 0.75761400
vt 0.70079100 0.76623100
vt 0.70584800 0.75564000
vt 0.70584800 0.75564000
vt 0.69905400 0.74708800
vt 0.69570800 0.75761400
vt 0.69905400 0.74708800
vt 0.70584800 0.75564000
vt 0.71160100 0.74562100
vt 0.71160100 0.74562100
vt 0.70340900 0.73739400
vt 0.69905400 0.74708800
vt 0.78221400 0.73995300
vt 0.77881200 0.73169300
vt 0.77637100 0.73995800
vt 0.77637100 0.73995800
vt 0.78145300 0.74857500
vt 0.78221400 0.73995300
vt 0.78145300 0.74857500
vt 0.77637100 0.73995800
vt 0.77131400 0.75054900
vt 0.77131400 0.75054900
vt 0.77810800 0.75910000
vt 0.78145300 0.74857500
vt 0.77810800 0.75910000
vt 0.77131400 0.75054900
vt 0.76556100 0.76056800
vt 0.76556100 0.76056800
vt 0.77375300 0.76879400
vt 0.77810800 0.75910000
vt 0.77375300 0.76879400
vt 0.76556100 0.76056800
vt 0.75886500 0.76980900
vt 0.75886500 0.76980900
vt 0.76802900 0.77736000
vt 0.77375300 0.76879400
vt 0.73291200 0.79269900
vt 0.72526600 0.79667500
vt 0.73402400 0.79843500
vt 0.73402400 0.79843500
vt 0.74234100 0.79604000
vt 0.73291200 0.79269900
vt 0.74234100 0.78571000
vt 0.73291200 0.79269900
vt 0.74234100 0.79604000
vt 0.74234100 0.79604000
vt 0.75203300 0.79074400
vt 0.74234100 0.78571000
vt 0.75107400 0.77814800
vt 0.74234100 0.78571000
vt 0.75203300 0.79074400
vt 0.75203300 0.79074400
vt 0.76071600 0.78461600
vt 0.75107400 0.77814800
vt 0.69570800 0.75761400
vt 0.69324000 0.74853800
vt 0.69322300 0.75747100
vt 0.69322300 0.75747100
vt 0.69494800 0.76623600
vt 0.69570800 0.75761400
vt 0.69905400 0.74708800
vt 0.69500100 0.73978000
vt 0.69324000 0.74853800
vt 0.69324000 0.74853800
vt 0.69570800 0.75761400
vt 0.69905400 0.74708800
vt 0.70340900 0.73739400
vt 0.69843500 0.73153400
vt 0.69500100 0.73978000
vt 0.69500100 0.73978000
vt 0.69905400 0.74708800
vt 0.70340900 0.73739400
vt 0.70913200 0.72882800
vt 0.70341300 0.72411600
vt 0.69843500 0.73153400
vt 0.69843500 0.73153400
vt 0.70340900 0.73739400
vt 0.70913200 0.72882800
vt 0.70913200 0.72882800
vt 0.71644600 0.72157300
vt 0.70974200 0.71781200
vt 0.70974200 0.71781200
vt 0.70341300 0.72411600
vt 0.70913200 0.72882800
vt 0.71644600 0.72157300
vt 0.72512900 0.71544500
vt 0.71718000 0.71286400
vt 0.71718000 0.71286400
vt 0.70974200 0.71781200
vt 0.71644600 0.72157300
vt 0.72512900 0.71544500
vt 0.73482100 0.71014900
vt 0.72544000 0.70946200
vt 0.71718000 0.71286400
vt 0.73482100 0.71014900
vt 0.74313800 0.70775400
vt 0.73420500 0.70773600
vt 0.73420500 0.70773600
vt 0.72544000 0.70946200
vt 0.73482100 0.71014900
vt 0.78145300 0.74857500
vt 0.78392100 0.75765100
vt 0.78393900 0.74871800
vt 0.78393900 0.74871800
vt 0.78221400 0.73995300
vt 0.78145300 0.74857500
vt 0.74234100 0.79604000
vt 0.73402400 0.79843500
vt 0.74295700 0.79845300
vt 0.74295700 0.79845300
vt 0.75172200 0.79672700
vt 0.74234100 0.79604000
vt 0.75203300 0.79074400
vt 0.74234100 0.79604000
vt 0.75172200 0.79672700
vt 0.75172200 0.79672700
vt 0.75998200 0.79332500
vt 0.75203300 0.79074400
vt 0.76071600 0.78461600
vt 0.75203300 0.79074400
vt 0.75998200 0.79332500
vt 0.75998200 0.79332500
vt 0.76741900 0.78837700
vt 0.76071600 0.78461600
vt 0.76802900 0.77736000
vt 0.76071600 0.78461600
vt 0.76741900 0.78837700
vt 0.76741900 0.78837700
vt 0.77374900 0.78207300
vt 0.76802900 0.77736000
vt 0.76802900 0.77736000
vt 0.77374900 0.78207300
vt 0.77872600 0.77465500
vt 0.77872600 0.77465500
vt 0.77375300 0.76879400
vt 0.76802900 0.77736000
vt 0.77375300 0.76879400
vt 0.77872600 0.77465500
vt 0.78216100 0.76640900
vt 0.78216100 0.76640900
vt 0.77810800 0.75910000
vt 0.77375300 0.76879400
vt 0.77810800 0.75910000
vt 0.78216100 0.76640900
vt 0.78392100 0.75765100
vt 0.78392100 0.75765100
vt 0.78145300 0.74857500
vt 0.77810800 0.75910000
vt 0.90547800 0.73423400
vt 0.90547800 0.73179200
vt 0.83934000 0.73179200
vt 0.83934000 0.73179200
vt 0.83934000 0.73423400
vt 0.90547800 0.73423400
vt 0.90547800 0.73179200
vt 0.90547800 0.72936200
vt 0.83934000 0.72936200
vt 0.83934000 0.72936200
vt 0.90547800 0.72936200
vt 0.90547800 0.72690700
vt 0.83934000 0.72690700
vt 0.90547800 0.72690700
vt 0.90547800 0.72445300
vt 0.83934000 0.72445300
vt 0.83934000 0.72445300
vt 0.90547800 0.72202700
vt 0.83934000 0.72202700
vt 0.90547800 0.72202700
vt 0.90547800 0.71958800
vt 0.83934000 0.71958800
vt 0.83934000 0.71958800
vt 0.83934000 0.73423400
vt 0.83934000 0.73179200
vt 0.83086900 0.73179200
vt 0.83086900 0.73179200
vt 0.83086900 0.73423400
vt 0.83934000 0.73423400
vt 0.83934000 0.73179200
vt 0.83934000 0.72936200
vt 0.83086900 0.72936200
vt 0.83086900 0.72936200
vt 0.83934000 0.72936200
vt 0.83934000 0.72690700
vt 0.83086900 0.72690700
vt 0.83086900 0.72690700
vt 0.83934000 0.72690700
vt 0.83934000 0.72445300
vt 0.83086900 0.72445300
vt 0.83086900 0.72445300
vt 0.83934000 0.72445300
vt 0.83934000 0.72202700
vt 0.83086900 0.72202700
vt 0.83086900 0.72202700
vt 0.83934000 0.72202700
vt 0.83934000 0.71958800
vt 0.83086900 0.71958800
vt 0.83086900 0.71958800
vt 0.83086900 0.73423400
vt 0.83086900 0.73179200
vt 0.82414900 0.73179200
vt 0.82414900 0.73179200
vt 0.82414900 0.73423400
vt 0.83086900 0.73423400
vt 0.83086900 0.73179200
vt 0.83086900 0.72936200
vt 0.82414900 0.72936200
vt 0.82414900 0.72936200
vt 0.83086900 0.72936200
vt 0.83086900 0.72690700
vt 0.82414900 0.72690700
vt 0.82414900 0.72690700
vt 0.83086900 0.72690700
vt 0.83086900 0.72445300
vt 0.82414900 0.72445300
vt 0.82414900 0.72445300
vt 0.83086900 0.72445300
vt 0.83086900 0.72202700
vt 0.82414900 0.72202700
vt 0.82414900 0.72202700
vt 0.83086900 0.72202700
vt 0.83086900 0.71958800
vt 0.82414900 0.71958800
vt 0.82414900 0.71958800
vt 0.82414900 0.73423400
vt 0.82414900 0.73179200
vt 0.81628700 0.73179200
vt 0.81628700 0.73179200
vt 0.81628700 0.73423400
vt 0.82414900 0.73423400
vt 0.82414900 0.73179200
vt 0.82414900 0.72936200
vt 0.81628700 0.72936200
vt 0.81628700 0.72936200
vt 0.82414900 0.72936200
vt 0.82414900 0.72690700
vt 0.81628700 0.72690700
vt 0.81628700 0.72690700
vt 0.82414900 0.72690700
vt 0.82414900 0.72445300
vt 0.81628700 0.72445300
vt 0.81628700 0.72445300
vt 0.82414900 0.72445300
vt 0.82414900 0.72202700
vt 0.81628700 0.72202700
vt 0.81628700 0.72202700
vt 0.82414900 0.72202700
vt 0.82414900 0.71958800
vt 0.81628700 0.71958800
vt 0.81628700 0.71958800
vt 0.81628700 0.73423400
vt 0.81628700 0.73179200
vt 0.80790700 0.73179200
vt 0.80790700 0.73179200
vt 0.80790700 0.73423400
vt 0.81628700 0.73423400
vt 0.81628700 0.73179200
vt 0.81628700 0.72936200
vt 0.80790700 0.72936200
vt 0.80790700 0.72936200
vt 0.81628700 0.72936200
vt 0.81628700 0.72690700
vt 0.80790700 0.72690700
vt 0.80790700 0.72690700
vt 0.81628700 0.72690700
vt 0.81628700 0.72445300
vt 0.80790700 0.72445300
vt 0.80790700 0.72445300
vt 0.81628700 0.72445300
vt 0.81628700 0.72202700
vt 0.80790700 0.72202700
vt 0.80790700 0.72202700
vt 0.81628700 0.72202700
vt 0.81628700 0.71958800
vt 0.80790700 0.71958800
vt 0.80790700 0.71958800
vt 0.80790700 0.73179200
vt 0.79978900 0.73179200
vt 0.79978900 0.73423400
vt 0.79978900 0.73423400
vt 0.80790700 0.73423400
vt 0.80790700 0.73179200
vt 0.80790700 0.72936200
vt 0.79978900 0.72936200
vt 0.79978900 0.73179200
vt 0.80790700 0.72936200
vt 0.80790700 0.72690700
vt 0.79978900 0.72690700
vt 0.79978900 0.72936200
vt 0.80790700 0.72690700
vt 0.80790700 0.72690700
vt 0.80790700 0.72445300
vt 0.79978900 0.72445300
vt 0.79978900 0.72445300
vt 0.80790700 0.72445300
vt 0.80790700 0.72202700
vt 0.79978900 0.72202700
vt 0.79978900 0.72202700
vt 0.80790700 0.72202700
vt 0.80790700 0.71958800
vt 0.79978900 0.71958800
vt 0.79978900 0.71958800
vt 0.79031700 0.73423400
vt 0.79031700 0.73179200
vt 0.78230200 0.73179200
vt 0.78230200 0.73179200
vt 0.78230200 0.73423400
vt 0.79031700 0.73423400
vt 0.79031700 0.73179200
vt 0.79031700 0.72936200
vt 0.78230200 0.72936200
vt 0.78230200 0.72936200
vt 0.79031700 0.72936200
vt 0.79031700 0.72690700
vt 0.78230200 0.72690700
vt 0.78230200 0.72690700
vt 0.79031700 0.72690700
vt 0.79031700 0.72445300
vt 0.78230200 0.72445300
vt 0.78230200 0.72445300
vt 0.79031700 0.72445300
vt 0.79031700 0.72202700
vt 0.78230200 0.72202700
vt 0.78230200 0.72202700
vt 0.79031700 0.72202700
vt 0.79031700 0.71958800
vt 0.78230200 0.71958800
vt 0.78230200 0.71958800
vt 0.79978900 0.73179200
vt 0.79031700 0.73179200
vt 0.79031700 0.73423400
vt 0.79031700 0.73423400
vt 0.79978900 0.73423400
vt 0.79978900 0.73179200
vt 0.79978900 0.72936200
vt 0.79031700 0.72936200
vt 0.79031700 0.73179200
vt 0.79978900 0.72936200
vt 0.79978900 0.72690700
vt 0.79031700 0.72690700
vt 0.79031700 0.72936200
vt 0.79978900 0.72690700
vt 0.79031700 0.72445300
vt 0.79978900 0.72690700
vt 0.79978900 0.72445300
vt 0.79031700 0.72445300
vt 0.79031700 0.72202700
vt 0.79978900 0.72445300
vt 0.79978900 0.72202700
vt 0.79031700 0.72202700
vt 0.79031700 0.71958800
vt 0.79978900 0.72202700
vt 0.79978900 0.71958800
vt 0.79031700 0.71958800
vt 0.90449700 0.70394400
vt 0.83889100 0.70394400
vt 0.83889100 0.70638700
vt 0.83889100 0.70638700
vt 0.90449700 0.70638700
vt 0.90449700 0.70394400
vt 0.83889100 0.70881800
vt 0.83889100 0.70881800
vt 0.90449700 0.70881800
vt 0.90449700 0.70638700
vt 0.83889100 0.71127600
vt 0.83889100 0.71127600
vt 0.90449700 0.71127600
vt 0.90449700 0.70881800
vt 0.83889100 0.71373600
vt 0.83889100 0.71373600
vt 0.90449700 0.71373600
vt 0.90449700 0.71127600
vt 0.83889100 0.71617300
vt 0.83889100 0.71617300
vt 0.90449700 0.71617300
vt 0.90449700 0.71373600
vt 0.83889100 0.71862100
vt 0.83889100 0.71862100
vt 0.90449700 0.71862100
vt 0.90449700 0.71617300
vt 0.83889100 0.70394400
vt 0.83048800 0.70394400
vt 0.83048800 0.70638700
vt 0.83048800 0.70638700
vt 0.83889100 0.70638700
vt 0.83889100 0.70394400
vt 0.83048800 0.70881800
vt 0.83048800 0.70881800
vt 0.83889100 0.70881800
vt 0.83889100 0.70638700
vt 0.83048800 0.71127600
vt 0.83048800 0.71127600
vt 0.83889100 0.71127600
vt 0.83889100 0.70881800
vt 0.83048800 0.71373600
vt 0.83048800 0.71373600
vt 0.83889100 0.71373600
vt 0.83889100 0.71127600
vt 0.83048800 0.71617300
vt 0.83048800 0.71617300
vt 0.83889100 0.71617300
vt 0.83889100 0.71373600
vt 0.83048800 0.71862100
vt 0.83048800 0.71862100
vt 0.83889100 0.71862100
vt 0.83889100 0.71617300
vt 0.83048800 0.70394400
vt 0.82382300 0.70394400
vt 0.82382300 0.70638700
vt 0.82382300 0.70638700
vt 0.83048800 0.70638700
vt 0.83048800 0.70394400
vt 0.82382300 0.70881800
vt 0.82382300 0.70881800
vt 0.83048800 0.70881800
vt 0.83048800 0.70638700
vt 0.82382300 0.71127600
vt 0.82382300 0.71127600
vt 0.83048800 0.71127600
vt 0.83048800 0.70881800
vt 0.82382300 0.71373600
vt 0.82382300 0.71373600
vt 0.83048800 0.71373600
vt 0.83048800 0.71127600
vt 0.82382300 0.71617300
vt 0.82382300 0.71617300
vt 0.83048800 0.71617300
vt 0.83048800 0.71373600
vt 0.82382300 0.71862100
vt 0.82382300 0.71862100
vt 0.83048800 0.71862100
vt 0.83048800 0.71617300
vt 0.82382300 0.70394400
vt 0.81602500 0.70394400
vt 0.81602500 0.70638700
vt 0.81602500 0.70638700
vt 0.82382300 0.70638700
vt 0.82382300 0.70394400
vt 0.81602500 0.70881800
vt 0.81602500 0.70881800
vt 0.82382300 0.70881800
vt 0.82382300 0.70638700
vt 0.81602500 0.71127600
vt 0.81602500 0.71127600
vt 0.82382300 0.71127600
vt 0.82382300 0.70881800
vt 0.81602500 0.71373600
vt 0.81602500 0.71373600
vt 0.82382300 0.71373600
vt 0.82382300 0.71127600
vt 0.81602500 0.71617300
vt 0.81602500 0.71617300
vt 0.82382300 0.71617300
vt 0.82382300 0.71373600
vt 0.81602500 0.71862100
vt 0.81602500 0.71862100
vt 0.82382300 0.71862100
vt 0.82382300 0.71617300
vt 0.81602500 0.70394400
vt 0.80771200 0.70394400
vt 0.80771200 0.70638700
vt 0.80771200 0.70638700
vt 0.81602500 0.70638700
vt 0.81602500 0.70394400
vt 0.80771200 0.70881800
vt 0.80771200 0.70881800
vt 0.81602500 0.70881800
vt 0.81602500 0.70638700
vt 0.80771200 0.71127600
vt 0.80771200 0.71127600
vt 0.81602500 0.71127600
vt 0.81602500 0.70881800
vt 0.80771200 0.71373600
vt 0.80771200 0.71373600
vt 0.81602500 0.71373600
vt 0.81602500 0.71127600
vt 0.80771200 0.71617300
vt 0.80771200 0.71617300
vt 0.81602500 0.71617300
vt 0.81602500 0.71373600
vt 0.80771200 0.71862100
vt 0.80771200 0.71862100
vt 0.81602500 0.71862100
vt 0.81602500 0.71617300
vt 0.80771200 0.70638700
vt 0.80771200 0.70394400
vt 0.79965900 0.70394400
vt 0.79965900 0.70394400
vt 0.79965900 0.70638700
vt 0.80771200 0.70638700
vt 0.80771200 0.70881800
vt 0.79965900 0.70638700
vt 0.79965900 0.70881800
vt 0.80771200 0.70881800
vt 0.80771200 0.71127600
vt 0.79965900 0.70881800
vt 0.79965900 0.71127600
vt 0.80771200 0.71127600
vt 0.79965900 0.71373600
vt 0.79965900 0.71373600
vt 0.80771200 0.71373600
vt 0.80771200 0.71127600
vt 0.79965900 0.71617300
vt 0.79965900 0.71617300
vt 0.80771200 0.71617300
vt 0.80771200 0.71373600
vt 0.79965900 0.71862100
vt 0.79965900 0.71862100
vt 0.80771200 0.71862100
vt 0.80771200 0.71617300
vt 0.79026500 0.70394400
vt 0.78231500 0.70394400
vt 0.78231500 0.70638700
vt 0.78231500 0.70638700
vt 0.79026500 0.70638700
vt 0.79026500 0.70394400
vt 0.78231500 0.70881800
vt 0.78231500 0.70881800
vt 0.79026500 0.70881800
vt 0.79026500 0.70638700
vt 0.78231500 0.71127600
vt 0.78231500 0.71127600
vt 0.79026500 0.71127600
vt 0.79026500 0.70881800
vt 0.78231500 0.71373600
vt 0.78231500 0.71373600
vt 0.79026500 0.71373600
vt 0.79026500 0.71127600
vt 0.78231500 0.71617300
vt 0.78231500 0.71617300
vt 0.79026500 0.71617300
vt 0.79026500 0.71373600
vt 0.78231500 0.71862100
vt 0.78231500 0.71862100
vt 0.79026500 0.71862100
vt 0.79026500 0.71617300
vt 0.79965900 0.70638700
vt 0.79965900 0.70394400
vt 0.79026500 0.70394400
vt 0.79026500 0.70394400
vt 0.79026500 0.70638700
vt 0.79965900 0.70638700
vt 0.79965900 0.70881800
vt 0.79026500 0.70638700
vt 0.79026500 0.70881800
vt 0.79965900 0.70881800
vt 0.79965900 0.71127600
vt 0.79026500 0.70881800
vt 0.79026500 0.71127600
vt 0.79965900 0.71127600
vt 0.79026500 0.71373600
vt 0.79965900 0.71373600
vt 0.79965900 0.71127600
vt 0.79026500 0.71373600
vt 0.79026500 0.71617300
vt 0.79965900 0.71617300
vt 0.79965900 0.71373600
vt 0.79026500 0.71617300
vt 0.79026500 0.71862100
vt 0.79965900 0.71862100
vt 0.79965900 0.71617300
vt 0.79026500 0.71862100
f 1/1/1 2/2/2 3/3/3
f 7/7/7 8/8/8 9/9/9
f 10/10/10 11/11/11 12/12/12
f 13/13/13 14/14/14 15/15/15
f 16/16/16 17/17/17 18/18/18
f 19/19/19 20/20/20 21/21/21
f 22/22/22 23/23/23 24/24/24
f 25/25/25 26/26/26 27/27/27
f 28/28/28 29/29/29 30/30/30
f 31/31/31 32/32/32 33/33/33
f 34/34/34 35/35/35 36/36/36
f 46/46/46 47/47/47 48/48/48
f 55/55/55 56/56/56 57/57/57
f 58/58/58 59/59/59 60/60/60
f 67/67/67 68/68/68 69/69/69
f 70/70/70 71/71/71 72/72/72
f 79/79/79 80/80/80 81/81/81
f 82/82/82 83/83/83 84/84/84
f 91/91/91 92/92/92 93/93/93
f 94/94/94 95/95/95 96/96/96
f 103/103/103 104/104/104 105/105/105
f 106/106/106 107/107/107 108/108/108
f 109/109/109 110/110/110 111/111/111
f 112/112/112 113/113/113 114/114/114
f 121/121/121 122/122/122 123/123/123
f 124/124/124 125/125/125 126/126/126
f 133/133/133 134/134/134 135/135/135
f 136/136/136 137/137/137 138/138/138
f 145/145/145 146/146/146 147/147/147
f 148/148/148 149/149/149 150/150/150
f 157/157/157 158/158/158 159/159/159
f 160/160/160 161/161/161 162/162/162
f 169/169/169 170/170/170 171/171/171
f 172/172/172 173/173/173 174/174/174
f 175/175/175 176/176/176 177/177/177
f 178/178/178 179/179/179 180/180/180
f 181/181/181 182/182/182 183/183/183
f 187/187/187 188/188/188 189/189/189
f 190/190/190 191/191/191 192/192/192
f 193/193/193 194/194/194 195/195/195
f 199/199/199 200/200/200 201/201/201
f 202/202/202 203/203/203 204/204/204
f 205/205/205 206/206/206 207/207/207
f 208/208/208 209/209/209 210/210/210
f 211/211/211 212/212/212 213/213/213
f 214/214/214 215/215/215 216/216/216
f 217/217/217 218/218/218 219/219/219
f 220/220/220 221/221/221 222/222/222
f 226/226/226 227/227/227 228/228/228
f 229/229/229 230/230/230 231/231/231
f 232/232/232 233/233/233 234/234/234
f 235/235/235 236/236/236 237/237/237
f 238/238/238 239/239/239 240/240/240
f 241/241/241 242/242/242 243/243/243
f 244/244/244 245/245/245 246/246/246
f 247/247/247 248/248/248 249/249/249
f 250/250/250 251/251/251 252/252/252
f 253/253/253 254/254/254 255/255/255
f 256/256/256 257/257/257 258/258/258
f 259/259/259 260/260/260 261/261/261
f 262/262/262 263/263/263 264/264/264
f 265/265/265 266/266/266 267/267/267
f 268/268/268 269/269/269 270/270/270
f 271/271/271 272/272/272 273/273/273
f 274/274/274 275/275/275 276/276/276
f 277/277/277 278/278/278 279/279/279
f 280/280/280 281/281/281 282/282/282
f 283/283/283 284/284/284 285/285/285
f 286/286/286 287/287/287 288/288/288
f 289/289/289 290/290/290 291/291/291
f 292/292/292 293/293/293 294/294/294
f 295/295/295 296/296/296 297/297/297
f 298/298/298 299/299/299 300/300/300
f 301/301/301 302/302/302 303/303/303
f 304/304/304 305/305/305 306/306/306
f 307/307/307 308/308/308 309/309/309
f 310/310/310 311/311/311 312/312/312
f 313/313/313 314/314/314 315/315/315
f 316/316/316 317/317/317 318/318/318
f 319/319/319 320/320/320 321/321/321
f 322/322/322 323/323/323 324/324/324
f 325/325/325 326/326/326 327/327/327
f 328/328/328 329/329/329 330/330/330
f 331/331/331 332/332/332 333/333/333
f 334/334/334 335/335/335 336/336/336
f 337/337/337 338/338/338 339/339/339
f 340/340/340 341/341/341 342/342/342
f 343/343/343 344/344/344 345/345/345
f 346/346/346 347/347/347 348/348/348
f 349/349/349 350/350/350 351/351/351
f 352/352/352 353/353/353 354/354/354
f 355/355/355 356/356/356 357/357/357
f 358/358/358 359/359/359 360/360/360
f 361/361/361 362/362/362 363/363/363
f 364/364/364 365/365/365 366/366/366
f 367/367/367 368/368/368 369/369/369
f 370/370/370 371/371/371 372/372/372
f 373/373/373 374/374/374 375/375/375
f 376/376/376 377/377/377 378/378/378
f 419/419/419 420/420/420 421/421/421
f 422/422/422 423/423/423 424/424/424
f 425/425/425 426/426/426 427/427/427
f 428/428/428 429/429/429 430/430/430
f 431/431/431 432/432/432 433/433/433
f 434/434/434 435/435/435 436/436/436
f 455/455/455 456/456/456 457/457/457
f 458/458/458 459/459/459 460/460/460
f 461/461/461 462/462/462 463/463/463
f 464/464/464 465/465/465 466/466/466
f 467/467/467 468/468/468 469/469/469
f 470/470/470 471/471/471 472/472/472
f 491/491/491 492/492/492 493/493/493
f 494/494/494 495/495/495 496/496/496
f 497/497/497 498/498/498 499/499/499
f 500/500/500 501/501/501 502/502/502
f 503/503/503 504/504/504 505/505/505
f 506/506/506 507/507/507 508/508/508
f 527/527/527 528/528/528 529/529/529
f 530/530/530 531/531/531 532/532/532
f 533/533/533 534/534/534 535/535/535
f 536/536/536 537/537/537 538/538/538
f 539/539/539 540/540/540 541/541/541
f 542/542/542 543/543/543 544/544/544
f 563/563/563 564/564/564 565/565/565
f 566/566/566 567/567/567 568/568/568
f 569/569/569 570/570/570 571/571/571
f 572/572/572 573/573/573 574/574/574
f 575/575/575 576/576/576 577/577/577
f 578/578/578 579/579/579 580/580/580
f 599/599/599 600/600/600 601/601/601
f 602/602/602 603/603/603 604/604/604
f 605/605/605 606/606/606 607/607/607
f 608/608/608 609/609/609 610/610/610
f 611/611/611 612/612/612 613/613/613
f 614/614/614 615/615/615 616/616/616
f 635/635/635 636/636/636 637/637/637
f 638/638/638 639/639/639 640/640/640
f 641/641/641 642/642/642 643/643/643
f 644/644/644 645/645/645 646/646/646
f 647/647/647 648/648/648 649/649/649
f 650/650/650 651/651/651 652/652/652
f 671/671/671 672/672/672 673/673/673
f 674/674/674 675/675/675 676/676/676
f 677/677/677 678/678/678 679/679/679
f 680/680/680 681/681/681 682/682/682
f 683/683/683 684/684/684 685/685/685
f 686/686/686 687/687/687 688/688/688
f 707/707/707 708/708/708 709/709/709
f 710/710/710 711/711/711 712/712/712
f 713/713/713 714/714/714 715/715/715
f 716/716/716 717/717/717 718/718/718
f 719/719/719 720/720/720 721/721/721
f 722/722/722 723/723/723 724/724/724
f 743/743/743 744/744/744 745/745/745
f 746/746/746 747/747/747 748/748/748
f 749/749/749 750/750/750 751/751/751
f 752/752/752 753/753/753 754/754/754
f 755/755/755 756/756/756 757/757/757
f 758/758/758 759/759/759 760/760/760
f 779/779/779 780/780/780 781/781/781
f 782/782/782 783/783/783 784/784/784
f 785/785/785 786/786/786 787/787/787
f 788/788/788 789/789/789 790/790/790
f 791/791/791 792/792/792 793/793/793
f 794/794/794 795/795/795 796/796/796
f 1277/1277/1277 1278/1278/1278 1279/1279/1279
f 1280/1280/1280 1281/1281/1281 1282/1282/1282
f 1283/1283/1283 1284/1284/1284 1285/1285/1285
f 1286/1286/1286 1287/1287/1287 1288/1288/1288
f 1289/1289/1289 1290/1290/1290 1291/1291/1291
f 1292/1292/1292 1293/1293/1293 1294/1294/1294
f 1295/1295/1295 1296/1296/1296 1297/1297/1297
f 1298/1298/1298 1299/1299/1299 1300/1300/1300
f 1301/1301/1301 1302/1302/1302 1303/1303/1303
f 1304/1304/1304 1305/1305/1305 1306/1306/1306
f 1307/1307/1307 1308/1308/1308 1309/1309/1309
f 1310/1310/1310 1311/1311/1311 1312/1312/1312
f 1319/1319/1319 1320/1320/1320 1321/1321/1321
f 1322/1322/1322 1323/1323/1323 1324/1324/1324
f 1331/1331/1331 1332/1332/1332 1333/1333/1333
f 1334/1334/1334 1335/1335/1335 1336/1336/1336
f 1343/1343/1343 1344/1344/1344 1345/1345/1345
f 1346/1346/1346 1347/1347/1347 1348/1348/1348
f 1355/1355/1355 1356/1356/1356 1357/1357/1357
f 1358/1358/1358 1359/1359/1359 1360/1360/1360
f 1367/1367/1367 1368/1368/1368 1369/1369/1369
f 1370/1370/1370 1371/1371/1371 1372/1372/1372
f 1379/1379/1379 1380/1380/1380 1381/1381/1381
f 1382/1382/1382 1383/1383/1383 1384/1384/1384
f 1385/1385/1385 1386/1386/1386 1387/1387/1387
f 1388/1388/1388 1389/1389/1389 1390/1390/1390
f 1397/1397/1397 1398/1398/1398 1399/1399/1399
f 1400/1400/1400 1401/1401/1401 1402/1402/1402
f 1412/1412/1412 1413/1413/1413 1414/1414/1414
f 1421/1421/1421 1422/1422/1422 1423/1423/1423
f 1424/1424/1424 1425/1425/1425 1426/1426/1426
f 1433/1433/1433 1434/1434/1434 1435/1435/1435
f 1436/1436/1436 1437/1437/1437 1438/1438/1438
f 1445/1445/1445 1446/1446/1446 1447/1447/1447
f 1448/1448/1448 1449/1449/1449 1450/1450/1450
f 1451/1451/1451 1452/1452/1452 1453/1453/1453
f 1454/1454/1454 1455/1455/1455 1456/1456/1456
f 1457/1457/1457 1458/1458/1458 1459/1459/1459
f 1463/1463/1463 1464/1464/1464 1465/1465/1465
f 1466/1466/1466 1467/1467/1467 1468/1468/1468
f 1475/1475/1475 1476/1476/1476 1477/1477/1477
f 1478/1478/1478 1479/1479/1479 1480/1480/1480
f 1481/1481/1481 1482/1482/1482 1483/1483/1483
f 1487/1487/1487 1488/1488/1488 1489/1489/1489
f 1490/1490/1490 1491/1491/1491 1492/1492/1492
f 1493/1493/1493 1494/1494/1494 1495/1495/1495
f 1499/1499/1499 1500/1500/1500 1501/1501/1501
f 1502/1502/1502 1503/1503/1503 1504/1504/1504
f 1505/1505/1505 1506/1506/1506 1507/1507/1507
f 1511/1511/1511 1512/1512/1512 1513/1513/1513
f 1514/1514/1514 1515/1515/1515 1516/1516/1516
f 1517/1517/1517 1518/1518/1518 1519/1519/1519
f 1520/1520/1520 1521/1521/1521 1522/1522/1522
f 1523/1523/1523 1524/1524/1524 1525/1525/1525
f 1526/1526/1526 1527/1527/1527 1528/1528/1528
f 1529/1529/1529 1530/1530/1530 1531/1531/1531
f 1532/1532/1532 1533/1533/1533 1534/1534/1534
f 1535/1535/1535 1536/1536/1536 1537/1537/1537
f 1538/1538/1538 1539/1539/1539 1540/1540/1540
f 1544/1544/1544 1545/1545/1545 1546/1546/1546
f 1547/1547/1547 1548/1548/1548 1549/1549/1549
f 1550/1550/1550 1551/1551/1551 1552/1552/1552
f 1553/1553/1553 1554/1554/1554 1555/1555/1555
f 1556/1556/1556 1557/1557/1557 1558/1558/1558
f 1559/1559/1559 1560/1560/1560 1561/1561/1561
f 1562/1562/1562 1563/1563/1563 1564/1564/1564
f 1565/1565/1565 1566/1566/1566 1567/1567/1567
f 1568/1568/1568 1569/1569/1569 1570/1570/1570
f 1571/1571/1571 1572/1572/1572 1573/1573/1573
f 1574/1574/1574 1575/1575/1575 1576/1576/1576
f 1577/1577/1577 1578/1578/1578 1579/1579/1579
f 1580/1580/1580 1581/1581/1581 1582/1582/1582
f 1583/1583/1583 1584/1584/1584 1585/1585/1585
f 1586/1586/1586 1587/1587/1587 1588/1588/1588
f 1589/1589/1589 1590/1590/1590 1591/1591/1591
f 1592/1592/1592 1593/1593/1593 1594/1594/1594
f 1595/1595/1595 1596/1596/1596 1597/1597/1597
f 1598/1598/1598 1599/1599/1599 1600/1600/1600
f 1601/1601/1601 1602/1602/1602 1603/1603/1603
f 1604/1604/1604 1605/1605/1605 1606/1606/1606
f 1607/1607/1607 1608/1608/1608 1609/1609/1609
f 1610/1610/1610 1611/1611/1611 1612/1612/1612
f 1613/1613/1613 1614/1614/1614 1615/1615/1615
f 1616/1616/1616 1617/1617/1617 1618/1618/1618
f 1619/1619/1619 1620/1620/1620 1621/1621/1621
f 1622/1622/1622 1623/1623/1623 1624/1624/1624
f 1625/1625/1625 1626/1626/1626 1627/1627/1627
f 1628/1628/1628 1629/1629/1629 1630/1630/1630
f 1631/1631/1631 1632/1632/1632 1633/1633/1633
f 1634/1634/1634 1635/1635/1635 1636/1636/1636
f 1637/1637/1637 1638/1638/1638 1639/1639/1639
f 1640/1640/1640 1641/1641/1641 1642/1642/1642
f 1643/1643/1643 1644/1644/1644 1645/1645/1645
f 1646/1646/1646 1647/1647/1647 1648/1648/1648
f 1649/1649/1649 1650/1650/1650 1651/1651/1651
f 1652/1652/1652 1653/1653/1653 1654/1654/1654
f 1719/1719/1719 1720/1720/1720 1721/1721/1721
f 1722/1722/1722 1723/1723/1723 1724/1724/1724
f 1725/1725/1725 1726/1726/1726 1727/1727/1727
f 1728/1728/1728 1729/1729/1729 1730/1730/1730
f 1731/1731/1731 1732/1732/1732 1733/1733/1733
f 1734/1734/1734 1735/1735/1735 1736/1736/1736
f 1755/1755/1755 1756/1756/1756 1757/1757/1757
f 1758/1758/1758 1759/1759/1759 1760/1760/1760
f 1761/1761/1761 1762/1762/1762 1763/1763/1763
f 1764/1764/1764 1765/1765/1765 1766/1766/1766
f 1767/1767/1767 1768/1768/1768 1769/1769/1769
f 1770/1770/1770 1771/1771/1771 1772/1772/1772
f 1794/1794/1794 1795/1795/1795 1796/1796/1796
f 1797/1797/1797 1798/1798/1798 1799/1799/1799
f 1800/1800/1800 1801/1801/1801 1802/1802/1802
f 1803/1803/1803 1804/1804/1804 1805/1805/1805
f 1806/1806/1806 1807/1807/1807 1808/1808/1808
f 1833/1833/1833 1834/1834/1834 1835/1835/1835
f 1836/1836/1836 1837/1837/1837 1838/1838/1838
f 1839/1839/1839 1840/1840/1840 1841/1841/1841
f 1842/1842/1842 1843/1843/1843 1844/1844/1844
f 1869/1869/1869 1870/1870/1870 1871/1871/1871
f 1872/1872/1872 1873/1873/1873 1874/1874/1874
f 1875/1875/1875 1876/1876/1876 1877/1877/1877
f 1878/1878/1878 1879/1879/1879 1880/1880/1880
f 1899/1899/1899 1900/1900/1900 1901/1901/1901
f 1902/1902/1902 1903/1903/1903 1904/1904/1904
f 1905/1905/1905 1906/1906/1906 1907/1907/1907
f 1908/1908/1908 1909/1909/1909 1910/1910/1910
f 1911/1911/1911 1912/1912/1912 1913/1913/1913
f 1914/1914/1914 1915/1915/1915 1916/1916/1916
f 1938/1938/1938 1939/1939/1939 1940/1940/1940
f 1941/1941/1941 1942/1942/1942 1943/1943/1943
f 1944/1944/1944 1945/1945/1945 1946/1946/1946
f 1947/1947/1947 1948/1948/1948 1949/1949/1949
f 1950/1950/1950 1951/1951/1951 1952/1952/1952
f 1971/1971/1971 1972/1972/1972 1973/1973/1973
f 1974/1974/1974 1975/1975/1975 1976/1976/1976
f 1977/1977/1977 1978/1978/1978 1979/1979/1979
f 1980/1980/1980 1981/1981/1981 1982/1982/1982
f 1983/1983/1983 1984/1984/1984 1985/1985/1985
f 1986/1986/1986 1987/1987/1987 1988/1988/1988
f 2013/2013/2013 2014/2014/2014 2015/2015/2015
f 2016/2016/2016 2017/2017/2017 2018/2018/2018
f 2019/2019/2019 2020/2020/2020 2021/2021/2021
f 2022/2022/2022 2023/2023/2023 2024/2024/2024
f 2049/2049/2049 2050/2050/2050 2051/2051/2051
f 2052/2052/2052 2053/2053/2053 2054/2054/2054
f 2055/2055/2055 2056/2056/2056 2057/2057/2057
f 2058/2058/2058 2059/2059/2059 2060/2060/2060
f 2082/2082/2082 2083/2083/2083 2084/2084/2084
f 2085/2085/2085 2086/2086/2086 2087/2087/2087
f 2088/2088/2088 2089/2089/2089 2090/2090/2090
f 2091/2091/2091 2092/2092/2092 2093/2093/2093
f 2094/2094/2094 2095/2095/2095 2096/2096/2096
f 2663/2663/2663 2665/2665/2665 2666/2666/2666
f 2666/2666/2666 2667/2667/2667 2663/2663/2663
f 2668/2668/2668 2670/2670/2670 2671/2671/2671
f 2671/2671/2671 2673/2673/2673 2668/2668/2668
f 2674/2674/2674 2675/2675/2675 2676/2676/2676
f 2676/2676/2676 2677/2677/2677 2674/2674/2674
f 2650/2650/2650 2659/2659/2659 2662/2662/2662
f 2662/2662/2662 2651/2651/2651 2650/2650/2650
f 2700/2700/2700 2701/2701/2701 2702/2702/2702
f 2702/2702/2702 2703/2703/2703 2700/2700/2700
f 2664/2664/2664 2669/2669/2669 2672/2672/2672
f 2673/2673/2673 2666/2666/2666 2665/2665/2665
f 2720/2720/2720 2721/2721/2721 2722/2722/2722
f 2722/2722/2722 2723/2723/2723 2720/2720/2720
f 2675/2675/2675 2684/2684/2684 2687/2687/2687
f 2687/2687/2687 2676/2676/2676 2675/2675/2675
f 2756/2756/2756 2757/2757/2757 2758/2758/2758
f 2758/2758/2758 2759/2759/2759 2756/2756/2756
f 2858/2858/2858 2859/2859/2859 2860/2860/2860
f 2861/2861/2861 2862/2862/2862 2863/2863/2863
f 3223/3223/3223 3224/3224/3224 3225/3225/3225
f 3226/3226/3226 3227/3227/3227 3228/3228/3228
f 3229/3229/3229 3230/3230/3230 3231/3231/3231
f 3232/3232/3232 3233/3233/3233 3234/3234/3234
f 3235/3235/3235 3236/3236/3236 3237/3237/3237
f 3238/3238/3238 3239/3239/3239 3240/3240/3240
f 3241/3241/3241 3242/3242/3242 3243/3243/3243
f 3244/3244/3244 3245/3245/3245 3246/3246/3246
f 3247/3247/3247 3248/3248/3248 3249/3249/3249
f 3250/3250/3250 3251/3251/3251 3252/3252/3252
f 3253/3253/3253 3254/3254/3254 3255/3255/3255
f 3256/3256/3256 3257/3257/3257 3258/3258/3258
f 3259/3259/3259 3260/3260/3260 3261/3261/3261
f 3262/3262/3262 3263/3263/3263 3264/3264/3264
f 3265/3265/3265 3266/3266/3266 3267/3267/3267
f 3268/3268/3268 3269/3269/3269 3270/3270/3270
f 3271/3271/3271 3272/3272/3272 3273/3273/3273
f 3277/3277/3277 3278/3278/3278 3279/3279/3279
f 3280/3280/3280 3281/3281/3281 3282/3282/3282
f 3283/3283/3283 3284/3284/3284 3285/3285/3285
f 3286/3286/3286 3287/3287/3287 3288/3288/3288
f 3289/3289/3289 3290/3290/3290 3291/3291/3291
f 3292/3292/3292 3293/3293/3293 3294/3294/3294
f 3295/3295/3295 3296/3296/3296 3297/3297/3297
f 3298/3298/3298 3299/3299/3299 3300/3300/3300
f 3301/3301/3301 3302/3302/3302 3303/3303/3303
f 3304/3304/3304 3305/3305/3305 3306/3306/3306
f 3307/3307/3307 3308/3308/3308 3309/3309/3309
f 3310/3310/3310 3311/3311/3311 3312/3312/3312
f 3313/3313/3313 3314/3314/3314 3315/3315/3315
f 3316/3316/3316 3317/3317/3317 3318/3318/3318
f 3319/3319/3319 3320/3320/3320 3321/3321/3321
f 3322/3322/3322 3323/3323/3323 3324/3324/3324
f 3325/3325/3325 3326/3326/3326 3327/3327/3327
f 3328/3328/3328 3329/3329/3329 3330/3330/3330
f 3331/3331/3331 3332/3332/3332 3333/3333/3333
f 3337/3337/3337 3338/3338/3338 3339/3339/3339
f 3340/3340/3340 3341/3341/3341 3342/3342/3342
f 3343/3343/3343 3344/3344/3344 3345/3345/3345
f 3346/3346/3346 3347/3347/3347 3348/3348/3348
f 3349/3349/3349 3350/3350/3350 3351/3351/3351
f 3352/3352/3352 3353/3353/3353 3354/3354/3354
f 3355/3355/3355 3356/3356/3356 3357/3357/3357
f 3358/3358/3358 3359/3359/3359 3360/3360/3360
f 3361/3361/3361 3362/3362/3362 3363/3363/3363
f 3364/3364/3364 3365/3365/3365 3366/3366/3366
f 3367/3367/3367 3368/3368/3368 3369/3369/3369
f 3370/3370/3370 3371/3371/3371 3372/3372/3372
f 3373/3373/3373 3374/3374/3374 3375/3375/3375
f 3376/3376/3376 3377/3377/3377 3378/3378/3378
f 3379/3379/3379 3380/3380/3380 3381/3381/3381
f 3382/3382/3382 3383/3383/3383 3384/3384/3384
f 3385/3385/3385 3386/3386/3386 3387/3387/3387
f 3388/3388/3388 3389/3389/3389 3390/3390/3390
f 3391/3391/3391 3392/3392/3392 3393/3393/3393
f 3394/3394/3394 3395/3395/3395 3396/3396/3396
f 3397/3397/3397 3398/3398/3398 3399/3399/3399
f 3400/3400/3400 3401/3401/3401 3402/3402/3402
f 3403/3403/3403 3404/3404/3404 3405/3405/3405
f 3406/3406/3406 3407/3407/3407 3408/3408/3408
f 3412/3412/3412 3413/3413/3413 3414/3414/3414
f 3415/3415/3415 3416/3416/3416 3417/3417/3417
f 3418/3418/3418 3419/3419/3419 3420/3420/3420
f 3421/3421/3421 3422/3422/3422 3423/3423/3423
f 3424/3424/3424 3425/3425/3425 3426/3426/3426
f 3427/3427/3427 3428/3428/3428 3429/3429/3429
f 3433/3433/3433 3434/3434/3434 3435/3435/3435
f 3436/3436/3436 3437/3437/3437 3438/3438/3438
f 3439/3439/3439 3440/3440/3440 3441/3441/3441
f 3442/3442/3442 3443/3443/3443 3444/3444/3444
f 3445/3445/3445 3446/3446/3446 3447/3447/3447
f 3448/3448/3448 3449/3449/3449 3450/3450/3450
f 3451/3451/3451 3452/3452/3452 3453/3453/3453
f 3454/3454/3454 3455/3455/3455 3456/3456/3456
f 3457/3457/3457 3458/3458/3458 3459/3459/3459
f 3460/3460/3460 3461/3461/3461 3462/3462/3462
f 3463/3463/3463 3464/3464/3464 3465/3465/3465
f 3466/3466/3466 3467/3467/3467 3468/3468/3468
f 3469/3469/3469 3470/3470/3470 3471/3471/3471
f 3472/3472/3472 3473/3473/3473 3474/3474/3474
f 3475/3475/3475 3476/3476/3476 3477/3477/3477
f 3478/3478/3478 3479/3479/3479 3480/3480/3480
f 3481/3481/3481 3482/3482/3482 3483/3483/3483
f 3484/3484/3484 3485/3485/3485 3486/3486/3486
f 3487/3487/3487 3488/3488/3488 3489/3489/3489
f 3490/3490/3490 3491/3491/3491 3492/3492/3492
f 3493/3493/3493 3494/3494/3494 3495/3495/3495
f 3499/3499/3499 3500/3500/3500 3501/3501/3501
f 3502/3502/3502 3503/3503/3503 3504/3504/3504
f 3505/3505/3505 3506/3506/3506 3507/3507/3507
f 3508/3508/3508 3509/3509/3509 3510/3510/3510
f 3511/3511/3511 3512/3512/3512 3513/3513/3513
f 3514/3514/3514 3515/3515/3515 3516/3516/3516
f 3517/3517/3517 3518/3518/3518 3519/3519/3519
f 3520/3520/3520 3521/3521/3521 3522/3522/3522
f 3523/3523/3523 3524/3524/3524 3525/3525/3525
f 3526/3526/3526 3527/3527/3527 3528/3528/3528
f 3529/3529/3529 3530/3530/3530 3531/3531/3531
f 3535/3535/3535 3536/3536/3536 3537/3537/3537
f 3538/3538/3538 3539/3539/3539 3540/3540/3540
f 3541/3541/3541 3542/3542/3542 3543/3543/3543
f 3547/3547/3547 3548/3548/3548 3549/3549/3549
f 3550/3550/3550 3551/3551/3551 3552/3552/3552
f 3553/3553/3553 3554/3554/3554 3555/3555/3555
f 3556/3556/3556 3557/3557/3557 3558/3558/3558
f 3559/3559/3559 3560/3560/3560 3561/3561/3561
f 3562/3562/3562 3563/3563/3563 3564/3564/3564
f 3565/3565/3565 3566/3566/3566 3567/3567/3567
f 3568/3568/3568 3569/3569/3569 3570/3570/3570
f 3571/3571/3571 3572/3572/3572 3573/3573/3573
f 3574/3574/3574 3575/3575/3575 3576/3576/3576
f 3577/3577/3577 3578/3578/3578 3579/3579/3579
f 3580/3580/3580 3581/3581/3581 3582/3582/3582
f 3583/3583/3583 3584/3584/3584 3585/3585/3585
f 3586/3586/3586 3587/3587/3587 3588/3588/3588
f 3589/3589/3589 3590/3590/3590 3591/3591/3591
f 3592/3592/3592 3593/3593/3593 3594/3594/3594
f 3595/3595/3595 3596/3596/3596 3597/3597/3597
f 3598/3598/3598 3599/3599/3599 3600/3600/3600
f 3601/3601/3601 3602/3602/3602 3603/3603/3603
f 3604/3604/3604 3605/3605/3605 3606/3606/3606
f 3607/3607/3607 3608/3608/3608 3609/3609/3609
f 3610/3610/3610 3611/3611/3611 3612/3612/3612
f 3613/3613/3613 3614/3614/3614 3615/3615/3615
f 3616/3616/3616 3617/3617/3617 3618/3618/3618
f 3619/3619/3619 3620/3620/3620 3621/3621/3621
f 3622/3622/3622 3623/3623/3623 3624/3624/3624
f 3625/3625/3625 3626/3626/3626 3627/3627/3627
f 3628/3628/3628 3629/3629/3629 3630/3630/3630
f 3634/3634/3634 3635/3635/3635 3636/3636/3636
f 3637/3637/3637 3638/3638/3638 3639/3639/3639
f 3640/3640/3640 3641/3641/3641 3642/3642/3642
f 3643/3643/3643 3644/3644/3644 3645/3645/3645
f 3646/3646/3646 3647/3647/3647 3648/3648/3648
f 3649/3649/3649 3650/3650/3650 3651/3651/3651
f 3652/3652/3652 3653/3653/3653 3654/3654/3654
f 3655/3655/3655 3656/3656/3656 3657/3657/3657
f 3658/3658/3658 3659/3659/3659 3660/3660/3660
f 3661/3661/3661 3662/3662/3662 3663/3663/3663
f 3664/3664/3664 3665/3665/3665 3666/3666/3666
f 3667/3667/3667 3668/3668/3668 3669/3669/3669
f 3670/3670/3670 3671/3671/3671 3672/3672/3672
f 3673/3673/3673 3674/3674/3674 3675/3675/3675
f 3676/3676/3676 3677/3677/3677 3678/3678/3678
f 3679/3679/3679 3680/3680/3680 3681/3681/3681
f 3682/3682/3682 3683/3683/3683 3684/3684/3684
f 3688/3688/3688 3689/3689/3689 3690/3690/3690
f 3691/3691/3691 3692/3692/3692 3693/3693/3693
f 3694/3694/3694 3695/3695/3695 3696/3696/3696
f 3697/3697/3697 3698/3698/3698 3699/3699/3699
f 3700/3700/3700 3701/3701/3701 3702/3702/3702
f 3703/3703/3703 3704/3704/3704 3705/3705/3705
f 3706/3706/3706 3707/3707/3707 3708/3708/3708
f 3709/3709/3709 3710/3710/3710 3711/3711/3711
f 3712/3712/3712 3713/3713/3713 3714/3714/3714
f 3715/3715/3715 3716/3716/3716 3717/3717/3717
f 3718/3718/3718 3719/3719/3719 3720/3720/3720
f 3721/3721/3721 3722/3722/3722 3723/3723/3723
f 3724/3724/3724 3725/3725/3725 3726/3726/3726
f 3727/3727/3727 3728/3728/3728 3729/3729/3729
f 3730/3730/3730 3731/3731/3731 3732/3732/3732
f 3733/3733/3733 3734/3734/3734 3735/3735/3735
f 3736/3736/3736 3737/3737/3737 3738/3738/3738
f 3739/3739/3739 3740/3740/3740 3741/3741/3741
f 3742/3742/3742 3743/3743/3743 3744/3744/3744
f 3745/3745/3745 3746/3746/3746 3747/3747/3747
f 3940/3940/3940 3941/3941/3941 3942/3942/3942
f 3943/3943/3943 3944/3944/3944 3945/3945/3945
f 3946/3946/3946 3947/3947/3947 3948/3948/3948
f 3949/3949/3949 3950/3950/3950 3951/3951/3951
f 3952/3952/3952 3953/3953/3953 3954/3954/3954
f 3954/3954/3954 3955/3955/3955 3952/3952/3952
f 3956/3956/3956 3957/3957/3957 3958/3958/3958
f 3959/3959/3959 3960/3960/3960 3961/3961/3961
f 3962/3962/3962 3963/3963/3963 3964/3964/3964
f 3965/3965/3965 3966/3966/3966 3967/3967/3967
f 3968/3968/3968 3969/3969/3969 3970/3970/3970
f 3971/3971/3971 3972/3972/3972 3973/3973/3973
f 3974/3974/3974 3975/3975/3975 3976/3976/3976
f 3977/3977/3977 3978/3978/3978 3979/3979/3979
f 3980/3980/3980 3981/3981/3981 3982/3982/3982
f 3983/3983/3983 3984/3984/3984 3985/3985/3985
f 3986/3986/3986 3987/3987/3987 3988/3988/3988
f 3989/3989/3989 3990/3990/3990 3991/3991/3991
f 3992/3992/3992 3993/3993/3993 3994/3994/3994
f 3995/3995/3995 3996/3996/3996 3997/3997/3997
f 3998/3998/3998 3999/3999/3999 4000/4000/4000
f 4001/4001/4001 4002/4002/4002 4003/4003/4003
f 4004/4004/4004 4005/4005/4005 4006/4006/4006
f 4007/4007/4007 4008/4008/4008 4009/4009/4009
f 4010/4010/4010 4011/4011/4011 4012/4012/4012
f 4013/4013/4013 4014/4014/4014 4015/4015/4015
f 4016/4016/4016 4017/4017/4017 4018/4018/4018
f 4019/4019/4019 4020/4020/4020 4021/4021/4021
f 4022/4022/4022 4023/4023/4023 4024/4024/4024
f 4025/4025/4025 4026/4026/4026 4027/4027/4027
f 4028/4028/4028 4029/4029/4029 4030/4030/4030
f 4031/4031/4031 4032/4032/4032 4033/4033/4033
f 4034/4034/4034 4035/4035/4035 4036/4036/4036
f 4036/4036/4036 4037/4037/4037 4034/4034/4034
f 4038/4038/4038 4039/4039/4039 4040/4040/4040
f 4041/4041/4041 4042/4042/4042 4043/4043/4043
f 4044/4044/4044 4045/4045/4045 4046/4046/4046
f 4047/4047/4047 4048/4048/4048 4049/4049/4049
f 4050/4050/4050 4051/4051/4051 4052/4052/4052
f 4053/4053/4053 4054/4054/4054 4055/4055/4055
f 4056/4056/4056 4057/4057/4057 4058/4058/4058
f 4059/4059/4059 4060/4060/4060 4061/4061/4061
f 4062/4062/4062 4063/4063/4063 4064/4064/4064
f 4065/4065/4065 4066/4066/4066 4067/4067/4067
f 4068/4068/4068 4069/4069/4069 4070/4070/4070
f 4071/4071/4071 4072/4072/4072 4073/4073/4073
f 4074/4074/4074 4075/4075/4075 4076/4076/4076
f 4077/4077/4077 4078/4078/4078 4079/4079/4079
f 4080/4080/4080 4081/4081/4081 4082/4082/4082
f 4083/4083/4083 4084/4084/4084 4085/4085/4085
f 4086/4086/4086 4087/4087/4087 4088/4088/4088
f 4089/4089/4089 4090/4090/4090 4091/4091/4091
f 4092/4092/4092 4093/4093/4093 4094/4094/4094
f 4095/4095/4095 4096/4096/4096 4097/4097/4097
f 4098/4098/4098 4099/4099/4099 4100/4100/4100
f 4101/4101/4101 4102/4102/4102 4103/4103/4103
f 4104/4104/4104 4105/4105/4105 4106/4106/4106
f 4107/4107/4107 4108/4108/4108 4109/4109/4109
f 4110/4110/4110 4111/4111/4111 4112/4112/4112
f 4113/4113/4113 4114/4114/4114 4115/4115/4115
f 4116/4116/4116 4117/4117/4117 4118/4118/4118
f 4119/4119/4119 4120/4120/4120 4121/4121/4121
f 4122/4122/4122 4123/4123/4123 4124/4124/4124
f 4125/4125/4125 4126/4126/4126 4127/4127/4127
f 4128/4128/4128 4129/4129/4129 4130/4130/4130
f 4131/4131/4131 4132/4132/4132 4133/4133/4133
f 4134/4134/4134 4135/4135/4135 4136/4136/4136
f 4137/4137/4137 4138/4138/4138 4139/4139/4139
f 4140/4140/4140 4141/4141/4141 4142/4142/4142
f 4143/4143/4143 4144/4144/4144 4145/4145/4145
f 4146/4146/4146 4147/4147/4147 4148/4148/4148
f 4149/4149/4149 4150/4150/4150 4151/4151/4151
f 4152/4152/4152 4153/4153/4153 4154/4154/4154
f 4155/4155/4155 4156/4156/4156 4157/4157/4157
f 4158/4158/4158 4159/4159/4159 4160/4160/4160
f 4161/4161/4161 4162/4162/4162 4163/4163/4163
f 4164/4164/4164 4165/4165/4165 4166/4166/4166
f 4167/4167/4167 4168/4168/4168 4169/4169/4169
f 4170/4170/4170 4171/4171/4171 4172/4172/4172
f 4173/4173/4173 4174/4174/4174 4175/4175/4175
f 4176/4176/4176 4177/4177/4177 4178/4178/4178
f 4179/4179/4179 4180/4180/4180 4181/4181/4181
f 4182/4182/4182 4183/4183/4183 4184/4184/4184
f 4185/4185/4185 4186/4186/4186 4187/4187/4187
f 4188/4188/4188 4189/4189/4189 4190/4190/4190
f 4191/4191/4191 4192/4192/4192 4193/4193/4193
f 4194/4194/4194 4195/4195/4195 4196/4196/4196
f 4197/4197/4197 4198/4198/4198 4199/4199/4199
f 4200/4200/4200 4201/4201/4201 4202/4202/4202
f 4203/4203/4203 4204/4204/4204 4205/4205/4205
f 4206/4206/4206 4207/4207/4207 4208/4208/4208
f 4209/4209/4209 4210/4210/4210 4211/4211/4211
f 4212/4212/4212 4213/4213/4213 4214/4214/4214
f 4215/4215/4215 4216/4216/4216 4217/4217/4217
f 4218/4218/4218 4219/4219/4219 4220/4220/4220
f 4221/4221/4221 4222/4222/4222 4223/4223/4223
f 4224/4224/4224 4225/4225/4225 4226/4226/4226
f 4227/4227/4227 4228/4228/4228 4229/4229/4229
f 4230/4230/4230 4231/4231/4231 4232/4232/4232
f 4233/4233/4233 4234/4234/4234 4235/4235/4235
f 4236/4236/4236 4237/4237/4237 4238/4238/4238
f 4239/4239/4239 4240/4240/4240 4241/4241/4241
f 4242/4242/4242 4243/4243/4243 4244/4244/4244
f 4245/4245/4245 4246/4246/4246 4247/4247/4247
f 4248/4248/4248 4249/4249/4249 4250/4250/4250
f 4251/4251/4251 4252/4252/4252 4253/4253/4253
f 4254/4254/4254 4255/4255/4255 4256/4256/4256
f 4257/4257/4257 4258/4258/4258 4259/4259/4259
f 4260/4260/4260 4261/4261/4261 4262/4262/4262
f 4263/4263/4263 4264/4264/4264 4265/4265/4265
f 4266/4266/4266 4267/4267/4267 4268/4268/4268
f 4269/4269/4269 4270/4270/4270 4271/4271/4271
f 4272/4272/4272 4273/4273/4273 4274/4274/4274
f 4275/4275/4275 4276/4276/4276 4277/4277/4277
f 4278/4278/4278 4279/4279/4279 4280/4280/4280
f 4281/4281/4281 4282/4282/4282 4283/4283/4283
f 4284/4284/4284 4285/4285/4285 4286/4286/4286
f 4287/4287/4287 4288/4288/4288 4289/4289/4289
f 4290/4290/4290 4291/4291/4291 4292/4292/4292
f 4293/4293/4293 4294/4294/4294 4295/4295/4295
f 4296/4296/4296 4297/4297/4297 4298/4298/4298
f 4299/4299/4299 4300/4300/4300 4301/4301/4301
f 4302/4302/4302 4303/4303/4303 4304/4304/4304
f 4305/4305/4305 4306/4306/4306 4307/4307/4307
f 4308/4308/4308 4309/4309/4309 4310/4310/4310
f 4311/4311/4311 4312/4312/4312 4313/4313/4313
f 4314/4314/4314 4315/4315/4315 4316/4316/4316
f 4317/4317/4317 4318/4318/4318 4319/4319/4319
f 4320/4320/4320 4321/4321/4321 4322/4322/4322
f 4323/4323/4323 4324/4324/4324 4325/4325/4325
f 4326/4326/4326 4327/4327/4327 4328/4328/4328
f 4329/4329/4329 4330/4330/4330 4331/4331/4331
f 4332/4332/4332 4333/4333/4333 4334/4334/4334
f 4335/4335/4335 4336/4336/4336 4337/4337/4337
f 4338/4338/4338 4339/4339/4339 4340/4340/4340
f 4341/4341/4341 4342/4342/4342 4343/4343/4343
f 4344/4344/4344 4345/4345/4345 4346/4346/4346
f 4347/4347/4347 4348/4348/4348 4349/4349/4349
f 4350/4350/4350 4351/4351/4351 4352/4352/4352
f 4353/4353/4353 4354/4354/4354 4355/4355/4355
f 4356/4356/4356 4357/4357/4357 4358/4358/4358
f 4359/4359/4359 4360/4360/4360 4361/4361/4361
f 4362/4362/4362 4363/4363/4363 4364/4364/4364
f 4365/4365/4365 4366/4366/4366 4367/4367/4367
f 4368/4368/4368 4369/4369/4369 4370/4370/4370
f 4371/4371/4371 4372/4372/4372 4373/4373/4373
f 4374/4374/4374 4375/4375/4375 4376/4376/4376
f 4377/4377/4377 4378/4378/4378 4379/4379/4379
f 4380/4380/4380 4381/4381/4381 4382/4382/4382
f 4383/4383/4383 4384/4384/4384 4385/4385/4385
f 4386/4386/4386 4387/4387/4387 4388/4388/4388
f 4389/4389/4389 4390/4390/4390 4391/4391/4391
f 4392/4392/4392 4393/4393/4393 4394/4394/4394
f 4395/4395/4395 4396/4396/4396 4397/4397/4397
f 4398/4398/4398 4399/4399/4399 4400/4400/4400
f 4401/4401/4401 4402/4402/4402 4403/4403/4403
f 4404/4404/4404 4405/4405/4405 4406/4406/4406
f 4407/4407/4407 4408/4408/4408 4409/4409/4409
f 4410/4410/4410 4411/4411/4411 4412/4412/4412
f 4413/4413/4413 4414/4414/4414 4415/4415/4415
f 4416/4416/4416 4417/4417/4417 4418/4418/4418
f 4419/4419/4419 4420/4420/4420 4421/4421/4421
f 4422/4422/4422 4423/4423/4423 4424/4424/4424
f 4425/4425/4425 4426/4426/4426 4427/4427/4427
f 4428/4428/4428 4429/4429/4429 4430/4430/4430
f 4431/4431/4431 4432/4432/4432 4433/4433/4433
f 4434/4434/4434 4435/4435/4435 4436/4436/4436
f 4437/4437/4437 4438/4438/4438 4439/4439/4439
f 4440/4440/4440 4441/4441/4441 4442/4442/4442
f 4443/4443/4443 4444/4444/4444 4445/4445/4445
f 4446/4446/4446 4447/4447/4447 4448/4448/4448
f 4449/4449/4449 4450/4450/4450 4451/4451/4451
f 4452/4452/4452 4453/4453/4453 4454/4454/4454
f 4455/4455/4455 4456/4456/4456 4457/4457/4457
f 4458/4458/4458 4459/4459/4459 4460/4460/4460
f 4461/4461/4461 4462/4462/4462 4463/4463/4463
f 4464/4464/4464 4465/4465/4465 4466/4466/4466
f 4467/4467/4467 4468/4468/4468 4469/4469/4469
f 4470/4470/4470 4471/4471/4471 4472/4472/4472
f 4473/4473/4473 4474/4474/4474 4475/4475/4475
f 4476/4476/4476 4477/4477/4477 4478/4478/4478
f 4479/4479/4479 4480/4480/4480 4481/4481/4481
f 4482/4482/4482 4483/4483/4483 4484/4484/4484
f 4485/4485/4485 4486/4486/4486 4487/4487/4487
f 4488/4488/4488 4489/4489/4489 4490/4490/4490
f 4491/4491/4491 4492/4492/4492 4493/4493/4493
f 4494/4494/4494 4495/4495/4495 4496/4496/4496
f 4497/4497/4497 4498/4498/4498 4499/4499/4499
f 4500/4500/4500 4501/4501/4501 4502/4502/4502
f 4503/4503/4503 4504/4504/4504 4505/4505/4505
f 4506/4506/4506 4507/4507/4507 4508/4508/4508
f 4509/4509/4509 4510/4510/4510 4511/4511/4511
f 4512/4512/4512 4513/4513/4513 4514/4514/4514
f 4515/4515/4515 4516/4516/4516 4517/4517/4517
f 4518/4518/4518 4519/4519/4519 4520/4520/4520
f 4521/4521/4521 4522/4522/4522 4523/4523/4523
f 4524/4524/4524 4525/4525/4525 4526/4526/4526
f 4527/4527/4527 4528/4528/4528 4529/4529/4529
f 4530/4530/4530 4531/4531/4531 4532/4532/4532
f 4533/4533/4533 4534/4534/4534 4535/4535/4535
f 4536/4536/4536 4537/4537/4537 4538/4538/4538
f 4539/4539/4539 4540/4540/4540 4541/4541/4541
f 4542/4542/4542 4543/4543/4543 4544/4544/4544
f 4545/4545/4545 4546/4546/4546 4547/4547/4547
f 4548/4548/4548 4549/4549/4549 4550/4550/4550
f 4551/4551/4551 4552/4552/4552 4553/4553/4553
f 4554/4554/4554 4555/4555/4555 4556/4556/4556
f 4557/4557/4557 4558/4558/4558 4559/4559/4559
f 4560/4560/4560 4561/4561/4561 4562/4562/4562
f 4563/4563/4563 4564/4564/4564 4565/4565/4565
f 4566/4566/4566 4567/4567/4567 4568/4568/4568
f 4569/4569/4569 4570/4570/4570 4571/4571/4571
f 4572/4572/4572 4573/4573/4573 4574/4574/4574
f 4575/4575/4575 4576/4576/4576 4577/4577/4577
f 4578/4578/4578 4579/4579/4579 4580/4580/4580
f 4581/4581/4581 4582/4582/4582 4583/4583/4583
f 4584/4584/4584 4585/4585/4585 4586/4586/4586
f 4587/4587/4587 4588/4588/4588 4589/4589/4589
f 4590/4590/4590 4591/4591/4591 4592/4592/4592
f 4593/4593/4593 4594/4594/4594 4595/4595/4595
f 4596/4596/4596 4597/4597/4597 4598/4598/4598
f 4599/4599/4599 4600/4600/4600 4601/4601/4601
f 4602/4602/4602 4603/4603/4603 4604/4604/4604
f 4605/4605/4605 4606/4606/4606 4607/4607/4607
f 4608/4608/4608 4609/4609/4609 4610/4610/4610
f 4611/4611/4611 4612/4612/4612 4613/4613/4613
f 4614/4614/4614 4615/4615/4615 4616/4616/4616
f 4617/4617/4617 4618/4618/4618 4619/4619/4619
f 4620/4620/4620 4621/4621/4621 4622/4622/4622
f 4623/4623/4623 4624/4624/4624 4625/4625/4625
f 4626/4626/4626 4627/4627/4627 4628/4628/4628
f 4629/4629/4629 4630/4630/4630 4631/4631/4631
f 4632/4632/4632 4633/4633/4633 4634/4634/4634
f 4635/4635/4635 4636/4636/4636 4637/4637/4637
f 4638/4638/4638 4639/4639/4639 4640/4640/4640
f 4641/4641/4641 4642/4642/4642 4643/4643/4643
f 4644/4644/4644 4645/4645/4645 4646/4646/4646
f 4646/4646/4646 4647/4647/4647 4644/4644/4644
f 4648/4648/4648 4649/4649/4649 4650/4650/4650
f 4651/4651/4651 4652/4652/4652 4653/4653/4653
f 4654/4654/4654 4655/4655/4655 4656/4656/4656
f 4657/4657/4657 4658/4658/4658 4659/4659/4659
f 4660/4660/4660 4661/4661/4661 4662/4662/4662
f 4663/4663/4663 4664/4664/4664 4665/4665/4665
f 4666/4666/4666 4667/4667/4667 4668/4668/4668
f 4669/4669/4669 4670/4670/4670 4671/4671/4671
f 4672/4672/4672 4673/4673/4673 4674/4674/4674
f 4675/4675/4675 4676/4676/4676 4677/4677/4677
f 4678/4678/4678 4679/4679/4679 4680/4680/4680
f 4681/4681/4681 4682/4682/4682 4683/4683/4683
f 4684/4684/4684 4685/4685/4685 4686/4686/4686
f 4687/4687/4687 4688/4688/4688 4689/4689/4689
f 4690/4690/4690 4691/4691/4691 4692/4692/4692
f 4693/4693/4693 4694/4694/4694 4695/4695/4695
f 4696/4696/4696 4697/4697/4697 4698/4698/4698
f 4699/4699/4699 4700/4700/4700 4701/4701/4701
f 4/4/4 5/5/5 6/6/6
f 37/37/37 38/38/38 39/39/39
f 40/40/40 41/41/41 42/42/42
f 43/43/43 44/44/44 45/45/45
f 49/49/49 50/50/50 51/51/51
f 52/52/52 53/53/53 54/54/54
f 61/61/61 62/62/62 63/63/63
f 64/64/64 65/65/65 66/66/66
f 73/73/73 74/74/74 75/75/75
f 76/76/76 77/77/77 78/78/78
f 85/85/85 86/86/86 87/87/87
f 88/88/88 89/89/89 90/90/90
f 97/97/97 98/98/98 99/99/99
f 100/100/100 101/101/101 102/102/102
f 115/115/115 116/116/116 117/117/117
f 118/118/118 119/119/119 120/120/120
f 127/127/127 128/128/128 129/129/129
f 130/130/130 131/131/131 132/132/132
f 139/139/139 140/140/140 141/141/141
f 142/142/142 143/143/143 144/144/144
f 151/151/151 152/152/152 153/153/153
f 154/154/154 155/155/155 156/156/156
f 163/163/163 164/164/164 165/165/165
f 166/166/166 167/167/167 168/168/168
f 184/184/184 185/185/185 186/186/186
f 196/196/196 197/197/197 198/198/198
f 223/223/223 224/224/224 225/225/225
f 379/379/379 380/380/380 381/381/381
f 382/382/382 383/383/383 384/384/384
f 385/385/385 386/386/386 387/387/387
f 387/387/387 388/388/388 385/385/385
f 389/389/389 390/390/390 391/391/391
f 392/392/392 393/393/393 394/394/394
f 395/395/395 396/396/396 397/397/397
f 398/398/398 399/399/399 400/400/400
f 401/401/401 402/402/402 403/403/403
f 403/403/403 404/404/404 401/401/401
f 405/405/405 406/406/406 407/407/407
f 408/408/408 409/409/409 410/410/410
f 383/383/383 382/382/382 386/386/386
f 386/386/386 385/385/385 383/383/383
f 388/388/388 387/387/387 411/411/411
f 390/390/390 389/389/389 412/412/412
f 393/393/393 392/392/392 413/413/413
f 396/396/396 395/395/395 414/414/414
f 399/399/399 398/398/398 415/415/415
f 402/402/402 401/401/401 416/416/416
f 404/404/404 403/403/403 417/417/417
f 406/406/406 405/405/405 418/418/418
f 437/437/437 438/438/438 439/439/439
f 440/440/440 441/441/441 442/442/442
f 443/443/443 444/444/444 445/445/445
f 446/446/446 447/447/447 448/448/448
f 449/449/449 450/450/450 451/451/451
f 452/452/452 453/453/453 454/454/454
f 473/473/473 474/474/474 475/475/475
f 476/476/476 477/477/477 478/478/478
f 479/479/479 480/480/480 481/481/481
f 482/482/482 483/483/483 484/484/484
f 485/485/485 486/486/486 487/487/487
f 488/488/488 489/489/489 490/490/490
f 509/509/509 510/510/510 511/511/511
f 512/512/512 513/513/513 514/514/514
f 515/515/515 516/516/516 517/517/517
f 518/518/518 519/519/519 520/520/520
f 521/521/521 522/522/522 523/523/523
f 524/524/524 525/525/525 526/526/526
f 545/545/545 546/546/546 547/547/547
f 548/548/548 549/549/549 550/550/550
f 551/551/551 552/552/552 553/553/553
f 554/554/554 555/555/555 556/556/556
f 557/557/557 558/558/558 559/559/559
f 560/560/560 561/561/561 562/562/562
f 581/581/581 582/582/582 583/583/583
f 584/584/584 585/585/585 586/586/586
f 587/587/587 588/588/588 589/589/589
f 590/590/590 591/591/591 592/592/592
f 593/593/593 594/594/594 595/595/595
f 596/596/596 597/597/597 598/598/598
f 617/617/617 618/618/618 619/619/619
f 620/620/620 621/621/621 622/622/622
f 623/623/623 624/624/624 625/625/625
f 626/626/626 627/627/627 628/628/628
f 629/629/629 630/630/630 631/631/631
f 632/632/632 633/633/633 634/634/634
f 653/653/653 654/654/654 655/655/655
f 656/656/656 657/657/657 658/658/658
f 659/659/659 660/660/660 661/661/661
f 662/662/662 663/663/663 664/664/664
f 665/665/665 666/666/666 667/667/667
f 668/668/668 669/669/669 670/670/670
f 689/689/689 690/690/690 691/691/691
f 692/692/692 693/693/693 694/694/694
f 695/695/695 696/696/696 697/697/697
f 698/698/698 699/699/699 700/700/700
f 701/701/701 702/702/702 703/703/703
f 704/704/704 705/705/705 706/706/706
f 725/725/725 726/726/726 727/727/727
f 728/728/728 729/729/729 730/730/730
f 731/731/731 732/732/732 733/733/733
f 734/734/734 735/735/735 736/736/736
f 737/737/737 738/738/738 739/739/739
f 740/740/740 741/741/741 742/742/742
f 761/761/761 762/762/762 763/763/763
f 764/764/764 765/765/765 766/766/766
f 767/767/767 768/768/768 769/769/769
f 770/770/770 771/771/771 772/772/772
f 773/773/773 774/774/774 775/775/775
f 776/776/776 777/777/777 778/778/778
f 797/797/797 798/798/798 799/799/799
f 800/800/800 801/801/801 802/802/802
f 803/803/803 804/804/804 805/805/805
f 806/806/806 807/807/807 808/808/808
f 809/809/809 810/810/810 811/811/811
f 812/812/812 813/813/813 814/814/814
f 815/815/815 816/816/816 817/817/817
f 818/818/818 819/819/819 820/820/820
f 821/821/821 822/822/822 823/823/823
f 824/824/824 825/825/825 826/826/826
f 827/827/827 828/828/828 829/829/829
f 830/830/830 831/831/831 832/832/832
f 833/833/833 834/834/834 835/835/835
f 836/836/836 837/837/837 838/838/838
f 839/839/839 840/840/840 841/841/841
f 842/842/842 843/843/843 844/844/844
f 845/845/845 846/846/846 847/847/847
f 848/848/848 849/849/849 850/850/850
f 851/851/851 852/852/852 853/853/853
f 854/854/854 855/855/855 856/856/856
f 857/857/857 858/858/858 859/859/859
f 860/860/860 861/861/861 862/862/862
f 863/863/863 864/864/864 865/865/865
f 866/866/866 867/867/867 868/868/868
f 869/869/869 870/870/870 871/871/871
f 872/872/872 873/873/873 874/874/874
f 875/875/875 876/876/876 877/877/877
f 878/878/878 879/879/879 880/880/880
f 881/881/881 882/882/882 883/883/883
f 884/884/884 885/885/885 886/886/886
f 887/887/887 888/888/888 889/889/889
f 890/890/890 891/891/891 892/892/892
f 893/893/893 894/894/894 895/895/895
f 896/896/896 897/897/897 898/898/898
f 899/899/899 900/900/900 901/901/901
f 902/902/902 903/903/903 904/904/904
f 905/905/905 906/906/906 907/907/907
f 908/908/908 909/909/909 910/910/910
f 911/911/911 912/912/912 913/913/913
f 914/914/914 915/915/915 916/916/916
f 917/917/917 918/918/918 919/919/919
f 920/920/920 921/921/921 922/922/922
f 923/923/923 924/924/924 925/925/925
f 926/926/926 927/927/927 928/928/928
f 929/929/929 930/930/930 931/931/931
f 932/932/932 933/933/933 934/934/934
f 935/935/935 936/936/936 937/937/937
f 938/938/938 939/939/939 940/940/940
f 941/941/941 942/942/942 943/943/943
f 944/944/944 945/945/945 946/946/946
f 947/947/947 948/948/948 949/949/949
f 950/950/950 951/951/951 952/952/952
f 953/953/953 954/954/954 955/955/955
f 956/956/956 957/957/957 958/958/958
f 959/959/959 960/960/960 961/961/961
f 962/962/962 963/963/963 964/964/964
f 965/965/965 966/966/966 967/967/967
f 968/968/968 969/969/969 970/970/970
f 971/971/971 972/972/972 973/973/973
f 974/974/974 975/975/975 976/976/976
f 977/977/977 978/978/978 979/979/979
f 980/980/980 981/981/981 982/982/982
f 983/983/983 984/984/984 985/985/985
f 986/986/986 987/987/987 988/988/988
f 989/989/989 990/990/990 991/991/991
f 992/992/992 993/993/993 994/994/994
f 995/995/995 996/996/996 997/997/997
f 998/998/998 999/999/999 1000/1000/1000
f 1001/1001/1001 1002/1002/1002 1003/1003/1003
f 1004/1004/1004 1005/1005/1005 1006/1006/1006
f 1007/1007/1007 1008/1008/1008 1009/1009/1009
f 1010/1010/1010 1011/1011/1011 1012/1012/1012
f 1013/1013/1013 1014/1014/1014 1015/1015/1015
f 1016/1016/1016 1017/1017/1017 1018/1018/1018
f 1019/1019/1019 1020/1020/1020 1021/1021/1021
f 1022/1022/1022 1023/1023/1023 1024/1024/1024
f 1025/1025/1025 1026/1026/1026 1027/1027/1027
f 1028/1028/1028 1029/1029/1029 1030/1030/1030
f 1031/1031/1031 1032/1032/1032 1033/1033/1033
f 1034/1034/1034 1035/1035/1035 1036/1036/1036
f 1037/1037/1037 1038/1038/1038 1039/1039/1039
f 1040/1040/1040 1041/1041/1041 1042/1042/1042
f 1043/1043/1043 1044/1044/1044 1045/1045/1045
f 1046/1046/1046 1047/1047/1047 1048/1048/1048
f 1049/1049/1049 1050/1050/1050 1051/1051/1051
f 1052/1052/1052 1053/1053/1053 1054/1054/1054
f 1055/1055/1055 1056/1056/1056 1057/1057/1057
f 1058/1058/1058 1059/1059/1059 1060/1060/1060
f 1061/1061/1061 1062/1062/1062 1063/1063/1063
f 1064/1064/1064 1065/1065/1065 1066/1066/1066
f 1067/1067/1067 1068/1068/1068 1069/1069/1069
f 1070/1070/1070 1071/1071/1071 1072/1072/1072
f 1073/1073/1073 1074/1074/1074 1075/1075/1075
f 1076/1076/1076 1077/1077/1077 1078/1078/1078
f 1079/1079/1079 1080/1080/1080 1081/1081/1081
f 1082/1082/1082 1083/1083/1083 1084/1084/1084
f 1085/1085/1085 1086/1086/1086 1087/1087/1087
f 1088/1088/1088 1089/1089/1089 1090/1090/1090
f 1091/1091/1091 1092/1092/1092 1093/1093/1093
f 1094/1094/1094 1095/1095/1095 1096/1096/1096
f 1097/1097/1097 1098/1098/1098 1099/1099/1099
f 1100/1100/1100 1101/1101/1101 1102/1102/1102
f 1103/1103/1103 1104/1104/1104 1105/1105/1105
f 1106/1106/1106 1107/1107/1107 1108/1108/1108
f 1109/1109/1109 1110/1110/1110 1111/1111/1111
f 1112/1112/1112 1113/1113/1113 1114/1114/1114
f 1115/1115/1115 1116/1116/1116 1117/1117/1117
f 1118/1118/1118 1119/1119/1119 1120/1120/1120
f 1121/1121/1121 1122/1122/1122 1123/1123/1123
f 1124/1124/1124 1125/1125/1125 1126/1126/1126
f 1127/1127/1127 1128/1128/1128 1129/1129/1129
f 1130/1130/1130 1131/1131/1131 1132/1132/1132
f 1133/1133/1133 1134/1134/1134 1135/1135/1135
f 1136/1136/1136 1137/1137/1137 1138/1138/1138
f 1139/1139/1139 1140/1140/1140 1141/1141/1141
f 1142/1142/1142 1143/1143/1143 1144/1144/1144
f 1145/1145/1145 1146/1146/1146 1147/1147/1147
f 1148/1148/1148 1149/1149/1149 1150/1150/1150
f 1151/1151/1151 1152/1152/1152 1153/1153/1153
f 1154/1154/1154 1155/1155/1155 1156/1156/1156
f 1157/1157/1157 1158/1158/1158 1159/1159/1159
f 1160/1160/1160 1161/1161/1161 1162/1162/1162
f 1163/1163/1163 1164/1164/1164 1165/1165/1165
f 1166/1166/1166 1167/1167/1167 1168/1168/1168
f 1169/1169/1169 1170/1170/1170 1171/1171/1171
f 1172/1172/1172 1173/1173/1173 1174/1174/1174
f 1175/1175/1175 1176/1176/1176 1177/1177/1177
f 1178/1178/1178 1179/1179/1179 1180/1180/1180
f 1181/1181/1181 1182/1182/1182 1183/1183/1183
f 1184/1184/1184 1185/1185/1185 1186/1186/1186
f 1187/1187/1187 1188/1188/1188 1189/1189/1189
f 1190/1190/1190 1191/1191/1191 1192/1192/1192
f 1193/1193/1193 1194/1194/1194 1195/1195/1195
f 1196/1196/1196 1197/1197/1197 1198/1198/1198
f 1199/1199/1199 1200/1200/1200 1201/1201/1201
f 1202/1202/1202 1203/1203/1203 1204/1204/1204
f 1205/1205/1205 1206/1206/1206 1207/1207/1207
f 1208/1208/1208 1209/1209/1209 1210/1210/1210
f 1211/1211/1211 1212/1212/1212 1213/1213/1213
f 1214/1214/1214 1215/1215/1215 1216/1216/1216
f 1217/1217/1217 1218/1218/1218 1219/1219/1219
f 1220/1220/1220 1221/1221/1221 1222/1222/1222
f 1223/1223/1223 1224/1224/1224 1225/1225/1225
f 1226/1226/1226 1227/1227/1227 1228/1228/1228
f 1229/1229/1229 1230/1230/1230 1231/1231/1231
f 1232/1232/1232 1233/1233/1233 1234/1234/1234
f 1235/1235/1235 1236/1236/1236 1237/1237/1237
f 1238/1238/1238 1239/1239/1239 1240/1240/1240
f 1241/1241/1241 1242/1242/1242 1243/1243/1243
f 1244/1244/1244 1245/1245/1245 1246/1246/1246
f 1247/1247/1247 1248/1248/1248 1249/1249/1249
f 1250/1250/1250 1251/1251/1251 1252/1252/1252
f 1253/1253/1253 1254/1254/1254 1255/1255/1255
f 1256/1256/1256 1257/1257/1257 1258/1258/1258
f 1259/1259/1259 1260/1260/1260 1261/1261/1261
f 1262/1262/1262 1263/1263/1263 1264/1264/1264
f 1265/1265/1265 1266/1266/1266 1267/1267/1267
f 1268/1268/1268 1269/1269/1269 1270/1270/1270
f 1271/1271/1271 1272/1272/1272 1273/1273/1273
f 1274/1274/1274 1275/1275/1275 1276/1276/1276
f 1313/1313/1313 1314/1314/1314 1315/1315/1315
f 1316/1316/1316 1317/1317/1317 1318/1318/1318
f 1325/1325/1325 1326/1326/1326 1327/1327/1327
f 1328/1328/1328 1329/1329/1329 1330/1330/1330
f 1337/1337/1337 1338/1338/1338 1339/1339/1339
f 1340/1340/1340 1341/1341/1341 1342/1342/1342
f 1349/1349/1349 1350/1350/1350 1351/1351/1351
f 1352/1352/1352 1353/1353/1353 1354/1354/1354
f 1361/1361/1361 1362/1362/1362 1363/1363/1363
f 1364/1364/1364 1365/1365/1365 1366/1366/1366
f 1373/1373/1373 1374/1374/1374 1375/1375/1375
f 1376/1376/1376 1377/1377/1377 1378/1378/1378
f 1391/1391/1391 1392/1392/1392 1393/1393/1393
f 1394/1394/1394 1395/1395/1395 1396/1396/1396
f 1403/1403/1403 1404/1404/1404 1405/1405/1405
f 1406/1406/1406 1407/1407/1407 1408/1408/1408
f 1409/1409/1409 1410/1410/1410 1411/1411/1411
f 1415/1415/1415 1416/1416/1416 1417/1417/1417
f 1418/1418/1418 1419/1419/1419 1420/1420/1420
f 1427/1427/1427 1428/1428/1428 1429/1429/1429
f 1430/1430/1430 1431/1431/1431 1432/1432/1432
f 1439/1439/1439 1440/1440/1440 1441/1441/1441
f 1442/1442/1442 1443/1443/1443 1444/1444/1444
f 1460/1460/1460 1461/1461/1461 1462/1462/1462
f 1469/1469/1469 1470/1470/1470 1471/1471/1471
f 1472/1472/1472 1473/1473/1473 1474/1474/1474
f 1484/1484/1484 1485/1485/1485 1486/1486/1486
f 1496/1496/1496 1497/1497/1497 1498/1498/1498
f 1508/1508/1508 1509/1509/1509 1510/1510/1510
f 1541/1541/1541 1542/1542/1542 1543/1543/1543
f 1655/1655/1655 1656/1656/1656 1657/1657/1657
f 1658/1658/1658 1659/1659/1659 1660/1660/1660
f 1661/1661/1661 1662/1662/1662 1663/1663/1663
f 1664/1664/1664 1665/1665/1665 1666/1666/1666
f 1667/1667/1667 1668/1668/1668 1669/1669/1669
f 1670/1670/1670 1671/1671/1671 1672/1672/1672
f 1673/1673/1673 1674/1674/1674 1675/1675/1675
f 1676/1676/1676 1677/1677/1677 1678/1678/1678
f 1679/1679/1679 1680/1680/1680 1681/1681/1681
f 1682/1682/1682 1683/1683/1683 1684/1684/1684
f 1685/1685/1685 1686/1686/1686 1687/1687/1687
f 1688/1688/1688 1689/1689/1689 1690/1690/1690
f 1691/1691/1691 1692/1692/1692 1693/1693/1693
f 1694/1694/1694 1695/1695/1695 1696/1696/1696
f 1697/1697/1697 1698/1698/1698 1699/1699/1699
f 1700/1700/1700 1701/1701/1701 1702/1702/1702
f 1703/1703/1703 1704/1704/1704 1705/1705/1705
f 1706/1706/1706 1675/1675/1675 1674/1674/1674
f 1707/1707/1707 1708/1708/1708 1709/1709/1709
f 1710/1710/1710 1711/1711/1711 1712/1712/1712
f 1713/1713/1713 1714/1714/1714 1715/1715/1715
f 1716/1716/1716 1717/1717/1717 1718/1718/1718
f 1737/1737/1737 1738/1738/1738 1739/1739/1739
f 1740/1740/1740 1741/1741/1741 1742/1742/1742
f 1743/1743/1743 1744/1744/1744 1745/1745/1745
f 1746/1746/1746 1747/1747/1747 1748/1748/1748
f 1749/1749/1749 1750/1750/1750 1751/1751/1751
f 1752/1752/1752 1753/1753/1753 1754/1754/1754
f 1773/1773/1773 1774/1774/1774 1775/1775/1775
f 1776/1776/1776 1777/1777/1777 1778/1778/1778
f 1779/1779/1779 1780/1780/1780 1781/1781/1781
f 1782/1782/1782 1783/1783/1783 1784/1784/1784
f 1785/1785/1785 1786/1786/1786 1787/1787/1787
f 1788/1788/1788 1789/1789/1789 1790/1790/1790
f 1791/1791/1791 1792/1792/1792 1793/1793/1793
f 1809/1809/1809 1810/1810/1810 1811/1811/1811
f 1812/1812/1812 1813/1813/1813 1814/1814/1814
f 1815/1815/1815 1816/1816/1816 1817/1817/1817
f 1818/1818/1818 1819/1819/1819 1820/1820/1820
f 1821/1821/1821 1822/1822/1822 1823/1823/1823
f 1824/1824/1824 1825/1825/1825 1826/1826/1826
f 1827/1827/1827 1828/1828/1828 1829/1829/1829
f 1830/1830/1830 1831/1831/1831 1832/1832/1832
f 1845/1845/1845 1846/1846/1846 1847/1847/1847
f 1848/1848/1848 1849/1849/1849 1850/1850/1850
f 1851/1851/1851 1852/1852/1852 1853/1853/1853
f 1854/1854/1854 1855/1855/1855 1856/1856/1856
f 1857/1857/1857 1858/1858/1858 1859/1859/1859
f 1860/1860/1860 1861/1861/1861 1862/1862/1862
f 1863/1863/1863 1864/1864/1864 1865/1865/1865
f 1866/1866/1866 1867/1867/1867 1868/1868/1868
f 1881/1881/1881 1882/1882/1882 1883/1883/1883
f 1884/1884/1884 1885/1885/1885 1886/1886/1886
f 1887/1887/1887 1888/1888/1888 1889/1889/1889
f 1890/1890/1890 1891/1891/1891 1892/1892/1892
f 1893/1893/1893 1894/1894/1894 1895/1895/1895
f 1896/1896/1896 1897/1897/1897 1898/1898/1898
f 1917/1917/1917 1918/1918/1918 1919/1919/1919
f 1920/1920/1920 1921/1921/1921 1922/1922/1922
f 1923/1923/1923 1924/1924/1924 1925/1925/1925
f 1926/1926/1926 1927/1927/1927 1928/1928/1928
f 1929/1929/1929 1930/1930/1930 1931/1931/1931
f 1932/1932/1932 1933/1933/1933 1934/1934/1934
f 1935/1935/1935 1936/1936/1936 1937/1937/1937
f 1953/1953/1953 1954/1954/1954 1955/1955/1955
f 1956/1956/1956 1957/1957/1957 1958/1958/1958
f 1959/1959/1959 1960/1960/1960 1961/1961/1961
f 1962/1962/1962 1963/1963/1963 1964/1964/1964
f 1965/1965/1965 1966/1966/1966 1967/1967/1967
f 1968/1968/1968 1969/1969/1969 1970/1970/1970
f 1989/1989/1989 1990/1990/1990 1991/1991/1991
f 1992/1992/1992 1993/1993/1993 1994/1994/1994
f 1995/1995/1995 1996/1996/1996 1997/1997/1997
f 1998/1998/1998 1999/1999/1999 2000/2000/2000
f 2001/2001/2001 2002/2002/2002 2003/2003/2003
f 2004/2004/2004 2005/2005/2005 2006/2006/2006
f 2007/2007/2007 2008/2008/2008 2009/2009/2009
f 2010/2010/2010 2011/2011/2011 2012/2012/2012
f 2025/2025/2025 2026/2026/2026 2027/2027/2027
f 2028/2028/2028 2029/2029/2029 2030/2030/2030
f 2031/2031/2031 2032/2032/2032 2033/2033/2033
f 2034/2034/2034 2035/2035/2035 2036/2036/2036
f 2037/2037/2037 2038/2038/2038 2039/2039/2039
f 2040/2040/2040 2041/2041/2041 2042/2042/2042
f 2043/2043/2043 2044/2044/2044 2045/2045/2045
f 2046/2046/2046 2047/2047/2047 2048/2048/2048
f 2061/2061/2061 2062/2062/2062 2063/2063/2063
f 2064/2064/2064 2065/2065/2065 2066/2066/2066
f 2067/2067/2067 2068/2068/2068 2069/2069/2069
f 2070/2070/2070 2071/2071/2071 2072/2072/2072
f 2073/2073/2073 2074/2074/2074 2075/2075/2075
f 2076/2076/2076 2077/2077/2077 2078/2078/2078
f 2079/2079/2079 2080/2080/2080 2081/2081/2081
f 2097/2097/2097 2098/2098/2098 2099/2099/2099
f 2100/2100/2100 2101/2101/2101 2102/2102/2102
f 2103/2103/2103 2104/2104/2104 2105/2105/2105
f 2106/2106/2106 2107/2107/2107 2108/2108/2108
f 2109/2109/2109 2110/2110/2110 2111/2111/2111
f 2112/2112/2112 2113/2113/2113 2114/2114/2114
f 2115/2115/2115 2116/2116/2116 2117/2117/2117
f 2118/2118/2118 2119/2119/2119 2120/2120/2120
f 2121/2121/2121 2122/2122/2122 2123/2123/2123
f 2124/2124/2124 2125/2125/2125 2126/2126/2126
f 2127/2127/2127 2128/2128/2128 2129/2129/2129
f 2130/2130/2130 2131/2131/2131 2132/2132/2132
f 2133/2133/2133 2134/2134/2134 2135/2135/2135
f 2136/2136/2136 2137/2137/2137 2138/2138/2138
f 2139/2139/2139 2140/2140/2140 2141/2141/2141
f 2142/2142/2142 2143/2143/2143 2144/2144/2144
f 2145/2145/2145 2146/2146/2146 2147/2147/2147
f 2148/2148/2148 2149/2149/2149 2150/2150/2150
f 2151/2151/2151 2152/2152/2152 2153/2153/2153
f 2154/2154/2154 2155/2155/2155 2156/2156/2156
f 2157/2157/2157 2158/2158/2158 2159/2159/2159
f 2160/2160/2160 2161/2161/2161 2162/2162/2162
f 2163/2163/2163 2164/2164/2164 2165/2165/2165
f 2166/2166/2166 2167/2167/2167 2168/2168/2168
f 2169/2169/2169 2170/2170/2170 2171/2171/2171
f 2172/2172/2172 2173/2173/2173 2174/2174/2174
f 2175/2175/2175 2176/2176/2176 2177/2177/2177
f 2178/2178/2178 2179/2179/2179 2180/2180/2180
f 2181/2181/2181 2182/2182/2182 2183/2183/2183
f 2184/2184/2184 2185/2185/2185 2186/2186/2186
f 2187/2187/2187 2188/2188/2188 2189/2189/2189
f 2190/2190/2190 2191/2191/2191 2192/2192/2192
f 2193/2193/2193 2194/2194/2194 2195/2195/2195
f 2196/2196/2196 2197/2197/2197 2198/2198/2198
f 2199/2199/2199 2200/2200/2200 2201/2201/2201
f 2202/2202/2202 2203/2203/2203 2204/2204/2204
f 2205/2205/2205 2206/2206/2206 2207/2207/2207
f 2208/2208/2208 2209/2209/2209 2210/2210/2210
f 2211/2211/2211 2212/2212/2212 2213/2213/2213
f 2214/2214/2214 2215/2215/2215 2216/2216/2216
f 2217/2217/2217 2218/2218/2218 2219/2219/2219
f 2220/2220/2220 2221/2221/2221 2222/2222/2222
f 2223/2223/2223 2224/2224/2224 2225/2225/2225
f 2226/2226/2226 2227/2227/2227 2228/2228/2228
f 2229/2229/2229 2230/2230/2230 2231/2231/2231
f 2232/2232/2232 2233/2233/2233 2234/2234/2234
f 2235/2235/2235 2236/2236/2236 2237/2237/2237
f 2238/2238/2238 2239/2239/2239 2240/2240/2240
f 2241/2241/2241 2242/2242/2242 2243/2243/2243
f 2244/2244/2244 2245/2245/2245 2246/2246/2246
f 2247/2247/2247 2248/2248/2248 2249/2249/2249
f 2250/2250/2250 2251/2251/2251 2252/2252/2252
f 2253/2253/2253 2254/2254/2254 2255/2255/2255
f 2256/2256/2256 2257/2257/2257 2258/2258/2258
f 2259/2259/2259 2260/2260/2260 2261/2261/2261
f 2262/2262/2262 2263/2263/2263 2264/2264/2264
f 2265/2265/2265 2266/2266/2266 2267/2267/2267
f 2268/2268/2268 2269/2269/2269 2270/2270/2270
f 2271/2271/2271 2272/2272/2272 2273/2273/2273
f 2274/2274/2274 2275/2275/2275 2276/2276/2276
f 2277/2277/2277 2278/2278/2278 2279/2279/2279
f 2280/2280/2280 2281/2281/2281 2282/2282/2282
f 2283/2283/2283 2284/2284/2284 2285/2285/2285
f 2286/2286/2286 2287/2287/2287 2288/2288/2288
f 2289/2289/2289 2290/2290/2290 2291/2291/2291
f 2292/2292/2292 2293/2293/2293 2294/2294/2294
f 2295/2295/2295 2296/2296/2296 2297/2297/2297
f 2298/2298/2298 2299/2299/2299 2300/2300/2300
f 2301/2301/2301 2302/2302/2302 2303/2303/2303
f 2304/2304/2304 2305/2305/2305 2306/2306/2306
f 2307/2307/2307 2308/2308/2308 2309/2309/2309
f 2310/2310/2310 2311/2311/2311 2312/2312/2312
f 2313/2313/2313 2314/2314/2314 2315/2315/2315
f 2316/2316/2316 2317/2317/2317 2318/2318/2318
f 2319/2319/2319 2320/2320/2320 2321/2321/2321
f 2322/2322/2322 2323/2323/2323 2324/2324/2324
f 2325/2325/2325 2326/2326/2326 2327/2327/2327
f 2328/2328/2328 2329/2329/2329 2330/2330/2330
f 2331/2331/2331 2332/2332/2332 2333/2333/2333
f 2334/2334/2334 2335/2335/2335 2336/2336/2336
f 2337/2337/2337 2338/2338/2338 2339/2339/2339
f 2340/2340/2340 2341/2341/2341 2342/2342/2342
f 2343/2343/2343 2344/2344/2344 2345/2345/2345
f 2346/2346/2346 2347/2347/2347 2348/2348/2348
f 2349/2349/2349 2350/2350/2350 2351/2351/2351
f 2352/2352/2352 2353/2353/2353 2354/2354/2354
f 2355/2355/2355 2356/2356/2356 2357/2357/2357
f 2358/2358/2358 2359/2359/2359 2360/2360/2360
f 2361/2361/2361 2362/2362/2362 2363/2363/2363
f 2364/2364/2364 2365/2365/2365 2366/2366/2366
f 2367/2367/2367 2368/2368/2368 2369/2369/2369
f 2370/2370/2370 2371/2371/2371 2372/2372/2372
f 2373/2373/2373 2374/2374/2374 2375/2375/2375
f 2376/2376/2376 2377/2377/2377 2378/2378/2378
f 2379/2379/2379 2380/2380/2380 2381/2381/2381
f 2382/2382/2382 2383/2383/2383 2384/2384/2384
f 2385/2385/2385 2386/2386/2386 2387/2387/2387
f 2388/2388/2388 2389/2389/2389 2390/2390/2390
f 2391/2391/2391 2392/2392/2392 2393/2393/2393
f 2394/2394/2394 2395/2395/2395 2396/2396/2396
f 2397/2397/2397 2398/2398/2398 2399/2399/2399
f 2400/2400/2400 2401/2401/2401 2402/2402/2402
f 2403/2403/2403 2404/2404/2404 2405/2405/2405
f 2406/2406/2406 2407/2407/2407 2408/2408/2408
f 2409/2409/2409 2410/2410/2410 2411/2411/2411
f 2412/2412/2412 2413/2413/2413 2414/2414/2414
f 2415/2415/2415 2416/2416/2416 2417/2417/2417
f 2418/2418/2418 2419/2419/2419 2420/2420/2420
f 2421/2421/2421 2422/2422/2422 2423/2423/2423
f 2424/2424/2424 2425/2425/2425 2426/2426/2426
f 2427/2427/2427 2428/2428/2428 2429/2429/2429
f 2430/2430/2430 2431/2431/2431 2432/2432/2432
f 2433/2433/2433 2434/2434/2434 2435/2435/2435
f 2436/2436/2436 2437/2437/2437 2438/2438/2438
f 2439/2439/2439 2440/2440/2440 2441/2441/2441
f 2442/2442/2442 2443/2443/2443 2444/2444/2444
f 2445/2445/2445 2446/2446/2446 2447/2447/2447
f 2448/2448/2448 2449/2449/2449 2450/2450/2450
f 2451/2451/2451 2452/2452/2452 2453/2453/2453
f 2454/2454/2454 2455/2455/2455 2456/2456/2456
f 2457/2457/2457 2458/2458/2458 2459/2459/2459
f 2460/2460/2460 2461/2461/2461 2462/2462/2462
f 2463/2463/2463 2464/2464/2464 2465/2465/2465
f 2466/2466/2466 2467/2467/2467 2468/2468/2468
f 2469/2469/2469 2470/2470/2470 2471/2471/2471
f 2472/2472/2472 2473/2473/2473 2474/2474/2474
f 2475/2475/2475 2476/2476/2476 2477/2477/2477
f 2478/2478/2478 2479/2479/2479 2480/2480/2480
f 2481/2481/2481 2482/2482/2482 2483/2483/2483
f 2484/2484/2484 2485/2485/2485 2486/2486/2486
f 2487/2487/2487 2488/2488/2488 2489/2489/2489
f 2490/2490/2490 2491/2491/2491 2492/2492/2492
f 2493/2493/2493 2494/2494/2494 2495/2495/2495
f 2496/2496/2496 2497/2497/2497 2498/2498/2498
f 2499/2499/2499 2500/2500/2500 2501/2501/2501
f 2502/2502/2502 2503/2503/2503 2504/2504/2504
f 2505/2505/2505 2506/2506/2506 2507/2507/2507
f 2508/2508/2508 2509/2509/2509 2510/2510/2510
f 2511/2511/2511 2512/2512/2512 2513/2513/2513
f 2514/2514/2514 2515/2515/2515 2516/2516/2516
f 2517/2517/2517 2518/2518/2518 2519/2519/2519
f 2520/2520/2520 2521/2521/2521 2522/2522/2522
f 2523/2523/2523 2524/2524/2524 2525/2525/2525
f 2526/2526/2526 2527/2527/2527 2528/2528/2528
f 2529/2529/2529 2530/2530/2530 2531/2531/2531
f 2532/2532/2532 2533/2533/2533 2534/2534/2534
f 2535/2535/2535 2536/2536/2536 2537/2537/2537
f 2538/2538/2538 2539/2539/2539 2540/2540/2540
f 2541/2541/2541 2542/2542/2542 2543/2543/2543
f 2544/2544/2544 2545/2545/2545 2546/2546/2546
f 2547/2547/2547 2548/2548/2548 2549/2549/2549
f 2550/2550/2550 2551/2551/2551 2552/2552/2552
f 2553/2553/2553 2554/2554/2554 2555/2555/2555
f 2556/2556/2556 2557/2557/2557 2558/2558/2558
f 2559/2559/2559 2560/2560/2560 2561/2561/2561
f 2562/2562/2562 2563/2563/2563 2564/2564/2564
f 2565/2565/2565 2566/2566/2566 2567/2567/2567
f 2568/2568/2568 2569/2569/2569 2570/2570/2570
f 2571/2571/2571 2572/2572/2572 2573/2573/2573
f 2574/2574/2574 2575/2575/2575 2576/2576/2576
f 2577/2577/2577 2578/2578/2578 2579/2579/2579
f 2579/2579/2579 2580/2580/2580 2577/2577/2577
f 2581/2581/2581 2582/2582/2582 2583/2583/2583
f 2584/2584/2584 2585/2585/2585 2586/2586/2586
f 2587/2587/2587 2588/2588/2588 2589/2589/2589
f 2590/2590/2590 2591/2591/2591 2592/2592/2592
f 2593/2593/2593 2594/2594/2594 2595/2595/2595
f 2596/2596/2596 2597/2597/2597 2598/2598/2598
f 2599/2599/2599 2600/2600/2600 2601/2601/2601
f 2602/2602/2602 2603/2603/2603 2604/2604/2604
f 2605/2605/2605 2606/2606/2606 2607/2607/2607
f 2608/2608/2608 2609/2609/2609 2610/2610/2610
f 2611/2611/2611 2612/2612/2612 2613/2613/2613
f 2614/2614/2614 2615/2615/2615 2616/2616/2616
f 2617/2617/2617 2618/2618/2618 2619/2619/2619
f 2620/2620/2620 2621/2621/2621 2622/2622/2622
f 2623/2623/2623 2624/2624/2624 2625/2625/2625
f 2626/2626/2626 2627/2627/2627 2628/2628/2628
f 2629/2629/2629 2630/2630/2630 2631/2631/2631
f 2631/2631/2631 2632/2632/2632 2629/2629/2629
f 2633/2633/2633 2634/2634/2634 2635/2635/2635
f 2635/2635/2635 2636/2636/2636 2633/2633/2633
f 2637/2637/2637 2639/2639/2639 2640/2640/2640
f 2641/2641/2641 2642/2642/2642 2638/2638/2638
f 2643/2643/2643 2644/2644/2644 2645/2645/2645
f 2646/2646/2646 2647/2647/2647 2648/2648/2648
f 2649/2649/2649 2650/2650/2650 2651/2651/2651
f 2651/2651/2651 2652/2652/2652 2649/2649/2649
f 2653/2653/2653 2654/2654/2654 2655/2655/2655
f 2656/2656/2656 2657/2657/2657 2658/2658/2658
f 2659/2659/2659 2660/2660/2660 2661/2661/2661
f 2661/2661/2661 2662/2662/2662 2659/2659/2659
f 2678/2678/2678 2679/2679/2679 2680/2680/2680
f 2681/2681/2681 2682/2682/2682 2683/2683/2683
f 2684/2684/2684 2685/2685/2685 2686/2686/2686
f 2686/2686/2686 2687/2687/2687 2684/2684/2684
f 2688/2688/2688 2689/2689/2689 2690/2690/2690
f 2690/2690/2690 2691/2691/2691 2688/2688/2688
f 2692/2692/2692 2693/2693/2693 2694/2694/2694
f 2694/2694/2694 2695/2695/2695 2692/2692/2692
f 2696/2696/2696 2697/2697/2697 2698/2698/2698
f 2698/2698/2698 2699/2699/2699 2696/2696/2696
f 2704/2704/2704 2705/2705/2705 2706/2706/2706
f 2706/2706/2706 2707/2707/2707 2704/2704/2704
f 2708/2708/2708 2709/2709/2709 2710/2710/2710
f 2710/2710/2710 2711/2711/2711 2708/2708/2708
f 2712/2712/2712 2713/2713/2713 2714/2714/2714
f 2714/2714/2714 2715/2715/2715 2712/2712/2712
f 2716/2716/2716 2717/2717/2717 2718/2718/2718
f 2718/2718/2718 2719/2719/2719 2716/2716/2716
f 2724/2724/2724 2725/2725/2725 2726/2726/2726
f 2726/2726/2726 2727/2727/2727 2724/2724/2724
f 2728/2728/2728 2729/2729/2729 2730/2730/2730
f 2730/2730/2730 2731/2731/2731 2728/2728/2728
f 2732/2732/2732 2733/2733/2733 2734/2734/2734
f 2735/2735/2735 2736/2736/2736 2737/2737/2737
f 2738/2738/2738 2739/2739/2739 2740/2740/2740
f 2741/2741/2741 2742/2742/2742 2743/2743/2743
f 2744/2744/2744 2745/2745/2745 2746/2746/2746
f 2747/2747/2747 2748/2748/2748 2749/2749/2749
f 2750/2750/2750 2751/2751/2751 2752/2752/2752
f 2753/2753/2753 2754/2754/2754 2755/2755/2755
f 2760/2760/2760 2761/2761/2761 2762/2762/2762
f 2763/2763/2763 2764/2764/2764 2765/2765/2765
f 2766/2766/2766 2767/2767/2767 2768/2768/2768
f 2769/2769/2769 2770/2770/2770 2771/2771/2771
f 2772/2772/2772 2773/2773/2773 2774/2774/2774
f 2774/2774/2774 2775/2775/2775 2772/2772/2772
f 2776/2776/2776 2777/2777/2777 2778/2778/2778
f 2779/2779/2779 2780/2780/2780 2781/2781/2781
f 2782/2782/2782 2783/2783/2783 2784/2784/2784
f 2784/2784/2784 2785/2785/2785 2782/2782/2782
f 2786/2786/2786 2787/2787/2787 2788/2788/2788
f 2788/2788/2788 2789/2789/2789 2786/2786/2786
f 2790/2790/2790 2791/2791/2791 2792/2792/2792
f 2793/2793/2793 2794/2794/2794 2795/2795/2795
f 2796/2796/2796 2797/2797/2797 2798/2798/2798
f 2798/2798/2798 2799/2799/2799 2796/2796/2796
f 2800/2800/2800 2801/2801/2801 2802/2802/2802
f 2803/2803/2803 2804/2804/2804 2805/2805/2805
f 2806/2806/2806 2807/2807/2807 2808/2808/2808
f 2808/2808/2808 2809/2809/2809 2806/2806/2806
f 2810/2810/2810 2811/2811/2811 2812/2812/2812
f 2812/2812/2812 2813/2813/2813 2810/2810/2810
f 2814/2814/2814 2815/2815/2815 2816/2816/2816
f 2817/2817/2817 2818/2818/2818 2819/2819/2819
f 2820/2820/2820 2821/2821/2821 2822/2822/2822
f 2822/2822/2822 2823/2823/2823 2820/2820/2820
f 2824/2824/2824 2825/2825/2825 2826/2826/2826
f 2826/2826/2826 2827/2827/2827 2824/2824/2824
f 2828/2828/2828 2829/2829/2829 2830/2830/2830
f 2830/2830/2830 2831/2831/2831 2828/2828/2828
f 2832/2832/2832 2833/2833/2833 2834/2834/2834
f 2834/2834/2834 2835/2835/2835 2832/2832/2832
f 2836/2836/2836 2837/2837/2837 2838/2838/2838
f 2839/2839/2839 2840/2840/2840 2841/2841/2841
f 2842/2842/2842 2843/2843/2843 2844/2844/2844
f 2844/2844/2844 2845/2845/2845 2842/2842/2842
f 2846/2846/2846 2847/2847/2847 2848/2848/2848
f 2849/2849/2849 2850/2850/2850 2851/2851/2851
f 2852/2852/2852 2853/2853/2853 2854/2854/2854
f 2855/2855/2855 2856/2856/2856 2857/2857/2857
f 2864/2864/2864 2865/2865/2865 2866/2866/2866
f 2867/2867/2867 2868/2868/2868 2869/2869/2869
f 2870/2870/2870 2871/2871/2871 2872/2872/2872
f 2873/2873/2873 2874/2874/2874 2875/2875/2875
f 2876/2876/2876 2877/2877/2877 2878/2878/2878
f 2879/2879/2879 2880/2880/2880 2881/2881/2881
f 2882/2882/2882 2883/2883/2883 2884/2884/2884
f 2885/2885/2885 2886/2886/2886 2887/2887/2887
f 2888/2888/2888 2889/2889/2889 2890/2890/2890
f 2891/2891/2891 2892/2892/2892 2893/2893/2893
f 2894/2894/2894 2895/2895/2895 2896/2896/2896
f 2896/2896/2896 2897/2897/2897 2894/2894/2894
f 2898/2898/2898 2899/2899/2899 2900/2900/2900
f 2900/2900/2900 2901/2901/2901 2898/2898/2898
f 2902/2902/2902 2903/2903/2903 2904/2904/2904
f 2905/2905/2905 2906/2906/2906 2907/2907/2907
f 2908/2908/2908 2909/2909/2909 2910/2910/2910
f 2911/2911/2911 2912/2912/2912 2913/2913/2913
f 2914/2914/2914 2915/2915/2915 2916/2916/2916
f 2917/2917/2917 2918/2918/2918 2919/2919/2919
f 2920/2920/2920 2921/2921/2921 2922/2922/2922
f 2923/2923/2923 2924/2924/2924 2925/2925/2925
f 2926/2926/2926 2927/2927/2927 2928/2928/2928
f 2929/2929/2929 2930/2930/2930 2931/2931/2931
f 2932/2932/2932 2933/2933/2933 2934/2934/2934
f 2935/2935/2935 2936/2936/2936 2937/2937/2937
f 2938/2938/2938 2939/2939/2939 2940/2940/2940
f 2941/2941/2941 2942/2942/2942 2943/2943/2943
f 2944/2944/2944 2945/2945/2945 2946/2946/2946
f 2947/2947/2947 2948/2948/2948 2949/2949/2949
f 2950/2950/2950 2951/2951/2951 2952/2952/2952
f 2953/2953/2953 2954/2954/2954 2955/2955/2955
f 2956/2956/2956 2957/2957/2957 2958/2958/2958
f 2959/2959/2959 2960/2960/2960 2961/2961/2961
f 2962/2962/2962 2963/2963/2963 2964/2964/2964
f 2964/2964/2964 2965/2965/2965 2962/2962/2962
f 2966/2966/2966 2967/2967/2967 2968/2968/2968
f 2968/2968/2968 2969/2969/2969 2966/2966/2966
f 2970/2970/2970 2971/2971/2971 2972/2972/2972
f 2973/2973/2973 2974/2974/2974 2975/2975/2975
f 2976/2976/2976 2977/2977/2977 2978/2978/2978
f 2978/2978/2978 2979/2979/2979 2976/2976/2976
f 2980/2980/2980 2981/2981/2981 2982/2982/2982
f 2982/2982/2982 2983/2983/2983 2980/2980/2980
f 2984/2984/2984 2985/2985/2985 2986/2986/2986
f 2986/2986/2986 2987/2987/2987 2984/2984/2984
f 2988/2988/2988 2989/2989/2989 2990/2990/2990
f 2991/2991/2991 2992/2992/2992 2993/2993/2993
f 2994/2994/2994 2995/2995/2995 2996/2996/2996
f 2997/2997/2997 2998/2998/2998 2999/2999/2999
f 3000/3000/3000 3001/3001/3001 3002/3002/3002
f 3003/3003/3003 3004/3004/3004 3005/3005/3005
f 3006/3006/3006 3007/3007/3007 3008/3008/3008
f 3009/3009/3009 3010/3010/3010 3011/3011/3011
f 3012/3012/3012 3013/3013/3013 3014/3014/3014
f 3015/3015/3015 3016/3016/3016 3017/3017/3017
f 3018/3018/3018 3019/3019/3019 3020/3020/3020
f 3021/3021/3021 3022/3022/3022 3023/3023/3023
f 3024/3024/3024 3025/3025/3025 3026/3026/3026
f 3027/3027/3027 3028/3028/3028 3029/3029/3029
f 3030/3030/3030 3031/3031/3031 3032/3032/3032
f 3033/3033/3033 3034/3034/3034 3035/3035/3035
f 3036/3036/3036 3037/3037/3037 3038/3038/3038
f 3039/3039/3039 3040/3040/3040 3041/3041/3041
f 3042/3042/3042 3043/3043/3043 3044/3044/3044
f 3045/3045/3045 3046/3046/3046 3047/3047/3047
f 3048/3048/3048 3049/3049/3049 3050/3050/3050
f 3051/3051/3051 3052/3052/3052 3053/3053/3053
f 3054/3054/3054 3055/3055/3055 3056/3056/3056
f 3057/3057/3057 3058/3058/3058 3059/3059/3059
f 3060/3060/3060 3061/3061/3061 3062/3062/3062
f 3063/3063/3063 3064/3064/3064 3065/3065/3065
f 3066/3066/3066 3067/3067/3067 3068/3068/3068
f 3069/3069/3069 3070/3070/3070 3071/3071/3071
f 3072/3072/3072 3073/3073/3073 3074/3074/3074
f 3075/3075/3075 3076/3076/3076 3077/3077/3077
f 3078/3078/3078 3079/3079/3079 3080/3080/3080
f 3081/3081/3081 3082/3082/3082 3083/3083/3083
f 3084/3084/3084 3085/3085/3085 3086/3086/3086
f 3087/3087/3087 3088/3088/3088 3089/3089/3089
f 3090/3090/3090 3091/3091/3091 3092/3092/3092
f 3093/3093/3093 3094/3094/3094 3095/3095/3095
f 3096/3096/3096 3097/3097/3097 3098/3098/3098
f 3099/3099/3099 3100/3100/3100 3101/3101/3101
f 3102/3102/3102 3103/3103/3103 3104/3104/3104
f 3105/3105/3105 3106/3106/3106 3107/3107/3107
f 3108/3108/3108 3109/3109/3109 3110/3110/3110
f 3111/3111/3111 3112/3112/3112 3113/3113/3113
f 3114/3114/3114 3115/3115/3115 3116/3116/3116
f 3117/3117/3117 3118/3118/3118 3119/3119/3119
f 3120/3120/3120 3121/3121/3121 3122/3122/3122
f 3123/3123/3123 3124/3124/3124 3125/3125/3125
f 3126/3126/3126 3127/3127/3127 3128/3128/3128
f 3129/3129/3129 3130/3130/3130 3131/3131/3131
f 3132/3132/3132 3133/3133/3133 3134/3134/3134
f 3135/3135/3135 3136/3136/3136 3137/3137/3137
f 3138/3138/3138 3139/3139/3139 3140/3140/3140
f 3141/3141/3141 3142/3142/3142 3143/3143/3143
f 3144/3144/3144 3145/3145/3145 3146/3146/3146
f 3147/3147/3147 3148/3148/3148 3149/3149/3149
f 3150/3150/3150 3151/3151/3151 3152/3152/3152
f 3153/3153/3153 3154/3154/3154 3155/3155/3155
f 3156/3156/3156 3157/3157/3157 3158/3158/3158
f 3159/3159/3159 3160/3160/3160 3161/3161/3161
f 3162/3162/3162 3163/3163/3163 3164/3164/3164
f 3165/3165/3165 3166/3166/3166 3167/3167/3167
f 3168/3168/3168 3169/3169/3169 3170/3170/3170
f 3171/3171/3171 3172/3172/3172 3173/3173/3173
f 3174/3174/3174 3175/3175/3175 3176/3176/3176
f 3177/3177/3177 3178/3178/3178 3179/3179/3179
f 3180/3180/3180 3181/3181/3181 3182/3182/3182
f 3182/3182/3182 3183/3183/3183 3180/3180/3180
f 3184/3184/3184 3185/3185/3185 3186/3186/3186
f 3187/3187/3187 3188/3188/3188 3189/3189/3189
f 3190/3190/3190 3191/3191/3191 3192/3192/3192
f 3193/3193/3193 3194/3194/3194 3195/3195/3195
f 3196/3196/3196 3197/3197/3197 3198/3198/3198
f 3199/3199/3199 3200/3200/3200 3201/3201/3201
f 3202/3202/3202 3203/3203/3203 3204/3204/3204
f 3205/3205/3205 3206/3206/3206 3207/3207/3207
f 3208/3208/3208 3209/3209/3209 3210/3210/3210
f 3211/3211/3211 3212/3212/3212 3213/3213/3213
f 3214/3214/3214 3215/3215/3215 3216/3216/3216
f 3217/3217/3217 3218/3218/3218 3219/3219/3219
f 3220/3220/3220 3221/3221/3221 3222/3222/3222
f 3274/3274/3274 3275/3275/3275 3276/3276/3276
f 3334/3334/3334 3335/3335/3335 3336/3336/3336
f 3409/3409/3409 3410/3410/3410 3411/3411/3411
f 3430/3430/3430 3431/3431/3431 3432/3432/3432
f 3496/3496/3496 3497/3497/3497 3498/3498/3498
f 3532/3532/3532 3533/3533/3533 3534/3534/3534
f 3544/3544/3544 3545/3545/3545 3546/3546/3546
f 3631/3631/3631 3632/3632/3632 3633/3633/3633
f 3685/3685/3685 3686/3686/3686 3687/3687/3687
f 3748/3748/3748 3749/3749/3749 3750/3750/3750
f 3751/3751/3751 3752/3752/3752 3753/3753/3753
f 3754/3754/3754 3755/3755/3755 3756/3756/3756
f 3757/3757/3757 3758/3758/3758 3759/3759/3759
f 3760/3760/3760 3761/3761/3761 3762/3762/3762
f 3763/3763/3763 3764/3764/3764 3765/3765/3765
f 3766/3766/3766 3767/3767/3767 3768/3768/3768
f 3769/3769/3769 3770/3770/3770 3771/3771/3771
f 3772/3772/3772 3773/3773/3773 3774/3774/3774
f 3775/3775/3775 3776/3776/3776 3777/3777/3777
f 3778/3778/3778 3779/3779/3779 3780/3780/3780
f 3781/3781/3781 3782/3782/3782 3783/3783/3783
f 3784/3784/3784 3785/3785/3785 3786/3786/3786
f 3787/3787/3787 3788/3788/3788 3789/3789/3789
f 3790/3790/3790 3791/3791/3791 3792/3792/3792
f 3793/3793/3793 3794/3794/3794 3795/3795/3795
f 3796/3796/3796 3797/3797/3797 3798/3798/3798
f 3799/3799/3799 3800/3800/3800 3801/3801/3801
f 3802/3802/3802 3803/3803/3803 3804/3804/3804
f 3805/3805/3805 3806/3806/3806 3807/3807/3807
f 3808/3808/3808 3809/3809/3809 3810/3810/3810
f 3811/3811/3811 3812/3812/3812 3813/3813/3813
f 3814/3814/3814 3815/3815/3815 3816/3816/3816
f 3817/3817/3817 3818/3818/3818 3819/3819/3819
f 3820/3820/3820 3821/3821/3821 3822/3822/3822
f 3823/3823/3823 3824/3824/3824 3825/3825/3825
f 3826/3826/3826 3827/3827/3827 3828/3828/3828
f 3829/3829/3829 3830/3830/3830 3831/3831/3831
f 3832/3832/3832 3833/3833/3833 3834/3834/3834
f 3835/3835/3835 3836/3836/3836 3837/3837/3837
f 3838/3838/3838 3839/3839/3839 3840/3840/3840
f 3841/3841/3841 3842/3842/3842 3843/3843/3843
f 3844/3844/3844 3845/3845/3845 3846/3846/3846
f 3847/3847/3847 3848/3848/3848 3849/3849/3849
f 3850/3850/3850 3851/3851/3851 3852/3852/3852
f 3853/3853/3853 3854/3854/3854 3855/3855/3855
f 3856/3856/3856 3857/3857/3857 3858/3858/3858
f 3859/3859/3859 3860/3860/3860 3861/3861/3861
f 3862/3862/3862 3863/3863/3863 3864/3864/3864
f 3865/3865/3865 3866/3866/3866 3867/3867/3867
f 3868/3868/3868 3869/3869/3869 3870/3870/3870
f 3871/3871/3871 3872/3872/3872 3873/3873/3873
f 3874/3874/3874 3875/3875/3875 3876/3876/3876
f 3877/3877/3877 3878/3878/3878 3879/3879/3879
f 3880/3880/3880 3881/3881/3881 3882/3882/3882
f 3883/3883/3883 3884/3884/3884 3885/3885/3885
f 3886/3886/3886 3887/3887/3887 3888/3888/3888
f 3889/3889/3889 3890/3890/3890 3891/3891/3891
f 3892/3892/3892 3893/3893/3893 3894/3894/3894
f 3895/3895/3895 3896/3896/3896 3897/3897/3897
f 3898/3898/3898 3899/3899/3899 3900/3900/3900
f 3901/3901/3901 3902/3902/3902 3903/3903/3903
f 3904/3904/3904 3905/3905/3905 3906/3906/3906
f 3907/3907/3907 3908/3908/3908 3909/3909/3909
f 3910/3910/3910 3911/3911/3911 3912/3912/3912
f 3913/3913/3913 3914/3914/3914 3915/3915/3915
f 3916/3916/3916 3917/3917/3917 3918/3918/3918
f 3919/3919/3919 3920/3920/3920 3921/3921/3921
f 3922/3922/3922 3923/3923/3923 3924/3924/3924
f 3925/3925/3925 3926/3926/3926 3927/3927/3927
f 3928/3928/3928 3929/3929/3929 3930/3930/3930
f 3931/3931/3931 3932/3932/3932 3933/3933/3933
f 3934/3934/3934 3935/3935/3935 3936/3936/3936
f 3937/3937/3937 3938/3938/3938 3939/3939/3939
f 4702/4702/4702 4703/4703/4703 4704/4704/4704
f 4705/4705/4705 4706/4706/4706 4707/4707/4707
f 4708/4708/4708 4709/4709/4709 4710/4710/4710
f 4711/4711/4711 4704/4704/4704 4703/4703/4703
f 4712/4712/4712 4713/4713/4713 4714/4714/4714
f 4714/4714/4714 4710/4710/4710 4709/4709/4709
f 4715/4715/4715 4716/4716/4716 4717/4717/4717
f 4718/4718/4718 4714/4714/4714 4713/4713/4713
f 4716/4716/4716 4719/4719/4719 4720/4720/4720
f 4720/4720/4720 4717/4717/4717 4716/4716/4716
f 4721/4721/4721 4722/4722/4722 4723/4723/4723
f 4724/4724/4724 4720/4720/4720 4719/4719/4719
f 4725/4725/4725 4726/4726/4726 4727/4727/4727
f 4728/4728/4728 4729/4729/4729 4730/4730/4730
f 4731/4731/4731 4732/4732/4732 4733/4733/4733
f 4734/4734/4734 4727/4727/4727 4726/4726/4726
f 4735/4735/4735 4736/4736/4736 4737/4737/4737
f 4738/4738/4738 4733/4733/4733 4732/4732/4732
f 4739/4739/4739 4740/4740/4740 4741/4741/4741
f 4742/4742/4742 4737/4737/4737 4736/4736/4736
f 4743/4743/4743 4744/4744/4744 4745/4745/4745
f 4746/4746/4746 4741/4741/4741 4740/4740/4740
f 4747/4747/4747 4748/4748/4748 4749/4749/4749
f 4750/4750/4750 4745/4745/4745 4744/4744/4744
f 4751/4751/4751 4752/4752/4752 4753/4753/4753
f 4754/4754/4754 4755/4755/4755 4756/4756/4756
f 4757/4757/4757 4758/4758/4758 4759/4759/4759
f 4760/4760/4760 4753/4753/4753 4752/4752/4752
f 4761/4761/4761 4762/4762/4762 4763/4763/4763
f 4764/4764/4764 4759/4759/4759 4758/4758/4758
f 4765/4765/4765 4766/4766/4766 4767/4767/4767
f 4768/4768/4768 4763/4763/4763 4762/4762/4762
f 4769/4769/4769 4770/4770/4770 4771/4771/4771
f 4772/4772/4772 4767/4767/4767 4766/4766/4766
f 4773/4773/4773 4774/4774/4774 4775/4775/4775
f 4776/4776/4776 4771/4771/4771 4770/4770/4770
f 4777/4777/4777 4778/4778/4778 4779/4779/4779
f 4780/4780/4780 4781/4781/4781 4782/4782/4782
f 4783/4783/4783 4784/4784/4784 4785/4785/4785
f 4786/4786/4786 4779/4779/4779 4778/4778/4778
f 4787/4787/4787 4788/4788/4788 4789/4789/4789
f 4790/4790/4790 4785/4785/4785 4784/4784/4784
f 4791/4791/4791 4792/4792/4792 4793/4793/4793
f 4794/4794/4794 4789/4789/4789 4788/4788/4788
f 4795/4795/4795 4796/4796/4796 4797/4797/4797
f 4798/4798/4798 4793/4793/4793 4792/4792/4792
f 4799/4799/4799 4800/4800/4800 4801/4801/4801
f 4802/4802/4802 4797/4797/4797 4796/4796/4796
f 4803/4803/4803 4804/4804/4804 4805/4805/4805
f 4806/4806/4806 4807/4807/4807 4808/4808/4808
f 4809/4809/4809 4810/4810/4810 4811/4811/4811
f 4812/4812/4812 4805/4805/4805 4804/4804/4804
f 4813/4813/4813 4814/4814/4814 4815/4815/4815
f 4816/4816/4816 4811/4811/4811 4810/4810/4810
f 4817/4817/4817 4818/4818/4818 4819/4819/4819
f 4820/4820/4820 4815/4815/4815 4814/4814/4814
f 4821/4821/4821 4822/4822/4822 4823/4823/4823
f 4824/4824/4824 4819/4819/4819 4818/4818/4818
f 4825/4825/4825 4826/4826/4826 4827/4827/4827
f 4828/4828/4828 4823/4823/4823 4822/4822/4822
f 4829/4829/4829 4830/4830/4830 4831/4831/4831
f 4832/4832/4832 4833/4833/4833 4834/4834/4834
f 4835/4835/4835 4836/4836/4836 4837/4837/4837
f 4830/4830/4830 4829/4829/4829 4838/4838/4838
f 4839/4839/4839 4840/4840/4840 4841/4841/4841
f 4836/4836/4836 4835/4835/4835 4842/4842/4842
f 4843/4843/4843 4844/4844/4844 4845/4845/4845
f 4846/4846/4846 4840/4840/4840 4839/4839/4839
f 4847/4847/4847 4848/4848/4848 4849/4849/4849
f 4850/4850/4850 4845/4845/4845 4844/4844/4844
f 4851/4851/4851 4852/4852/4852 4853/4853/4853
f 4854/4854/4854 4849/4849/4849 4848/4848/4848
f 4855/4855/4855 4856/4856/4856 4857/4857/4857
f 4858/4858/4858 4859/4859/4859 4860/4860/4860
f 4861/4861/4861 4862/4862/4862 4863/4863/4863
f 4864/4864/4864 4857/4857/4857 4856/4856/4856
f 4865/4865/4865 4866/4866/4866 4867/4867/4867
f 4868/4868/4868 4863/4863/4863 4862/4862/4862
f 4869/4869/4869 4870/4870/4870 4871/4871/4871
f 4872/4872/4872 4867/4867/4867 4866/4866/4866
f 4873/4873/4873 4874/4874/4874 4875/4875/4875
f 4876/4876/4876 4871/4871/4871 4870/4870/4870
f 4877/4877/4877 4878/4878/4878 4879/4879/4879
f 4880/4880/4880 4875/4875/4875 4874/4874/4874
f 4881/4881/4881 4882/4882/4882 4883/4883/4883
f 4884/4884/4884 4885/4885/4885 4886/4886/4886
f 4887/4887/4887 4888/4888/4888 4889/4889/4889
f 4882/4882/4882 4881/4881/4881 4890/4890/4890
f 4891/4891/4891 4892/4892/4892 4893/4893/4893
f 4888/4888/4888 4887/4887/4887 4894/4894/4894
f 4895/4895/4895 4892/4892/4892 4891/4891/4891
f 4896/4896/4896 4897/4897/4897 4898/4898/4898
f 4899/4899/4899 4898/4898/4898 4897/4897/4897
f 4900/4900/4900 4901/4901/4901 4902/4902/4902
f 4903/4903/4903 4902/4902/4902 4901/4901/4901
f 4904/4904/4904 4905/4905/4905 4906/4906/4906
f 4907/4907/4907 4908/4908/4908 4909/4909/4909
f 4910/4910/4910 4911/4911/4911 4912/4912/4912
f 4911/4911/4911 4910/4910/4910 4913/4913/4913
f 4914/4914/4914 4915/4915/4915 4916/4916/4916
f 4915/4915/4915 4914/4914/4914 4917/4917/4917
f 4918/4918/4918 4919/4919/4919 4920/4920/4920
f 4919/4919/4919 4918/4918/4918 4921/4921/4921
f 4922/4922/4922 4923/4923/4923 4924/4924/4924
f 4923/4923/4923 4922/4922/4922 4925/4925/4925
f 4926/4926/4926 4927/4927/4927 4928/4928/4928
f 4927/4927/4927 4926/4926/4926 4929/4929/4929
f 4930/4930/4930 4931/4931/4931 4932/4932/4932
f 4933/4933/4933 4934/4934/4934 4935/4935/4935
f 4936/4936/4936 4937/4937/4937 4938/4938/4938
f 4937/4937/4937 4936/4936/4936 4939/4939/4939
f 4940/4940/4940 4941/4941/4941 4942/4942/4942
f 4941/4941/4941 4940/4940/4940 4943/4943/4943
f 4944/4944/4944 4945/4945/4945 4946/4946/4946
f 4945/4945/4945 4944/4944/4944 4947/4947/4947
f 4948/4948/4948 4949/4949/4949 4950/4950/4950
f 4949/4949/4949 4948/4948/4948 4951/4951/4951
f 4952/4952/4952 4953/4953/4953 4954/4954/4954
f 4953/4953/4953 4952/4952/4952 4955/4955/4955
f 4956/4956/4956 4957/4957/4957 4958/4958/4958
f 4959/4959/4959 4960/4960/4960 4961/4961/4961
f 4962/4962/4962 4963/4963/4963 4964/4964/4964
f 4963/4963/4963 4962/4962/4962 4965/4965/4965
f 4966/4966/4966 4967/4967/4967 4968/4968/4968
f 4967/4967/4967 4966/4966/4966 4969/4969/4969
f 4970/4970/4970 4971/4971/4971 4972/4972/4972
f 4971/4971/4971 4970/4970/4970 4973/4973/4973
f 4974/4974/4974 4975/4975/4975 4976/4976/4976
f 4975/4975/4975 4974/4974/4974 4977/4977/4977
f 4978/4978/4978 4979/4979/4979 4980/4980/4980
f 4979/4979/4979 4978/4978/4978 4981/4981/4981
f 4982/4982/4982 4983/4983/4983 4984/4984/4984
f 4985/4985/4985 4986/4986/4986 4987/4987/4987
f 4988/4988/4988 4989/4989/4989 4990/4990/4990
f 4989/4989/4989 4988/4988/4988 4991/4991/4991
f 4992/4992/4992 4993/4993/4993 4994/4994/4994
f 4993/4993/4993 4992/4992/4992 4995/4995/4995
f 4996/4996/4996 4997/4997/4997 4998/4998/4998
f 4997/4997/4997 4996/4996/4996 4999/4999/4999
f 5000/5000/5000 5001/5001/5001 5002/5002/5002
f 5001/5001/5001 5000/5000/5000 5003/5003/5003
f 5004/5004/5004 5005/5005/5005 5006/5006/5006
f 5005/5005/5005 5004/5004/5004 5007/5007/5007
f 5008/5008/5008 5009/5009/5009 5010/5010/5010
f 5011/5011/5011 5012/5012/5012 5013/5013/5013
f 5014/5014/5014 5015/5015/5015 5016/5016/5016
f 5015/5015/5015 5014/5014/5014 5017/5017/5017
f 5018/5018/5018 5019/5019/5019 5020/5020/5020
f 5019/5019/5019 5018/5018/5018 5021/5021/5021
f 5022/5022/5022 5023/5023/5023 5024/5024/5024
f 5023/5023/5023 5022/5022/5022 5025/5025/5025
f 5026/5026/5026 5027/5027/5027 5028/5028/5028
f 5027/5027/5027 5026/5026/5026 5029/5029/5029
f 5030/5030/5030 5031/5031/5031 5032/5032/5032
f 5031/5031/5031 5030/5030/5030 5033/5033/5033
f 5034/5034/5034 5035/5035/5035 5036/5036/5036
f 5037/5037/5037 5038/5038/5038 5039/5039/5039
f 5040/5040/5040 5041/5041/5041 5042/5042/5042
f 5043/5043/5043 5042/5042/5042 5041/5041/5041
f 5044/5044/5044 5045/5045/5045 5046/5046/5046
f 5047/5047/5047 5046/5046/5046 5045/5045/5045
f 5048/5048/5048 5049/5049/5049 5050/5050/5050
f 5050/5050/5050 5049/5049/5049 5051/5051/5051
f 5052/5052/5052 5053/5053/5053 5054/5054/5054
f 5053/5053/5053 5052/5052/5052 5055/5055/5055
f 5056/5056/5056 5057/5057/5057 5058/5058/5058
f 5057/5057/5057 5056/5056/5056 5059/5059/5059
f 5060/5060/5060 5061/5061/5061 5062/5062/5062
f 5063/5063/5063 5064/5064/5064 5065/5065/5065
f 5066/5066/5066 5067/5067/5067 5068/5068/5068
f 5067/5067/5067 5066/5066/5066 5069/5069/5069
f 5070/5070/5070 5071/5071/5071 5072/5072/5072
f 5071/5071/5071 5070/5070/5070 5073/5073/5073
f 5074/5074/5074 5075/5075/5075 5076/5076/5076
f 5075/5075/5075 5074/5074/5074 5077/5077/5077
f 5078/5078/5078 5079/5079/5079 5080/5080/5080
f 5079/5079/5079 5078/5078/5078 5081/5081/5081
f 5082/5082/5082 5083/5083/5083 5084/5084/5084
f 5083/5083/5083 5082/5082/5082 5085/5085/5085
f 5086/5086/5086 5087/5087/5087 5088/5088/5088
f 5089/5089/5089 5090/5090/5090 5091/5091/5091
f 5092/5092/5092 5093/5093/5093 5094/5094/5094
f 5095/5095/5095 5094/5094/5094 5093/5093/5093
f 5096/5096/5096 5097/5097/5097 5098/5098/5098
f 5099/5099/5099 5098/5098/5098 5097/5097/5097
f 5100/5100/5100 5101/5101/5101 5102/5102/5102
f 5103/5103/5103 5104/5104/5104 5105/5105/5105
f 5102/5102/5102 5101/5101/5101 5106/5106/5106
f 5107/5107/5107 5108/5108/5108 5109/5109/5109
f 5104/5104/5104 5103/5103/5103 5110/5110/5110
f 5111/5111/5111 5112/5112/5112 5113/5113/5113
f 5108/5108/5108 5107/5107/5107 5114/5114/5114