# https://github.com/mikedh/trimesh
mtllib material.mtl
usemtl material_0
v 0.09213519 -0.10452010 -0.15354638
v 0.08364552 -0.10181900 -0.15139360
v 0.08320760 -0.11252401 -0.15628059
v 0.07382738 -0.09785937 -0.16498370
v 0.07383474 -0.10752662 -0.15960359
v 0.08238697 -0.08784987 -0.15657131
v 0.08364552 -0.10181900 -0.15139360
v 0.08238697 -0.08784987 -0.15657131
v 0.07383474 -0.10752662 -0.15960359
v 0.09213519 -0.10452010 -0.15354638
v 0.09194383 -0.09311958 -0.17150827
v 0.09033569 -0.09278470 -0.15601195
v 0.07382738 -0.09785937 -0.16498370
v 0.08238697 -0.08784987 -0.15657131
v 0.07391202 -0.08443487 -0.16143254
v 0.07382738 -0.09785937 -0.16498370
v 0.07391202 -0.08443487 -0.16143254
v 0.07484673 -0.08900170 -0.17300233
v 0.09194383 -0.09311958 -0.17150827
v 0.09019953 -0.09546371 -0.17649094
v 0.08330696 -0.08151666 -0.17410632
v 0.09019953 -0.09546371 -0.17649094
v 0.07716511 -0.10317691 -0.17410632
v 0.07484673 -0.08900170 -0.17300233
v 0.07382738 -0.09785937 -0.16498370
v 0.07484673 -0.08900170 -0.17300233
v 0.07716511 -0.10317691 -0.17410632
v 0.09019953 -0.09546371 -0.17649094
v 0.09194383 -0.09311958 -0.17150827
v 0.09081776 -0.10923413 -0.16792767
v 0.09019953 -0.09546371 -0.17649094
v 0.09081776 -0.10923413 -0.16792767
v 0.07716511 -0.10317691 -0.17410632
v 0.09081776 -0.10923413 -0.16792767
v 0.09194383 -0.09311958 -0.17150827
v 0.09213519 -0.10452010 -0.15354638
v 0.07382738 -0.09785937 -0.16498370
v 0.07716511 -0.10317691 -0.17410632
v 0.07383474 -0.10752662 -0.15960359
v 0.09081776 -0.10923413 -0.16792767
v 0.09213519 -0.10452010 -0.15354638
v 0.08320760 -0.11252401 -0.15628059
v 0.08320760 -0.11252401 -0.15628059
v 0.08364552 -0.10181900 -0.15139360
v 0.07383474 -0.10752662 -0.15960359
v 0.07484673 -0.08900170 -0.17300233
v 0.08330696 -0.08151666 -0.17410632
v 0.09019953 -0.09546371 -0.17649094
v 0.14735300 -0.06112231 -0.16552465
v 0.14836131 -0.08619021 -0.16481074
v 0.13315939 -0.08603933 -0.18409742
v 0.12829081 -0.04967396 -0.14837235
v 0.11612853 -0.07080061 -0.15250863
v 0.12691082 -0.08845339 -0.15144144
v 0.11612853 -0.07080061 -0.18506893
v 0.14735300 -0.06112231 -0.16552465
v 0.13315939 -0.08603933 -0.18409742
v 0.12691082 -0.08845339 -0.15144144
v 0.12689610 -0.10125597 -0.16481074
v 0.14836131 -0.08619021 -0.16481074
v 0.12691082 -0.08845339 -0.15144144
v 0.11612853 -0.07080061 -0.15250863
v 0.10277027 -0.09877200 -0.14475495
v 0.11612853 -0.07080061 -0.18506893
v 0.13315939 -0.08603933 -0.18409742
v 0.10736655 -0.08914890 -0.17864739
v 0.10277027 -0.09877200 -0.14475495
v 0.11612853 -0.07080061 -0.15250863
v 0.09472220 -0.07837029 -0.14958674
v 0.11612853 -0.07080061 -0.18506893
v 0.09575995 -0.07800230 -0.17939075
v 0.08395095 -0.08217905 -0.16481074
v 0.08562902 -0.05584157 -0.16345283
v 0.09575995 -0.07800230 -0.17939075
v 0.09472220 -0.07837029 -0.14958674
v 0.11612853 -0.07080061 -0.15250863
v 0.09372493 -0.06010297 -0.14835027
v 0.11612853 -0.07080061 -0.18506893
v 0.09575995 -0.07800230 -0.17939075
v 0.08562902 -0.05584157 -0.16345283
v 0.09372493 -0.06010297 -0.14835027
v 0.11612853 -0.07080061 -0.15250863
v 0.11130410 -0.05716268 -0.15438909
v 0.11612853 -0.07080061 -0.18506893
v 0.08562902 -0.05584157 -0.16345283
v 0.10097077 -0.04719734 -0.16853854
v 0.10097077 -0.04719734 -0.16853854
v 0.12963031 -0.04252747 -0.16481074
v 0.12893480 -0.04397738 -0.18412318
v 0.11130410 -0.05716268 -0.15438909
v 0.11612853 -0.07080061 -0.15250863
v 0.12829081 -0.04967396 -0.14837235
v 0.11612853 -0.07080061 -0.18506893
v 0.10097077 -0.04719734 -0.16853854
v 0.12893480 -0.04397738 -0.18412318
v 0.12963031 -0.04252747 -0.16481074
v 0.14735300 -0.06112231 -0.16552465
v 0.12893480 -0.04397738 -0.18412318
v 0.11612853 -0.07080061 -0.18506893
v 0.12893480 -0.04397738 -0.18412318
v 0.14735300 -0.06112231 -0.16552465
v 0.12963031 -0.04252747 -0.16481074
v 0.12829081 -0.04967396 -0.14837235
v 0.14735300 -0.06112231 -0.16552465
v 0.13315939 -0.08603933 -0.18409742
v 0.14836131 -0.08619021 -0.16481074
v 0.12689610 -0.10125597 -0.16481074
v -0.00483179 -0.08403007 -0.15440013
v 0.01859484 -0.08532542 -0.16531489
v -0.00405164 -0.08128114 -0.17376041
v -0.00296237 -0.09742881 -0.14184042
v 0.00216750 -0.12119400 -0.14574486
v 0.02319480 -0.09179847 -0.13102134
v 0.00216750 -0.10507945 -0.19325684
v -0.00405164 -0.08128114 -0.17376041
v 0.01859484 -0.08532542 -0.16531489
v 0.01859484 -0.08532542 -0.16531489
v 0.00216750 -0.10507945 -0.19325684
v 0.02559413 -0.10518985 -0.18016722
v 0.01859484 -0.08532542 -0.16531489
v 0.02675700 -0.10950644 -0.16428083
v 0.02559413 -0.10518985 -0.18016722
v 0.02319480 -0.09179847 -0.13102134
v 0.00216750 -0.12119400 -0.14574486
v 0.03078655 -0.11500063 -0.14475127
v 0.03078655 -0.11500063 -0.14475127
v 0.00216750 -0.12119400 -0.14574486
v 0.01648255 -0.12728802 -0.15646459
v 0.01648255 -0.12728802 -0.15646459
v 0.00216750 -0.12119400 -0.14574486
v 0.00845287 -0.14850667 -0.15578747
v 0.00216750 -0.10507945 -0.19325684
v 0.02559413 -0.10518985 -0.18016722
v 0.00882087 -0.13734167 -0.19403331
v 0.00845287 -0.14850667 -0.15578747
v 0.00216750 -0.12119400 -0.14574486
v -0.02667972 -0.13899397 -0.15068705
v 0.00216750 -0.10507945 -0.19325684
v 0.00882087 -0.13734167 -0.19403331
v -0.01781469 -0.12124552 -0.19221541
v -0.01790301 -0.14416432 -0.17479447
v -0.02667972 -0.13899397 -0.15068705
v -0.03308285 -0.12193735 -0.16725423
v -0.03308285 -0.12193735 -0.16725423
v -0.02369527 -0.09824208 -0.15786665
v -0.01781469 -0.12124552 -0.19221541
v -0.02667972 -0.13899397 -0.15068705
v 0.00216750 -0.12119400 -0.14574486
v -0.02603941 -0.10446122 -0.13853214
v 0.00216750 -0.10507945 -0.19325684
v -0.01781469 -0.12124552 -0.19221541
v -0.02369527 -0.09824208 -0.15786665
v -0.02369527 -0.09824208 -0.15786665
v -0.00483179 -0.08403007 -0.15440013
v -0.00405164 -0.08128114 -0.17376041
v -0.02603941 -0.10446122 -0.13853214
v 0.00216750 -0.12119400 -0.14574486
v -0.00296237 -0.09742881 -0.14184042
v 0.00216750 -0.10507945 -0.19325684
v -0.02369527 -0.09824208 -0.15786665
v -0.00405164 -0.08128114 -0.17376041
v 0.02675700 -0.10950644 -0.16428083
v 0.03078655 -0.11500063 -0.14475127
v 0.01648255 -0.12728802 -0.15646459
v -0.01790301 -0.14416432 -0.17479447
v -0.03308285 -0.12193735 -0.16725423
v -0.01781469 -0.12124552 -0.19221541
v 0.11797587 0.11505950 -0.14648821
v 0.12260895 0.10927461 -0.16426979
v 0.11206218 0.13217868 -0.16518610
v 0.09349309 0.10090637 -0.18484077
v 0.10496721 0.12152152 -0.18482237
v 0.11160218 0.07946692 -0.16690464
v 0.12260895 0.10927461 -0.16426979
v 0.11160218 0.07946692 -0.16690464
v 0.10496721 0.12152152 -0.18482237
v 0.11797587 0.11505950 -0.14648821
v 0.07953500 0.09082328 -0.14688565
v 0.11276873 0.09000633 -0.15026017
v 0.09349309 0.10090637 -0.18484077
v 0.11160218 0.07946692 -0.16690464
v 0.10120261 0.07220268 -0.18465677
v 0.09349309 0.10090637 -0.18484077
v 0.10120261 0.07220268 -0.18465677
v 0.07635919 0.08203921 -0.18270271
v 0.07953500 0.09082328 -0.14688565
v 0.06883735 0.09586851 -0.15053985
v 0.07404450 0.06605346 -0.16498002
v 0.06883735 0.09586851 -0.15053985
v 0.07389730 0.11232529 -0.17784516
v 0.07635919 0.08203921 -0.18270271
v 0.09349309 0.10090637 -0.18484077
v 0.07635919 0.08203921 -0.18270271
v 0.07389730 0.11232529 -0.17784516
v 0.06883735 0.09586851 -0.15053985
v 0.07953500 0.09082328 -0.14688565
v 0.08710836 0.12523092 -0.14924450
v 0.06883735 0.09586851 -0.15053985
v 0.08710836 0.12523092 -0.14924450
v 0.07389730 0.11232529 -0.17784516
v 0.08710836 0.12523092 -0.14924450
v 0.07953500 0.09082328 -0.14688565
v 0.11797587 0.11505950 -0.14648821
v 0.09349309 0.10090637 -0.18484077
v 0.07389730 0.11232529 -0.17784516
v 0.10496721 0.12152152 -0.18482237
v 0.08710836 0.12523092 -0.14924450
v 0.11797587 0.11505950 -0.14648821
v 0.11206218 0.13217868 -0.16518610
v 0.11206218 0.13217868 -0.16518610
v 0.12260895 0.10927461 -0.16426979
v 0.10496721 0.12152152 -0.18482237
v 0.07635919 0.08203921 -0.18270271
v 0.07404450 0.06605346 -0.16498002
v 0.06883735 0.09586851 -0.15053985
v -0.09549867 0.06245078 -0.16295604
v -0.09107536 0.04835285 -0.14723893
v -0.08312296 0.04725254 -0.15881608
v -0.09458604 0.04037469 -0.18398334
v -0.08295736 0.05377343 -0.17670437
v -0.07929948 0.03188502 -0.17329673
v -0.09107536 0.04835285 -0.14723893
v -0.11023692 0.04108493 -0.14588470
v -0.09345261 0.03413348 -0.14994738
v -0.09345261 0.03413348 -0.14994738
v -0.11023692 0.04108493 -0.14588470
v -0.10056230 0.01782021 -0.14675317
v -0.09458604 0.04037469 -0.18398334
v -0.07929948 0.03188502 -0.17329673
v -0.09165311 0.01943203 -0.18021506
v -0.10056230 0.01782021 -0.14675317
v -0.11023692 0.04108493 -0.14588470
v -0.12086832 0.02229136 -0.15301646
v -0.11284601 0.01790117 -0.16796079
v -0.13439954 0.03118215 -0.17416152
v -0.09165311 0.01943203 -0.18021506
v -0.09458604 0.04037469 -0.18398334
v -0.09165311 0.01943203 -0.18021506
v -0.13439954 0.03118215 -0.17416152
v -0.11284601 0.01790117 -0.16796079
v -0.12086832 0.02229136 -0.15301646
v -0.13439954 0.03118215 -0.17416152
v -0.12086832 0.02229136 -0.15301646
v -0.11023692 0.04108493 -0.14588470
v -0.13364147 0.05375135 -0.15515084
v -0.09458604 0.04037469 -0.18398334
v -0.13439954 0.03118215 -0.17416152
v -0.14122955 0.05973865 -0.17638790
v -0.14122955 0.05973865 -0.17638790
v -0.11938530 0.08096834 -0.16906109
v -0.10351363 0.05561341 -0.17639526
v -0.13364147 0.05375135 -0.15515084
v -0.11023692 0.04108493 -0.14588470
v -0.11919026 0.06825776 -0.15042209
v -0.09458604 0.04037469 -0.18398334
v -0.14122955 0.05973865 -0.17638790
v -0.10351363 0.05561341 -0.17639526
v -0.11919026 0.06825776 -0.15042209
v -0.11023692 0.04108493 -0.14588470
v -0.09107536 0.04835285 -0.14723893
v -0.09458604 0.04037469 -0.18398334
v -0.10351363 0.05561341 -0.17639526
v -0.08295736 0.05377343 -0.17670437
v -0.08295736 0.05377343 -0.17670437
v -0.09549867 0.06245078 -0.16295604
v -0.08312296 0.04725254 -0.15881608
v -0.09074416 0.01019901 -0.16092470
v -0.11284601 0.01790117 -0.16796079
v -0.09165311 0.01943203 -0.18021506
v 0.03735529 -0.00542978 -0.13899949
v 0.05323432 0.01103068 -0.14930706
v 0.03739209 0.01567847 -0.14859683
v 0.01357538 -0.00085191 -0.16468562
v 0.01739150 0.00675089 -0.14442007
v 0.01983499 0.02211105 -0.16501682
v 0.05323432 0.01103068 -0.14930706
v 0.06183071 -0.00420804 -0.16530385
v 0.05109626 0.01461129 -0.16556513
v 0.05109626 0.01461129 -0.16556513
v 0.06183071 -0.00420804 -0.16530385
v 0.05728964 0.01642551 -0.18525292
v 0.01357538 -0.00085191 -0.16468562
v 0.01983499 0.02211105 -0.16501682
v 0.01669598 0.01344474 -0.18456845
v 0.05728964 0.01642551 -0.18525292
v 0.06183071 -0.00420804 -0.16530385
v 0.05781955 -0.00816031 -0.19070295
v 0.03819432 -0.00297525 -0.19388611
v 0.03925047 -0.03303685 -0.19072871
v 0.01669598 0.01344474 -0.18456845
v 0.01357538 -0.00085191 -0.16468562
v 0.01669598 0.01344474 -0.18456845
v 0.03925047 -0.03303685 -0.19072871
v 0.03819432 -0.00297525 -0.19388611
v 0.05781955 -0.00816031 -0.19070295
v 0.03925047 -0.03303685 -0.19072871
v 0.05781955 -0.00816031 -0.19070295
v 0.06183071 -0.00420804 -0.16530385
v 0.06016368 -0.03684561 -0.16407475
v 0.01357538 -0.00085191 -0.16468562
v 0.03925047 -0.03303685 -0.19072871
v 0.03930198 -0.05439903 -0.16445378
v 0.03930198 -0.05439903 -0.16445378
v 0.03938662 -0.04032317 -0.13143349
v 0.02533653 -0.01462601 -0.15173216
v 0.06016368 -0.03684561 -0.16407475
v 0.06183071 -0.00420804 -0.16530385
v 0.06009009 -0.02779659 -0.14177050
v 0.01357538 -0.00085191 -0.16468562
v 0.03930198 -0.05439903 -0.16445378
v 0.02533653 -0.01462601 -0.15173216
v 0.06009009 -0.02779659 -0.14177050
v 0.06183071 -0.00420804 -0.16530385
v 0.05323432 0.01103068 -0.14930706
v 0.01357538 -0.00085191 -0.16468562
v 0.02533653 -0.01462601 -0.15173216
v 0.01739150 0.00675089 -0.14442007
v 0.01739150 0.00675089 -0.14442007
v 0.03735529 -0.00542978 -0.13899949
v 0.03739209 0.01567847 -0.14859683
v 0.03785944 0.02522429 -0.19087222
v 0.03819432 -0.00297525 -0.19388611
v 0.01669598 0.01344474 -0.18456845
v 0.15861001 -0.01213467 -0.12992839
v 0.15939752 0.01383113 -0.13784030
v 0.13820094 0.00818239 -0.15309006
v 0.17746245 -0.03071480 -0.14504199
v 0.17291769 -0.01352938 -0.16481074
v 0.17409160 0.00839215 -0.16024023
v 0.13713375 -0.01352938 -0.16481074
v 0.15861001 -0.01213467 -0.12992839
v 0.13820094 0.00818239 -0.15309006
v 0.17409160 0.00839215 -0.16024023
v 0.15939752 0.02146337 -0.16481074
v 0.15939752 0.01383113 -0.13784030
v 0.17409160 0.00839215 -0.16024023
v 0.17291769 -0.01352938 -0.16481074
v 0.18144048 0.01021373 -0.18821529
v 0.13713375 -0.01352938 -0.16481074
v 0.13820094 0.00818239 -0.15309006
v 0.14418824 0.00204422 -0.18016354
v 0.14418824 0.00204422 -0.18016354
v 0.18144048 0.01021373 -0.18821529
v 0.17291769 -0.01352938 -0.16481074
v 0.17612662 -0.01352938 -0.18905800
v 0.13713375 -0.01352938 -0.16481074
v 0.14337497 -0.01352938 -0.18788042
v 0.15939752 -0.01352938 -0.20125339
v 0.16089158 -0.03982638 -0.19019143
v 0.14337497 -0.01352938 -0.18788042
v 0.17612662 -0.01352938 -0.18905800
v 0.17291769 -0.01352938 -0.16481074
v 0.17748821 -0.03254742 -0.18355646
v 0.13713375 -0.01352938 -0.16481074
v 0.14337497 -0.01352938 -0.18788042
v 0.16089158 -0.03982638 -0.19019143
v 0.17748821 -0.03254742 -0.18355646
v 0.17291769 -0.01352938 -0.16481074
v 0.17084956 -0.02920233 -0.16481074
v 0.13713375 -0.01352938 -0.16481074
v 0.16089158 -0.03982638 -0.19019143
v 0.15530172 -0.04311258 -0.17166651
v 0.15530172 -0.04311258 -0.17166651
v 0.15939752 -0.03753008 -0.14115227
v 0.13817150 -0.03630098 -0.14236298
v 0.17084956 -0.02920233 -0.16481074
v 0.17291769 -0.01352938 -0.16481074
v 0.17746245 -0.03071480 -0.14504199
v 0.13713375 -0.01352938 -0.16481074
v 0.15530172 -0.04311258 -0.17166651
v 0.13817150 -0.03630098 -0.14236298
v 0.15939752 -0.03753008 -0.14115227
v 0.15861001 -0.01213467 -0.12992839
v 0.13817150 -0.03630098 -0.14236298
v 0.13713375 -0.01352938 -0.16481074
v 0.13817150 -0.03630098 -0.14236298
v 0.15861001 -0.01213467 -0.12992839
v 0.15939752 -0.03753008 -0.14115227
v 0.17746245 -0.03071480 -0.14504199
v 0.15861001 -0.01213467 -0.12992839
v 0.13820094 0.00818239 -0.15309006
v 0.15939752 0.01383113 -0.13784030
v 0.15939752 0.02146337 -0.16481074
v 0.12768361 0.08382399 -0.13069750
v 0.12845272 0.10921573 -0.13843278
v 0.10771982 0.10369578 -0.15334766
v 0.14611654 0.06565603 -0.14547622
v 0.14167482 0.08245873 -0.16481074
v 0.14281929 0.10389818 -0.16033959
v 0.10667839 0.08245873 -0.16481074
v 0.12768361 0.08382399 -0.13069750
v 0.10771982 0.10369578 -0.15334766
v 0.14281929 0.10389818 -0.16033959
v 0.12845272 0.11668237 -0.16481074
v 0.12845272 0.10921573 -0.13843278
v 0.14281929 0.10389818 -0.16033959
v 0.14167482 0.08245873 -0.16481074
v 0.15000626 0.10567928 -0.18770010
v 0.10667839 0.08245873 -0.16481074
v 0.10771982 0.10369578 -0.15334766
v 0.11357832 0.09769009 -0.17982498
v 0.11357832 0.09769009 -0.17982498
v 0.15000626 0.10567928 -0.18770010
v 0.14167482 0.08245873 -0.16481074
v 0.14481383 0.08245873 -0.18852073
v 0.10667839 0.08245873 -0.16481074
v 0.11278345 0.08245873 -0.18736890
v 0.12845272 0.08245873 -0.20045116
v 0.12991367 0.05674316 -0.18962840
v 0.11278345 0.08245873 -0.18736890
v 0.14481383 0.08245873 -0.18852073
v 0.14167482 0.08245873 -0.16481074
v 0.14614230 0.06386389 -0.18314431
v 0.10667839 0.08245873 -0.16481074
v 0.11278345 0.08245873 -0.18736890
v 0.12991367 0.05674316 -0.18962840
v 0.14614230 0.06386389 -0.18314431
v 0.14167482 0.08245873 -0.16481074
v 0.13965085 0.06713537 -0.16481074
v 0.10667839 0.08245873 -0.16481074
v 0.12991367 0.05674316 -0.18962840
v 0.12444525 0.05353055 -0.17151563
v 0.12444525 0.05353055 -0.17151563
v 0.12845272 0.05898794 -0.14167114
v 0.10769406 0.06019128 -0.14285977
v 0.13965085 0.06713537 -0.16481074
v 0.14167482 0.08245873 -0.16481074
v 0.14611654 0.06565603 -0.14547622
v 0.10667839 0.08245873 -0.16481074
v 0.12444525 0.05353055 -0.17151563
v 0.10769406 0.06019128 -0.14285977
v 0.12845272 0.05898794 -0.14167114
v 0.12768361 0.08382399 -0.13069750
v 0.10769406 0.06019128 -0.14285977
v 0.10667839 0.08245873 -0.16481074
v 0.10769406 0.06019128 -0.14285977
v 0.12768361 0.08382399 -0.13069750
v 0.12845272 0.05898794 -0.14167114
v 0.14611654 0.06565603 -0.14547622
v 0.12768361 0.08382399 -0.13069750
v 0.10771982 0.10369578 -0.15334766
v 0.12845272 0.10921573 -0.13843278
v 0.12845272 0.11668237 -0.16481074
v 0.01343922 -0.05771467 -0.13436642
v 0.01412737 -0.03505347 -0.14127003
v -0.00437547 -0.03998094 -0.15458045
v 0.02989232 -0.07392858 -0.14755540
v 0.02592533 -0.05893274 -0.16481074
v 0.02694836 -0.03979694 -0.16082166
v -0.00530650 -0.05893274 -0.16481074
v 0.01343922 -0.05771467 -0.13436642
v -0.00437547 -0.03998094 -0.15458045
v 0.02694836 -0.03979694 -0.16082166
v 0.01412737 -0.02839274 -0.16481074
v 0.01412737 -0.03505347 -0.14127003
v 0.02694836 -0.03979694 -0.16082166
v 0.02592533 -0.05893274 -0.16481074
v 0.03336253 -0.03821088 -0.18523820
v -0.00530650 -0.05893274 -0.16481074
v -0.00437547 -0.03998094 -0.15458045
v 0.00085375 -0.04533896 -0.17820948
v 0.03336253 -0.03821088 -0.18523820
v 0.02592533 -0.05893274 -0.16481074
v 0.02872578 -0.05893274 -0.18597052
v -0.00530650 -0.05893274 -0.16481074
v 0.00013984 -0.05893274 -0.18494381
v 0.01412737 -0.05893274 -0.19661664
v 0.01543008 -0.08188098 -0.18696043
v 0.00013984 -0.05893274 -0.18494381
v 0.02872578 -0.05893274 -0.18597052
v 0.02592533 -0.05893274 -0.16481074
v 0.02991440 -0.07552936 -0.18117185
v -0.00530650 -0.05893274 -0.16481074
v 0.00013984 -0.05893274 -0.18494381
v 0.01543008 -0.08188098 -0.18696043
v 0.02991440 -0.07552936 -0.18117185
v 0.02592533 -0.05893274 -0.16481074
v 0.02411847 -0.07261115 -0.16481074
v -0.00530650 -0.05893274 -0.16481074
v 0.01543008 -0.08188098 -0.18696043
v 0.01055045 -0.08475135 -0.17079436
v 0.01055045 -0.08475135 -0.17079436
v 0.01412737 -0.07987908 -0.14416248
v -0.00440123 -0.07880453 -0.14522231
v 0.02411847 -0.07261115 -0.16481074
v 0.02592533 -0.05893274 -0.16481074
v 0.02989232 -0.07392858 -0.14755540
v -0.00530650 -0.05893274 -0.16481074
v 0.01055045 -0.08475135 -0.17079436
v -0.00440123 -0.07880453 -0.14522231
v 0.01412737 -0.07987908 -0.14416248
v 0.01343922 -0.05771467 -0.13436642
v -0.00440123 -0.07880453 -0.14522231
v -0.00530650 -0.05893274 -0.16481074
v -0.00440123 -0.07880453 -0.14522231
v 0.01343922 -0.05771467 -0.13436642
v 0.01412737 -0.07987908 -0.14416248
v 0.02989232 -0.07392858 -0.14755540
v 0.01343922 -0.05771467 -0.13436642
v -0.00437547 -0.03998094 -0.15458045
v 0.01412737 -0.03505347 -0.14127003
v 0.01412737 -0.02839274 -0.16481074
v 0.08162522 0.15553172 -0.13578321
v 0.05957857 0.16395515 -0.13905469
v 0.05844514 0.13886149 -0.12142400
v 0.03407276 0.13816598 -0.16523394
v 0.03409484 0.13781270 -0.13681360
v 0.05631445 0.17038772 -0.17680373
v 0.05957857 0.16395515 -0.13905469
v 0.05631445 0.17038772 -0.17680373
v 0.03409484 0.13781270 -0.13681360
v 0.08162522 0.15553172 -0.13578321
v 0.08113210 0.12948495 -0.18413054
v 0.07694799 0.16522474 -0.16508674
v 0.03407276 0.13816598 -0.16523394
v 0.05631445 0.17038772 -0.17680373
v 0.03430092 0.16377483 -0.19062567
v 0.03407276 0.13816598 -0.16523394
v 0.03430092 0.16377483 -0.19062567
v 0.03672233 0.13145373 -0.19521826
v 0.08113210 0.12948495 -0.18413054
v 0.07660207 0.11507790 -0.18526396
v 0.05869906 0.13871062 -0.21331631
v 0.07660207 0.11507790 -0.18526396
v 0.04275011 0.11044851 -0.16503154
v 0.03672233 0.13145373 -0.19521826
v 0.03407276 0.13816598 -0.16523394
v 0.03672233 0.13145373 -0.19521826
v 0.04275011 0.11044851 -0.16503154
v 0.07660207 0.11507790 -0.18526396
v 0.08113210 0.12948495 -0.18413054
v 0.07821021 0.11661981 -0.14362888
v 0.07660207 0.11507790 -0.18526396
v 0.07821021 0.11661981 -0.14362888
v 0.04275011 0.11044851 -0.16503154
v 0.07821021 0.11661981 -0.14362888
v 0.08113210 0.12948495 -0.18413054
v 0.08162522 0.15553172 -0.13578321
v 0.03407276 0.13816598 -0.16523394
v 0.04275011 0.11044851 -0.16503154
v 0.03409484 0.13781270 -0.13681360
v 0.07821021 0.11661981 -0.14362888
v 0.08162522 0.15553172 -0.13578321
v 0.05844514 0.13886149 -0.12142400
v 0.05844514 0.13886149 -0.12142400
v 0.05957857 0.16395515 -0.13905469
v 0.03409484 0.13781270 -0.13681360
v 0.03672233 0.13145373 -0.19521826
v 0.05869906 0.13871062 -0.21331631
v 0.07660207 0.11507790 -0.18526396
v -0.03346189 0.03337541 -0.12731562
v -0.06193375 0.04425705 -0.13154389
v -0.06339837 0.01184395 -0.10877229
v -0.09487676 0.01094604 -0.16535537
v -0.09484732 0.01048973 -0.12864776
v -0.06615098 0.05256640 -0.18029970
v -0.06193375 0.04425705 -0.13154389
v -0.06615098 0.05256640 -0.18029970
v -0.09484732 0.01048973 -0.12864776
v -0.03346189 0.03337541 -0.12731562
v -0.03409484 -0.00026680 -0.18976456
v -0.03949702 0.04589464 -0.16516770
v -0.09487676 0.01094604 -0.16535537
v -0.06615098 0.05256640 -0.18029970
v -0.09458604 0.04402154 -0.19815487
v -0.09487676 0.01094604 -0.16535537
v -0.09458604 0.04402154 -0.19815487
v -0.09145439 0.00227606 -0.20408696
v -0.03409484 -0.00026680 -0.18976456
v -0.03994966 -0.01887268 -0.19122918
v -0.06307085 0.01164892 -0.22745840
v -0.03994966 -0.01887268 -0.19122918
v -0.08367128 -0.02485630 -0.16509410
v -0.09145439 0.00227606 -0.20408696
v -0.09487676 0.01094604 -0.16535537
v -0.09145439 0.00227606 -0.20408696
v -0.08367128 -0.02485630 -0.16509410
v -0.03994966 -0.01887268 -0.19122918
v -0.03409484 -0.00026680 -0.18976456
v -0.03787048 -0.01688550 -0.13745391
v -0.03994966 -0.01887268 -0.19122918
v -0.03787048 -0.01688550 -0.13745391
v -0.08367128 -0.02485630 -0.16509410
v -0.03787048 -0.01688550 -0.13745391
v -0.03409484 -0.00026680 -0.18976456
v -0.03346189 0.03337541 -0.12731562
v -0.09487676 0.01094604 -0.16535537
v -0.08367128 -0.02485630 -0.16509410
v -0.09484732 0.01048973 -0.12864776
v -0.03787048 -0.01688550 -0.13745391
v -0.03346189 0.03337541 -0.12731562
v -0.06339837 0.01184395 -0.10877229
v -0.06339837 0.01184395 -0.10877229
v -0.06193375 0.04425705 -0.13154389
v -0.09484732 0.01048973 -0.12864776
v -0.09145439 0.00227606 -0.20408696
v -0.06307085 0.01164892 -0.22745840
v -0.03994966 -0.01887268 -0.19122918
v 0.07108213 -0.12318854 -0.13483378
v 0.05790787 -0.10268380 -0.13821566
v 0.04160196 -0.12286102 -0.12000721
v 0.02090586 -0.10852021 -0.16524498
v 0.02070714 -0.10882933 -0.13590096
v 0.05912962 -0.09533491 -0.17719381
v 0.05790787 -0.10268380 -0.13821566
v 0.05912962 -0.09533491 -0.17719381
v 0.02070714 -0.10882933 -0.13590096
v 0.07108213 -0.12318854 -0.13483378
v 0.05473206 -0.14455071 -0.18476349
v 0.07313187 -0.11226273 -0.16509778
v 0.02090586 -0.10852021 -0.16524498
v 0.05912962 -0.09533491 -0.17719381
v 0.03677017 -0.08736044 -0.19146838
v 0.02090586 -0.10852021 -0.16524498
v 0.03677017 -0.08736044 -0.19146838
v 0.01899964 -0.11572558 -0.19621185
v 0.05473206 -0.14455071 -0.18476349
v 0.04214291 -0.15375798 -0.18593372
v 0.04171972 -0.12314438 -0.21489869
v 0.04214291 -0.15375798 -0.18593372
v 0.01115396 -0.13688535 -0.16503890
v 0.01899964 -0.11572558 -0.19621185
v 0.02090586 -0.10852021 -0.16524498
v 0.01899964 -0.11572558 -0.19621185
v 0.01115396 -0.13688535 -0.16503890
v 0.04214291 -0.15375798 -0.18593372
v 0.05473206 -0.14455071 -0.18476349
v 0.04442449 -0.15345990 -0.14294073
v 0.04214291 -0.15375798 -0.18593372
v 0.04442449 -0.15345990 -0.14294073
v 0.01115396 -0.13688535 -0.16503890
v 0.04442449 -0.15345990 -0.14294073
v 0.05473206 -0.14455071 -0.18476349
v 0.07108213 -0.12318854 -0.13483378
v 0.02090586 -0.10852021 -0.16524498
v 0.01115396 -0.13688535 -0.16503890
v 0.02070714 -0.10882933 -0.13590096
v 0.04442449 -0.15345990 -0.14294073
v 0.07108213 -0.12318854 -0.13483378
v 0.04160196 -0.12286102 -0.12000721
v 0.04160196 -0.12286102 -0.12000721
v 0.05790787 -0.10268380 -0.13821566
v 0.02070714 -0.10882933 -0.13590096
v 0.01899964 -0.11572558 -0.19621185
v 0.04171972 -0.12314438 -0.21489869
v 0.04214291 -0.15375798 -0.18593372
v -0.08880114 0.10301867 -0.12881336
v -0.06665514 0.12597059 -0.14318729
v -0.08874962 0.13245468 -0.14219738
v -0.12196127 0.10939972 -0.16463410
v -0.11664373 0.12000537 -0.13637200
v -0.11323608 0.14142643 -0.16509778
v -0.06665514 0.12597059 -0.14318729
v -0.05466582 0.10471881 -0.16549521
v -0.06963958 0.13096430 -0.16586321
v -0.06963958 0.13096430 -0.16586321
v -0.05466582 0.10471881 -0.16549521
v -0.06100272 0.13349243 -0.19332308
v -0.12196127 0.10939972 -0.16463410
v -0.11323608 0.14142643 -0.16509778
v -0.11761524 0.12933775 -0.19236629
v -0.06100272 0.13349243 -0.19332308
v -0.05466582 0.10471881 -0.16549521
v -0.06026304 0.09920623 -0.20091852
v -0.08763459 0.10643736 -0.20535655
v -0.08615525 0.06451524 -0.20095532
v -0.11761524 0.12933775 -0.19236629
v -0.12196127 0.10939972 -0.16463410
v -0.11761524 0.12933775 -0.19236629
v -0.08615525 0.06451524 -0.20095532
v -0.08763459 0.10643736 -0.20535655
v -0.06026304 0.09920623 -0.20091852
v -0.08615525 0.06451524 -0.20095532
v -0.06026304 0.09920623 -0.20091852
v -0.05466582 0.10471881 -0.16549521
v -0.05699524 0.05920137 -0.16378403
v -0.12196127 0.10939972 -0.16463410
v -0.08615525 0.06451524 -0.20095532
v -0.08608901 0.03472227 -0.16431394
v -0.08608901 0.03472227 -0.16431394
v -0.08597125 0.05435119 -0.11826291
v -0.10555969 0.09019033 -0.14656917
v -0.05699524 0.05920137 -0.16378403
v -0.05466582 0.10471881 -0.16549521
v -0.05709828 0.07181996 -0.13267732
v -0.12196127 0.10939972 -0.16463410
v -0.08608901 0.03472227 -0.16431394
v -0.10555969 0.09019033 -0.14656917
v -0.05709828 0.07181996 -0.13267732
v -0.05466582 0.10471881 -0.16549521
v -0.06665514 0.12597059 -0.14318729
v -0.12196127 0.10939972 -0.16463410
v -0.10555969 0.09019033 -0.14656917
v -0.11664373 0.12000537 -0.13637200
v -0.11664373 0.12000537 -0.13637200
v -0.08880114 0.10301867 -0.12881336
v -0.08874962 0.13245468 -0.14219738
v -0.08809827 0.14576510 -0.20115772
v -0.08763459 0.10643736 -0.20535655
v -0.11761524 0.12933775 -0.19236629
v 0.00476923 0.05382127 -0.12062177
v 0.01402801 0.08500894 -0.13337283
v -0.01501056 0.07112445 -0.12554555
v 0.02144313 0.03923391 -0.13241972
v 0.02549109 0.03569378 -0.16481074
v 0.05451126 0.05951049 -0.12830921
v -0.02614612 0.08086899 -0.16481074
v -0.01501056 0.07112445 -0.12554555
v 0.01402801 0.08500894 -0.13337283
v -0.02614612 0.08086899 -0.16481074
v 0.01402801 0.08500894 -0.13337283
v 0.00777208 0.09382613 -0.16605825
v 0.01402801 0.08500894 -0.13337283
v 0.02588485 0.08039795 -0.16506466
v 0.00777208 0.09382613 -0.16605825
v 0.05451126 0.05951049 -0.12830921
v 0.02549109 0.03569378 -0.16481074
v 0.05043755 0.06638834 -0.16481074
v 0.05043755 0.06638834 -0.16481074
v 0.02549109 0.03569378 -0.16481074
v 0.02776163 0.05531534 -0.18084065
v 0.02776163 0.05531534 -0.18084065
v 0.02549109 0.03569378 -0.16481074
v 0.02472566 0.03636354 -0.20447336
v -0.02614612 0.08086899 -0.16481074
v 0.00777208 0.09382613 -0.16605825
v -0.01624335 0.07220268 -0.20680646
v 0.02472566 0.03636354 -0.20447336
v 0.02549109 0.03569378 -0.16481074
v -0.00197246 0.00215094 -0.18072289
v -0.02614612 0.08086899 -0.16481074
v -0.01624335 0.07220268 -0.20680646
v -0.03996070 0.05224625 -0.17869155
v -0.01850652 0.02721883 -0.19965261
v -0.00197246 0.00215094 -0.18072289
v -0.02729059 0.01717622 -0.16481074
v -0.02729059 0.01717622 -0.16481074
v -0.01303810 0.03081047 -0.13429282
v -0.03996070 0.05224625 -0.17869155
v -0.00197246 0.00215094 -0.18072289
v 0.02549109 0.03569378 -0.16481074
v 0.00588794 0.01025789 -0.13321827
v -0.02614612 0.08086899 -0.16481074
v -0.03996070 0.05224625 -0.17869155
v -0.01303810 0.03081047 -0.13429282
v -0.01303810 0.03081047 -0.13429282
v 0.00476923 0.05382127 -0.12062177
v -0.01501056 0.07112445 -0.12554555
v 0.00588794 0.01025789 -0.13321827
v 0.02549109 0.03569378 -0.16481074
v 0.02144313 0.03923391 -0.13241972
v -0.02614612 0.08086899 -0.16481074
v -0.01303810 0.03081047 -0.13429282
v -0.01501056 0.07112445 -0.12554555
v 0.02588485 0.08039795 -0.16506466
v 0.05043755 0.06638834 -0.16481074
v 0.02776163 0.05531534 -0.18084065
v -0.01850652 0.02721883 -0.19965261
v -0.02729059 0.01717622 -0.16481074
v -0.03996070 0.05224625 -0.17869155
v -0.12765049 -0.03373972 -0.11355624
v -0.12649498 0.00441411 -0.12517756
v -0.15764586 -0.00388420 -0.14758852
v -0.09995142 -0.06103768 -0.13576113
v -0.10662687 -0.03578946 -0.16481074
v -0.10490833 -0.00357508 -0.15809481
v -0.15921352 -0.03578946 -0.16481074
v -0.12765049 -0.03373972 -0.11355624
v -0.15764586 -0.00388420 -0.14758852
v -0.10490833 -0.00357508 -0.15809481
v -0.12649498 0.01563063 -0.16481074
v -0.12649498 0.00441411 -0.12517756
v -0.10490833 -0.00357508 -0.15809481
v -0.10662687 -0.03578946 -0.16481074
v -0.09410765 -0.00089975 -0.19920366
v -0.15921352 -0.03578946 -0.16481074
v -0.15764586 -0.00388420 -0.14758852
v -0.14884339 -0.01290746 -0.18736890
v -0.09410765 -0.00089975 -0.19920366
v -0.10662687 -0.03578946 -0.16481074
v -0.10191284 -0.03578946 -0.20043644
v -0.15921352 -0.03578946 -0.16481074
v -0.15003938 -0.03578946 -0.19870686
v -0.12649498 -0.03578946 -0.21836153
v -0.12430173 -0.07442537 -0.20210347
v -0.15003938 -0.03578946 -0.19870686
v -0.10191284 -0.03578946 -0.20043644
v -0.10662687 -0.03578946 -0.16481074
v -0.09991830 -0.06373141 -0.19235525
v -0.15921352 -0.03578946 -0.16481074
v -0.15003938 -0.03578946 -0.19870686
v -0.12430173 -0.07442537 -0.20210347
v -0.09991830 -0.06373141 -0.19235525
v -0.10662687 -0.03578946 -0.16481074
v -0.10967020 -0.05881498 -0.16481074
v -0.15921352 -0.03578946 -0.16481074
v -0.12430173 -0.07442537 -0.20210347
v -0.13251540 -0.07925716 -0.17488279
v -0.13251540 -0.07925716 -0.17488279
v -0.12649498 -0.07105453 -0.13004615
v -0.15768633 -0.06924399 -0.13183093
v -0.10967020 -0.05881498 -0.16481074
v -0.10662687 -0.03578946 -0.16481074
v -0.09995142 -0.06103768 -0.13576113
v -0.15921352 -0.03578946 -0.16481074
v -0.13251540 -0.07925716 -0.17488279
v -0.15768633 -0.06924399 -0.13183093
v -0.12649498 -0.07105453 -0.13004615
v -0.12765049 -0.03373972 -0.11355624
v -0.15768633 -0.06924399 -0.13183093
v -0.15921352 -0.03578946 -0.16481074
v -0.15768633 -0.06924399 -0.13183093
v -0.12765049 -0.03373972 -0.11355624
v -0.12649498 -0.07105453 -0.13004615
v -0.09995142 -0.06103768 -0.13576113
v -0.12765049 -0.03373972 -0.11355624
v -0.15764586 -0.00388420 -0.14758852
v -0.12649498 0.00441411 -0.12517756
v -0.12649498 0.01563063 -0.16481074
v 0.04870429 0.05680204 -0.14399688
v 0.06605530 0.06305061 -0.15230623
v 0.05625189 0.07205916 -0.15173584
v 0.03313069 0.06858896 -0.16470770
v 0.03859911 0.07272891 -0.14836499
v 0.04584128 0.08297024 -0.16497634
v 0.06605530 0.06305061 -0.15230623
v 0.06684281 0.04896004 -0.16520818
v 0.06578299 0.06640306 -0.16542161
v 0.06578299 0.06640306 -0.16542161
v 0.06684281 0.04896004 -0.16520818
v 0.07090917 0.06550515 -0.18129697
v 0.03313069 0.06858896 -0.16470770
v 0.04584128 0.08297024 -0.16497634
v 0.04048325 0.07782198 -0.18074497
v 0.07090917 0.06550515 -0.18129697
v 0.06684281 0.04896004 -0.16520818
v 0.06253358 0.04753222 -0.18569084
v 0.05018363 0.05827770 -0.18825577
v 0.04023302 0.03615378 -0.18570924
v 0.04048325 0.07782198 -0.18074497
v 0.03313069 0.06858896 -0.16470770
v 0.04048325 0.07782198 -0.18074497
v 0.04023302 0.03615378 -0.18570924
v 0.05018363 0.05827770 -0.18825577
v 0.06253358 0.04753222 -0.18569084
v 0.04023302 0.03615378 -0.18570924
v 0.06253358 0.04753222 -0.18569084
v 0.06684281 0.04896004 -0.16520818
v 0.05400343 0.02594557 -0.16421827
v 0.03313069 0.06858896 -0.16470770
v 0.04023302 0.03615378 -0.18570924
v 0.03265598 0.02068322 -0.16452370
v 0.03265598 0.02068322 -0.16452370
v 0.03773432 0.03083623 -0.13789550
v 0.03672969 0.05443215 -0.15426397
v 0.05400343 0.02594557 -0.16421827
v 0.06684281 0.04896004 -0.16520818
v 0.05717556 0.03251798 -0.14623062
v 0.03313069 0.06858896 -0.16470770
v 0.03265598 0.02068322 -0.16452370
v 0.03672969 0.05443215 -0.15426397
v 0.05717556 0.03251798 -0.14623062
v 0.06684281 0.04896004 -0.16520818
v 0.06605530 0.06305061 -0.15230623
v 0.03313069 0.06858896 -0.16470770
v 0.03672969 0.05443215 -0.15426397
v 0.03859911 0.07272891 -0.14836499
v 0.03859911 0.07272891 -0.14836499
v 0.04870429 0.05680204 -0.14399688
v 0.05625189 0.07205916 -0.15173584
v 0.05999073 0.07879717 -0.18582700
v 0.05018363 0.05827770 -0.18825577
v 0.04048325 0.07782198 -0.18074497
v -0.00978870 0.16926533 -0.12114432
v 0.01389185 0.16171773 -0.13374451
v -0.00057407 0.18173304 -0.12600923
v -0.01755709 0.15875168 -0.13280244
v -0.01944123 0.15620147 -0.16481074
v 0.00210126 0.13576297 -0.12873976
v 0.00461099 0.18875441 -0.16481074
v -0.00057407 0.18173304 -0.12600923
v 0.01389185 0.16171773 -0.13374451
v 0.01389185 0.16171773 -0.13374451
v 0.00461099 0.18875441 -0.16481074
v 0.01918732 0.16551545 -0.16604353
v 0.01389185 0.16171773 -0.13374451
v 0.01247507 0.15398981 -0.16506098
v 0.01918732 0.16551545 -0.16604353
v 0.00210126 0.13576297 -0.12873976
v -0.01944123 0.15620147 -0.16481074
v 0.00636265 0.13818806 -0.16481074
v 0.00636265 0.13818806 -0.16481074
v -0.01944123 0.15620147 -0.16481074
v -0.00510043 0.15382790 -0.18064929
v -0.00510043 0.15382790 -0.18064929
v -0.01944123 0.15620147 -0.16481074
v -0.01908428 0.15667987 -0.20400601
v 0.00461099 0.18875441 -0.16481074
v 0.01918732 0.16551545 -0.16604353
v -0.00000000 0.18250951 -0.20630966
v -0.01908428 0.15667987 -0.20400601
v -0.01944123 0.15620147 -0.16481074
v -0.04767022 0.17602174 -0.18053521
v 0.00461099 0.18875441 -0.16481074
v -0.00000000 0.18250951 -0.20630966
v -0.01795821 0.19923494 -0.17852595
v -0.03241310 0.18598340 -0.19924046
v -0.04767022 0.17602174 -0.18053521
v -0.04095429 0.19229085 -0.16481074
v -0.04095429 0.19229085 -0.16481074
v -0.02899441 0.18216728 -0.13465346
v -0.01795821 0.19923494 -0.17852595
v -0.04767022 0.17602174 -0.18053521
v -0.01944123 0.15620147 -0.16481074
v -0.04065621 0.17041348 -0.13359363
v 0.00461099 0.18875441 -0.16481074
v -0.01795821 0.19923494 -0.17852595
v -0.02899441 0.18216728 -0.13465346
v -0.02899441 0.18216728 -0.13465346
v -0.00978870 0.16926533 -0.12114432
v -0.00057407 0.18173304 -0.12600923
v -0.04065621 0.17041348 -0.13359363
v -0.01944123 0.15620147 -0.16481074
v -0.01755709 0.15875168 -0.13280244
v 0.00461099 0.18875441 -0.16481074
v -0.02899441 0.18216728 -0.13465346
v -0.00057407 0.18173304 -0.12600923
v 0.01247507 0.15398981 -0.16506098
v 0.00636265 0.13818806 -0.16481074
v -0.00510043 0.15382790 -0.18064929
v -0.03241310 0.18598340 -0.19924046
v -0.04095429 0.19229085 -0.16481074
v -0.01795821 0.19923494 -0.17852595
v -0.07221924 -0.04846693 -0.13160645
v -0.05178809 -0.02729243 -0.14486535
v -0.07217140 -0.02131249 -0.14395272
v -0.10280707 -0.04257899 -0.16464882
v -0.09790169 -0.03279765 -0.13857998
v -0.09475900 -0.01303994 -0.16507570
v -0.05178809 -0.02729243 -0.14486535
v -0.04072981 -0.04689558 -0.16544369
v -0.05454438 -0.02268880 -0.16578225
v -0.05454438 -0.02268880 -0.16578225
v -0.04072981 -0.04689558 -0.16544369
v -0.04657727 -0.02035571 -0.19111142
v -0.10280707 -0.04257899 -0.16464882
v -0.09475900 -0.01303994 -0.16507570
v -0.09879592 -0.02418654 -0.19022823
v -0.04657727 -0.02035571 -0.19111142
v -0.04072981 -0.04689558 -0.16544369
v -0.04589280 -0.05198129 -0.19811807
v -0.07114101 -0.04531320 -0.20221386
v -0.06977942 -0.08398223 -0.19815119
v -0.09879592 -0.02418654 -0.19022823
v -0.10280707 -0.04257899 -0.16464882
v -0.09879592 -0.02418654 -0.19022823
v -0.06977942 -0.08398223 -0.19815119
v -0.07114101 -0.04531320 -0.20221386
v -0.04589280 -0.05198129 -0.19811807
v -0.06977942 -0.08398223 -0.19815119
v -0.04589280 -0.05198129 -0.19811807
v -0.04072981 -0.04689558 -0.16544369
v -0.04287891 -0.08888394 -0.16386499
v -0.10280707 -0.04257899 -0.16464882
v -0.06977942 -0.08398223 -0.19815119
v -0.06971686 -0.11146418 -0.16435442
v -0.06971686 -0.11146418 -0.16435442
v -0.06960646 -0.09335509 -0.12187295
v -0.08767875 -0.06029800 -0.14798596
v -0.04287891 -0.08888394 -0.16386499
v -0.04072981 -0.04689558 -0.16544369
v -0.04297459 -0.07724422 -0.13516865
v -0.10280707 -0.04257899 -0.16464882
v -0.06971686 -0.11146418 -0.16435442
v -0.08767875 -0.06029800 -0.14798596
v -0.04297459 -0.07724422 -0.13516865
v -0.04072981 -0.04689558 -0.16544369
v -0.05178809 -0.02729243 -0.14486535
v -0.10280707 -0.04257899 -0.16464882
v -0.08767875 -0.06029800 -0.14798596
v -0.09790169 -0.03279765 -0.13857998
v -0.09790169 -0.03279765 -0.13857998
v -0.07221924 -0.04846693 -0.13160645
v -0.07217140 -0.02131249 -0.14395272
v -0.07157156 -0.00903614 -0.19833519
v -0.07114101 -0.04531320 -0.20221386
v -0.09879592 -0.02418654 -0.19022823
v 0.03809128 -0.10072974 -0.15633211
v 0.03169919 -0.09869472 -0.15471293
v 0.03137167 -0.10675751 -0.15838921
v 0.02430982 -0.09571763 -0.16493954
v 0.02431350 -0.10299291 -0.16089158
v 0.03075344 -0.08818107 -0.15860633
v 0.03169919 -0.09869472 -0.15471293
v 0.03075344 -0.08818107 -0.15860633
v 0.02431350 -0.10299291 -0.16089158
v 0.03809128 -0.10072974 -0.15633211
v 0.03794776 -0.09214807 -0.16985229
v 0.03673705 -0.09189783 -0.15818681
v 0.02430982 -0.09571763 -0.16493954
v 0.03075344 -0.08818107 -0.15860633
v 0.02437238 -0.08560878 -0.16226789
v 0.02430982 -0.09571763 -0.16493954
v 0.02437238 -0.08560878 -0.16226789
v 0.02507526 -0.08904954 -0.17097835
v 0.03794776 -0.09214807 -0.16985229
v 0.03663401 -0.09391445 -0.17360217
v 0.03144527 -0.08341552 -0.17180635
v 0.03663401 -0.09391445 -0.17360217
v 0.02682324 -0.09971775 -0.17181003
v 0.02507526 -0.08904954 -0.17097835
v 0.02430982 -0.09571763 -0.16493954
v 0.02507526 -0.08904954 -0.17097835
v 0.02682324 -0.09971775 -0.17181003
v 0.03663401 -0.09391445 -0.17360217
v 0.03794776 -0.09214807 -0.16985229
v 0.03710137 -0.10428090 -0.16715855
v 0.03663401 -0.09391445 -0.17360217
v 0.03710137 -0.10428090 -0.16715855
v 0.02682324 -0.09971775 -0.17181003
v 0.03710137 -0.10428090 -0.16715855
v 0.03794776 -0.09214807 -0.16985229
v 0.03809128 -0.10072974 -0.15633211
v 0.02430982 -0.09571763 -0.16493954
v 0.02682324 -0.09971775 -0.17181003
v 0.02431350 -0.10299291 -0.16089158
v 0.03710137 -0.10428090 -0.16715855
v 0.03809128 -0.10072974 -0.15633211
v 0.03137167 -0.10675751 -0.15838921
v 0.03137167 -0.10675751 -0.15838921
v 0.03169919 -0.09869472 -0.15471293
v 0.02431350 -0.10299291 -0.16089158
v 0.02507526 -0.08904954 -0.17097835
v 0.03144527 -0.08341552 -0.17180635
v 0.03663401 -0.09391445 -0.17360217
v 0.14555718 0.03622002 -0.14305113
v 0.15442957 0.05147714 -0.14228570
v 0.14222682 0.05794283 -0.15289135
v 0.15247551 0.02323343 -0.15637627
v 0.15696138 0.03768464 -0.16481074
v 0.16357427 0.04826085 -0.15724474
v 0.13647872 0.04881652 -0.16481074
v 0.14555718 0.03622002 -0.14305113
v 0.14222682 0.05794283 -0.15289135
v 0.16357427 0.04826085 -0.15724474
v 0.15946744 0.06074328 -0.15722266
v 0.15442957 0.05147714 -0.14228570
v 0.16357427 0.04826085 -0.15724474
v 0.15696138 0.03768464 -0.16481074
v 0.17122123 0.05230145 -0.17405848
v 0.13647872 0.04881652 -0.16481074
v 0.14222682 0.05794283 -0.15289135
v 0.14667221 0.05794651 -0.17087532
v 0.14667221 0.05794651 -0.17087532
v 0.17122123 0.05230145 -0.17405848
v 0.15696138 0.03768464 -0.16481074
v 0.16131478 0.04132044 -0.17972562
v 0.13647872 0.04881652 -0.16481074
v 0.14244762 0.05128210 -0.17900067
v 0.15300542 0.04885700 -0.18722538
v 0.14501255 0.03210950 -0.18612507
v 0.14244762 0.05128210 -0.17900067
v 0.16131478 0.04132044 -0.17972562
v 0.15696138 0.03768464 -0.16481074
v 0.15595307 0.02959977 -0.18046529
v 0.13647872 0.04881652 -0.16481074
v 0.14244762 0.05128210 -0.17900067
v 0.14501255 0.03210950 -0.18612507
v 0.15595307 0.02959977 -0.18046529
v 0.15696138 0.03768464 -0.16481074
v 0.15118752 0.02988312 -0.16820734
v 0.13647872 0.04881652 -0.16481074
v 0.14501255 0.03210950 -0.18612507
v 0.13892589 0.02853626 -0.17544215
v 0.13892589 0.02853626 -0.17544215
v 0.13973548 0.02443678 -0.15545996
v 0.12807369 0.03193654 -0.15594203
v 0.15118752 0.02988312 -0.16820734
v 0.15696138 0.03768464 -0.16481074
v 0.15247551 0.02323343 -0.15637627
v 0.13647872 0.04881652 -0.16481074
v 0.13892589 0.02853626 -0.17544215
v 0.12807369 0.03193654 -0.15594203
v 0.13973548 0.02443678 -0.15545996
v 0.14555718 0.03622002 -0.14305113
v 0.12807369 0.03193654 -0.15594203
v 0.13647872 0.04881652 -0.16481074
v 0.12807369 0.03193654 -0.15594203
v 0.14555718 0.03622002 -0.14305113
v 0.13973548 0.02443678 -0.15545996
v 0.15247551 0.02323343 -0.15637627
v 0.14555718 0.03622002 -0.14305113
v 0.14222682 0.05794283 -0.15289135
v 0.15442957 0.05147714 -0.14228570
v 0.15946744 0.06074328 -0.15722266
v -0.02050842 0.14430784 -0.13674000
v -0.04003798 0.13260188 -0.13575377
v -0.03028240 0.11769436 -0.14943586
v -0.02023611 0.16328540 -0.15392909
v -0.03430460 0.14975786 -0.16481074
v -0.04836205 0.14193058 -0.15505148
v -0.01809805 0.12442133 -0.16481074
v -0.02050842 0.14430784 -0.13674000
v -0.03028240 0.11769436 -0.14943586
v -0.04836205 0.14193058 -0.15505148
v -0.05150106 0.12526772 -0.15502204
v -0.04003798 0.13260188 -0.13575377
v -0.04836205 0.14193058 -0.15505148
v -0.03430460 0.14975786 -0.16481074
v -0.05951969 0.14212930 -0.17674117
v -0.01809805 0.12442133 -0.16481074
v -0.03028240 0.11769436 -0.14943586
v -0.03530187 0.12045801 -0.17263434
v -0.05951969 0.14212930 -0.17674117
v -0.03430460 0.14975786 -0.16481074
v -0.04148788 0.14835947 -0.18404958
v -0.01809805 0.12442133 -0.16481074
v -0.02637796 0.12535236 -0.18311487
v -0.03679593 0.13467370 -0.19372787
v -0.01733630 0.14861339 -0.19230373
v -0.02637796 0.12535236 -0.18311487
v -0.04148788 0.14835947 -0.18404958
v -0.03430460 0.14975786 -0.16481074
v -0.02812962 0.15826225 -0.18500637
v -0.01809805 0.12442133 -0.16481074
v -0.02637796 0.12535236 -0.18311487
v -0.01733630 0.14861339 -0.19230373
v -0.02812962 0.15826225 -0.18500637
v -0.03430460 0.14975786 -0.16481074
v -0.02292248 0.15497236 -0.16919357
v -0.01809805 0.12442133 -0.16481074
v -0.01733630 0.14861339 -0.19230373
v -0.00823207 0.14885627 -0.17852595
v -0.00823207 0.14885627 -0.17852595
v -0.00659449 0.15399349 -0.15275151
v 0.00190990 0.13825798 -0.15336974
v -0.02292248 0.15497236 -0.16919357
v -0.03430460 0.14975786 -0.16481074
v -0.02023611 0.16328540 -0.15392909
v -0.01809805 0.12442133 -0.16481074
v -0.00823207 0.14885627 -0.17852595
v 0.00190990 0.13825798 -0.15336974
v -0.00659449 0.15399349 -0.15275151
v -0.02050842 0.14430784 -0.13674000
v 0.00190990 0.13825798 -0.15336974
v -0.01809805 0.12442133 -0.16481074
v 0.00190990 0.13825798 -0.15336974
v -0.02050842 0.14430784 -0.13674000
v -0.00659449 0.15399349 -0.15275151
v -0.02023611 0.16328540 -0.15392909
v -0.02050842 0.14430784 -0.13674000
v -0.03028240 0.11769436 -0.14943586
v -0.04003798 0.13260188 -0.13575377
v -0.05150106 0.12526772 -0.15502204
v 0.10987260 0.03148759 -0.16486226
v 0.11084779 0.05616173 -0.16559089
v 0.09635242 0.05601453 -0.14624166
v 0.09070000 0.02021587 -0.18127857
v 0.07883213 0.04101501 -0.17691781
v 0.08941570 0.05838810 -0.17822420
v 0.07961964 0.04101501 -0.14487271
v 0.10987260 0.03148759 -0.16486226
v 0.09635242 0.05601453 -0.14624166
v 0.08941570 0.05838810 -0.17822420
v 0.08972481 0.07099197 -0.16507202
v 0.11084779 0.05616173 -0.16559089
v 0.08941570 0.05838810 -0.17822420
v 0.07883213 0.04101501 -0.17691781
v 0.06549963 0.06854480 -0.18422253
v 0.07961964 0.04101501 -0.14487271
v 0.09635242 0.05601453 -0.14624166
v 0.07084293 0.05907258 -0.15098145
v 0.06549963 0.06854480 -0.18422253
v 0.07883213 0.04101501 -0.17691781
v 0.05769443 0.04846325 -0.17927299
v 0.07961964 0.04101501 -0.14487271
v 0.05943873 0.04810261 -0.14996946
v 0.04746782 0.05221313 -0.16403059
v 0.04908332 0.02628780 -0.16541057
v 0.05943873 0.04810261 -0.14996946
v 0.05769443 0.04846325 -0.17927299
v 0.07883213 0.04101501 -0.17691781
v 0.05668612 0.03048296 -0.18046529
v 0.07961964 0.04101501 -0.14487271
v 0.05943873 0.04810261 -0.14996946
v 0.04908332 0.02628780 -0.16541057
v 0.05668612 0.03048296 -0.18046529
v 0.07883213 0.04101501 -0.17691781
v 0.07412914 0.02758683 -0.17494903
v 0.07961964 0.04101501 -0.14487271
v 0.04908332 0.02628780 -0.16541057
v 0.06430364 0.01777973 -0.16077750
v 0.06430364 0.01777973 -0.16077750
v 0.09241486 0.01318346 -0.16513826
v 0.09219775 0.01461129 -0.14611286
v 0.07412914 0.02758683 -0.17494903
v 0.07883213 0.04101501 -0.17691781
v 0.09070000 0.02021587 -0.18127857
v 0.07961964 0.04101501 -0.14487271
v 0.06430364 0.01777973 -0.16077750
v 0.09219775 0.01461129 -0.14611286
v 0.09241486 0.01318346 -0.16513826
v 0.10987260 0.03148759 -0.16486226
v 0.09219775 0.01461129 -0.14611286
v 0.07961964 0.04101501 -0.14487271
v 0.09219775 0.01461129 -0.14611286
v 0.10987260 0.03148759 -0.16486226
v 0.09241486 0.01318346 -0.16513826
v 0.09070000 0.02021587 -0.18127857
v 0.10987260 0.03148759 -0.16486226
v 0.09635242 0.05601453 -0.14624166
v 0.11084779 0.05616173 -0.16559089
v 0.08972481 0.07099197 -0.16507202
v 0.11763364 -0.04023854 -0.15877560
v 0.12992471 -0.02787019 -0.16768479
v 0.12730826 -0.02523165 -0.15543052
v 0.10331859 -0.01922964 -0.14780932
v 0.11608069 -0.03009656 -0.14319833
v 0.11944786 -0.01019533 -0.14585526
v 0.12992471 -0.02787019 -0.16768479
v 0.11838803 -0.02394367 -0.18176800
v 0.12591355 -0.01530312 -0.16935549
v 0.12591355 -0.01530312 -0.16935549
v 0.11838803 -0.02394367 -0.18176800
v 0.12267150 -0.00179766 -0.17805492
v 0.10331859 -0.01922964 -0.14780932
v 0.11944786 -0.01019533 -0.14585526
v 0.10651648 -0.00029256 -0.15104033
v 0.12267150 -0.00179766 -0.17805492
v 0.11838803 -0.02394367 -0.18176800
v 0.10606384 -0.00812719 -0.18654459
v 0.10111797 -0.00234966 -0.17255338
v 0.08423799 -0.01673094 -0.18072657
v 0.10651648 -0.00029256 -0.15104033
v 0.10331859 -0.01922964 -0.14780932
v 0.10651648 -0.00029256 -0.15104033
v 0.08423799 -0.01673094 -0.18072657
v 0.10111797 -0.00234966 -0.17255338
v 0.10606384 -0.00812719 -0.18654459
v 0.08423799 -0.01673094 -0.18072657
v 0.10606384 -0.00812719 -0.18654459
v 0.11838803 -0.02394367 -0.18176800
v 0.09831016 -0.03785760 -0.18928248
v 0.10331859 -0.01922964 -0.14780932
v 0.08423799 -0.01673094 -0.18072657
v 0.08000236 -0.04307947 -0.17997954
v 0.08000236 -0.04307947 -0.17997954
v 0.09962391 -0.05962089 -0.16782463
v 0.10346947 -0.03444996 -0.15633211
v 0.09831016 -0.03785760 -0.18928248
v 0.11838803 -0.02394367 -0.18176800
v 0.11123787 -0.04920660 -0.18110561
v 0.10331859 -0.01922964 -0.14780932
v 0.08000236 -0.04307947 -0.17997954
v 0.10346947 -0.03444996 -0.15633211
v 0.11123787 -0.04920660 -0.18110561
v 0.11838803 -0.02394367 -0.18176800
v 0.12992471 -0.02787019 -0.16768479
v 0.10331859 -0.01922964 -0.14780932
v 0.10346947 -0.03444996 -0.15633211
v 0.11608069 -0.03009656 -0.14319833
v 0.11608069 -0.03009656 -0.14319833
v 0.11763364 -0.04023854 -0.15877560
v 0.12730826 -0.02523165 -0.15543052
v 0.11918658 0.00706737 -0.16382083
v 0.10111797 -0.00234966 -0.17255338
v 0.10651648 -0.00029256 -0.15104033
v -0.12743705 0.08183682 -0.16174165
v -0.12034577 0.08811483 -0.15983175
v -0.12560443 0.08860058 -0.15626219
v -0.13695711 0.09169543 -0.16130742
v -0.13368931 0.08569710 -0.15613339
v -0.13216948 0.09546371 -0.15453997
v -0.12034577 0.08811483 -0.15983175
v -0.11968706 0.09138263 -0.16837294
v -0.12157120 0.09446644 -0.16089894
v -0.12157120 0.09446644 -0.16089894
v -0.11968706 0.09138263 -0.16837294
v -0.12011393 0.10175645 -0.16409315
v -0.13695711 0.09169543 -0.16130742
v -0.13216948 0.09546371 -0.15453997
v -0.13526801 0.10104253 -0.16003415
v -0.12011393 0.10175645 -0.16409315
v -0.11968706 0.09138263 -0.16837294
v -0.12288862 0.09978767 -0.17310905
v -0.12967079 0.10174541 -0.16950269
v -0.13241236 0.09584643 -0.17906323
v -0.13526801 0.10104253 -0.16003415
v -0.13695711 0.09169543 -0.16130742
v -0.13526801 0.10104253 -0.16003415
v -0.13241236 0.09584643 -0.17906323
v -0.12967079 0.10174541 -0.16950269
v -0.12288862 0.09978767 -0.17310905
v -0.13241236 0.09584643 -0.17906323
v -0.12288862 0.09978767 -0.17310905
v -0.11968706 0.09138263 -0.16837294
v -0.12380861 0.08575965 -0.17875043
v -0.13695711 0.09169543 -0.16130742
v -0.13241236 0.09584643 -0.17906323
v -0.13339123 0.08310640 -0.18206608
v -0.13339123 0.08310640 -0.18206608
v -0.13012711 0.07359738 -0.17233626
v -0.13349427 0.08490222 -0.16528177
v -0.12380861 0.08575965 -0.17875043
v -0.11968706 0.09138263 -0.16837294
v -0.12170367 0.07926452 -0.17231418
v -0.13695711 0.09169543 -0.16130742
v -0.13339123 0.08310640 -0.18206608
v -0.13349427 0.08490222 -0.16528177
v -0.12170367 0.07926452 -0.17231418
v -0.11968706 0.09138263 -0.16837294
v -0.12034577 0.08811483 -0.15983175
v -0.13695711 0.09169543 -0.16130742
v -0.13349427 0.08490222 -0.16528177
v -0.13368931 0.08569710 -0.15613339
v -0.13368931 0.08569710 -0.15613339
v -0.12743705 0.08183682 -0.16174165
v -0.12560443 0.08860058 -0.15626219
v -0.12655018 0.10515305 -0.15969559
v -0.12967079 0.10174541 -0.16950269
v -0.13526801 0.10104253 -0.16003415
v 0.04519360 -0.08258753 -0.17005836
v 0.03691001 -0.08159762 -0.15272575
v 0.03051424 -0.08470719 -0.16947325
v 0.05475414 -0.07249339 -0.16865630
v 0.05185801 -0.05466766 -0.16481074
v 0.06291630 -0.07663335 -0.14933282
v 0.01580175 -0.06689249 -0.16481074
v 0.03051424 -0.08470719 -0.16947325
v 0.03691001 -0.08159762 -0.15272575
v 0.01580175 -0.06689249 -0.16481074
v 0.03691001 -0.08159762 -0.15272575
v 0.02570453 -0.06672322 -0.14749652
v 0.03691001 -0.08159762 -0.15272575
v 0.03776008 -0.06343701 -0.14663909
v 0.02570453 -0.06672322 -0.14749652
v 0.06291630 -0.07663335 -0.14933282
v 0.05185801 -0.05466766 -0.16481074
v 0.05257192 -0.05924921 -0.14366200
v 0.05257192 -0.05924921 -0.14366200
v 0.05185801 -0.05466766 -0.16481074
v 0.04374002 -0.05009715 -0.15420509
v 0.04374002 -0.05009715 -0.15420509
v 0.05185801 -0.05466766 -0.16481074
v 0.04432145 -0.03418868 -0.16010039
v 0.01580175 -0.06689249 -0.16481074
v 0.02570453 -0.06672322 -0.14749652
v 0.01530128 -0.04267835 -0.15982071
v 0.04432145 -0.03418868 -0.16010039
v 0.05185801 -0.05466766 -0.16481074
v 0.04818541 -0.04138300 -0.18610299
v 0.01580175 -0.06689249 -0.16481074
v 0.01530128 -0.04267835 -0.15982071
v 0.01665550 -0.05480382 -0.17955266
v 0.02992544 -0.03755952 -0.17958578
v 0.04818541 -0.04138300 -0.18610299
v 0.03558154 -0.05424447 -0.19086118
v 0.03558154 -0.05424447 -0.19086118
v 0.04262131 -0.07197452 -0.18397598
v 0.01665550 -0.05480382 -0.17955266
v 0.04818541 -0.04138300 -0.18610299
v 0.05185801 -0.05466766 -0.16481074
v 0.05729699 -0.06725681 -0.18570924
v 0.01580175 -0.06689249 -0.16481074
v 0.01665550 -0.05480382 -0.17955266
v 0.04262131 -0.07197452 -0.18397598
v 0.04262131 -0.07197452 -0.18397598
v 0.04519360 -0.08258753 -0.17005836
v 0.03051424 -0.08470719 -0.16947325
v 0.05729699 -0.06725681 -0.18570924
v 0.05185801 -0.05466766 -0.16481074
v 0.05475414 -0.07249339 -0.16865630
v 0.01580175 -0.06689249 -0.16481074
v 0.04262131 -0.07197452 -0.18397598
v 0.03051424 -0.08470719 -0.16947325
v 0.03776008 -0.06343701 -0.14663909
v 0.05257192 -0.05924921 -0.14366200
v 0.04374002 -0.05009715 -0.15420509
v 0.02992544 -0.03755952 -0.17958578
v 0.03558154 -0.05424447 -0.19086118
v 0.01665550 -0.05480382 -0.17955266
v -0.00504891 -0.00018584 -0.14288185
v -0.00164862 -0.01719094 -0.13869406
v 0.01700142 -0.00784384 -0.14819940
v 0.00086479 -0.03764784 -0.16514930
v 0.01732158 -0.02852522 -0.15467245
v -0.02425830 -0.03249590 -0.14876979
v -0.00164862 -0.01719094 -0.13869406
v -0.02425830 -0.03249590 -0.14876979
v 0.01732158 -0.02852522 -0.15467245
v -0.00504891 -0.00018584 -0.14288185
v -0.02429142 -0.01125148 -0.17785252
v -0.02334199 -0.01430953 -0.14768052
v 0.00086479 -0.03764784 -0.16514930
v -0.02425830 -0.03249590 -0.14876979
v -0.02208713 -0.05015603 -0.15823465
v 0.00086479 -0.03764784 -0.16514930
v -0.02208713 -0.05015603 -0.15823465
v -0.01518720 -0.04426073 -0.18075969
v -0.02429142 -0.01125148 -0.17785252
v -0.01865004 -0.01201323 -0.18754922
v -0.03591274 -0.03690449 -0.18290511
v -0.01865004 -0.01201323 -0.18754922
v 0.00677113 -0.02695020 -0.18290879
v -0.01518720 -0.04426073 -0.18075969
v 0.00086479 -0.03764784 -0.16514930
v -0.01518720 -0.04426073 -0.18075969
v 0.00677113 -0.02695020 -0.18290879
v -0.01865004 -0.01201323 -0.18754922
v -0.02429142 -0.01125148 -0.17785252
v 0.00422460 0.00201846 -0.17087900
v -0.01865004 -0.01201323 -0.18754922
v 0.00422460 0.00201846 -0.17087900
v 0.00677113 -0.02695020 -0.18290879
v 0.00422460 0.00201846 -0.17087900
v -0.02429142 -0.01125148 -0.17785252
v -0.00504891 -0.00018584 -0.14288185
v 0.00086479 -0.03764784 -0.16514930
v 0.00677113 -0.02695020 -0.18290879
v 0.01732158 -0.02852522 -0.15467245
v 0.00422460 0.00201846 -0.17087900
v -0.00504891 -0.00018584 -0.14288185
v 0.01700142 -0.00784384 -0.14819940
v 0.01700142 -0.00784384 -0.14819940
v -0.00164862 -0.01719094 -0.13869406
v 0.01732158 -0.02852522 -0.15467245
v -0.01518720 -0.04426073 -0.18075969
v -0.03591274 -0.03690449 -0.18290511
v -0.01865004 -0.01201323 -0.18754922
v -0.12886120 0.06244342 -0.17150827
v -0.12706538 0.05194817 -0.14938802
v -0.12094560 0.04525064 -0.17076124
v -0.14468135 0.07047678 -0.16971981
v -0.16544369 0.06047096 -0.16481074
v -0.14257641 0.08196929 -0.14506039
v -0.13740607 0.02078626 -0.16481074
v -0.12094560 0.04525064 -0.17076124
v -0.12706538 0.05194817 -0.14938802
v -0.13740607 0.02078626 -0.16481074
v -0.12706538 0.05194817 -0.14938802
v -0.14120379 0.03284181 -0.14271257
v -0.12706538 0.05194817 -0.14938802
v -0.14959778 0.04639879 -0.14162330
v -0.14120379 0.03284181 -0.14271257
v -0.14257641 0.08196929 -0.14506039
v -0.16544369 0.06047096 -0.16481074
v -0.16009671 0.06300277 -0.13782190
v -0.16009671 0.06300277 -0.13782190
v -0.16544369 0.06047096 -0.16481074
v -0.16809326 0.04887908 -0.15127584
v -0.16809326 0.04887908 -0.15127584
v -0.16544369 0.06047096 -0.16481074
v -0.18776634 0.04381914 -0.15879768
v -0.13740607 0.02078626 -0.16481074
v -0.14120379 0.03284181 -0.14271257
v -0.16685312 0.01139132 -0.15844441
v -0.18776634 0.04381914 -0.15879768
v -0.16544369 0.06047096 -0.16481074
v -0.18036226 0.05115698 -0.19197989
v -0.13740607 0.02078626 -0.16481074
v -0.16685312 0.01139132 -0.15844441
v -0.15250495 0.01744486 -0.18362638
v -0.17842292 0.02742491 -0.18366318
v -0.18036226 0.05115698 -0.19197989
v -0.16005623 0.04040045 -0.19805551
v -0.16005623 0.04040045 -0.19805551
v -0.14091307 0.05544781 -0.18926776
v -0.15250495 0.01744486 -0.18362638
v -0.18036226 0.05115698 -0.19197989
v -0.16544369 0.06047096 -0.16481074
v -0.15201183 0.07169116 -0.19148310
v -0.13740607 0.02078626 -0.16481074
v -0.15250495 0.01744486 -0.18362638
v -0.14091307 0.05544781 -0.18926776
v -0.14091307 0.05544781 -0.18926776
v -0.12886120 0.06244342 -0.17150827
v -0.12094560 0.04525064 -0.17076124
v -0.15201183 0.07169116 -0.19148310
v -0.16544369 0.06047096 -0.16481074
v -0.14468135 0.07047678 -0.16971981
v -0.13740607 0.02078626 -0.16481074
v -0.14091307 0.05544781 -0.18926776
v -0.12094560 0.04525064 -0.17076124
v -0.14959778 0.04639879 -0.14162330
v -0.16009671 0.06300277 -0.13782190
v -0.16809326 0.04887908 -0.15127584
v -0.17842292 0.02742491 -0.18366318
v -0.16005623 0.04040045 -0.19805551
v -0.15250495 0.01744486 -0.18362638
v -0.05462534 0.17207314 -0.16883294
v -0.05369431 0.16574729 -0.15554828
v -0.05011371 0.16164045 -0.16838398
v -0.06400924 0.17712205 -0.16775839
v -0.07662047 0.17140339 -0.16481074
v -0.06258878 0.18399254 -0.15294654
v -0.06034032 0.14718557 -0.16481074
v -0.05011371 0.16164045 -0.16838398
v -0.05369431 0.16574729 -0.15554828
v -0.06034032 0.14718557 -0.16481074
v -0.05369431 0.16574729 -0.15554828
v -0.06245262 0.15447557 -0.15154080
v -0.05369431 0.16574729 -0.15554828
v -0.06730281 0.16273340 -0.15088209
v -0.06245262 0.15447557 -0.15154080
v -0.06258878 0.18399254 -0.15294654
v -0.07662047 0.17140339 -0.16481074
v -0.07337107 0.17284961 -0.14860051
v -0.07337107 0.17284961 -0.14860051
v -0.07662047 0.17140339 -0.16481074
v -0.07837213 0.16448138 -0.15668171
v -0.07837213 0.16448138 -0.15668171
v -0.07662047 0.17140339 -0.16481074
v -0.09025473 0.16172141 -0.16119702
v -0.06034032 0.14718557 -0.16481074
v -0.06245262 0.15447557 -0.15154080
v -0.07815501 0.14195634 -0.16098726
v -0.09025473 0.16172141 -0.16119702
v -0.07662047 0.17140339 -0.16481074
v -0.08570629 0.16602329 -0.18112769
v -0.06034032 0.14718557 -0.16481074
v -0.07815501 0.14195634 -0.16098726
v -0.06945559 0.14538974 -0.17610822
v -0.08487462 0.15174504 -0.17613398
v -0.08570629 0.16602329 -0.18112769
v -0.07366546 0.15927792 -0.18477821
v -0.07366546 0.15927792 -0.18477821
v -0.06195951 0.16804359 -0.17949746
v -0.06945559 0.14538974 -0.17610822
v -0.08570629 0.16602329 -0.18112769
v -0.07662047 0.17140339 -0.16481074
v -0.06839576 0.17795372 -0.18082961
v -0.06034032 0.14718557 -0.16481074
v -0.06945559 0.14538974 -0.17610822
v -0.06195951 0.16804359 -0.17949746
v -0.06195951 0.16804359 -0.17949746
v -0.05462534 0.17207314 -0.16883294
v -0.05011371 0.16164045 -0.16838398
v -0.06839576 0.17795372 -0.18082961
v -0.07662047 0.17140339 -0.16481074
v -0.06400924 0.17712205 -0.16775839
v -0.06034032 0.14718557 -0.16481074
v -0.06195951 0.16804359 -0.17949746
v -0.05011371 0.16164045 -0.16838398
v -0.06730281 0.16273340 -0.15088209
v -0.07337107 0.17284961 -0.14860051
v -0.07837213 0.16448138 -0.15668171
v -0.08487462 0.15174504 -0.17613398
v -0.07366546 0.15927792 -0.18477821
v -0.06945559 0.14538974 -0.17610822
v -0.12181775 0.13011791 -0.14362152
v -0.12132096 0.14729964 -0.14287449
v -0.13476754 0.14715613 -0.15320414
v -0.10986156 0.12222439 -0.15659707
v -0.11274297 0.13667560 -0.16481074
v -0.11199962 0.14879739 -0.15744346
v -0.13544465 0.13667560 -0.16481074
v -0.12181775 0.13011791 -0.14362152
v -0.13476754 0.14715613 -0.15320414
v -0.11199962 0.14879739 -0.15744346
v -0.12132096 0.15757042 -0.15742138
v -0.12132096 0.14729964 -0.14287449
v -0.11199962 0.14879739 -0.15744346
v -0.11274297 0.13667560 -0.16481074
v -0.10733711 0.15581139 -0.17381928
v -0.13544465 0.13667560 -0.16481074
v -0.13476754 0.14715613 -0.15320414
v -0.13096614 0.14922426 -0.17071708
v -0.13096614 0.14922426 -0.17071708
v -0.10733711 0.15581139 -0.17381928
v -0.11274297 0.13667560 -0.16481074
v -0.11070795 0.14180914 -0.17933555
v -0.13544465 0.13667560 -0.16481074
v -0.13148501 0.14156259 -0.17862899
v -0.12132096 0.14439616 -0.18664027
v -0.12037153 0.12634963 -0.18556572
v -0.13148501 0.14156259 -0.17862899
v -0.11070795 0.14180914 -0.17933555
v -0.11274297 0.13667560 -0.16481074
v -0.10984316 0.12928991 -0.18005682
v -0.13544465 0.13667560 -0.16481074
v -0.13148501 0.14156259 -0.17862899
v -0.12037153 0.12634963 -0.18556572
v -0.10984316 0.12928991 -0.18005682
v -0.11274297 0.13667560 -0.16481074
v -0.11405672 0.12731378 -0.16811902
v -0.13544465 0.13667560 -0.16481074
v -0.12037153 0.12634963 -0.18556572
v -0.12391901 0.12046169 -0.17516615
v -0.12391901 0.12046169 -0.17516615
v -0.12132096 0.11733004 -0.15570652
v -0.13478594 0.11832363 -0.15617387
v -0.11405672 0.12731378 -0.16811902
v -0.11274297 0.13667560 -0.16481074
v -0.10986156 0.12222439 -0.15659707
v -0.13544465 0.13667560 -0.16481074
v -0.12391901 0.12046169 -0.17516615
v -0.13478594 0.11832363 -0.15617387
v -0.12132096 0.11733004 -0.15570652
v -0.12181775 0.13011791 -0.14362152
v -0.13478594 0.11832363 -0.15617387
v -0.13544465 0.13667560 -0.16481074
v -0.13478594 0.11832363 -0.15617387
v -0.12181775 0.13011791 -0.14362152
v -0.12132096 0.11733004 -0.15570652
v -0.10986156 0.12222439 -0.15659707
v -0.12181775 0.13011791 -0.14362152
v -0.13476754 0.14715613 -0.15320414
v -0.12132096 0.14729964 -0.14287449
v -0.12132096 0.15757042 -0.15742138
v 0.03927623 0.09126488 -0.17079068
v 0.02983712 0.09239094 -0.15104033
v 0.02254712 0.08885082 -0.17012460
v 0.05016891 0.10276843 -0.16919357
v 0.04687167 0.12308182 -0.16481074
v 0.05947185 0.09805072 -0.14717269
v 0.00578490 0.10914949 -0.16481074
v 0.02254712 0.08885082 -0.17012460
v 0.02983712 0.09239094 -0.15104033
v 0.00578490 0.10914949 -0.16481074
v 0.02983712 0.09239094 -0.15104033
v 0.01707134 0.10934085 -0.14507879
v 0.02983712 0.09239094 -0.15104033
v 0.03080495 0.11308705 -0.14410360
v 0.01707134 0.10934085 -0.14507879
v 0.05947185 0.09805072 -0.14717269
v 0.04687167 0.12308182 -0.16481074
v 0.04768494 0.11785996 -0.14071067
v 0.04768494 0.11785996 -0.14071067
v 0.04687167 0.12308182 -0.16481074
v 0.03762024 0.12828897 -0.15272575
v 0.03762024 0.12828897 -0.15272575
v 0.04687167 0.12308182 -0.16481074
v 0.03828264 0.14641645 -0.15944168
v 0.00578490 0.10914949 -0.16481074
v 0.01707134 0.10934085 -0.14507879
v 0.00521450 0.13674552 -0.15912520
v 0.03828264 0.14641645 -0.15944168
v 0.04687167 0.12308182 -0.16481074
v 0.04268755 0.13821750 -0.18907272
v 0.00578490 0.10914949 -0.16481074
v 0.00521450 0.13674552 -0.15912520
v 0.00675641 0.12292358 -0.18160976
v 0.02187737 0.14257825 -0.18164656
v 0.04268755 0.13821750 -0.18907272
v 0.02832466 0.12356390 -0.19449699
v 0.02832466 0.12356390 -0.19449699
v 0.03634698 0.10335723 -0.18664763
v 0.00675641 0.12292358 -0.18160976
v 0.04268755 0.13821750 -0.18907272
v 0.04687167 0.12308182 -0.16481074
v 0.05306872 0.10873365 -0.18862745
v 0.00578490 0.10914949 -0.16481074
v 0.00675641 0.12292358 -0.18160976
v 0.03634698 0.10335723 -0.18664763
v 0.03634698 0.10335723 -0.18664763
v 0.03927623 0.09126488 -0.17079068
v 0.02254712 0.08885082 -0.17012460
v 0.05306872 0.10873365 -0.18862745
v 0.04687167 0.12308182 -0.16481074
v 0.05016891 0.10276843 -0.16919357
v 0.00578490 0.10914949 -0.16481074
v 0.03634698 0.10335723 -0.18664763
v 0.02254712 0.08885082 -0.17012460
v 0.03080495 0.11308705 -0.14410360
v 0.04768494 0.11785996 -0.14071067
v 0.03762024 0.12828897 -0.15272575
v 0.02187737 0.14257825 -0.18164656
v 0.02832466 0.12356390 -0.19449699
v 0.00675641 0.12292358 -0.18160976
v 0.17550839 0.05014867 -0.15631371
v 0.17330409 0.05649660 -0.15468717
v 0.16663968 0.05191873 -0.15837449
v 0.17125435 0.06421716 -0.16493954
v 0.16542161 0.05984169 -0.16088054
v 0.18117185 0.06356949 -0.15859529
v 0.17330409 0.05649660 -0.15468717
v 0.18117185 0.06356949 -0.15859529
v 0.16542161 0.05984169 -0.16088054
v 0.17550839 0.05014867 -0.15631371
v 0.18230895 0.05541469 -0.16986333
v 0.18178272 0.05653708 -0.15817209
v 0.17125435 0.06421716 -0.16493954
v 0.18117185 0.06356949 -0.15859529
v 0.17940547 0.07023390 -0.16226053
v 0.17125435 0.06421716 -0.16493954
v 0.17940547 0.07023390 -0.16226053
v 0.17706869 0.06760641 -0.17099307
v 0.18230895 0.05541469 -0.16986333
v 0.18010466 0.05541101 -0.17362425
v 0.18541484 0.06588050 -0.17182475
v 0.18010466 0.05541101 -0.17362425
v 0.16955421 0.05979753 -0.17182475
v 0.17706869 0.06760641 -0.17099307
v 0.17125435 0.06421716 -0.16493954
v 0.17706869 0.06760641 -0.17099307
v 0.16955421 0.05979753 -0.17182475
v 0.18010466 0.05541101 -0.17362425
v 0.18230895 0.05541469 -0.16986333
v 0.17206762 0.04880916 -0.16716223
v 0.18010466 0.05541101 -0.17362425
v 0.17206762 0.04880916 -0.16716223
v 0.16955421 0.05979753 -0.17182475
v 0.17206762 0.04880916 -0.16716223
v 0.18230895 0.05541469 -0.16986333
v 0.17550839 0.05014867 -0.15631371
v 0.17125435 0.06421716 -0.16493954
v 0.16955421 0.05979753 -0.17182475
v 0.16542161 0.05984169 -0.16088054
v 0.17206762 0.04880916 -0.16716223
v 0.17550839 0.05014867 -0.15631371
v 0.16663968 0.05191873 -0.15837449
v 0.16663968 0.05191873 -0.15837449
v 0.17330409 0.05649660 -0.15468717
v 0.16542161 0.05984169 -0.16088054
v 0.17706869 0.06760641 -0.17099307
v 0.18541484 0.06588050 -0.17182475
v 0.18010466 0.05541101 -0.17362425
v -0.07642911 0.18271559 -0.15477549
v -0.07619360 0.19085198 -0.15442221
v -0.08256361 0.19078575 -0.15931288
v -0.07076565 0.17897675 -0.16092102
v -0.07213092 0.18582148 -0.16481074
v -0.07177764 0.19156222 -0.16132214
v -0.08288376 0.18582148 -0.16481074
v -0.07642911 0.18271559 -0.15477549
v -0.08256361 0.19078575 -0.15931288
v -0.07177764 0.19156222 -0.16132214
v -0.07619360 0.19571689 -0.16131110
v -0.07619360 0.19085198 -0.15442221
v -0.07177764 0.19156222 -0.16132214
v -0.07213092 0.18582148 -0.16481074
v -0.06956967 0.19488522 -0.16907581
v -0.08288376 0.18582148 -0.16481074
v -0.08256361 0.19078575 -0.15931288
v -0.08076411 0.19176461 -0.16760751
v -0.06956967 0.19488522 -0.16907581
v -0.07213092 0.18582148 -0.16481074
v -0.07116677 0.18825393 -0.17168859
v -0.08288376 0.18582148 -0.16481074
v -0.08100698 0.18813617 -0.17135371
v -0.07619360 0.18947568 -0.17515143
v -0.07574464 0.18093081 -0.17463992
v -0.08100698 0.18813617 -0.17135371
v -0.07116677 0.18825393 -0.17168859
v -0.07213092 0.18582148 -0.16481074
v -0.07075829 0.18232183 -0.17203082
v -0.08288376 0.18582148 -0.16481074
v -0.08100698 0.18813617 -0.17135371
v -0.07574464 0.18093081 -0.17463992
v -0.07075829 0.18232183 -0.17203082
v -0.07213092 0.18582148 -0.16481074
v -0.07275283 0.18138712 -0.16637840
v -0.08288376 0.18582148 -0.16481074
v -0.07574464 0.18093081 -0.17463992
v -0.07742270 0.17814140 -0.16971245
v -0.07742270 0.17814140 -0.16971245
v -0.07619360 0.17665837 -0.16049783
v -0.08257097 0.17712941 -0.16071862
v -0.07275283 0.18138712 -0.16637840
v -0.07213092 0.18582148 -0.16481074
v -0.07076565 0.17897675 -0.16092102
v -0.08288376 0.18582148 -0.16481074
v -0.07742270 0.17814140 -0.16971245
v -0.08257097 0.17712941 -0.16071862
v -0.07619360 0.17665837 -0.16049783
v -0.07642911 0.18271559 -0.15477549
v -0.08257097 0.17712941 -0.16071862
v -0.08288376 0.18582148 -0.16481074
v -0.08257097 0.17712941 -0.16071862
v -0.07642911 0.18271559 -0.15477549
v -0.07619360 0.17665837 -0.16049783
v -0.07076565 0.17897675 -0.16092102
v -0.07642911 0.18271559 -0.15477549
v -0.08256361 0.19078575 -0.15931288
v -0.07619360 0.19085198 -0.15442221
v -0.07619360 0.19571689 -0.16131110
v 0.07367282 -0.13381995 -0.14499783
v 0.08816819 -0.12687586 -0.14430232
v 0.08229129 -0.11575870 -0.15395853
v 0.07223396 -0.14714141 -0.15713066
v 0.08301256 -0.13855606 -0.16481074
v 0.09340477 -0.13398187 -0.15792185
v 0.07329011 -0.11968522 -0.16481074
v 0.07367282 -0.13381995 -0.14499783
v 0.08229129 -0.11575870 -0.15395853
v 0.09340477 -0.13398187 -0.15792185
v 0.09670570 -0.12247831 -0.15789977
v 0.08816819 -0.12687586 -0.14430232
v 0.09340477 -0.13398187 -0.15792185
v 0.08301256 -0.13855606 -0.16481074
v 0.10123205 -0.13485402 -0.17323049
v 0.07329011 -0.11968522 -0.16481074
v 0.08229129 -0.11575870 -0.15395853
v 0.08564006 -0.11803291 -0.17033436
v 0.08564006 -0.11803291 -0.17033436
v 0.10123205 -0.13485402 -0.17323049
v 0.08301256 -0.13855606 -0.16481074
v 0.08815347 -0.13804822 -0.17838980
v 0.07329011 -0.11968522 -0.16481074
v 0.07904557 -0.12088488 -0.17773108
v 0.08575413 -0.12811969 -0.18522348
v 0.07115941 -0.13663512 -0.18421885
v 0.07904557 -0.12088488 -0.17773108
v 0.08815347 -0.13804822 -0.17838980
v 0.08301256 -0.13855606 -0.16481074
v 0.07811454 -0.14412752 -0.17906691
v 0.07329011 -0.11968522 -0.16481074
v 0.07904557 -0.12088488 -0.17773108
v 0.07115941 -0.13663512 -0.18421885
v 0.07811454 -0.14412752 -0.17906691
v 0.08301256 -0.13855606 -0.16481074
v 0.07467009 -0.14147427 -0.16790559
v 0.07329011 -0.11968522 -0.16481074
v 0.07115941 -0.13663512 -0.18421885
v 0.06474892 -0.13621192 -0.17449272
v 0.06474892 -0.13621192 -0.17449272
v 0.06325853 -0.13971156 -0.15629899
v 0.05831634 -0.12809393 -0.15673322
v 0.07467009 -0.14147427 -0.16790559
v 0.08301256 -0.13855606 -0.16481074
v 0.07223396 -0.14714141 -0.15713066
v 0.07329011 -0.11968522 -0.16481074
v 0.06474892 -0.13621192 -0.17449272
v 0.05831634 -0.12809393 -0.15673322
v 0.06325853 -0.13971156 -0.15629899
v 0.07367282 -0.13381995 -0.14499783
v 0.05831634 -0.12809393 -0.15673322
v 0.07329011 -0.11968522 -0.16481074
v 0.05831634 -0.12809393 -0.15673322
v 0.07367282 -0.13381995 -0.14499783
v 0.06325853 -0.13971156 -0.15629899
v 0.07223396 -0.14714141 -0.15713066
v 0.07367282 -0.13381995 -0.14499783
v 0.08229129 -0.11575870 -0.15395853
v 0.08816819 -0.12687586 -0.14430232
v 0.09670570 -0.12247831 -0.15789977
v -0.09999926 -0.10982660 -0.15901848
v -0.08661525 -0.09796977 -0.15541212
v -0.09653642 -0.09704978 -0.14867411
v -0.11797219 -0.09120968 -0.15819417
v -0.11180458 -0.10253292 -0.14843123
v -0.10893053 -0.08409631 -0.14542470
v -0.08661525 -0.09796977 -0.15541212
v -0.08536774 -0.09179847 -0.17153403
v -0.08892626 -0.08597677 -0.15742506
v -0.08892626 -0.08597677 -0.15742506
v -0.08536774 -0.09179847 -0.17153403
v -0.08617365 -0.07221372 -0.16345283
v -0.11797219 -0.09120968 -0.15819417
v -0.10893053 -0.08409631 -0.14542470
v -0.11478167 -0.07356794 -0.15579851
v -0.08617365 -0.07221372 -0.16345283
v -0.08536774 -0.09179847 -0.17153403
v -0.09141759 -0.07593048 -0.18047633
v -0.10422018 -0.07223948 -0.17367209
v -0.10939420 -0.08337872 -0.19171862
v -0.11478167 -0.07356794 -0.15579851
v -0.11797219 -0.09120968 -0.15819417
v -0.11478167 -0.07356794 -0.15579851
v -0.10939420 -0.08337872 -0.19171862
v -0.10422018 -0.07223948 -0.17367209
v -0.09141759 -0.07593048 -0.18047633
v -0.10939420 -0.08337872 -0.19171862
v -0.09141759 -0.07593048 -0.18047633
v -0.08536774 -0.09179847 -0.17153403
v -0.09315086 -0.10241516 -0.19112614
v -0.11797219 -0.09120968 -0.15819417
v -0.10939420 -0.08337872 -0.19171862
v -0.11123787 -0.10742727 -0.19738576
v -0.11123787 -0.10742727 -0.19738576
v -0.10507761 -0.12537444 -0.17901907
v -0.11143658 -0.10403802 -0.16570129
v -0.09315086 -0.10241516 -0.19112614
v -0.08536774 -0.09179847 -0.17153403
v -0.08917650 -0.11467679 -0.17897491
v -0.11797219 -0.09120968 -0.15819417
v -0.11123787 -0.10742727 -0.19738576
v -0.11143658 -0.10403802 -0.16570129
v -0.08917650 -0.11467679 -0.17897491
v -0.08536774 -0.09179847 -0.17153403
v -0.08661525 -0.09796977 -0.15541212
v -0.11797219 -0.09120968 -0.15819417
v -0.11143658 -0.10403802 -0.16570129
v -0.11180458 -0.10253292 -0.14843123
v -0.11180458 -0.10253292 -0.14843123
v -0.09999926 -0.10982660 -0.15901848
v -0.09653642 -0.09704978 -0.14867411
v -0.09832856 -0.06580323 -0.15515084
v -0.10422018 -0.07223948 -0.17367209
v -0.11478167 -0.07356794 -0.15579851
v -0.02673492 -0.07224316 -0.14691877
v -0.01474928 -0.06328613 -0.14910467
v -0.02446806 -0.05255169 -0.15247183
v -0.03088959 -0.08193985 -0.16020343
v -0.02528869 -0.07054670 -0.16784671
v -0.01435921 -0.06579587 -0.16412627
v -0.03568826 -0.05563549 -0.15980967
v -0.02673492 -0.07224316 -0.14691877
v -0.02446806 -0.05255169 -0.15247183
v -0.01435921 -0.06579587 -0.16412627
v -0.01274739 -0.05486270 -0.16213541
v -0.01474928 -0.06328613 -0.14910467
v -0.01435921 -0.06579587 -0.16412627
v -0.02528869 -0.07054670 -0.16784671
v -0.01301234 -0.06187303 -0.17975874
v -0.03568826 -0.05563549 -0.15980967
v -0.02446806 -0.05255169 -0.15247183
v -0.02721331 -0.05055715 -0.16795343
v -0.02721331 -0.05055715 -0.16795343
v -0.01301234 -0.06187303 -0.17975874
v -0.02528869 -0.07054670 -0.16784671
v -0.02578181 -0.06628162 -0.18080753
v -0.03568826 -0.05563549 -0.15980967
v -0.03523563 -0.05290864 -0.17285513
v -0.03136431 -0.05649292 -0.18320687
v -0.04265443 -0.06722369 -0.17996850
v -0.03523563 -0.05290864 -0.17285513
v -0.02578181 -0.06628162 -0.18080753
v -0.02528869 -0.07054670 -0.16784671
v -0.03401756 -0.07357898 -0.17979186
v -0.03568826 -0.05563549 -0.15980967
v -0.03523563 -0.05290864 -0.17285513
v -0.04265443 -0.06722369 -0.17996850
v -0.03401756 -0.07357898 -0.17979186
v -0.02528869 -0.07054670 -0.16784671
v -0.03326685 -0.07418618 -0.16858270
v -0.03568826 -0.05563549 -0.15980967
v -0.04265443 -0.06722369 -0.17996850
v -0.04473729 -0.07011614 -0.16961309
v -0.04473729 -0.07011614 -0.16961309
v -0.03912167 -0.07726998 -0.15470189
v -0.04478513 -0.06779040 -0.15045521
v -0.03326685 -0.07418618 -0.16858270
v -0.02528869 -0.07054670 -0.16784671
v -0.03088959 -0.08193985 -0.16020343
v -0.03568826 -0.05563549 -0.15980967
v -0.04473729 -0.07011614 -0.16961309
v -0.04478513 -0.06779040 -0.15045521
v -0.03912167 -0.07726998 -0.15470189
v -0.02673492 -0.07224316 -0.14691877
v -0.04478513 -0.06779040 -0.15045521
v -0.03568826 -0.05563549 -0.15980967
v -0.04478513 -0.06779040 -0.15045521
v -0.02673492 -0.07224316 -0.14691877
v -0.03912167 -0.07726998 -0.15470189
v -0.03088959 -0.08193985 -0.16020343
v -0.02673492 -0.07224316 -0.14691877
v -0.02446806 -0.05255169 -0.15247183
v -0.01474928 -0.06328613 -0.14910467
v -0.01274739 -0.05486270 -0.16213541
v -0.02953169 -0.15451973 -0.15851801
v -0.03016096 -0.13510057 -0.15459885
v -0.03781160 -0.14276225 -0.14727940
v -0.05756931 -0.15662835 -0.15762378
v -0.04382098 -0.15932944 -0.14701445
v -0.05724548 -0.14413488 -0.14374664
v -0.03016096 -0.13510057 -0.15459885
v -0.03445180 -0.12977935 -0.17211546
v -0.04178964 -0.12871216 -0.15678842
v -0.04178964 -0.12871216 -0.15678842
v -0.03445180 -0.12977935 -0.17211546
v -0.05138698 -0.11686269 -0.16333876
v -0.05756931 -0.15662835 -0.15762378
v -0.05724548 -0.14413488 -0.14374664
v -0.07010694 -0.14172082 -0.15501836
v -0.05138698 -0.11686269 -0.16333876
v -0.03445180 -0.12977935 -0.17211546
v -0.05191689 -0.12382517 -0.18183056
v -0.06388781 -0.13196525 -0.17443752
v -0.05816547 -0.14402080 -0.19404803
v -0.07010694 -0.14172082 -0.15501836
v -0.05756931 -0.15662835 -0.15762378
v -0.07010694 -0.14172082 -0.15501836
v -0.05816547 -0.14402080 -0.19404803
v -0.06388781 -0.13196525 -0.17443752
v -0.05191689 -0.12382517 -0.18183056
v -0.05816547 -0.14402080 -0.19404803
v -0.05191689 -0.12382517 -0.18183056
v -0.03445180 -0.12977935 -0.17211546
v -0.03097791 -0.14365280 -0.19340404
v -0.05756931 -0.15662835 -0.15762378
v -0.05816547 -0.14402080 -0.19404803
v -0.03933878 -0.16225133 -0.20020093
v -0.03933878 -0.16225133 -0.20020093
v -0.02005579 -0.16955605 -0.18024450
v -0.04230851 -0.16006543 -0.16577489
v -0.03097791 -0.14365280 -0.19340404
v -0.03445180 -0.12977935 -0.17211546
v -0.01796557 -0.14883787 -0.18020034
v -0.05756931 -0.15662835 -0.15762378
v -0.03933878 -0.16225133 -0.20020093
v -0.04230851 -0.16006543 -0.16577489
v -0.01796557 -0.14883787 -0.18020034
v -0.03445180 -0.12977935 -0.17211546
v -0.03016096 -0.13510057 -0.15459885
v -0.05756931 -0.15662835 -0.15762378
v -0.04230851 -0.16006543 -0.16577489
v -0.04382098 -0.15932944 -0.14701445
v -0.04382098 -0.15932944 -0.14701445
v -0.02953169 -0.15451973 -0.15851801
v -0.03781160 -0.14276225 -0.14727940
v -0.06518315 -0.12257399 -0.15431549
v -0.06388781 -0.13196525 -0.17443752
v -0.07010694 -0.14172082 -0.15501836
v -0.02463734 0.00152534 -0.15420509
v -0.02558309 0.00986046 -0.15217743
v -0.03495227 0.00611426 -0.15677738
v -0.02596213 0.01982211 -0.16497266
v -0.03426780 0.01609431 -0.15990903
v -0.01406849 0.01631511 -0.15705338
v -0.02558309 0.00986046 -0.15217743
v -0.01406849 0.01631511 -0.15705338
v -0.03426780 0.01609431 -0.15990903
v -0.02463734 0.00152534 -0.15420509
v -0.01491488 0.00607746 -0.17111819
v -0.01524976 0.00758992 -0.15652347
v -0.02596213 0.01982211 -0.16497266
v -0.01406849 0.01631511 -0.15705338
v -0.01439233 0.02491518 -0.16162757
v -0.02596213 0.01982211 -0.16497266
v -0.01439233 0.02491518 -0.16162757
v -0.01795821 0.02235392 -0.17252394
v -0.01491488 0.00607746 -0.17111819
v -0.01760125 0.00667361 -0.17580646
v -0.00826887 0.01796741 -0.17356169
v -0.01760125 0.00667361 -0.17580646
v -0.02924465 0.01490568 -0.17356537
v -0.01795821 0.02235392 -0.17252394
v -0.02596213 0.01982211 -0.16497266
v -0.01795821 0.02235392 -0.17252394
v -0.02924465 0.01490568 -0.17356537
v -0.01760125 0.00667361 -0.17580646
v -0.01491488 0.00607746 -0.17111819
v -0.02919681 0.00084087 -0.16774367
v -0.01760125 0.00667361 -0.17580646
v -0.02919681 0.00084087 -0.16774367
v -0.02924465 0.01490568 -0.17356537
v -0.02919681 0.00084087 -0.16774367
v -0.01491488 0.00607746 -0.17111819
v -0.02463734 0.00152534 -0.15420509
v -0.02596213 0.01982211 -0.16497266
v -0.02924465 0.01490568 -0.17356537
v -0.03426780 0.01609431 -0.15990903
v -0.02919681 0.00084087 -0.16774367
v -0.02463734 0.00152534 -0.15420509
v -0.03495227 0.00611426 -0.15677738
v -0.03495227 0.00611426 -0.15677738
v -0.02558309 0.00986046 -0.15217743
v -0.03426780 0.01609431 -0.15990903
v -0.01795821 0.02235392 -0.17252394
v -0.00826887 0.01796741 -0.17356169
v -0.01760125 0.00667361 -0.17580646
v -0.05933569 0.14553326 -0.16001575
v -0.04453489 0.14536398 -0.15703130
v -0.05011003 0.15144328 -0.15145248
v -0.06000913 0.16694328 -0.15933496
v -0.06252254 0.15656947 -0.15125008
v -0.05050747 0.16628088 -0.14876243
v -0.04453489 0.14536398 -0.15703130
v -0.04034341 0.14845515 -0.17037852
v -0.03928727 0.15400453 -0.15869832
v -0.03928727 0.15400453 -0.15869832
v -0.04034341 0.14845515 -0.17037852
v -0.02994752 0.16091182 -0.16368835
v -0.06000913 0.16694328 -0.15933496
v -0.05050747 0.16628088 -0.14876243
v -0.04824429 0.17599230 -0.15734778
v -0.02994752 0.16091182 -0.16368835
v -0.04034341 0.14845515 -0.17037852
v -0.03522827 0.16154845 -0.17777892
v -0.04102789 0.17093235 -0.17214490
v -0.05039339 0.16698008 -0.18708554
v -0.04824429 0.17599230 -0.15734778
v -0.06000913 0.16694328 -0.15933496
v -0.04824429 0.17599230 -0.15734778
v -0.05039339 0.16698008 -0.18708554
v -0.04102789 0.17093235 -0.17214490
v -0.03522827 0.16154845 -0.17777892
v -0.05039339 0.16698008 -0.18708554
v -0.03522827 0.16154845 -0.17777892
v -0.04034341 0.14845515 -0.17037852
v -0.05101898 0.14627294 -0.18659243
v -0.06000913 0.16694328 -0.15933496
v -0.05039339 0.16698008 -0.18708554
v -0.06489611 0.15325382 -0.19177381
v -0.06489611 0.15325382 -0.19177381
v -0.07109685 0.13882101 -0.17656822
v -0.06313341 0.15544340 -0.16554673
v -0.05101898 0.14627294 -0.18659243
v -0.04034341 0.14845515 -0.17037852
v -0.05539813 0.13653944 -0.17653510
v -0.06000913 0.16694328 -0.15933496
v -0.06489611 0.15325382 -0.19177381
v -0.06313341 0.15544340 -0.16554673
v -0.05539813 0.13653944 -0.17653510
v -0.04034341 0.14845515 -0.17037852
v -0.04453489 0.14536398 -0.15703130
v -0.06000913 0.16694328 -0.15933496
v -0.06313341 0.15544340 -0.16554673
v -0.06252254 0.15656947 -0.15125008
v -0.06252254 0.15656947 -0.15125008
v -0.05933569 0.14553326 -0.16001575
v -0.05011003 0.15144328 -0.15145248
v -0.03383724 0.17160211 -0.15681418
v -0.04102789 0.17093235 -0.17214490
v -0.04824429 0.17599230 -0.15734778
v 0.08496662 -0.00826703 -0.15985015
v 0.07908604 0.00587874 -0.15675898
v 0.07557904 -0.00190438 -0.15098513
v 0.06487403 -0.01764357 -0.15914360
v 0.07576672 -0.01579991 -0.15077905
v 0.06163199 -0.00833695 -0.14820307
v 0.07908604 0.00587874 -0.15675898
v 0.07443457 0.00860559 -0.17056988
v 0.06872695 0.00734704 -0.15848489
v 0.06872695 0.00734704 -0.15848489
v 0.07443457 0.00860559 -0.17056988
v 0.05834210 0.01340794 -0.16364787
v 0.06487403 -0.01764357 -0.15914360
v 0.06163199 -0.00833695 -0.14820307
v 0.05147162 -0.01014749 -0.15709018
v 0.05834210 0.01340794 -0.16364787
v 0.07443457 0.00860559 -0.17056988
v 0.05989505 0.00812719 -0.17823156
v 0.05333736 -0.00121623 -0.17240250
v 0.06091808 -0.00851359 -0.18786202
v 0.05147162 -0.01014749 -0.15709018
v 0.06487403 -0.01764357 -0.15914360
v 0.05147162 -0.01014749 -0.15709018
v 0.06091808 -0.00851359 -0.18786202
v 0.05333736 -0.00121623 -0.17240250
v 0.05989505 0.00812719 -0.17823156
v 0.06091808 -0.00851359 -0.18786202
v 0.05989505 0.00812719 -0.17823156
v 0.07443457 0.00860559 -0.17056988
v 0.08086715 -0.00065687 -0.18735418
v 0.06487403 -0.01764357 -0.15914360
v 0.06091808 -0.00851359 -0.18786202
v 0.07989196 -0.01670518 -0.19271588
v 0.07989196 -0.01670518 -0.19271588
v 0.09614634 -0.01671254 -0.17698037
v 0.07708783 -0.01592135 -0.16557249
v 0.08086715 -0.00065687 -0.18735418
v 0.07443457 0.00860559 -0.17056988
v 0.09191071 -0.00084823 -0.17694357
v 0.06487403 -0.01764357 -0.15914360
v 0.07989196 -0.01670518 -0.19271588
v 0.07708783 -0.01592135 -0.16557249
v 0.09191071 -0.00084823 -0.17694357
v 0.07443457 0.00860559 -0.17056988
v 0.07908604 0.00587874 -0.15675898
v 0.06487403 -0.01764357 -0.15914360
v 0.07708783 -0.01592135 -0.16557249
v 0.07576672 -0.01579991 -0.15077905
v 0.07576672 -0.01579991 -0.15077905
v 0.08496662 -0.00826703 -0.15985015
v 0.07557904 -0.00190438 -0.15098513
v 0.04976411 0.00534882 -0.15653451
v 0.05333736 -0.00121623 -0.17240250
v 0.05147162 -0.01014749 -0.15709018
v 0.13392851 -0.01634823 -0.17037484
v 0.12514812 -0.01529944 -0.15200079
v 0.11836963 -0.01859300 -0.16975293
v 0.14405944 -0.00565058 -0.16888814
v 0.14099403 0.01324602 -0.16481074
v 0.15271103 -0.01003709 -0.14840547
v 0.10277763 0.00028520 -0.16481074
v 0.11836963 -0.01859300 -0.16975293
v 0.12514812 -0.01529944 -0.15200079
v 0.10277763 0.00028520 -0.16481074
v 0.12514812 -0.01529944 -0.15200079
v 0.11327288 0.00046552 -0.14645877
v 0.12514812 -0.01529944 -0.15200079
v 0.12604971 0.00395044 -0.14555350
v 0.11327288 0.00046552 -0.14645877
v 0.15271103 -0.01003709 -0.14840547
v 0.14099403 0.01324602 -0.16481074
v 0.14174842 0.00838847 -0.14239610
v 0.14174842 0.00838847 -0.14239610
v 0.14099403 0.01324602 -0.16481074
v 0.13238660 0.01808885 -0.15357214
v 0.13238660 0.01808885 -0.15357214
v 0.14099403 0.01324602 -0.16481074
v 0.13300116 0.03494675 -0.15981703
v 0.10277763 0.00028520 -0.16481074
v 0.11327288 0.00046552 -0.14645877
v 0.10224772 0.02595293 -0.15952264
v 0.13300116 0.03494675 -0.15981703
v 0.14099403 0.01324602 -0.16481074
v 0.13709695 0.02732187 -0.18737626
v 0.10277763 0.00028520 -0.16481074
v 0.10224772 0.02595293 -0.15952264
v 0.10367923 0.01309882 -0.18043585
v 0.11774404 0.03137719 -0.18046897
v 0.13709695 0.02732187 -0.18737626
v 0.12374237 0.01369130 -0.19242149
v 0.12374237 0.01369130 -0.19242149
v 0.13120165 -0.00510227 -0.18512045
v 0.10367923 0.01309882 -0.18043585
v 0.13709695 0.02732187 -0.18737626
v 0.14099403 0.01324602 -0.16481074
v 0.14675317 -0.00010120 -0.18696043
v 0.10277763 0.00028520 -0.16481074
v 0.10367923 0.01309882 -0.18043585
v 0.13120165 -0.00510227 -0.18512045
v 0.13120165 -0.00510227 -0.18512045
v 0.13392851 -0.01634823 -0.17037484
v 0.11836963 -0.01859300 -0.16975293
v 0.14675317 -0.00010120 -0.18696043
v 0.14099403 0.01324602 -0.16481074
v 0.14405944 -0.00565058 -0.16888814
v 0.10277763 0.00028520 -0.16481074
v 0.13120165 -0.00510227 -0.18512045
v 0.11836963 -0.01859300 -0.16975293
v 0.12604971 0.00395044 -0.14555350
v 0.14174842 0.00838847 -0.14239610
v 0.13238660 0.01808885 -0.15357214
v 0.11774404 0.03137719 -0.18046897
v 0.12374237 0.01369130 -0.19242149
v 0.10367923 0.01309882 -0.18043585
v 0.15448845 0.08688572 -0.14476599
v 0.16640048 0.07581640 -0.14405944
v 0.17468776 0.08546894 -0.15382974
v 0.14141723 0.08330144 -0.15704234
v 0.15349486 0.07634263 -0.16481074
v 0.16165333 0.06825408 -0.15784089
v 0.16765167 0.09249030 -0.16481074
v 0.15448845 0.08688572 -0.14476599
v 0.17468776 0.08546894 -0.15382974
v 0.16165333 0.06825408 -0.15784089
v 0.17370521 0.06941327 -0.15781881
v 0.16640048 0.07581640 -0.14405944
v 0.16165333 0.06825408 -0.15784089
v 0.15349486 0.07634263 -0.16481074
v 0.16373619 0.06056296 -0.17332985
v 0.16765167 0.09249030 -0.16481074
v 0.17468776 0.08546894 -0.15382974
v 0.17378616 0.08147986 -0.17039692
v 0.16373619 0.06056296 -0.17332985
v 0.15349486 0.07634263 -0.16481074
v 0.15587579 0.07169116 -0.17854803
v 0.16765167 0.09249030 -0.16481074
v 0.16865630 0.08662445 -0.17788196
v 0.16433234 0.07762694 -0.18545900
v 0.15090785 0.08820683 -0.18444333
v 0.16865630 0.08662445 -0.17788196
v 0.15587579 0.07169116 -0.17854803
v 0.15349486 0.07634263 -0.16481074
v 0.14643301 0.07888549 -0.17923251
v 0.16765167 0.09249030 -0.16481074
v 0.16865630 0.08662445 -0.17788196
v 0.15090785 0.08820683 -0.18444333
v 0.14643301 0.07888549 -0.17923251
v 0.15349486 0.07634263 -0.16481074
v 0.14765476 0.08311008 -0.16794239
v 0.16765167 0.09249030 -0.16481074
v 0.15090785 0.08820683 -0.18444333
v 0.14893171 0.09440388 -0.17460312
v 0.14893171 0.09440388 -0.17460312
v 0.14508247 0.09450692 -0.15619963
v 0.15418669 0.10346395 -0.15664123
v 0.14765476 0.08311008 -0.16794239
v 0.15349486 0.07634263 -0.16481074
v 0.14141723 0.08330144 -0.15704234
v 0.16765167 0.09249030 -0.16481074
v 0.14893171 0.09440388 -0.17460312
v 0.15418669 0.10346395 -0.15664123
v 0.14508247 0.09450692 -0.15619963
v 0.15448845 0.08688572 -0.14476599
v 0.15418669 0.10346395 -0.15664123
v 0.16765167 0.09249030 -0.16481074
v 0.15418669 0.10346395 -0.15664123
v 0.15448845 0.08688572 -0.14476599
v 0.14508247 0.09450692 -0.15619963
v 0.14141723 0.08330144 -0.15704234
v 0.15448845 0.08688572 -0.14476599
v 0.17468776 0.08546894 -0.15382974
v 0.16640048 0.07581640 -0.14405944
v 0.17370521 0.06941327 -0.15781881
v -0.16125590 -0.02101810 -0.14288921
v -0.17030124 -0.00570578 -0.14212010
v -0.18199248 -0.01324970 -0.15280303
v -0.14643669 -0.02132721 -0.15631371
v -0.15693194 -0.01027261 -0.16481074
v -0.16297076 0.00074887 -0.15718954
v -0.17680005 -0.02279552 -0.16481074
v -0.16125590 -0.02101810 -0.14288921
v -0.18199248 -0.01324970 -0.15280303
v -0.16297076 0.00074887 -0.15718954
v -0.17596838 0.00328437 -0.15716378
v -0.17030124 -0.00570578 -0.14212010
v -0.16297076 0.00074887 -0.15718954
v -0.15693194 -0.01027261 -0.16481074
v -0.16275732 0.00945934 -0.17412840
v -0.17680005 -0.02279552 -0.16481074
v -0.18199248 -0.01324970 -0.15280303
v -0.17980658 -0.00934158 -0.17092316
v -0.17980658 -0.00934158 -0.17092316
v -0.16275732 0.00945934 -0.17412840
v -0.15693194 -0.01027261 -0.16481074
v -0.15798441 -0.00465331 -0.17983602
v -0.17680005 -0.02279552 -0.16481074
v -0.17603094 -0.01633351 -0.17910739
v -0.16869678 -0.00824863 -0.18739466
v -0.15791081 -0.02351679 -0.18628331
v -0.17603094 -0.01633351 -0.17910739
v -0.15798441 -0.00465331 -0.17983602
v -0.15693194 -0.01027261 -0.16481074
v -0.15032273 -0.01513752 -0.18058305
v -0.17680005 -0.02279552 -0.16481074
v -0.17603094 -0.01633351 -0.17910739
v -0.15791081 -0.02351679 -0.18628331
v -0.15032273 -0.01513752 -0.18058305
v -0.15693194 -0.01027261 -0.16481074
v -0.15291711 -0.01918548 -0.16823310
v -0.17680005 -0.02279552 -0.16481074
v -0.15791081 -0.02351679 -0.18628331
v -0.15776729 -0.03062648 -0.17552311
v -0.15776729 -0.03062648 -0.17552311
v -0.15376718 -0.03193286 -0.15539372
v -0.16609873 -0.03849423 -0.15587579
v -0.15291711 -0.01918548 -0.16823310
v -0.15693194 -0.01027261 -0.16481074
v -0.14643669 -0.02132721 -0.15631371
v -0.17680005 -0.02279552 -0.16481074
v -0.15776729 -0.03062648 -0.17552311
v -0.16609873 -0.03849423 -0.15587579
v -0.15376718 -0.03193286 -0.15539372
v -0.16125590 -0.02101810 -0.14288921
v -0.16609873 -0.03849423 -0.15587579
v -0.17680005 -0.02279552 -0.16481074
v -0.16609873 -0.03849423 -0.15587579
v -0.16125590 -0.02101810 -0.14288921
v -0.15376718 -0.03193286 -0.15539372
v -0.14643669 -0.02132721 -0.15631371
v -0.16125590 -0.02101810 -0.14288921
v -0.18199248 -0.01324970 -0.15280303
v -0.17030124 -0.00570578 -0.14212010
v -0.17596838 0.00328437 -0.15716378
v 0.04506848 0.18284071 -0.14108971
v 0.06396140 0.17919387 -0.14025804
v 0.06622826 0.19407563 -0.15181680
v 0.03419420 0.17105011 -0.15561452
v 0.05067674 0.17163155 -0.16481074
v 0.06393932 0.16862870 -0.15656395
v 0.05476518 0.19671048 -0.16481074
v 0.04506848 0.18284071 -0.14108971
v 0.06622826 0.19407563 -0.15181680
v 0.06393932 0.16862870 -0.15656395
v 0.07531040 0.17734285 -0.15653819
v 0.06396140 0.17919387 -0.14025804
v 0.06393932 0.16862870 -0.15656395
v 0.05067674 0.17163155 -0.16481074
v 0.07084661 0.16221453 -0.17489383
v 0.05476518 0.19671048 -0.16481074
v 0.06622826 0.19407563 -0.15181680
v 0.06782904 0.18950512 -0.17142363
v 0.06782904 0.18950512 -0.17142363
v 0.07084661 0.16221453 -0.17489383
v 0.05067674 0.17163155 -0.16481074
v 0.05598693 0.16845574 -0.18106881
v 0.05476518 0.19671048 -0.16481074
v 0.05945345 0.19145550 -0.18027762
v 0.06075248 0.17971642 -0.18924568
v 0.04064517 0.18192072 -0.18804601
v 0.05945345 0.19145550 -0.18027762
v 0.05598693 0.16845574 -0.18106881
v 0.05067674 0.17163155 -0.16481074
v 0.04199940 0.16975845 -0.18187472
v 0.05476518 0.19671048 -0.16481074
v 0.05945345 0.19145550 -0.18027762
v 0.04064517 0.18192072 -0.18804601
v 0.04199940 0.16975845 -0.18187472
v 0.05067674 0.17163155 -0.16481074
v 0.04057525 0.17476687 -0.16851646
v 0.05476518 0.19671048 -0.16481074
v 0.04064517 0.18192072 -0.18804601
v 0.03477931 0.18689603 -0.17639894
v 0.03477931 0.18689603 -0.17639894
v 0.03085279 0.18459237 -0.15461725
v 0.03437452 0.19928646 -0.15514348
v 0.04057525 0.17476687 -0.16851646
v 0.05067674 0.17163155 -0.16481074
v 0.03419420 0.17105011 -0.15561452
v 0.05476518 0.19671048 -0.16481074
v 0.03477931 0.18689603 -0.17639894
v 0.03437452 0.19928646 -0.15514348
v 0.03085279 0.18459237 -0.15461725
v 0.04506848 0.18284071 -0.14108971
v 0.03437452 0.19928646 -0.15514348
v 0.05476518 0.19671048 -0.16481074
v 0.03437452 0.19928646 -0.15514348
v 0.04506848 0.18284071 -0.14108971
v 0.03085279 0.18459237 -0.15461725
v 0.03419420 0.17105011 -0.15561452
v 0.04506848 0.18284071 -0.14108971
v 0.06622826 0.19407563 -0.15181680
v 0.06396140 0.17919387 -0.14025804
v 0.07531040 0.17734285 -0.15653819
v 0.06672506 -0.09243878 -0.14994738
v 0.06198895 -0.08167858 -0.14710645
v 0.05101162 -0.09059144 -0.15355006
v 0.05733747 -0.06850432 -0.16503890
v 0.04777694 -0.07694983 -0.15794025
v 0.07471425 -0.06824304 -0.15393645
v 0.06198895 -0.08167858 -0.14710645
v 0.07471425 -0.06824304 -0.15393645
v 0.04777694 -0.07694983 -0.15794025
v 0.06672506 -0.09243878 -0.14994738
v 0.07784222 -0.08230049 -0.17365001
v 0.07676767 -0.08041267 -0.15320046
v 0.05733747 -0.06850432 -0.16503890
v 0.07471425 -0.06824304 -0.15393645
v 0.07069941 -0.05687196 -0.16035063
v 0.05733747 -0.06850432 -0.16503890
v 0.07069941 -0.05687196 -0.16035063
v 0.06699369 -0.06178103 -0.17562247
v 0.07784222 -0.08230049 -0.17365001
v 0.07400034 -0.08262065 -0.18022242
v 0.08178714 -0.06362101 -0.17707605
v 0.07400034 -0.08262065 -0.18022242
v 0.05498966 -0.07644935 -0.17707973
v 0.06699369 -0.06178103 -0.17562247
v 0.05733747 -0.06850432 -0.16503890
v 0.06699369 -0.06178103 -0.17562247
v 0.05498966 -0.07644935 -0.17707973
v 0.07400034 -0.08262065 -0.18022242
v 0.07784222 -0.08230049 -0.17365001
v 0.06091072 -0.09525395 -0.16892494
v 0.07400034 -0.08262065 -0.18022242
v 0.06091072 -0.09525395 -0.16892494
v 0.05498966 -0.07644935 -0.17707973
v 0.06091072 -0.09525395 -0.16892494
v 0.07784222 -0.08230049 -0.17365001
v 0.06672506 -0.09243878 -0.14994738
v 0.05733747 -0.06850432 -0.16503890
v 0.05498966 -0.07644935 -0.17707973
v 0.04777694 -0.07694983 -0.15794025
v 0.06091072 -0.09525395 -0.16892494
v 0.06672506 -0.09243878 -0.14994738
v 0.05101162 -0.09059144 -0.15355006
v 0.05101162 -0.09059144 -0.15355006
v 0.06198895 -0.08167858 -0.14710645
v 0.04777694 -0.07694983 -0.15794025
v 0.06699369 -0.06178103 -0.17562247
v 0.08178714 -0.06362101 -0.17707605
v 0.07400034 -0.08262065 -0.18022242
v -0.08871282 -0.02065010 -0.14219002
v -0.10397730 -0.01132140 -0.13786606
v -0.10995356 -0.03199542 -0.14767684
v -0.12124000 0.00109847 -0.16516034
v -0.12584731 -0.01775765 -0.15435229
v -0.09974903 0.01652487 -0.14826195
v -0.10397730 -0.01132140 -0.13786606
v -0.09974903 0.01652487 -0.14826195
v -0.12584731 -0.01775765 -0.15435229
v -0.08871282 -0.02065010 -0.14219002
v -0.08362712 0.00167622 -0.17826468
v -0.08661157 0.00309669 -0.14713957
v -0.12124000 0.00109847 -0.16516034
v -0.09974903 0.01652487 -0.14826195
v -0.11464919 0.02724459 -0.15802489
v -0.12124000 0.00109847 -0.16516034
v -0.11464919 0.02724459 -0.15802489
v -0.11501351 0.01788645 -0.18126385
v -0.08362712 0.00167622 -0.17826468
v -0.08815347 -0.00206262 -0.18826681
v -0.09492828 0.02844058 -0.18347918
v -0.08815347 -0.00206262 -0.18826681
v -0.11726932 -0.01086877 -0.18347918
v -0.11501351 0.01788645 -0.18126385
v -0.12124000 0.00109847 -0.16516034
v -0.11501351 0.01788645 -0.18126385
v -0.11726932 -0.01086877 -0.18347918
v -0.08815347 -0.00206262 -0.18826681
v -0.08362712 0.00167622 -0.17826468
v -0.09353357 -0.02922073 -0.17107035
v -0.08815347 -0.00206262 -0.18826681
v -0.09353357 -0.02922073 -0.17107035
v -0.11726932 -0.01086877 -0.18347918
v -0.09353357 -0.02922073 -0.17107035
v -0.08362712 0.00167622 -0.17826468
v -0.08871282 -0.02065010 -0.14219002
v -0.12124000 0.00109847 -0.16516034
v -0.11726932 -0.01086877 -0.18347918
v -0.12584731 -0.01775765 -0.15435229
v -0.09353357 -0.02922073 -0.17107035
v -0.08871282 -0.02065010 -0.14219002
v -0.10995356 -0.03199542 -0.14767684
v -0.10995356 -0.03199542 -0.14767684
v -0.10397730 -0.01132140 -0.13786606
v -0.12584731 -0.01775765 -0.15435229
v -0.11501351 0.01788645 -0.18126385
v -0.09492828 0.02844058 -0.18347918
v -0.08815347 -0.00206262 -0.18826681
v -0.04212452 0.05297488 -0.15080849
v -0.04601423 0.06334501 -0.14813316
v -0.05680756 0.05553245 -0.15420509
v -0.04970524 0.07597832 -0.16502786
v -0.05913698 0.06853376 -0.15833769
v -0.03334413 0.07531592 -0.15456573
v -0.04601423 0.06334501 -0.14813316
v -0.03334413 0.07531592 -0.15456573
v -0.05913698 0.06853376 -0.15833769
v -0.04212452 0.05297488 -0.15080849
v -0.03113615 0.06192823 -0.17313849
v -0.03204878 0.06376085 -0.15387022
v -0.04970524 0.07597832 -0.16502786
v -0.03334413 0.07531592 -0.15456573
v -0.03652729 0.08622333 -0.16061190
v -0.04970524 0.07597832 -0.16502786
v -0.03652729 0.08622333 -0.16061190
v -0.04026981 0.08179634 -0.17499687
v -0.03113615 0.06192823 -0.17313849
v -0.03476827 0.06183255 -0.17933187
v -0.02645156 0.07929396 -0.17636582
v -0.03476827 0.06183255 -0.17933187
v -0.05232537 0.06862944 -0.17636582
v -0.04026981 0.08179634 -0.17499687
v -0.04970524 0.07597832 -0.16502786
v -0.04026981 0.08179634 -0.17499687
v -0.05232537 0.06862944 -0.17636582
v -0.03476827 0.06183255 -0.17933187
v -0.03113615 0.06192823 -0.17313849
v -0.04774014 0.05063075 -0.16868574
v -0.03476827 0.06183255 -0.17933187
v -0.04774014 0.05063075 -0.16868574
v -0.05232537 0.06862944 -0.17636582
v -0.04774014 0.05063075 -0.16868574
v -0.03113615 0.06192823 -0.17313849
v -0.04212452 0.05297488 -0.15080849
v -0.04970524 0.07597832 -0.16502786
v -0.05232537 0.06862944 -0.17636582
v -0.05913698 0.06853376 -0.15833769
v -0.04774014 0.05063075 -0.16868574
v -0.04212452 0.05297488 -0.15080849
v -0.05680756 0.05553245 -0.15420509
v -0.05680756 0.05553245 -0.15420509
v -0.04601423 0.06334501 -0.14813316
v -0.05913698 0.06853376 -0.15833769
v -0.04026981 0.08179634 -0.17499687
v -0.02645156 0.07929396 -0.17636582
v -0.03476827 0.06183255 -0.17933187
v -0.15390333 0.08725004 -0.15845913
v -0.13438850 0.08915994 -0.15450317
v -0.14260585 0.09636162 -0.14711381
v -0.15786665 0.11535022 -0.15755386
v -0.15968455 0.10132957 -0.14684885
v -0.14526279 0.11584334 -0.14355160
v -0.13438850 0.08915994 -0.15450317
v -0.12931015 0.09383349 -0.17218538
v -0.12871768 0.10129277 -0.15671483
v -0.12871768 0.10129277 -0.15671483
v -0.12931015 0.09383349 -0.17218538
v -0.11741284 0.11173650 -0.16332404
v -0.15786665 0.11535022 -0.15755386
v -0.14526279 0.11584334 -0.14355160
v -0.14367672 0.12895872 -0.15492636
v -0.11741284 0.11173650 -0.16332404
v -0.12931015 0.09383349 -0.17218538
v -0.12445629 0.11181010 -0.18198880
v -0.13344643 0.12333206 -0.17452584
v -0.14521127 0.11677805 -0.19431667
v -0.14367672 0.12895872 -0.15492636
v -0.15786665 0.11535022 -0.15755386
v -0.14367672 0.12895872 -0.15492636
v -0.14521127 0.11677805 -0.19431667
v -0.13344643 0.12333206 -0.17452584
v -0.12445629 0.11181010 -0.18198880
v -0.14521127 0.11677805 -0.19431667
v -0.12445629 0.11181010 -0.18198880
v -0.12931015 0.09383349 -0.17218538
v -0.14305481 0.08942122 -0.19366899
v -0.15786665 0.11535022 -0.15755386
v -0.14521127 0.11677805 -0.19431667
v -0.16233413 0.09661922 -0.20053212
v -0.16233413 0.09661922 -0.20053212
v -0.16842446 0.07672167 -0.18038802
v -0.16032855 0.09975823 -0.16578593
v -0.14305481 0.08942122 -0.19366899
v -0.12931015 0.09383349 -0.17218538
v -0.14741924 0.07597464 -0.18034386
v -0.15786665 0.11535022 -0.15755386
v -0.16233413 0.09661922 -0.20053212
v -0.16032855 0.09975823 -0.16578593
v -0.14741924 0.07597464 -0.18034386
v -0.12931015 0.09383349 -0.17218538
v -0.13438850 0.08915994 -0.15450317
v -0.15786665 0.11535022 -0.15755386
v -0.16032855 0.09975823 -0.16578593
v -0.15968455 0.10132957 -0.14684885
v -0.15968455 0.10132957 -0.14684885
v -0.15390333 0.08725004 -0.15845913
v -0.14260585 0.09636162 -0.14711381
v -0.12407357 0.12525300 -0.15421981
v -0.13344643 0.12333206 -0.17452584
v -0.14367672 0.12895872 -0.15492636
v 0.10314931 0.16806199 -0.15070177
v 0.09302206 0.16337739 -0.14800436
v 0.10167365 0.15311398 -0.15412413
v 0.08059851 0.15872592 -0.16502786
v 0.08878274 0.14980202 -0.15828617
v 0.08004283 0.17521583 -0.15448845
v 0.09302206 0.16337739 -0.14800436
v 0.08004283 0.17521583 -0.15448845
v 0.08878274 0.14980202 -0.15828617
v 0.10314931 0.16806199 -0.15070177
v 0.09333117 0.17843580 -0.17320105
v 0.09155743 0.17737965 -0.15378926
v 0.08059851 0.15872592 -0.16502786
v 0.08004283 0.17521583 -0.15448845
v 0.06931943 0.17120467 -0.16057878
v 0.08059851 0.15872592 -0.16502786
v 0.06931943 0.17120467 -0.16057878
v 0.07404818 0.16777495 -0.17507415
v 0.09333117 0.17843580 -0.17320105
v 0.09369917 0.17479263 -0.17944227
v 0.07553120 0.18184712 -0.17645414
v 0.09369917 0.17479263 -0.17944227
v 0.08818291 0.15663939 -0.17645414
v 0.07404818 0.16777495 -0.17507415
v 0.08059851 0.15872592 -0.16502786
v 0.07404818 0.16777495 -0.17507415
v 0.08818291 0.15663939 -0.17645414
v 0.09369917 0.17479263 -0.17944227
v 0.09333117 0.17843580 -0.17320105
v 0.10592032 0.16259356 -0.16871518
v 0.09369917 0.17479263 -0.17944227
v 0.10592032 0.16259356 -0.16871518
v 0.08818291 0.15663939 -0.17645414
v 0.10592032 0.16259356 -0.16871518
v 0.09333117 0.17843580 -0.17320105
v 0.10314931 0.16806199 -0.15070177
v 0.08059851 0.15872592 -0.16502786
v 0.08818291 0.15663939 -0.17645414
v 0.08878274 0.14980202 -0.15828617
v 0.10592032 0.16259356 -0.16871518
v 0.10314931 0.16806199 -0.15070177
v 0.10167365 0.15311398 -0.15412413
v 0.10167365 0.15311398 -0.15412413
v 0.09302206 0.16337739 -0.14800436
v 0.08878274 0.14980202 -0.15828617
v 0.07404818 0.16777495 -0.17507415
v 0.07553120 0.18184712 -0.17645414
v 0.09369917 0.17479263 -0.17944227
v -0.08117258 -0.13306187 -0.16180789
v -0.07423218 -0.12691634 -0.15993847
v -0.07937676 -0.12643794 -0.15644251
v -0.09049024 -0.12340934 -0.16138102
v -0.08729236 -0.12928255 -0.15631739
v -0.08580197 -0.11972202 -0.15475709
v -0.07423218 -0.12691634 -0.15993847
v -0.07358818 -0.12371845 -0.16829566
v -0.07543184 -0.12069721 -0.16098358
v -0.07543184 -0.12069721 -0.16098358
v -0.07358818 -0.12371845 -0.16829566
v -0.07400402 -0.11356176 -0.16410787
v -0.09049024 -0.12340934 -0.16138102
v -0.08580197 -0.11972202 -0.15475709
v -0.08883794 -0.11426463 -0.16013719
v -0.07400402 -0.11356176 -0.16410787
v -0.07358818 -0.12371845 -0.16829566
v -0.07672351 -0.11549006 -0.17293241
v -0.08335848 -0.11357648 -0.16940333
v -0.08604485 -0.11935034 -0.17876147
v -0.08883794 -0.11426463 -0.16013719
v -0.09049024 -0.12340934 -0.16138102
v -0.08883794 -0.11426463 -0.16013719
v -0.08604485 -0.11935034 -0.17876147
v -0.08335848 -0.11357648 -0.16940333
v -0.07672351 -0.11549006 -0.17293241
v -0.08604485 -0.11935034 -0.17876147
v -0.07672351 -0.11549006 -0.17293241
v -0.07358818 -0.12371845 -0.16829566
v -0.07762142 -0.12922000 -0.17845236
v -0.09049024 -0.12340934 -0.16138102
v -0.08604485 -0.11935034 -0.17876147
v -0.08699796 -0.13181805 -0.18169808
v -0.08699796 -0.13181805 -0.18169808
v -0.08380376 -0.14112467 -0.17217434
v -0.08710100 -0.13005903 -0.16527073
v -0.07762142 -0.12922000 -0.17845236
v -0.07358818 -0.12371845 -0.16829566
v -0.07556064 -0.13557897 -0.17215594
v -0.09049024 -0.12340934 -0.16138102
v -0.08699796 -0.13181805 -0.18169808
v -0.08710100 -0.13005903 -0.16527073
v -0.07556064 -0.13557897 -0.17215594
v -0.07358818 -0.12371845 -0.16829566
v -0.07423218 -0.12691634 -0.15993847
v -0.09049024 -0.12340934 -0.16138102
v -0.08710100 -0.13005903 -0.16527073
v -0.08729236 -0.12928255 -0.15631739
v -0.08729236 -0.12928255 -0.15631739
v -0.08117258 -0.13306187 -0.16180789
v -0.07937676 -0.12643794 -0.15644251
v -0.08030779 -0.11023876 -0.15980231
v -0.08335848 -0.11357648 -0.16940333
v -0.08883794 -0.11426463 -0.16013719
v 0.13023750 0.10566088 -0.17070972
v 0.12092720 0.10677223 -0.15122800
v 0.11374024 0.10327995 -0.17005100
v 0.14097931 0.11700620 -0.16913469
v 0.13772991 0.13703991 -0.16481074
v 0.15015713 0.11235473 -0.14741556
v 0.09720617 0.12329894 -0.16481074
v 0.11374024 0.10327995 -0.17005100
v 0.12092720 0.10677223 -0.15122800
v 0.09720617 0.12329894 -0.16481074
v 0.12092720 0.10677223 -0.15122800
v 0.10833438 0.12349030 -0.14535111
v 0.12092720 0.10677223 -0.15122800
v 0.12188031 0.12718498 -0.14439064
v 0.10833438 0.12349030 -0.14535111
v 0.15015713 0.11235473 -0.14741556
v 0.13772991 0.13703991 -0.16481074
v 0.13852846 0.13189165 -0.14104187
v 0.13852846 0.13189165 -0.14104187
v 0.13772991 0.13703991 -0.16481074
v 0.12860360 0.14217714 -0.15289135
v 0.12860360 0.14217714 -0.15289135
v 0.13772991 0.13703991 -0.16481074
v 0.12925496 0.16005439 -0.15951528
v 0.09720617 0.12329894 -0.16481074
v 0.10833438 0.12349030 -0.14535111
v 0.09664314 0.15051593 -0.15920248
v 0.12925496 0.16005439 -0.15951528
v 0.13772991 0.13703991 -0.16481074
v 0.13359731 0.15196952 -0.18873785
v 0.09720617 0.12329894 -0.16481074
v 0.09664314 0.15051593 -0.15920248
v 0.09816296 0.13688535 -0.18137792
v 0.11307785 0.15627139 -0.18141472
v 0.13359731 0.15196952 -0.18873785
v 0.11943682 0.13751463 -0.19408851
v 0.11943682 0.13751463 -0.19408851
v 0.12734874 0.11758764 -0.18634955
v 0.09816296 0.13688535 -0.18137792
v 0.13359731 0.15196952 -0.18873785
v 0.13772991 0.13703991 -0.16481074
v 0.14383864 0.12289046 -0.18829993
v 0.09720617 0.12329894 -0.16481074
v 0.09816296 0.13688535 -0.18137792
v 0.12734874 0.11758764 -0.18634955
v 0.12734874 0.11758764 -0.18634955
v 0.13023750 0.10566088 -0.17070972
v 0.11374024 0.10327995 -0.17005100
v 0.14383864 0.12289046 -0.18829993
v 0.13772991 0.13703991 -0.16481074
v 0.14097931 0.11700620 -0.16913469
v 0.09720617 0.12329894 -0.16481074
v 0.12734874 0.11758764 -0.18634955
v 0.11374024 0.10327995 -0.17005100
v 0.12188031 0.12718498 -0.14439064
v 0.13852846 0.13189165 -0.14104187
v 0.12860360 0.14217714 -0.15289135
v 0.11307785 0.15627139 -0.18141472
v 0.11943682 0.13751463 -0.19408851
v 0.09816296 0.13688535 -0.18137792
v 0.18315167 0.02108066 -0.15498524
v 0.17575126 0.02343583 -0.15310846
v 0.17536855 0.01409977 -0.15736986
v 0.16718431 0.02688764 -0.16496162
v 0.16719167 0.01846053 -0.16026967
v 0.17465464 0.03561650 -0.15762378
v 0.17575126 0.02343583 -0.15310846
v 0.17465464 0.03561650 -0.15762378
v 0.16719167 0.01846053 -0.16026967
v 0.18315167 0.02108066 -0.15498524
v 0.18298975 0.03102391 -0.17065452
v 0.18158400 0.03131463 -0.15713434
v 0.16718431 0.02688764 -0.16496162
v 0.17465464 0.03561650 -0.15762378
v 0.16726159 0.03859727 -0.16186309
v 0.16718431 0.02688764 -0.16496162
v 0.16726159 0.03859727 -0.16186309
v 0.16807487 0.03461555 -0.17195722
v 0.18298975 0.03102391 -0.17065452
v 0.18146624 0.02897785 -0.17499687
v 0.17545319 0.04114381 -0.17291769
v 0.18146624 0.02897785 -0.17499687
v 0.17009884 0.02225089 -0.17291769
v 0.16807487 0.03461555 -0.17195722
v 0.16718431 0.02688764 -0.16496162
v 0.16807487 0.03461555 -0.17195722
v 0.17009884 0.02225089 -0.17291769
v 0.18146624 0.02897785 -0.17499687
v 0.18298975 0.03102391 -0.17065452
v 0.18200720 0.01696646 -0.16753023
v 0.18146624 0.02897785 -0.17499687
v 0.18200720 0.01696646 -0.16753023
v 0.17009884 0.02225089 -0.17291769
v 0.18200720 0.01696646 -0.16753023
v 0.18298975 0.03102391 -0.17065452
v 0.18315167 0.02108066 -0.15498524
v 0.16718431 0.02688764 -0.16496162
v 0.17009884 0.02225089 -0.17291769
v 0.16719167 0.01846053 -0.16026967
v 0.18200720 0.01696646 -0.16753023
v 0.18315167 0.02108066 -0.15498524
v 0.17536855 0.01409977 -0.15736986
v 0.17536855 0.01409977 -0.15736986
v 0.17575126 0.02343583 -0.15310846
v 0.16719167 0.01846053 -0.16026967
v 0.16807487 0.03461555 -0.17195722
v 0.17545319 0.04114381 -0.17291769
v 0.18146624 0.02897785 -0.17499687
v 0.12939111 -0.05906890 -0.14456727
v 0.14316889 -0.05091410 -0.14069963
v 0.12933223 -0.03751904 -0.14947634
v 0.16022551 -0.04247595 -0.16512354
v 0.14724997 -0.03092455 -0.15545260
v 0.16340867 -0.06593202 -0.15000258
v 0.14316889 -0.05091410 -0.14069963
v 0.16340867 -0.06593202 -0.15000258
v 0.14724997 -0.03092455 -0.15545260
v 0.12939111 -0.05906890 -0.14456727
v 0.14490951 -0.07244923 -0.17685157
v 0.14728308 -0.07069021 -0.14899795
v 0.16022551 -0.04247595 -0.16512354
v 0.16340867 -0.06593202 -0.15000258
v 0.17813220 -0.05864938 -0.15873880
v 0.16022551 -0.04247595 -0.16512354
v 0.17813220 -0.05864938 -0.15873880
v 0.17088636 -0.05443951 -0.17953426
v 0.14490951 -0.07244923 -0.17685157
v 0.14385336 -0.06730465 -0.18580124
v 0.17080908 -0.07474185 -0.18151408
v 0.14385336 -0.06730465 -0.18580124
v 0.14910099 -0.04059549 -0.18151776
v 0.17088636 -0.05443951 -0.17953426
v 0.16022551 -0.04247595 -0.16512354
v 0.17088636 -0.05443951 -0.17953426
v 0.14910099 -0.04059549 -0.18151776
v 0.14385336 -0.06730465 -0.18580124
v 0.14490951 -0.07244923 -0.17685157
v 0.12464028 -0.05166481 -0.17041164
v 0.14385336 -0.06730465 -0.18580124
v 0.12464028 -0.05166481 -0.17041164
v 0.14910099 -0.04059549 -0.18151776
v 0.12464028 -0.05166481 -0.17041164
v 0.14490951 -0.07244923 -0.17685157
v 0.12939111 -0.05906890 -0.14456727
v 0.16022551 -0.04247595 -0.16512354
v 0.14910099 -0.04059549 -0.18151776
v 0.14724997 -0.03092455 -0.15545260
v 0.12464028 -0.05166481 -0.17041164
v 0.12939111 -0.05906890 -0.14456727
v 0.12933223 -0.03751904 -0.14947634
v 0.12933223 -0.03751904 -0.14947634
v 0.14316889 -0.05091410 -0.14069963
v 0.14724997 -0.03092455 -0.15545260
v 0.17088636 -0.05443951 -0.17953426
v 0.17080908 -0.07474185 -0.18151408
v 0.14385336 -0.06730465 -0.18580124
v 0.00148302 0.09096312 -0.13675472
v 0.00214174 0.11370896 -0.13576849
v -0.01566191 0.11352496 -0.14944322
v 0.01731422 0.08051571 -0.15393645
v 0.01349810 0.09964415 -0.16481074
v 0.01448433 0.11569614 -0.15505516
v -0.01655615 0.09964415 -0.16481074
v 0.00148302 0.09096312 -0.13675472
v -0.01566191 0.11352496 -0.14944322
v 0.01448433 0.11569614 -0.15505516
v 0.00214174 0.12731010 -0.15502572
v 0.00214174 0.11370896 -0.13576849
v 0.01448433 0.11569614 -0.15505516
v 0.01349810 0.09964415 -0.16481074
v 0.02065562 0.12498068 -0.17673749
v -0.01655615 0.09964415 -0.16481074
v -0.01566191 0.11352496 -0.14944322
v -0.01063141 0.11626285 -0.17263066
v 0.02065562 0.12498068 -0.17673749
v 0.01349810 0.09964415 -0.16481074
v 0.01619551 0.10644472 -0.18404222
v -0.01655615 0.09964415 -0.16481074
v -0.01131588 0.10611720 -0.18310751
v 0.00214174 0.10986708 -0.19371315
v 0.00339660 0.08597309 -0.19229269
v -0.01131588 0.10611720 -0.18310751
v 0.01619551 0.10644472 -0.18404222
v 0.01349810 0.09964415 -0.16481074
v 0.01733630 0.08986649 -0.18499533
v -0.01655615 0.09964415 -0.16481074
v -0.01131588 0.10611720 -0.18310751
v 0.00339660 0.08597309 -0.19229269
v 0.01733630 0.08986649 -0.18499533
v 0.01349810 0.09964415 -0.16481074
v 0.01176116 0.08725372 -0.16919357
v -0.01655615 0.09964415 -0.16481074
v 0.00339660 0.08597309 -0.19229269
v -0.00129903 0.07817893 -0.17851859
v -0.00129903 0.07817893 -0.17851859
v 0.00214174 0.07403530 -0.15275519
v -0.01568399 0.07534904 -0.15337342
v 0.01176116 0.08725372 -0.16919357
v 0.01349810 0.09964415 -0.16481074
v 0.01731422 0.08051571 -0.15393645
v -0.01655615 0.09964415 -0.16481074
v -0.00129903 0.07817893 -0.17851859
v -0.01568399 0.07534904 -0.15337342
v 0.00214174 0.07403530 -0.15275519
v 0.00148302 0.09096312 -0.13675472
v -0.01568399 0.07534904 -0.15337342
v -0.01655615 0.09964415 -0.16481074
v -0.01568399 0.07534904 -0.15337342
v 0.00148302 0.09096312 -0.13675472
v 0.00214174 0.07403530 -0.15275519
v 0.01731422 0.08051571 -0.15393645
v 0.00148302 0.09096312 -0.13675472
v -0.01566191 0.11352496 -0.14944322
v 0.00214174 0.11370896 -0.13576849
v 0.00214174 0.12731010 -0.15502572
v 0.07613104 -0.04760582 -0.13739871
v 0.07677503 -0.02537885 -0.13643456
v 0.05937985 -0.02556285 -0.14979650
v 0.09160159 -0.05781771 -0.15418301
v 0.08787379 -0.03912351 -0.16481074
v 0.08883426 -0.02343951 -0.15527964
v 0.05850402 -0.03912351 -0.16481074
v 0.07613104 -0.04760582 -0.13739871
v 0.05937985 -0.02556285 -0.14979650
v 0.08883426 -0.02343951 -0.15527964
v 0.07677503 -0.01209051 -0.15525020
v 0.07677503 -0.02537885 -0.13643456
v 0.08883426 -0.02343951 -0.15527964
v 0.08787379 -0.03912351 -0.16481074
v 0.09486572 -0.01436841 -0.17646150
v 0.05850402 -0.03912351 -0.16481074
v 0.05937985 -0.02556285 -0.14979650
v 0.06429628 -0.02288752 -0.17245402
v 0.09486572 -0.01436841 -0.17646150
v 0.08787379 -0.03912351 -0.16481074
v 0.09050496 -0.03247750 -0.18360062
v 0.05850402 -0.03912351 -0.16481074
v 0.06362653 -0.03280133 -0.18268799
v 0.07677503 -0.02913609 -0.19305444
v 0.07800046 -0.05248177 -0.19166342
v 0.06362653 -0.03280133 -0.18268799
v 0.09050496 -0.03247750 -0.18360062
v 0.08787379 -0.03912351 -0.16481074
v 0.09161999 -0.04867669 -0.18453533
v 0.05850402 -0.03912351 -0.16481074
v 0.06362653 -0.03280133 -0.18268799
v 0.07800046 -0.05248177 -0.19166342
v 0.09161999 -0.04867669 -0.18453533
v 0.08787379 -0.03912351 -0.16481074
v 0.08617365 -0.05123058 -0.16909053
v 0.05850402 -0.03912351 -0.16481074
v 0.07800046 -0.05248177 -0.19166342
v 0.07341522 -0.06009929 -0.17820580
v 0.07341522 -0.06009929 -0.17820580
v 0.07677503 -0.06414724 -0.15303118
v 0.05935777 -0.06286294 -0.15363470
v 0.08617365 -0.05123058 -0.16909053
v 0.08787379 -0.03912351 -0.16481074
v 0.09160159 -0.05781771 -0.15418301
v 0.05850402 -0.03912351 -0.16481074
v 0.07341522 -0.06009929 -0.17820580
v 0.05935777 -0.06286294 -0.15363470
v 0.07677503 -0.06414724 -0.15303118
v 0.07613104 -0.04760582 -0.13739871
v 0.05935777 -0.06286294 -0.15363470
v 0.05850402 -0.03912351 -0.16481074
v 0.05935777 -0.06286294 -0.15363470
v 0.07613104 -0.04760582 -0.13739871
v 0.07677503 -0.06414724 -0.15303118
v 0.09160159 -0.05781771 -0.15418301
v 0.07613104 -0.04760582 -0.13739871
v 0.05937985 -0.02556285 -0.14979650
v 0.07677503 -0.02537885 -0.13643456
v 0.07677503 -0.01209051 -0.15525020
v -0.03969942 -0.10878149 -0.14086891
v -0.03180222 -0.09104040 -0.14002988
v -0.04591488 -0.08541374 -0.15169904
v -0.03059152 -0.12216183 -0.15552988
v -0.02739731 -0.10582648 -0.16481074
v -0.02141737 -0.09347653 -0.15648667
v -0.05112202 -0.09607827 -0.16481074
v -0.03969942 -0.10878149 -0.14086891
v -0.04591488 -0.08541374 -0.15169904
v -0.02141737 -0.09347653 -0.15648667
v -0.02738995 -0.08030595 -0.15646091
v -0.03180222 -0.09104040 -0.14002988
v -0.02141737 -0.09347653 -0.15648667
v -0.02739731 -0.10582648 -0.16481074
v -0.01353490 -0.08814795 -0.17498583
v -0.05112202 -0.09607827 -0.16481074
v -0.04591488 -0.08541374 -0.15169904
v -0.04105733 -0.08488382 -0.17148619
v -0.04105733 -0.08488382 -0.17148619
v -0.01353490 -0.08814795 -0.17498583
v -0.02739731 -0.10582648 -0.16481074
v -0.02306600 -0.10133325 -0.18121969
v -0.05112202 -0.09607827 -0.16481074
v -0.04488817 -0.09267062 -0.18042481
v -0.03304605 -0.09407637 -0.18947384
v -0.03980614 -0.11334096 -0.18825945
v -0.04488817 -0.09267062 -0.18042481
v -0.02306600 -0.10133325 -0.18121969
v -0.02739731 -0.10582648 -0.16481074
v -0.02754083 -0.11478719 -0.18203664
v -0.05112202 -0.09607827 -0.16481074
v -0.04488817 -0.09267062 -0.18042481
v -0.03980614 -0.11334096 -0.18825945
v -0.02754083 -0.11478719 -0.18203664
v -0.02739731 -0.10582648 -0.16481074
v -0.03278845 -0.11504111 -0.16854958
v -0.05112202 -0.09607827 -0.16481074
v -0.03980614 -0.11334096 -0.18825945
v -0.04603999 -0.11797035 -0.17650934
v -0.04603999 -0.11797035 -0.17650934
v -0.04466737 -0.12235687 -0.15452525
v -0.05831266 -0.11553790 -0.15505148
v -0.03278845 -0.11504111 -0.16854958
v -0.02739731 -0.10582648 -0.16481074
v -0.03059152 -0.12216183 -0.15552988
v -0.05112202 -0.09607827 -0.16481074
v -0.04603999 -0.11797035 -0.17650934
v -0.05831266 -0.11553790 -0.15505148
v -0.04466737 -0.12235687 -0.15452525
v -0.03969942 -0.10878149 -0.14086891
v -0.05831266 -0.11553790 -0.15505148
v -0.05112202 -0.09607827 -0.16481074
v -0.05831266 -0.11553790 -0.15505148
v -0.03969942 -0.10878149 -0.14086891
v -0.04466737 -0.12235687 -0.15452525
v -0.03059152 -0.12216183 -0.15552988
v -0.03969942 -0.10878149 -0.14086891
v -0.04591488 -0.08541374 -0.15169904
v -0.03180222 -0.09104040 -0.14002988
v -0.02738995 -0.08030595 -0.15646091
v -0.06066416 0.18266775 -0.14748548
v -0.05422423 0.19516122 -0.14687461
v -0.06418956 0.19980901 -0.15532012
v -0.05463638 0.17262514 -0.15809481
v -0.05165561 0.18429429 -0.16481074
v -0.04682383 0.19297164 -0.15878664
v -0.06839208 0.19232029 -0.16481074
v -0.06066416 0.18266775 -0.14748548
v -0.06418956 0.19980901 -0.15532012
v -0.04682383 0.19297164 -0.15878664
v -0.05059579 0.20273458 -0.15876824
v -0.05422423 0.19516122 -0.14687461
v -0.04682383 0.19297164 -0.15878664
v -0.05165561 0.18429429 -0.16481074
v -0.04090645 0.19649337 -0.17217434
v -0.06839208 0.19232029 -0.16481074
v -0.06418956 0.19980901 -0.15532012
v -0.06065680 0.19998933 -0.16963885
v -0.06065680 0.19998933 -0.16963885
v -0.04090645 0.19649337 -0.17217434
v -0.05165561 0.18429429 -0.16481074
v -0.04833997 0.18736338 -0.17668597
v -0.06839208 0.19232029 -0.16481074
v -0.06374797 0.19452459 -0.17610822
v -0.05525094 0.19301948 -0.18265855
v -0.06092912 0.17937787 -0.18177904
v -0.06374797 0.19452459 -0.17610822
v -0.04833997 0.18736338 -0.17668597
v -0.05165561 0.18429429 -0.16481074
v -0.05213033 0.17782492 -0.17727477
v -0.06839208 0.19232029 -0.16481074
v -0.06374797 0.19452459 -0.17610822
v -0.06092912 0.17937787 -0.18177904
v -0.05213033 0.17782492 -0.17727477
v -0.05165561 0.18429429 -0.16481074
v -0.05593173 0.17785804 -0.16751551
v -0.06839208 0.19232029 -0.16481074
v -0.06092912 0.17937787 -0.18177904
v -0.06562475 0.17629038 -0.17327465
v -0.06562475 0.17629038 -0.17327465
v -0.06481516 0.17306673 -0.15736618
v -0.07439409 0.17855723 -0.15774889
v -0.05593173 0.17785804 -0.16751551
v -0.05165561 0.18429429 -0.16481074
v -0.05463638 0.17262514 -0.15809481
v -0.06839208 0.19232029 -0.16481074
v -0.06562475 0.17629038 -0.17327465
v -0.07439409 0.17855723 -0.15774889
v -0.06481516 0.17306673 -0.15736618
v -0.06066416 0.18266775 -0.14748548
v -0.07439409 0.17855723 -0.15774889
v -0.06839208 0.19232029 -0.16481074
v -0.07439409 0.17855723 -0.15774889
v -0.06066416 0.18266775 -0.14748548
v -0.06481516 0.17306673 -0.15736618
v -0.05463638 0.17262514 -0.15809481
v -0.06066416 0.18266775 -0.14748548
v -0.06418956 0.19980901 -0.15532012
v -0.05422423 0.19516122 -0.14687461
v -0.05059579 0.20273458 -0.15876824
v 0.01973563 -0.15112312 -0.14901267
v 0.02531445 -0.13958645 -0.14845699
v 0.01612191 -0.13557897 -0.15615547
v 0.02546533 -0.16013903 -0.15868728
v 0.02790883 -0.14943034 -0.16481074
v 0.03211134 -0.14140803 -0.15931656
v 0.01246403 -0.14250834 -0.16481074
v 0.01973563 -0.15112312 -0.14901267
v 0.01612191 -0.13557897 -0.15615547
v 0.03211134 -0.14140803 -0.15931656
v 0.02844610 -0.13259820 -0.15930184
v 0.02531445 -0.13958645 -0.14845699
v 0.03211134 -0.14140803 -0.15931656
v 0.02790883 -0.14943034 -0.16481074
v 0.03742152 -0.13805926 -0.17152667
v 0.01246403 -0.14250834 -0.16481074
v 0.01612191 -0.13557897 -0.15615547
v 0.01933820 -0.13533241 -0.16921565
v 0.01933820 -0.13533241 -0.16921565
v 0.03742152 -0.13805926 -0.17152667
v 0.02790883 -0.14943034 -0.16481074
v 0.03086015 -0.14655629 -0.17564087
v 0.01246403 -0.14250834 -0.16481074
v 0.01664814 -0.14038868 -0.17511463
v 0.02442758 -0.14156259 -0.18108721
v 0.01957003 -0.15412965 -0.18028498
v 0.01664814 -0.14038868 -0.17511463
v 0.03086015 -0.14655629 -0.17564087
v 0.02790883 -0.14943034 -0.16481074
v 0.02762915 -0.15533668 -0.17617814
v 0.01246403 -0.14250834 -0.16481074
v 0.01664814 -0.14038868 -0.17511463
v 0.01957003 -0.15412965 -0.18028498
v 0.02762915 -0.15533668 -0.17617814
v 0.02790883 -0.14943034 -0.16481074
v 0.02416262 -0.15539556 -0.16727631
v 0.01246403 -0.14250834 -0.16481074
v 0.01957003 -0.15412965 -0.18028498
v 0.01536016 -0.15705154 -0.17253130
v 0.01536016 -0.15705154 -0.17253130
v 0.01617343 -0.15997711 -0.15802121
v 0.00731576 -0.15519316 -0.15837081
v 0.02416262 -0.15539556 -0.16727631
v 0.02790883 -0.14943034 -0.16481074
v 0.02546533 -0.16013903 -0.15868728
v 0.01246403 -0.14250834 -0.16481074
v 0.01536016 -0.15705154 -0.17253130
v 0.00731576 -0.15519316 -0.15837081
v 0.01617343 -0.15997711 -0.15802121
v 0.01973563 -0.15112312 -0.14901267
v 0.00731576 -0.15519316 -0.15837081
v 0.01246403 -0.14250834 -0.16481074
v 0.00731576 -0.15519316 -0.15837081
v 0.01973563 -0.15112312 -0.14901267
v 0.01617343 -0.15997711 -0.15802121
v 0.02546533 -0.16013903 -0.15868728
v 0.01973563 -0.15112312 -0.14901267
v 0.01612191 -0.13557897 -0.15615547
v 0.02531445 -0.13958645 -0.14845699
v 0.02844610 -0.13259820 -0.15930184
v -0.04003430 0.20107492 -0.16740879
v -0.03892295 0.20505295 -0.15882712
v -0.03995702 0.20841644 -0.16711808
v -0.03582074 0.19563225 -0.16671696
v -0.02687844 0.19569481 -0.16481074
v -0.03846663 0.19194861 -0.15714538
v -0.03012784 0.21426390 -0.16481074
v -0.03995702 0.20841644 -0.16711808
v -0.03892295 0.20505295 -0.15882712
v -0.03012784 0.21426390 -0.16481074
v -0.03892295 0.20505295 -0.15882712
v -0.03079391 0.20940635 -0.15623643
v -0.03892295 0.20505295 -0.15882712
v -0.03009840 0.20326081 -0.15581323
v -0.03079391 0.20940635 -0.15623643
v -0.03846663 0.19194861 -0.15714538
v -0.02687844 0.19569481 -0.16481074
v -0.02917473 0.19569481 -0.15433757
v -0.02917473 0.19569481 -0.15433757
v -0.02687844 0.19569481 -0.16481074
v -0.02402647 0.19931958 -0.15955944
v -0.02402647 0.19931958 -0.15955944
v -0.02687844 0.19569481 -0.16481074
v -0.01628751 0.19782919 -0.16247764
v -0.03012784 0.21426390 -0.16481074
v -0.03079391 0.20940635 -0.15623643
v -0.01823789 0.21267415 -0.16234149
v -0.01628751 0.19782919 -0.16247764
v -0.02687844 0.19569481 -0.16481074
v -0.02009995 0.19648601 -0.17535383
v -0.03012784 0.21426390 -0.16481074
v -0.01823789 0.21267415 -0.16234149
v -0.02427670 0.21293175 -0.17211178
v -0.01684318 0.20513023 -0.17212650
v -0.02009995 0.19648601 -0.17535383
v -0.02543589 0.20362881 -0.17770900
v -0.02543589 0.20362881 -0.17770900
v -0.03464683 0.20152755 -0.17430136
v -0.02427670 0.21293175 -0.17211178
v -0.02009995 0.19648601 -0.17535383
v -0.02687844 0.19569481 -0.16481074
v -0.03345085 0.19398731 -0.17515879
v -0.03012784 0.21426390 -0.16481074
v -0.02427670 0.21293175 -0.17211178
v -0.03464683 0.20152755 -0.17430136
v -0.03464683 0.20152755 -0.17430136
v -0.04003430 0.20107492 -0.16740879
v -0.03995702 0.20841644 -0.16711808
v -0.03345085 0.19398731 -0.17515879
v -0.02687844 0.19569481 -0.16481074
v -0.03582074 0.19563225 -0.16671696
v -0.03012784 0.21426390 -0.16481074
v -0.03464683 0.20152755 -0.17430136
v -0.03995702 0.20841644 -0.16711808
v -0.03009840 0.20326081 -0.15581323
v -0.02917473 0.19569481 -0.15433757
v -0.02402647 0.19931958 -0.15955944
v -0.01684318 0.20513023 -0.17212650
v -0.02543589 0.20362881 -0.17770900
v -0.02427670 0.21293175 -0.17211178
v -0.03289149 0.07808326 -0.16997373
v -0.04103893 0.07905477 -0.15292447
v -0.04732798 0.07600040 -0.16939597
v -0.02349287 0.08800811 -0.16859374
v -0.02633748 0.10554313 -0.16481074
v -0.01546320 0.08394175 -0.14959042
v -0.06179391 0.09351701 -0.16481074
v -0.04732798 0.07600040 -0.16939597
v -0.04103893 0.07905477 -0.15292447
v -0.06179391 0.09351701 -0.16481074
v -0.04103893 0.07905477 -0.15292447
v -0.05205673 0.09368261 -0.14778356
v -0.04103893 0.07905477 -0.15292447
v -0.04020358 0.09691730 -0.14694085
v -0.05205673 0.09368261 -0.14778356
v -0.01546320 0.08394175 -0.14959042
v -0.02633748 0.10554313 -0.16481074
v -0.02563829 0.10103517 -0.14401160
v -0.02563829 0.10103517 -0.14401160
v -0.02633748 0.10554313 -0.16481074
v -0.03432300 0.11003636 -0.15438173
v -0.03432300 0.11003636 -0.15438173
v -0.02633748 0.10554313 -0.16481074
v -0.03374892 0.12567619 -0.16017767
v -0.06179391 0.09351701 -0.16481074
v -0.05205673 0.09368261 -0.14778356
v -0.06228702 0.11733372 -0.15990535
v -0.03374892 0.12567619 -0.16017767
v -0.02633748 0.10554313 -0.16481074
v -0.02995120 0.11860331 -0.18574972
v -0.06179391 0.09351701 -0.16481074
v -0.06228702 0.11733372 -0.15990535
v -0.06095856 0.10540697 -0.17930979
v -0.04790941 0.12236423 -0.17933923
v -0.02995120 0.11860331 -0.18574972
v -0.04234531 0.10595528 -0.19042695
v -0.04234531 0.10595528 -0.19042695
v -0.03541963 0.08851963 -0.18365582
v -0.06095856 0.10540697 -0.17930979
v -0.02995120 0.11860331 -0.18574972
v -0.02633748 0.10554313 -0.16481074
v -0.02099050 0.09316006 -0.18536332
v -0.06179391 0.09351701 -0.16481074
v -0.06095856 0.10540697 -0.17930979
v -0.03541963 0.08851963 -0.18365582
v -0.03541963 0.08851963 -0.18365582
v -0.03289149 0.07808326 -0.16997373
v -0.04732798 0.07600040 -0.16939597
v -0.02099050 0.09316006 -0.18536332
v -0.02633748 0.10554313 -0.16481074
v -0.02349287 0.08800811 -0.16859374
v -0.06179391 0.09351701 -0.16481074
v -0.03541963 0.08851963 -0.18365582
v -0.04732798 0.07600040 -0.16939597
v -0.04020358 0.09691730 -0.14694085
v -0.02563829 0.10103517 -0.14401160
v -0.03432300 0.11003636 -0.15438173
v -0.04790941 0.12236423 -0.17933923
v -0.04234531 0.10595528 -0.19042695
v -0.06095856 0.10540697 -0.17930979
v -0.08849939 0.13715399 -0.16856430
v -0.09442044 0.13786054 -0.15617019
v -0.09899463 0.13564153 -0.16814478
v -0.08166202 0.14437040 -0.16755967
v -0.08373384 0.15711778 -0.16481074
v -0.07582560 0.14141171 -0.15374510
v -0.10951196 0.14837419 -0.16481074
v -0.09899463 0.13564153 -0.16814478
v -0.09442044 0.13786054 -0.15617019
v -0.10951196 0.14837419 -0.16481074
v -0.09442044 0.13786054 -0.15617019
v -0.10243172 0.14849563 -0.15243135
v -0.09442044 0.13786054 -0.15617019
v -0.09381325 0.15084713 -0.15182048
v -0.10243172 0.14849563 -0.15243135
v -0.07582560 0.14141171 -0.15374510
v -0.08373384 0.15711778 -0.16481074
v -0.08322232 0.15384262 -0.14968978
v -0.08322232 0.15384262 -0.14968978
v -0.08373384 0.15711778 -0.16481074
v -0.08953713 0.16038559 -0.15723002
v -0.08953713 0.16038559 -0.15723002
v -0.08373384 0.15711778 -0.16481074
v -0.08912130 0.17175667 -0.16143990
v -0.10951196 0.14837419 -0.16481074
v -0.10243172 0.14849563 -0.15243135
v -0.10986892 0.16568841 -0.16124486
v -0.08912130 0.17175667 -0.16143990
v -0.08373384 0.15711778 -0.16481074
v -0.08635765 0.16661208 -0.18003106
v -0.10951196 0.14837419 -0.16481074
v -0.10986892 0.16568841 -0.16124486
v -0.10890109 0.15701842 -0.17535015
v -0.09941415 0.16934997 -0.17537223
v -0.08635765 0.16661208 -0.18003106
v -0.09536987 0.15741954 -0.18343502
v -0.09536987 0.15741954 -0.18343502
v -0.09033569 0.14474207 -0.17851123
v -0.10890109 0.15701842 -0.17535015
v -0.08635765 0.16661208 -0.18003106
v -0.08373384 0.15711778 -0.16481074
v -0.07984412 0.14811660 -0.17975138
v -0.10951196 0.14837419 -0.16481074
v -0.10890109 0.15701842 -0.17535015
v -0.09033569 0.14474207 -0.17851123
v -0.09033569 0.14474207 -0.17851123
v -0.08849939 0.13715399 -0.16856430
v -0.09899463 0.13564153 -0.16814478
v -0.07984412 0.14811660 -0.17975138
v -0.08373384 0.15711778 -0.16481074
v -0.08166202 0.14437040 -0.16755967
v -0.10951196 0.14837419 -0.16481074
v -0.09033569 0.14474207 -0.17851123
v -0.09899463 0.13564153 -0.16814478
v -0.09381325 0.15084713 -0.15182048
v -0.08322232 0.15384262 -0.14968978
v -0.08953713 0.16038559 -0.15723002
v -0.09941415 0.16934997 -0.17537223
v -0.09536987 0.15741954 -0.18343502
v -0.10890109 0.15701842 -0.17535015
v -0.16421459 0.06937647 -0.15332558
v -0.16394227 0.07868677 -0.15292079
v -0.17123227 0.07861317 -0.15851801
v -0.15773049 0.06509667 -0.16035799
v -0.15929448 0.07293131 -0.16481074
v -0.15889336 0.07950004 -0.16081798
v -0.17160027 0.07293131 -0.16481074
v -0.16421459 0.06937647 -0.15332558
v -0.17123227 0.07861317 -0.15851801
v -0.15889336 0.07950004 -0.16081798
v -0.16394227 0.08425455 -0.16080326
v -0.16394227 0.07868677 -0.15292079
v -0.15889336 0.07950004 -0.16081798
v -0.15929448 0.07293131 -0.16481074
v -0.15636523 0.08330144 -0.16969037
v -0.17160027 0.07293131 -0.16481074
v -0.17123227 0.07861317 -0.15851801
v -0.16917149 0.07973188 -0.16801231
v -0.15636523 0.08330144 -0.16969037
v -0.15929448 0.07293131 -0.16481074
v -0.15819049 0.07571336 -0.17268218
v -0.17160027 0.07293131 -0.16481074
v -0.16945117 0.07557720 -0.17229946
v -0.16394227 0.07711543 -0.17664181
v -0.16343075 0.06733409 -0.17606038
v -0.16945117 0.07557720 -0.17229946
v -0.15819049 0.07571336 -0.17268218
v -0.15929448 0.07293131 -0.16481074
v -0.15772313 0.06892751 -0.17307225
v -0.17160027 0.07293131 -0.16481074
v -0.16945117 0.07557720 -0.17229946
v -0.16343075 0.06733409 -0.17606038
v -0.15772313 0.06892751 -0.17307225
v -0.15929448 0.07293131 -0.16481074
v -0.16000471 0.06785664 -0.16660288
v -0.17160027 0.07293131 -0.16481074
v -0.16343075 0.06733409 -0.17606038
v -0.16535169 0.06414356 -0.17042268
v -0.16535169 0.06414356 -0.17042268
v -0.16394227 0.06244710 -0.15987591
v -0.17123963 0.06298437 -0.16012983
v -0.16000471 0.06785664 -0.16660288
v -0.15929448 0.07293131 -0.16481074
v -0.15773049 0.06509667 -0.16035799
v -0.17160027 0.07293131 -0.16481074
v -0.16535169 0.06414356 -0.17042268
v -0.17123963 0.06298437 -0.16012983
v -0.16394227 0.06244710 -0.15987591
v -0.16421459 0.06937647 -0.15332558
v -0.17123963 0.06298437 -0.16012983
v -0.17160027 0.07293131 -0.16481074
v -0.17123963 0.06298437 -0.16012983
v -0.16421459 0.06937647 -0.15332558
v -0.16394227 0.06244710 -0.15987591
v -0.15773049 0.06509667 -0.16035799
v -0.16421459 0.06937647 -0.15332558
v -0.17123227 0.07861317 -0.15851801
v -0.16394227 0.07868677 -0.15292079
v -0.16394227 0.08425455 -0.16080326
v 0.01563615 0.16410971 -0.15994951
v 0.02687108 0.17406400 -0.15692090
v 0.01854332 0.17483311 -0.15126480
v 0.00054831 0.17973850 -0.15925768
v 0.00572602 0.17023316 -0.15106240
v 0.00813639 0.18570740 -0.14853795
v 0.02687108 0.17406400 -0.15692090
v 0.02791619 0.17924171 -0.17045580
v 0.02493174 0.18412870 -0.15861369
v 0.02493174 0.18412870 -0.15861369
v 0.02791619 0.17924171 -0.17045580
v 0.02723907 0.19568377 -0.16366995
v 0.00054831 0.17973850 -0.15925768
v 0.00813639 0.18570740 -0.14853795
v 0.00322733 0.19454667 -0.15724474
v 0.02723907 0.19568377 -0.16366995
v 0.02791619 0.17924171 -0.17045580
v 0.02284152 0.19255949 -0.17795924
v 0.01209603 0.19566169 -0.17224794
v 0.00775000 0.18631091 -0.18739834
v 0.00322733 0.19454667 -0.15724474
v 0.00054831 0.17973850 -0.15925768
v 0.00322733 0.19454667 -0.15724474
v 0.00775000 0.18631091 -0.18739834
v 0.01209603 0.19566169 -0.17224794
v 0.02284152 0.19255949 -0.17795924
v 0.00775000 0.18631091 -0.18739834
v 0.02284152 0.19255949 -0.17795924
v 0.02791619 0.17924171 -0.17045580
v 0.02138425 0.17032884 -0.18690155
v 0.00054831 0.17973850 -0.15925768
v 0.00775000 0.18631091 -0.18739834
v 0.00620073 0.16612265 -0.19215285
v 0.00620073 0.16612265 -0.19215285
v 0.01137476 0.15105688 -0.17673749
v 0.00603514 0.16897094 -0.16555777
v 0.02138425 0.17032884 -0.18690155
v 0.02791619 0.17924171 -0.17045580
v 0.02472198 0.16003967 -0.17670069
v 0.00054831 0.17973850 -0.15925768
v 0.00620073 0.16612265 -0.19215285
v 0.00603514 0.16897094 -0.16555777
v 0.02472198 0.16003967 -0.17670069
v 0.02791619 0.17924171 -0.17045580
v 0.02687108 0.17406400 -0.15692090
v 0.00054831 0.17973850 -0.15925768
v 0.00603514 0.16897094 -0.16555777
v 0.00572602 0.17023316 -0.15106240
v 0.00572602 0.17023316 -0.15106240
v 0.01563615 0.16410971 -0.15994951
v 0.01854332 0.17483311 -0.15126480
v 0.01703822 0.20106388 -0.15670379
v 0.01209603 0.19566169 -0.17224794
v 0.00322733 0.19454667 -0.15724474
v 0.09033569 -0.09278470 -0.15601195
v 0.08238697 -0.08784987 -0.15657131
v 0.08364552 -0.10181900 -0.15139360
v 0.09213519 -0.10452010 -0.15354638
v 0.07484673 -0.08900170 -0.17300233
v 0.07391202 -0.08443487 -0.16143254
v 0.08238697 -0.08784987 -0.15657131
v 0.08330696 -0.08151666 -0.17410632
v 0.09194383 -0.09311958 -0.17150827
v 0.08330696 -0.08151666 -0.17410632
v 0.08238697 -0.08784987 -0.15657131
v 0.09033569 -0.09278470 -0.15601195
v 0.08320760 -0.11252401 -0.15628059
v 0.07383474 -0.10752662 -0.15960359
v 0.07716511 -0.10317691 -0.17410632
v 0.09081776 -0.10923413 -0.16792767
v 0.14836131 -0.08619021 -0.16481074
v 0.14735300 -0.06112231 -0.16552465
v 0.12829081 -0.04967396 -0.14837235
v 0.12691082 -0.08845339 -0.15144144
v 0.09688602 -0.11109987 -0.16481074
v 0.12689610 -0.10125597 -0.16481074
v 0.12691082 -0.08845339 -0.15144144
v 0.10277027 -0.09877200 -0.14475495
v 0.10736655 -0.08914890 -0.17864739
v 0.13315939 -0.08603933 -0.18409742
v 0.12689610 -0.10125597 -0.16481074
v 0.09688602 -0.11109987 -0.16481074
v 0.08395095 -0.08217905 -0.16481074
v 0.09575995 -0.07800230 -0.17939075
v 0.10736655 -0.08914890 -0.17864739
v 0.09688602 -0.11109987 -0.16481074
v 0.09472220 -0.07837029 -0.14958674
v 0.08395095 -0.08217905 -0.16481074
v 0.09688602 -0.11109987 -0.16481074
v 0.10277027 -0.09877200 -0.14475495
v 0.08562902 -0.05584157 -0.16345283
v 0.08395095 -0.08217905 -0.16481074
v 0.09472220 -0.07837029 -0.14958674
v 0.09372493 -0.06010297 -0.14835027
v 0.11130410 -0.05716268 -0.15438909
v 0.10097077 -0.04719734 -0.16853854
v 0.08562902 -0.05584157 -0.16345283
v 0.09372493 -0.06010297 -0.14835027
v 0.12963031 -0.04252747 -0.16481074
v 0.10097077 -0.04719734 -0.16853854
v 0.11130410 -0.05716268 -0.15438909
v 0.12829081 -0.04967396 -0.14837235
v 0.01859484 -0.08532542 -0.16531489
v -0.00483179 -0.08403007 -0.15440013
v -0.00296237 -0.09742881 -0.14184042
v 0.02319480 -0.09179847 -0.13102134
v 0.03078655 -0.11500063 -0.14475127
v 0.02675700 -0.10950644 -0.16428083
v 0.01859484 -0.08532542 -0.16531489
v 0.02319480 -0.09179847 -0.13102134
v 0.00882087 -0.13734167 -0.19403331
v 0.02559413 -0.10518985 -0.18016722
v 0.02675700 -0.10950644 -0.16428083
v 0.01410161 -0.16704264 -0.18255183
v 0.00845287 -0.14850667 -0.15578747
v 0.01410161 -0.16704264 -0.18255183
v 0.02675700 -0.10950644 -0.16428083
v 0.01648255 -0.12728802 -0.15646459
v -0.01790301 -0.14416432 -0.17479447
v -0.01781469 -0.12124552 -0.19221541
v 0.00882087 -0.13734167 -0.19403331
v 0.01410161 -0.16704264 -0.18255183
v -0.01790301 -0.14416432 -0.17479447
v 0.01410161 -0.16704264 -0.18255183
v 0.00845287 -0.14850667 -0.15578747
v -0.02667972 -0.13899397 -0.15068705
v -0.02369527 -0.09824208 -0.15786665
v -0.03308285 -0.12193735 -0.16725423
v -0.02667972 -0.13899397 -0.15068705
v -0.02603941 -0.10446122 -0.13853214
v -0.00296237 -0.09742881 -0.14184042
v -0.00483179 -0.08403007 -0.15440013
v -0.02369527 -0.09824208 -0.15786665
v -0.02603941 -0.10446122 -0.13853214
v 0.11276873 0.09000633 -0.15026017
v 0.11160218 0.07946692 -0.16690464
v 0.12260895 0.10927461 -0.16426979
v 0.11797587 0.11505950 -0.14648821
v 0.07635919 0.08203921 -0.18270271
v 0.10120261 0.07220268 -0.18465677
v 0.11160218 0.07946692 -0.16690464
v 0.07404450 0.06605346 -0.16498002
v 0.07953500 0.09082328 -0.14688565
v 0.07404450 0.06605346 -0.16498002
v 0.11160218 0.07946692 -0.16690464
v 0.11276873 0.09000633 -0.15026017
v 0.11206218 0.13217868 -0.16518610
v 0.10496721 0.12152152 -0.18482237
v 0.07389730 0.11232529 -0.17784516
v 0.08710836 0.12523092 -0.14924450
v -0.09345261 0.03413348 -0.14994738
v -0.07630767 0.02697964 -0.15681418
v -0.08312296 0.04725254 -0.15881608
v -0.09107536 0.04835285 -0.14723893
v -0.07929948 0.03188502 -0.17329673
v -0.08295736 0.05377343 -0.17670437
v -0.08312296 0.04725254 -0.15881608
v -0.07630767 0.02697964 -0.15681418
v -0.09074416 0.01019901 -0.16092470
v -0.07630767 0.02697964 -0.15681418
v -0.09345261 0.03413348 -0.14994738
v -0.10056230 0.01782021 -0.14675317
v -0.09165311 0.01943203 -0.18021506
v -0.07929948 0.03188502 -0.17329673
v -0.07630767 0.02697964 -0.15681418
v -0.09074416 0.01019901 -0.16092470
v -0.11284601 0.01790117 -0.16796079
v -0.09074416 0.01019901 -0.16092470
v -0.10056230 0.01782021 -0.14675317
v -0.12086832 0.02229136 -0.15301646
v -0.13364147 0.05375135 -0.15515084
v -0.14122955 0.05973865 -0.17638790
v -0.13439954 0.03118215 -0.17416152
v -0.12086832 0.02229136 -0.15301646
v -0.11938530 0.08096834 -0.16906109
v -0.14122955 0.05973865 -0.17638790
v -0.13364147 0.05375135 -0.15515084
v -0.11919026 0.06825776 -0.15042209
v -0.09549867 0.06245078 -0.16295604
v -0.08295736 0.05377343 -0.17670437
v -0.10351363 0.05561341 -0.17639526
v -0.11938530 0.08096834 -0.16906109
v -0.09549867 0.06245078 -0.16295604
v -0.11938530 0.08096834 -0.16906109
v -0.11919026 0.06825776 -0.15042209
v -0.09107536 0.04835285 -0.14723893
v 0.05109626 0.01461129 -0.16556513
v 0.03710137 0.03295589 -0.16630112
v 0.03739209 0.01567847 -0.14859683
v 0.05323432 0.01103068 -0.14930706
v 0.01983499 0.02211105 -0.16501682
v 0.01739150 0.00675089 -0.14442007
v 0.03739209 0.01567847 -0.14859683
v 0.03710137 0.03295589 -0.16630112
v 0.03785944 0.02522429 -0.19087222
v 0.03710137 0.03295589 -0.16630112
v 0.05109626 0.01461129 -0.16556513
v 0.05728964 0.01642551 -0.18525292
v 0.01669598 0.01344474 -0.18456845
v 0.01983499 0.02211105 -0.16501682
v 0.03710137 0.03295589 -0.16630112
v 0.03785944 0.02522429 -0.19087222
v 0.03819432 -0.00297525 -0.19388611
v 0.03785944 0.02522429 -0.19087222
v 0.05728964 0.01642551 -0.18525292
v 0.05781955 -0.00816031 -0.19070295
v 0.06016368 -0.03684561 -0.16407475
v 0.03930198 -0.05439903 -0.16445378
v 0.03925047 -0.03303685 -0.19072871
v 0.05781955 -0.00816031 -0.19070295
v 0.03938662 -0.04032317 -0.13143349
v 0.03930198 -0.05439903 -0.16445378
v 0.06016368 -0.03684561 -0.16407475
v 0.06009009 -0.02779659 -0.14177050
v 0.03735529 -0.00542978 -0.13899949
v 0.01739150 0.00675089 -0.14442007
v 0.02533653 -0.01462601 -0.15173216
v 0.03938662 -0.04032317 -0.13143349
v 0.03735529 -0.00542978 -0.13899949
v 0.03938662 -0.04032317 -0.13143349
v 0.06009009 -0.02779659 -0.14177050
v 0.05323432 0.01103068 -0.14930706
v 0.15939752 0.01383113 -0.13784030
v 0.15861001 -0.01213467 -0.12992839
v 0.17746245 -0.03071480 -0.14504199
v 0.17409160 0.00839215 -0.16024023
v 0.15939752 0.02067586 -0.19853022
v 0.15939752 0.02146337 -0.16481074
v 0.17409160 0.00839215 -0.16024023
v 0.18144048 0.01021373 -0.18821529
v 0.14418824 0.00204422 -0.18016354
v 0.13820094 0.00818239 -0.15309006
v 0.15939752 0.02146337 -0.16481074
v 0.15939752 0.02067586 -0.19853022
v 0.15939752 -0.01352938 -0.20125339
v 0.14337497 -0.01352938 -0.18788042
v 0.14418824 0.00204422 -0.18016354
v 0.15939752 0.02067586 -0.19853022
v 0.17612662 -0.01352938 -0.18905800
v 0.15939752 -0.01352938 -0.20125339
v 0.15939752 0.02067586 -0.19853022
v 0.18144048 0.01021373 -0.18821529
v 0.16089158 -0.03982638 -0.19019143
v 0.15939752 -0.01352938 -0.20125339
v 0.17612662 -0.01352938 -0.18905800
v 0.17748821 -0.03254742 -0.18355646
v 0.17084956 -0.02920233 -0.16481074
v 0.15530172 -0.04311258 -0.17166651
v 0.16089158 -0.03982638 -0.19019143
v 0.17748821 -0.03254742 -0.18355646
v 0.15939752 -0.03753008 -0.14115227
v 0.15530172 -0.04311258 -0.17166651
v 0.17084956 -0.02920233 -0.16481074
v 0.17746245 -0.03071480 -0.14504199
v 0.12845272 0.10921573 -0.13843278
v 0.12768361 0.08382399 -0.13069750
v 0.14611654 0.06565603 -0.14547622
v 0.14281929 0.10389818 -0.16033959
v 0.12845272 0.11591326 -0.19778687
v 0.12845272 0.11668237 -0.16481074
v 0.14281929 0.10389818 -0.16033959
v 0.15000626 0.10567928 -0.18770010
v 0.11357832 0.09769009 -0.17982498
v 0.10771982 0.10369578 -0.15334766
v 0.12845272 0.11668237 -0.16481074
v 0.12845272 0.11591326 -0.19778687
v 0.12845272 0.08245873 -0.20045116
v 0.11278345 0.08245873 -0.18736890
v 0.11357832 0.09769009 -0.17982498
v 0.12845272 0.11591326 -0.19778687
v 0.14481383 0.08245873 -0.18852073
v 0.12845272 0.08245873 -0.20045116
v 0.12845272 0.11591326 -0.19778687
v 0.15000626 0.10567928 -0.18770010
v 0.12991367 0.05674316 -0.18962840
v 0.12845272 0.08245873 -0.20045116
v 0.14481383 0.08245873 -0.18852073
v 0.14614230 0.06386389 -0.18314431
v 0.13965085 0.06713537 -0.16481074
v 0.12444525 0.05353055 -0.17151563
v 0.12991367 0.05674316 -0.18962840
v 0.14614230 0.06386389 -0.18314431
v 0.12845272 0.05898794 -0.14167114
v 0.12444525 0.05353055 -0.17151563
v 0.13965085 0.06713537 -0.16481074
v 0.14611654 0.06565603 -0.14547622
v 0.01412737 -0.03505347 -0.14127003
v 0.01343922 -0.05771467 -0.13436642
v 0.02989232 -0.07392858 -0.14755540
v 0.02694836 -0.03979694 -0.16082166
v 0.01412737 -0.02907721 -0.19423939
v 0.01412737 -0.02839274 -0.16481074
v 0.02694836 -0.03979694 -0.16082166
v 0.03336253 -0.03821088 -0.18523820
v 0.00085375 -0.04533896 -0.17820948
v -0.00437547 -0.03998094 -0.15458045
v 0.01412737 -0.02839274 -0.16481074
v 0.01412737 -0.02907721 -0.19423939
v 0.01412737 -0.05893274 -0.19661664
v 0.00013984 -0.05893274 -0.18494381
v 0.00085375 -0.04533896 -0.17820948
v 0.01412737 -0.02907721 -0.19423939
v 0.02872578 -0.05893274 -0.18597052
v 0.01412737 -0.05893274 -0.19661664
v 0.01412737 -0.02907721 -0.19423939
v 0.03336253 -0.03821088 -0.18523820
v 0.01543008 -0.08188098 -0.18696043
v 0.01412737 -0.05893274 -0.19661664
v 0.02872578 -0.05893274 -0.18597052
v 0.02991440 -0.07552936 -0.18117185
v 0.02411847 -0.07261115 -0.16481074
v 0.01055045 -0.08475135 -0.17079436
v 0.01543008 -0.08188098 -0.18696043
v 0.02991440 -0.07552936 -0.18117185
v 0.01412737 -0.07987908 -0.14416248
v 0.01055045 -0.08475135 -0.17079436
v 0.02411847 -0.07261115 -0.16481074
v 0.02989232 -0.07392858 -0.14755540
v 0.07694799 0.16522474 -0.16508674
v 0.05631445 0.17038772 -0.17680373
v 0.05957857 0.16395515 -0.13905469
v 0.08162522 0.15553172 -0.13578321
v 0.03672233 0.13145373 -0.19521826
v 0.03430092 0.16377483 -0.19062567
v 0.05631445 0.17038772 -0.17680373
v 0.05869906 0.13871062 -0.21331631
v 0.08113210 0.12948495 -0.18413054
v 0.05869906 0.13871062 -0.21331631
v 0.05631445 0.17038772 -0.17680373
v 0.07694799 0.16522474 -0.16508674
v 0.05844514 0.13886149 -0.12142400
v 0.03409484 0.13781270 -0.13681360
v 0.04275011 0.11044851 -0.16503154
v 0.07821021 0.11661981 -0.14362888
v -0.03949702 0.04589464 -0.16516770
v -0.06615098 0.05256640 -0.18029970
v -0.06193375 0.04425705 -0.13154389
v -0.03346189 0.03337541 -0.12731562
v -0.09145439 0.00227606 -0.20408696
v -0.09458604 0.04402154 -0.19815487
v -0.06615098 0.05256640 -0.18029970
v -0.06307085 0.01164892 -0.22745840
v -0.03409484 -0.00026680 -0.18976456
v -0.06307085 0.01164892 -0.22745840
v -0.06615098 0.05256640 -0.18029970
v -0.03949702 0.04589464 -0.16516770
v -0.06339837 0.01184395 -0.10877229
v -0.09484732 0.01048973 -0.12864776
v -0.08367128 -0.02485630 -0.16509410
v -0.03787048 -0.01688550 -0.13745391
v 0.07313187 -0.11226273 -0.16509778
v 0.05912962 -0.09533491 -0.17719381
v 0.05790787 -0.10268380 -0.13821566
v 0.07108213 -0.12318854 -0.13483378
v 0.01899964 -0.11572558 -0.19621185
v 0.03677017 -0.08736044 -0.19146838
v 0.05912962 -0.09533491 -0.17719381
v 0.04171972 -0.12314438 -0.21489869
v 0.05473206 -0.14455071 -0.18476349
v 0.04171972 -0.12314438 -0.21489869
v 0.05912962 -0.09533491 -0.17719381
v 0.07313187 -0.11226273 -0.16509778
v 0.04160196 -0.12286102 -0.12000721
v 0.02070714 -0.10882933 -0.13590096
v 0.01115396 -0.13688535 -0.16503890
v 0.04442449 -0.15345990 -0.14294073
v -0.06963958 0.13096430 -0.16586321
v -0.08915442 0.15654739 -0.16688624
v -0.08874962 0.13245468 -0.14219738
v -0.06665514 0.12597059 -0.14318729
v -0.11323608 0.14142643 -0.16509778
v -0.11664373 0.12000537 -0.13637200
v -0.08874962 0.13245468 -0.14219738
v -0.08915442 0.15654739 -0.16688624
v -0.08809827 0.14576510 -0.20115772
v -0.08915442 0.15654739 -0.16688624
v -0.06963958 0.13096430 -0.16586321
v -0.06100272 0.13349243 -0.19332308
v -0.11761524 0.12933775 -0.19236629
v -0.11323608 0.14142643 -0.16509778
v -0.08915442 0.15654739 -0.16688624
v -0.08809827 0.14576510 -0.20115772
v -0.08763459 0.10643736 -0.20535655
v -0.08809827 0.14576510 -0.20115772
v -0.06100272 0.13349243 -0.19332308
v -0.06026304 0.09920623 -0.20091852
v -0.05699524 0.05920137 -0.16378403
v -0.08608901 0.03472227 -0.16431394
v -0.08615525 0.06451524 -0.20095532
v -0.06026304 0.09920623 -0.20091852
v -0.08597125 0.05435119 -0.11826291
v -0.08608901 0.03472227 -0.16431394
v -0.05699524 0.05920137 -0.16378403
v -0.05709828 0.07181996 -0.13267732
v -0.08880114 0.10301867 -0.12881336
v -0.11664373 0.12000537 -0.13637200
v -0.10555969 0.09019033 -0.14656917
v -0.08597125 0.05435119 -0.11826291
v -0.08880114 0.10301867 -0.12881336
v -0.08597125 0.05435119 -0.11826291
v -0.05709828 0.07181996 -0.13267732
v -0.06665514 0.12597059 -0.14318729
v 0.01402801 0.08500894 -0.13337283
v 0.00476923 0.05382127 -0.12062177
v 0.02144313 0.03923391 -0.13241972
v 0.05451126 0.05951049 -0.12830921
v 0.05043755 0.06638834 -0.16481074
v 0.02588485 0.08039795 -0.16506466
v 0.01402801 0.08500894 -0.13337283
v 0.05451126 0.05951049 -0.12830921
v -0.01624335 0.07220268 -0.20680646
v 0.00777208 0.09382613 -0.16605825
v 0.02588485 0.08039795 -0.16506466
v 0.00476923 0.05382127 -0.24012482
v 0.02472566 0.03636354 -0.20447336
v 0.00476923 0.05382127 -0.24012482
v 0.02588485 0.08039795 -0.16506466
v 0.02776163 0.05531534 -0.18084065
v -0.01850652 0.02721883 -0.19965261
v -0.03996070 0.05224625 -0.17869155
v -0.01624335 0.07220268 -0.20680646
v 0.00476923 0.05382127 -0.24012482
v -0.01850652 0.02721883 -0.19965261
v 0.00476923 0.05382127 -0.24012482
v 0.02472566 0.03636354 -0.20447336
v -0.00197246 0.00215094 -0.18072289
v -0.01303810 0.03081047 -0.13429282
v -0.02729059 0.01717622 -0.16481074
v -0.00197246 0.00215094 -0.18072289
v 0.00588794 0.01025789 -0.13321827
v 0.02144313 0.03923391 -0.13241972
v 0.00476923 0.05382127 -0.12062177
v -0.01303810 0.03081047 -0.13429282
v 0.00588794 0.01025789 -0.13321827
v -0.12649498 0.00441411 -0.12517756
v -0.12765049 -0.03373972 -0.11355624
v -0.09995142 -0.06103768 -0.13576113
v -0.10490833 -0.00357508 -0.15809481
v -0.12649498 0.01447513 -0.21436142
v -0.12649498 0.01563063 -0.16481074
v -0.10490833 -0.00357508 -0.15809481
v -0.09410765 -0.00089975 -0.19920366
v -0.14884339 -0.01290746 -0.18736890
v -0.15764586 -0.00388420 -0.14758852
v -0.12649498 0.01563063 -0.16481074
v -0.12649498 0.01447513 -0.21436142
v -0.12649498 -0.03578946 -0.21836153
v -0.15003938 -0.03578946 -0.19870686
v -0.14884339 -0.01290746 -0.18736890
v -0.12649498 0.01447513 -0.21436142
v -0.10191284 -0.03578946 -0.20043644
v -0.12649498 -0.03578946 -0.21836153
v -0.12649498 0.01447513 -0.21436142
v -0.09410765 -0.00089975 -0.19920366
v -0.12430173 -0.07442537 -0.20210347
v -0.12649498 -0.03578946 -0.21836153
v -0.10191284 -0.03578946 -0.20043644
v -0.09991830 -0.06373141 -0.19235525
v -0.10967020 -0.05881498 -0.16481074
v -0.13251540 -0.07925716 -0.17488279
v -0.12430173 -0.07442537 -0.20210347
v -0.09991830 -0.06373141 -0.19235525
v -0.12649498 -0.07105453 -0.13004615
v -0.13251540 -0.07925716 -0.17488279
v -0.10967020 -0.05881498 -0.16481074
v -0.09995142 -0.06103768 -0.13576113
v 0.06578299 0.06640306 -0.16542161
v 0.06219870 0.08466303 -0.16601041
v 0.05625189 0.07205916 -0.15173584
v 0.06605530 0.06305061 -0.15230623
v 0.04584128 0.08297024 -0.16497634
v 0.03859911 0.07272891 -0.14836499
v 0.05625189 0.07205916 -0.15173584
v 0.06219870 0.08466303 -0.16601041
v 0.05999073 0.07879717 -0.18582700
v 0.06219870 0.08466303 -0.16601041
v 0.06578299 0.06640306 -0.16542161
v 0.07090917 0.06550515 -0.18129697
v 0.04048325 0.07782198 -0.18074497
v 0.04584128 0.08297024 -0.16497634
v 0.06219870 0.08466303 -0.16601041
v 0.05999073 0.07879717 -0.18582700
v 0.05018363 0.05827770 -0.18825577
v 0.05999073 0.07879717 -0.18582700
v 0.07090917 0.06550515 -0.18129697
v 0.06253358 0.04753222 -0.18569084
v 0.05400343 0.02594557 -0.16421827
v 0.03265598 0.02068322 -0.16452370
v 0.04023302 0.03615378 -0.18570924
v 0.06253358 0.04753222 -0.18569084
v 0.03773432 0.03083623 -0.13789550
v 0.03265598 0.02068322 -0.16452370
v 0.05400343 0.02594557 -0.16421827
v 0.05717556 0.03251798 -0.14623062
v 0.04870429 0.05680204 -0.14399688
v 0.03859911 0.07272891 -0.14836499
v 0.03672969 0.05443215 -0.15426397
v 0.03773432 0.03083623 -0.13789550
v 0.04870429 0.05680204 -0.14399688
v 0.03773432 0.03083623 -0.13789550
v 0.05717556 0.03251798 -0.14623062
v 0.06605530 0.06305061 -0.15230623
v 0.01389185 0.16171773 -0.13374451
v -0.00978870 0.16926533 -0.12114432
v -0.01755709 0.15875168 -0.13280244
v 0.00210126 0.13576297 -0.12873976
v 0.00636265 0.13818806 -0.16481074
v 0.01247507 0.15398981 -0.16506098
v 0.01389185 0.16171773 -0.13374451
v 0.00210126 0.13576297 -0.12873976
v -0.00000000 0.18250951 -0.20630966
v 0.01918732 0.16551545 -0.16604353
v 0.01247507 0.15398981 -0.16506098
v -0.00978870 0.16926533 -0.23923427
v -0.01908428 0.15667987 -0.20400601
v -0.00978870 0.16926533 -0.23923427
v 0.01247507 0.15398981 -0.16506098
v -0.00510043 0.15382790 -0.18064929
v -0.03241310 0.18598340 -0.19924046
v -0.01795821 0.19923494 -0.17852595
v -0.00000000 0.18250951 -0.20630966
v -0.00978870 0.16926533 -0.23923427
v -0.03241310 0.18598340 -0.19924046
v -0.00978870 0.16926533 -0.23923427
v -0.01908428 0.15667987 -0.20400601
v -0.04767022 0.17602174 -0.18053521
v -0.02899441 0.18216728 -0.13465346
v -0.04095429 0.19229085 -0.16481074
v -0.04767022 0.17602174 -0.18053521
v -0.04065621 0.17041348 -0.13359363
v -0.01755709 0.15875168 -0.13280244
v -0.00978870 0.16926533 -0.12114432
v -0.02899441 0.18216728 -0.13465346
v -0.04065621 0.17041348 -0.13359363
v -0.05454438 -0.02268880 -0.16578225
v -0.07254675 0.00091079 -0.16672432
v -0.07217140 -0.02131249 -0.14395272
v -0.05178809 -0.02729243 -0.14486535
v -0.09475900 -0.01303994 -0.16507570
v -0.09790169 -0.03279765 -0.13857998
v -0.07217140 -0.02131249 -0.14395272
v -0.07254675 0.00091079 -0.16672432
v -0.07157156 -0.00903614 -0.19833519
v -0.07254675 0.00091079 -0.16672432
v -0.05454438 -0.02268880 -0.16578225
v -0.04657727 -0.02035571 -0.19111142
v -0.09879592 -0.02418654 -0.19022823
v -0.09475900 -0.01303994 -0.16507570
v -0.07254675 0.00091079 -0.16672432
v -0.07157156 -0.00903614 -0.19833519
v -0.07114101 -0.04531320 -0.20221386
v -0.07157156 -0.00903614 -0.19833519
v -0.04657727 -0.02035571 -0.19111142
v -0.04589280 -0.05198129 -0.19811807
v -0.04287891 -0.08888394 -0.16386499
v -0.06971686 -0.11146418 -0.16435442
v -0.06977942 -0.08398223 -0.19815119
v -0.04589280 -0.05198129 -0.19811807
v -0.06960646 -0.09335509 -0.12187295
v -0.06971686 -0.11146418 -0.16435442
v -0.04287891 -0.08888394 -0.16386499
v -0.04297459 -0.07724422 -0.13516865
v -0.07221924 -0.04846693 -0.13160645
v -0.09790169 -0.03279765 -0.13857998
v -0.08767875 -0.06029800 -0.14798596
v -0.06960646 -0.09335509 -0.12187295
v -0.07221924 -0.04846693 -0.13160645
v -0.06960646 -0.09335509 -0.12187295
v -0.04297459 -0.07724422 -0.13516865
v -0.05178809 -0.02729243 -0.14486535
v 0.03673705 -0.09189783 -0.15818681
v 0.03075344 -0.08818107 -0.15860633
v 0.03169919 -0.09869472 -0.15471293
v 0.03809128 -0.10072974 -0.15633211
v 0.02507526 -0.08904954 -0.17097835
v 0.02437238 -0.08560878 -0.16226789
v 0.03075344 -0.08818107 -0.15860633
v 0.03144527 -0.08341552 -0.17180635
v 0.03794776 -0.09214807 -0.16985229
v 0.03144527 -0.08341552 -0.17180635
v 0.03075344 -0.08818107 -0.15860633
v 0.03673705 -0.09189783 -0.15818681
v 0.03137167 -0.10675751 -0.15838921
v 0.02431350 -0.10299291 -0.16089158
v 0.02682324 -0.09971775 -0.17181003
v 0.03710137 -0.10428090 -0.16715855
v 0.15442957 0.05147714 -0.14228570
v 0.14555718 0.03622002 -0.14305113
v 0.15247551 0.02323343 -0.15637627
v 0.16357427 0.04826085 -0.15724474
v 0.16273892 0.06676737 -0.17813588
v 0.15946744 0.06074328 -0.15722266
v 0.16357427 0.04826085 -0.15724474
v 0.17122123 0.05230145 -0.17405848
v 0.14667221 0.05794651 -0.17087532
v 0.14222682 0.05794283 -0.15289135
v 0.15946744 0.06074328 -0.15722266
v 0.16273892 0.06676737 -0.17813588
v 0.15300542 0.04885700 -0.18722538
v 0.14244762 0.05128210 -0.17900067
v 0.14667221 0.05794651 -0.17087532
v 0.16273892 0.06676737 -0.17813588
v 0.16131478 0.04132044 -0.17972562
v 0.15300542 0.04885700 -0.18722538
v 0.16273892 0.06676737 -0.17813588
v 0.17122123 0.05230145 -0.17405848
v 0.14501255 0.03210950 -0.18612507
v 0.15300542 0.04885700 -0.18722538
v 0.16131478 0.04132044 -0.17972562
v 0.15595307 0.02959977 -0.18046529
v 0.15118752 0.02988312 -0.16820734
v 0.13892589 0.02853626 -0.17544215
v 0.14501255 0.03210950 -0.18612507
v 0.15595307 0.02959977 -0.18046529
v 0.13973548 0.02443678 -0.15545996
v 0.13892589 0.02853626 -0.17544215
v 0.15118752 0.02988312 -0.16820734
v 0.15247551 0.02323343 -0.15637627
v -0.04003798 0.13260188 -0.13575377
v -0.02050842 0.14430784 -0.13674000
v -0.02023611 0.16328540 -0.15392909
v -0.04836205 0.14193058 -0.15505148
v -0.05894930 0.12050585 -0.18199984
v -0.05150106 0.12526772 -0.15502204
v -0.04836205 0.14193058 -0.15505148
v -0.05951969 0.14212930 -0.17674117
v -0.03530187 0.12045801 -0.17263434
v -0.03028240 0.11769436 -0.14943586
v -0.05150106 0.12526772 -0.15502204
v -0.05894930 0.12050585 -0.18199984
v -0.03679593 0.13467370 -0.19372787
v -0.02637796 0.12535236 -0.18311487
v -0.03530187 0.12045801 -0.17263434
v -0.05894930 0.12050585 -0.18199984
v -0.04148788 0.14835947 -0.18404958
v -0.03679593 0.13467370 -0.19372787
v -0.05894930 0.12050585 -0.18199984
v -0.05951969 0.14212930 -0.17674117
v -0.01733630 0.14861339 -0.19230373
v -0.03679593 0.13467370 -0.19372787
v -0.04148788 0.14835947 -0.18404958
v -0.02812962 0.15826225 -0.18500637
v -0.02292248 0.15497236 -0.16919357
v -0.00823207 0.14885627 -0.17852595
v -0.01733630 0.14861339 -0.19230373
v -0.02812962 0.15826225 -0.18500637
v -0.00659449 0.15399349 -0.15275151
v -0.00823207 0.14885627 -0.17852595
v -0.02292248 0.15497236 -0.16919357
v -0.02023611 0.16328540 -0.15392909
v 0.11084779 0.05616173 -0.16559089
v 0.10987260 0.03148759 -0.16486226
v 0.09070000 0.02021587 -0.18127857
v 0.08941570 0.05838810 -0.17822420
v 0.06019312 0.08068131 -0.16434338
v 0.08972481 0.07099197 -0.16507202
v 0.08941570 0.05838810 -0.17822420
v 0.06549963 0.06854480 -0.18422253
v 0.07084293 0.05907258 -0.15098145
v 0.09635242 0.05601453 -0.14624166
v 0.08972481 0.07099197 -0.16507202
v 0.06019312 0.08068131 -0.16434338
v 0.04746782 0.05221313 -0.16403059
v 0.05943873 0.04810261 -0.14996946
v 0.07084293 0.05907258 -0.15098145
v 0.06019312 0.08068131 -0.16434338
v 0.05769443 0.04846325 -0.17927299
v 0.04746782 0.05221313 -0.16403059
v 0.06019312 0.08068131 -0.16434338
v 0.06549963 0.06854480 -0.18422253
v 0.04908332 0.02628780 -0.16541057
v 0.04746782 0.05221313 -0.16403059
v 0.05769443 0.04846325 -0.17927299
v 0.05668612 0.03048296 -0.18046529
v 0.07412914 0.02758683 -0.17494903
v 0.06430364 0.01777973 -0.16077750
v 0.04908332 0.02628780 -0.16541057
v 0.05668612 0.03048296 -0.18046529
v 0.09241486 0.01318346 -0.16513826
v 0.06430364 0.01777973 -0.16077750
v 0.07412914 0.02758683 -0.17494903
v 0.09070000 0.02021587 -0.18127857
v 0.12591355 -0.01530312 -0.16935549
v 0.13182357 -0.00629089 -0.15496684
v 0.12730826 -0.02523165 -0.15543052
v 0.12992471 -0.02787019 -0.16768479
v 0.11944786 -0.01019533 -0.14585526
v 0.11608069 -0.03009656 -0.14319833
v 0.12730826 -0.02523165 -0.15543052
v 0.13182357 -0.00629089 -0.15496684
v 0.11918658 0.00706737 -0.16382083
v 0.13182357 -0.00629089 -0.15496684
v 0.12591355 -0.01530312 -0.16935549
v 0.12267150 -0.00179766 -0.17805492
v 0.10651648 -0.00029256 -0.15104033
v 0.11944786 -0.01019533 -0.14585526
v 0.13182357 -0.00629089 -0.15496684
v 0.11918658 0.00706737 -0.16382083
v 0.10111797 -0.00234966 -0.17255338
v 0.11918658 0.00706737 -0.16382083
v 0.12267150 -0.00179766 -0.17805492
v 0.10606384 -0.00812719 -0.18654459
v 0.09831016 -0.03785760 -0.18928248
v 0.08000236 -0.04307947 -0.17997954
v 0.08423799 -0.01673094 -0.18072657
v 0.10606384 -0.00812719 -0.18654459
v 0.09962391 -0.05962089 -0.16782463
v 0.08000236 -0.04307947 -0.17997954
v 0.09831016 -0.03785760 -0.18928248
v 0.11123787 -0.04920660 -0.18110561
v 0.11763364 -0.04023854 -0.15877560
v 0.11608069 -0.03009656 -0.14319833
v 0.10346947 -0.03444996 -0.15633211
v 0.09962391 -0.05962089 -0.16782463
v 0.11763364 -0.04023854 -0.15877560
v 0.09962391 -0.05962089 -0.16782463
v 0.11123787 -0.04920660 -0.18110561
v 0.12992471 -0.02787019 -0.16768479
v -0.12157120 0.09446644 -0.16089894
v -0.12472492 0.09764593 -0.15325934
v -0.12560443 0.08860058 -0.15626219
v -0.12034577 0.08811483 -0.15983175
v -0.13216948 0.09546371 -0.15453997
v -0.13368931 0.08569710 -0.15613339
v -0.12560443 0.08860058 -0.15626219
v -0.12472492 0.09764593 -0.15325934
v -0.12655018 0.10515305 -0.15969559
v -0.12472492 0.09764593 -0.15325934
v -0.12157120 0.09446644 -0.16089894
v -0.12011393 0.10175645 -0.16409315
v -0.13526801 0.10104253 -0.16003415
v -0.13216948 0.09546371 -0.15453997
v -0.12472492 0.09764593 -0.15325934
v -0.12655018 0.10515305 -0.15969559
v -0.12967079 0.10174541 -0.16950269
v -0.12655018 0.10515305 -0.15969559
v -0.12011393 0.10175645 -0.16409315
v -0.12288862 0.09978767 -0.17310905
v -0.12380861 0.08575965 -0.17875043
v -0.13339123 0.08310640 -0.18206608
v -0.13241236 0.09584643 -0.17906323
v -0.12288862 0.09978767 -0.17310905
v -0.13012711 0.07359738 -0.17233626
v -0.13339123 0.08310640 -0.18206608
v -0.12380861 0.08575965 -0.17875043
v -0.12170367 0.07926452 -0.17231418
v -0.12743705 0.08183682 -0.16174165
v -0.13368931 0.08569710 -0.15613339
v -0.13349427 0.08490222 -0.16528177
v -0.13012711 0.07359738 -0.17233626
v -0.12743705 0.08183682 -0.16174165
v -0.13012711 0.07359738 -0.17233626
v -0.12170367 0.07926452 -0.17231418
v -0.12034577 0.08811483 -0.15983175
v 0.03691001 -0.08159762 -0.15272575
v 0.04519360 -0.08258753 -0.17005836
v 0.05475414 -0.07249339 -0.16865630
v 0.06291630 -0.07663335 -0.14933282
v 0.05257192 -0.05924921 -0.14366200
v 0.03776008 -0.06343701 -0.14663909
v 0.03691001 -0.08159762 -0.15272575
v 0.06291630 -0.07663335 -0.14933282
v 0.01530128 -0.04267835 -0.15982071
v 0.02570453 -0.06672322 -0.14749652
v 0.03776008 -0.06343701 -0.14663909
v 0.02408903 -0.02034835 -0.15586475
v 0.04432145 -0.03418868 -0.16010039
v 0.02408903 -0.02034835 -0.15586475
v 0.03776008 -0.06343701 -0.14663909
v 0.04374002 -0.05009715 -0.15420509
v 0.02992544 -0.03755952 -0.17958578
v 0.01665550 -0.05480382 -0.17955266
v 0.01530128 -0.04267835 -0.15982071
v 0.02408903 -0.02034835 -0.15586475
v 0.02992544 -0.03755952 -0.17958578
v 0.02408903 -0.02034835 -0.15586475
v 0.04432145 -0.03418868 -0.16010039
v 0.04818541 -0.04138300 -0.18610299
v 0.04262131 -0.07197452 -0.18397598
v 0.03558154 -0.05424447 -0.19086118
v 0.04818541 -0.04138300 -0.18610299
v 0.05729699 -0.06725681 -0.18570924
v 0.05475414 -0.07249339 -0.16865630
v 0.04519360 -0.08258753 -0.17005836
v 0.04262131 -0.07197452 -0.18397598
v 0.05729699 -0.06725681 -0.18570924
v -0.02334199 -0.01430953 -0.14768052
v -0.02425830 -0.03249590 -0.14876979
v -0.00164862 -0.01719094 -0.13869406
v -0.00504891 -0.00018584 -0.14288185
v -0.01518720 -0.04426073 -0.18075969
v -0.02208713 -0.05015603 -0.15823465
v -0.02425830 -0.03249590 -0.14876979
v -0.03591274 -0.03690449 -0.18290511
v -0.02429142 -0.01125148 -0.17785252
v -0.03591274 -0.03690449 -0.18290511
v -0.02425830 -0.03249590 -0.14876979
v -0.02334199 -0.01430953 -0.14768052
v 0.01700142 -0.00784384 -0.14819940
v 0.01732158 -0.02852522 -0.15467245
v 0.00677113 -0.02695020 -0.18290879
v 0.00422460 0.00201846 -0.17087900
v -0.12706538 0.05194817 -0.14938802
v -0.12886120 0.06244342 -0.17150827
v -0.14468135 0.07047678 -0.16971981
v -0.14257641 0.08196929 -0.14506039
v -0.16009671 0.06300277 -0.13782190
v -0.14959778 0.04639879 -0.14162330
v -0.12706538 0.05194817 -0.14938802
v -0.14257641 0.08196929 -0.14506039
v -0.16685312 0.01139132 -0.15844441
v -0.14120379 0.03284181 -0.14271257
v -0.14959778 0.04639879 -0.14162330
v -0.19736368 0.01404089 -0.15339182
v -0.18776634 0.04381914 -0.15879768
v -0.19736368 0.01404089 -0.15339182
v -0.14959778 0.04639879 -0.14162330
v -0.16809326 0.04887908 -0.15127584
v -0.17842292 0.02742491 -0.18366318
v -0.15250495 0.01744486 -0.18362638
v -0.16685312 0.01139132 -0.15844441
v -0.19736368 0.01404089 -0.15339182
v -0.17842292 0.02742491 -0.18366318
v -0.19736368 0.01404089 -0.15339182
v -0.18776634 0.04381914 -0.15879768
v -0.18036226 0.05115698 -0.19197989
v -0.14091307 0.05544781 -0.18926776
v -0.16005623 0.04040045 -0.19805551
v -0.18036226 0.05115698 -0.19197989
v -0.15201183 0.07169116 -0.19148310
v -0.14468135 0.07047678 -0.16971981
v -0.12886120 0.06244342 -0.17150827
v -0.14091307 0.05544781 -0.18926776
v -0.15201183 0.07169116 -0.19148310
v -0.05369431 0.16574729 -0.15554828
v -0.05462534 0.17207314 -0.16883294
v -0.06400924 0.17712205 -0.16775839
v -0.06258878 0.18399254 -0.15294654
v -0.07337107 0.17284961 -0.14860051
v -0.06730281 0.16273340 -0.15088209
v -0.05369431 0.16574729 -0.15554828
v -0.06258878 0.18399254 -0.15294654
v -0.07815501 0.14195634 -0.16098726
v -0.06245262 0.15447557 -0.15154080
v -0.06730281 0.16273340 -0.15088209
v -0.09643706 0.14397664 -0.15795129
v -0.09025473 0.16172141 -0.16119702
v -0.09643706 0.14397664 -0.15795129
v -0.06730281 0.16273340 -0.15088209
v -0.07837213 0.16448138 -0.15668171
v -0.08487462 0.15174504 -0.17613398
v -0.06945559 0.14538974 -0.17610822
v -0.07815501 0.14195634 -0.16098726
v -0.09643706 0.14397664 -0.15795129
v -0.08487462 0.15174504 -0.17613398
v -0.09643706 0.14397664 -0.15795129
v -0.09025473 0.16172141 -0.16119702
v -0.08570629 0.16602329 -0.18112769
v -0.06195951 0.16804359 -0.17949746
v -0.07366546 0.15927792 -0.18477821
v -0.08570629 0.16602329 -0.18112769
v -0.06839576 0.17795372 -0.18082961
v -0.06400924 0.17712205 -0.16775839
v -0.05462534 0.17207314 -0.16883294
v -0.06195951 0.16804359 -0.17949746
v -0.06839576 0.17795372 -0.18082961
v -0.12132096 0.14729964 -0.14287449
v -0.12181775 0.13011791 -0.14362152
v -0.10986156 0.12222439 -0.15659707
v -0.11199962 0.14879739 -0.15744346
v -0.12132096 0.16424587 -0.17778628
v -0.12132096 0.15757042 -0.15742138
v -0.11199962 0.14879739 -0.15744346
v -0.10733711 0.15581139 -0.17381928
v -0.13096614 0.14922426 -0.17071708
v -0.13476754 0.14715613 -0.15320414
v -0.12132096 0.15757042 -0.15742138
v -0.12132096 0.16424587 -0.17778628
v -0.12132096 0.14439616 -0.18664027
v -0.13148501 0.14156259 -0.17862899
v -0.13096614 0.14922426 -0.17071708
v -0.12132096 0.16424587 -0.17778628
v -0.11070795 0.14180914 -0.17933555
v -0.12132096 0.14439616 -0.18664027
v -0.12132096 0.16424587 -0.17778628
v -0.10733711 0.15581139 -0.17381928
v -0.12037153 0.12634963 -0.18556572
v -0.12132096 0.14439616 -0.18664027
v -0.11070795 0.14180914 -0.17933555
v -0.10984316 0.12928991 -0.18005682
v -0.11405672 0.12731378 -0.16811902
v -0.12391901 0.12046169 -0.17516615
v -0.12037153 0.12634963 -0.18556572
v -0.10984316 0.12928991 -0.18005682
v -0.12132096 0.11733004 -0.15570652
v -0.12391901 0.12046169 -0.17516615
v -0.11405672 0.12731378 -0.16811902
v -0.10986156 0.12222439 -0.15659707
v 0.02983712 0.09239094 -0.15104033
v 0.03927623 0.09126488 -0.17079068
v 0.05016891 0.10276843 -0.16919357
v 0.05947185 0.09805072 -0.14717269
v 0.04768494 0.11785996 -0.14071067
v 0.03080495 0.11308705 -0.14410360
v 0.02983712 0.09239094 -0.15104033
v 0.05947185 0.09805072 -0.14717269
v 0.00521450 0.13674552 -0.15912520
v 0.01707134 0.10934085 -0.14507879
v 0.03080495 0.11308705 -0.14410360
v 0.01522768 0.16218877 -0.15461725
v 0.03828264 0.14641645 -0.15944168
v 0.01522768 0.16218877 -0.15461725
v 0.03080495 0.11308705 -0.14410360
v 0.03762024 0.12828897 -0.15272575
v 0.02187737 0.14257825 -0.18164656
v 0.00675641 0.12292358 -0.18160976
v 0.00521450 0.13674552 -0.15912520
v 0.01522768 0.16218877 -0.15461725
v 0.02187737 0.14257825 -0.18164656
v 0.01522768 0.16218877 -0.15461725
v 0.03828264 0.14641645 -0.15944168
v 0.04268755 0.13821750 -0.18907272
v 0.03634698 0.10335723 -0.18664763
v 0.02832466 0.12356390 -0.19449699
v 0.04268755 0.13821750 -0.18907272
v 0.05306872 0.10873365 -0.18862745
v 0.05016891 0.10276843 -0.16919357
v 0.03927623 0.09126488 -0.17079068
v 0.03634698 0.10335723 -0.18664763
v 0.05306872 0.10873365 -0.18862745
v 0.18178272 0.05653708 -0.15817209
v 0.18117185 0.06356949 -0.15859529
v 0.17330409 0.05649660 -0.15468717
v 0.17550839 0.05014867 -0.15631371
v 0.17706869 0.06760641 -0.17099307
v 0.17940547 0.07023390 -0.16226053
v 0.18117185 0.06356949 -0.15859529
v 0.18541484 0.06588050 -0.17182475
v 0.18230895 0.05541469 -0.16986333
v 0.18541484 0.06588050 -0.17182475
v 0.18117185 0.06356949 -0.15859529
v 0.18178272 0.05653708 -0.15817209
v 0.16663968 0.05191873 -0.15837449
v 0.16542161 0.05984169 -0.16088054
v 0.16955421 0.05979753 -0.17182475
v 0.17206762 0.04880916 -0.16716223
v -0.07619360 0.19085198 -0.15442221
v -0.07642911 0.18271559 -0.15477549
v -0.07076565 0.17897675 -0.16092102
v -0.07177764 0.19156222 -0.16132214
v -0.07619360 0.19887798 -0.17095627
v -0.07619360 0.19571689 -0.16131110
v -0.07177764 0.19156222 -0.16132214
v -0.06956967 0.19488522 -0.16907581
v -0.08076411 0.19176461 -0.16760751
v -0.08256361 0.19078575 -0.15931288
v -0.07619360 0.19571689 -0.16131110
v -0.07619360 0.19887798 -0.17095627
v -0.07619360 0.18947568 -0.17515143
v -0.08100698 0.18813617 -0.17135371
v -0.08076411 0.19176461 -0.16760751
v -0.07619360 0.19887798 -0.17095627
v -0.07116677 0.18825393 -0.17168859
v -0.07619360 0.18947568 -0.17515143
v -0.07619360 0.19887798 -0.17095627
v -0.06956967 0.19488522 -0.16907581
v -0.07574464 0.18093081 -0.17463992
v -0.07619360 0.18947568 -0.17515143
v -0.07116677 0.18825393 -0.17168859
v -0.07075829 0.18232183 -0.17203082
v -0.07275283 0.18138712 -0.16637840
v -0.07742270 0.17814140 -0.16971245
v -0.07574464 0.18093081 -0.17463992
v -0.07075829 0.18232183 -0.17203082
v -0.07619360 0.17665837 -0.16049783
v -0.07742270 0.17814140 -0.16971245
v -0.07275283 0.18138712 -0.16637840
v -0.07076565 0.17897675 -0.16092102
v 0.08816819 -0.12687586 -0.14430232
v 0.07367282 -0.13381995 -0.14499783
v 0.07223396 -0.14714141 -0.15713066
v 0.09340477 -0.13398187 -0.15792185
v 0.10225508 -0.11961898 -0.17694357
v 0.09670570 -0.12247831 -0.15789977
v 0.09340477 -0.13398187 -0.15792185
v 0.10123205 -0.13485402 -0.17323049
v 0.08564006 -0.11803291 -0.17033436
v 0.08229129 -0.11575870 -0.15395853
v 0.09670570 -0.12247831 -0.15789977
v 0.10225508 -0.11961898 -0.17694357
v 0.08575413 -0.12811969 -0.18522348
v 0.07904557 -0.12088488 -0.17773108
v 0.08564006 -0.11803291 -0.17033436
v 0.10225508 -0.11961898 -0.17694357
v 0.08815347 -0.13804822 -0.17838980
v 0.08575413 -0.12811969 -0.18522348
v 0.10225508 -0.11961898 -0.17694357
v 0.10123205 -0.13485402 -0.17323049
v 0.07115941 -0.13663512 -0.18421885
v 0.08575413 -0.12811969 -0.18522348
v 0.08815347 -0.13804822 -0.17838980
v 0.07811454 -0.14412752 -0.17906691
v 0.07467009 -0.14147427 -0.16790559
v 0.06474892 -0.13621192 -0.17449272
v 0.07115941 -0.13663512 -0.18421885
v 0.07811454 -0.14412752 -0.17906691
v 0.06325853 -0.13971156 -0.15629899
v 0.06474892 -0.13621192 -0.17449272
v 0.07467009 -0.14147427 -0.16790559
v 0.07223396 -0.14714141 -0.15713066
v -0.08892626 -0.08597677 -0.15742506
v -0.09487676 -0.07998212 -0.14300329
v -0.09653642 -0.09704978 -0.14867411
v -0.08661525 -0.09796977 -0.15541212
v -0.10893053 -0.08409631 -0.14542470
v -0.11180458 -0.10253292 -0.14843123
v -0.09653642 -0.09704978 -0.14867411
v -0.09487676 -0.07998212 -0.14300329
v -0.09832856 -0.06580323 -0.15515084
v -0.09487676 -0.07998212 -0.14300329
v -0.08892626 -0.08597677 -0.15742506
v -0.08617365 -0.07221372 -0.16345283
v -0.11478167 -0.07356794 -0.15579851
v -0.10893053 -0.08409631 -0.14542470
v -0.09487676 -0.07998212 -0.14300329
v -0.09832856 -0.06580323 -0.15515084
v -0.10422018 -0.07223948 -0.17367209
v -0.09832856 -0.06580323 -0.15515084
v -0.08617365 -0.07221372 -0.16345283
v -0.09141759 -0.07593048 -0.18047633
v -0.09315086 -0.10241516 -0.19112614
v -0.11123787 -0.10742727 -0.19738576
v -0.10939420 -0.08337872 -0.19171862
v -0.09141759 -0.07593048 -0.18047633
v -0.10507761 -0.12537444 -0.17901907
v -0.11123787 -0.10742727 -0.19738576
v -0.09315086 -0.10241516 -0.19112614
v -0.08917650 -0.11467679 -0.17897491
v -0.09999926 -0.10982660 -0.15901848
v -0.11180458 -0.10253292 -0.14843123
v -0.11143658 -0.10403802 -0.16570129
v -0.10507761 -0.12537444 -0.17901907
v -0.09999926 -0.10982660 -0.15901848
v -0.10507761 -0.12537444 -0.17901907
v -0.08917650 -0.11467679 -0.17897491
v -0.08661525 -0.09796977 -0.15541212
v -0.01474928 -0.06328613 -0.14910467
v -0.02673492 -0.07224316 -0.14691877
v -0.03088959 -0.08193985 -0.16020343
v -0.01435921 -0.06579587 -0.16412627
v -0.01510256 -0.04730038 -0.17921411
v -0.01274739 -0.05486270 -0.16213541
v -0.01435921 -0.06579587 -0.16412627
v -0.01301234 -0.06187303 -0.17975874
v -0.02721331 -0.05055715 -0.16795343
v -0.02446806 -0.05255169 -0.15247183
v -0.01274739 -0.05486270 -0.16213541
v -0.01510256 -0.04730038 -0.17921411
v -0.03136431 -0.05649292 -0.18320687
v -0.03523563 -0.05290864 -0.17285513
v -0.02721331 -0.05055715 -0.16795343
v -0.01510256 -0.04730038 -0.17921411
v -0.02578181 -0.06628162 -0.18080753
v -0.03136431 -0.05649292 -0.18320687
v -0.01510256 -0.04730038 -0.17921411
v -0.01301234 -0.06187303 -0.17975874
v -0.04265443 -0.06722369 -0.17996850
v -0.03136431 -0.05649292 -0.18320687
v -0.02578181 -0.06628162 -0.18080753
v -0.03401756 -0.07357898 -0.17979186
v -0.03326685 -0.07418618 -0.16858270
v -0.04473729 -0.07011614 -0.16961309
v -0.04265443 -0.06722369 -0.17996850
v -0.03401756 -0.07357898 -0.17979186
v -0.03912167 -0.07726998 -0.15470189
v -0.04473729 -0.07011614 -0.16961309
v -0.03326685 -0.07418618 -0.16858270
v -0.03088959 -0.08193985 -0.16020343
v -0.04178964 -0.12871216 -0.15678842
v -0.05093434 -0.12952911 -0.14111915
v -0.03781160 -0.14276225 -0.14727940
v -0.03016096 -0.13510057 -0.15459885
v -0.05724548 -0.14413488 -0.14374664
v -0.04382098 -0.15932944 -0.14701445
v -0.03781160 -0.14276225 -0.14727940
v -0.05093434 -0.12952911 -0.14111915
v -0.06518315 -0.12257399 -0.15431549
v -0.05093434 -0.12952911 -0.14111915
v -0.04178964 -0.12871216 -0.15678842
v -0.05138698 -0.11686269 -0.16333876
v -0.07010694 -0.14172082 -0.15501836
v -0.05724548 -0.14413488 -0.14374664
v -0.05093434 -0.12952911 -0.14111915
v -0.06518315 -0.12257399 -0.15431549
v -0.06388781 -0.13196525 -0.17443752
v -0.06518315 -0.12257399 -0.15431549
v -0.05138698 -0.11686269 -0.16333876
v -0.05191689 -0.12382517 -0.18183056
v -0.03097791 -0.14365280 -0.19340404
v -0.03933878 -0.16225133 -0.20020093
v -0.05816547 -0.14402080 -0.19404803
v -0.05191689 -0.12382517 -0.18183056
v -0.02005579 -0.16955605 -0.18024450
v -0.03933878 -0.16225133 -0.20020093
v -0.03097791 -0.14365280 -0.19340404
v -0.01796557 -0.14883787 -0.18020034
v -0.02953169 -0.15451973 -0.15851801
v -0.04382098 -0.15932944 -0.14701445
v -0.04230851 -0.16006543 -0.16577489
v -0.02005579 -0.16955605 -0.18024450
v -0.02953169 -0.15451973 -0.15851801
v -0.02005579 -0.16955605 -0.18024450
v -0.01796557 -0.14883787 -0.18020034
v -0.03016096 -0.13510057 -0.15459885
v -0.01524976 0.00758992 -0.15652347
v -0.01406849 0.01631511 -0.15705338
v -0.02558309 0.00986046 -0.15217743
v -0.02463734 0.00152534 -0.15420509
v -0.01795821 0.02235392 -0.17252394
v -0.01439233 0.02491518 -0.16162757
v -0.01406849 0.01631511 -0.15705338
v -0.00826887 0.01796741 -0.17356169
v -0.01491488 0.00607746 -0.17111819
v -0.00826887 0.01796741 -0.17356169
v -0.01406849 0.01631511 -0.15705338
v -0.01524976 0.00758992 -0.15652347
v -0.03495227 0.00611426 -0.15677738
v -0.03426780 0.01609431 -0.15990903
v -0.02924465 0.01490568 -0.17356537
v -0.02919681 0.00084087 -0.16774367
v -0.03928727 0.15400453 -0.15869832
v -0.03960374 0.16098910 -0.14676053
v -0.05011003 0.15144328 -0.15145248
v -0.04453489 0.14536398 -0.15703130
v -0.05050747 0.16628088 -0.14876243
v -0.06252254 0.15656947 -0.15125008
v -0.05011003 0.15144328 -0.15145248
v -0.03960374 0.16098910 -0.14676053
v -0.03383724 0.17160211 -0.15681418
v -0.03960374 0.16098910 -0.14676053
v -0.03928727 0.15400453 -0.15869832
v -0.02994752 0.16091182 -0.16368835
v -0.04824429 0.17599230 -0.15734778
v -0.05050747 0.16628088 -0.14876243
v -0.03960374 0.16098910 -0.14676053
v -0.03383724 0.17160211 -0.15681418
v -0.04102789 0.17093235 -0.17214490
v -0.03383724 0.17160211 -0.15681418
v -0.02994752 0.16091182 -0.16368835
v -0.03522827 0.16154845 -0.17777892
v -0.05101898 0.14627294 -0.18659243
v -0.06489611 0.15325382 -0.19177381
v -0.05039339 0.16698008 -0.18708554
v -0.03522827 0.16154845 -0.17777892
v -0.07109685 0.13882101 -0.17656822
v -0.06489611 0.15325382 -0.19177381
v -0.05101898 0.14627294 -0.18659243
v -0.05539813 0.13653944 -0.17653510
v -0.05933569 0.14553326 -0.16001575
v -0.06252254 0.15656947 -0.15125008
v -0.06313341 0.15544340 -0.16554673
v -0.07109685 0.13882101 -0.17656822
v -0.05933569 0.14553326 -0.16001575
v -0.07109685 0.13882101 -0.17656822
v -0.05539813 0.13653944 -0.17653510
v -0.04453489 0.14536398 -0.15703130
v 0.06872695 0.00734704 -0.15848489
v 0.06220974 0.00419332 -0.14612758
v 0.07557904 -0.00190438 -0.15098513
v 0.07908604 0.00587874 -0.15675898
v 0.06163199 -0.00833695 -0.14820307
v 0.07576672 -0.01579991 -0.15077905
v 0.07557904 -0.00190438 -0.15098513
v 0.06220974 0.00419332 -0.14612758
v 0.04976411 0.00534882 -0.15653451
v 0.06220974 0.00419332 -0.14612758
v 0.06872695 0.00734704 -0.15848489
v 0.05834210 0.01340794 -0.16364787
v 0.05147162 -0.01014749 -0.15709018
v 0.06163199 -0.00833695 -0.14820307
v 0.06220974 0.00419332 -0.14612758
v 0.04976411 0.00534882 -0.15653451
v 0.05333736 -0.00121623 -0.17240250
v 0.04976411 0.00534882 -0.15653451
v 0.05834210 0.01340794 -0.16364787
v 0.05989505 0.00812719 -0.17823156
v 0.08086715 -0.00065687 -0.18735418
v 0.07989196 -0.01670518 -0.19271588
v 0.06091808 -0.00851359 -0.18786202
v 0.05989505 0.00812719 -0.17823156
v 0.09614634 -0.01671254 -0.17698037
v 0.07989196 -0.01670518 -0.19271588
v 0.08086715 -0.00065687 -0.18735418
v 0.09191071 -0.00084823 -0.17694357
v 0.08496662 -0.00826703 -0.15985015
v 0.07576672 -0.01579991 -0.15077905
v 0.07708783 -0.01592135 -0.16557249
v 0.09614634 -0.01671254 -0.17698037
v 0.08496662 -0.00826703 -0.15985015
v 0.09614634 -0.01671254 -0.17698037
v 0.09191071 -0.00084823 -0.17694357
v 0.07908604 0.00587874 -0.15675898
v 0.12514812 -0.01529944 -0.15200079
v 0.13392851 -0.01634823 -0.17037484
v 0.14405944 -0.00565058 -0.16888814
v 0.15271103 -0.01003709 -0.14840547
v 0.14174842 0.00838847 -0.14239610
v 0.12604971 0.00395044 -0.14555350
v 0.12514812 -0.01529944 -0.15200079
v 0.15271103 -0.01003709 -0.14840547
v 0.10224772 0.02595293 -0.15952264
v 0.11327288 0.00046552 -0.14645877
v 0.12604971 0.00395044 -0.14555350
v 0.11155802 0.04961508 -0.15532748
v 0.13300116 0.03494675 -0.15981703
v 0.11155802 0.04961508 -0.15532748
v 0.12604971 0.00395044 -0.14555350
v 0.13238660 0.01808885 -0.15357214
v 0.11774404 0.03137719 -0.18046897
v 0.10367923 0.01309882 -0.18043585
v 0.10224772 0.02595293 -0.15952264
v 0.11155802 0.04961508 -0.15532748
v 0.11774404 0.03137719 -0.18046897
v 0.11155802 0.04961508 -0.15532748
v 0.13300116 0.03494675 -0.15981703
v 0.13709695 0.02732187 -0.18737626
v 0.13120165 -0.00510227 -0.18512045
v 0.12374237 0.01369130 -0.19242149
v 0.13709695 0.02732187 -0.18737626
v 0.14675317 -0.00010120 -0.18696043
v 0.14405944 -0.00565058 -0.16888814
v 0.13392851 -0.01634823 -0.17037484
v 0.13120165 -0.00510227 -0.18512045
v 0.14675317 -0.00010120 -0.18696043
v 0.16640048 0.07581640 -0.14405944
v 0.15448845 0.08688572 -0.14476599
v 0.14141723 0.08330144 -0.15704234
v 0.16165333 0.06825408 -0.15784089
v 0.17845236 0.06525123 -0.17708341
v 0.17370521 0.06941327 -0.15781881
v 0.16165333 0.06825408 -0.15784089
v 0.16373619 0.06056296 -0.17332985
v 0.17378616 0.08147986 -0.17039692
v 0.17468776 0.08546894 -0.15382974
v 0.17370521 0.06941327 -0.15781881
v 0.17845236 0.06525123 -0.17708341
v 0.16433234 0.07762694 -0.18545900
v 0.16865630 0.08662445 -0.17788196
v 0.17378616 0.08147986 -0.17039692
v 0.17845236 0.06525123 -0.17708341
v 0.15587579 0.07169116 -0.17854803
v 0.16433234 0.07762694 -0.18545900
v 0.17845236 0.06525123 -0.17708341
v 0.16373619 0.06056296 -0.17332985
v 0.15090785 0.08820683 -0.18444333
v 0.16433234 0.07762694 -0.18545900
v 0.15587579 0.07169116 -0.17854803
v 0.14643301 0.07888549 -0.17923251
v 0.14765476 0.08311008 -0.16794239
v 0.14893171 0.09440388 -0.17460312
v 0.15090785 0.08820683 -0.18444333
v 0.14643301 0.07888549 -0.17923251
v 0.14508247 0.09450692 -0.15619963
v 0.14893171 0.09440388 -0.17460312
v 0.14765476 0.08311008 -0.16794239
v 0.14141723 0.08330144 -0.15704234
v -0.17030124 -0.00570578 -0.14212010
v -0.16125590 -0.02101810 -0.14288921
v -0.14643669 -0.02132721 -0.15631371
v -0.16297076 0.00074887 -0.15718954
v -0.17964834 0.00912446 -0.17823524
v -0.17596838 0.00328437 -0.15716378
v -0.16297076 0.00074887 -0.15718954
v -0.16275732 0.00945934 -0.17412840
v -0.17980658 -0.00934158 -0.17092316
v -0.18199248 -0.01324970 -0.15280303
v -0.17596838 0.00328437 -0.15716378
v -0.17964834 0.00912446 -0.17823524
v -0.16869678 -0.00824863 -0.18739466
v -0.17603094 -0.01633351 -0.17910739
v -0.17980658 -0.00934158 -0.17092316
v -0.17964834 0.00912446 -0.17823524
v -0.15798441 -0.00465331 -0.17983602
v -0.16869678 -0.00824863 -0.18739466
v -0.17964834 0.00912446 -0.17823524
v -0.16275732 0.00945934 -0.17412840
v -0.15791081 -0.02351679 -0.18628331
v -0.16869678 -0.00824863 -0.18739466
v -0.15798441 -0.00465331 -0.17983602
v -0.15032273 -0.01513752 -0.18058305
v -0.15291711 -0.01918548 -0.16823310
v -0.15776729 -0.03062648 -0.17552311
v -0.15791081 -0.02351679 -0.18628331
v -0.15032273 -0.01513752 -0.18058305
v -0.15376718 -0.03193286 -0.15539372
v -0.15776729 -0.03062648 -0.17552311
v -0.15291711 -0.01918548 -0.16823310
v -0.14643669 -0.02132721 -0.15631371
v 0.06396140 0.17919387 -0.14025804
v 0.04506848 0.18284071 -0.14108971
v 0.03419420 0.17105011 -0.15561452
v 0.06393932 0.16862870 -0.15656395
v 0.08268137 0.17614318 -0.17933555
v 0.07531040 0.17734285 -0.15653819
v 0.06393932 0.16862870 -0.15656395
v 0.07084661 0.16221453 -0.17489383
v 0.06782904 0.18950512 -0.17142363
v 0.06622826 0.19407563 -0.15181680
v 0.07531040 0.17734285 -0.15653819
v 0.08268137 0.17614318 -0.17933555
v 0.06075248 0.17971642 -0.18924568
v 0.05945345 0.19145550 -0.18027762
v 0.06782904 0.18950512 -0.17142363
v 0.08268137 0.17614318 -0.17933555
v 0.05598693 0.16845574 -0.18106881
v 0.06075248 0.17971642 -0.18924568
v 0.08268137 0.17614318 -0.17933555
v 0.07084661 0.16221453 -0.17489383
v 0.04064517 0.18192072 -0.18804601
v 0.06075248 0.17971642 -0.18924568
v 0.05598693 0.16845574 -0.18106881
v 0.04199940 0.16975845 -0.18187472
v 0.04057525 0.17476687 -0.16851646
v 0.03477931 0.18689603 -0.17639894
v 0.04064517 0.18192072 -0.18804601
v 0.04199940 0.16975845 -0.18187472
v 0.03085279 0.18459237 -0.15461725
v 0.03477931 0.18689603 -0.17639894
v 0.04057525 0.17476687 -0.16851646
v 0.03419420 0.17105011 -0.15561452
v 0.07676767 -0.08041267 -0.15320046
v 0.07471425 -0.06824304 -0.15393645
v 0.06198895 -0.08167858 -0.14710645
v 0.06672506 -0.09243878 -0.14994738
v 0.06699369 -0.06178103 -0.17562247
v 0.07069941 -0.05687196 -0.16035063
v 0.07471425 -0.06824304 -0.15393645
v 0.08178714 -0.06362101 -0.17707605
v 0.07784222 -0.08230049 -0.17365001
v 0.08178714 -0.06362101 -0.17707605
v 0.07471425 -0.06824304 -0.15393645
v 0.07676767 -0.08041267 -0.15320046
v 0.05101162 -0.09059144 -0.15355006
v 0.04777694 -0.07694983 -0.15794025
v 0.05498966 -0.07644935 -0.17707973
v 0.06091072 -0.09525395 -0.16892494
v -0.08661157 0.00309669 -0.14713957
v -0.09974903 0.01652487 -0.14826195
v -0.10397730 -0.01132140 -0.13786606
v -0.08871282 -0.02065010 -0.14219002
v -0.11501351 0.01788645 -0.18126385
v -0.11464919 0.02724459 -0.15802489
v -0.09974903 0.01652487 -0.14826195
v -0.09492828 0.02844058 -0.18347918
v -0.08362712 0.00167622 -0.17826468
v -0.09492828 0.02844058 -0.18347918
v -0.09974903 0.01652487 -0.14826195
v -0.08661157 0.00309669 -0.14713957
v -0.10995356 -0.03199542 -0.14767684
v -0.12584731 -0.01775765 -0.15435229
v -0.11726932 -0.01086877 -0.18347918
v -0.09353357 -0.02922073 -0.17107035
v -0.03204878 0.06376085 -0.15387022
v -0.03334413 0.07531592 -0.15456573
v -0.04601423 0.06334501 -0.14813316
v -0.04212452 0.05297488 -0.15080849
v -0.04026981 0.08179634 -0.17499687
v -0.03652729 0.08622333 -0.16061190
v -0.03334413 0.07531592 -0.15456573
v -0.02645156 0.07929396 -0.17636582
v -0.03113615 0.06192823 -0.17313849
v -0.02645156 0.07929396 -0.17636582
v -0.03334413 0.07531592 -0.15456573
v -0.03204878 0.06376085 -0.15387022
v -0.05680756 0.05553245 -0.15420509
v -0.05913698 0.06853376 -0.15833769
v -0.05232537 0.06862944 -0.17636582
v -0.04774014 0.05063075 -0.16868574
v -0.12871768 0.10129277 -0.15671483
v -0.13013815 0.11044483 -0.14089835
v -0.14260585 0.09636162 -0.14711381
v -0.13438850 0.08915994 -0.15450317
v -0.14526279 0.11584334 -0.14355160
v -0.15968455 0.10132957 -0.14684885
v -0.14260585 0.09636162 -0.14711381
v -0.13013815 0.11044483 -0.14089835
v -0.12407357 0.12525300 -0.15421981
v -0.13013815 0.11044483 -0.14089835
v -0.12871768 0.10129277 -0.15671483
v -0.11741284 0.11173650 -0.16332404
v -0.14367672 0.12895872 -0.15492636
v -0.14526279 0.11584334 -0.14355160
v -0.13013815 0.11044483 -0.14089835
v -0.12407357 0.12525300 -0.15421981
v -0.13344643 0.12333206 -0.17452584
v -0.12407357 0.12525300 -0.15421981
v -0.11741284 0.11173650 -0.16332404
v -0.12445629 0.11181010 -0.18198880
v -0.14305481 0.08942122 -0.19366899
v -0.16233413 0.09661922 -0.20053212
v -0.14521127 0.11677805 -0.19431667
v -0.12445629 0.11181010 -0.18198880
v -0.16842446 0.07672167 -0.18038802
v -0.16233413 0.09661922 -0.20053212
v -0.14305481 0.08942122 -0.19366899
v -0.14741924 0.07597464 -0.18034386
v -0.15390333 0.08725004 -0.15845913
v -0.15968455 0.10132957 -0.14684885
v -0.16032855 0.09975823 -0.16578593
v -0.16842446 0.07672167 -0.18038802
v -0.15390333 0.08725004 -0.15845913
v -0.16842446 0.07672167 -0.18038802
v -0.14741924 0.07597464 -0.18034386
v -0.13438850 0.08915994 -0.15450317
v 0.09155743 0.17737965 -0.15378926
v 0.08004283 0.17521583 -0.15448845
v 0.09302206 0.16337739 -0.14800436
v 0.10314931 0.16806199 -0.15070177
v 0.07404818 0.16777495 -0.17507415
v 0.06931943 0.17120467 -0.16057878
v 0.08004283 0.17521583 -0.15448845
v 0.07553120 0.18184712 -0.17645414
v 0.09333117 0.17843580 -0.17320105
v 0.07553120 0.18184712 -0.17645414
v 0.08004283 0.17521583 -0.15448845
v 0.09155743 0.17737965 -0.15378926
v 0.10167365 0.15311398 -0.15412413
v 0.08878274 0.14980202 -0.15828617
v 0.08818291 0.15663939 -0.17645414
v 0.10592032 0.16259356 -0.16871518
v -0.07543184 -0.12069721 -0.16098358
v -0.07851565 -0.11758764 -0.15350590
v -0.07937676 -0.12643794 -0.15644251
v -0.07423218 -0.12691634 -0.15993847
v -0.08580197 -0.11972202 -0.15475709
v -0.08729236 -0.12928255 -0.15631739
v -0.07937676 -0.12643794 -0.15644251
v -0.07851565 -0.11758764 -0.15350590
v -0.08030779 -0.11023876 -0.15980231
v -0.07851565 -0.11758764 -0.15350590
v -0.07543184 -0.12069721 -0.16098358
v -0.07400402 -0.11356176 -0.16410787
v -0.08883794 -0.11426463 -0.16013719
v -0.08580197 -0.11972202 -0.15475709
v -0.07851565 -0.11758764 -0.15350590
v -0.08030779 -0.11023876 -0.15980231
v -0.08335848 -0.11357648 -0.16940333
v -0.08030779 -0.11023876 -0.15980231
v -0.07400402 -0.11356176 -0.16410787
v -0.07672351 -0.11549006 -0.17293241
v -0.07762142 -0.12922000 -0.17845236
v -0.08699796 -0.13181805 -0.18169808
v -0.08604485 -0.11935034 -0.17876147
v -0.07672351 -0.11549006 -0.17293241
v -0.08380376 -0.14112467 -0.17217434
v -0.08699796 -0.13181805 -0.18169808
v -0.07762142 -0.12922000 -0.17845236
v -0.07556064 -0.13557897 -0.17215594
v -0.08117258 -0.13306187 -0.16180789
v -0.08729236 -0.12928255 -0.15631739
v -0.08710100 -0.13005903 -0.16527073
v -0.08380376 -0.14112467 -0.17217434
v -0.08117258 -0.13306187 -0.16180789
v -0.08380376 -0.14112467 -0.17217434
v -0.07556064 -0.13557897 -0.17215594
v -0.07423218 -0.12691634 -0.15993847
v 0.12092720 0.10677223 -0.15122800
v 0.13023750 0.10566088 -0.17070972
v 0.14097931 0.11700620 -0.16913469
v 0.15015713 0.11235473 -0.14741556
v 0.13852846 0.13189165 -0.14104187
v 0.12188031 0.12718498 -0.14439064
v 0.12092720 0.10677223 -0.15122800
v 0.15015713 0.11235473 -0.14741556
v 0.09664314 0.15051593 -0.15920248
v 0.10833438 0.12349030 -0.14535111
v 0.12188031 0.12718498 -0.14439064
v 0.10651648 0.17560959 -0.15475709
v 0.12925496 0.16005439 -0.15951528
v 0.10651648 0.17560959 -0.15475709
v 0.12188031 0.12718498 -0.14439064
v 0.12860360 0.14217714 -0.15289135
v 0.11307785 0.15627139 -0.18141472
v 0.09816296 0.13688535 -0.18137792
v 0.09664314 0.15051593 -0.15920248
v 0.10651648 0.17560959 -0.15475709
v 0.11307785 0.15627139 -0.18141472
v 0.10651648 0.17560959 -0.15475709
v 0.12925496 0.16005439 -0.15951528
v 0.13359731 0.15196952 -0.18873785
v 0.12734874 0.11758764 -0.18634955
v 0.11943682 0.13751463 -0.19408851
v 0.13359731 0.15196952 -0.18873785
v 0.14383864 0.12289046 -0.18829993
v 0.14097931 0.11700620 -0.16913469
v 0.13023750 0.10566088 -0.17070972
v 0.12734874 0.11758764 -0.18634955
v 0.14383864 0.12289046 -0.18829993
v 0.18158400 0.03131463 -0.15713434
v 0.17465464 0.03561650 -0.15762378
v 0.17575126 0.02343583 -0.15310846
v 0.18315167 0.02108066 -0.15498524
v 0.16807487 0.03461555 -0.17195722
v 0.16726159 0.03859727 -0.16186309
v 0.17465464 0.03561650 -0.15762378
v 0.17545319 0.04114381 -0.17291769
v 0.18298975 0.03102391 -0.17065452
v 0.17545319 0.04114381 -0.17291769
v 0.17465464 0.03561650 -0.15762378
v 0.18158400 0.03131463 -0.15713434
v 0.17536855 0.01409977 -0.15736986
v 0.16719167 0.01846053 -0.16026967
v 0.17009884 0.02225089 -0.17291769
v 0.18200720 0.01696646 -0.16753023
v 0.14728308 -0.07069021 -0.14899795
v 0.16340867 -0.06593202 -0.15000258
v 0.14316889 -0.05091410 -0.14069963
v 0.12939111 -0.05906890 -0.14456727
v 0.17088636 -0.05443951 -0.17953426
v 0.17813220 -0.05864938 -0.15873880
v 0.16340867 -0.06593202 -0.15000258
v 0.17080908 -0.07474185 -0.18151408
v 0.14490951 -0.07244923 -0.17685157
v 0.17080908 -0.07474185 -0.18151408
v 0.16340867 -0.06593202 -0.15000258
v 0.14728308 -0.07069021 -0.14899795
v 0.12933223 -0.03751904 -0.14947634
v 0.14724997 -0.03092455 -0.15545260
v 0.14910099 -0.04059549 -0.18151776
v 0.12464028 -0.05166481 -0.17041164
v 0.00214174 0.11370896 -0.13576849
v 0.00148302 0.09096312 -0.13675472
v 0.01731422 0.08051571 -0.15393645
v 0.01448433 0.11569614 -0.15505516
v 0.00214174 0.13614936 -0.18199248
v 0.00214174 0.12731010 -0.15502572
v 0.01448433 0.11569614 -0.15505516
v 0.02065562 0.12498068 -0.17673749
v -0.01063141 0.11626285 -0.17263066
v -0.01566191 0.11352496 -0.14944322
v 0.00214174 0.12731010 -0.15502572
v 0.00214174 0.13614936 -0.18199248
v 0.00214174 0.10986708 -0.19371315
v -0.01131588 0.10611720 -0.18310751
v -0.01063141 0.11626285 -0.17263066
v 0.00214174 0.13614936 -0.18199248
v 0.01619551 0.10644472 -0.18404222
v 0.00214174 0.10986708 -0.19371315
v 0.00214174 0.13614936 -0.18199248
v 0.02065562 0.12498068 -0.17673749
v 0.00339660 0.08597309 -0.19229269
v 0.00214174 0.10986708 -0.19371315
v 0.01619551 0.10644472 -0.18404222
v 0.01733630 0.08986649 -0.18499533
v 0.01176116 0.08725372 -0.16919357
v -0.00129903 0.07817893 -0.17851859
v 0.00339660 0.08597309 -0.19229269
v 0.01733630 0.08986649 -0.18499533
v 0.00214174 0.07403530 -0.15275519
v -0.00129903 0.07817893 -0.17851859
v 0.01176116 0.08725372 -0.16919357
v 0.01731422 0.08051571 -0.15393645
v 0.07677503 -0.02537885 -0.13643456
v 0.07613104 -0.04760582 -0.13739871
v 0.09160159 -0.05781771 -0.15418301
v 0.08883426 -0.02343951 -0.15527964
v 0.07677503 -0.00345732 -0.18159872
v 0.07677503 -0.01209051 -0.15525020
v 0.08883426 -0.02343951 -0.15527964
v 0.09486572 -0.01436841 -0.17646150
v 0.06429628 -0.02288752 -0.17245402
v 0.05937985 -0.02556285 -0.14979650
v 0.07677503 -0.01209051 -0.15525020
v 0.07677503 -0.00345732 -0.18159872
v 0.07677503 -0.02913609 -0.19305444
v 0.06362653 -0.03280133 -0.18268799
v 0.06429628 -0.02288752 -0.17245402
v 0.07677503 -0.00345732 -0.18159872
v 0.09050496 -0.03247750 -0.18360062
v 0.07677503 -0.02913609 -0.19305444
v 0.07677503 -0.00345732 -0.18159872
v 0.09486572 -0.01436841 -0.17646150
v 0.07800046 -0.05248177 -0.19166342
v 0.07677503 -0.02913609 -0.19305444
v 0.09050496 -0.03247750 -0.18360062
v 0.09161999 -0.04867669 -0.18453533
v 0.08617365 -0.05123058 -0.16909053
v 0.07341522 -0.06009929 -0.17820580
v 0.07800046 -0.05248177 -0.19166342
v 0.09161999 -0.04867669 -0.18453533
v 0.07677503 -0.06414724 -0.15303118
v 0.07341522 -0.06009929 -0.17820580
v 0.08617365 -0.05123058 -0.16909053
v 0.09160159 -0.05781771 -0.15418301
v -0.03180222 -0.09104040 -0.14002988
v -0.03969942 -0.10878149 -0.14086891
v -0.03059152 -0.12216183 -0.15552988
v -0.02141737 -0.09347653 -0.15648667
v -0.02452326 -0.07333243 -0.17947170
v -0.02738995 -0.08030595 -0.15646091
v -0.02141737 -0.09347653 -0.15648667
v -0.01353490 -0.08814795 -0.17498583
v -0.04105733 -0.08488382 -0.17148619
v -0.04591488 -0.08541374 -0.15169904
v -0.02738995 -0.08030595 -0.15646091
v -0.02452326 -0.07333243 -0.17947170
v -0.03304605 -0.09407637 -0.18947384
v -0.04488817 -0.09267062 -0.18042481
v -0.04105733 -0.08488382 -0.17148619
v -0.02452326 -0.07333243 -0.17947170
v -0.02306600 -0.10133325 -0.18121969
v -0.03304605 -0.09407637 -0.18947384
v -0.02452326 -0.07333243 -0.17947170
v -0.01353490 -0.08814795 -0.17498583
v -0.03980614 -0.11334096 -0.18825945
v -0.03304605 -0.09407637 -0.18947384
v -0.02306600 -0.10133325 -0.18121969
v -0.02754083 -0.11478719 -0.18203664
v -0.03278845 -0.11504111 -0.16854958
v -0.04603999 -0.11797035 -0.17650934
v -0.03980614 -0.11334096 -0.18825945
v -0.02754083 -0.11478719 -0.18203664
v -0.04466737 -0.12235687 -0.15452525
v -0.04603999 -0.11797035 -0.17650934
v -0.03278845 -0.11504111 -0.16854958
v -0.03059152 -0.12216183 -0.15552988
v -0.05422423 0.19516122 -0.14687461
v -0.06066416 0.18266775 -0.14748548
v -0.05463638 0.17262514 -0.15809481
v -0.04682383 0.19297164 -0.15878664
v -0.04823693 0.20765469 -0.17542007
v -0.05059579 0.20273458 -0.15876824
v -0.04682383 0.19297164 -0.15878664
v -0.04090645 0.19649337 -0.17217434
v -0.06065680 0.19998933 -0.16963885
v -0.06418956 0.19980901 -0.15532012
v -0.05059579 0.20273458 -0.15876824
v -0.04823693 0.20765469 -0.17542007
v -0.05525094 0.19301948 -0.18265855
v -0.06374797 0.19452459 -0.17610822
v -0.06065680 0.19998933 -0.16963885
v -0.04823693 0.20765469 -0.17542007
v -0.04833997 0.18736338 -0.17668597
v -0.05525094 0.19301948 -0.18265855
v -0.04823693 0.20765469 -0.17542007
v -0.04090645 0.19649337 -0.17217434
v -0.06092912 0.17937787 -0.18177904
v -0.05525094 0.19301948 -0.18265855
v -0.04833997 0.18736338 -0.17668597
v -0.05213033 0.17782492 -0.17727477
v -0.05593173 0.17785804 -0.16751551
v -0.06562475 0.17629038 -0.17327465
v -0.06092912 0.17937787 -0.18177904
v -0.05213033 0.17782492 -0.17727477
v -0.06481516 0.17306673 -0.15736618
v -0.06562475 0.17629038 -0.17327465
v -0.05593173 0.17785804 -0.16751551
v -0.05463638 0.17262514 -0.15809481
v 0.02531445 -0.13958645 -0.14845699
v 0.01973563 -0.15112312 -0.14901267
v 0.02546533 -0.16013903 -0.15868728
v 0.03211134 -0.14140803 -0.15931656
v 0.03048112 -0.12805713 -0.17448536
v 0.02844610 -0.13259820 -0.15930184
v 0.03211134 -0.14140803 -0.15931656
v 0.03742152 -0.13805926 -0.17152667
v 0.01933820 -0.13533241 -0.16921565
v 0.01612191 -0.13557897 -0.15615547
v 0.02844610 -0.13259820 -0.15930184
v 0.03048112 -0.12805713 -0.17448536
v 0.02442758 -0.14156259 -0.18108721
v 0.01664814 -0.14038868 -0.17511463
v 0.01933820 -0.13533241 -0.16921565
v 0.03048112 -0.12805713 -0.17448536
v 0.03086015 -0.14655629 -0.17564087
v 0.02442758 -0.14156259 -0.18108721
v 0.03048112 -0.12805713 -0.17448536
v 0.03742152 -0.13805926 -0.17152667
v 0.01957003 -0.15412965 -0.18028498
v 0.02442758 -0.14156259 -0.18108721
v 0.03086015 -0.14655629 -0.17564087
v 0.02762915 -0.15533668 -0.17617814
v 0.02416262 -0.15539556 -0.16727631
v 0.01536016 -0.15705154 -0.17253130
v 0.01957003 -0.15412965 -0.18028498
v 0.02762915 -0.15533668 -0.17617814
v 0.01617343 -0.15997711 -0.15802121
v 0.01536016 -0.15705154 -0.17253130
v 0.02416262 -0.15539556 -0.16727631
v 0.02546533 -0.16013903 -0.15868728
v -0.03892295 0.20505295 -0.15882712
v -0.04003430 0.20107492 -0.16740879
v -0.03582074 0.19563225 -0.16671696
v -0.03846663 0.19194861 -0.15714538
v -0.02917473 0.19569481 -0.15433757
v -0.03009840 0.20326081 -0.15581323
v -0.03892295 0.20505295 -0.15882712
v -0.03846663 0.19194861 -0.15714538
v -0.01823789 0.21267415 -0.16234149
v -0.03079391 0.20940635 -0.15623643
v -0.03009840 0.20326081 -0.15581323
v -0.00797816 0.20667950 -0.16038007
v -0.01628751 0.19782919 -0.16247764
v -0.00797816 0.20667950 -0.16038007
v -0.03009840 0.20326081 -0.15581323
v -0.02402647 0.19931958 -0.15955944
v -0.01684318 0.20513023 -0.17212650
v -0.02427670 0.21293175 -0.17211178
v -0.01823789 0.21267415 -0.16234149
v -0.00797816 0.20667950 -0.16038007
v -0.01684318 0.20513023 -0.17212650
v -0.00797816 0.20667950 -0.16038007
v -0.01628751 0.19782919 -0.16247764
v -0.02009995 0.19648601 -0.17535383
v -0.03464683 0.20152755 -0.17430136
v -0.02543589 0.20362881 -0.17770900
v -0.02009995 0.19648601 -0.17535383
v -0.03345085 0.19398731 -0.17515879
v -0.03582074 0.19563225 -0.16671696
v -0.04003430 0.20107492 -0.16740879
v -0.03464683 0.20152755 -0.17430136
v -0.03345085 0.19398731 -0.17515879
v -0.04103893 0.07905477 -0.15292447
v -0.03289149 0.07808326 -0.16997373
v -0.02349287 0.08800811 -0.16859374
v -0.01546320 0.08394175 -0.14959042
v -0.02563829 0.10103517 -0.14401160
v -0.04020358 0.09691730 -0.14694085
v -0.04103893 0.07905477 -0.15292447
v -0.01546320 0.08394175 -0.14959042
v -0.06228702 0.11733372 -0.15990535
v -0.05205673 0.09368261 -0.14778356
v -0.04020358 0.09691730 -0.14694085
v -0.05364647 0.13928837 -0.15601195
v -0.03374892 0.12567619 -0.16017767
v -0.05364647 0.13928837 -0.15601195
v -0.04020358 0.09691730 -0.14694085
v -0.03432300 0.11003636 -0.15438173
v -0.04790941 0.12236423 -0.17933923
v -0.06095856 0.10540697 -0.17930979
v -0.06228702 0.11733372 -0.15990535
v -0.05364647 0.13928837 -0.15601195
v -0.04790941 0.12236423 -0.17933923
v -0.05364647 0.13928837 -0.15601195
v -0.03374892 0.12567619 -0.16017767
v -0.02995120 0.11860331 -0.18574972
v -0.03541963 0.08851963 -0.18365582
v -0.04234531 0.10595528 -0.19042695
v -0.02995120 0.11860331 -0.18574972
v -0.02099050 0.09316006 -0.18536332
v -0.02349287 0.08800811 -0.16859374
v -0.03289149 0.07808326 -0.16997373
v -0.03541963 0.08851963 -0.18365582
v -0.02099050 0.09316006 -0.18536332
v -0.09442044 0.13786054 -0.15617019
v -0.08849939 0.13715399 -0.16856430
v -0.08166202 0.14437040 -0.16755967
v -0.07582560 0.14141171 -0.15374510
v -0.08322232 0.15384262 -0.14968978
v -0.09381325 0.15084713 -0.15182048
v -0.09442044 0.13786054 -0.15617019
v -0.07582560 0.14141171 -0.15374510
v -0.10986892 0.16568841 -0.16124486
v -0.10243172 0.14849563 -0.15243135
v -0.09381325 0.15084713 -0.15182048
v -0.10358723 0.18165208 -0.15841497
v -0.08912130 0.17175667 -0.16143990
v -0.10358723 0.18165208 -0.15841497
v -0.09381325 0.15084713 -0.15182048
v -0.08953713 0.16038559 -0.15723002
v -0.09941415 0.16934997 -0.17537223
v -0.10890109 0.15701842 -0.17535015
v -0.10986892 0.16568841 -0.16124486
v -0.10358723 0.18165208 -0.15841497
v -0.09941415 0.16934997 -0.17537223
v -0.10358723 0.18165208 -0.15841497
v -0.08912130 0.17175667 -0.16143990
v -0.08635765 0.16661208 -0.18003106
v -0.09033569 0.14474207 -0.17851123
v -0.09536987 0.15741954 -0.18343502
v -0.08635765 0.16661208 -0.18003106
v -0.07984412 0.14811660 -0.17975138
v -0.08166202 0.14437040 -0.16755967
v -0.08849939 0.13715399 -0.16856430
v -0.09033569 0.14474207 -0.17851123
v -0.07984412 0.14811660 -0.17975138
v -0.16394227 0.07868677 -0.15292079
v -0.16421459 0.06937647 -0.15332558
v -0.15773049 0.06509667 -0.16035799
v -0.15889336 0.07950004 -0.16081798
v -0.16394227 0.08787195 -0.17184315
v -0.16394227 0.08425455 -0.16080326
v -0.15889336 0.07950004 -0.16081798
v -0.15636523 0.08330144 -0.16969037
v -0.16917149 0.07973188 -0.16801231
v -0.17123227 0.07861317 -0.15851801
v -0.16394227 0.08425455 -0.16080326
v -0.16394227 0.08787195 -0.17184315
v -0.16394227 0.07711543 -0.17664181
v -0.16945117 0.07557720 -0.17229946
v -0.16917149 0.07973188 -0.16801231
v -0.16394227 0.08787195 -0.17184315
v -0.15819049 0.07571336 -0.17268218
v -0.16394227 0.07711543 -0.17664181
v -0.16394227 0.08787195 -0.17184315
v -0.15636523 0.08330144 -0.16969037
v -0.16343075 0.06733409 -0.17606038
v -0.16394227 0.07711543 -0.17664181
v -0.15819049 0.07571336 -0.17268218
v -0.15772313 0.06892751 -0.17307225
v -0.16000471 0.06785664 -0.16660288
v -0.16535169 0.06414356 -0.17042268
v -0.16343075 0.06733409 -0.17606038
v -0.15772313 0.06892751 -0.17307225
v -0.16394227 0.06244710 -0.15987591
v -0.16535169 0.06414356 -0.17042268
v -0.16000471 0.06785664 -0.16660288
v -0.15773049 0.06509667 -0.16035799
v 0.02493174 0.18412870 -0.15861369
v 0.01993435 0.18916288 -0.14650661
v 0.01854332 0.17483311 -0.15126480
v 0.02687108 0.17406400 -0.15692090
v 0.00813639 0.18570740 -0.14853795
v 0.00572602 0.17023316 -0.15106240
v 0.01854332 0.17483311 -0.15126480
v 0.01993435 0.18916288 -0.14650661
v 0.01703822 0.20106388 -0.15670379
v 0.01993435 0.18916288 -0.14650661
v 0.02493174 0.18412870 -0.15861369
v 0.02723907 0.19568377 -0.16366995
v 0.00322733 0.19454667 -0.15724474
v 0.00813639 0.18570740 -0.14853795
v 0.01993435 0.18916288 -0.14650661
v 0.01703822 0.20106388 -0.15670379
v 0.01209603 0.19566169 -0.17224794
v 0.01703822 0.20106388 -0.15670379
v 0.02723907 0.19568377 -0.16366995
v 0.02284152 0.19255949 -0.17795924
v 0.02138425 0.17032884 -0.18690155
v 0.00620073 0.16612265 -0.19215285
v 0.00775000 0.18631091 -0.18739834
v 0.02284152 0.19255949 -0.17795924
v 0.01137476 0.15105688 -0.17673749
v 0.00620073 0.16612265 -0.19215285
v 0.02138425 0.17032884 -0.18690155
v 0.02472198 0.16003967 -0.17670069
v 0.01563615 0.16410971 -0.15994951
v 0.00572602 0.17023316 -0.15106240
v 0.00603514 0.16897094 -0.16555777
v 0.01137476 0.15105688 -0.17673749
v 0.01563615 0.16410971 -0.15994951
v 0.01137476 0.15105688 -0.17673749
v 0.02472198 0.16003967 -0.17670069
v 0.02687108 0.17406400 -0.15692090
vn 0.09670213 -0.41640919 0.90401996
vn 0.09670213 -0.41640919 0.90401996
vn 0.09670213 -0.41640919 0.90401996
vn -0.81879560 0.27869850 0.50189730
vn -0.81879560 0.27869850 0.50189730
vn -0.81879560 0.27869850 0.50189730
vn -0.69348922 0.19459697 0.69368921
vn -0.69348922 0.19459697 0.69368921
vn -0.69348922 0.19459697 0.69368921
vn 0.98036647 0.17099415 0.09819664
vn 0.98036647 0.17099415 0.09819664
vn 0.98036647 0.17099415 0.09819664
vn -0.54880749 -0.21050287 0.80901105
vn -0.54880749 -0.21050287 0.80901105
vn -0.54880749 -0.21050287 0.80901105
vn -0.99523279 0.03090102 -0.09250305
vn -0.99523279 0.03090102 -0.09250305
vn -0.99523279 0.03090102 -0.09250305
vn 0.75268868 0.45359318 -0.47719282
vn 0.75268868 0.45359318 -0.47719282
vn 0.75268868 0.45359318 -0.47719282
vn -0.20410366 0.04270077 -0.97801756
vn -0.20410366 0.04270077 -0.97801756
vn -0.20410366 0.04270077 -0.97801756
vn -0.95324183 -0.13499176 -0.27038350
vn -0.95324183 -0.13499176 -0.27038350
vn -0.95324183 -0.13499176 -0.27038350
vn 0.95323694 -0.12750494 -0.27401062
vn 0.95323694 -0.12750494 -0.27401062
vn 0.95323694 -0.12750494 -0.27401062
vn 0.15180228 -0.51700776 -0.84241264
vn 0.15180228 -0.51700776 -0.84241264
vn 0.15180228 -0.51700776 -0.84241264
vn 0.99447441 -0.08359785 -0.06349837
vn 0.99447441 -0.08359785 -0.06349837
vn 0.99447441 -0.08359785 -0.06349837
vn -0.95342713 -0.14730419 -0.26320749
vn -0.95342713 -0.14730419 -0.26320749
vn -0.95342713 -0.14730419 -0.26320749
vn 0.62200597 -0.75910728 0.19200184
vn 0.62200597 -0.75910728 0.19200184
vn 0.62200597 -0.75910728 0.19200184
vn -0.47309067 -0.34959310 0.80868404
vn -0.47309067 -0.34959310 0.80868404
vn -0.47309067 -0.34959310 0.80868404
vn -0.19169338 0.07259749 -0.97876619
vn -0.19169338 0.07259749 -0.97876619
vn -0.19169338 0.07259749 -0.97876619
vn 0.78536718 0.01389942 -0.61887414
vn 0.78536718 0.01389942 -0.61887414
vn 0.78536718 0.01389942 -0.61887414
vn -0.21040565 -0.06970187 0.97512620
vn -0.21040565 -0.06970187 0.97512620
vn -0.21040565 -0.06970187 0.97512620
vn 0.39780234 0.39180230 -0.82960488
vn 0.39780234 0.39180230 -0.82960488
vn 0.39780234 0.39180230 -0.82960488
vn 0.45229498 -0.64439284 0.61659315
vn 0.45229498 -0.64439284 0.61659315
vn 0.45229498 -0.64439284 0.61659315
vn 0.19239245 0.17569310 0.96546211
vn 0.19239245 0.17569310 0.96546211
vn 0.19239245 0.17569310 0.96546211
vn -0.17600062 -0.24890087 -0.95240335
vn -0.17099222 -0.25178854 -0.95255666
vn -0.17229521 -0.25159300 -0.95237352
vn 0.04469931 0.24699616 0.96798495
vn 0.04469931 0.24699616 0.96798495
vn 0.04469931 0.24699616 0.96798495
vn -0.17610190 -0.24880269 -0.95241028
vn -0.17770314 -0.24840439 -0.95221681
vn -0.78583568 0.08160370 -0.61302783
vn -0.78583568 0.08160370 -0.61302783
vn -0.78583568 0.08160370 -0.61302783
vn 0.15509648 -0.05829868 0.98617764
vn 0.15509648 -0.05829868 0.98617764
vn 0.15509648 -0.05829868 0.98617764
vn -0.37857785 0.42007542 -0.82475175
vn -0.37857785 0.42007542 -0.82475175
vn -0.37857785 0.42007542 -0.82475175
vn 0.28189632 0.22829702 0.93188783
vn 0.28189632 0.22829702 0.93188783
vn 0.28189632 0.22829702 0.93188783
vn -0.44869841 0.30119893 -0.84139702
vn -0.44869841 0.30119893 -0.84139702
vn -0.44869841 0.30119893 -0.84139702
vn -0.15170646 0.98604198 -0.06860292
vn -0.15170646 0.98604198 -0.06860292
vn -0.15170646 0.98604198 -0.06860292
vn -0.33790781 0.01040024 0.94112175
vn -0.33790781 0.01040024 0.94112175
vn -0.33790781 0.01040024 0.94112175
vn -0.49260765 0.26440411 -0.82911288
vn -0.49260765 0.26440411 -0.82911288
vn -0.49260765 0.26440411 -0.82911288
vn 0.72020642 0.68940615 -0.07760069
vn 0.72020642 0.68940615 -0.07760069
vn 0.72020642 0.68940615 -0.07760069
vn 0.56766903 -0.24338672 -0.78645710
vn 0.56766903 -0.24338672 -0.78645710
vn 0.56766903 -0.24338672 -0.78645710
vn 0.68831313 0.64311226 0.33560640
vn 0.68831313 0.64311226 0.33560640
vn 0.68831313 0.64311226 0.33560640
vn 0.52210884 -0.74381259 -0.41730707
vn 0.52210884 -0.74381259 -0.41730707
vn 0.52210884 -0.74381259 -0.41730707
vn 0.12150204 0.98201645 0.14450242
vn 0.12150204 0.98201645 0.14450242
vn 0.12150204 0.98201645 0.14450242
vn -0.33138545 -0.22219025 0.91695975
vn -0.33138545 -0.22219025 0.91695975
vn -0.33138545 -0.22219025 0.91695975
vn 0.37729758 0.63649592 -0.67269568
vn 0.36547912 0.64516313 -0.67096166
vn 0.36660354 0.64520623 -0.67030647
vn 0.36651697 0.64522988 -0.67033104
vn 0.37729758 0.63649592 -0.67269568
vn 0.37850000 0.63620001 -0.67230001
vn 0.94711185 0.32040401 0.01790022
vn 0.94711185 0.32040401 0.01790022
vn 0.94711185 0.32040401 0.01790022
vn 0.07579729 -0.48938252 0.86876897
vn 0.07579729 -0.48938252 0.86876897
vn 0.07579729 -0.48938252 0.86876897
vn 0.14390346 -0.76551842 0.62711509
vn 0.14390346 -0.76551842 0.62711509
vn 0.14390346 -0.76551842 0.62711509
vn 0.54029430 -0.17819812 0.82239133
vn 0.54029430 -0.17819812 0.82239133
vn 0.54029430 -0.17819812 0.82239133
vn 0.48458092 0.12079524 -0.86636588
vn 0.48458092 0.12079524 -0.86636588
vn 0.48458092 0.12079524 -0.86636588
vn 0.04580113 -0.33550827 0.94092319
vn 0.04429867 -0.33219001 0.94217166
vn 0.04549746 -0.33548130 0.94094754
vn -0.06129720 0.01139948 -0.99805446
vn -0.06129720 0.01139948 -0.99805446
vn -0.06129720 0.01139948 -0.99805446
vn -0.83945320 -0.50647176 -0.19698902
vn -0.83945320 -0.50647176 -0.19698902
vn -0.83945320 -0.50647176 -0.19698902
vn -0.75549573 0.47719730 -0.44889746
vn -0.75549573 0.47719730 -0.44889746
vn -0.75549573 0.47719730 -0.44889746
vn 0.04529941 -0.33539560 0.94098765
vn 0.04429867 -0.33219001 0.94217166
vn 0.04370105 -0.33240800 0.94212268
vn -0.55080354 0.64680416 -0.52750339
vn -0.55080354 0.64680416 -0.52750339
vn -0.55080354 0.64680416 -0.52750339
vn -0.60958862 0.78788529 0.08739837
vn -0.60958862 0.78788529 0.08739837
vn -0.60958862 0.78788529 0.08739837
vn 0.17719289 -0.12219510 0.97656082
vn 0.17719289 -0.12219510 0.97656082
vn 0.17719289 -0.12219510 0.97656082
vn -0.74252506 0.29751004 -0.60012025
vn -0.74252506 0.29751004 -0.60012025
vn -0.74252506 0.29751004 -0.60012025
vn 0.75389001 -0.57519238 -0.31749579
vn 0.75389001 -0.57519238 -0.31749579
vn 0.75389001 -0.57519238 -0.31749579
vn -0.78758308 -0.37089203 -0.49208943
vn -0.78758308 -0.37089203 -0.49208943
vn -0.78758308 -0.37089203 -0.49208943
vn 0.90241633 0.41940759 0.09870179
vn 0.90241633 0.41940759 0.09870179
vn 0.90241633 0.41940759 0.09870179
vn 0.49342097 -0.27391164 -0.82553508
vn 0.49342097 -0.27391164 -0.82553508
vn 0.49342097 -0.27391164 -0.82553508
vn 0.68572435 -0.19110679 -0.70232494
vn 0.68572435 -0.19110679 -0.70232494
vn 0.68572435 -0.19110679 -0.70232494
vn 0.09550335 -0.16750587 0.98123437
vn 0.09550335 -0.16750587 0.98123437
vn 0.09550335 -0.16750587 0.98123437
vn 0.80291894 0.21200500 -0.55711314
vn 0.80291894 0.21200500 -0.55711314
vn 0.80291894 0.21200500 -0.55711314
vn -0.09050236 -0.03060080 -0.99542600
vn -0.09050236 -0.03060080 -0.99542600
vn -0.09050236 -0.03060080 -0.99542600
vn -0.47128364 -0.44978439 0.75867367
vn -0.47128364 -0.44978439 0.75867367
vn -0.47128364 -0.44978439 0.75867367
vn -0.97690190 -0.04590009 -0.20870041
vn -0.97690190 -0.04590009 -0.20870041
vn -0.97690190 -0.04590009 -0.20870041
vn -0.26189511 0.13159754 -0.95608213
vn -0.26429803 0.13179902 -0.95539289
vn -0.25881286 0.14390715 -0.95514744
vn -0.26779916 0.12449961 0.95539701
vn -0.26779916 0.12449961 0.95539701
vn -0.26779916 0.12449961 0.95539701
vn -0.84178981 0.51689374 0.15559812
vn -0.84178981 0.51689374 0.15559812
vn -0.84178981 0.51689374 0.15559812
vn -0.06180190 0.08180251 0.99473055
vn -0.06180190 0.08180251 0.99473055
vn -0.06180190 0.08180251 0.99473055
vn -0.26189511 0.13159754 -0.95608213
vn -0.25881286 0.14390715 -0.95514744
vn -0.25728577 0.14399203 -0.95554714
vn 0.19210197 0.75320774 0.62910646
vn 0.19210197 0.75320774 0.62910646
vn 0.19210197 0.75320774 0.62910646
vn 0.80367315 0.35078828 -0.48068394
vn 0.80367315 0.35078828 -0.48068394
vn 0.80367315 0.35078828 -0.48068394
vn -0.97766378 -0.07589719 -0.19599274
vn -0.97766378 -0.07589719 -0.19599274
vn -0.97766378 -0.07589719 -0.19599274
vn 0.65848079 0.64288124 0.39128858
vn 0.65848079 0.64288124 0.39128858
vn 0.65848079 0.64288124 0.39128858
vn 0.55930423 -0.03540027 -0.82820626
vn 0.55930423 -0.03540027 -0.82820626
vn 0.55930423 -0.03540027 -0.82820626
vn 0.14749588 -0.20879416 0.96677296
vn 0.14749588 -0.20879416 0.96677296
vn 0.14749588 -0.20879416 0.96677296
vn 0.26329866 0.07369962 0.96189510
vn 0.26329866 0.07369962 0.96189510
vn 0.26329866 0.07369962 0.96189510
vn 0.54326664 -0.07449543 -0.83624864
vn 0.54326664 -0.07449543 -0.83624864
vn 0.54326664 -0.07449543 -0.83624864
vn -0.32431344 -0.16950703 0.93063858
vn -0.32431344 -0.16950703 0.93063858
vn -0.32431344 -0.16950703 0.93063858
vn -0.29020187 -0.74910483 -0.59550384
vn -0.29020187 -0.74910483 -0.59550384
vn -0.29020187 -0.74910483 -0.59550384
vn -0.19098909 -0.19978859 -0.96104510
vn -0.19098909 -0.19978859 -0.96104510
vn -0.19098909 -0.19978859 -0.96104510
vn -0.51870760 -0.85451252 -0.02740040
vn -0.51870760 -0.85451252 -0.02740040
vn -0.51870760 -0.85451252 -0.02740040
vn -0.41571437 -0.10740371 0.90313122
vn -0.41571437 -0.10740371 0.90313122
vn -0.41571437 -0.10740371 0.90313122
vn -0.21011073 -0.12580642 -0.96954950
vn -0.21011073 -0.12580642 -0.96954950
vn -0.21011073 -0.12580642 -0.96954950
vn 0.03219948 0.29619520 -0.95458452
vn 0.03219948 0.29619520 -0.95458452
vn 0.03219948 0.29619520 -0.95458452
vn -0.34819895 0.04159987 0.93649717
vn -0.34819895 0.04159987 0.93649717
vn -0.34819895 0.04159987 0.93649717
vn 0.05110084 0.46900772 -0.88171450
vn 0.05110084 0.46900772 -0.88171450
vn 0.05110084 0.46900772 -0.88171450
vn 0.00639992 0.16669785 0.98598726
vn 0.00639992 0.16669785 0.98598726
vn 0.00639992 0.16669785 0.98598726
vn 0.02770027 0.45860447 -0.88820866
vn 0.02770027 0.45860447 -0.88820866
vn 0.02770027 0.45860447 -0.88820866
vn 0.71830289 0.65150262 0.24410098
vn 0.71830289 0.65150262 0.24410098
vn 0.71830289 0.65150262 0.24410098
vn -0.17740167 -0.89090838 -0.41810393
vn -0.17740167 -0.89090838 -0.41810393
vn -0.17740167 -0.89090838 -0.41810393
vn 0.16009979 0.40829947 0.89869884
vn 0.16009979 0.40829947 0.89869884
vn 0.16009979 0.40829947 0.89869884
vn -0.96126341 0.26308998 0.08219687
vn -0.96126341 0.26308998 0.08219687
vn -0.96126341 0.26308998 0.08219687
vn 0.86859425 0.49549672 -0.00519997
vn 0.86859425 0.49549672 -0.00519997
vn 0.86859425 0.49549672 -0.00519997
vn 0.82577397 0.47538501 0.30349043
vn 0.82577397 0.47538501 0.30349043
vn 0.82577397 0.47538501 0.30349043
vn -0.96398947 0.26319712 0.03809958
vn -0.96398947 0.26319712 0.03809958
vn -0.96398947 0.26319712 0.03809958
vn 0.98467216 0.05769837 -0.16459535
vn 0.98467216 0.05769837 -0.16459535
vn 0.98467216 0.05769837 -0.16459535
vn -0.46397580 -0.10869433 -0.87915414
vn -0.46397580 -0.10869433 -0.87915414
vn -0.46397580 -0.10869433 -0.87915414
vn -0.84727830 -0.35929080 -0.39118998
vn -0.84727830 -0.35929080 -0.39118998
vn -0.84727830 -0.35929080 -0.39118998
vn 0.13379618 -0.09879718 -0.98607185
vn 0.13379618 -0.09879718 -0.98607185
vn 0.13379618 -0.09879718 -0.98607185
vn 0.98749963 -0.05609998 -0.14729994
vn 0.98749963 -0.05609998 -0.14729994
vn 0.98749963 -0.05609998 -0.14729994
vn -0.84981160 -0.40970559 -0.33160453
vn -0.84981160 -0.40970559 -0.33160453
vn -0.84981160 -0.40970559 -0.33160453
vn -0.91398585 -0.37239423 0.16109751
vn -0.91398585 -0.37239423 0.16109751
vn -0.91398585 -0.37239423 0.16109751
vn 0.99845808 -0.05019789 0.02369900
vn 0.99845808 -0.05019789 0.02369900
vn 0.99845808 -0.05019789 0.02369900
vn -0.84869094 -0.40629566 0.33859639
vn -0.84869094 -0.40629566 0.33859639
vn -0.84869094 -0.40629566 0.33859639
vn 0.93117301 0.22069360 0.29019159
vn 0.93117301 0.22069360 0.29019159
vn 0.93117301 0.22069360 0.29019159
vn -0.84768907 -0.42409453 0.31869589
vn -0.84768907 -0.42409453 0.31869589
vn -0.84768907 -0.42409453 0.31869589
vn 0.00530003 0.41390261 0.91030574
vn 0.00530003 0.41390261 0.91030574
vn 0.00530003 0.41390261 0.91030574
vn -0.33290997 0.09630288 -0.93802809
vn -0.33290997 0.09630288 -0.93802809
vn -0.33290997 0.09630288 -0.93802809
vn -0.60842476 0.24811010 0.75383068
vn -0.60842476 0.24811010 0.75383068
vn -0.60842476 0.24811010 0.75383068
vn 0.97371985 -0.00450009 -0.22770464
vn 0.97371985 -0.00450009 -0.22770464
vn 0.97371985 -0.00450009 -0.22770464
vn -0.82272726 -0.23820789 0.51611710
vn -0.82272726 -0.23820789 0.51611710
vn -0.82272726 -0.23820789 0.51611710
vn 0.61072154 0.76192687 0.21560760
vn 0.61072154 0.76192687 0.21560760
vn 0.61072154 0.76192687 0.21560760
vn 0.96367698 -0.10279754 0.24649411
vn 0.96367698 -0.10279754 0.24649411
vn 0.96367698 -0.10279754 0.24649411
vn -0.95001971 0.17650366 -0.25750534
vn -0.95042100 0.18260403 -0.25170556
vn -0.95044908 0.18340947 -0.25101296
vn -0.95042522 0.18340487 -0.25110666
vn 0.96689678 -0.22079926 0.12789957
vn 0.96689678 -0.22079926 0.12789957
vn 0.96689678 -0.22079926 0.12789957
vn -0.95001971 0.17650366 -0.25750534
vn -0.95001671 0.17710312 -0.25710452
vn -0.60300166 -0.33820093 -0.72250199
vn -0.60300166 -0.33820093 -0.72250199
vn -0.60300166 -0.33820093 -0.72250199
vn 0.98554927 0.10810540 0.13040652
vn 0.98554927 0.10810540 0.13040652
vn 0.98554927 0.10810540 0.13040652
vn -0.82037163 -0.52698178 -0.22199232
vn -0.82037163 -0.52698178 -0.22199232
vn -0.82037163 -0.52698178 -0.22199232
vn 0.92847058 -0.12259612 0.35058889
vn 0.92847058 -0.12259612 0.35058889
vn 0.92847058 -0.12259612 0.35058889
vn -0.83655949 -0.43727882 -0.33008401
vn -0.83655949 -0.43727882 -0.33008401
vn -0.83655949 -0.43727882 -0.33008401
vn -0.06759883 -0.97978301 0.18829673
vn -0.06759883 -0.97978301 0.18829673
vn -0.06759883 -0.97978301 0.18829673
vn 0.93815622 -0.12389422 -0.32328491
vn 0.93815622 -0.12389422 -0.32328491
vn 0.93815622 -0.12389422 -0.32328491
vn -0.82368446 -0.41669214 -0.38459274
vn -0.82368446 -0.41669214 -0.38459274
vn -0.82368446 -0.41669214 -0.38459274
vn -0.07559902 -0.40499478 0.91118825
vn -0.07559902 -0.40499478 0.91118825
vn -0.07559902 -0.40499478 0.91118825
vn -0.77973735 0.42112017 0.46332220
vn -0.77973735 0.42112017 0.46332220
vn -0.77973735 0.42112017 0.46332220
vn 0.32780701 -0.37340798 0.86781855
vn 0.32780701 -0.37340798 0.86781855
vn 0.32780701 -0.37340798 0.86781855
vn -0.41202050 0.87674362 0.24811234
vn -0.41202050 0.87674362 0.24811234
vn -0.41202050 0.87674362 0.24811234
vn -0.60842476 0.24811010 0.75383068
vn -0.60842476 0.24811010 0.75383068
vn -0.60842476 0.24811010 0.75383068
vn 0.97371985 -0.00450009 -0.22770464
vn 0.97371985 -0.00450009 -0.22770464
vn 0.97371985 -0.00450009 -0.22770464
vn -0.82272726 -0.23820789 0.51611710
vn -0.82272726 -0.23820789 0.51611710
vn -0.82272726 -0.23820789 0.51611710
vn 0.61072154 0.76192687 0.21560760
vn 0.61072154 0.76192687 0.21560760
vn 0.61072154 0.76192687 0.21560760
vn 0.96367698 -0.10279754 0.24649411
vn 0.96367698 -0.10279754 0.24649411
vn 0.96367698 -0.10279754 0.24649411
vn -0.95003648 0.17640677 -0.25750989
vn -0.95042100 0.18260403 -0.25170556
vn -0.95044908 0.18340947 -0.25101296
vn -0.95042522 0.18340487 -0.25110666
vn 0.96689678 -0.22079926 0.12789957
vn 0.96689678 -0.22079926 0.12789957
vn 0.96689678 -0.22079926 0.12789957
vn -0.95002740 0.17660509 -0.25740742
vn -0.95001671 0.17710312 -0.25710452
vn -0.60300166 -0.33820093 -0.72250199
vn -0.60300166 -0.33820093 -0.72250199
vn -0.60300166 -0.33820093 -0.72250199
vn 0.98554927 0.10810540 0.13040652
vn 0.98554927 0.10810540 0.13040652
vn 0.98554927 0.10810540 0.13040652
vn -0.82037163 -0.52698178 -0.22199232
vn -0.82037163 -0.52698178 -0.22199232
vn -0.82037163 -0.52698178 -0.22199232
vn 0.92847058 -0.12259612 0.35058889
vn 0.92847058 -0.12259612 0.35058889
vn 0.92847058 -0.12259612 0.35058889
vn -0.83655949 -0.43727882 -0.33008401
vn -0.83655949 -0.43727882 -0.33008401
vn -0.83655949 -0.43727882 -0.33008401
vn -0.06759883 -0.97978301 0.18829673
vn -0.06759883 -0.97978301 0.18829673
vn -0.06759883 -0.97978301 0.18829673
vn 0.93815622 -0.12389422 -0.32328491
vn 0.93815622 -0.12389422 -0.32328491
vn 0.93815622 -0.12389422 -0.32328491
vn -0.82368446 -0.41669214 -0.38459274
vn -0.82368446 -0.41669214 -0.38459274
vn -0.82368446 -0.41669214 -0.38459274
vn -0.07559902 -0.40499478 0.91118825
vn -0.07559902 -0.40499478 0.91118825
vn -0.07559902 -0.40499478 0.91118825
vn -0.77973735 0.42112017 0.46332220
vn -0.77973735 0.42112017 0.46332220
vn -0.77973735 0.42112017 0.46332220
vn 0.32780701 -0.37340798 0.86781855
vn 0.32780701 -0.37340798 0.86781855
vn 0.32780701 -0.37340798 0.86781855
vn -0.41202050 0.87674362 0.24811234
vn -0.41202050 0.87674362 0.24811234
vn -0.41202050 0.87674362 0.24811234
vn -0.60842476 0.24811010 0.75383068
vn -0.60842476 0.24811010 0.75383068
vn -0.60842476 0.24811010 0.75383068
vn 0.97371985 -0.00450009 -0.22770464
vn 0.97371985 -0.00450009 -0.22770464
vn 0.97371985 -0.00450009 -0.22770464
vn -0.82272726 -0.23820789 0.51611710
vn -0.82272726 -0.23820789 0.51611710
vn -0.82272726 -0.23820789 0.51611710
vn 0.61072154 0.76192687 0.21560760
vn 0.61072154 0.76192687 0.21560760
vn 0.61072154 0.76192687 0.21560760
vn 0.96367698 -0.10279754 0.24649411
vn 0.96367698 -0.10279754 0.24649411
vn 0.96367698 -0.10279754 0.24649411
vn -0.95001971 0.17650366 -0.25750534
vn -0.95042100 0.18260403 -0.25170556
vn -0.95042522 0.18340487 -0.25110666
vn 0.96689678 -0.22079926 0.12789957
vn 0.96689678 -0.22079926 0.12789957
vn 0.96689678 -0.22079926 0.12789957
vn -0.95001971 0.17650366 -0.25750534
vn -0.95001671 0.17710312 -0.25710452
vn -0.60300166 -0.33820093 -0.72250199
vn -0.60300166 -0.33820093 -0.72250199
vn -0.60300166 -0.33820093 -0.72250199
vn 0.98554927 0.10810540 0.13040652
vn 0.98554927 0.10810540 0.13040652
vn 0.98554927 0.10810540 0.13040652
vn -0.82037163 -0.52698178 -0.22199232
vn -0.82037163 -0.52698178 -0.22199232
vn -0.82037163 -0.52698178 -0.22199232
vn 0.92847058 -0.12259612 0.35058889
vn 0.92847058 -0.12259612 0.35058889
vn 0.92847058 -0.12259612 0.35058889
vn -0.83655949 -0.43727882 -0.33008401
vn -0.83655949 -0.43727882 -0.33008401
vn -0.83655949 -0.43727882 -0.33008401
vn -0.06759883 -0.97978301 0.18829673
vn -0.06759883 -0.97978301 0.18829673
vn -0.06759883 -0.97978301 0.18829673
vn 0.93815622 -0.12389422 -0.32328491
vn 0.93815622 -0.12389422 -0.32328491
vn 0.93815622 -0.12389422 -0.32328491
vn -0.82368446 -0.41669214 -0.38459274
vn -0.82368446 -0.41669214 -0.38459274
vn -0.82368446 -0.41669214 -0.38459274
vn -0.07559902 -0.40499478 0.91118825
vn -0.07559902 -0.40499478 0.91118825
vn -0.07559902 -0.40499478 0.91118825
vn -0.77973735 0.42112017 0.46332220
vn -0.77973735 0.42112017 0.46332220
vn -0.77973735 0.42112017 0.46332220
vn 0.32780701 -0.37340798 0.86781855
vn 0.32780701 -0.37340798 0.86781855
vn 0.32780701 -0.37340798 0.86781855
vn -0.41202050 0.87674362 0.24811234
vn -0.41202050 0.87674362 0.24811234
vn -0.41202050 0.87674362 0.24811234
vn 0.09629767 0.56928621 0.81648023
vn 0.09629767 0.56928621 0.81648023
vn 0.09629767 0.56928621 0.81648023
vn -0.82168513 0.56988969 0.00769986
vn -0.82168513 0.56988969 0.00769986
vn -0.82168513 0.56988969 0.00769986
vn -0.69687475 0.69457484 0.17869353
vn -0.69687475 0.69457484 0.17869353
vn -0.69687475 0.69457484 0.17869353
vn 0.98056303 0.16839365 -0.10069620
vn 0.98056303 0.16839365 -0.10069620
vn 0.98056303 0.16839365 -0.10069620
vn -0.54883797 0.59104089 0.59114089
vn -0.54883797 0.59104089 0.59114089
vn -0.54883797 0.59104089 0.59114089
vn -0.99521909 -0.06420123 -0.07360141
vn -0.99521909 -0.06420123 -0.07360141
vn -0.99521909 -0.06420123 -0.07360141
vn 0.74971465 -0.18590363 -0.63511241
vn 0.74971465 -0.18590363 -0.63511241
vn 0.74971465 -0.18590363 -0.63511241
vn -0.20500609 -0.82212441 -0.53111577
vn -0.20500609 -0.82212441 -0.53111577
vn -0.20500609 -0.82212441 -0.53111577
vn -0.95416096 -0.29878777 -0.01739929
vn -0.95416096 -0.29878777 -0.01739929
vn -0.95416096 -0.29878777 -0.01739929
vn 0.95415872 -0.29818710 -0.02579888
vn 0.95415872 -0.29818710 -0.02579888
vn 0.95415872 -0.29818710 -0.02579888
vn 0.15339853 -0.98769051 0.03059971
vn 0.15339853 -0.98769051 0.03059971
vn 0.15339853 -0.98769051 0.03059971
vn 0.99455899 -0.09559606 0.04139829
vn 0.99455899 -0.09559606 0.04139829
vn 0.99455899 -0.09559606 0.04139829
vn -0.95433857 -0.29871207 -0.00300012
vn -0.95433857 -0.29871207 -0.00300012
vn -0.95433857 -0.29871207 -0.00300012
vn 0.61848822 -0.20719605 0.75798556
vn 0.61848822 -0.20719605 0.75798556
vn 0.61848822 -0.20719605 0.75798556
vn -0.47199282 0.52099207 0.71118918
vn -0.47199282 0.52099207 0.71118918
vn -0.47199282 0.52099207 0.71118918
vn -0.19239598 -0.80758313 -0.55748836
vn -0.19239598 -0.80758313 -0.55748836
vn -0.19239598 -0.80758313 -0.55748836
vn 0.09629767 0.56928621 0.81648023
vn 0.09629767 0.56928621 0.81648023
vn 0.09629767 0.56928621 0.81648023
vn -0.82168513 0.56988969 0.00769986
vn -0.82168513 0.56988969 0.00769986
vn -0.82168513 0.56988969 0.00769986
vn -0.69687475 0.69457484 0.17869353
vn -0.69687475 0.69457484 0.17869353
vn -0.69687475 0.69457484 0.17869353
vn 0.98056303 0.16839365 -0.10069620
vn 0.98056303 0.16839365 -0.10069620
vn 0.98056303 0.16839365 -0.10069620
vn -0.54883797 0.59104089 0.59114089
vn -0.54883797 0.59104089 0.59114089
vn -0.54883797 0.59104089 0.59114089
vn -0.99521909 -0.06420123 -0.07360141
vn -0.99521909 -0.06420123 -0.07360141
vn -0.99521909 -0.06420123 -0.07360141
vn 0.74971465 -0.18590363 -0.63511241
vn 0.74971465 -0.18590363 -0.63511241
vn 0.74971465 -0.18590363 -0.63511241
vn -0.20500609 -0.82212441 -0.53111577
vn -0.20500609 -0.82212441 -0.53111577
vn -0.20500609 -0.82212441 -0.53111577
vn -0.95416096 -0.29878777 -0.01739929
vn -0.95416096 -0.29878777 -0.01739929
vn -0.95416096 -0.29878777 -0.01739929
vn 0.95415872 -0.29818710 -0.02579888
vn 0.95415872 -0.29818710 -0.02579888
vn 0.95415872 -0.29818710 -0.02579888
vn 0.15339853 -0.98769051 0.03059971
vn 0.15339853 -0.98769051 0.03059971
vn 0.15339853 -0.98769051 0.03059971
vn 0.99455899 -0.09559606 0.04139829
vn 0.99455899 -0.09559606 0.04139829
vn 0.99455899 -0.09559606 0.04139829
vn -0.95433857 -0.29871207 -0.00300012
vn -0.95433857 -0.29871207 -0.00300012
vn -0.95433857 -0.29871207 -0.00300012
vn 0.61848822 -0.20719605 0.75798556
vn 0.61848822 -0.20719605 0.75798556
vn 0.61848822 -0.20719605 0.75798556
vn -0.47199282 0.52099207 0.71118918
vn -0.47199282 0.52099207 0.71118918
vn -0.47199282 0.52099207 0.71118918
vn -0.19239598 -0.80758313 -0.55748836
vn -0.19239598 -0.80758313 -0.55748836
vn -0.19239598 -0.80758313 -0.55748836
vn 0.41499601 0.40139614 0.81649216
vn 0.41499601 0.40139614 0.81649216
vn 0.41499601 0.40139614 0.81649216
vn -0.32400789 0.94602304 0.00770019
vn -0.32400789 0.94602304 0.00770019
vn -0.32400789 0.94602304 0.00770019
vn -0.14949700 0.97248046 0.17869641
vn -0.14949700 0.97248046 0.17869641
vn -0.14949700 0.97248046 0.17869641
vn 0.88953999 -0.44562003 -0.10070453
vn 0.88953999 -0.44562003 -0.10070453
vn 0.88953999 -0.44562003 -0.10070453
vn -0.09169963 0.80129679 0.59119763
vn -0.09169963 0.80129679 0.59119763
vn -0.09169963 0.80129679 0.59119763
vn -0.83959817 0.53819883 -0.07359984
vn -0.83959817 0.53819883 -0.07359984
vn -0.83959817 0.53819883 -0.07359984
vn 0.49350590 -0.59410710 -0.63520759
vn 0.49350590 -0.59410710 -0.63520759
vn 0.49350590 -0.59410710 -0.63520759
vn -0.65238449 -0.54058714 -0.53118737
vn -0.65238449 -0.54058714 -0.53118737
vn -0.65238449 -0.54058714 -0.53118737
vn -0.94554822 0.32501657 -0.01740089
vn -0.94554822 0.32501657 -0.01740089
vn -0.94554822 0.32501657 -0.01740089
vn 0.59172159 -0.80572940 -0.02580094
vn 0.59172159 -0.80572940 -0.02580094
vn 0.59172159 -0.80572940 -0.02580094
vn -0.46190163 -0.88640313 0.03060011
vn -0.46190163 -0.88640313 0.03060011
vn -0.46190163 -0.88640313 0.03060011
vn 0.74428065 -0.66658267 0.04139892
vn 0.74428065 -0.66658267 0.04139892
vn 0.74428065 -0.66658267 0.04139892
vn -0.94564679 0.32518170 -0.00299983
vn -0.94564679 0.32518170 -0.00299983
vn -0.94564679 0.32518170 -0.00299983
vn 0.37529318 -0.53349031 0.75798623
vn 0.37529318 -0.53349031 0.75798623
vn 0.37529318 -0.53349031 0.75798623
vn -0.07119875 0.69938768 0.71118747
vn -0.07119875 0.69938768 0.71118747
vn -0.07119875 0.69938768 0.71118747
vn -0.63360494 -0.53630418 -0.55760435
vn -0.63360494 -0.53630418 -0.55760435
vn -0.63360494 -0.53630418 -0.55760435
vn 0.16009979 0.40829947 0.89869884
vn 0.16009979 0.40829947 0.89869884
vn 0.16009979 0.40829947 0.89869884
vn -0.96126341 0.26308998 0.08219687
vn -0.96126341 0.26308998 0.08219687
vn -0.96126341 0.26308998 0.08219687
vn 0.86859425 0.49549672 -0.00519997
vn 0.86859425 0.49549672 -0.00519997
vn 0.86859425 0.49549672 -0.00519997
vn 0.82577397 0.47538501 0.30349043
vn 0.82577397 0.47538501 0.30349043
vn 0.82577397 0.47538501 0.30349043
vn -0.96398947 0.26319712 0.03809958
vn -0.96398947 0.26319712 0.03809958
vn -0.96398947 0.26319712 0.03809958
vn 0.98467216 0.05769837 -0.16459535
vn 0.98467216 0.05769837 -0.16459535
vn 0.98467216 0.05769837 -0.16459535
vn -0.46397580 -0.10869433 -0.87915414
vn -0.46397580 -0.10869433 -0.87915414
vn -0.46397580 -0.10869433 -0.87915414
vn -0.84727830 -0.35929080 -0.39118998
vn -0.84727830 -0.35929080 -0.39118998
vn -0.84727830 -0.35929080 -0.39118998
vn 0.13379618 -0.09879718 -0.98607185
vn 0.13379618 -0.09879718 -0.98607185
vn 0.13379618 -0.09879718 -0.98607185
vn 0.98750516 -0.05600029 -0.14730077
vn 0.98750516 -0.05600029 -0.14730077
vn 0.98750516 -0.05600029 -0.14730077
vn -0.84981160 -0.40970559 -0.33160453
vn -0.84981160 -0.40970559 -0.33160453
vn -0.84981160 -0.40970559 -0.33160453
vn -0.91398585 -0.37239423 0.16109751
vn -0.91398585 -0.37239423 0.16109751
vn -0.91398585 -0.37239423 0.16109751
vn 0.99845808 -0.05019789 0.02369900
vn 0.99845808 -0.05019789 0.02369900
vn 0.99845808 -0.05019789 0.02369900
vn -0.84869094 -0.40629566 0.33859639
vn -0.84869094 -0.40629566 0.33859639
vn -0.84869094 -0.40629566 0.33859639
vn 0.93117301 0.22069360 0.29019159
vn 0.93117301 0.22069360 0.29019159
vn 0.93117301 0.22069360 0.29019159
vn -0.84768907 -0.42409453 0.31869589
vn -0.84768907 -0.42409453 0.31869589
vn -0.84768907 -0.42409453 0.31869589
vn 0.00530003 0.41390261 0.91030574
vn 0.00530003 0.41390261 0.91030574
vn 0.00530003 0.41390261 0.91030574
vn -0.33290997 0.09630288 -0.93802809
vn -0.33290997 0.09630288 -0.93802809
vn -0.33290997 0.09630288 -0.93802809
vn 0.08039648 0.35668436 0.93075919
vn 0.08039648 0.35668436 0.93075919
vn 0.08039648 0.35668436 0.93075919
vn 0.50220029 -0.85060049 0.15580009
vn 0.50220029 -0.85060049 0.15580009
vn 0.50220029 -0.85060049 0.15580009
vn -0.33860500 0.88631309 0.31590467
vn -0.33860500 0.88631309 0.31590467
vn -0.33860500 0.88631309 0.31590467
vn -0.33009594 0.89358900 0.30419626
vn -0.33009594 0.89358900 0.30419626
vn -0.33009594 0.89358900 0.30419626
vn 0.58869307 0.80169056 0.10359878
vn 0.58869307 0.80169056 0.10359878
vn 0.58869307 0.80169056 0.10359878
vn 0.76017631 -0.61778075 -0.20119373
vn 0.76017631 -0.61778075 -0.20119373
vn 0.76017631 -0.61778075 -0.20119373
vn 0.64706000 -0.52586749 -0.55206588
vn 0.64706000 -0.52586749 -0.55206588
vn 0.64706000 -0.52586749 -0.55206588
vn 0.99102047 -0.13200273 -0.02130044
vn 0.99102047 -0.13200273 -0.02130044
vn 0.99102047 -0.13200273 -0.02130044
vn -0.35240794 0.89662021 -0.26810604
vn -0.35240794 0.89662021 -0.26810604
vn -0.35240794 0.89662021 -0.26810604
vn 0.77940167 -0.62600134 -0.02560005
vn 0.77871532 -0.62701234 -0.02140042
vn 0.77940167 -0.62600134 -0.02560005
vn -0.79577883 0.52798596 -0.29659211
vn -0.79577883 0.52798596 -0.29659211
vn -0.79577883 0.52798596 -0.29659211
vn -0.63246637 -0.68716346 -0.35748099
vn -0.63246637 -0.68716346 -0.35748099
vn -0.63246637 -0.68716346 -0.35748099
vn -0.87448843 -0.13109827 0.46699382
vn -0.87448843 -0.13109827 0.46699382
vn -0.87448843 -0.13109827 0.46699382
vn 0.77930961 -0.62610772 -0.02580032
vn 0.77862040 -0.62711643 -0.02180057
vn 0.77862040 -0.62711643 -0.02180057
vn -0.82031797 0.12530275 0.55801223
vn -0.82031797 0.12530275 0.55801223
vn -0.82031797 0.12530275 0.55801223
vn -0.40717353 -0.21268617 0.88824226
vn -0.40717353 -0.21268617 0.88824226
vn -0.40717353 -0.21268617 0.88824226
vn 0.86789978 -0.47029988 0.15989996
vn 0.86789978 -0.47029988 0.15989996
vn 0.86789978 -0.47029988 0.15989996
vn -0.96342707 -0.10100284 0.24820697
vn -0.96342707 -0.10100284 0.24820697
vn -0.96342707 -0.10100284 0.24820697
vn 0.30670967 0.52301649 -0.79522508
vn 0.30670967 0.52301649 -0.79522508
vn 0.30670967 0.52301649 -0.79522508
vn -0.83552502 -0.43481302 -0.33591006
vn -0.83552502 -0.43481302 -0.33591006
vn -0.83552502 -0.43481302 -0.33591006
vn -0.60842476 0.24811010 0.75383068
vn -0.60842476 0.24811010 0.75383068
vn -0.60842476 0.24811010 0.75383068
vn 0.97371985 -0.00450009 -0.22770464
vn 0.97371985 -0.00450009 -0.22770464
vn 0.97371985 -0.00450009 -0.22770464
vn -0.82272726 -0.23820789 0.51611710
vn -0.82272726 -0.23820789 0.51611710
vn -0.82272726 -0.23820789 0.51611710
vn 0.61072154 0.76192687 0.21560760
vn 0.61072154 0.76192687 0.21560760
vn 0.61072154 0.76192687 0.21560760
vn 0.96367698 -0.10279754 0.24649411
vn 0.96367698 -0.10279754 0.24649411
vn 0.96367698 -0.10279754 0.24649411
vn -0.95001971 0.17650366 -0.25750534
vn -0.95042100 0.18260403 -0.25170556
vn -0.95043165 0.18350611 -0.25100836
vn 0.96689678 -0.22079926 0.12789957
vn 0.96689678 -0.22079926 0.12789957
vn 0.96689678 -0.22079926 0.12789957
vn -0.95003507 0.17670652 -0.25730950
vn -0.95001671 0.17710312 -0.25710452
vn -0.60300166 -0.33820093 -0.72250199
vn -0.60300166 -0.33820093 -0.72250199
vn -0.60300166 -0.33820093 -0.72250199
vn 0.98554927 0.10810540 0.13040652
vn 0.98554927 0.10810540 0.13040652
vn 0.98554927 0.10810540 0.13040652
vn -0.82037163 -0.52698178 -0.22199232
vn -0.82037163 -0.52698178 -0.22199232
vn -0.82037163 -0.52698178 -0.22199232
vn 0.92847058 -0.12259612 0.35058889
vn 0.92847058 -0.12259612 0.35058889
vn 0.92847058 -0.12259612 0.35058889
vn -0.83655949 -0.43727882 -0.33008401
vn -0.83655949 -0.43727882 -0.33008401
vn -0.83655949 -0.43727882 -0.33008401
vn -0.06759883 -0.97978301 0.18829673
vn -0.06759883 -0.97978301 0.18829673
vn -0.06759883 -0.97978301 0.18829673
vn 0.93815622 -0.12389422 -0.32328491
vn 0.93815622 -0.12389422 -0.32328491
vn 0.93815622 -0.12389422 -0.32328491
vn -0.82368446 -0.41669214 -0.38459274
vn -0.82368446 -0.41669214 -0.38459274
vn -0.82368446 -0.41669214 -0.38459274
vn -0.07559902 -0.40499478 0.91118825
vn -0.07559902 -0.40499478 0.91118825
vn -0.07559902 -0.40499478 0.91118825
vn -0.77973735 0.42112017 0.46332220
vn -0.77973735 0.42112017 0.46332220
vn -0.77973735 0.42112017 0.46332220
vn 0.32780701 -0.37340798 0.86781855
vn 0.32780701 -0.37340798 0.86781855
vn 0.32780701 -0.37340798 0.86781855
vn -0.41202050 0.87674362 0.24811234
vn -0.41202050 0.87674362 0.24811234
vn -0.41202050 0.87674362 0.24811234
vn 0.32409631 0.29549664 0.89868978
vn 0.32409631 0.29549664 0.89868978
vn 0.32409631 0.29549664 0.89868978
vn -0.74602631 0.66082330 0.08220290
vn -0.74602631 0.66082330 0.08220290
vn -0.74602631 0.66082330 0.08220290
vn 0.99814841 0.06060294 -0.00520025
vn 0.99814841 0.06060294 -0.00520025
vn 0.99814841 0.06060294 -0.00520025
vn 0.95084035 0.06150261 0.30351288
vn 0.95084035 0.06150261 0.30351288
vn 0.95084035 0.06150261 0.30351288
vn -0.74842598 0.66212298 0.03810132
vn -0.74842598 0.66212298 0.03810132
vn -0.74842598 0.66212298 0.03810132
vn 0.90879720 -0.38339882 -0.16459949
vn 0.90879720 -0.38339882 -0.16459949
vn 0.90879720 -0.38339882 -0.16459949
vn -0.46418792 0.10759720 -0.87917712
vn -0.46418792 0.10759720 -0.87917712
vn -0.46418792 0.10759720 -0.87917712
vn -0.91882513 0.05210143 -0.39121070
vn -0.91882513 0.05210143 -0.39121070
vn -0.91882513 0.05210143 -0.39121070
vn 0.07629772 -0.14779559 -0.98607055
vn 0.07629772 -0.14779559 -0.98607055
vn 0.07629772 -0.14779559 -0.98607055
vn 0.86107099 -0.48668360 -0.14729504
vn 0.86107099 -0.48668360 -0.14729504
vn 0.86107099 -0.48668360 -0.14729504
vn -0.94338692 0.00809989 -0.33159540
vn -0.94338692 0.00809989 -0.33159540
vn -0.94338692 0.00809989 -0.33159540
vn -0.98446088 0.06989722 0.16109360
vn -0.98446088 0.06989722 0.16109360
vn -0.98446088 0.06989722 0.16109360
vn 0.87347745 -0.48628745 0.02369939
vn 0.87347745 -0.48628745 0.02369939
vn 0.87347745 -0.48628745 0.02369939
vn -0.94087306 0.01069969 0.33859031
vn -0.94087306 0.01069969 0.33859031
vn -0.94087306 0.01069969 0.33859031
vn 0.93282013 -0.21360461 0.29020626
vn 0.93282013 -0.21360461 0.29020626
vn 0.93282013 -0.21360461 0.29020626
vn -0.94783404 -0.00580021 0.31871145
vn -0.94783404 -0.00580021 0.31871145
vn -0.94783404 -0.00580021 0.31871145
vn 0.18770332 0.36890653 0.91031612
vn 0.18770332 0.36890653 0.91031612
vn 0.18770332 0.36890653 0.91031612
vn -0.25610596 0.23350543 -0.93802183
vn -0.25610596 0.23350543 -0.93802183
vn -0.25610596 0.23350543 -0.93802183
vn 0.46919562 -0.00209998 0.88309176
vn 0.46919562 -0.00209998 0.88309176
vn 0.46919562 -0.00209998 0.88309176
vn -0.76479531 -0.63709609 0.09589941
vn -0.76479531 -0.63709609 0.09589941
vn -0.76479531 -0.63709609 0.09589941
vn 0.82937576 0.51968481 0.20509401
vn 0.82915786 0.52007357 0.20498958
vn 0.83467787 0.51418637 0.19729477
vn 0.83464754 0.51422929 0.19731124
vn 0.82947614 0.51948505 0.20519410
vn 0.83517249 0.51338309 0.19729350
vn 0.86408387 -0.49639073 0.08339844
vn 0.86408387 -0.49639073 0.08339844
vn 0.86408387 -0.49639073 0.08339844
vn -0.56809828 -0.81389753 -0.12179963
vn -0.56809828 -0.81389753 -0.12179963
vn -0.56809828 -0.81389753 -0.12179963
vn -0.53231255 -0.76251798 -0.36770867
vn -0.53231255 -0.76251798 -0.36770867
vn -0.53231255 -0.76251798 -0.36770867
vn -0.17789181 -0.98395469 -0.01369937
vn -0.17789181 -0.98395469 -0.01369937
vn -0.17789181 -0.98395469 -0.01369937
vn 0.83036572 0.52997812 -0.17209290
vn 0.83036572 0.52997812 -0.17209290
vn 0.83036572 0.52997812 -0.17209290
vn -0.56888333 -0.82227591 -0.01529955
vn -0.56930418 -0.82200604 -0.01410010
vn -0.56917712 -0.82206695 -0.01559937
vn 0.50337966 0.84446588 -0.18299261
vn 0.50337966 0.84446588 -0.18299261
vn 0.50337966 0.84446588 -0.18299261
vn -0.74883318 0.59372631 -0.29451305
vn -0.74883318 0.59372631 -0.29451305
vn -0.74883318 0.59372631 -0.29451305
vn -0.07689961 0.93559526 0.34459825
vn -0.07689961 0.93559526 0.34459825
vn -0.07689961 0.93559526 0.34459825
vn -0.56899687 -0.82219548 -0.01539992
vn -0.56930498 -0.82200720 -0.01400012
vn -0.56972336 -0.82173370 -0.01300053
vn 0.17820013 0.90110066 0.39530029
vn 0.17820013 0.90110066 0.39530029
vn 0.17820013 0.90110066 0.39530029
vn -0.24431109 0.50382288 0.82853762
vn -0.24431109 0.50382288 0.82853762
vn -0.24431109 0.50382288 0.82853762
vn -0.45120110 -0.88710216 0.09730024
vn -0.45120110 -0.88710216 0.09730024
vn -0.45120110 -0.88710216 0.09730024
vn -0.03749963 0.98419040 0.17309831
vn -0.03749963 0.98419040 0.17309831
vn -0.03749963 0.98419040 0.17309831
vn 0.64200459 -0.25990186 -0.72130516
vn 0.64200459 -0.25990186 -0.72130516
vn 0.64200459 -0.25990186 -0.72130516
vn -0.41940335 0.86880693 -0.26320210
vn -0.41940335 0.86880693 -0.26320210
vn -0.41940335 0.86880693 -0.26320210
vn 0.16009979 0.40829947 0.89869884
vn 0.16009979 0.40829947 0.89869884
vn 0.16009979 0.40829947 0.89869884
vn -0.96126341 0.26308998 0.08219687
vn -0.96126341 0.26308998 0.08219687
vn -0.96126341 0.26308998 0.08219687
vn 0.86859425 0.49549672 -0.00519997
vn 0.86859425 0.49549672 -0.00519997
vn 0.86859425 0.49549672 -0.00519997
vn 0.82577397 0.47538501 0.30349043
vn 0.82577397 0.47538501 0.30349043
vn 0.82577397 0.47538501 0.30349043
vn -0.96398947 0.26319712 0.03809958
vn -0.96398947 0.26319712 0.03809958
vn -0.96398947 0.26319712 0.03809958
vn 0.98467216 0.05769837 -0.16459535
vn 0.98467216 0.05769837 -0.16459535
vn 0.98467216 0.05769837 -0.16459535
vn -0.46397580 -0.10869433 -0.87915414
vn -0.46397580 -0.10869433 -0.87915414
vn -0.46397580 -0.10869433 -0.87915414
vn -0.84727830 -0.35929080 -0.39118998
vn -0.84727830 -0.35929080 -0.39118998
vn -0.84727830 -0.35929080 -0.39118998
vn 0.13379618 -0.09879718 -0.98607185
vn 0.13379618 -0.09879718 -0.98607185
vn 0.13379618 -0.09879718 -0.98607185
vn 0.98750516 -0.05600029 -0.14730077
vn 0.98750516 -0.05600029 -0.14730077
vn 0.98750516 -0.05600029 -0.14730077
vn -0.84981160 -0.40970559 -0.33160453
vn -0.84981160 -0.40970559 -0.33160453
vn -0.84981160 -0.40970559 -0.33160453
vn -0.91398585 -0.37239423 0.16109751
vn -0.91398585 -0.37239423 0.16109751
vn -0.91398585 -0.37239423 0.16109751
vn 0.99845808 -0.05019789 0.02369900
vn 0.99845808 -0.05019789 0.02369900
vn 0.99845808 -0.05019789 0.02369900
vn -0.84869094 -0.40629566 0.33859639
vn -0.84869094 -0.40629566 0.33859639
vn -0.84869094 -0.40629566 0.33859639
vn 0.93117301 0.22069360 0.29019159
vn 0.93117301 0.22069360 0.29019159
vn 0.93117301 0.22069360 0.29019159
vn -0.84768907 -0.42409453 0.31869589
vn -0.84768907 -0.42409453 0.31869589
vn -0.84768907 -0.42409453 0.31869589
vn 0.00530003 0.41390261 0.91030574
vn 0.00530003 0.41390261 0.91030574
vn 0.00530003 0.41390261 0.91030574
vn -0.33290997 0.09630288 -0.93802809
vn -0.33290997 0.09630288 -0.93802809
vn -0.33290997 0.09630288 -0.93802809
vn 0.09670213 -0.41640919 0.90401996
vn 0.09670213 -0.41640919 0.90401996
vn 0.09670213 -0.41640919 0.90401996
vn -0.81879560 0.27869850 0.50189730
vn -0.81879560 0.27869850 0.50189730
vn -0.81879560 0.27869850 0.50189730
vn -0.69348922 0.19459697 0.69368921
vn -0.69348922 0.19459697 0.69368921
vn -0.69348922 0.19459697 0.69368921
vn 0.98036647 0.17099415 0.09819664
vn 0.98036647 0.17099415 0.09819664
vn 0.98036647 0.17099415 0.09819664
vn -0.54880749 -0.21050287 0.80901105
vn -0.54880749 -0.21050287 0.80901105
vn -0.54880749 -0.21050287 0.80901105
vn -0.99523279 0.03090102 -0.09250305
vn -0.99523279 0.03090102 -0.09250305
vn -0.99523279 0.03090102 -0.09250305
vn 0.75268868 0.45359318 -0.47719282
vn 0.75268868 0.45359318 -0.47719282
vn 0.75268868 0.45359318 -0.47719282
vn -0.20410366 0.04270077 -0.97801756
vn -0.20410366 0.04270077 -0.97801756
vn -0.20410366 0.04270077 -0.97801756
vn -0.95324183 -0.13499176 -0.27038350
vn -0.95324183 -0.13499176 -0.27038350
vn -0.95324183 -0.13499176 -0.27038350
vn 0.95323694 -0.12750494 -0.27401062
vn 0.95323694 -0.12750494 -0.27401062
vn 0.95323694 -0.12750494 -0.27401062
vn 0.15180228 -0.51700776 -0.84241264
vn 0.15180228 -0.51700776 -0.84241264
vn 0.15180228 -0.51700776 -0.84241264
vn 0.99447441 -0.08359785 -0.06349837
vn 0.99447441 -0.08359785 -0.06349837
vn 0.99447441 -0.08359785 -0.06349837
vn -0.95342713 -0.14730419 -0.26320749
vn -0.95342713 -0.14730419 -0.26320749
vn -0.95342713 -0.14730419 -0.26320749
vn 0.62200597 -0.75910728 0.19200184
vn 0.62200597 -0.75910728 0.19200184
vn 0.62200597 -0.75910728 0.19200184
vn -0.47309067 -0.34959310 0.80868404
vn -0.47309067 -0.34959310 0.80868404
vn -0.47309067 -0.34959310 0.80868404
vn -0.19169338 0.07259749 -0.97876619
vn -0.19169338 0.07259749 -0.97876619
vn -0.19169338 0.07259749 -0.97876619
vn -0.54297616 0.27608788 0.79306518
vn -0.54297616 0.27608788 0.79306518
vn -0.54297616 0.27608788 0.79306518
vn 0.88978164 -0.40209170 -0.21589555
vn 0.88978164 -0.40209170 -0.21589555
vn 0.88978164 -0.40209170 -0.21589555
vn -0.91261724 0.04430084 0.40640768
vn -0.91261724 0.04430084 0.40640768
vn -0.91261724 0.04430084 0.40640768
vn 0.84514951 0.27721624 0.45702677
vn 0.84514951 0.27721624 0.45702677
vn 0.84514951 0.27721624 0.45702677
vn 0.76122265 -0.61761838 0.19770588
vn 0.76122265 -0.61761838 0.19770588
vn 0.76122265 -0.61761838 0.19770588
vn -0.71410457 0.67580432 -0.18260117
vn -0.71281246 0.67891186 -0.17600308
vn -0.71281246 0.67891186 -0.17600308
vn -0.71277660 0.67897771 -0.17589423
vn 0.72958893 -0.68228965 0.04669929
vn 0.72958893 -0.68228965 0.04669929
vn 0.72958893 -0.68228965 0.04669929
vn -0.71407847 0.67577963 -0.18279449
vn -0.71407847 0.67577963 -0.18279449
vn -0.56789259 0.21879714 -0.79348965
vn -0.56789259 0.21879714 -0.79348965
vn -0.56789259 0.21879714 -0.79348965
vn 0.89397934 -0.41899032 0.15889633
vn 0.89397934 -0.41899032 0.15889633
vn 0.89397934 -0.41899032 0.15889633
vn -0.92279666 0.01939993 -0.38479861
vn -0.92279666 0.01939993 -0.38479861
vn -0.92279666 0.01939993 -0.38479861
vn 0.70490772 -0.64770709 0.28910316
vn 0.70490772 -0.64770709 0.28910316
vn 0.70490772 -0.64770709 0.28910316
vn -0.87960587 0.13310089 -0.45670305
vn -0.87960587 0.13310089 -0.45670305
vn -0.87960587 0.13310089 -0.45670305
vn -0.53029511 -0.83449231 -0.14969862
vn -0.53029511 -0.83449231 -0.14969862
vn -0.53029511 -0.83449231 -0.14969862
vn 0.81998896 -0.45619386 -0.34569535
vn 0.81998896 -0.45619386 -0.34569535
vn 0.81998896 -0.45619386 -0.34569535
vn -0.85040782 0.16000147 -0.50120461
vn -0.85040782 0.16000147 -0.50120461
vn -0.85040782 0.16000147 -0.50120461
vn -0.39430400 -0.56700575 0.72320733
vn -0.39430400 -0.56700575 0.72320733
vn -0.39430400 -0.56700575 0.72320733
vn -0.56890686 0.58620707 0.57680695
vn -0.56890686 0.58620707 0.57680695
vn -0.56890686 0.58620707 0.57680695
vn -0.01830002 -0.72080074 0.69290071
vn -0.01830002 -0.72080074 0.69290071
vn -0.01830002 -0.72080074 0.69290071
vn -0.00619992 0.85058961 0.52579357
vn -0.00619992 0.85058961 0.52579357
vn -0.00619992 0.85058961 0.52579357
vn 0.34219595 -0.50389404 0.79309062
vn 0.34219595 -0.50389404 0.79309062
vn 0.34219595 -0.50389404 0.79309062
vn -0.58498565 0.78178083 -0.21589471
vn -0.58498565 0.78178083 -0.21589471
vn -0.58498565 0.78178083 -0.21589471
vn 0.77777898 -0.47948704 0.40638902
vn 0.77777898 -0.47948704 0.40638902
vn 0.77777898 -0.47948704 0.40638902
vn -0.87394048 0.16540766 0.45702117
vn -0.87394048 0.16540766 0.45702117
vn -0.87394048 0.16540766 0.45702117
vn -0.36840103 0.90840254 0.19770055
vn -0.36840103 0.90840254 0.19770055
vn -0.36840103 0.90840254 0.19770055
vn 0.29859534 -0.93688539 -0.18189716
vn 0.29640198 -0.93870627 -0.17600117
vn 0.29781204 -0.93753791 -0.17980727
vn -0.30939547 0.94978609 0.04669932
vn -0.30939547 0.94978609 0.04669932
vn -0.30939547 0.94978609 0.04669932
vn 0.29861789 -0.93685612 -0.18201090
vn 0.29899456 -0.93658295 -0.18279667
vn 0.39160735 -0.46580875 -0.79351490
vn 0.39160735 -0.46580875 -0.79351490
vn 0.39160735 -0.46580875 -0.79351490
vn -0.58050249 0.79860343 0.15890068
vn -0.58050249 0.79860343 0.15890068
vn -0.58050249 0.79860343 0.15890068
vn 0.79870340 -0.46260197 -0.38480164
vn 0.79870340 -0.46260197 -0.38480164
vn 0.79870340 -0.46260197 -0.38480164
vn -0.30449439 0.90758329 0.28909468
vn -0.30449439 0.90758329 0.28909468
vn -0.30449439 0.90758329 0.28909468
vn 0.70595593 -0.54136621 -0.45667149
vn 0.70595593 -0.54136621 -0.45667149
vn 0.70595593 -0.54136621 -0.45667149
vn 0.86738352 0.47459098 -0.14969716
vn 0.86738352 0.47459098 -0.14969716
vn 0.86738352 0.47459098 -0.14969716
vn -0.49769153 0.79548646 -0.34569412
vn -0.49769153 0.79548646 -0.34569412
vn -0.49769153 0.79548646 -0.34569412
vn 0.66739838 -0.55079867 -0.50119879
vn 0.66739838 -0.55079867 -0.50119879
vn 0.66739838 -0.55079867 -0.50119879
vn 0.61909992 0.30609996 0.72319991
vn 0.61909992 0.30609996 0.72319991
vn 0.61909992 0.30609996 0.72319991
vn 0.21509270 -0.78807326 0.57678043
vn 0.21509270 -0.78807326 0.57678043
vn 0.21509270 -0.78807326 0.57678043
vn 0.36408890 0.62238102 0.69287887
vn 0.36408890 0.62238102 0.69287887
vn 0.36408890 0.62238102 0.69287887
vn -0.40531245 -0.74782297 0.52581615
vn -0.40531245 -0.74782297 0.52581615
vn -0.40531245 -0.74782297 0.52581615
vn 0.80031854 -0.01390032 0.59941389
vn 0.80031854 -0.01390032 0.59941389
vn 0.80031854 -0.01390032 0.59941389
vn -0.23429149 0.06969747 -0.96966477
vn -0.23429149 0.06969747 -0.96966477
vn -0.23429149 0.06969747 -0.96966477
vn 0.41808766 -0.39178844 0.81957582
vn 0.41808766 -0.39178844 0.81957582
vn 0.41808766 -0.39178844 0.81957582
vn 0.43700511 0.64440754 -0.62750734
vn 0.43700511 0.64440754 -0.62750734
vn 0.43700511 0.64440754 -0.62750734
vn 0.16859979 -0.17569978 -0.96989881
vn 0.16859979 -0.17569978 -0.96989881
vn 0.16859979 -0.17569978 -0.96989881
vn -0.15250698 0.24891140 0.95644380
vn -0.14749618 0.25179349 0.95647526
vn -0.14890123 0.25160208 0.95630791
vn 0.02089980 -0.24699762 -0.96879068
vn 0.02089980 -0.24699762 -0.96879068
vn 0.02089980 -0.24699762 -0.96879068
vn -0.15250698 0.24891140 0.95644380
vn -0.15420078 0.24840126 0.95630483
vn -0.77054653 -0.08160493 0.63213818
vn -0.77054653 -0.08160493 0.63213818
vn -0.77054653 -0.08160493 0.63213818
vn 0.13079911 0.05829960 -0.98969326
vn 0.13079911 0.05829960 -0.98969326
vn 0.13079911 0.05829960 -0.98969326
vn -0.35819755 -0.42009712 0.83379429
vn -0.35819755 -0.42009712 0.83379429
vn -0.35819755 -0.42009712 0.83379429
vn 0.25890876 -0.22830772 -0.93853175
vn 0.25890876 -0.22830772 -0.93853175
vn 0.25890876 -0.22830772 -0.93853175
vn -0.42788616 -0.30119026 0.85217244
vn -0.42788616 -0.30119026 0.85217244
vn -0.42788616 -0.30119026 0.85217244
vn -0.15000575 -0.98603782 0.07230277
vn -0.15000575 -0.98603782 0.07230277
vn -0.15000575 -0.98603782 0.07230277
vn -0.36091566 -0.01040045 -0.93254046
vn -0.36091566 -0.01040045 -0.93254046
vn -0.36091566 -0.01040045 -0.93254046
vn -0.47208424 -0.26439117 0.84097192
vn -0.47208424 -0.26439117 0.84097192
vn -0.47208424 -0.26439117 0.84097192
vn 0.72190001 -0.68940001 0.05990000
vn 0.72190001 -0.68940001 0.05990000
vn 0.72190001 -0.68940001 0.05990000
vn 0.58679264 0.24339695 0.77229031
vn 0.58679264 0.24339695 0.77229031
vn 0.58679264 0.24339695 0.77229031
vn 0.67989069 -0.64309120 -0.35239518
vn 0.67989069 -0.64309120 -0.35239518
vn 0.67989069 -0.64309120 -0.35239518
vn 0.53219610 0.74379456 0.40439704
vn 0.53219610 0.74379456 0.40439704
vn 0.53219610 0.74379456 0.40439704
vn 0.77482575 -0.56331872 0.28690953
vn 0.77482575 -0.56331872 0.28690953
vn 0.77482575 -0.56331872 0.28690953
vn -0.20889749 0.16399803 0.96408842
vn -0.20889749 0.16399803 0.96408842
vn -0.20889749 0.16399803 0.96408842
vn 0.78512423 0.17150529 -0.59511837
vn 0.78512423 0.17150529 -0.59511837
vn 0.78512423 0.17150529 -0.59511837
vn 0.87847411 -0.09129731 -0.46898618
vn 0.87847411 -0.09129731 -0.46898618
vn 0.87847411 -0.09129731 -0.46898618
vn -0.22809684 0.20089722 0.95268680
vn -0.22809684 0.20089722 0.95268680
vn -0.22809684 0.20089722 0.95268680
vn 0.43381151 0.06680177 -0.89852384
vn 0.43381151 0.06680177 -0.89852384
vn 0.43381151 0.06680177 -0.89852384
vn -0.67260394 0.73340430 0.09860058
vn -0.67260394 0.73340430 0.09860058
vn -0.67260394 0.73340430 0.09860058
vn -0.83512060 0.22640559 0.50131237
vn -0.83512060 0.22640559 0.50131237
vn -0.83512060 0.22640559 0.50131237
vn -0.42929100 0.77118383 -0.47009014
vn -0.42929100 0.77118383 -0.47009014
vn -0.42929100 0.77118383 -0.47009014
vn 0.35421606 -0.00630029 -0.93514239
vn 0.35421606 -0.00630029 -0.93514239
vn 0.35421606 -0.00630029 -0.93514239
vn -0.85018716 0.15089772 0.50439238
vn -0.85018716 0.15089772 0.50439238
vn -0.85018716 0.15089772 0.50439238
vn -0.64649777 -0.23289920 0.72649749
vn -0.64649777 -0.23289920 0.72649749
vn -0.64649777 -0.23289920 0.72649749
vn 0.43391401 -0.14610472 -0.88902871
vn 0.43391401 -0.14610472 -0.88902871
vn 0.43391401 -0.14610472 -0.88902871
vn -0.57059567 -0.40539693 0.71419459
vn -0.57059567 -0.40539693 0.71419459
vn -0.57059567 -0.40539693 0.71419459
vn 0.72317820 -0.22179331 -0.65408028
vn 0.72317820 -0.22179331 -0.65408028
vn 0.72317820 -0.22179331 -0.65408028
vn -0.59212772 -0.39811864 0.70063280
vn -0.59212772 -0.39811864 0.70063280
vn -0.59212772 -0.39811864 0.70063280
vn 0.71119623 -0.55459706 0.43199771
vn 0.71119623 -0.55459706 0.43199771
vn 0.71119623 -0.55459706 0.43199771
vn -0.47518890 0.87917946 0.03519918
vn -0.47518890 0.87917946 0.03519918
vn -0.47518890 0.87917946 0.03519918
vn 0.38968738 -0.64097924 0.66127858
vn 0.38968738 -0.64097924 0.66127858
vn 0.38968738 -0.64097924 0.66127858
vn -0.82517843 0.03659904 0.56368526
vn -0.82517843 0.03659904 0.56368526
vn -0.82517843 0.03659904 0.56368526
vn 0.96476723 0.21209280 0.15569471
vn 0.96476723 0.21209280 0.15569471
vn 0.96476723 0.21209280 0.15569471
vn 0.95957044 -0.07279776 0.27189162
vn 0.95957044 -0.07279776 0.27189162
vn 0.95957044 -0.07279776 0.27189162
vn -0.83339635 0.07619967 0.54739760
vn -0.83339635 0.07619967 0.54739760
vn -0.83339635 0.07619967 0.54739760
vn 0.93030758 0.17190140 -0.32400264
vn 0.93030758 0.17190140 -0.32400264
vn 0.93030758 0.17190140 -0.32400264
vn -0.59142271 0.75092883 -0.29381128
vn -0.59142271 0.75092883 -0.29381128
vn -0.59142271 0.75092883 -0.29381128
vn -0.95937579 0.20039494 -0.19859499
vn -0.95937579 0.20039494 -0.19859499
vn -0.95937579 0.20039494 -0.19859499
vn -0.02939975 0.85439267 -0.51879555
vn -0.02939975 0.85439267 -0.51879555
vn -0.02939975 0.85439267 -0.51879555
vn 0.90223617 0.10870436 -0.41731673
vn 0.90223617 0.10870436 -0.41731673
vn 0.90223617 0.10870436 -0.41731673
vn -0.96776754 0.12559579 -0.21829268
vn -0.96776754 0.12559579 -0.21829268
vn -0.96776754 0.12559579 -0.21829268
vn -0.95341990 -0.30050627 0.02620055
vn -0.95341990 -0.30050627 0.02620055
vn -0.95341990 -0.30050627 0.02620055
vn 0.93617157 -0.04229872 -0.34898940
vn 0.93617157 -0.04229872 -0.34898940
vn 0.93617157 -0.04229872 -0.34898940
vn -0.87920168 -0.47430091 0.04520009
vn -0.87920168 -0.47430091 0.04520009
vn -0.87920168 -0.47430091 0.04520009
vn 0.98573129 -0.16790533 0.01190038
vn 0.98573129 -0.16790533 0.01190038
vn 0.98573129 -0.16790533 0.01190038
vn -0.88568163 -0.46379038 0.02159955
vn -0.88568163 -0.46379038 0.02159955
vn -0.88568163 -0.46379038 0.02159955
vn 0.24469846 -0.64929591 0.72009547
vn 0.24469846 -0.64929591 0.72009547
vn 0.24469846 -0.64929591 0.72009547
vn -0.41420411 0.89250886 -0.17850177
vn -0.41420411 0.89250886 -0.17850177
vn -0.41420411 0.89250886 -0.17850177
vn 0.14660551 -0.98113691 0.12600474
vn 0.14660551 -0.98113691 0.12600474
vn 0.14660551 -0.98113691 0.12600474
vn 0.91438042 0.22149526 -0.33889274
vn 0.91438042 0.22149526 -0.33889274
vn 0.91438042 0.22149526 -0.33889274
vn -0.66473232 -0.64683145 0.37381817
vn -0.66473232 -0.64683145 0.37381817
vn -0.66473232 -0.64683145 0.37381817
vn -0.66592314 -0.63772216 0.38711345
vn -0.66592314 -0.63772216 0.38711345
vn -0.66592314 -0.63772216 0.38711345
vn 0.01960038 -0.31850610 0.94771815
vn 0.01960038 -0.31850610 0.94771815
vn 0.01960038 -0.31850610 0.94771815
vn 0.86761430 0.49120810 0.07720127
vn 0.86761430 0.49120810 0.07720127
vn 0.86761430 0.49120810 0.07720127
vn 0.62280657 0.76870811 0.14560154
vn 0.62280657 0.76870811 0.14560154
vn 0.62280657 0.76870811 0.14560154
vn 0.81665713 0.17399087 0.55027112
vn 0.81665713 0.17399087 0.55027112
vn 0.81665713 0.17399087 0.55027112
vn -0.86131879 -0.11950261 0.49381077
vn -0.86131879 -0.11950261 0.49381077
vn -0.86131879 -0.11950261 0.49381077
vn 0.94082775 0.33560990 0.04700139
vn 0.94144859 0.33401724 0.04590237
vn 0.94149572 0.33389848 0.04579979
vn -0.99793438 -0.00750026 -0.06380220
vn -0.99793438 -0.00750026 -0.06380220
vn -0.99793438 -0.00750026 -0.06380220
vn -0.19510620 0.50291599 -0.84202677
vn -0.19510620 0.50291599 -0.84202677
vn -0.19510620 0.50291599 -0.84202677
vn -0.44191204 -0.47171285 -0.76302079
vn -0.44191204 -0.47171285 -0.76302079
vn -0.44191204 -0.47171285 -0.76302079
vn 0.94149572 0.33389848 0.04579979
vn 0.94144859 0.33401724 0.04590237
vn 0.94207682 0.33239182 0.04479890
vn -0.52150346 -0.64480428 -0.55880371
vn -0.52150346 -0.64480428 -0.55880371
vn -0.52150346 -0.64480428 -0.55880371
vn 0.08869800 -0.78408236 -0.61428618
vn 0.08869800 -0.78408236 -0.61428618
vn 0.08869800 -0.78408236 -0.61428618
vn 0.97602067 0.11910252 0.18220386
vn 0.97602067 0.11910252 0.18220386
vn 0.97602067 0.11910252 0.18220386
vn -0.59209328 -0.29229668 -0.75099148
vn -0.59209328 -0.29229668 -0.75099148
vn -0.59209328 -0.29229668 -0.75099148
vn -0.31400051 0.57090092 0.75860123
vn -0.31400051 0.57090092 0.75860123
vn -0.31400051 0.57090092 0.75860123
vn -0.48428179 0.37118604 -0.79227020
vn -0.48428179 0.37118604 -0.79227020
vn -0.48428179 0.37118604 -0.79227020
vn 0.31751069 0.28620963 0.90403043
vn 0.31751069 0.28620963 0.90403043
vn 0.31751069 0.28620963 0.90403043
vn 0.15259448 -0.85136921 0.50188185
vn 0.15259448 -0.85136921 0.50188185
vn 0.15259448 -0.85136921 0.50188185
vn 0.16540183 -0.70100776 0.69370768
vn 0.16540183 -0.70100776 0.69370768
vn 0.16540183 -0.70100776 0.69370768
vn -0.62423312 0.77504112 0.09820521
vn -0.62423312 0.77504112 0.09820521
vn -0.62423312 0.77504112 0.09820521
vn 0.44989957 -0.37829964 0.80899923
vn 0.44989957 -0.37829964 0.80899923
vn 0.44989957 -0.37829964 0.80899923
vn 0.45479069 -0.88578187 -0.09249811
vn 0.45479069 -0.88578187 -0.09249811
vn 0.45479069 -0.88578187 -0.09249811
vn -0.76129295 0.43899593 -0.47719558
vn -0.76129295 0.43899593 -0.47719558
vn -0.76129295 0.43899593 -0.47719558
vn 0.06150041 -0.19930132 -0.97800648
vn 0.06150041 -0.19930132 -0.97800648
vn 0.06150041 -0.19930132 -0.97800648
vn 0.58971694 -0.76372194 -0.26260754
vn 0.57961391 -0.76871845 -0.27040649
vn 0.57999745 -0.76839662 -0.27049881
vn -0.34990636 0.89581628 -0.27400498
vn -0.34990636 0.89581628 -0.27400498
vn -0.34990636 0.89581628 -0.27400498
vn 0.37890595 0.38310602 -0.84241323
vn 0.37890595 0.38310602 -0.84241323
vn 0.37890595 0.38310602 -0.84241323
vn -0.40831358 0.91063028 -0.06350211
vn -0.40831358 0.91063028 -0.06350211
vn -0.40831358 0.91063028 -0.06350211
vn 0.58978216 -0.76367690 -0.26259206
vn 0.57999745 -0.76839662 -0.27049881
vn 0.59050564 -0.76290729 -0.26320251
vn 0.36299778 0.91179442 0.19199882
vn 0.36299778 0.91179442 0.19199882
vn 0.36299778 0.91179442 0.19199882
vn 0.53490220 -0.24470100 0.80870332
vn 0.53490220 -0.24470100 0.80870332
vn 0.53490220 -0.24470100 0.80870332
vn 0.02929888 -0.20289226 -0.97876264
vn 0.02929888 -0.20289226 -0.97876264
vn 0.02929888 -0.20289226 -0.97876264
vn 0.89897427 0.41948799 0.12599639
vn 0.89897427 0.41948799 0.12599639
vn 0.89897427 0.41948799 0.12599639
vn -0.47229334 0.81368853 -0.33889522
vn -0.47229334 0.81368853 -0.33889522
vn -0.47229334 0.81368853 -0.33889522
vn 0.80909370 -0.45339647 0.37389709
vn 0.80909370 -0.45339647 0.37389709
vn 0.80909370 -0.45339647 0.37389709
vn 0.80070050 -0.45720029 0.38710024
vn 0.80070050 -0.45720029 0.38710024
vn 0.80070050 -0.45720029 0.38710024
vn 0.29971471 0.10930536 0.94774650
vn 0.29971471 0.10930536 0.94774650
vn 0.29971471 0.10930536 0.94774650
vn -0.71748372 0.69228429 0.07719825
vn -0.71748372 0.69228429 0.07719825
vn -0.71748372 0.69228429 0.07719825
vn -0.91399586 0.37869829 0.14559934
vn -0.91399586 0.37869829 0.14559934
vn -0.91399586 0.37869829 0.14559934
vn -0.39898936 0.73348044 0.55028532
vn -0.39898936 0.73348044 0.55028532
vn -0.39898936 0.73348044 0.55028532
vn 0.35940826 -0.79181820 0.49381135
vn 0.35940826 -0.79181820 0.49381135
vn 0.35940826 -0.79181820 0.49381135
vn -0.58909626 0.80669488 0.04699970
vn -0.58879696 0.80689583 0.04729976
vn -0.58668826 0.80858382 0.04459911
vn 0.29081509 -0.95464953 -0.06380331
vn 0.29081509 -0.95464953 -0.06380331
vn 0.29081509 -0.95464953 -0.06380331
vn -0.42659574 -0.32999670 -0.84209159
vn -0.42659574 -0.32999670 -0.84209159
vn -0.42659574 -0.32999670 -0.84209159
vn 0.57778769 -0.28959383 -0.76308374
vn 0.57778769 -0.28959383 -0.76308374
vn 0.57778769 -0.28959383 -0.76308374
vn -0.58650440 0.80870607 0.04480034
vn -0.58891258 0.80681723 0.04720101
vn -0.58650440 0.80870607 0.04480034
vn 0.76642863 -0.31671183 -0.55882088
vn 0.76642863 -0.31671183 -0.55882088
vn 0.76642863 -0.31671183 -0.55882088
vn 0.72651121 0.30790475 -0.61430948
vn 0.72651121 0.30790475 -0.61430948
vn 0.72651121 0.30790475 -0.61430948
vn -0.39160568 0.90191307 0.18220264
vn -0.39160568 0.90191307 0.18220264
vn -0.39160568 0.90191307 0.18220264
vn 0.44850215 -0.48460232 -0.75100360
vn 0.44850215 -0.48460232 -0.75100360
vn 0.44850215 -0.48460232 -0.75100360
vn -0.45810539 -0.46330545 0.75860893
vn -0.45810539 -0.46330545 0.75860893
vn -0.45810539 -0.46330545 0.75860893
vn -0.21819754 -0.56979357 -0.79229106
vn -0.21819754 -0.56979357 -0.79229106
vn -0.21819754 -0.56979357 -0.79229106
vn 0.90856691 0.39828549 0.12599541
vn 0.90856691 0.39828549 0.12599541
vn 0.90856691 0.39828549 0.12599541
vn -0.45311063 0.82451935 -0.33890795
vn -0.45311063 0.82451935 -0.33890795
vn -0.45311063 0.82451935 -0.33890795
vn 0.79823314 -0.47231961 0.37381552
vn 0.79823314 -0.47231961 0.37381552
vn 0.79823314 -0.47231961 0.37381552
vn 0.78979365 -0.47579617 0.38709689
vn 0.78979365 -0.47579617 0.38709689
vn 0.78979365 -0.47579617 0.38709689
vn 0.30221436 0.10220486 0.94774503
vn 0.30221436 0.10220486 0.94774503
vn 0.30221436 0.10220486 0.94774503
vn -0.70108589 0.70888573 0.07719845
vn -0.70108589 0.70888573 0.07719845
vn -0.70108589 0.70888573 0.07719845
vn -0.90488038 0.39999133 0.14559684
vn -0.90488038 0.39999133 0.14559684
vn -0.90488038 0.39999133 0.14559684
vn -0.38170387 0.74260752 0.55030557
vn -0.38170387 0.74260752 0.55030557
vn -0.38170387 0.74260752 0.55030557
vn 0.34080288 -0.80000677 0.49380418
vn 0.34080288 -0.80000677 0.49380418
vn 0.34080288 -0.80000677 0.49380418
vn -0.57011395 0.82022008 0.04700115
vn -0.57011395 0.82022008 0.04700115
vn -0.56759792 0.82209699 0.04459984
vn 0.26839806 -0.96119306 -0.06379954
vn 0.26839806 -0.96119306 -0.06379954
vn 0.26839806 -0.96119306 -0.06379954
vn -0.43428156 -0.31988642 -0.84206425
vn -0.43428156 -0.31988642 -0.84206425
vn -0.43428156 -0.31988642 -0.84206425
vn 0.57088361 -0.30299130 -0.76307809
vn 0.57088361 -0.30299130 -0.76307809
vn 0.57088361 -0.30299130 -0.76307809
vn -0.56741060 0.82221536 0.04480084
vn -0.56970093 0.82050133 0.04710008
vn -0.56741060 0.82221536 0.04480084
vn 0.75880302 -0.33460133 -0.55880222
vn 0.75880302 -0.33460133 -0.55880222
vn 0.75880302 -0.33460133 -0.55880222
vn 0.73351783 0.29080707 -0.61431493
vn 0.73351783 0.29080707 -0.61431493
vn 0.73351783 0.29080707 -0.61431493
vn -0.37040933 0.91082293 0.18220459
vn -0.37040933 0.91082293 0.18220459
vn -0.37040933 0.91082293 0.18220459
vn 0.43710362 -0.49490410 -0.75100623
vn 0.43710362 -0.49490410 -0.75100623
vn 0.43710362 -0.49490410 -0.75100623
vn -0.46889838 -0.45239843 0.75859737
vn -0.46889838 -0.45239843 0.75859737
vn -0.46889838 -0.45239843 0.75859737
vn -0.23150095 -0.56450232 -0.79230325
vn -0.23150095 -0.56450232 -0.79230325
vn -0.23150095 -0.56450232 -0.79230325
vn -0.60888608 -0.01669962 0.79308187
vn -0.60888608 -0.01669962 0.79308187
vn -0.60888608 -0.01669962 0.79308187
vn 0.97379440 0.07149959 -0.21589876
vn 0.97379440 0.07149959 -0.21589876
vn 0.97379440 0.07149959 -0.21589876
vn -0.82302461 -0.39681186 0.40641215
vn -0.82302461 -0.39681186 0.40641215
vn -0.82302461 -0.39681186 0.40641215
vn 0.61022092 0.64712218 0.45701566
vn 0.61022092 0.64712218 0.45701566
vn 0.61022092 0.64712218 0.45701566
vn 0.96374778 -0.17919029 0.19768929
vn 0.96374778 -0.17919029 0.19768929
vn 0.96374778 -0.17919029 0.19768929
vn -0.95008512 0.25239605 -0.18339713
vn -0.95046926 0.25619171 -0.17599431
vn -0.95048091 0.25669484 -0.17519648
vn -0.95047315 0.25679275 -0.17509505
vn 0.96683174 -0.25110824 0.04670153
vn 0.96683174 -0.25110824 0.04670153
vn 0.96683174 -0.25110824 0.04670153
vn -0.95007855 0.25249430 -0.18329586
vn -0.95009350 0.25279827 -0.18279875
vn -0.60340760 -0.07900100 -0.79350999
vn -0.60340760 -0.07900100 -0.79350999
vn -0.60340760 -0.07900100 -0.79350999
vn 0.98554961 0.05869700 0.15889188
vn 0.98554961 0.05869700 0.15889188
vn 0.98554961 0.05869700 0.15889188
vn -0.82007047 -0.42358475 -0.38478615
vn -0.82007047 -0.42358475 -0.38478615
vn -0.82007047 -0.42358475 -0.38478615
vn 0.92863110 -0.23250779 0.28910968
vn 0.92863110 -0.23250779 0.28910968
vn 0.92863110 -0.23250779 0.28910968
vn -0.83648962 -0.30299624 -0.45659434
vn -0.83648962 -0.30299624 -0.45659434
vn -0.83648962 -0.30299624 -0.45659434
vn -0.06750164 -0.98642402 -0.14970365
vn -0.06750164 -0.98642402 -0.14970365
vn -0.06750164 -0.98642402 -0.14970365
vn 0.93829825 -0.00939998 -0.34569935
vn 0.93829825 -0.00939998 -0.34569935
vn 0.93829825 -0.00939998 -0.34569935
vn -0.82359644 -0.26549885 -0.50119783
vn -0.82359644 -0.26549885 -0.50119783
vn -0.82359644 -0.26549885 -0.50119783
vn -0.07569883 -0.68648937 0.72318880
vn -0.07569883 -0.68648937 0.72318880
vn -0.07569883 -0.68648937 0.72318880
vn -0.77976938 0.24349044 0.57677735
vn -0.77976938 0.24349044 0.57677735
vn -0.77976938 0.24349044 0.57677735
vn 0.32809140 -0.64208317 0.69288184
vn 0.32809140 -0.64208317 0.69288184
vn 0.32809140 -0.64208317 0.69288184
vn -0.41159762 0.74439570 0.52579696
vn -0.41159762 0.74439570 0.52579696
vn -0.41159762 0.74439570 0.52579696
vn 0.14660551 -0.98113691 0.12600474
vn 0.14660551 -0.98113691 0.12600474
vn 0.14660551 -0.98113691 0.12600474
vn 0.91438042 0.22149526 -0.33889274
vn 0.91438042 0.22149526 -0.33889274
vn 0.91438042 0.22149526 -0.33889274
vn -0.66473232 -0.64683145 0.37381817
vn -0.66473232 -0.64683145 0.37381817
vn -0.66473232 -0.64683145 0.37381817
vn -0.66592314 -0.63772216 0.38711345
vn -0.66592314 -0.63772216 0.38711345
vn -0.66592314 -0.63772216 0.38711345
vn 0.01960100 -0.31841624 0.94774833
vn 0.01960100 -0.31841624 0.94774833
vn 0.01960100 -0.31841624 0.94774833
vn 0.86761430 0.49120810 0.07720127
vn 0.86761430 0.49120810 0.07720127
vn 0.86761430 0.49120810 0.07720127
vn 0.62280657 0.76870811 0.14560154
vn 0.62280657 0.76870811 0.14560154
vn 0.62280657 0.76870811 0.14560154
vn 0.81665713 0.17399087 0.55027112
vn 0.81665713 0.17399087 0.55027112
vn 0.81665713 0.17399087 0.55027112
vn -0.86131879 -0.11950261 0.49381077
vn -0.86131879 -0.11950261 0.49381077
vn -0.86131879 -0.11950261 0.49381077
vn 0.94082775 0.33560990 0.04700139
vn 0.94141282 0.33410455 0.04600063
vn 0.94149572 0.33389848 0.04579979
vn -0.99793438 -0.00750026 -0.06380220
vn -0.99793438 -0.00750026 -0.06380220
vn -0.99793438 -0.00750026 -0.06380220
vn -0.19510620 0.50291599 -0.84202677
vn -0.19510620 0.50291599 -0.84202677
vn -0.19510620 0.50291599 -0.84202677
vn -0.44191204 -0.47171285 -0.76302079
vn -0.44191204 -0.47171285 -0.76302079
vn -0.44191204 -0.47171285 -0.76302079
vn 0.94149572 0.33389848 0.04579979
vn 0.94145996 0.33398580 0.04589805
vn 0.94207682 0.33239182 0.04479890
vn -0.52150346 -0.64480428 -0.55880371
vn -0.52150346 -0.64480428 -0.55880371
vn -0.52150346 -0.64480428 -0.55880371
vn 0.08869800 -0.78408236 -0.61428618
vn 0.08869800 -0.78408236 -0.61428618
vn 0.08869800 -0.78408236 -0.61428618
vn 0.97602067 0.11910252 0.18220386
vn 0.97602067 0.11910252 0.18220386
vn 0.97602067 0.11910252 0.18220386
vn -0.59209328 -0.29229668 -0.75099148
vn -0.59209328 -0.29229668 -0.75099148
vn -0.59209328 -0.29229668 -0.75099148
vn -0.31400051 0.57090092 0.75860123
vn -0.31400051 0.57090092 0.75860123
vn -0.31400051 0.57090092 0.75860123
vn -0.48428179 0.37118604 -0.79227020
vn -0.48428179 0.37118604 -0.79227020
vn -0.48428179 0.37118604 -0.79227020
vn -0.27538546 -0.32688274 0.90405228
vn -0.27538546 -0.32688274 0.90405228
vn -0.27538546 -0.32688274 0.90405228
vn -0.26750453 0.82251394 0.50190850
vn -0.26750453 0.82251394 0.50190850
vn -0.26750453 0.82251394 0.50190850
vn -0.25970272 0.67180705 0.69370728
vn -0.25970272 0.67180705 0.69370728
vn -0.25970272 0.67180705 0.69370728
vn 0.72427828 -0.68247953 0.09819706
vn 0.72427828 -0.68247953 0.09819706
vn 0.72427828 -0.68247953 0.09819706
vn -0.49738890 0.31329301 0.80898194
vn -0.49738890 0.31329301 0.80898194
vn -0.49738890 0.31329301 0.80898194
vn -0.57160089 0.81530126 -0.09250014
vn -0.57160089 0.81530126 -0.09250014
vn -0.57160089 0.81530126 -0.09250014
vn 0.81413774 -0.33081534 -0.47722212
vn 0.81413774 -0.33081534 -0.47722212
vn 0.81413774 -0.33081534 -0.47722212
vn -0.08810147 0.18900316 -0.97801633
vn -0.08810147 0.18900316 -0.97801633
vn -0.08810147 0.18900316 -0.97801633
vn -0.68900689 0.67550675 -0.26260262
vn -0.67921287 0.68231293 -0.27040513
vn -0.68381168 0.67901159 -0.26710456
vn 0.46908617 -0.83957525 -0.27399192
vn 0.46908617 -0.83957525 -0.27399192
vn 0.46908617 -0.83957525 -0.27399192
vn -0.32300219 -0.43130292 -0.84240571
vn -0.32300219 -0.43130292 -0.84240571
vn -0.32300219 -0.43130292 -0.84240571
vn 0.52890234 -0.84630374 -0.06350028
vn 0.52890234 -0.84630374 -0.06350028
vn 0.52890234 -0.84630374 -0.06350028
vn -0.68896034 0.67556112 -0.26258489
vn -0.68381168 0.67901159 -0.26710456
vn -0.68923588 0.67503514 -0.26321370
vn -0.23500977 -0.95283962 0.19200798
vn -0.23500977 -0.95283962 0.19200798
vn -0.23500977 -0.95283962 0.19200798
vn -0.56337810 0.16929342 0.80866857
vn -0.56337810 0.16929342 0.80866857
vn -0.56337810 0.16929342 0.80866857
vn -0.05669792 0.19699278 -0.97876411
vn -0.05669792 0.19699278 -0.97876411
vn -0.05669792 0.19699278 -0.97876411
vn -0.60888608 -0.01669962 0.79308187
vn -0.60888608 -0.01669962 0.79308187
vn -0.60888608 -0.01669962 0.79308187
vn 0.97379440 0.07149959 -0.21589876
vn 0.97379440 0.07149959 -0.21589876
vn 0.97379440 0.07149959 -0.21589876
vn -0.82302461 -0.39681186 0.40641215
vn -0.82302461 -0.39681186 0.40641215
vn -0.82302461 -0.39681186 0.40641215
vn 0.61022092 0.64712218 0.45701566
vn 0.61022092 0.64712218 0.45701566
vn 0.61022092 0.64712218 0.45701566
vn 0.96374778 -0.17919029 0.19768929
vn 0.96374778 -0.17919029 0.19768929
vn 0.96374778 -0.17919029 0.19768929
vn -0.95008512 0.25239605 -0.18339713
vn -0.95046926 0.25619171 -0.17599431
vn -0.95047315 0.25679275 -0.17509505
vn 0.96683174 -0.25110824 0.04670153
vn 0.96683174 -0.25110824 0.04670153
vn 0.96683174 -0.25110824 0.04670153
vn -0.95008512 0.25239605 -0.18339713
vn -0.95009350 0.25279827 -0.18279875
vn -0.60340760 -0.07900100 -0.79350999
vn -0.60340760 -0.07900100 -0.79350999
vn -0.60340760 -0.07900100 -0.79350999
vn 0.98554961 0.05869700 0.15889188
vn 0.98554961 0.05869700 0.15889188
vn 0.98554961 0.05869700 0.15889188
vn -0.82007047 -0.42358475 -0.38478615
vn -0.82007047 -0.42358475 -0.38478615
vn -0.82007047 -0.42358475 -0.38478615
vn 0.92863110 -0.23250779 0.28910968
vn 0.92863110 -0.23250779 0.28910968
vn 0.92863110 -0.23250779 0.28910968
vn -0.83648962 -0.30299624 -0.45659434
vn -0.83648962 -0.30299624 -0.45659434
vn -0.83648962 -0.30299624 -0.45659434
vn -0.06750164 -0.98642402 -0.14970365
vn -0.06750164 -0.98642402 -0.14970365
vn -0.06750164 -0.98642402 -0.14970365
vn 0.93829825 -0.00939998 -0.34569935
vn 0.93829825 -0.00939998 -0.34569935
vn 0.93829825 -0.00939998 -0.34569935
vn -0.82359644 -0.26549885 -0.50119783
vn -0.82359644 -0.26549885 -0.50119783
vn -0.82359644 -0.26549885 -0.50119783
vn -0.07569883 -0.68648937 0.72318880
vn -0.07569883 -0.68648937 0.72318880
vn -0.07569883 -0.68648937 0.72318880
vn -0.77976938 0.24349044 0.57677735
vn -0.77976938 0.24349044 0.57677735
vn -0.77976938 0.24349044 0.57677735
vn 0.32809140 -0.64208317 0.69288184
vn 0.32809140 -0.64208317 0.69288184
vn 0.32809140 -0.64208317 0.69288184
vn -0.41159762 0.74439570 0.52579696
vn -0.41159762 0.74439570 0.52579696
vn -0.41159762 0.74439570 0.52579696
vn -0.29370055 0.53360100 0.79310148
vn -0.29370055 0.53360100 0.79310148
vn -0.29370055 0.53360100 0.79310148
vn 0.50959302 -0.83288860 -0.21589704
vn 0.50959302 -0.83288860 -0.21589704
vn 0.50959302 -0.83288860 -0.21589704
vn -0.72969524 0.54989641 0.40639735
vn -0.72969524 0.54989641 0.40639735
vn -0.72969524 0.54989641 0.40639735
vn 0.85473150 -0.24610907 0.45701684
vn 0.85473150 -0.24610907 0.45701684
vn 0.85473150 -0.24610907 0.45701684
vn 0.28209843 -0.93879477 0.19769890
vn 0.28209843 -0.93879477 0.19769890
vn 0.28209843 -0.93879477 0.19769890
vn -0.21000630 0.96062883 -0.18190546
vn -0.20759013 0.96225427 -0.17599164
vn -0.20980562 0.96042572 -0.18320491
vn -0.20960672 0.96043079 -0.18340588
vn 0.21959393 -0.97447306 0.04669871
vn 0.21959393 -0.97447306 0.04669871
vn 0.21959393 -0.97447306 0.04669871
vn -0.20999866 0.96059387 -0.18209884
vn -0.21039451 0.96037495 -0.18279523
vn -0.34649920 0.50029885 -0.79349818
vn -0.34649920 0.50029885 -0.79349818
vn -0.34649920 0.50029885 -0.79349818
vn 0.50359929 -0.84919881 0.15889978
vn 0.50359929 -0.84919881 0.15889978
vn 0.50359929 -0.84919881 0.15889978
vn -0.75211863 0.53501326 -0.38480953
vn -0.75211863 0.53501326 -0.38480953
vn -0.75211863 0.53501326 -0.38480953
vn 0.21860123 -0.93200523 0.28910162
vn 0.21860123 -0.93200523 0.28910162
vn 0.21860123 -0.93200523 0.28910162
vn -0.65249255 0.60479309 -0.45659478
vn -0.65249255 0.60479309 -0.45659478
vn -0.65249255 0.60479309 -0.45659478
vn -0.90779175 -0.39179644 -0.14969864
vn -0.90779175 -0.39179644 -0.14969864
vn -0.90779175 -0.39179644 -0.14969864
vn 0.42139979 -0.83839958 -0.34569983
vn 0.42139979 -0.83839958 -0.34569983
vn 0.42139979 -0.83839958 -0.34569983
vn -0.61318527 0.61058533 -0.50118796
vn -0.61318527 0.61058533 -0.50118796
vn -0.61318527 0.61058533 -0.50118796
vn -0.64490882 -0.24710338 0.72320989
vn -0.64490882 -0.24710338 0.72320989
vn -0.64490882 -0.24710338 0.72320989
vn -0.14069741 0.80468519 0.57678938
vn -0.14069741 0.80468519 0.57678938
vn -0.14069741 0.80468519 0.57678938
vn -0.42050522 -0.58570728 0.69290861
vn -0.42050522 -0.58570728 0.69290861
vn -0.42050522 -0.58570728 0.69290861
vn 0.47328941 0.70678418 0.52578823
vn 0.47328941 0.70678418 0.52578823
vn 0.47328941 0.70678418 0.52578823
vn 0.38971315 -0.64102163 0.66122231
vn 0.38971315 -0.64102163 0.66122231
vn 0.38971315 -0.64102163 0.66122231
vn -0.82517843 0.03659904 0.56368526
vn -0.82517843 0.03659904 0.56368526
vn -0.82517843 0.03659904 0.56368526
vn 0.96476723 0.21209280 0.15569471
vn 0.96476723 0.21209280 0.15569471
vn 0.96476723 0.21209280 0.15569471
vn 0.95957044 -0.07279776 0.27189162
vn 0.95957044 -0.07279776 0.27189162
vn 0.95957044 -0.07279776 0.27189162
vn -0.83339635 0.07619967 0.54739760
vn -0.83339635 0.07619967 0.54739760
vn -0.83339635 0.07619967 0.54739760
vn 0.93030758 0.17190140 -0.32400264
vn 0.93030758 0.17190140 -0.32400264
vn 0.93030758 0.17190140 -0.32400264
vn -0.59142271 0.75092883 -0.29381128
vn -0.59142271 0.75092883 -0.29381128
vn -0.59142271 0.75092883 -0.29381128
vn -0.95937579 0.20039494 -0.19859499
vn -0.95937579 0.20039494 -0.19859499
vn -0.95937579 0.20039494 -0.19859499
vn -0.02929983 0.85439518 -0.51879707
vn -0.02929983 0.85439518 -0.51879707
vn -0.02929983 0.85439518 -0.51879707
vn 0.90223617 0.10870436 -0.41731673
vn 0.90223617 0.10870436 -0.41731673
vn 0.90223617 0.10870436 -0.41731673
vn -0.96776754 0.12559579 -0.21829268
vn -0.96776754 0.12559579 -0.21829268
vn -0.96776754 0.12559579 -0.21829268
vn -0.95341990 -0.30050627 0.02620055
vn -0.95341990 -0.30050627 0.02620055
vn -0.95341990 -0.30050627 0.02620055
vn 0.93617157 -0.04229872 -0.34898940
vn 0.93617157 -0.04229872 -0.34898940
vn 0.93617157 -0.04229872 -0.34898940
vn -0.87920168 -0.47430091 0.04520009
vn -0.87920168 -0.47430091 0.04520009
vn -0.87920168 -0.47430091 0.04520009
vn 0.98573129 -0.16790533 0.01190038
vn 0.98573129 -0.16790533 0.01190038
vn 0.98573129 -0.16790533 0.01190038
vn -0.88568163 -0.46379038 0.02159955
vn -0.88568163 -0.46379038 0.02159955
vn -0.88568163 -0.46379038 0.02159955
vn 0.24469846 -0.64929591 0.72009547
vn 0.24469846 -0.64929591 0.72009547
vn 0.24469846 -0.64929591 0.72009547
vn -0.41420411 0.89250886 -0.17850177
vn -0.41420411 0.89250886 -0.17850177
vn -0.41420411 0.89250886 -0.17850177
vn -0.03000055 0.27450502 0.96111756
vn -0.03000055 0.27450502 0.96111756
vn -0.03000055 0.27450502 0.96111756
vn 0.48191041 -0.63911381 -0.59941295
vn 0.48191041 -0.63911381 -0.59941295
vn 0.48191041 -0.63911381 -0.59941295
vn -0.57811745 0.28240853 0.76552311
vn -0.57811745 0.28240853 0.76552311
vn -0.57811745 0.28240853 0.76552311
vn 0.98658218 -0.15489720 0.05159907
vn 0.98658218 -0.15489720 0.05159907
vn 0.98658218 -0.15489720 0.05159907
vn 0.44350044 -0.87760087 -0.18200018
vn 0.44350044 -0.87760087 -0.18200018
vn 0.44350044 -0.87760087 -0.18200018
vn -0.37169221 0.91058093 0.18079621
vn -0.36989681 0.91089215 0.18289842
vn -0.37409965 0.91039915 0.17669984
vn -0.37418565 0.91036509 0.17669322
vn 0.33309645 -0.89179051 -0.30619674
vn 0.33309645 -0.89179051 -0.30619674
vn 0.33309645 -0.89179051 -0.30619674
vn -0.37177839 0.91054708 0.18078949
vn -0.37480471 0.91001143 0.17720223
vn -0.67872233 0.57731900 -0.45391494
vn -0.67872233 0.57731900 -0.45391494
vn -0.67872233 0.57731900 -0.45391494
vn 0.62070118 -0.73740140 -0.26640050
vn 0.62070118 -0.73740140 -0.26640050
vn 0.62070118 -0.73740140 -0.26640050
vn -0.89800501 0.43590243 0.05980033
vn -0.89800501 0.43590243 0.05980033
vn -0.89800501 0.43590243 0.05980033
vn 0.41950026 -0.90450057 -0.07680005
vn 0.41950026 -0.90450057 -0.07680005
vn 0.41950026 -0.90450057 -0.07680005
vn -0.84221854 0.53881186 -0.01870041
vn -0.84221854 0.53881186 -0.01870041
vn -0.84221854 0.53881186 -0.01870041
vn -0.84422715 -0.53231712 0.06260201
vn -0.84422715 -0.53231712 0.06260201
vn -0.84422715 -0.53231712 0.06260201
vn 0.35260624 -0.63471123 -0.68761217
vn 0.35260624 -0.63471123 -0.68761217
vn 0.35260624 -0.63471123 -0.68761217
vn -0.82393274 0.56232234 -0.07020279
vn -0.82393274 0.56232234 -0.07020279
vn -0.82393274 0.56232234 -0.07020279
vn -0.28688962 -0.52928085 0.79847112
vn -0.28688962 -0.52928085 0.79847112
vn -0.28688962 -0.52928085 0.79847112
vn -0.00400001 0.61180115 0.79100149
vn -0.00400001 0.61180115 0.79100149
vn -0.00400001 0.61180115 0.79100149
vn -0.05260187 -0.79862836 0.59952129
vn -0.05260187 -0.79862836 0.59952129
vn -0.05260187 -0.79862836 0.59952129
vn 0.55130195 0.65950233 0.51100180
vn 0.55130195 0.65950233 0.51100180
vn 0.55130195 0.65950233 0.51100180
vn 0.74210057 -0.10940008 0.66130051
vn 0.74210057 -0.10940008 0.66130051
vn 0.74210057 -0.10940008 0.66130051
vn -0.55518354 -0.61158187 0.56368329
vn -0.55518354 -0.61158187 0.56368329
vn -0.55518354 -0.61158187 0.56368329
vn 0.45288431 0.87786958 0.15569460
vn 0.45288431 0.87786958 0.15569460
vn 0.45288431 0.87786958 0.15569460
vn 0.66879898 0.69189894 0.27199959
vn 0.66879898 0.69189894 0.27199959
vn 0.66879898 0.69189894 0.27199959
vn -0.59090463 -0.59260464 0.54740429
vn -0.59090463 -0.59260464 0.54740429
vn -0.59090463 -0.59260464 0.54740429
vn 0.46179637 0.82569351 -0.32399745
vn 0.46179637 0.82569351 -0.32399745
vn 0.46179637 0.82569351 -0.32399745
vn -0.95555698 0.02449890 -0.29378677
vn -0.95555698 0.02449890 -0.29378677
vn -0.95555698 0.02449890 -0.29378677
vn -0.76686803 -0.61027456 -0.19869172
vn -0.76686803 -0.61027456 -0.19869172
vn -0.76686803 -0.61027456 -0.19869172
vn -0.67622405 0.52301860 -0.51881845
vn -0.67622405 0.52301860 -0.51881845
vn -0.67622405 0.52301860 -0.51881845
vn 0.49259218 0.76368788 -0.41729338
vn 0.49259218 0.76368788 -0.41729338
vn 0.49259218 0.76368788 -0.41729338
vn -0.71469599 -0.66449627 -0.21829877
vn -0.71469599 -0.66449627 -0.21829877
vn -0.71469599 -0.66449627 -0.21829877
vn -0.37768605 -0.92556582 0.02609904
vn -0.37768605 -0.92556582 0.02609904
vn -0.37768605 -0.92556582 0.02609904
vn 0.63039725 0.69339698 -0.34899848
vn 0.63039725 0.69339698 -0.34899848
vn 0.63039725 0.69339698 -0.34899848
vn -0.19649258 -0.97946301 0.04519829
vn -0.19649258 -0.97946301 0.04519829
vn -0.19649258 -0.97946301 0.04519829
vn 0.75871556 0.65131336 0.01190024
vn 0.75871556 0.65131336 0.01190024
vn 0.75871556 0.65131336 0.01190024
vn -0.20880449 -0.97772103 0.02150046
vn -0.20880449 -0.97772103 0.02150046
vn -0.20880449 -0.97772103 0.02150046
vn 0.65589810 -0.22639935 0.72009792
vn 0.65589810 -0.22639935 0.72009792
vn 0.65589810 -0.22639935 0.72009792
vn -0.95130684 0.25130181 -0.17850128
vn -0.95130684 0.25130181 -0.17850128
vn -0.95130684 0.25130181 -0.17850128
vn -0.34041525 -0.25851158 0.90404050
vn -0.34041525 -0.25851158 0.90404050
vn -0.34041525 -0.25851158 0.90404050
vn -0.08039866 0.86118570 0.50189167
vn -0.08039866 0.86118570 0.50189167
vn -0.08039866 0.86118570 0.50189167
vn -0.10589520 0.71246767 0.69366853
vn -0.10589520 0.71246767 0.69366853
vn -0.10589520 0.71246767 0.69366853
vn 0.55680988 -0.82481463 0.09820174
vn 0.55680988 -0.82481463 0.09820174
vn 0.55680988 -0.82481463 0.09820174
vn -0.41649744 0.41479745 0.80899503
vn -0.41649744 0.41479745 0.80899503
vn -0.41649744 0.41479745 0.80899503
vn -0.37869493 0.92088768 -0.09249876
vn -0.37869493 0.92088768 -0.09249876
vn -0.37869493 0.92088768 -0.09249876
vn 0.72167367 -0.50148170 -0.47718259
vn 0.72167367 -0.50148170 -0.47718259
vn 0.72167367 -0.50148170 -0.47718259
vn -0.04450094 0.20370428 -0.97802057
vn -0.04450094 0.20370428 -0.97802057
vn -0.04450094 0.20370428 -0.97802057
vn -0.52321792 0.81072777 -0.26260900
vn -0.51287907 0.81476675 -0.27038897
vn -0.51351618 0.81432566 -0.27050852
vn 0.27329490 -0.92208280 -0.27399489
vn 0.27329490 -0.92208280 -0.27399489
vn 0.27329490 -0.92208280 -0.27399489
vn -0.40979922 -0.34989933 -0.84239840
vn -0.40979922 -0.34989933 -0.84239840
vn -0.40979922 -0.34989933 -0.84239840
vn 0.33028058 -0.94174464 -0.06349627
vn 0.33028058 -0.94174464 -0.06349627
vn 0.33028058 -0.94174464 -0.06349627
vn -0.52321792 0.81072777 -0.26260900
vn -0.51351618 0.81432566 -0.27050852
vn -0.52420055 0.80990085 -0.26320028
vn -0.43841259 -0.87802522 0.19200551
vn -0.43841259 -0.87802522 0.19200551
vn -0.43841259 -0.87802522 0.19200551
vn -0.51247050 0.28888337 0.80865344
vn -0.51247050 0.28888337 0.80865344
vn -0.51247050 0.28888337 0.80865344
vn -0.01209966 0.20459417 -0.97877210
vn -0.01209966 0.20459417 -0.97877210
vn -0.01209966 0.20459417 -0.97877210
vn -0.14179968 -0.73659835 0.66129852
vn -0.14179968 -0.73659835 0.66129852
vn -0.14179968 -0.73659835 0.66129852
vn -0.58669984 0.58139984 0.56369985
vn -0.58669984 0.58139984 0.56369985
vn -0.58669984 0.58139984 0.56369985
vn 0.85719265 -0.49089579 0.15569867
vn 0.85719265 -0.49089579 0.15569867
vn 0.85719265 -0.49089579 0.15569867
vn 0.66200312 -0.69840330 0.27200128
vn 0.66200312 -0.69840330 0.27200128
vn 0.66200312 -0.69840330 0.27200128
vn -0.56621935 0.61622106 0.54741871
vn -0.56621935 0.61622106 0.54741871
vn -0.56621935 0.61622106 0.54741871
vn 0.80469021 -0.49749395 -0.32399606
vn 0.80469021 -0.49749395 -0.32399606
vn 0.80469021 -0.49749395 -0.32399606
vn 0.06629778 0.95356801 -0.29379014
vn 0.06629778 0.95356801 -0.29379014
vn 0.06629778 0.95356801 -0.29379014
vn -0.57612744 0.79283776 -0.19870946
vn -0.57612744 0.79283776 -0.19870946
vn -0.57612744 0.79283776 -0.19870946
vn 0.55210410 0.65270485 -0.51880385
vn 0.55210410 0.65270485 -0.51880385
vn 0.55210410 0.65270485 -0.51880385
vn 0.74141353 -0.52550959 -0.41730762
vn 0.74141353 -0.52550959 -0.41730762
vn 0.74141353 -0.52550959 -0.41730762
vn -0.63258885 0.74308690 -0.21829615
vn -0.63258885 0.74308690 -0.21829615
vn -0.63258885 0.74308690 -0.21829615
vn -0.90817035 0.41778636 0.02609915
vn -0.90817035 0.41778636 0.02609915
vn -0.90817035 0.41778636 0.02609915
vn 0.66513624 -0.66013597 -0.34901902
vn 0.66513624 -0.66013597 -0.34901902
vn 0.66513624 -0.66013597 -0.34901902
vn -0.96991664 0.23920410 0.04520078
vn -0.96991664 0.23920410 0.04520078
vn -0.96991664 0.23920410 0.04520078
vn 0.61749070 -0.78648816 0.01189982
vn 0.61749070 -0.78648816 0.01189982
vn 0.61749070 -0.78648816 0.01189982
vn -0.96767231 0.25129281 0.02149938
vn -0.96767231 0.25129281 0.02149938
vn -0.96767231 0.25129281 0.02149938
vn -0.25489246 -0.64538090 0.72007869
vn -0.25489246 -0.64538090 0.72007869
vn -0.25489246 -0.64538090 0.72007869
vn 0.29269884 0.93939629 -0.17849929
vn 0.29269884 0.93939629 -0.17849929
vn 0.29269884 0.93939629 -0.17849929
vn 0.73285451 0.16019006 0.66125896
vn 0.73285451 0.16019006 0.66125896
vn 0.73285451 0.16019006 0.66125896
vn -0.30288511 -0.76846221 0.56367228
vn -0.30288511 -0.76846221 0.56367228
vn -0.30288511 -0.76846221 0.56367228
vn 0.11300219 0.98131905 0.15570302
vn 0.11300219 0.98131905 0.15570302
vn 0.11300219 0.98131905 0.15570302
vn 0.38070675 0.88381567 0.27190482
vn 0.38070675 0.88381567 0.27190482
vn 0.38070675 0.88381567 0.27190482
vn -0.34301327 -0.76332952 0.54742117
vn -0.34301327 -0.76332952 0.54742117
vn -0.34301327 -0.76332952 0.54742117
vn 0.13979619 0.93567449 -0.32399117
vn 0.13979619 0.93567449 -0.32399117
vn 0.13979619 0.93567449 -0.32399117
vn -0.90240215 -0.31520075 -0.29380070
vn -0.90240215 -0.31520075 -0.29380070
vn -0.90240215 -0.31520075 -0.29380070
vn -0.50140593 -0.84210997 -0.19860235
vn -0.50140593 -0.84210997 -0.19860235
vn -0.50140593 -0.84210997 -0.19860235
vn -0.81751648 0.25000504 -0.51881046
vn -0.81751648 0.25000504 -0.51881046
vn -0.81751648 0.25000504 -0.51881046
vn 0.19049624 0.88858245 -0.41729176
vn 0.19049624 0.88858245 -0.41729176
vn 0.19049624 0.88858245 -0.41729176
vn -0.43338574 -0.87437123 -0.21829282
vn -0.43338574 -0.87437123 -0.21829282
vn -0.43338574 -0.87437123 -0.21829282
vn -0.02580061 -0.99932370 0.02620062
vn -0.02580061 -0.99932370 0.02620062
vn -0.02580061 -0.99932370 0.02620062
vn 0.34429483 0.87158690 -0.34899476
vn 0.34429483 0.87158690 -0.34899476
vn 0.34429483 0.87158690 -0.34899476
vn 0.16270637 -0.98563859 0.04520177
vn 0.16270637 -0.98563859 0.04520177
vn 0.16270637 -0.98563859 0.04520177
vn 0.47921054 0.87761930 0.01190026
vn 0.47921054 0.87761930 0.01190026
vn 0.47921054 0.87761930 0.01190026
vn 0.15059386 -0.98835974 0.02159912
vn 0.15059386 -0.98835974 0.02159912
vn 0.15059386 -0.98835974 0.02159912
vn 0.69358715 0.02029962 0.72008666
vn 0.69358715 0.02029962 0.72008666
vn 0.69358715 0.02029962 0.72008666
vn -0.97869110 -0.10149908 -0.17849838
vn -0.97869110 -0.10149908 -0.17849838
vn -0.97869110 -0.10149908 -0.17849838
vn 0.14660551 -0.98113691 0.12600474
vn 0.14660551 -0.98113691 0.12600474
vn 0.14660551 -0.98113691 0.12600474
vn 0.91438042 0.22149526 -0.33889274
vn 0.91438042 0.22149526 -0.33889274
vn 0.91438042 0.22149526 -0.33889274
vn -0.66473232 -0.64683145 0.37381817
vn -0.66473232 -0.64683145 0.37381817
vn -0.66473232 -0.64683145 0.37381817
vn -0.66592314 -0.63772216 0.38711345
vn -0.66592314 -0.63772216 0.38711345
vn -0.66592314 -0.63772216 0.38711345
vn 0.01960100 -0.31841624 0.94774833
vn 0.01960100 -0.31841624 0.94774833
vn 0.01960100 -0.31841624 0.94774833
vn 0.86761430 0.49120810 0.07720127
vn 0.86761430 0.49120810 0.07720127
vn 0.86761430 0.49120810 0.07720127
vn 0.62280657 0.76870811 0.14560154
vn 0.62280657 0.76870811 0.14560154
vn 0.62280657 0.76870811 0.14560154
vn 0.81665713 0.17399087 0.55027112
vn 0.81665713 0.17399087 0.55027112
vn 0.81665713 0.17399087 0.55027112
vn -0.86131879 -0.11950261 0.49381077
vn -0.86131879 -0.11950261 0.49381077
vn -0.86131879 -0.11950261 0.49381077
vn 0.94082775 0.33560990 0.04700139
vn 0.94141282 0.33410455 0.04600063
vn 0.94145996 0.33398580 0.04589805
vn -0.99793438 -0.00750026 -0.06380220
vn -0.99793438 -0.00750026 -0.06380220
vn -0.99793438 -0.00750026 -0.06380220
vn -0.19510620 0.50291599 -0.84202677
vn -0.19510620 0.50291599 -0.84202677
vn -0.19510620 0.50291599 -0.84202677
vn -0.44191204 -0.47171285 -0.76302079
vn -0.44191204 -0.47171285 -0.76302079
vn -0.44191204 -0.47171285 -0.76302079
vn 0.94152715 0.33380963 0.04580132
vn 0.94145996 0.33398580 0.04589805
vn 0.94207682 0.33239182 0.04479890
vn -0.52150346 -0.64480428 -0.55880371
vn -0.52150346 -0.64480428 -0.55880371
vn -0.52150346 -0.64480428 -0.55880371
vn 0.08869800 -0.78408236 -0.61428618
vn 0.08869800 -0.78408236 -0.61428618
vn 0.08869800 -0.78408236 -0.61428618
vn 0.97602067 0.11910252 0.18220386
vn 0.97602067 0.11910252 0.18220386
vn 0.97602067 0.11910252 0.18220386
vn -0.59209328 -0.29229668 -0.75099148
vn -0.59209328 -0.29229668 -0.75099148
vn -0.59209328 -0.29229668 -0.75099148
vn -0.31400051 0.57090092 0.75860123
vn -0.31400051 0.57090092 0.75860123
vn -0.31400051 0.57090092 0.75860123
vn -0.48428179 0.37118604 -0.79227020
vn -0.48428179 0.37118604 -0.79227020
vn -0.48428179 0.37118604 -0.79227020
vn 0.38879217 0.46889056 0.79308404
vn 0.38879217 0.46889056 0.79308404
vn 0.38879217 0.46889056 0.79308404
vn -0.58818341 -0.77937802 -0.21589391
vn -0.58818341 -0.77937802 -0.21589391
vn -0.58818341 -0.77937802 -0.21589391
vn 0.24421236 0.88044457 0.40642057
vn 0.24421236 0.88044457 0.40642057
vn 0.24421236 0.88044457 0.40642057
vn 0.08430469 -0.88544930 0.45702545
vn 0.08430469 -0.88544930 0.45702545
vn 0.08430469 -0.88544930 0.45702545
vn -0.77006040 -0.60656880 0.19768983
vn -0.77006040 -0.60656880 0.19768983
vn -0.77006040 -0.60656880 0.19768983
vn 0.81668982 0.54739317 -0.18269772
vn 0.81921545 0.54581029 -0.17600332
vn 0.81767509 0.54688334 -0.17979452
vn -0.82617126 -0.56148047 0.04669838
vn -0.82617126 -0.56148047 0.04669838
vn -0.82617126 -0.56148047 0.04669838
vn 0.81644079 0.54772736 -0.18280913
vn 0.81644079 0.54772736 -0.18280913
vn 0.33840162 0.50580242 -0.79350379
vn 0.33840162 0.50580242 -0.79350379
vn 0.33840162 0.50580242 -0.79350379
vn -0.60557317 -0.77976545 0.15889296
vn -0.60557317 -0.77976545 0.15889296
vn -0.60557317 -0.77976545 0.15889296
vn 0.22209597 0.89588376 -0.38479302
vn 0.22209597 0.89588376 -0.38479302
vn 0.22209597 0.89588376 -0.38479302
vn -0.78701070 -0.54500741 0.28910393
vn -0.78701070 -0.54500741 0.28910393
vn -0.78701070 -0.54500741 0.28910393
vn 0.32359425 0.82868527 -0.45669188
vn 0.32359425 0.82868527 -0.45669188
vn 0.32359425 0.82868527 -0.45669188
vn -0.69718636 0.70108628 -0.14969707
vn -0.69718636 0.70108628 -0.14969707
vn -0.69718636 0.70108628 -0.14969707
vn -0.62558617 -0.69938454 -0.34569236
vn -0.62558617 -0.69938454 -0.34569236
vn -0.62558617 -0.69938454 -0.34569236
vn 0.34339356 0.79428511 -0.50119061
vn 0.34339356 0.79428511 -0.50119061
vn 0.34339356 0.79428511 -0.50119061
vn -0.46631346 0.50941470 0.72322087
vn -0.46631346 0.50941470 0.72322087
vn -0.46631346 0.50941470 0.72322087
vn 0.69708694 0.42589202 0.57678920
vn 0.69708694 0.42589202 0.57678920
vn 0.69708694 0.42589202 0.57678920
vn -0.69909879 0.17649969 0.69289880
vn -0.69909879 0.17649969 0.69289880
vn -0.69909879 0.17649969 0.69289880
vn 0.83107401 -0.18129433 0.52578356
vn 0.83107401 -0.18129433 0.52578356
vn 0.83107401 -0.18129433 0.52578356
vn -0.50619203 -0.33879467 0.79308751
vn -0.50619203 -0.33879467 0.79308751
vn -0.50619203 -0.33879467 0.79308751
vn 0.78562034 0.57981501 -0.21590559
vn 0.78562034 0.57981501 -0.21590559
vn 0.78562034 0.57981501 -0.21590559
vn -0.48459921 -0.77459873 0.40639933
vn -0.48459921 -0.77459873 0.40639933
vn -0.48459921 -0.77459873 0.40639933
vn 0.17110821 0.87284188 0.45702193
vn 0.17110821 0.87284188 0.45702193
vn 0.17110821 0.87284188 0.45702193
vn 0.91081107 0.36240441 0.19770240
vn 0.91081107 0.36240441 0.19770240
vn 0.91081107 0.36240441 0.19770240
vn -0.93847446 -0.29269203 -0.18329501
vn -0.94064896 -0.29018425 -0.17599045
vn -0.94081990 -0.29010614 -0.17520371
vn -0.94080342 -0.29010105 -0.17530064
vn 0.95178364 0.30319479 0.04669920
vn 0.95178364 0.30319479 0.04669920
vn 0.95178364 0.30319479 0.04669920
vn -0.93847446 -0.29269203 -0.18329501
vn -0.93853288 -0.29281026 -0.18280640
vn -0.46831005 -0.38860834 -0.79351702
vn -0.46831005 -0.38860834 -0.79351702
vn -0.46831005 -0.38860834 -0.79351702
vn 0.80242006 0.57521438 0.15890397
vn 0.80242006 0.57521438 0.15890397
vn 0.80242006 0.57521438 0.15890397
vn -0.46778915 -0.79568155 -0.38479108
vn -0.46778915 -0.79568155 -0.38479108
vn -0.46778915 -0.79568155 -0.38479108
vn 0.90957580 0.29849206 0.28909231
vn 0.90957580 0.29849206 0.28909231
vn 0.90957580 0.29849206 0.28909231
vn -0.54598454 -0.70238011 -0.45668706
vn -0.54598454 -0.70238011 -0.45668706
vn -0.54598454 -0.70238011 -0.45668706
vn 0.46888885 -0.87047930 -0.14969644
vn 0.46888885 -0.87047930 -0.14969644
vn 0.46888885 -0.87047930 -0.14969644
vn 0.79870542 0.49250334 -0.34570235
vn 0.79870542 0.49250334 -0.34570235
vn 0.79870542 0.49250334 -0.34570235
vn -0.55517809 -0.66377381 -0.50118022
vn -0.55517809 -0.66377381 -0.50118022
vn -0.55517809 -0.66377381 -0.50118022
vn 0.30200190 -0.62110390 0.72320454
vn 0.30200190 -0.62110390 0.72320454
vn 0.30200190 -0.62110390 0.72320454
vn -0.78947375 -0.20989302 0.57678082
vn -0.78947375 -0.20989302 0.57678082
vn -0.78947375 -0.20989302 0.57678082
vn 0.61997469 -0.36818497 0.69287171
vn 0.61997469 -0.36818497 0.69287171
vn 0.61997469 -0.36818497 0.69287171
vn -0.74514979 0.41027235 0.52576457
vn -0.74514979 0.41027235 0.52576457
vn -0.74514979 0.41027235 0.52576457
vn 0.08150224 0.60371662 0.79302183
vn 0.08150224 0.60371662 0.79302183
vn 0.08150224 0.60371662 0.79302183
vn -0.08610100 -0.97261129 -0.21590251
vn -0.08610100 -0.97261129 -0.21590251
vn -0.08610100 -0.97261129 -0.21590251
vn -0.25921337 0.87614521 0.40642097
vn -0.25921337 0.87614521 0.40642097
vn -0.25921337 0.87614521 0.40642097
vn 0.54050265 -0.70640346 0.45700224
vn 0.54050265 -0.70640346 0.45700224
vn 0.54050265 -0.70640346 0.45700224
vn -0.33188927 -0.92237018 0.19769361
vn -0.33188927 -0.92237018 0.19769361
vn -0.33188927 -0.92237018 0.19769361
vn 0.40300753 0.89691677 -0.18200340
vn 0.40570039 0.89690085 -0.17600017
vn 0.40298413 0.89666468 -0.18329278
vn 0.40301287 0.89662864 -0.18340586
vn -0.40341152 -0.91382609 0.04670133
vn -0.40341152 -0.91382609 0.04670133
vn -0.40341152 -0.91382609 0.04670133
vn 0.40300753 0.89691677 -0.18200340
vn 0.40240994 0.89702216 -0.18280452
vn 0.01919962 0.60828790 -0.79348422
vn 0.01919962 0.60828790 -0.79348422
vn 0.01919962 0.60828790 -0.79348422
vn -0.10059565 -0.98215757 0.15889314
vn -0.10059565 -0.98215757 0.15889314
vn -0.10059565 -0.98215757 0.15889314
vn -0.28608484 0.87755349 -0.38477961
vn -0.28608484 0.87755349 -0.38477961
vn -0.28608484 0.87755349 -0.38477961
vn -0.37890742 -0.87911722 0.28910566
vn -0.37890742 -0.87911722 0.28910566
vn -0.37890742 -0.87911722 0.28910566
vn -0.16450458 0.87432435 -0.45661272
vn -0.16450458 0.87432435 -0.45661272
vn -0.16450458 0.87432435 -0.45661272
vn -0.96271855 0.22530434 -0.14970288
vn -0.96271855 0.22530434 -0.14970288
vn -0.96271855 0.22530434 -0.14970288
vn -0.16019538 -0.92457333 -0.34569003
vn -0.16019538 -0.92457333 -0.34569003
vn -0.16019538 -0.92457333 -0.34569003
vn -0.12949851 0.85559014 -0.50119422
vn -0.12949851 0.85559014 -0.50119422
vn -0.12949851 0.85559014 -0.50119422
vn -0.66537524 0.18519311 0.72317308
vn -0.66537524 0.18519311 0.72317308
vn -0.66537524 0.18519311 0.72317308
vn 0.36570921 0.73051840 0.57671452
vn 0.36570921 0.73051840 0.57671452
vn 0.36570921 0.73051840 0.57671452
vn -0.68648043 -0.22059371 0.69288025
vn -0.68648043 -0.22059371 0.69288025
vn -0.68648043 -0.22059371 0.69288025
vn 0.80094038 0.28647867 0.52576086
vn 0.80094038 0.28647867 0.52576086
vn 0.80094038 0.28647867 0.52576086
vn -0.24828956 -0.34788537 0.90406198
vn -0.24828956 -0.34788537 0.90406198
vn -0.24828956 -0.34788537 0.90406198
vn -0.33260517 0.79841240 0.50190780
vn -0.33260517 0.79841240 0.50190780
vn -0.33260517 0.79841240 0.50190780
vn -0.31270900 0.64881868 0.69371997
vn -0.31270900 0.64881868 0.69371997
vn -0.31270900 0.64881868 0.69371997
vn 0.77668487 -0.62218788 0.09819809
vn 0.77668487 -0.62218788 0.09819809
vn 0.77668487 -0.62218788 0.09819809
vn -0.52089490 0.27239733 0.80899208
vn -0.52089490 0.27239733 0.80899208
vn -0.52089490 0.27239733 0.80899208
vn -0.63513477 0.76684199 -0.09250506
vn -0.63513477 0.76684199 -0.09250506
vn -0.63513477 0.76684199 -0.09250506
vn 0.83803181 -0.26451004 -0.47721811
vn 0.83803181 -0.26451004 -0.47721811
vn 0.83803181 -0.26451004 -0.47721811
vn -0.10300192 0.18130338 -0.97801825
vn -0.10300192 0.18130338 -0.97801825
vn -0.10300192 0.18130338 -0.97801825
vn -0.73681345 0.62131134 -0.26660487
vn -0.73179167 0.62559288 -0.27039692
vn -0.73607438 0.62197835 -0.26709070
vn 0.53488008 -0.79927023 -0.27398979
vn 0.53488008 -0.79927023 -0.27398979
vn 0.53488008 -0.79927023 -0.27398979
vn -0.28730967 -0.45581534 -0.84242835
vn -0.28730967 -0.45581534 -0.84242835
vn -0.28730967 -0.45581534 -0.84242835
vn 0.59511861 -0.80112505 -0.06350199
vn 0.59511861 -0.80112505 -0.06350199
vn 0.59511861 -0.80112505 -0.06350199
vn -0.73681345 0.62131134 -0.26660487
vn -0.73607438 0.62197835 -0.26709070
vn -0.74112475 0.61762063 -0.26320879
vn -0.15780388 -0.96862383 0.19200472
vn -0.15780388 -0.96862383 0.19200472
vn -0.15780388 -0.96862383 0.19200472
vn -0.57509636 0.12359922 0.80869488
vn -0.57509636 0.12359922 0.80869488
vn -0.57509636 0.12359922 0.80869488
vn -0.07229769 0.19179387 -0.97876869
vn -0.07229769 0.19179387 -0.97876869
vn -0.07229769 0.19179387 -0.97876869
vn -0.00530023 -0.42741820 0.90403849
vn -0.00530023 -0.42741820 0.90403849
vn -0.00530023 -0.42741820 0.90403849
vn -0.72887255 0.46568247 0.50188110
vn -0.72887255 0.46568247 0.50188110
vn -0.72887255 0.46568247 0.50188110
vn -0.62718207 0.35418988 0.69368017
vn -0.62718207 0.35418988 0.69368017
vn -0.62718207 0.35418988 0.69368017
vn 0.99287523 -0.06749832 0.09819755
vn 0.99287523 -0.06749832 0.09819755
vn 0.99287523 -0.06749832 0.09819755
vn -0.58318981 -0.07369871 0.80898587
vn -0.58318981 -0.07369871 0.80898587
vn -0.58318981 -0.07369871 0.80898587
vn -0.95921760 0.26710490 -0.09250170
vn -0.95921760 0.26710490 -0.09250170
vn -0.95921760 0.26710490 -0.09250170
vn 0.83903418 0.26131064 -0.47721944
vn 0.83903418 0.26131064 -0.47721944
vn 0.83903418 0.26131064 -0.47721944
vn -0.18800508 0.09010243 -0.97802640
vn -0.18800508 0.09010243 -0.97802640
vn -0.18800508 0.09010243 -0.97802640
vn -0.95795394 0.09599538 -0.27038700
vn -0.95795394 0.09599538 -0.27038700
vn -0.95795394 0.09599538 -0.27038700
vn 0.89542329 -0.35090913 -0.27400713
vn 0.89542329 -0.35090913 -0.27400713
vn 0.89542329 -0.35090913 -0.27400713
vn 0.02430006 -0.53830131 -0.84240205
vn 0.02430006 -0.53830131 -0.84240205
vn 0.02430006 -0.53830131 -0.84240205
vn 0.94592522 -0.31810848 -0.06350169
vn 0.94592522 -0.31810848 -0.06350169
vn 0.94592522 -0.31810848 -0.06350169
vn -0.96107912 0.08399818 -0.26319428
vn -0.96107912 0.08399818 -0.26319428
vn -0.96107912 0.08399818 -0.26319428
vn 0.42330422 -0.88540883 0.19200192
vn 0.42330422 -0.88540883 0.19200192
vn 0.42330422 -0.88540883 0.19200192
vn -0.54278215 -0.22679254 0.80867341
vn -0.54278215 -0.22679254 0.80867341
vn -0.54278215 -0.22679254 0.80867341
vn -0.16889332 0.11619541 -0.97876130
vn -0.16889332 0.11619541 -0.97876130
vn -0.16889332 0.11619541 -0.97876130
vn -0.26718910 -0.33358639 0.90406311
vn -0.26718910 -0.33358639 0.90406311
vn -0.26718910 -0.33358639 0.90406311
vn -0.28778576 0.81565965 0.50187517
vn -0.28778576 0.81565965 0.50187517
vn -0.28778576 0.81565965 0.50187517
vn -0.27620039 0.66520094 0.69370098
vn -0.27620039 0.66520094 0.69370098
vn -0.27620039 0.66520094 0.69370098
vn 0.74099306 -0.66429378 0.09819908
vn 0.74099306 -0.66429378 0.09819908
vn 0.74099306 -0.66429378 0.09819908
vn -0.50500337 0.30080201 0.80900540
vn -0.50500337 0.30080201 0.80900540
vn -0.50500337 0.30080201 0.80900540
vn -0.59160366 0.80090496 -0.09250057
vn -0.59160366 0.80090496 -0.09250057
vn -0.59160366 0.80090496 -0.09250057
vn 0.82208331 -0.31059369 -0.47719031
vn 0.82208331 -0.31059369 -0.47719031
vn 0.82208331 -0.31059369 -0.47719031
vn -0.09280219 0.18670441 -0.97802312
vn -0.09280219 0.18670441 -0.97802312
vn -0.09280219 0.18670441 -0.97802312
vn -0.70557976 0.65818112 -0.26259247
vn -0.69589406 0.66529433 -0.27039769
vn -0.70039503 0.66189531 -0.26709811
vn 0.48970750 -0.82771267 -0.27400420
vn 0.48970750 -0.82771267 -0.27400420
vn 0.48970750 -0.82771267 -0.27400420
vn -0.31219949 -0.43919929 -0.84239864
vn -0.31219949 -0.43919929 -0.84239864
vn -0.31219949 -0.43919929 -0.84239864
vn 0.54972068 -0.83293134 -0.06350239
vn 0.54972068 -0.83293134 -0.06350239
vn 0.54972068 -0.83293134 -0.06350239
vn -0.70560767 0.65810715 -0.26270286
vn -0.70039503 0.66189531 -0.26709811
vn -0.70570439 0.65780409 -0.26320164
vn -0.21139107 -0.95835950 0.19199189
vn -0.21139107 -0.95835950 0.19199189
vn -0.21139107 -0.95835950 0.19199189
vn -0.56738396 0.15529561 0.80867714
vn -0.56738396 0.15529561 0.80867714
vn -0.56738396 0.15529561 0.80867714
vn -0.06159802 0.19549372 -0.97876856
vn -0.06159802 0.19549372 -0.97876856
vn -0.06159802 0.19549372 -0.97876856
vn -0.06089751 -0.74766942 0.66127296
vn -0.06089751 -0.74766942 0.66127296
vn -0.06089751 -0.74766942 0.66127296
vn -0.64640249 0.51420198 0.56370217
vn -0.64640249 0.51420198 0.56370217
vn -0.64640249 0.51420198 0.56370217
vn 0.90548199 -0.39479215 0.15569690
vn 0.90548199 -0.39479215 0.15569690
vn 0.90548199 -0.39479215 0.15569690
vn 0.73395532 -0.62236211 0.27198344
vn 0.73395532 -0.62236211 0.27198344
vn 0.73395532 -0.62236211 0.27198344
vn -0.62979811 0.55109834 0.54739836
vn -0.62979811 0.55109834 0.54739836
vn -0.62979811 0.55109834 0.54739836
vn 0.85399043 -0.40709544 -0.32399637
vn 0.85399043 -0.40709544 -0.32399637
vn 0.85399043 -0.40709544 -0.32399637
vn -0.03770083 0.95512114 -0.29380650
vn -0.03770083 0.95512114 -0.29380650
vn -0.03770083 0.95512114 -0.29380650
vn -0.65885841 0.72555420 -0.19868746
vn -0.65885841 0.72555420 -0.19868746
vn -0.65885841 0.72555420 -0.19868746
vn 0.47791451 0.70882152 -0.51881575
vn 0.47791451 0.70882152 -0.51881575
vn 0.47791451 0.70882152 -0.51881575
vn 0.79413123 -0.44181738 -0.41731641
vn 0.79413123 -0.44181738 -0.41731641
vn 0.79413123 -0.44181738 -0.41731641
vn -0.70961665 0.66991572 -0.21830512
vn -0.70961665 0.66991572 -0.21830512
vn -0.70961665 0.66991572 -0.21830512
vn -0.94820000 0.31660000 0.02610000
vn -0.94820000 0.31660000 0.02610000
vn -0.94820000 0.31660000 0.02610000
vn 0.73290022 -0.58400017 -0.34900010
vn 0.73290022 -0.58400017 -0.34900010
vn 0.73290022 -0.58400017 -0.34900010
vn -0.99016592 0.13239544 0.04519844
vn -0.99016592 0.13239544 0.04519844
vn -0.99016592 0.13239544 0.04519844
vn 0.69931462 -0.71471494 0.01190025
vn 0.69931462 -0.71471494 0.01190025
vn 0.69931462 -0.71471494 0.01190025
vn -0.98924106 0.14470601 0.02150089
vn -0.98924106 0.14470601 0.02150089
vn -0.98924106 0.14470601 0.02150089
vn -0.18330261 -0.66920952 0.72011025
vn -0.18330261 -0.66920952 0.72011025
vn -0.18330261 -0.66920952 0.72011025
vn 0.18890672 0.96563437 -0.17850635
vn 0.18890672 0.96563437 -0.17850635
vn 0.18890672 0.96563437 -0.17850635
vn 0.35247880 -0.24178546 0.90404562
vn 0.35247880 -0.24178546 0.90404562
vn 0.35247880 -0.24178546 0.90404562
vn -0.79209494 -0.34739778 0.50189679
vn -0.79209494 -0.34739778 0.50189679
vn -0.79209494 -0.34739778 0.50189679
vn -0.64290958 -0.32470484 0.69371034
vn -0.64290958 -0.32470484 0.69371034
vn -0.64290958 -0.32470484 0.69371034
vn 0.60757562 0.78816838 0.09819606
vn 0.60757562 0.78816838 0.09819606
vn 0.60757562 0.78816838 0.09819606
vn -0.26259861 -0.52589722 0.80899572
vn -0.26259861 -0.52589722 0.80899572
vn -0.26259861 -0.52589722 0.80899572
vn -0.75489217 -0.64929326 -0.09249904
vn -0.75489217 -0.64929326 -0.09249904
vn -0.75489217 -0.64929326 -0.09249904
vn 0.24880832 0.84282818 -0.47721596
vn 0.24880832 0.84282818 -0.47721596
vn 0.24880832 0.84282818 -0.47721596
vn -0.17940287 -0.10630170 -0.97801562
vn -0.17940287 -0.10630170 -0.97801562
vn -0.17940287 -0.10630170 -0.97801562
vn -0.60463667 -0.75234563 -0.26151586
vn -0.61189001 -0.74328786 -0.27039558
vn -0.61148623 -0.74318326 -0.27159388
vn 0.78916736 0.54967726 -0.27398867
vn 0.78916736 0.54967726 -0.27398867
vn 0.78916736 0.54967726 -0.27398867
vn 0.46110452 -0.27880273 -0.84240825
vn 0.46110452 -0.27880273 -0.84240825
vn 0.46110452 -0.27880273 -0.84240825
vn 0.78991885 0.60991456 -0.06350152
vn 0.78991885 0.60991456 -0.06350152
vn 0.78991885 0.60991456 -0.06350152
vn -0.60470011 -0.75230014 -0.26150005
vn -0.61148623 -0.74318326 -0.27159388
vn -0.60370478 -0.75250595 -0.26320208
vn 0.97138737 -0.13979818 0.19199750
vn 0.97138737 -0.13979818 0.19199750
vn 0.97138737 -0.13979818 0.19199750
vn -0.11289902 -0.57729498 0.80869297
vn -0.11289902 -0.57729498 0.80869297
vn -0.11289902 -0.57729498 0.80869297
vn -0.19039406 -0.07589763 -0.97876946
vn -0.19039406 -0.07589763 -0.97876946
vn -0.19039406 -0.07589763 -0.97876946
vn 0.38971315 -0.64102163 0.66122231
vn 0.38971315 -0.64102163 0.66122231
vn 0.38971315 -0.64102163 0.66122231
vn -0.82517843 0.03659904 0.56368526
vn -0.82517843 0.03659904 0.56368526
vn -0.82517843 0.03659904 0.56368526
vn 0.96476723 0.21209280 0.15569471
vn 0.96476723 0.21209280 0.15569471
vn 0.96476723 0.21209280 0.15569471
vn 0.95957044 -0.07279776 0.27189162
vn 0.95957044 -0.07279776 0.27189162
vn 0.95957044 -0.07279776 0.27189162
vn -0.83339635 0.07619967 0.54739760
vn -0.83339635 0.07619967 0.54739760
vn -0.83339635 0.07619967 0.54739760
vn 0.93030758 0.17190140 -0.32400264
vn 0.93030758 0.17190140 -0.32400264
vn 0.93030758 0.17190140 -0.32400264
vn -0.59142271 0.75092883 -0.29381128
vn -0.59142271 0.75092883 -0.29381128
vn -0.59142271 0.75092883 -0.29381128
vn -0.95937579 0.20039494 -0.19859499
vn -0.95937579 0.20039494 -0.19859499
vn -0.95937579 0.20039494 -0.19859499
vn -0.02939975 0.85439267 -0.51879555
vn -0.02939975 0.85439267 -0.51879555
vn -0.02939975 0.85439267 -0.51879555
vn 0.90223617 0.10870436 -0.41731673
vn 0.90223617 0.10870436 -0.41731673
vn 0.90223617 0.10870436 -0.41731673
vn -0.96776754 0.12559579 -0.21829268
vn -0.96776754 0.12559579 -0.21829268
vn -0.96776754 0.12559579 -0.21829268
vn -0.95341990 -0.30050627 0.02620055
vn -0.95341990 -0.30050627 0.02620055
vn -0.95341990 -0.30050627 0.02620055
vn 0.93617157 -0.04229872 -0.34898940
vn 0.93617157 -0.04229872 -0.34898940
vn 0.93617157 -0.04229872 -0.34898940
vn -0.87920168 -0.47430091 0.04520009
vn -0.87920168 -0.47430091 0.04520009
vn -0.87920168 -0.47430091 0.04520009
vn 0.98573129 -0.16790533 0.01190038
vn 0.98573129 -0.16790533 0.01190038
vn 0.98573129 -0.16790533 0.01190038
vn -0.88568163 -0.46379038 0.02159955
vn -0.88568163 -0.46379038 0.02159955
vn -0.88568163 -0.46379038 0.02159955
vn 0.24469846 -0.64929591 0.72009547
vn 0.24469846 -0.64929591 0.72009547
vn 0.24469846 -0.64929591 0.72009547
vn -0.41420411 0.89250886 -0.17850177
vn -0.41420411 0.89250886 -0.17850177
vn -0.41420411 0.89250886 -0.17850177
vn 0.14660551 -0.98113691 0.12600474
vn 0.14660551 -0.98113691 0.12600474
vn 0.14660551 -0.98113691 0.12600474
vn 0.91438042 0.22149526 -0.33889274
vn 0.91438042 0.22149526 -0.33889274
vn 0.91438042 0.22149526 -0.33889274
vn -0.66473232 -0.64683145 0.37381817
vn -0.66473232 -0.64683145 0.37381817
vn -0.66473232 -0.64683145 0.37381817
vn -0.66592314 -0.63772216 0.38711345
vn -0.66592314 -0.63772216 0.38711345
vn -0.66592314 -0.63772216 0.38711345
vn 0.01960100 -0.31841624 0.94774833
vn 0.01960100 -0.31841624 0.94774833
vn 0.01960100 -0.31841624 0.94774833
vn 0.86761430 0.49120810 0.07720127
vn 0.86761430 0.49120810 0.07720127
vn 0.86761430 0.49120810 0.07720127
vn 0.62280657 0.76870811 0.14560154
vn 0.62280657 0.76870811 0.14560154
vn 0.62280657 0.76870811 0.14560154
vn 0.81665713 0.17399087 0.55027112
vn 0.81665713 0.17399087 0.55027112
vn 0.81665713 0.17399087 0.55027112
vn -0.86131879 -0.11950261 0.49381077
vn -0.86131879 -0.11950261 0.49381077
vn -0.86131879 -0.11950261 0.49381077
vn 0.94082775 0.33560990 0.04700139
vn 0.94141282 0.33410455 0.04600063
vn 0.94149140 0.33389695 0.04589958
vn -0.99793438 -0.00750026 -0.06380220
vn -0.99793438 -0.00750026 -0.06380220
vn -0.99793438 -0.00750026 -0.06380220
vn -0.19510620 0.50291599 -0.84202677
vn -0.19510620 0.50291599 -0.84202677
vn -0.19510620 0.50291599 -0.84202677
vn -0.44191204 -0.47171285 -0.76302079
vn -0.44191204 -0.47171285 -0.76302079
vn -0.44191204 -0.47171285 -0.76302079
vn 0.94149572 0.33389848 0.04579979
vn 0.94145996 0.33398580 0.04589805
vn 0.94207682 0.33239182 0.04479890
vn -0.52150346 -0.64480428 -0.55880371
vn -0.52150346 -0.64480428 -0.55880371
vn -0.52150346 -0.64480428 -0.55880371
vn 0.08869800 -0.78408236 -0.61428618
vn 0.08869800 -0.78408236 -0.61428618
vn 0.08869800 -0.78408236 -0.61428618
vn 0.97602067 0.11910252 0.18220386
vn 0.97602067 0.11910252 0.18220386
vn 0.97602067 0.11910252 0.18220386
vn -0.59209328 -0.29229668 -0.75099148
vn -0.59209328 -0.29229668 -0.75099148
vn -0.59209328 -0.29229668 -0.75099148
vn -0.31400051 0.57090092 0.75860123
vn -0.31400051 0.57090092 0.75860123
vn -0.31400051 0.57090092 0.75860123
vn -0.48428179 0.37118604 -0.79227020
vn -0.48428179 0.37118604 -0.79227020
vn -0.48428179 0.37118604 -0.79227020
vn 0.09670213 -0.41640919 0.90401996
vn 0.09670213 -0.41640919 0.90401996
vn 0.09670213 -0.41640919 0.90401996
vn -0.81879560 0.27869850 0.50189730
vn -0.81879560 0.27869850 0.50189730
vn -0.81879560 0.27869850 0.50189730
vn -0.69348922 0.19459697 0.69368921
vn -0.69348922 0.19459697 0.69368921
vn -0.69348922 0.19459697 0.69368921
vn 0.98036647 0.17099415 0.09819664
vn 0.98036647 0.17099415 0.09819664
vn 0.98036647 0.17099415 0.09819664
vn -0.54880749 -0.21050287 0.80901105
vn -0.54880749 -0.21050287 0.80901105
vn -0.54880749 -0.21050287 0.80901105
vn -0.99523279 0.03090102 -0.09250305
vn -0.99523279 0.03090102 -0.09250305
vn -0.99523279 0.03090102 -0.09250305
vn 0.75268868 0.45359318 -0.47719282
vn 0.75268868 0.45359318 -0.47719282
vn 0.75268868 0.45359318 -0.47719282
vn -0.20410366 0.04270077 -0.97801756
vn -0.20410366 0.04270077 -0.97801756
vn -0.20410366 0.04270077 -0.97801756
vn -0.95324183 -0.13499176 -0.27038350
vn -0.95324183 -0.13499176 -0.27038350
vn -0.95324183 -0.13499176 -0.27038350
vn 0.95323694 -0.12750494 -0.27401062
vn 0.95323694 -0.12750494 -0.27401062
vn 0.95323694 -0.12750494 -0.27401062
vn 0.15180228 -0.51700776 -0.84241264
vn 0.15180228 -0.51700776 -0.84241264
vn 0.15180228 -0.51700776 -0.84241264
vn 0.99447441 -0.08359785 -0.06349837
vn 0.99447441 -0.08359785 -0.06349837
vn 0.99447441 -0.08359785 -0.06349837
vn -0.95342713 -0.14730419 -0.26320749
vn -0.95342713 -0.14730419 -0.26320749
vn -0.95342713 -0.14730419 -0.26320749
vn 0.62200597 -0.75910728 0.19200184
vn 0.62200597 -0.75910728 0.19200184
vn 0.62200597 -0.75910728 0.19200184
vn -0.47309067 -0.34959310 0.80868404
vn -0.47309067 -0.34959310 0.80868404
vn -0.47309067 -0.34959310 0.80868404
vn -0.19169338 0.07259749 -0.97876619
vn -0.19169338 0.07259749 -0.97876619
vn -0.19169338 0.07259749 -0.97876619
vn -0.37508484 0.20489172 0.90406346
vn -0.37508484 0.20489172 0.90406346
vn -0.37508484 0.20489172 0.90406346
vn 0.75298194 0.42558979 0.50188796
vn 0.75298194 0.42558979 0.50188796
vn 0.75298194 0.42558979 0.50188796
vn 0.60680912 0.38800583 0.69371043
vn 0.60680912 0.38800583 0.69371043
vn 0.60680912 0.38800583 0.69371043
vn -0.52481875 -0.84553022 0.09820351
vn -0.52481875 -0.84553022 0.09820351
vn -0.52481875 -0.84553022 0.09820351
vn 0.20810451 0.54971190 0.80901752
vn 0.20810451 0.54971190 0.80901752
vn 0.20810451 0.54971190 0.80901752
vn 0.68543350 0.72223530 -0.09250452
vn 0.68543350 0.72223530 -0.09250452
vn 0.68543350 0.72223530 -0.09250452
vn -0.16240824 -0.86364381 -0.47722421
vn -0.16240824 -0.86364381 -0.47722421
vn -0.16240824 -0.86364381 -0.47722421
vn 0.16770348 0.12390257 -0.97802029
vn 0.16770348 0.12390257 -0.97802029
vn 0.16770348 0.12390257 -0.97802029
vn 0.52582129 0.80933277 -0.26171060
vn 0.53369105 0.80128656 -0.27039547
vn 0.53301742 0.80142619 -0.27130887
vn -0.72959281 -0.62659382 -0.27399730
vn -0.72959281 -0.62659382 -0.27399730
vn -0.72959281 -0.62659382 -0.27399730
vn -0.48690535 0.23080254 -0.84240926
vn -0.48690535 0.23080254 -0.84240926
vn -0.48690535 0.23080254 -0.84240926
vn -0.72427744 -0.68657861 -0.06349802
vn -0.72427744 -0.68657861 -0.06349802
vn -0.72427744 -0.68657861 -0.06349802
vn 0.52580753 0.80931159 -0.26180375
vn 0.53300295 0.80140444 -0.27140150
vn 0.52461795 0.80962771 -0.26320901
vn -0.98054066 0.04090170 0.19200796
vn -0.98054066 0.04090170 0.19200796
vn -0.98054066 0.04090170 0.19200796
vn 0.05399802 0.58577852 0.80867035
vn 0.05399802 0.58577852 0.80867035
vn 0.05399802 0.58577852 0.80867035
vn 0.18179375 0.09469674 -0.97876635
vn 0.18179375 0.09469674 -0.97876635
vn 0.18179375 0.09469674 -0.97876635
vn -0.60888608 -0.01669962 0.79308187
vn -0.60888608 -0.01669962 0.79308187
vn -0.60888608 -0.01669962 0.79308187
vn 0.97379440 0.07149959 -0.21589876
vn 0.97379440 0.07149959 -0.21589876
vn 0.97379440 0.07149959 -0.21589876
vn -0.82302461 -0.39681186 0.40641215
vn -0.82302461 -0.39681186 0.40641215
vn -0.82302461 -0.39681186 0.40641215
vn 0.61022092 0.64712218 0.45701566
vn 0.61022092 0.64712218 0.45701566
vn 0.61022092 0.64712218 0.45701566
vn 0.96374778 -0.17919029 0.19768929
vn 0.96374778 -0.17919029 0.19768929
vn 0.96374778 -0.17919029 0.19768929
vn -0.95008512 0.25239605 -0.18339713
vn -0.95046926 0.25619171 -0.17599431
vn -0.95048979 0.25679724 -0.17499812
vn 0.96683174 -0.25110824 0.04670153
vn 0.96683174 -0.25110824 0.04670153
vn 0.96683174 -0.25110824 0.04670153
vn -0.95010909 0.25230241 -0.18340176
vn -0.95009350 0.25279827 -0.18279875
vn -0.60340760 -0.07900100 -0.79350999
vn -0.60340760 -0.07900100 -0.79350999
vn -0.60340760 -0.07900100 -0.79350999
vn 0.98554961 0.05869700 0.15889188
vn 0.98554961 0.05869700 0.15889188
vn 0.98554961 0.05869700 0.15889188
vn -0.82007047 -0.42358475 -0.38478615
vn -0.82007047 -0.42358475 -0.38478615
vn -0.82007047 -0.42358475 -0.38478615
vn 0.92863110 -0.23250779 0.28910968
vn 0.92863110 -0.23250779 0.28910968
vn 0.92863110 -0.23250779 0.28910968
vn -0.83648962 -0.30299624 -0.45659434
vn -0.83648962 -0.30299624 -0.45659434
vn -0.83648962 -0.30299624 -0.45659434
vn -0.06750164 -0.98642402 -0.14970365
vn -0.06750164 -0.98642402 -0.14970365
vn -0.06750164 -0.98642402 -0.14970365
vn 0.93829825 -0.00939998 -0.34569935
vn 0.93829825 -0.00939998 -0.34569935
vn 0.93829825 -0.00939998 -0.34569935
vn -0.82359644 -0.26549885 -0.50119783
vn -0.82359644 -0.26549885 -0.50119783
vn -0.82359644 -0.26549885 -0.50119783
vn -0.07569883 -0.68648937 0.72318880
vn -0.07569883 -0.68648937 0.72318880
vn -0.07569883 -0.68648937 0.72318880
vn -0.77976938 0.24349044 0.57677735
vn -0.77976938 0.24349044 0.57677735
vn -0.77976938 0.24349044 0.57677735
vn 0.32809140 -0.64208317 0.69288184
vn 0.32809140 -0.64208317 0.69288184
vn 0.32809140 -0.64208317 0.69288184
vn -0.41159762 0.74439570 0.52579696
vn -0.41159762 0.74439570 0.52579696
vn -0.41159762 0.74439570 0.52579696
vn -0.60888608 -0.01669962 0.79308187
vn -0.60888608 -0.01669962 0.79308187
vn -0.60888608 -0.01669962 0.79308187
vn 0.97379440 0.07149959 -0.21589876
vn 0.97379440 0.07149959 -0.21589876
vn 0.97379440 0.07149959 -0.21589876
vn -0.82302461 -0.39681186 0.40641215
vn -0.82302461 -0.39681186 0.40641215
vn -0.82302461 -0.39681186 0.40641215
vn 0.61022092 0.64712218 0.45701566
vn 0.61022092 0.64712218 0.45701566
vn 0.61022092 0.64712218 0.45701566
vn 0.96374778 -0.17919029 0.19768929
vn 0.96374778 -0.17919029 0.19768929
vn 0.96374778 -0.17919029 0.19768929
vn -0.95008512 0.25239605 -0.18339713
vn -0.95046926 0.25619171 -0.17599431
vn -0.95048979 0.25679724 -0.17499812
vn 0.96683174 -0.25110824 0.04670153
vn 0.96683174 -0.25110824 0.04670153
vn 0.96683174 -0.25110824 0.04670153
vn -0.95009596 0.25249893 -0.18319922
vn -0.95009350 0.25279827 -0.18279875
vn -0.60340760 -0.07900100 -0.79350999
vn -0.60340760 -0.07900100 -0.79350999
vn -0.60340760 -0.07900100 -0.79350999
vn 0.98554961 0.05869700 0.15889188
vn 0.98554961 0.05869700 0.15889188
vn 0.98554961 0.05869700 0.15889188
vn -0.82007047 -0.42358475 -0.38478615
vn -0.82007047 -0.42358475 -0.38478615
vn -0.82007047 -0.42358475 -0.38478615
vn 0.92863110 -0.23250779 0.28910968
vn 0.92863110 -0.23250779 0.28910968
vn 0.92863110 -0.23250779 0.28910968
vn -0.83648962 -0.30299624 -0.45659434
vn -0.83648962 -0.30299624 -0.45659434
vn -0.83648962 -0.30299624 -0.45659434
vn -0.06750164 -0.98642402 -0.14970365
vn -0.06750164 -0.98642402 -0.14970365
vn -0.06750164 -0.98642402 -0.14970365
vn 0.93829825 -0.00939998 -0.34569935
vn 0.93829825 -0.00939998 -0.34569935
vn 0.93829825 -0.00939998 -0.34569935
vn -0.82359644 -0.26549885 -0.50119783
vn -0.82359644 -0.26549885 -0.50119783
vn -0.82359644 -0.26549885 -0.50119783
vn -0.07569883 -0.68648937 0.72318880
vn -0.07569883 -0.68648937 0.72318880
vn -0.07569883 -0.68648937 0.72318880
vn -0.77976938 0.24349044 0.57677735
vn -0.77976938 0.24349044 0.57677735
vn -0.77976938 0.24349044 0.57677735
vn 0.32809140 -0.64208317 0.69288184
vn 0.32809140 -0.64208317 0.69288184
vn 0.32809140 -0.64208317 0.69288184
vn -0.41159762 0.74439570 0.52579696
vn -0.41159762 0.74439570 0.52579696
vn -0.41159762 0.74439570 0.52579696
vn -0.56956931 0.21598836 0.79305727
vn -0.56956931 0.21598836 0.79305727
vn -0.56956931 0.21598836 0.79305727
vn 0.92791558 -0.30390510 -0.21590362
vn 0.92791558 -0.30390510 -0.21590362
vn 0.92791558 -0.30390510 -0.21590362
vn -0.91208365 -0.05429903 0.40639271
vn -0.91208365 -0.05429903 0.40639271
vn -0.91208365 -0.05429903 0.40639271
vn 0.81037324 0.36668789 0.45698491
vn 0.81037324 0.36668789 0.45698491
vn 0.81037324 0.36668789 0.45698491
vn 0.82336013 -0.53197424 0.19769043
vn 0.82336013 -0.53197424 0.19769043
vn 0.82336013 -0.53197424 0.19769043
vn -0.78280833 0.59480633 -0.18280195
vn -0.78178809 0.59819088 -0.17599732
vn -0.78169690 0.59839762 -0.17569930
vn -0.78174367 0.59833343 -0.17570982
vn 0.79887516 -0.59968135 0.04669855
vn 0.79887516 -0.59968135 0.04669855
vn 0.79887516 -0.59968135 0.04669855
vn -0.78272304 0.59491751 -0.18280538
vn -0.78272304 0.59491751 -0.18280538
vn -0.58811954 0.15630519 -0.79352637
vn -0.58811954 0.15630519 -0.79352637
vn -0.58811954 0.15630519 -0.79352637
vn 0.93392500 -0.32020857 0.15890425
vn 0.93392500 -0.32020857 0.15890425
vn 0.93392500 -0.32020857 0.15890425
vn -0.91951503 -0.08010131 -0.38480629
vn -0.91951503 -0.08010131 -0.38480629
vn -0.91951503 -0.08010131 -0.38480629
vn 0.77058953 -0.56799228 0.28909607
vn 0.77058953 -0.56799228 0.28909607
vn 0.77058953 -0.56799228 0.28909607
vn -0.88882040 0.03760086 -0.45671048
vn -0.88882040 0.03760086 -0.45671048
vn -0.88882040 0.03760086 -0.45671048
vn -0.43728784 -0.88677534 -0.14969584
vn -0.43728784 -0.88677534 -0.14969584
vn -0.43728784 -0.88677534 -0.14969584
vn 0.86434580 -0.36521935 -0.34571832
vn 0.86434580 -0.36521935 -0.34571832
vn 0.86434580 -0.36521935 -0.34571832
vn -0.86269613 0.06749970 -0.50119775
vn -0.86269613 0.06749970 -0.50119775
vn -0.86269613 0.06749970 -0.50119775
vn -0.33090141 -0.60620258 0.72320308
vn -0.33090141 -0.60620258 0.72320308
vn -0.33090141 -0.60620258 0.72320308
vn -0.62878430 0.52148698 0.57678560
vn -0.62878430 0.52148698 0.57678560
vn -0.62878430 0.52148698 0.57678560
vn 0.05949891 -0.71858684 0.69288731
vn 0.05949891 -0.71858684 0.69288731
vn 0.05949891 -0.71858684 0.69288731
vn -0.09779729 0.84497656 0.52578541
vn -0.09779729 0.84497656 0.52578541
vn -0.09779729 0.84497656 0.52578541
vn -0.55627760 0.24819001 0.79306806
vn -0.55627760 0.24819001 0.79306806
vn -0.55627760 0.24819001 0.79306806
vn 0.90900634 -0.35650248 -0.21590150
vn 0.90900634 -0.35650248 -0.21590150
vn 0.90900634 -0.35650248 -0.21590150
vn -0.91369403 -0.00209999 0.40639735
vn -0.91369403 -0.00209999 0.40639735
vn -0.91369403 -0.00209999 0.40639735
vn 0.83001781 0.31970686 0.45700981
vn 0.83001781 0.31970686 0.45700981
vn 0.83001781 0.31970686 0.45700981
vn 0.79158769 -0.57819101 0.19769693
vn 0.79158769 -0.57819101 0.19769693
vn 0.79158769 -0.57819101 0.19769693
vn -0.74748628 0.63868828 -0.18259665
vn -0.74630922 0.64190793 -0.17600217
vn -0.74628756 0.64198930 -0.17579707
vn -0.74630922 0.64190793 -0.17600217
vn 0.76327743 -0.64438095 0.04669862
vn 0.76327743 -0.64438095 0.04669862
vn 0.76327743 -0.64438095 0.04669862
vn -0.74741484 0.63871268 -0.18280363
vn -0.74741484 0.63871268 -0.18280363
vn -0.57821631 0.18970535 -0.79352239
vn -0.57821631 0.18970535 -0.79352239
vn -0.57821631 0.18970535 -0.79352239
vn 0.91408554 -0.37309410 0.15889749
vn 0.91408554 -0.37309410 0.15889749
vn 0.91408554 -0.37309410 0.15889749
vn -0.92259421 -0.02739983 -0.38479758
vn -0.92259421 -0.02739983 -0.38479758
vn -0.92259421 -0.02739983 -0.38479758
vn 0.73688393 -0.61108667 0.28909369
vn 0.73688393 -0.61108667 0.28909369
vn 0.73688393 -0.61108667 0.28909369
vn -0.88522177 0.08830217 -0.45671123
vn -0.88522177 0.08830217 -0.45671123
vn -0.88522177 0.08830217 -0.45671123
vn -0.48730305 -0.86030539 -0.14970094
vn -0.48730305 -0.86030539 -0.14970094
vn -0.48730305 -0.86030539 -0.14970094
vn 0.84205537 -0.41402723 -0.34572273
vn 0.84205537 -0.41402723 -0.34572273
vn 0.84205537 -0.41402723 -0.34572273
vn -0.85741925 0.11670262 -0.50121125
vn -0.85741925 0.11670262 -0.50121125
vn -0.85741925 0.11670262 -0.50121125
vn -0.36500166 -0.58630266 0.72320328
vn -0.36500166 -0.58630266 0.72320328
vn -0.36500166 -0.58630266 0.72320328
vn -0.59790412 0.55660384 0.57680398
vn -0.59790412 0.55660384 0.57680398
vn -0.59790412 0.55660384 0.57680398
vn 0.01830002 -0.72080074 0.69290071
vn 0.01830002 -0.72080074 0.69290071
vn 0.01830002 -0.72080074 0.69290071
vn -0.04929909 0.84918439 0.52579033
vn -0.04929909 0.84918439 0.52579033
vn -0.04929909 0.84918439 0.52579033
vn -0.56247854 0.23379108 0.79306974
vn -0.56247854 0.23379108 0.79306974
vn -0.56247854 0.23379108 0.79306974
vn 0.91788062 -0.33299297 -0.21589544
vn 0.91788062 -0.33299297 -0.21589544
vn 0.91788062 -0.33299297 -0.21589544
vn -0.91333283 -0.02550092 0.40641461
vn -0.91333283 -0.02550092 0.40641461
vn -0.91333283 -0.02550092 0.40641461
vn 0.82153119 0.34091294 0.45701735
vn 0.82153119 0.34091294 0.45701735
vn 0.82153119 0.34091294 0.45701735
vn 0.80617057 -0.55767964 0.19769278
vn 0.80617057 -0.55767964 0.19769278
vn 0.80617057 -0.55767964 0.19769278
vn -0.76360124 0.61930101 -0.18270030
vn -0.76258436 0.62248724 -0.17599639
vn -0.76258436 0.62248724 -0.17599639
vn -0.76247439 0.62267908 -0.17579410
vn 0.77956796 -0.62457433 0.04669808
vn 0.77956796 -0.62457433 0.04669808
vn 0.77956796 -0.62457433 0.04669808
vn -0.76358729 0.61928969 -0.18279696
vn -0.76358729 0.61928969 -0.18279696
vn -0.58290883 0.17480265 -0.79351202
vn -0.58290883 0.17480265 -0.79351202
vn -0.58290883 0.17480265 -0.79351202
vn 0.92336906 -0.34948829 0.15889468
vn 0.92336906 -0.34948829 0.15889468
vn 0.92336906 -0.34948829 0.15889468
vn -0.92158672 -0.05109926 -0.38479446
vn -0.92158672 -0.05109926 -0.38479446
vn -0.92158672 -0.05109926 -0.38479446
vn 0.75230071 -0.59200056 0.28910027
vn 0.75230071 -0.59200056 0.28910027
vn 0.75230071 -0.59200056 0.28910027
vn -0.88719907 0.06559993 -0.45669952
vn -0.88719907 0.06559993 -0.45669952
vn -0.88719907 0.06559993 -0.45669952
vn -0.46510364 -0.87250683 -0.14970117
vn -0.46510364 -0.87250683 -0.14970117
vn -0.46510364 -0.87250683 -0.14970117
vn 0.85240275 -0.39230127 -0.34570112
vn 0.85240275 -0.39230127 -0.34570112
vn 0.85240275 -0.39230127 -0.34570112
vn -0.86015930 0.09459552 -0.50117628
vn -0.86015930 0.09459552 -0.50117628
vn -0.86015930 0.09459552 -0.50117628
vn -0.34980026 -0.59550044 0.72320053
vn -0.34980026 -0.59550044 0.72320053
vn -0.34980026 -0.59550044 0.72320053
vn -0.61199038 0.54109149 0.57679093
vn -0.61199038 0.54109149 0.57679093
vn -0.61199038 0.54109149 0.57679093
vn 0.03679984 -0.72009688 0.69289700
vn 0.03679984 -0.72009688 0.69289700
vn 0.03679984 -0.72009688 0.69289700
vn -0.07109587 0.84765078 0.52576947
vn -0.07109587 0.84765078 0.52576947
vn -0.07109587 0.84765078 0.52576947
vn -0.99201530 0.00540008 0.12600194
vn -0.99201530 0.00540008 0.12600194
vn -0.99201530 0.00540008 0.12600194
vn 0.07890328 -0.93753896 -0.33881408
vn 0.07890328 -0.93753896 -0.33881408
vn 0.07890328 -0.93753896 -0.33881408
vn -0.53738356 0.75597687 0.37378856
vn -0.53738356 0.75597687 0.37378856
vn -0.53738356 0.75597687 0.37378856
vn -0.52818012 0.75577155 0.38708543
vn -0.52818012 0.75577155 0.38708543
vn -0.52818012 0.75577155 0.38708543
vn -0.31771065 0.02940099 0.94773178
vn -0.31771065 0.02940099 0.94773178
vn -0.31771065 0.02940099 0.94773178
vn 0.35250725 -0.93261919 0.07720159
vn 0.35250725 -0.93261919 0.07720159
vn 0.35250725 -0.93261919 0.07720159
vn 0.66421885 -0.73322081 0.14560413
vn 0.66421885 -0.73322081 0.14560413
vn 0.66421885 -0.73322081 0.14560413
vn 0.04690058 -0.83371028 0.55020678
vn 0.04690058 -0.83371028 0.55020678
vn 0.04690058 -0.83371028 0.55020678
vn 0.01379959 0.86947429 0.49378540
vn 0.01379959 0.86947429 0.49378540
vn 0.01379959 0.86947429 0.49378540
vn 0.18750727 -0.98113804 0.04700182
vn 0.18679506 -0.98127403 0.04699876
vn 0.18459940 -0.98179681 0.04469985
vn 0.14540197 0.98731338 -0.06380086
vn 0.14540197 0.98731338 -0.06380086
vn 0.14540197 0.98731338 -0.06380086
vn 0.52682848 0.11580626 -0.84204552
vn 0.52682848 0.11580626 -0.84204552
vn 0.52682848 0.11580626 -0.84204552
vn -0.39850987 0.50891261 -0.76301890
vn -0.39850987 0.50891261 -0.76301890
vn -0.39850987 0.50891261 -0.76301890
vn 0.18469599 -0.98177869 0.04469903
vn 0.18689156 -0.98125570 0.04699788
vn 0.18419408 -0.98186844 0.04479856
vn -0.55731127 0.61411242 -0.55881130
vn -0.55731127 0.61411242 -0.55881130
vn -0.55731127 0.61411242 -0.55881130
vn -0.78840441 0.03240018 -0.61430344
vn -0.78840441 0.03240018 -0.61430344
vn -0.78840441 0.03240018 -0.61430344
vn -0.03179835 -0.98274894 0.18219053
vn -0.03179835 -0.98274894 0.18219053
vn -0.03179835 -0.98274894 0.18219053
vn -0.19819423 0.62988165 -0.75097813
vn -0.19819423 0.62988165 -0.75097813
vn -0.19819423 0.62988165 -0.75097813
vn 0.61229232 0.22279721 0.75859048
vn 0.61229232 0.22279721 0.75859048
vn 0.61229232 0.22279721 0.75859048
vn 0.44098872 0.42168921 -0.79227973
vn 0.44098872 0.42168921 -0.79227973
vn 0.44098872 0.42168921 -0.79227973
vn 0.14660551 -0.98113691 0.12600474
vn 0.14660551 -0.98113691 0.12600474
vn 0.14660551 -0.98113691 0.12600474
vn 0.91438042 0.22149526 -0.33889274
vn 0.91438042 0.22149526 -0.33889274
vn 0.91438042 0.22149526 -0.33889274
vn -0.66473232 -0.64683145 0.37381817
vn -0.66473232 -0.64683145 0.37381817
vn -0.66473232 -0.64683145 0.37381817
vn -0.66592314 -0.63772216 0.38711345
vn -0.66592314 -0.63772216 0.38711345
vn -0.66592314 -0.63772216 0.38711345
vn 0.01960038 -0.31850610 0.94771815
vn 0.01960038 -0.31850610 0.94771815
vn 0.01960038 -0.31850610 0.94771815
vn 0.86761430 0.49120810 0.07720127
vn 0.86761430 0.49120810 0.07720127
vn 0.86761430 0.49120810 0.07720127
vn 0.62280657 0.76870811 0.14560154
vn 0.62280657 0.76870811 0.14560154
vn 0.62280657 0.76870811 0.14560154
vn 0.81665713 0.17399087 0.55027112
vn 0.81665713 0.17399087 0.55027112
vn 0.81665713 0.17399087 0.55027112
vn -0.86131879 -0.11950261 0.49381077
vn -0.86131879 -0.11950261 0.49381077
vn -0.86131879 -0.11950261 0.49381077
vn 0.94082775 0.33560990 0.04700139
vn 0.94141714 0.33410608 0.04590084
vn 0.94149572 0.33389848 0.04579979
vn -0.99793438 -0.00750026 -0.06380220
vn -0.99793438 -0.00750026 -0.06380220
vn -0.99793438 -0.00750026 -0.06380220
vn -0.19510620 0.50291599 -0.84202677
vn -0.19510620 0.50291599 -0.84202677
vn -0.19510620 0.50291599 -0.84202677
vn -0.44191204 -0.47171285 -0.76302079
vn -0.44191204 -0.47171285 -0.76302079
vn -0.44191204 -0.47171285 -0.76302079
vn 0.94149572 0.33389848 0.04579979
vn 0.94145996 0.33398580 0.04589805
vn 0.94207682 0.33239182 0.04479890
vn -0.52150346 -0.64480428 -0.55880371
vn -0.52150346 -0.64480428 -0.55880371
vn -0.52150346 -0.64480428 -0.55880371
vn 0.08869800 -0.78408236 -0.61428618
vn 0.08869800 -0.78408236 -0.61428618
vn 0.08869800 -0.78408236 -0.61428618
vn 0.97602067 0.11910252 0.18220386
vn 0.97602067 0.11910252 0.18220386
vn 0.97602067 0.11910252 0.18220386
vn -0.59209328 -0.29229668 -0.75099148
vn -0.59209328 -0.29229668 -0.75099148
vn -0.59209328 -0.29229668 -0.75099148
vn -0.31400051 0.57090092 0.75860123
vn -0.31400051 0.57090092 0.75860123
vn -0.31400051 0.57090092 0.75860123
vn -0.48428179 0.37118604 -0.79227020
vn -0.48428179 0.37118604 -0.79227020
vn -0.48428179 0.37118604 -0.79227020
vn 0.14660551 -0.98113691 0.12600474
vn 0.14660551 -0.98113691 0.12600474
vn 0.14660551 -0.98113691 0.12600474
vn 0.91438042 0.22149526 -0.33889274
vn 0.91438042 0.22149526 -0.33889274
vn 0.91438042 0.22149526 -0.33889274
vn -0.66473232 -0.64683145 0.37381817
vn -0.66473232 -0.64683145 0.37381817
vn -0.66473232 -0.64683145 0.37381817
vn -0.66592314 -0.63772216 0.38711345
vn -0.66592314 -0.63772216 0.38711345
vn -0.66592314 -0.63772216 0.38711345
vn 0.01960038 -0.31850610 0.94771815
vn 0.01960038 -0.31850610 0.94771815
vn 0.01960038 -0.31850610 0.94771815
vn 0.86761430 0.49120810 0.07720127
vn 0.86761430 0.49120810 0.07720127
vn 0.86761430 0.49120810 0.07720127
vn 0.62280657 0.76870811 0.14560154
vn 0.62280657 0.76870811 0.14560154
vn 0.62280657 0.76870811 0.14560154
vn 0.81665713 0.17399087 0.55027112
vn 0.81665713 0.17399087 0.55027112
vn 0.81665713 0.17399087 0.55027112
vn -0.86131879 -0.11950261 0.49381077
vn -0.86131879 -0.11950261 0.49381077
vn -0.86131879 -0.11950261 0.49381077
vn 0.94082775 0.33560990 0.04700139
vn 0.94141714 0.33410608 0.04590084
vn 0.94149140 0.33389695 0.04589958
vn -0.99793438 -0.00750026 -0.06380220
vn -0.99793438 -0.00750026 -0.06380220
vn -0.99793438 -0.00750026 -0.06380220
vn -0.19510620 0.50291599 -0.84202677
vn -0.19510620 0.50291599 -0.84202677
vn -0.19510620 0.50291599 -0.84202677
vn -0.44191204 -0.47171285 -0.76302079
vn -0.44191204 -0.47171285 -0.76302079
vn -0.44191204 -0.47171285 -0.76302079
vn 0.94149572 0.33389848 0.04579979
vn 0.94144859 0.33401724 0.04590237
vn 0.94207682 0.33239182 0.04479890
vn -0.52150346 -0.64480428 -0.55880371
vn -0.52150346 -0.64480428 -0.55880371
vn -0.52150346 -0.64480428 -0.55880371
vn 0.08869800 -0.78408236 -0.61428618
vn 0.08869800 -0.78408236 -0.61428618
vn 0.08869800 -0.78408236 -0.61428618
vn 0.97602067 0.11910252 0.18220386
vn 0.97602067 0.11910252 0.18220386
vn 0.97602067 0.11910252 0.18220386
vn -0.59209328 -0.29229668 -0.75099148
vn -0.59209328 -0.29229668 -0.75099148
vn -0.59209328 -0.29229668 -0.75099148
vn -0.31400051 0.57090092 0.75860123
vn -0.31400051 0.57090092 0.75860123
vn -0.31400051 0.57090092 0.75860123
vn -0.48428179 0.37118604 -0.79227020
vn -0.48428179 0.37118604 -0.79227020
vn -0.48428179 0.37118604 -0.79227020
vn -0.60888608 -0.01669962 0.79308187
vn -0.60888608 -0.01669962 0.79308187
vn -0.60888608 -0.01669962 0.79308187
vn 0.97379440 0.07149959 -0.21589876
vn 0.97379440 0.07149959 -0.21589876
vn 0.97379440 0.07149959 -0.21589876
vn -0.82302461 -0.39681186 0.40641215
vn -0.82302461 -0.39681186 0.40641215
vn -0.82302461 -0.39681186 0.40641215
vn 0.61022092 0.64712218 0.45701566
vn 0.61022092 0.64712218 0.45701566
vn 0.61022092 0.64712218 0.45701566
vn 0.96374778 -0.17919029 0.19768929
vn 0.96374778 -0.17919029 0.19768929
vn 0.96374778 -0.17919029 0.19768929
vn -0.95008512 0.25239605 -0.18339713
vn -0.95046926 0.25619171 -0.17599431
vn -0.95048979 0.25679724 -0.17499812
vn 0.96683174 -0.25110824 0.04670153
vn 0.96683174 -0.25110824 0.04670153
vn 0.96683174 -0.25110824 0.04670153
vn -0.95008512 0.25239605 -0.18339713
vn -0.95009350 0.25279827 -0.18279875
vn -0.60340760 -0.07900100 -0.79350999
vn -0.60340760 -0.07900100 -0.79350999
vn -0.60340760 -0.07900100 -0.79350999
vn 0.98554961 0.05869700 0.15889188
vn 0.98554961 0.05869700 0.15889188
vn 0.98554961 0.05869700 0.15889188
vn -0.82007047 -0.42358475 -0.38478615
vn -0.82007047 -0.42358475 -0.38478615
vn -0.82007047 -0.42358475 -0.38478615
vn 0.92863110 -0.23250779 0.28910968
vn 0.92863110 -0.23250779 0.28910968
vn 0.92863110 -0.23250779 0.28910968
vn -0.83648962 -0.30299624 -0.45659434
vn -0.83648962 -0.30299624 -0.45659434
vn -0.83648962 -0.30299624 -0.45659434
vn -0.06750164 -0.98642402 -0.14970365
vn -0.06750164 -0.98642402 -0.14970365
vn -0.06750164 -0.98642402 -0.14970365
vn 0.93829825 -0.00939998 -0.34569935
vn 0.93829825 -0.00939998 -0.34569935
vn 0.93829825 -0.00939998 -0.34569935
vn -0.82359644 -0.26549885 -0.50119783
vn -0.82359644 -0.26549885 -0.50119783
vn -0.82359644 -0.26549885 -0.50119783
vn -0.07569883 -0.68648937 0.72318880
vn -0.07569883 -0.68648937 0.72318880
vn -0.07569883 -0.68648937 0.72318880
vn -0.77976938 0.24349044 0.57677735
vn -0.77976938 0.24349044 0.57677735
vn -0.77976938 0.24349044 0.57677735
vn 0.32809140 -0.64208317 0.69288184
vn 0.32809140 -0.64208317 0.69288184
vn 0.32809140 -0.64208317 0.69288184
vn -0.41159762 0.74439570 0.52579696
vn -0.41159762 0.74439570 0.52579696
vn -0.41159762 0.74439570 0.52579696
vn 0.38968738 -0.64097924 0.66127858
vn 0.38968738 -0.64097924 0.66127858
vn 0.38968738 -0.64097924 0.66127858
vn -0.82517843 0.03659904 0.56368526
vn -0.82517843 0.03659904 0.56368526
vn -0.82517843 0.03659904 0.56368526
vn 0.96476723 0.21209280 0.15569471
vn 0.96476723 0.21209280 0.15569471
vn 0.96476723 0.21209280 0.15569471
vn 0.95957044 -0.07279776 0.27189162
vn 0.95957044 -0.07279776 0.27189162
vn 0.95957044 -0.07279776 0.27189162
vn -0.83339635 0.07619967 0.54739760
vn -0.83339635 0.07619967 0.54739760
vn -0.83339635 0.07619967 0.54739760
vn 0.93030758 0.17190140 -0.32400264
vn 0.93030758 0.17190140 -0.32400264
vn 0.93030758 0.17190140 -0.32400264
vn -0.59142271 0.75092883 -0.29381128
vn -0.59142271 0.75092883 -0.29381128
vn -0.59142271 0.75092883 -0.29381128
vn -0.95937579 0.20039494 -0.19859499
vn -0.95937579 0.20039494 -0.19859499
vn -0.95937579 0.20039494 -0.19859499
vn -0.02939975 0.85439267 -0.51879555
vn -0.02939975 0.85439267 -0.51879555
vn -0.02939975 0.85439267 -0.51879555
vn 0.90223617 0.10870436 -0.41731673
vn 0.90223617 0.10870436 -0.41731673
vn 0.90223617 0.10870436 -0.41731673
vn -0.96776754 0.12559579 -0.21829268
vn -0.96776754 0.12559579 -0.21829268
vn -0.96776754 0.12559579 -0.21829268
vn -0.95341990 -0.30050627 0.02620055
vn -0.95341990 -0.30050627 0.02620055
vn -0.95341990 -0.30050627 0.02620055
vn 0.93617157 -0.04229872 -0.34898940
vn 0.93617157 -0.04229872 -0.34898940
vn 0.93617157 -0.04229872 -0.34898940
vn -0.87920168 -0.47430091 0.04520009
vn -0.87920168 -0.47430091 0.04520009
vn -0.87920168 -0.47430091 0.04520009
vn 0.98573129 -0.16790533 0.01190038
vn 0.98573129 -0.16790533 0.01190038
vn 0.98573129 -0.16790533 0.01190038
vn -0.88568163 -0.46379038 0.02159955
vn -0.88568163 -0.46379038 0.02159955
vn -0.88568163 -0.46379038 0.02159955
vn 0.24469846 -0.64929591 0.72009547
vn 0.24469846 -0.64929591 0.72009547
vn 0.24469846 -0.64929591 0.72009547
vn -0.41420411 0.89250886 -0.17850177
vn -0.41420411 0.89250886 -0.17850177
vn -0.41420411 0.89250886 -0.17850177
vn 0.23010503 0.30230661 0.92502021
vn 0.23010503 0.30230661 0.92502021
vn 0.23010503 0.30230661 0.92502021
vn 0.23009807 0.30239746 0.92499224
vn -0.24249534 0.96918137 0.04339917
vn -0.24249534 0.96918137 0.04339917
vn -0.24249534 0.96918137 0.04339917
vn -0.24249534 0.96918137 0.04339917
vn 0.67688676 0.71338604 0.18139645
vn 0.67688676 0.71338604 0.18139645
vn 0.67688676 0.71338604 0.18139645
vn 0.67688676 0.71338604 0.18139645
vn -0.27199192 -0.88707365 -0.37298892
vn -0.27199192 -0.88707365 -0.37298892
vn -0.27189932 -0.88709777 -0.37299906
vn -0.27199192 -0.88707365 -0.37298892
vn 0.59662870 -0.03300159 0.80183857
vn 0.59662870 -0.03300159 0.80183857
vn 0.59657889 -0.03309883 0.80187162
vn 0.59662870 -0.03300159 0.80183857
vn 0.35349433 -0.77658755 0.52149164
vn 0.35349433 -0.77658755 0.52149164
vn 0.35360027 -0.77660059 0.52140040
vn 0.35349433 -0.77658755 0.52149164
vn 0.08829687 -0.68457569 -0.72357431
vn 0.08820403 -0.68463127 -0.72353305
vn 0.08820403 -0.68463127 -0.72353305
vn 0.08819765 -0.68458174 -0.72358070
vn -0.55168760 -0.35189209 -0.75618301
vn -0.55168760 -0.35189209 -0.75618301
vn -0.55168760 -0.35189209 -0.75618301
vn -0.55168760 -0.35189209 -0.75618301
vn -0.80611579 -0.29250573 0.51441008
vn -0.80615726 -0.29252078 0.51433653
vn -0.80615726 -0.29252078 0.51433653
vn -0.80611579 -0.29250573 0.51441008
vn -0.84906958 -0.01779936 0.52798109
vn -0.84911441 -0.01780030 0.52790896
vn -0.84906958 -0.01779936 0.52798109
vn -0.84906958 -0.01779936 0.52798109
vn -0.13229740 0.85598317 0.49979017
vn -0.13230872 0.85595644 0.49983296
vn -0.13240698 0.85594511 0.49982634
vn -0.13229740 0.85598317 0.49979017
vn -0.32219277 0.78258244 0.53268804
vn -0.32219277 0.78258244 0.53268804
vn -0.32210315 0.78260765 0.53270520
vn -0.32210315 0.78260765 0.53270520
vn -0.07919583 0.91375188 0.39847901
vn -0.07919583 0.91375188 0.39847901
vn -0.07919583 0.91375188 0.39847901
vn -0.07919583 0.91375188 0.39847901
vn 0.93983320 0.33291176 -0.07670271
vn 0.93980191 0.33300068 -0.07670016
vn 0.93980191 0.33300068 -0.07670016
vn 0.93980191 0.33300068 -0.07670016
vn 0.90301482 -0.15230250 -0.40170659
vn 0.90301482 -0.15230250 -0.40170659
vn 0.90301482 -0.15230250 -0.40170659
vn 0.90301482 -0.15230250 -0.40170659
vn 0.85937300 -0.31579008 0.40218736
vn 0.85926279 -0.31558633 0.40258257
vn 0.85926279 -0.31558633 0.40258257
vn 0.85923662 -0.31561345 0.40261716
vn -0.43549471 -0.46599434 -0.77019065
vn -0.43549471 -0.46599434 -0.77019065
vn -0.43557574 -0.46597405 -0.77015710
vn -0.43557574 -0.46597405 -0.77015710
vn -0.36549213 -0.87908107 0.30599341
vn -0.36548095 -0.87905417 0.30608404
vn -0.36549213 -0.87908107 0.30599341
vn -0.36548095 -0.87905417 0.30608404
vn -0.97876421 0.10289624 0.17729352
vn -0.97876421 0.10289624 0.17729352
vn -0.97876421 0.10289624 0.17729352
vn -0.97876421 0.10289624 0.17729352
vn -0.39878902 0.78377841 0.47608689
vn -0.39878902 0.78377841 0.47608689
vn -0.39878902 0.78377841 0.47608689
vn -0.39878902 0.78377841 0.47608689
vn 0.92419383 -0.30059799 0.23559843
vn 0.92419383 -0.30059799 0.23559843
vn 0.92419383 -0.30059799 0.23559843
vn 0.92419383 -0.30059799 0.23559843
vn 0.04019828 -0.96815852 -0.24708941
vn 0.04019828 -0.96815852 -0.24708941
vn 0.04019828 -0.96815852 -0.24708941
vn 0.04009844 -0.96816241 -0.24709041
vn 0.17709756 -0.70699028 0.68469059
vn 0.17709756 -0.70699028 0.68469059
vn 0.17709756 -0.70699028 0.68469059
vn 0.17709756 -0.70699028 0.68469059
vn -0.36918651 0.88686759 -0.27778985
vn -0.36918651 0.88686759 -0.27778985
vn -0.36929338 0.88688410 -0.27759502
vn -0.36918651 0.88686759 -0.27778985
vn 0.60411531 0.06150156 0.79452014
vn 0.60411531 0.06150156 0.79452014
vn 0.60411531 0.06150156 0.79452014
vn 0.60411531 0.06150156 0.79452014
vn 0.97050018 0.24110005 0.00040000
vn 0.97050018 0.24110005 0.00040000
vn 0.97050018 0.24110005 0.00040000
vn 0.97050018 0.24110005 0.00040000
vn 0.46450070 -0.32520049 0.82370124
vn 0.46450070 -0.32520049 0.82370124
vn 0.46457912 -0.32518538 0.82366298
vn 0.46450070 -0.32520049 0.82370124
vn 0.75628377 -0.57608764 -0.31009335
vn 0.75632734 -0.57602082 -0.31011121
vn 0.75630388 -0.57600296 -0.31020159
vn 0.75628377 -0.57608764 -0.31009335
vn -0.32419454 -0.92788437 0.18419690
vn -0.32410505 -0.92791445 0.18420287
vn -0.32410505 -0.92791445 0.18420287
vn -0.32411102 -0.92793154 0.18410626
vn -0.89662248 -0.26730670 0.35300885
vn -0.89662248 -0.26730670 0.35300885
vn -0.89662248 -0.26730670 0.35300885
vn -0.89662248 -0.26730670 0.35300885
vn -0.70559572 0.57859649 0.40909752
vn -0.70559572 0.57859649 0.40909752
vn -0.70559572 0.57859649 0.40909752
vn -0.70559572 0.57859649 0.40909752
vn 0.39799795 0.69979640 -0.59319695
vn 0.39799795 0.69979640 -0.59319695
vn 0.39799795 0.69979640 -0.59319695
vn 0.39799795 0.69979640 -0.59319695
vn 0.44991332 0.73242169 0.51101513
vn 0.44991332 0.73242169 0.51101513
vn 0.44991332 0.73242169 0.51101513
vn 0.44991332 0.73242169 0.51101513
vn 0.55791345 0.72441747 0.40490976
vn 0.55791345 0.72441747 0.40490976
vn 0.55791345 0.72441747 0.40490976
vn 0.55791345 0.72441747 0.40490976
vn -0.30038887 0.73427280 0.60877745
vn -0.30038887 0.73427280 0.60877745
vn -0.30038887 0.73427280 0.60877745
vn -0.30038887 0.73427280 0.60877745
vn 0.63092444 0.77583005 -0.00470018
vn 0.63092444 0.77583005 -0.00470018
vn 0.63092444 0.77583005 -0.00470018
vn 0.63092444 0.77583005 -0.00470018
vn -0.52738796 0.80528162 -0.27089382
vn -0.52738796 0.80528162 -0.27089382
vn -0.52738796 0.80528162 -0.27089382
vn -0.52747442 0.80526095 -0.27078687
vn 0.27009880 0.15669930 -0.94999577
vn 0.27009880 0.15669930 -0.94999577
vn 0.27019150 0.15669507 -0.94997011
vn 0.27009880 0.15669930 -0.94999577
vn 0.61010434 -0.56160399 -0.55890397
vn 0.61010434 -0.56160399 -0.55890397
vn 0.61010434 -0.56160399 -0.55890397
vn 0.61010434 -0.56160399 -0.55890397
vn 0.60506439 -0.73465676 0.30688194
vn 0.60510884 -0.73461073 0.30690448
vn 0.60510884 -0.73461073 0.30690448
vn 0.60510884 -0.73461073 0.30690448
vn -0.67861460 -0.11700252 0.72511560
vn -0.67861460 -0.11700252 0.72511560
vn -0.67861460 -0.11700252 0.72511560
vn -0.67861460 -0.11700252 0.72511560
vn 0.33550229 0.22770155 0.91410624
vn 0.33541354 0.22770919 0.91413690
vn 0.33550229 0.22770155 0.91410624
vn 0.33550229 0.22770155 0.91410624
vn 0.79409815 0.23119946 0.56209869
vn 0.79409815 0.23119946 0.56209869
vn 0.79409815 0.23119946 0.56209869
vn 0.79409815 0.23119946 0.56209869
vn 0.51596839 0.85324773 0.07579536
vn 0.51589501 0.85329175 0.07579927
vn 0.51596839 0.85324773 0.07579536
vn 0.51589501 0.85329175 0.07579927
vn -0.71838064 0.67968169 -0.14819601
vn -0.71833225 0.67973051 -0.14820665
vn -0.71833225 0.67973051 -0.14820665
vn -0.71833225 0.67973051 -0.14820665
vn -0.74710149 0.14810029 -0.64800129
vn -0.74705308 0.14809070 -0.64805929
vn -0.74710149 0.14810029 -0.64800129
vn -0.74710149 0.14810029 -0.64800129
vn 0.50352909 0.00700040 -0.86394991
vn 0.50348559 0.00699980 -0.86397527
vn 0.50352909 0.00700040 -0.86394991
vn 0.50352909 0.00700040 -0.86394991
vn 0.51753358 -0.26481718 -0.81365279
vn 0.51753358 -0.26481718 -0.81365279
vn 0.51759308 -0.26489646 -0.81358913
vn 0.51760679 -0.26480347 -0.81361067
vn 0.49421475 -0.85382547 0.16350488
vn 0.49429840 -0.85379723 0.16339947
vn 0.49429840 -0.85379723 0.16339947
vn 0.49421475 -0.85382547 0.16350488
vn 0.52720982 -0.84861580 -0.04360081
vn 0.52720982 -0.84861580 -0.04360081
vn 0.52720982 -0.84861580 -0.04360081
vn 0.52720982 -0.84861580 -0.04360081
vn 0.79409815 0.23119946 0.56209869
vn 0.79409815 0.23119946 0.56209869
vn 0.79409815 0.23119946 0.56209869
vn 0.79409815 0.23119946 0.56209869
vn 0.51596839 0.85324773 0.07579536
vn 0.51589501 0.85329175 0.07579927
vn 0.51596839 0.85324773 0.07579536
vn 0.51589501 0.85329175 0.07579927
vn -0.71838064 0.67968169 -0.14819601
vn -0.71833225 0.67973051 -0.14820665
vn -0.71833225 0.67973051 -0.14820665
vn -0.71833225 0.67973051 -0.14820665
vn -0.74710149 0.14810029 -0.64800129
vn -0.74705308 0.14809070 -0.64805929
vn -0.74710149 0.14810029 -0.64800129
vn -0.74710149 0.14810029 -0.64800129
vn 0.50352909 0.00700040 -0.86394991
vn 0.50348559 0.00699980 -0.86397527
vn 0.50348594 0.00689981 -0.86397587
vn 0.50352909 0.00700040 -0.86394991
vn 0.51759308 -0.26489646 -0.81358913
vn 0.51753358 -0.26481718 -0.81365279
vn 0.51753358 -0.26481718 -0.81365279
vn 0.51760679 -0.26480347 -0.81361067
vn 0.49429032 -0.85378327 0.16349680
vn 0.49429840 -0.85379723 0.16339947
vn 0.49421475 -0.85382547 0.16350488
vn 0.49421475 -0.85382547 0.16350488
vn 0.52720982 -0.84861580 -0.04360081
vn 0.52720982 -0.84861580 -0.04360081
vn 0.52720982 -0.84861580 -0.04360081
vn 0.52720982 -0.84861580 -0.04360081
vn 0.79409815 0.23119946 0.56209869
vn 0.79409815 0.23119946 0.56209869
vn 0.79409815 0.23119946 0.56209869
vn 0.79409815 0.23119946 0.56209869
vn 0.51596839 0.85324773 0.07579536
vn 0.51589501 0.85329175 0.07579927
vn 0.51596839 0.85324773 0.07579536
vn 0.51589501 0.85329175 0.07579927
vn -0.71838064 0.67968169 -0.14819601
vn -0.71833225 0.67973051 -0.14820665
vn -0.71833225 0.67973051 -0.14820665
vn -0.71833225 0.67973051 -0.14820665
vn -0.74710149 0.14810029 -0.64800129
vn -0.74705308 0.14809070 -0.64805929
vn -0.74710149 0.14810029 -0.64800129
vn -0.74710149 0.14810029 -0.64800129
vn 0.50352909 0.00700040 -0.86394991
vn 0.50348559 0.00699980 -0.86397527
vn 0.50352909 0.00700040 -0.86394991
vn 0.50352909 0.00700040 -0.86394991
vn 0.51753358 -0.26481718 -0.81365279
vn 0.51753358 -0.26481718 -0.81365279
vn 0.51759308 -0.26489646 -0.81358913
vn 0.51760679 -0.26480347 -0.81361067
vn 0.49421475 -0.85382547 0.16350488
vn 0.49429840 -0.85379723 0.16339947
vn 0.49429840 -0.85379723 0.16339947
vn 0.49421475 -0.85382547 0.16350488
vn 0.52720982 -0.84861580 -0.04360081
vn 0.52720982 -0.84861580 -0.04360081
vn 0.52720982 -0.84861580 -0.04360081
vn 0.52720982 -0.84861580 -0.04360081
vn 0.23219752 0.95158984 0.20139785
vn 0.23229212 0.95156774 0.20139317
vn 0.23229212 0.95156774 0.20139317
vn 0.23229212 0.95156774 0.20139317
vn -0.24139562 0.51149072 -0.82468503
vn -0.24139562 0.51149072 -0.82468503
vn -0.24139562 0.51149072 -0.82468503
vn -0.24139562 0.51149072 -0.82468503
vn 0.67668170 0.50638630 -0.53448554
vn 0.67668170 0.50638630 -0.53448554
vn 0.67668170 0.50638630 -0.53448554
vn 0.67668170 0.50638630 -0.53448554
vn -0.27270909 -0.75822526 0.59221973
vn -0.27270909 -0.75822526 0.59221973
vn -0.27250327 -0.75830911 0.59220711
vn -0.27270909 -0.75822526 0.59221973
vn 0.23229212 0.95156774 0.20139317
vn 0.23229212 0.95156774 0.20139317
vn 0.23229212 0.95156774 0.20139317
vn 0.23229212 0.95156774 0.20139317
vn -0.24139562 0.51149072 -0.82468503
vn -0.24139562 0.51149072 -0.82468503
vn -0.24139562 0.51149072 -0.82468503
vn -0.24139562 0.51149072 -0.82468503
vn 0.67668170 0.50638630 -0.53448554
vn 0.67668170 0.50638630 -0.53448554
vn 0.67668170 0.50638630 -0.53448554
vn 0.67668170 0.50638630 -0.53448554
vn -0.27270909 -0.75822526 0.59221973
vn -0.27270909 -0.75822526 0.59221973
vn -0.27250327 -0.75830911 0.59220711
vn -0.27270909 -0.75822526 0.59221973
vn 0.75110869 0.62870727 0.20140233
vn 0.75110869 0.62870727 0.20140233
vn 0.75110869 0.62870727 0.20140233
vn 0.75110869 0.62870727 0.20140233
vn 0.10880041 0.55500207 -0.82470308
vn 0.10880041 0.55500207 -0.82470308
vn 0.10880041 0.55500207 -0.82470308
vn 0.10880041 0.55500207 -0.82470308
vn 0.84512994 0.00670024 -0.53451894
vn 0.84512994 0.00670024 -0.53451894
vn 0.84512994 0.00670024 -0.53451894
vn 0.84512994 0.00670024 -0.53451894
vn -0.66906150 -0.44897416 0.59226592
vn -0.66909153 -0.44889432 0.59229250
vn -0.66920682 -0.44870457 0.59230604
vn -0.66909153 -0.44889432 0.59229250
vn 0.55791345 0.72441747 0.40490976
vn 0.55791345 0.72441747 0.40490976
vn 0.55791345 0.72441747 0.40490976
vn 0.55791345 0.72441747 0.40490976
vn -0.30038887 0.73427280 0.60877745
vn -0.30038887 0.73427280 0.60877745
vn -0.30038887 0.73427280 0.60877745
vn -0.30038887 0.73427280 0.60877745
vn 0.63092444 0.77583005 -0.00470018
vn 0.63092444 0.77583005 -0.00470018
vn 0.63092444 0.77583005 -0.00470018
vn 0.63092444 0.77583005 -0.00470018
vn -0.52738796 0.80528162 -0.27089382
vn -0.52747442 0.80526095 -0.27078687
vn -0.52738796 0.80528162 -0.27089382
vn -0.52740224 0.80530343 -0.27080115
vn 0.27019150 0.15669507 -0.94997011
vn 0.27009880 0.15669930 -0.94999577
vn 0.27019150 0.15669507 -0.94997011
vn 0.27009880 0.15669930 -0.94999577
vn 0.61010434 -0.56160399 -0.55890397
vn 0.61010434 -0.56160399 -0.55890397
vn 0.61010434 -0.56160399 -0.55890397
vn 0.61010434 -0.56160399 -0.55890397
vn 0.60510884 -0.73461073 0.30690448
vn 0.60510884 -0.73461073 0.30690448
vn 0.60510884 -0.73461073 0.30690448
vn 0.60510884 -0.73461073 0.30690448
vn -0.67861460 -0.11700252 0.72511560
vn -0.67861460 -0.11700252 0.72511560
vn -0.67861460 -0.11700252 0.72511560
vn -0.67861460 -0.11700252 0.72511560
vn 0.33541354 0.22770919 0.91413690
vn 0.33550229 0.22770155 0.91410624
vn 0.33550229 0.22770155 0.91410624
vn 0.33550229 0.22770155 0.91410624
vn 0.14760664 0.04450200 0.98804446
vn 0.14760730 0.04440220 0.98804885
vn 0.14760664 0.04450200 0.98804446
vn 0.14760664 0.04450200 0.98804446
vn 0.51199059 0.85458429 0.08689840
vn 0.51199059 0.85458429 0.08689840
vn 0.51199059 0.85458429 0.08689840
vn 0.51199059 0.85458429 0.08689840
vn 0.29639397 0.83528302 -0.46309059
vn 0.29639397 0.83528302 -0.46309059
vn 0.29641873 0.83525279 -0.46312927
vn 0.29639397 0.83528302 -0.46309059
vn 0.88927929 0.29179321 -0.35219180
vn 0.88927929 0.29179321 -0.35219180
vn 0.88927929 0.29179321 -0.35219180
vn 0.88923242 0.29191064 -0.35221284
vn -0.80660797 -0.05300052 -0.58870581
vn -0.80660797 -0.05300052 -0.58870581
vn -0.80669038 -0.05299937 -0.58859298
vn -0.80660797 -0.05300052 -0.58870581
vn 0.08769925 -0.75649351 -0.64809444
vn 0.08769925 -0.75649351 -0.64809444
vn 0.08769925 -0.75649351 -0.64809444
vn 0.08769925 -0.75649351 -0.64809444
vn -0.50752356 -0.78203631 0.36171679
vn -0.50752356 -0.78203631 0.36171679
vn -0.50752356 -0.78203631 0.36171679
vn -0.50748387 -0.78207515 0.36168851
vn 0.01560042 -0.27740742 0.96062571
vn 0.01560042 -0.27740742 0.96062571
vn 0.01560042 -0.27740742 0.96062571
vn 0.01560042 -0.27740742 0.96062571
vn 0.79409815 0.23119946 0.56209869
vn 0.79409815 0.23119946 0.56209869
vn 0.79409815 0.23119946 0.56209869
vn 0.79409815 0.23119946 0.56209869
vn 0.51596839 0.85324773 0.07579536
vn 0.51589501 0.85329175 0.07579927
vn 0.51596839 0.85324773 0.07579536
vn 0.51589501 0.85329175 0.07579927
vn -0.71832160 0.67972044 -0.14830446
vn -0.71833225 0.67973051 -0.14820665
vn -0.71833225 0.67973051 -0.14820665
vn -0.71833225 0.67973051 -0.14820665
vn -0.74710149 0.14810029 -0.64800129
vn -0.74705308 0.14809070 -0.64805929
vn -0.74710149 0.14810029 -0.64800129
vn -0.74710149 0.14810029 -0.64800129
vn 0.50352909 0.00700040 -0.86394991
vn 0.50348559 0.00699980 -0.86397527
vn 0.50352909 0.00700040 -0.86394991
vn 0.50352909 0.00700040 -0.86394991
vn 0.51759308 -0.26489646 -0.81358913
vn 0.51760679 -0.26480347 -0.81361067
vn 0.51759308 -0.26489646 -0.81358913
vn 0.51760679 -0.26480347 -0.81361067
vn 0.49421475 -0.85382547 0.16350488
vn 0.49429840 -0.85379723 0.16339947
vn 0.49429840 -0.85379723 0.16339947
vn 0.49421475 -0.85382547 0.16350488
vn 0.52720982 -0.84861580 -0.04360081
vn 0.52720982 -0.84861580 -0.04360081
vn 0.52720982 -0.84861580 -0.04360081
vn 0.52720982 -0.84861580 -0.04360081
vn 0.82060851 0.40330418 0.40490420
vn 0.82060851 0.40330418 0.40490420
vn 0.82060851 0.40330418 0.40490420
vn 0.82060851 0.40330418 0.40490420
vn 0.05510035 0.79140498 0.60880383
vn 0.05510035 0.79140498 0.60880383
vn 0.05510035 0.79140498 0.60880383
vn 0.05510035 0.79140498 0.60880383
vn 0.90884002 0.41711837 -0.00470021
vn 0.90884002 0.41711837 -0.00470021
vn 0.90884002 0.41711837 -0.00470021
vn 0.90885742 0.41708046 -0.00469978
vn -0.11719397 0.95545084 -0.27088606
vn -0.11729577 0.95546552 -0.27079023
vn -0.11720199 0.95541624 -0.27100461
vn -0.11729577 0.95546552 -0.27079023
vn 0.31159315 0.02119953 -0.94997910
vn 0.31159315 0.02119953 -0.94997910
vn 0.31159315 0.02119953 -0.94997910
vn 0.31159315 0.02119953 -0.94997910
vn 0.29908664 -0.77336544 -0.55897502
vn 0.29908664 -0.77336544 -0.55897502
vn 0.29908664 -0.77336544 -0.55897502
vn 0.29899558 -0.77338857 -0.55899174
vn 0.21810303 -0.92641289 0.30690427
vn 0.21810303 -0.92641289 0.30690427
vn 0.21810303 -0.92641289 0.30690427
vn 0.21810303 -0.92641289 0.30690427
vn -0.66048175 0.19499461 0.72507997
vn -0.66049463 0.19489841 0.72509410
vn -0.66049463 0.19489841 0.72509410
vn -0.66049463 0.19489841 0.72509410
vn 0.40151665 0.05600232 0.91413791
vn 0.40147995 0.05599720 0.91415434
vn 0.40147995 0.05599720 0.91415434
vn 0.40151665 0.05600232 0.91413791
vn 0.04849831 -0.20449286 0.97766588
vn 0.04859906 -0.20439605 0.97768113
vn 0.04849831 -0.20449286 0.97766588
vn 0.04849831 -0.20449286 0.97766588
vn 0.92002156 -0.38570904 0.06920162
vn 0.92002156 -0.38570904 0.06920162
vn 0.92002156 -0.38570904 0.06920162
vn 0.92002156 -0.38570904 0.06920162
vn 0.91901732 -0.13410253 -0.37070699
vn 0.91901732 -0.13410253 -0.37070699
vn 0.91901732 -0.13410253 -0.37070699
vn 0.91901732 -0.13410253 -0.37070699
vn 0.24791198 -0.93174501 -0.26531282
vn 0.24791198 -0.93174501 -0.26531282
vn 0.24791198 -0.93174501 -0.26531282
vn 0.24791198 -0.93174501 -0.26531282
vn -0.00050003 0.89665600 -0.44272765
vn -0.00039999 0.89667564 -0.44268797
vn -0.00050003 0.89665600 -0.44272765
vn -0.00049999 0.89667560 -0.44268795
vn -0.81858377 -0.29189421 -0.49469019
vn -0.81858377 -0.29189421 -0.49469019
vn -0.81858377 -0.29189421 -0.49469019
vn -0.81858377 -0.29189421 -0.49469019
vn -0.86242496 0.41061188 0.29600857
vn -0.86239943 0.41059973 0.29609980
vn -0.86242496 0.41061188 0.29600857
vn -0.86239943 0.41059973 0.29609980
vn -0.37529352 -0.11059809 0.92028411
vn -0.37529352 -0.11059809 0.92028411
vn -0.37529352 -0.11059809 0.92028411
vn -0.37529352 -0.11059809 0.92028411
vn 0.55791345 0.72441747 0.40490976
vn 0.55791345 0.72441747 0.40490976
vn 0.55791345 0.72441747 0.40490976
vn 0.55791345 0.72441747 0.40490976
vn -0.30038887 0.73427280 0.60877745
vn -0.30038887 0.73427280 0.60877745
vn -0.30038887 0.73427280 0.60877745
vn -0.30038887 0.73427280 0.60877745
vn 0.63092444 0.77583005 -0.00470018
vn 0.63092444 0.77583005 -0.00470018
vn 0.63092444 0.77583005 -0.00470018
vn 0.63092444 0.77583005 -0.00470018
vn -0.52738796 0.80528162 -0.27089382
vn -0.52740224 0.80530343 -0.27080115
vn -0.52748870 0.80528276 -0.27069420
vn -0.52747442 0.80526095 -0.27078687
vn 0.27009880 0.15669930 -0.94999577
vn 0.27009880 0.15669930 -0.94999577
vn 0.27019150 0.15669507 -0.94997011
vn 0.27009880 0.15669930 -0.94999577
vn 0.61010434 -0.56160399 -0.55890397
vn 0.61010434 -0.56160399 -0.55890397
vn 0.61010434 -0.56160399 -0.55890397
vn 0.61010434 -0.56160399 -0.55890397
vn 0.60510884 -0.73461073 0.30690448
vn 0.60510884 -0.73461073 0.30690448
vn 0.60510884 -0.73461073 0.30690448
vn 0.60510884 -0.73461073 0.30690448
vn -0.67861460 -0.11700252 0.72511560
vn -0.67861460 -0.11700252 0.72511560
vn -0.67861460 -0.11700252 0.72511560
vn -0.67866854 -0.11699458 0.72506639
vn 0.33550229 0.22770155 0.91410624
vn 0.33541354 0.22770919 0.91413690
vn 0.33541354 0.22770919 0.91413690
vn 0.33550229 0.22770155 0.91410624
vn 0.23010503 0.30230661 0.92502021
vn 0.23010503 0.30230661 0.92502021
vn 0.23010503 0.30230661 0.92502021
vn 0.23009807 0.30239746 0.92499224
vn -0.24249534 0.96918137 0.04339917
vn -0.24249534 0.96918137 0.04339917
vn -0.24249534 0.96918137 0.04339917
vn -0.24249534 0.96918137 0.04339917
vn 0.67688676 0.71338604 0.18139645
vn 0.67688676 0.71338604 0.18139645
vn 0.67688676 0.71338604 0.18139645
vn 0.67688676 0.71338604 0.18139645
vn -0.27199192 -0.88707365 -0.37298892
vn -0.27199192 -0.88707365 -0.37298892
vn -0.27189932 -0.88709777 -0.37299906
vn -0.27199192 -0.88707365 -0.37298892
vn 0.71293484 -0.35191720 0.60652964
vn 0.71293484 -0.35191720 0.60652964
vn 0.71293484 -0.35191720 0.60652964
vn 0.71293484 -0.35191720 0.60652964
vn 0.82509304 0.43889630 0.35579700
vn 0.82509304 0.43889630 0.35579700
vn 0.82509304 0.43889630 0.35579700
vn 0.82509304 0.43889630 0.35579700
vn -0.30091208 0.94963811 0.08740351
vn -0.30091208 0.94963811 0.08740351
vn -0.30091208 0.94963811 0.08740351
vn -0.30091208 0.94963811 0.08740351
vn -0.48688915 0.66958508 -0.56088750
vn -0.48688915 0.66958508 -0.56088750
vn -0.48688915 0.66958508 -0.56088750
vn -0.48688915 0.66958508 -0.56088750
vn 0.58357135 0.01809911 -0.81186015
vn 0.58357135 0.01809911 -0.81186015
vn 0.58357135 0.01809911 -0.81186015
vn 0.58357135 0.01809911 -0.81186015
vn 0.46509981 -0.22909990 -0.85509965
vn 0.46509981 -0.22909990 -0.85509965
vn 0.46509981 -0.22909990 -0.85509965
vn 0.46509981 -0.22909990 -0.85509965
vn 0.02329989 -0.99109539 -0.13109939
vn 0.02329989 -0.99109539 -0.13109939
vn 0.02339953 -0.99108007 -0.13119736
vn 0.02329989 -0.99109539 -0.13109939
vn 0.08740093 -0.94201000 -0.32400344
vn 0.08740093 -0.94201000 -0.32400344
vn 0.08740093 -0.94201000 -0.32400344
vn 0.08740093 -0.94201000 -0.32400344
vn -0.45430296 0.65250424 0.60650395
vn -0.45438231 0.65247460 0.60647639
vn -0.45430296 0.65250424 0.60650395
vn -0.45430296 0.65250424 0.60650395
vn -0.93444868 0.01410073 0.35581854
vn -0.93444868 0.01410073 0.35581854
vn -0.93444868 0.01410073 0.35581854
vn -0.93444868 0.01410073 0.35581854
vn -0.19500026 -0.97690128 0.08740011
vn -0.19500026 -0.97690128 0.08740011
vn -0.19509645 -0.97688223 0.08739841
vn -0.19500026 -0.97690128 0.08740011
vn 0.10300434 -0.82143460 -0.56092362
vn 0.10300434 -0.82143460 -0.56092362
vn 0.10299588 -0.82146712 -0.56087755
vn 0.10300434 -0.82143460 -0.56092362
vn -0.51976631 0.26598276 -0.81184737
vn -0.51976631 0.26598276 -0.81184737
vn -0.51969332 0.26599658 -0.81188957
vn -0.51976631 0.26598276 -0.81184737
vn -0.29669675 0.42519534 -0.85509062
vn -0.29669675 0.42519534 -0.85509062
vn -0.29669675 0.42519534 -0.85509062
vn -0.29669675 0.42519534 -0.85509062
vn 0.45821117 0.87912142 -0.13110320
vn 0.45821117 0.87912142 -0.13110320
vn 0.45809188 0.87918441 -0.13109768
vn 0.45821117 0.87912142 -0.13110320
vn 0.37830959 0.86712198 -0.32400821
vn 0.37830959 0.86712198 -0.32400821
vn 0.37830959 0.86712198 -0.32400821
vn 0.37830959 0.86712198 -0.32400821
vn 0.57669302 0.03309960 -0.81629013
vn 0.57680874 0.03300050 -0.81621237
vn 0.57669302 0.03309960 -0.81629013
vn 0.57680874 0.03300050 -0.81621237
vn 0.34059729 0.77659382 -0.52999578
vn 0.34059729 0.77659382 -0.52999578
vn 0.34059729 0.77659382 -0.52999578
vn 0.34059729 0.77659382 -0.52999578
vn 0.10599774 0.68458542 0.72118464
vn 0.10600539 0.68463479 0.72113665
vn 0.10599774 0.68458542 0.72118464
vn 0.10599774 0.68458542 0.72118464
vn -0.53291432 0.35190945 0.76952067
vn -0.53291432 0.35190945 0.76952067
vn -0.53291432 0.35190945 0.76952067
vn -0.53291432 0.35190945 0.76952067
vn -0.81852871 0.29251026 -0.49441734
vn -0.81852871 0.29251026 -0.49441734
vn -0.81852871 0.29251026 -0.49441734
vn -0.81852871 0.29251026 -0.49441734
vn -0.86181565 0.01780032 -0.50690920
vn -0.86181565 0.01780032 -0.50690920
vn -0.86181565 0.01780032 -0.50690920
vn -0.86181565 0.01780032 -0.50690920
vn -0.14459580 -0.85597513 -0.49638558
vn -0.14459580 -0.85597513 -0.49638558
vn -0.14459580 -0.85597513 -0.49638558
vn -0.14459580 -0.85597513 -0.49638558
vn -0.33510671 -0.78261568 -0.52461051
vn -0.33510671 -0.78261568 -0.52461051
vn -0.33510671 -0.78261568 -0.52461051
vn -0.33510671 -0.78261568 -0.52461051
vn 0.99328501 -0.02029969 -0.11389828
vn 0.99328501 -0.02029969 -0.11389828
vn 0.99328501 -0.02029969 -0.11389828
vn 0.99328501 -0.02029969 -0.11389828
vn 0.68745954 -0.09889418 0.71945766
vn 0.68745954 -0.09889418 0.71945766
vn 0.68745954 -0.09889418 0.71945766
vn 0.68745954 -0.09889418 0.71945766
vn 0.89491753 0.34050667 -0.28840565
vn 0.89489172 0.34049685 -0.28849733
vn 0.89489172 0.34049685 -0.28849733
vn 0.89489172 0.34049685 -0.28849733
vn 0.26830086 0.69660223 0.66540213
vn 0.26830086 0.69660223 0.66540213
vn 0.26830002 0.69670005 0.66530004
vn 0.26830086 0.69660223 0.66540213
vn -0.14709905 0.85939447 -0.48969685
vn -0.14710626 0.85943656 -0.48962083
vn -0.14710626 0.85943656 -0.48962083
vn -0.14709905 0.85939447 -0.48969685
vn -0.38448994 0.11469700 -0.91597603
vn -0.38448553 0.11479568 -0.91596552
vn -0.38448553 0.11479568 -0.91596552
vn -0.38448553 0.11479568 -0.91596552
vn -0.16200372 -0.69771600 -0.69781600
vn -0.16200372 -0.69771600 -0.69781600
vn -0.16190634 -0.69772730 -0.69782731
vn -0.16200372 -0.69771600 -0.69781600
vn -0.10860579 -0.60033202 0.79234226
vn -0.10860579 -0.60033202 0.79234226
vn -0.10860579 -0.60033202 0.79234226
vn -0.10860579 -0.60033202 0.79234226
vn 0.72153330 -0.68883179 0.07000323
vn 0.72148360 -0.68888434 0.06999841
vn 0.72153330 -0.68883179 0.07000323
vn 0.72153330 -0.68883179 0.07000323
vn 0.78910260 -0.05920020 0.61140201
vn 0.78910260 -0.05920020 0.61140201
vn 0.78910260 -0.05920020 0.61140201
vn 0.78910260 -0.05920020 0.61140201
vn 0.00580013 -0.23810539 0.97122200
vn 0.00580013 -0.23810539 0.97122200
vn 0.00580013 -0.23810539 0.97122200
vn 0.00590013 -0.23810526 0.97122144
vn 0.81796413 0.32788562 0.47267927
vn 0.81796413 0.32788562 0.47267927
vn 0.81793104 0.32791244 0.47271794
vn 0.81793104 0.32791244 0.47271794
vn -0.30120361 0.57800694 0.75840910
vn -0.30120361 0.57800694 0.75840910
vn -0.30118620 0.57807352 0.75836526
vn -0.30120361 0.57800694 0.75840910
vn 0.18109795 0.92918946 -0.32219634
vn 0.18109795 0.92918946 -0.32219634
vn 0.18109795 0.92918946 -0.32219634
vn 0.18109795 0.92918946 -0.32219634
vn 0.34481216 0.26620939 -0.90013173
vn 0.34490027 0.26620020 -0.90010069
vn 0.34490027 0.26620020 -0.90010069
vn 0.34490027 0.26620020 -0.90010069
vn 0.40000036 -0.58140052 -0.70850063
vn 0.40011270 -0.58141845 -0.70842248
vn 0.40011270 -0.58141845 -0.70842248
vn 0.40000036 -0.58140052 -0.70850063
vn -0.58829756 -0.70459708 0.39679836
vn -0.58829756 -0.70459708 0.39679836
vn -0.58829756 -0.70459708 0.39679836
vn -0.58829756 -0.70459708 0.39679836
vn 0.50780288 -0.73250416 0.45340257
vn 0.50769147 -0.73258769 0.45339238
vn 0.50769147 -0.73258769 0.45339238
vn 0.50772866 -0.73254135 0.45342560
vn 0.39759890 -0.91429747 -0.07729979
vn 0.39759890 -0.91429747 -0.07729979
vn 0.39759890 -0.91429747 -0.07729979
vn 0.39759890 -0.91429747 -0.07729979
vn -0.07269532 -0.33067871 0.94093941
vn -0.07269772 -0.33058964 0.94097052
vn -0.07269772 -0.33058964 0.94097052
vn -0.07269772 -0.33058964 0.94097052
vn -0.39379684 0.14989880 0.90689272
vn -0.39379684 0.14989880 0.90689272
vn -0.39379684 0.14989880 0.90689272
vn -0.39379684 0.14989880 0.90689272
vn 0.39530384 0.30930300 0.86490839
vn 0.39530384 0.30930300 0.86490839
vn 0.39530384 0.30930300 0.86490839
vn 0.39530384 0.30930300 0.86490839
vn -0.76351096 0.46960674 -0.44330636
vn -0.76351096 0.46960674 -0.44330636
vn -0.76354681 0.46952879 -0.44332718
vn -0.76351096 0.46960674 -0.44330636
vn 0.29909593 0.87838805 -0.37279493
vn 0.29900487 0.87841432 -0.37280608
vn 0.29909593 0.87838805 -0.37279493
vn 0.29909593 0.87838805 -0.37279493
vn 0.17270608 -0.09950351 -0.97993452
vn 0.17270436 -0.09960252 -0.97992476
vn 0.17280310 -0.09950179 -0.97991759
vn 0.17280138 -0.09960080 -0.97990783
vn 0.47358136 -0.78386914 -0.40158419
vn 0.47358136 -0.78386914 -0.40158419
vn 0.47358136 -0.78386914 -0.40158419
vn 0.47358136 -0.78386914 -0.40158419
vn -0.37599718 0.05489959 0.92499306
vn -0.37599511 0.05499929 0.92498798
vn -0.37599511 0.05499929 0.92498798
vn -0.37599718 0.05489959 0.92499306
vn -0.73061246 -0.68141162 0.04340074
vn -0.73061246 -0.68141162 0.04340074
vn -0.73061246 -0.68141162 0.04340074
vn -0.73060929 -0.68140866 0.04350055
vn -0.95190991 0.24690257 0.18140189
vn -0.95190991 0.24690257 0.18140189
vn -0.95190991 0.24690257 0.18140189
vn -0.95190991 0.24690257 0.18140189
vn 0.90787940 0.19139566 -0.37299154
vn 0.90787940 0.19139566 -0.37299154
vn 0.90784444 0.19150938 -0.37301826
vn 0.90787940 0.19139566 -0.37299154
vn 0.76357348 0.64107774 -0.07729732
vn 0.76357348 0.64107774 -0.07729732
vn 0.76357348 0.64107774 -0.07729732
vn 0.76357348 0.64107774 -0.07729732
vn 0.33759318 0.02419951 0.94098099
vn 0.33768096 0.02429863 0.94094694
vn 0.33768096 0.02429863 0.94094694
vn 0.33768096 0.02429863 0.94094694
vn -0.03180059 -0.42010780 0.90691684
vn -0.03180059 -0.42010780 0.90691684
vn -0.03180059 -0.42010780 0.90691684
vn -0.03180059 -0.42010780 0.90691684
vn -0.40889039 0.29089316 0.86497966
vn -0.40891386 0.29100986 0.86492931
vn -0.40891386 0.29100986 0.86492931
vn -0.40891386 0.29100986 0.86492931
vn -0.23310691 -0.86552564 -0.44331313
vn -0.23310691 -0.86552564 -0.44331313
vn -0.23309657 -0.86548727 -0.44339348
vn -0.23310691 -0.86552564 -0.44331313
vn -0.92717400 0.03709896 -0.37278955
vn -0.92717743 0.03699910 -0.37279093
vn -0.92717400 0.03709896 -0.37278955
vn -0.92717400 0.03709896 -0.37278955
vn 0.04630128 0.19390534 -0.97992699
vn 0.04630128 0.19390534 -0.97992699
vn 0.04630128 0.19390534 -0.97992699
vn 0.04630128 0.19390534 -0.97992699
vn 0.61688711 0.67688586 -0.40159161
vn 0.61688711 0.67688586 -0.40159161
vn 0.61688711 0.67688586 -0.40159161
vn 0.61688711 0.67688586 -0.40159161
vn 0.77839578 0.62299662 -0.07729958
vn 0.77839578 0.62299662 -0.07729958
vn 0.77839578 0.62299662 -0.07729958
vn 0.77839578 0.62299662 -0.07729958
vn 0.33809014 0.01629952 0.94097257
vn 0.33808959 0.01639950 0.94097103
vn 0.33809014 0.01629952 0.94097257
vn 0.33808959 0.01639950 0.94097103
vn -0.04160152 -0.41921534 0.90693319
vn -0.04159978 -0.41929777 0.90689517
vn -0.04159978 -0.41929777 0.90689517
vn -0.04160152 -0.41921534 0.90693319
vn -0.40199671 0.30059754 0.86489292
vn -0.40199671 0.30059754 0.86489292
vn -0.40200879 0.30050657 0.86491892
vn -0.40200879 0.30050657 0.86491892
vn -0.25330864 -0.85982931 -0.44331511
vn -0.25330864 -0.85982931 -0.44331511
vn -0.25330864 -0.85982931 -0.44331511
vn -0.25330864 -0.85982931 -0.44331511
vn -0.92604015 0.05880255 -0.37281617
vn -0.92604559 0.05870289 -0.37281836
vn -0.92604015 0.05880255 -0.37281617
vn -0.92604015 0.05880255 -0.37281617
vn 0.05080111 0.19280419 -0.97992132
vn 0.05090085 0.19280321 -0.97991634
vn 0.05080111 0.19280419 -0.97992132
vn 0.05090085 0.19280321 -0.97991634
vn 0.63260817 0.66220856 -0.40160519
vn 0.63260817 0.66220856 -0.40160519
vn 0.63260817 0.66220856 -0.40160519
vn 0.63260817 0.66220856 -0.40160519
vn 0.79448175 0.03119928 0.60648607
vn 0.79448175 0.03119928 0.60648607
vn 0.79448175 0.03119928 0.60648607
vn 0.79448175 0.03119928 0.60648607
vn 0.51539821 0.77959729 0.35579876
vn 0.51539821 0.77959729 0.35579876
vn 0.51539821 0.77959729 0.35579876
vn 0.51539821 0.77959729 0.35579876
vn -0.71786298 0.69066438 0.08749549
vn -0.71782078 0.69072000 0.08740253
vn -0.71782078 0.69072000 0.08740253
vn -0.71782078 0.69072000 0.08740253
vn -0.74751544 0.35580735 -0.56091158
vn -0.74751544 0.35580735 -0.56091158
vn -0.74751544 0.35580735 -0.56091158
vn -0.74751544 0.35580735 -0.56091158
vn 0.50409277 0.29449578 -0.81188836
vn 0.50413370 0.29451969 -0.81185427
vn 0.50413370 0.29451969 -0.81185427
vn 0.50413370 0.29451969 -0.81185427
vn 0.51808543 0.02079941 -0.85507595
vn 0.51808543 0.02079941 -0.85507595
vn 0.51808543 0.02079941 -0.85507595
vn 0.51808543 0.02079941 -0.85507595
vn 0.49369729 -0.85969528 -0.13109928
vn 0.49369729 -0.85969528 -0.13109928
vn 0.49369729 -0.85969528 -0.13109928
vn 0.49369729 -0.85969528 -0.13109928
vn 0.52662044 -0.78593051 -0.32401258
vn 0.52662044 -0.78593051 -0.32401258
vn 0.52662044 -0.78593051 -0.32401258
vn 0.52660338 -0.78590504 -0.32410208
vn 0.39759890 -0.91429747 -0.07729979
vn 0.39759890 -0.91429747 -0.07729979
vn 0.39759890 -0.91429747 -0.07729979
vn 0.39759890 -0.91429747 -0.07729979
vn -0.07269532 -0.33067871 0.94093941
vn -0.07269772 -0.33058964 0.94097052
vn -0.07269772 -0.33058964 0.94097052
vn -0.07269772 -0.33058964 0.94097052
vn -0.39379684 0.14989880 0.90689272
vn -0.39379684 0.14989880 0.90689272
vn -0.39379684 0.14989880 0.90689272
vn -0.39379684 0.14989880 0.90689272
vn 0.39530384 0.30930300 0.86490839
vn 0.39521946 0.30931523 0.86494258
vn 0.39530384 0.30930300 0.86490839
vn 0.39530384 0.30930300 0.86490839
vn -0.76351096 0.46960674 -0.44330636
vn -0.76351096 0.46960674 -0.44330636
vn -0.76354681 0.46952879 -0.44332718
vn -0.76351096 0.46960674 -0.44330636
vn 0.29909593 0.87838805 -0.37279493
vn 0.29909593 0.87838805 -0.37279493
vn 0.29909593 0.87838805 -0.37279493
vn 0.29909593 0.87838805 -0.37279493
vn 0.17280310 -0.09950179 -0.97991759
vn 0.17270436 -0.09960252 -0.97992476
vn 0.17280310 -0.09950179 -0.97991759
vn 0.17280138 -0.09960080 -0.97990783
vn 0.47358136 -0.78386914 -0.40158419
vn 0.47358136 -0.78386914 -0.40158419
vn 0.47358136 -0.78386914 -0.40158419
vn 0.47358136 -0.78386914 -0.40158419
vn 0.37990786 -0.00310006 0.92501914
vn 0.37990786 -0.00310006 0.92501914
vn 0.37990786 -0.00310006 0.92501914
vn 0.37990786 -0.00310006 0.92501914
vn 0.63070596 0.77480733 0.04340041
vn 0.63070596 0.77480733 0.04340041
vn 0.63070596 0.77480733 0.04340041
vn 0.63070322 0.77480396 0.04350022
vn 0.97671997 -0.11450234 0.18140371
vn 0.97671997 -0.11450234 0.18140371
vn 0.97671997 -0.11450234 0.18140371
vn 0.97671997 -0.11450234 0.18140371
vn -0.87319348 -0.31369766 -0.37299722
vn -0.87319348 -0.31369766 -0.37299722
vn -0.87314233 -0.31381521 -0.37301808
vn -0.87319348 -0.31369766 -0.37299722
vn 0.79448175 0.03119928 0.60648607
vn 0.79448175 0.03119928 0.60648607
vn 0.79448175 0.03119928 0.60648607
vn 0.79448175 0.03119928 0.60648607
vn 0.51539821 0.77959729 0.35579876
vn 0.51539821 0.77959729 0.35579876
vn 0.51539821 0.77959729 0.35579876
vn 0.51539821 0.77959729 0.35579876
vn -0.71782078 0.69072000 0.08740253
vn -0.71782078 0.69072000 0.08740253
vn -0.71782078 0.69072000 0.08740253
vn -0.71782078 0.69072000 0.08740253
vn -0.74751544 0.35580735 -0.56091158
vn -0.74751544 0.35580735 -0.56091158
vn -0.74751544 0.35580735 -0.56091158
vn -0.74751544 0.35580735 -0.56091158
vn 0.50413370 0.29451969 -0.81185427
vn 0.50413370 0.29451969 -0.81185427
vn 0.50413370 0.29451969 -0.81185427
vn 0.50413370 0.29451969 -0.81185427
vn 0.51808543 0.02079941 -0.85507595
vn 0.51808543 0.02079941 -0.85507595
vn 0.51808543 0.02079941 -0.85507595
vn 0.51808543 0.02079941 -0.85507595
vn 0.49369729 -0.85969528 -0.13109928
vn 0.49369729 -0.85969528 -0.13109928
vn 0.49369729 -0.85969528 -0.13109928
vn 0.49369729 -0.85969528 -0.13109928
vn 0.52662044 -0.78593051 -0.32401258
vn 0.52662044 -0.78593051 -0.32401258
vn 0.52662044 -0.78593051 -0.32401258
vn 0.52660338 -0.78590504 -0.32410208
vn 0.39158888 -0.69198034 0.60648277
vn 0.39158888 -0.69198034 0.60648277
vn 0.39161597 -0.69192822 0.60652474
vn 0.39161597 -0.69192822 0.60652474
vn 0.92908065 -0.10109789 0.35579259
vn 0.92908065 -0.10109789 0.35579259
vn 0.92908065 -0.10109789 0.35579259
vn 0.92908065 -0.10109789 0.35579259
vn 0.28510128 0.95450429 0.08740039
vn 0.28519315 0.95447707 0.08739790
vn 0.28519315 0.95447707 0.08739790
vn 0.28519315 0.95447707 0.08739790
vn -0.02609940 0.82748086 -0.56088702
vn -0.02609940 0.82748086 -0.56088702
vn -0.02599947 0.82748301 -0.56088849
vn -0.02609940 0.82748086 -0.56088702
vn 0.49267739 -0.31328562 -0.81186274
vn 0.49269282 -0.31319544 -0.81188817
vn 0.49269282 -0.31319544 -0.81188817
vn 0.49267739 -0.31328562 -0.81186274
vn 0.25579608 -0.45099309 -0.85508690
vn 0.25579608 -0.45099309 -0.85508690
vn 0.25579608 -0.45099309 -0.85508690
vn 0.25579608 -0.45099309 -0.85508690
vn -0.53811034 -0.83261599 -0.13110252
vn -0.53811034 -0.83261599 -0.13110252
vn -0.53811034 -0.83261599 -0.13110252
vn -0.53811034 -0.83261599 -0.13110252
vn -0.45749271 -0.82808681 -0.32399484
vn -0.45749271 -0.82808681 -0.32399484
vn -0.45749271 -0.82808681 -0.32399484
vn -0.45749271 -0.82808681 -0.32399484
vn 0.78910260 -0.05920020 0.61140201
vn 0.78910260 -0.05920020 0.61140201
vn 0.78910260 -0.05920020 0.61140201
vn 0.78910260 -0.05920020 0.61140201
vn 0.00580013 -0.23810539 0.97122200
vn 0.00580013 -0.23810539 0.97122200
vn 0.00580013 -0.23810539 0.97122200
vn 0.00590013 -0.23810526 0.97122144
vn 0.81796413 0.32788562 0.47267927
vn 0.81796413 0.32788562 0.47267927
vn 0.81796413 0.32788562 0.47267927
vn 0.81793104 0.32791244 0.47271794
vn -0.30120361 0.57800694 0.75840910
vn -0.30120361 0.57800694 0.75840910
vn -0.30118620 0.57807352 0.75836526
vn -0.30131195 0.57792293 0.75843009
vn 0.18109795 0.92918946 -0.32219634
vn 0.18109795 0.92918946 -0.32219634
vn 0.18109795 0.92918946 -0.32219634
vn 0.18109795 0.92918946 -0.32219634
vn 0.34481216 0.26620939 -0.90013173
vn 0.34490027 0.26620020 -0.90010069
vn 0.34490027 0.26620020 -0.90010069
vn 0.34490027 0.26620020 -0.90010069
vn 0.40000036 -0.58140052 -0.70850063
vn 0.40011270 -0.58141845 -0.70842248
vn 0.40011270 -0.58141845 -0.70842248
vn 0.40011270 -0.58141845 -0.70842248
vn -0.58829756 -0.70459708 0.39679836
vn -0.58829756 -0.70459708 0.39679836
vn -0.58829756 -0.70459708 0.39679836
vn -0.58829756 -0.70459708 0.39679836
vn 0.50780288 -0.73250416 0.45340257
vn 0.50769147 -0.73258769 0.45339238
vn 0.50769147 -0.73258769 0.45339238
vn 0.50772866 -0.73254135 0.45342560
vn 0.67078725 -0.70928652 0.21669588
vn 0.67078725 -0.70928652 0.21669588
vn 0.67073224 -0.70933409 0.21671042
vn 0.67078725 -0.70928652 0.21669588
vn 0.99950325 0.02100007 -0.02350008
vn 0.99950325 0.02100007 -0.02350008
vn 0.99950325 0.02100007 -0.02350008
vn 0.99950325 0.02100007 -0.02350008
vn 0.18229505 0.95077419 0.25059320
vn 0.18229962 0.95079801 0.25049948
vn 0.18229962 0.95079801 0.25049948
vn 0.18229962 0.95079801 0.25049948
vn -0.33469148 0.90537694 -0.26129334
vn -0.33469148 0.90537694 -0.26129334
vn -0.33469148 0.90537694 -0.26129334
vn -0.33469148 0.90537694 -0.26129334
vn 0.17930394 -0.01840040 -0.98362163
vn 0.17930394 -0.01840040 -0.98362163
vn 0.17930394 -0.01840040 -0.98362163
vn 0.17930394 -0.01840040 -0.98362163
vn -0.03820007 -0.19020035 -0.98100182
vn -0.03820007 -0.19020035 -0.98100182
vn -0.03820007 -0.19020035 -0.98100182
vn -0.03820007 -0.19020035 -0.98100182
vn -0.44540976 -0.87901926 -0.17010373
vn -0.44540976 -0.87901926 -0.17010373
vn -0.44540976 -0.87901926 -0.17010373
vn -0.44540976 -0.87901926 -0.17010373
vn -0.44548750 -0.81557712 -0.36928964
vn -0.44548750 -0.81557712 -0.36928964
vn -0.44548750 -0.81557712 -0.36928964
vn -0.44548750 -0.81557712 -0.36928964
vn 0.54950644 0.56940667 0.61140716
vn 0.54950644 0.56940667 0.61140716
vn 0.54950644 0.56940667 0.61140716
vn 0.54950644 0.56940667 0.61140716
vn 0.18700424 -0.14750334 0.97122200
vn 0.18700148 -0.14760117 0.97120767
vn 0.18700424 -0.14750334 0.97122200
vn 0.18700424 -0.14750334 0.97122200
vn 0.27000935 0.83882905 0.47271637
vn 0.27000935 0.83882905 0.47271637
vn 0.27000935 0.83882905 0.47271637
vn 0.27000935 0.83882905 0.47271637
vn -0.63711729 0.13740373 0.75842058
vn -0.63707772 0.13729520 0.75847347
vn -0.63716794 0.13749308 0.75836184
vn -0.63712604 0.13730561 0.75843100
vn -0.59930924 0.73281130 -0.32220497
vn -0.59930924 0.73281130 -0.32220497
vn -0.59930924 0.73281130 -0.32220497
vn -0.59930924 0.73281130 -0.32220497
vn 0.01540007 0.43540211 -0.90010435
vn 0.01540007 0.43540211 -0.90010435
vn 0.01540074 0.43532106 -0.90014354
vn 0.01540074 0.43532106 -0.90014354
vn 0.70287438 -0.06349769 -0.70847417
vn 0.70292417 -0.06350218 -0.70842436
vn 0.70292417 -0.06350218 -0.70842436
vn 0.70287438 -0.06349769 -0.70847417
vn 0.16639946 -0.90269707 0.39679871
vn 0.16649669 -0.90268205 0.39679211
vn 0.16639946 -0.90269707 0.39679871
vn 0.16649669 -0.90268205 0.39679211
vn 0.88797337 -0.07709769 0.45338641
vn 0.88797337 -0.07709769 0.45338641
vn 0.88797337 -0.07709769 0.45338641
vn 0.88797337 -0.07709769 0.45338641
vn 0.37000186 -0.08640043 0.92500464
vn 0.37000186 -0.08640043 0.92500464
vn 0.37000186 -0.08640043 0.92500464
vn 0.37000186 -0.08640043 0.92500464
vn 0.78538313 0.61748673 0.04339907
vn 0.78538313 0.61748673 0.04339907
vn 0.78538313 0.61748673 0.04339907
vn 0.78538313 0.61748673 0.04339907
vn 0.92777216 -0.32609022 0.18139456
vn 0.92777216 -0.32609022 0.18139456
vn 0.92777216 -0.32609022 0.18139456
vn 0.92777216 -0.32609022 0.18139456
vn -0.92075903 -0.11439491 -0.37298340
vn -0.92075903 -0.11439491 -0.37298340
vn -0.92073327 -0.11450414 -0.37301348
vn -0.92075903 -0.11439491 -0.37298340
vn 0.54487625 -0.57387499 0.61137335
vn 0.54487625 -0.57387499 0.61137335
vn 0.54487625 -0.57387499 0.61137335
vn 0.54487625 -0.57387499 0.61137335
vn -0.15560398 -0.18030461 0.97122482
vn -0.15560398 -0.18030461 0.97122482
vn -0.15560398 -0.18030461 0.97122482
vn -0.15560398 -0.18030461 0.97122482
vn 0.82622781 -0.30641031 0.47271591
vn 0.82622781 -0.30641031 0.47271591
vn 0.82622781 -0.30641031 0.47271591
vn 0.82622781 -0.30641031 0.47271591
vn 0.16510340 0.63051298 0.75841562
vn 0.16500612 0.63052339 0.75842813
vn 0.16479694 0.63038829 0.75858591
vn 0.16499361 0.63047557 0.75847061
vn 0.75830735 0.56670549 -0.32220312
vn 0.75830735 0.56670549 -0.32220312
vn 0.75830735 0.56670549 -0.32220312
vn 0.75830735 0.56670549 -0.32220312
vn 0.43422323 -0.03440184 -0.90014815
vn 0.43430437 -0.03440035 -0.90010906
vn 0.43430437 -0.03440035 -0.90010906
vn 0.43430437 -0.03440035 -0.90010906
vn -0.09419979 -0.69949844 -0.70839842
vn -0.09419971 -0.69939781 -0.70849779
vn -0.09410068 -0.69950503 -0.70840509
vn -0.09419979 -0.69949844 -0.70839842
vn -0.90910396 -0.12680055 0.39680173
vn -0.90910396 -0.12680055 0.39680173
vn -0.90910396 -0.12680055 0.39680173
vn -0.90910396 -0.12680055 0.39680173
vn -0.11580539 -0.88374114 0.45342111
vn -0.11590405 -0.88373090 0.45341586
vn -0.11590405 -0.88373090 0.45341586
vn -0.11590405 -0.88373090 0.45341586
vn 0.31250075 0.72700174 0.61140146
vn 0.31251986 0.72704619 0.61133884
vn 0.31250075 0.72700174 0.61140146
vn 0.31250075 0.72700174 0.61140146
vn 0.22710301 -0.07190095 0.97121289
vn 0.22710301 -0.07190095 0.97121289
vn 0.22710301 -0.07190095 0.97121289
vn 0.22710301 -0.07190095 0.97121289
vn -0.04420055 0.88011103 0.47270592
vn -0.04420055 0.88011103 0.47270592
vn -0.04420055 0.88011103 0.47270592
vn -0.04420055 0.88011103 0.47270592
vn -0.64451295 -0.09700195 0.75841524
vn -0.64451295 -0.09700195 0.75841524
vn -0.64439935 -0.09709990 0.75849923
vn -0.64451295 -0.09700195 0.75841524
vn -0.81980310 0.47340179 -0.32220122
vn -0.81980310 0.47340179 -0.32220122
vn -0.81980310 0.47340179 -0.32220122
vn -0.81980310 0.47340179 -0.32220122
vn -0.13960074 0.41270217 -0.90010474
vn -0.13960074 0.41270217 -0.90010474
vn -0.13960074 0.41270217 -0.90010474
vn -0.13960074 0.41270217 -0.90010474
vn 0.67992412 0.18930671 -0.70842513
vn 0.67987595 0.18929330 -0.70847494
vn 0.67991124 0.18940313 -0.70841171
vn 0.67987595 0.18929330 -0.70847494
vn 0.47501701 -0.78542812 0.39681421
vn 0.47501701 -0.78542812 0.39681421
vn 0.47501701 -0.78542812 0.39681421
vn 0.47501701 -0.78542812 0.39681421
vn 0.85781870 0.24200528 0.45340988
vn 0.85781870 0.24200528 0.45340988
vn 0.85781870 0.24200528 0.45340988
vn 0.85781870 0.24200528 0.45340988
vn 0.39759890 -0.91429747 -0.07729979
vn 0.39759890 -0.91429747 -0.07729979
vn 0.39759890 -0.91429747 -0.07729979
vn 0.39759890 -0.91429747 -0.07729979
vn -0.07279719 -0.33058724 0.94096368
vn -0.07269772 -0.33058964 0.94097052
vn -0.07269772 -0.33058964 0.94097052
vn -0.07269772 -0.33058964 0.94097052
vn -0.39379684 0.14989880 0.90689272
vn -0.39379684 0.14989880 0.90689272
vn -0.39379684 0.14989880 0.90689272
vn -0.39379684 0.14989880 0.90689272
vn 0.39538821 0.30929077 0.86487420
vn 0.39530384 0.30930300 0.86490839
vn 0.39530384 0.30930300 0.86490839
vn 0.39530384 0.30930300 0.86490839
vn -0.76351096 0.46960674 -0.44330636
vn -0.76351096 0.46960674 -0.44330636
vn -0.76354681 0.46952879 -0.44332718
vn -0.76351096 0.46960674 -0.44330636
vn 0.29909593 0.87838805 -0.37279493
vn 0.29900487 0.87841432 -0.37280608
vn 0.29909593 0.87838805 -0.37279493
vn 0.29909593 0.87838805 -0.37279493
vn 0.17280310 -0.09950179 -0.97991759
vn 0.17270436 -0.09960252 -0.97992476
vn 0.17280310 -0.09950179 -0.97991759
vn 0.17280138 -0.09960080 -0.97990783
vn 0.47358136 -0.78386914 -0.40158419
vn 0.47358136 -0.78386914 -0.40158419
vn 0.47358136 -0.78386914 -0.40158419
vn 0.47358136 -0.78386914 -0.40158419
vn -0.50031432 -0.61791769 0.60651736
vn -0.50031432 -0.61791769 0.60651736
vn -0.50031432 -0.61791769 0.60651736
vn -0.50031432 -0.61791769 0.60651736
vn 0.24639891 -0.90149601 0.35579843
vn 0.24649283 -0.90147379 0.35578966
vn 0.24649283 -0.90147379 0.35578966
vn 0.24649283 -0.90147379 0.35578966
vn 0.99259162 0.08439929 0.08739926
vn 0.99259162 0.08439929 0.08739926
vn 0.99258324 0.08449857 0.08739852
vn 0.99258324 0.08449857 0.08739852
vn 0.76032998 0.32751291 -0.56092211
vn 0.76032998 0.32751291 -0.56092211
vn 0.76037216 0.32748801 -0.56087947
vn 0.76032998 0.32751291 -0.56092211
vn -0.11089786 -0.57318892 -0.81188431
vn -0.11089786 -0.57318892 -0.81188431
vn -0.11089786 -0.57318892 -0.81188431
vn -0.11089786 -0.57318892 -0.81188431
vn -0.32590374 -0.40320462 -0.85510981
vn -0.32590374 -0.40320462 -0.85510981
vn -0.32590374 -0.40320462 -0.85510981
vn -0.32590374 -0.40320462 -0.85510981
vn -0.97190142 0.19550029 -0.13110019
vn -0.97190142 0.19550029 -0.13110019
vn -0.97190142 0.19550029 -0.13110019
vn -0.97190142 0.19550029 -0.13110019
vn -0.93813939 0.12210513 -0.32401361
vn -0.93813939 0.12210513 -0.32401361
vn -0.93813939 0.12210513 -0.32401361
vn -0.93812793 0.12220364 -0.32400965
vn 0.65540609 0.45010418 0.60650563
vn 0.65543559 0.45002443 0.60653293
vn 0.65543559 0.45002443 0.60653293
vn 0.65543559 0.45002443 0.60653293
vn 0.02020083 0.93433823 0.35581456
vn 0.02020083 0.93433823 0.35581456
vn 0.02020083 0.93433823 0.35581456
vn 0.02020083 0.93433823 0.35581456
vn -0.97558226 0.20149634 0.08739841
vn -0.97558226 0.20149634 0.08739841
vn -0.97558226 0.20149634 0.08739841
vn -0.97558226 0.20149634 0.08739841
vn -0.82210700 -0.09760083 -0.56090477
vn -0.82210700 -0.09760083 -0.56090477
vn -0.82210700 -0.09760083 -0.56090477
vn -0.82210700 -0.09760083 -0.56090477
vn 0.26938896 0.51797877 -0.81186673
vn 0.26938896 0.51797877 -0.81186673
vn 0.26938896 0.51797877 -0.81186673
vn 0.26938896 0.51797877 -0.81186673
vn 0.42719695 0.29379790 -0.85509389
vn 0.42711519 0.29381045 -0.85513042
vn 0.42719695 0.29379790 -0.85509389
vn 0.42711519 0.29381045 -0.85513042
vn 0.87608492 -0.46399201 -0.13109774
vn 0.87608492 -0.46399201 -0.13109774
vn 0.87608492 -0.46399201 -0.13109774
vn 0.87612557 -0.46391354 -0.13110383
vn 0.86461506 -0.38400669 -0.32400564
vn 0.86461506 -0.38400669 -0.32400564
vn 0.86461506 -0.38400669 -0.32400564
vn 0.86461506 -0.38400669 -0.32400564
vn -0.09699574 -0.78916532 0.60647335
vn -0.09699574 -0.78916532 0.60647335
vn -0.09700339 -0.78912760 0.60652121
vn -0.09700339 -0.78912760 0.60652121
vn 0.68651418 -0.63411309 0.35580735
vn 0.68651418 -0.63411309 0.35580735
vn 0.68651418 -0.63411309 0.35580735
vn 0.68651418 -0.63411309 0.35580735
vn 0.79717873 0.59738406 0.08739767
vn 0.79717873 0.59738406 0.08739767
vn 0.79717873 0.59738406 0.08739767
vn 0.79717873 0.59738406 0.08739767
vn 0.47138983 0.68058532 -0.56088790
vn 0.47146761 0.68055324 -0.56086146
vn 0.47146761 0.68055324 -0.56086146
vn 0.47146761 0.68055324 -0.56086146
vn 0.20960247 -0.54500643 -0.81180958
vn 0.20960247 -0.54500643 -0.81180958
vn 0.20960247 -0.54500643 -0.81180958
vn 0.20960247 -0.54500643 -0.81180958
vn -0.06279824 -0.51468560 -0.85507608
vn -0.06279824 -0.51468560 -0.85507608
vn -0.06279824 -0.51468560 -0.85507608
vn -0.06279824 -0.51468560 -0.85507608
vn -0.92790621 -0.34900233 -0.13110088
vn -0.92790621 -0.34900233 -0.13110088
vn -0.92793859 -0.34891451 -0.13110545
vn -0.92790621 -0.34900233 -0.13110088
vn -0.86042192 -0.39331002 -0.32400825
vn -0.86042192 -0.39331002 -0.32400825
vn -0.86042192 -0.39331002 -0.32400825
vn -0.86042192 -0.39331002 -0.32400825
vn 0.37899682 0.02739977 0.92499225
vn 0.37899682 0.02739977 0.92499225
vn 0.37899682 0.02739977 0.92499225
vn 0.37899682 0.02739977 0.92499225
vn 0.56650844 0.82291225 0.04340065
vn 0.56650844 0.82291225 0.04340065
vn 0.56650844 0.82291225 0.04340065
vn 0.56650597 0.82290868 0.04350046
vn 0.98275900 -0.03579851 0.18139243
vn 0.98275900 -0.03579851 0.18139243
vn 0.98276251 -0.03569864 0.18139308
vn 0.98276251 -0.03569864 0.18139308
vn -0.84522057 -0.38270931 -0.37300908
vn -0.84522057 -0.38270931 -0.37300908
vn -0.84518822 -0.38279466 -0.37299480
vn -0.84522057 -0.38270931 -0.37300908
vn 0.29550433 0.23880350 0.92501356
vn 0.29550433 0.23880350 0.92501356
vn 0.29550433 0.23880350 0.92501356
vn 0.29549727 0.23889779 0.92499146
vn -0.00460022 0.99904710 0.04340205
vn -0.00460022 0.99904710 0.04340205
vn -0.00460022 0.99904710 0.04340205
vn -0.00460022 0.99904710 0.04340205
vn 0.82732904 0.53161866 0.18140637
vn 0.82732904 0.53161866 0.18140637
vn 0.82732904 0.53161866 0.18140637
vn 0.82732904 0.53161866 0.18140637
vn -0.47550948 -0.79671588 -0.37300743
vn -0.47550948 -0.79671588 -0.37300743
vn -0.47539420 -0.79679028 -0.37299545
vn -0.47550948 -0.79671588 -0.37300743
vn 0.37990191 0.00640003 0.92500464
vn 0.37990215 0.00630004 0.92500523
vn 0.37990191 0.00640003 0.92500464
vn 0.37990191 0.00640003 0.92500464
vn 0.61130388 0.79020502 0.04340028
vn 0.61130388 0.79020502 0.04340028
vn 0.61130388 0.79020502 0.04340028
vn 0.61130123 0.79020159 0.04350009
vn 0.97926549 -0.09019682 0.18139361
vn 0.97925665 -0.09029600 0.18139197
vn 0.97926549 -0.09019682 0.18139361
vn 0.97926549 -0.09019682 0.18139361
vn -0.86517444 -0.33519010 -0.37298898
vn -0.86517444 -0.33519010 -0.37298898
vn -0.86512029 -0.33530786 -0.37300875
vn -0.86517444 -0.33519010 -0.37298898
vn 0.60398380 -0.51128628 0.61138360
vn 0.60398380 -0.51128628 0.61138360
vn 0.60398380 -0.51128628 0.61138360
vn 0.60398380 -0.51128628 0.61138360
vn -0.13510163 -0.19620237 0.97121171
vn -0.13510163 -0.19620237 0.97121171
vn -0.13510163 -0.19620237 0.97121171
vn -0.13510163 -0.19620237 0.97121171
vn 0.85461348 -0.21490339 0.47270745
vn 0.85461348 -0.21490339 0.47270745
vn 0.85461348 -0.21490339 0.47270745
vn 0.85461348 -0.21490339 0.47270745
vn 0.09560249 0.64471676 0.75841972
vn 0.09560249 0.64471676 0.75841972
vn 0.09569540 0.64476902 0.75836357
vn 0.09549615 0.64467402 0.75846944
vn 0.69219608 0.64579634 -0.32219818
vn 0.69219608 0.64579634 -0.32219818
vn 0.69219608 0.64579634 -0.32219818
vn 0.69219608 0.64579634 -0.32219818
vn 0.43541694 0.01300051 -0.90013503
vn 0.43541694 0.01300051 -0.90013503
vn 0.43541694 0.01300051 -0.90013503
vn 0.43541694 0.01300051 -0.90013503
vn -0.01769986 -0.70549443 -0.70849441
vn -0.01759989 -0.70549568 -0.70849566
vn -0.01759990 -0.70559588 -0.70839586
vn -0.01759989 -0.70549568 -0.70849566
vn -0.88994125 -0.22481042 0.39681839
vn -0.88992124 -0.22490537 0.39680947
vn -0.88994125 -0.22481042 0.39681839
vn -0.88992124 -0.22490537 0.39680947
vn -0.01910004 -0.89110197 0.45340100
vn -0.01920001 -0.89110026 0.45340013
vn -0.01920001 -0.89110026 0.45340013
vn -0.01920001 -0.89110026 0.45340013
vn -0.03449997 0.37839966 0.92499916
vn -0.03449997 0.37839966 0.92499916
vn -0.03449997 0.37839966 0.92499916
vn -0.03449997 0.37839966 0.92499916
vn -0.83330681 0.55110450 0.04340035
vn -0.83330681 0.55110450 0.04340035
vn -0.83330681 0.55110450 0.04340035
vn -0.83330319 0.55110211 0.04350017
vn 0.01740095 0.98325361 0.18140989
vn 0.01740063 0.98323577 0.18150660
vn 0.01740095 0.98325361 0.18140989
vn 0.01740095 0.98325361 0.18140989
vn 0.39841435 -0.83793018 -0.37301343
vn 0.39841435 -0.83793018 -0.37301343
vn 0.39849847 -0.83789679 -0.37299857
vn 0.39841435 -0.83793018 -0.37301343
vn 0.78910260 -0.05920020 0.61140201
vn 0.78915085 -0.05920381 0.61133939
vn 0.78910260 -0.05920020 0.61140201
vn 0.78910260 -0.05920020 0.61140201
vn 0.00580013 -0.23810539 0.97122200
vn 0.00580013 -0.23810539 0.97122200
vn 0.00580013 -0.23810539 0.97122200
vn 0.00590013 -0.23810526 0.97122144
vn 0.81796413 0.32788562 0.47267927
vn 0.81796413 0.32788562 0.47267927
vn 0.81793104 0.32791244 0.47271794
vn 0.81793104 0.32791244 0.47271794
vn -0.30120361 0.57800694 0.75840910
vn -0.30120361 0.57800694 0.75840910
vn -0.30118620 0.57807352 0.75836526
vn -0.30131195 0.57792293 0.75843009
vn 0.18109795 0.92918946 -0.32219634
vn 0.18109795 0.92918946 -0.32219634
vn 0.18109795 0.92918946 -0.32219634
vn 0.18109795 0.92918946 -0.32219634
vn 0.34481216 0.26620939 -0.90013173
vn 0.34490027 0.26620020 -0.90010069
vn 0.34490027 0.26620020 -0.90010069
vn 0.34490027 0.26620020 -0.90010069
vn 0.40000036 -0.58140052 -0.70850063
vn 0.40002870 -0.58144171 -0.70845083
vn 0.40011270 -0.58141845 -0.70842248
vn 0.40000036 -0.58140052 -0.70850063
vn -0.58829756 -0.70459708 0.39679836
vn -0.58829756 -0.70459708 0.39679836
vn -0.58829756 -0.70459708 0.39679836
vn -0.58829756 -0.70459708 0.39679836
vn 0.50769147 -0.73258769 0.45339238
vn 0.50769147 -0.73258769 0.45339238
vn 0.50769147 -0.73258769 0.45339238
vn 0.50772866 -0.73254135 0.45342560
vn 0.39759890 -0.91429747 -0.07729979
vn 0.39759890 -0.91429747 -0.07729979
vn 0.39759890 -0.91429747 -0.07729979
vn 0.39759890 -0.91429747 -0.07729979
vn -0.07279719 -0.33058724 0.94096368
vn -0.07269772 -0.33058964 0.94097052
vn -0.07269772 -0.33058964 0.94097052
vn -0.07269772 -0.33058964 0.94097052
vn -0.39379684 0.14989880 0.90689272
vn -0.39379684 0.14989880 0.90689272
vn -0.39379684 0.14989880 0.90689272
vn -0.39379684 0.14989880 0.90689272
vn 0.39530384 0.30930300 0.86490839
vn 0.39530384 0.30930300 0.86490839
vn 0.39530384 0.30930300 0.86490839
vn 0.39530384 0.30930300 0.86490839
vn -0.76351096 0.46960674 -0.44330636
vn -0.76351096 0.46960674 -0.44330636
vn -0.76354681 0.46952879 -0.44332718
vn -0.76351096 0.46960674 -0.44330636
vn 0.29909593 0.87838805 -0.37279493
vn 0.29900487 0.87841432 -0.37280608
vn 0.29909593 0.87838805 -0.37279493
vn 0.29909593 0.87838805 -0.37279493
vn 0.17280310 -0.09950179 -0.97991759
vn 0.17270436 -0.09960252 -0.97992476
vn 0.17280310 -0.09950179 -0.97991759
vn 0.17280138 -0.09960080 -0.97990783
vn 0.47358136 -0.78386914 -0.40158419
vn 0.47358136 -0.78386914 -0.40158419
vn 0.47358136 -0.78386914 -0.40158419
vn 0.47358136 -0.78386914 -0.40158419
vn 0.23010503 0.30230661 0.92502021
vn 0.23010503 0.30230661 0.92502021
vn 0.23010503 0.30230661 0.92502021
vn 0.23009807 0.30239746 0.92499224
vn -0.24249534 0.96918137 0.04339917
vn -0.24249534 0.96918137 0.04339917
vn -0.24249534 0.96918137 0.04339917
vn -0.24249534 0.96918137 0.04339917
vn 0.67688676 0.71338604 0.18139645
vn 0.67688676 0.71338604 0.18139645
vn 0.67688676 0.71338604 0.18139645
vn 0.67688676 0.71338604 0.18139645
vn -0.27199192 -0.88707365 -0.37298892
vn -0.27199192 -0.88707365 -0.37298892
vn -0.27189932 -0.88709777 -0.37299906
vn -0.27199192 -0.88707365 -0.37298892
vn 0.07249963 -0.37299809 0.92499526
vn 0.07249963 -0.37299809 0.92499526
vn 0.07249963 -0.37299809 0.92499526
vn 0.07249963 -0.37299809 0.92499526
vn 0.88471484 -0.46410778 0.04340073
vn 0.88471484 -0.46410778 0.04340073
vn 0.88471484 -0.46410778 0.04340073
vn 0.88471099 -0.46410577 0.04350054
vn 0.08199877 -0.97998532 0.18139728
vn 0.08199877 -0.97998532 0.18139728
vn 0.08199877 -0.97998532 0.18139728
vn 0.08199877 -0.97998532 0.18139728
vn -0.48100636 0.79341049 -0.37300493
vn -0.48100636 0.79341049 -0.37300493
vn -0.48112139 0.79333526 -0.37301658
vn -0.48100636 0.79341049 -0.37300493
vn 0.79448175 0.03119928 0.60648607
vn 0.79448175 0.03119928 0.60648607
vn 0.79448175 0.03119928 0.60648607
vn 0.79448175 0.03119928 0.60648607
vn 0.51539821 0.77959729 0.35579876
vn 0.51539821 0.77959729 0.35579876
vn 0.51539821 0.77959729 0.35579876
vn 0.51539821 0.77959729 0.35579876
vn -0.71786925 0.69067042 0.08739626
vn -0.71782078 0.69072000 0.08740253
vn -0.71786925 0.69067042 0.08739626
vn -0.71782078 0.69072000 0.08740253
vn -0.74751544 0.35580735 -0.56091158
vn -0.74751544 0.35580735 -0.56091158
vn -0.74751544 0.35580735 -0.56091158
vn -0.74751544 0.35580735 -0.56091158
vn 0.50409277 0.29449578 -0.81188836
vn 0.50413370 0.29451969 -0.81185427
vn 0.50413370 0.29451969 -0.81185427
vn 0.50413370 0.29451969 -0.81185427
vn 0.51808543 0.02079941 -0.85507595
vn 0.51808543 0.02079941 -0.85507595
vn 0.51801226 0.02080049 -0.85512025
vn 0.51808543 0.02079941 -0.85507595
vn 0.49369729 -0.85969528 -0.13109928
vn 0.49369729 -0.85969528 -0.13109928
vn 0.49380888 -0.85961546 -0.13120236
vn 0.49369729 -0.85969528 -0.13109928
vn 0.52662044 -0.78593051 -0.32401258
vn 0.52662044 -0.78593051 -0.32401258
vn 0.52662044 -0.78593051 -0.32401258
vn 0.52660338 -0.78590504 -0.32410208
vn 0.79448175 0.03119928 0.60648607
vn 0.79448175 0.03119928 0.60648607
vn 0.79448175 0.03119928 0.60648607
vn 0.79448175 0.03119928 0.60648607
vn 0.51539821 0.77959729 0.35579876
vn 0.51539821 0.77959729 0.35579876
vn 0.51539821 0.77959729 0.35579876
vn 0.51539821 0.77959729 0.35579876
vn -0.71782078 0.69072000 0.08740253
vn -0.71782078 0.69072000 0.08740253
vn -0.71786925 0.69067042 0.08739626
vn -0.71782078 0.69072000 0.08740253
vn -0.74751544 0.35580735 -0.56091158
vn -0.74751544 0.35580735 -0.56091158
vn -0.74751544 0.35580735 -0.56091158
vn -0.74751544 0.35580735 -0.56091158
vn 0.50409277 0.29449578 -0.81188836
vn 0.50413370 0.29451969 -0.81185427
vn 0.50413370 0.29451969 -0.81185427
vn 0.50413370 0.29451969 -0.81185427
vn 0.51808543 0.02079941 -0.85507595
vn 0.51808543 0.02079941 -0.85507595
vn 0.51808543 0.02079941 -0.85507595
vn 0.51808543 0.02079941 -0.85507595
vn 0.49369729 -0.85969528 -0.13109928
vn 0.49369729 -0.85969528 -0.13109928
vn 0.49380888 -0.85961546 -0.13120236
vn 0.49369729 -0.85969528 -0.13109928
vn 0.52662044 -0.78593051 -0.32401258
vn 0.52662044 -0.78593051 -0.32401258
vn 0.52662044 -0.78593051 -0.32401258
vn 0.52660338 -0.78590504 -0.32410208
vn 0.74670495 -0.27310181 0.60650402
vn 0.74670495 -0.27310181 0.60650402
vn 0.74670495 -0.27310181 0.60650402
vn 0.74670495 -0.27310181 0.60650402
vn 0.77301636 0.52521111 0.35580753
vn 0.77297576 0.52528352 0.35578884
vn 0.77301636 0.52521111 0.35580753
vn 0.77297576 0.52528352 0.35578884
vn -0.40149239 0.91168272 0.08739834
vn -0.40149239 0.91168272 0.08739834
vn -0.40149239 0.91168272 0.08739834
vn -0.40149239 0.91168272 0.08739834
vn -0.55620515 0.61320568 -0.56090519
vn -0.55620515 0.61320568 -0.56090519
vn -0.55620515 0.61320568 -0.56090519
vn -0.55620515 0.61320568 -0.56090519
vn 0.57819263 0.08079897 -0.81188965
vn 0.57819263 0.08079897 -0.81188965
vn 0.57819263 0.08079897 -0.81188965
vn 0.57819263 0.08079897 -0.81188965
vn 0.48709033 -0.17769647 -0.85508302
vn 0.48709033 -0.17769647 -0.85508302
vn 0.48709898 -0.17759963 -0.85509821
vn 0.48709898 -0.17759963 -0.85509821
vn 0.12990279 -0.98282110 -0.13110281
vn 0.12990279 -0.98282110 -0.13110281
vn 0.13009770 -0.98278266 -0.13119769
vn 0.13000110 -0.98280833 -0.13110111
vn 0.18840142 -0.92710697 -0.32400243
vn 0.18840142 -0.92710697 -0.32400243
vn 0.18840142 -0.92710697 -0.32400243
vn 0.18840142 -0.92710697 -0.32400243
vn 0.72989622 -0.31529837 0.60649686
vn 0.72989622 -0.31529837 0.60649686
vn 0.72989622 -0.31529837 0.60649686
vn 0.72989622 -0.31529837 0.60649686
vn 0.80173665 0.48022195 0.35581627
vn 0.80173665 0.48022195 0.35581627
vn 0.80173665 0.48022195 0.35581627
vn 0.80173665 0.48022195 0.35581627
vn -0.34871638 0.93314383 0.08740411
vn -0.34871638 0.93314383 0.08740411
vn -0.34871638 0.93314383 0.08740411
vn -0.34871638 0.93314383 0.08740411
vn -0.52028520 0.64398168 -0.56088404
vn -0.52021226 0.64401518 -0.56091322
vn -0.52021226 0.64401518 -0.56091322
vn -0.52021226 0.64401518 -0.56091322
vn 0.58188123 0.04769846 -0.81187381
vn 0.58188123 0.04769846 -0.81187381
vn 0.58188123 0.04769846 -0.81187381
vn 0.58188123 0.04769846 -0.81187381
vn 0.47610613 -0.20520264 -0.85511101
vn 0.47610613 -0.20520264 -0.85511101
vn 0.47610613 -0.20520264 -0.85511101
vn 0.47610613 -0.20520264 -0.85511101
vn 0.07350296 -0.98863983 -0.13110528
vn 0.07350296 -0.98863983 -0.13110528
vn 0.07360242 -0.98863256 -0.13110432
vn 0.07350296 -0.98863983 -0.13110528
vn 0.13510772 -0.93635351 -0.32401852
vn 0.13509507 -0.93636584 -0.32398818
vn 0.13510772 -0.93635351 -0.32401852
vn 0.13509507 -0.93636584 -0.32398818
vn 0.73771631 -0.29650655 0.60651341
vn 0.73771631 -0.29650655 0.60651341
vn 0.73771631 -0.29650655 0.60651341
vn 0.73771631 -0.29650655 0.60651341
vn 0.78918791 0.50059233 0.35579455
vn 0.78915019 0.50063184 0.35582263
vn 0.78915019 0.50063184 0.35582263
vn 0.78915019 0.50063184 0.35582263
vn -0.37258869 0.92387195 0.08739735
vn -0.37258869 0.92387195 0.08739735
vn -0.37258869 0.92387195 0.08739735
vn -0.37258869 0.92387195 0.08739735
vn -0.53661274 0.63041496 -0.56091331
vn -0.53661274 0.63041496 -0.56091331
vn -0.53657891 0.63047522 -0.56087795
vn -0.53661274 0.63041496 -0.56091331
vn 0.58047660 0.06259748 -0.81186727
vn 0.58047660 0.06259748 -0.81186727
vn 0.58047660 0.06259748 -0.81186727
vn 0.58047660 0.06259748 -0.81186727
vn 0.48120966 -0.19290387 -0.85511716
vn 0.48120966 -0.19290387 -0.85511716
vn 0.48120966 -0.19290387 -0.85511716
vn 0.48120966 -0.19290387 -0.85511716
vn 0.09890231 -0.98642299 -0.13110306
vn 0.09890231 -0.98642299 -0.13110306
vn 0.09890231 -0.98642299 -0.13110306
vn 0.09890231 -0.98642299 -0.13110306
vn 0.15909749 -0.93258528 -0.32399489
vn 0.15909749 -0.93258528 -0.32399489
vn 0.15909749 -0.93258528 -0.32399489
vn 0.15909749 -0.93258528 -0.32399489
vn -0.96439949 -0.25289987 -0.07729996
vn -0.96442387 -0.25280626 -0.07730191
vn -0.96439949 -0.25289987 -0.07729996
vn -0.96439949 -0.25289987 -0.07729996
vn -0.31558570 0.12249445 0.94095737
vn -0.31558570 0.12249445 0.94095737
vn -0.31558570 0.12249445 0.94095737
vn -0.31558570 0.12249445 0.94095737
vn 0.20839994 0.36619989 0.90689972
vn 0.20839994 0.36619989 0.90689972
vn 0.20839994 0.36619989 0.90689972
vn 0.20839994 0.36619989 0.90689972
vn 0.24520840 -0.43791501 0.86492964
vn 0.24510367 -0.43800657 0.86491297
vn 0.24510367 -0.43800657 0.86491297
vn 0.24510367 -0.43800657 0.86491297
vn 0.58092833 0.68263329 -0.44332162
vn 0.58092833 0.68263329 -0.44332162
vn 0.58088868 0.68268669 -0.44329136
vn 0.58092833 0.68263329 -0.44332162
vn 0.82220876 -0.43010458 -0.37280397
vn 0.82220876 -0.43010458 -0.37280397
vn 0.82220876 -0.43010458 -0.37280397
vn 0.82220876 -0.43010458 -0.37280397
vn -0.12480254 -0.15550316 -0.97991994
vn -0.12480254 -0.15550316 -0.97991994
vn -0.12480254 -0.15550316 -0.97991994
vn -0.12480254 -0.15550316 -0.97991994
vn -0.84711484 -0.34800610 -0.40160703
vn -0.84714307 -0.34797662 -0.40157302
vn -0.84714307 -0.34797662 -0.40157302
vn -0.84711484 -0.34800610 -0.40160703
vn 0.39759890 -0.91429747 -0.07729979
vn 0.39759890 -0.91429747 -0.07729979
vn 0.39759890 -0.91429747 -0.07729979
vn 0.39759890 -0.91429747 -0.07729979
vn -0.07269772 -0.33058964 0.94097052
vn -0.07269772 -0.33058964 0.94097052
vn -0.07269772 -0.33058964 0.94097052
vn -0.07269772 -0.33058964 0.94097052
vn -0.39379684 0.14989880 0.90689272
vn -0.39379684 0.14989880 0.90689272
vn -0.39379684 0.14989880 0.90689272
vn -0.39379684 0.14989880 0.90689272
vn 0.39517305 0.30937890 0.86494101
vn 0.39530384 0.30930300 0.86490839
vn 0.39530384 0.30930300 0.86490839
vn 0.39530384 0.30930300 0.86490839
vn -0.76351096 0.46960674 -0.44330636
vn -0.76351096 0.46960674 -0.44330636
vn -0.76354681 0.46952879 -0.44332718
vn -0.76351096 0.46960674 -0.44330636
vn 0.29909593 0.87838805 -0.37279493
vn 0.29900487 0.87841432 -0.37280608
vn 0.29909593 0.87838805 -0.37279493
vn 0.29909593 0.87838805 -0.37279493
vn 0.17280310 -0.09950179 -0.97991759
vn 0.17270436 -0.09960252 -0.97992476
vn 0.17280310 -0.09950179 -0.97991759
vn 0.17280138 -0.09960080 -0.97990783
vn 0.47358136 -0.78386914 -0.40158419
vn 0.47358136 -0.78386914 -0.40158419
vn 0.47358136 -0.78386914 -0.40158419
vn 0.47358136 -0.78386914 -0.40158419
vn 0.39759890 -0.91429747 -0.07729979
vn 0.39759890 -0.91429747 -0.07729979
vn 0.39759890 -0.91429747 -0.07729979
vn 0.39759890 -0.91429747 -0.07729979
vn -0.07279719 -0.33058724 0.94096368
vn -0.07269772 -0.33058964 0.94097052
vn -0.07269772 -0.33058964 0.94097052
vn -0.07269772 -0.33058964 0.94097052
vn -0.39379684 0.14989880 0.90689272
vn -0.39379684 0.14989880 0.90689272
vn -0.39379684 0.14989880 0.90689272
vn -0.39371234 0.14990470 0.90692843
vn 0.39530384 0.30930300 0.86490839
vn 0.39530384 0.30930300 0.86490839
vn 0.39530384 0.30930300 0.86490839
vn 0.39530384 0.30930300 0.86490839
vn -0.76351096 0.46960674 -0.44330636
vn -0.76351096 0.46960674 -0.44330636
vn -0.76354681 0.46952879 -0.44332718
vn -0.76351096 0.46960674 -0.44330636
vn 0.29909593 0.87838805 -0.37279493
vn 0.29909593 0.87838805 -0.37279493
vn 0.29909593 0.87838805 -0.37279493
vn 0.29909593 0.87838805 -0.37279493
vn 0.17280310 -0.09950179 -0.97991759
vn 0.17270436 -0.09960252 -0.97992476
vn 0.17280310 -0.09950179 -0.97991759
vn 0.17280138 -0.09960080 -0.97990783
vn 0.47358136 -0.78386914 -0.40158419
vn 0.47358136 -0.78386914 -0.40158419
vn 0.47358136 -0.78386914 -0.40158419
vn 0.47358136 -0.78386914 -0.40158419
vn 0.79448175 0.03119928 0.60648607
vn 0.79448175 0.03119928 0.60648607
vn 0.79448175 0.03119928 0.60648607
vn 0.79448175 0.03119928 0.60648607
vn 0.51539821 0.77959729 0.35579876
vn 0.51539821 0.77959729 0.35579876
vn 0.51539821 0.77959729 0.35579876
vn 0.51539821 0.77959729 0.35579876
vn -0.71786925 0.69067042 0.08739626
vn -0.71782078 0.69072000 0.08740253
vn -0.71782078 0.69072000 0.08740253
vn -0.71782078 0.69072000 0.08740253
vn -0.74751544 0.35580735 -0.56091158
vn -0.74751544 0.35580735 -0.56091158
vn -0.74751544 0.35580735 -0.56091158
vn -0.74751544 0.35580735 -0.56091158
vn 0.50413370 0.29451969 -0.81185427
vn 0.50413370 0.29451969 -0.81185427
vn 0.50413370 0.29451969 -0.81185427
vn 0.50413370 0.29451969 -0.81185427
vn 0.51808543 0.02079941 -0.85507595
vn 0.51808543 0.02079941 -0.85507595
vn 0.51808543 0.02079941 -0.85507595
vn 0.51808543 0.02079941 -0.85507595
vn 0.49369729 -0.85969528 -0.13109928
vn 0.49369729 -0.85969528 -0.13109928
vn 0.49369729 -0.85969528 -0.13109928
vn 0.49369729 -0.85969528 -0.13109928
vn 0.52662044 -0.78593051 -0.32401258
vn 0.52662044 -0.78593051 -0.32401258
vn 0.52662044 -0.78593051 -0.32401258
vn 0.52660338 -0.78590504 -0.32410208
vn 0.78910260 -0.05920020 0.61140201
vn 0.78910260 -0.05920020 0.61140201
vn 0.78910260 -0.05920020 0.61140201
vn 0.78910260 -0.05920020 0.61140201
vn 0.00580013 -0.23810539 0.97122200
vn 0.00580013 -0.23810539 0.97122200
vn 0.00580013 -0.23810539 0.97122200
vn 0.00590013 -0.23810526 0.97122144
vn 0.81796413 0.32788562 0.47267927
vn 0.81796413 0.32788562 0.47267927
vn 0.81796413 0.32788562 0.47267927
vn 0.81793104 0.32791244 0.47271794
vn -0.30120361 0.57800694 0.75840910
vn -0.30120361 0.57800694 0.75840910
vn -0.30118620 0.57807352 0.75836526
vn -0.30131195 0.57792293 0.75843009
vn 0.18109795 0.92918946 -0.32219634
vn 0.18109795 0.92918946 -0.32219634
vn 0.18109795 0.92918946 -0.32219634
vn 0.18109795 0.92918946 -0.32219634
vn 0.34481216 0.26620939 -0.90013173
vn 0.34490027 0.26620020 -0.90010069
vn 0.34490027 0.26620020 -0.90010069
vn 0.34490027 0.26620020 -0.90010069
vn 0.40011270 -0.58141845 -0.70842248
vn 0.40002870 -0.58144171 -0.70845083
vn 0.40011270 -0.58141845 -0.70842248
vn 0.40011270 -0.58141845 -0.70842248
vn -0.58829756 -0.70459708 0.39679836
vn -0.58829756 -0.70459708 0.39679836
vn -0.58829756 -0.70459708 0.39679836
vn -0.58829756 -0.70459708 0.39679836
vn 0.50769147 -0.73258769 0.45339238
vn 0.50769147 -0.73258769 0.45339238
vn 0.50769147 -0.73258769 0.45339238
vn 0.50772866 -0.73254135 0.45342560
vt 0.66823500 0.25000000
vt 0.62500000 0.50000000
vt 0.75000000 0.50000000
vt 0.56250000 1.00000000
vt 0.72593500 0.75000000
vt 0.45191000 0.52597900
vt 0.62500000 0.50000000
vt 0.45191000 0.52597900
vt 0.72593500 0.75000000
vt 0.66823500 0.25000000
vt 0.56250000 0.00000000
vt 0.49431200 0.25000000
vt 0.43750000 1.00000000
vt 0.45191000 0.52597900
vt 0.37500000 0.75000000
vt 0.31250000 1.00000000
vt 0.37500000 0.75000000
vt 0.21460700 0.75000000
vt 0.23248300 0.17993200
vt 0.10079200 0.27231700
vt 0.25000000 0.50000000
vt 0.10079200 0.27231700
vt 0.00000000 0.72785500
vt 0.21460700 0.75000000
vt 0.06250000 1.00000000
vt 0.21460700 0.75000000
vt 0.00000000 0.72785500
vt 1.00000000 0.25000000
vt 0.93750000 0.00000000
vt 0.87500000 0.26965700
vt 1.00000000 0.25000000
vt 0.87500000 0.26965700
vt 0.99324400 0.72905200
vt 0.87500000 0.26965700
vt 0.81250000 0.00000000
vt 0.66823500 0.25000000
vt 0.81250000 1.00000000
vt 0.99324400 0.72905200
vt 0.72593500 0.75000000
vt 0.87500000 0.26965700
vt 0.66823500 0.25000000
vt 0.75000000 0.50000000
vt 0.75000000 0.50000000
vt 0.62500000 0.50000000
vt 0.72593500 0.75000000
vt 0.21460700 0.75000000
vt 0.25000000 0.50000000
vt 0.10079200 0.27231700
vt 0.75000000 0.53456600
vt 0.62500000 0.50000000
vt 0.57747900 0.75000000
vt 0.85596200 0.25000000
vt 0.68750000 0.00000000
vt 0.53477500 0.25000000
vt 0.68750000 1.00000000
vt 0.75000000 0.53456600
vt 0.57747900 0.75000000
vt 0.53477500 0.25000000
vt 0.50000000 0.50000000
vt 0.62500000 0.50000000
vt 0.53477500 0.25000000
vt 0.43750000 0.00000000
vt 0.37500000 0.25000000
vt 0.43750000 1.00000000
vt 0.57747900 0.75000000
vt 0.37500000 0.75000000
vt 0.37500000 0.25000000
vt 0.31250000 0.00000000
vt 0.25000000 0.25000000
vt 0.31250000 1.00000000
vt 0.25000000 0.75000000
vt 0.25000000 0.50000000
vt 0.12500000 0.49520700
vt 0.25000000 0.75000000
vt 0.25000000 0.25000000
vt 0.18750000 0.00000000
vt 0.12500000 0.25000000
vt 0.18750000 1.00000000
vt 0.25000000 0.75000000
vt 0.12500000 0.49520700
vt 0.12500000 0.25000000
vt 0.06250000 0.00000000
vt 0.00000000 0.25000000
vt 0.06250000 1.00000000
vt 0.12500000 0.49520700
vt 0.00000000 0.57067800
vt 1.00000000 0.57067800
vt 0.87500000 0.50000000
vt 0.87500000 0.75000000
vt 1.00000000 0.25000000
vt 0.93750000 0.00000000
vt 0.85596200 0.25000000
vt 0.93750000 1.00000000
vt 1.00000000 0.57067800
vt 0.87500000 0.75000000
vt 0.87500000 0.50000000
vt 0.75000000 0.53456600
vt 0.87500000 0.75000000
vt 0.81250000 1.00000000
vt 0.87500000 0.75000000
vt 0.75000000 0.53456600
vt 0.87500000 0.50000000
vt 0.85596200 0.25000000
vt 0.75000000 0.53456600
vt 0.57747900 0.75000000
vt 0.62500000 0.50000000
vt 0.50000000 0.50000000
vt 0.75000000 0.50000000
vt 0.62500000 0.63957900
vt 0.75000000 0.75000000
vt 0.75000000 0.25000000
vt 0.68750000 0.00000000
vt 0.62500000 0.25000000
vt 0.68750000 1.00000000
vt 0.75000000 0.75000000
vt 0.62500000 0.63957900
vt 0.62500000 0.63957900
vt 0.56250000 1.00000000
vt 0.48513100 0.75000000
vt 0.62500000 0.63957900
vt 0.49862000 0.50000000
vt 0.48513100 0.75000000
vt 0.62500000 0.25000000
vt 0.56250000 0.00000000
vt 0.50000000 0.25000000
vt 0.50000000 0.25000000
vt 0.43750000 0.00000000
vt 0.37500000 0.25000000
vt 0.37500000 0.25000000
vt 0.31250000 0.00000000
vt 0.25000000 0.25000000
vt 0.31250000 1.00000000
vt 0.48513100 0.75000000
vt 0.25000000 0.75000000
vt 0.25000000 0.25000000
vt 0.18750000 0.00000000
vt 0.05624500 0.25000000
vt 0.18750000 1.00000000
vt 0.25000000 0.75000000
vt 0.06448800 0.75000000
vt 0.12500000 0.50000000
vt 0.05624500 0.25000000
vt 0.00000000 0.50000000
vt 1.00000000 0.50000000
vt 0.87500000 0.50211100
vt 1.00000000 0.75000000
vt 1.00000000 0.25000000
vt 0.93750000 0.00000000
vt 0.87500000 0.25000000
vt 0.93750000 1.00000000
vt 1.00000000 0.75000000
vt 0.87500000 0.50211100
vt 0.87500000 0.50211100
vt 0.75000000 0.50000000
vt 0.75000000 0.75000000
vt 0.87500000 0.25000000
vt 0.81250000 0.00000000
vt 0.75000000 0.25000000
vt 0.81250000 1.00000000
vt 0.87500000 0.50211100
vt 0.75000000 0.75000000
vt 0.49862000 0.50000000
vt 0.50000000 0.25000000
vt 0.37500000 0.25000000
vt 0.12500000 0.50000000
vt 0.00000000 0.50000000
vt 0.06448800 0.75000000
vt 0.66823500 0.25000000
vt 0.62500000 0.50000000
vt 0.75000000 0.50000000
vt 0.56250000 1.00000000
vt 0.72593500 0.75000000
vt 0.45191000 0.52597900
vt 0.62500000 0.50000000
vt 0.45191000 0.52597900
vt 0.72593500 0.75000000
vt 0.66823500 0.25000000
vt 0.56250000 0.00000000
vt 0.49431200 0.25000000
vt 0.43750000 1.00000000
vt 0.45191000 0.52597900
vt 0.37500000 0.75000000
vt 0.31250000 1.00000000
vt 0.37500000 0.75000000
vt 0.21460700 0.75000000
vt 0.23248300 0.17993200
vt 0.10079200 0.27231700
vt 0.25000000 0.50000000
vt 0.10079200 0.27231700
vt 0.00000000 0.72785500
vt 0.21460700 0.75000000
vt 0.06250000 1.00000000
vt 0.21460700 0.75000000
vt 0.00000000 0.72785500
vt 1.00000000 0.25000000
vt 0.93750000 0.00000000
vt 0.87500000 0.26965700
vt 1.00000000 0.25000000
vt 0.87500000 0.26965700
vt 0.99324400 0.72905200
vt 0.87500000 0.26965700
vt 0.81250000 0.00000000
vt 0.66823500 0.25000000
vt 0.81250000 1.00000000
vt 0.99324400 0.72905200
vt 0.72593500 0.75000000
vt 0.87500000 0.26965700
vt 0.66823500 0.25000000
vt 0.75000000 0.50000000
vt 0.75000000 0.50000000
vt 0.62500000 0.50000000
vt 0.72593500 0.75000000
vt 0.21460700 0.75000000
vt 0.25000000 0.50000000
vt 0.10079200 0.27231700
vt 0.75000000 0.50000000
vt 0.63033100 0.25000000
vt 0.62500000 0.50000000
vt 0.56250000 1.00000000
vt 0.68555700 0.75000000
vt 0.50000000 0.75000000
vt 0.63033100 0.25000000
vt 0.56250000 0.00000000
vt 0.50000000 0.25000000
vt 0.50000000 0.25000000
vt 0.43750000 0.00000000
vt 0.37500000 0.25000000
vt 0.43750000 1.00000000
vt 0.50000000 0.75000000
vt 0.35280200 0.75000000
vt 0.37500000 0.25000000
vt 0.31250000 0.00000000
vt 0.21662900 0.25000000
vt 0.25000000 0.50000000
vt 0.12500000 0.50834600
vt 0.35280200 0.75000000
vt 0.18750000 1.00000000
vt 0.35280200 0.75000000
vt 0.12500000 0.50834600
vt 0.25000000 0.50000000
vt 0.21662900 0.25000000
vt 0.12500000 0.50834600
vt 0.21662900 0.25000000
vt 0.06250000 0.00000000
vt 0.00000000 0.25000000
vt 0.06250000 1.00000000
vt 0.12500000 0.50834600
vt 0.00000000 0.49812300
vt 1.00000000 0.49812300
vt 0.87500000 0.50000000
vt 0.87500000 0.75000000
vt 1.00000000 0.25000000
vt 0.93750000 0.00000000
vt 0.87500000 0.25000000
vt 0.93750000 1.00000000
vt 1.00000000 0.49812300
vt 0.87500000 0.75000000
vt 0.87500000 0.25000000
vt 0.81250000 0.00000000
vt 0.63033100 0.25000000
vt 0.81250000 1.00000000
vt 0.87500000 0.75000000
vt 0.68555700 0.75000000
vt 0.68555700 0.75000000
vt 0.75000000 0.50000000
vt 0.62500000 0.50000000
vt 0.37500000 0.50000000
vt 0.25000000 0.50000000
vt 0.35280200 0.75000000
vt 0.75000000 0.50000000
vt 0.63033100 0.25000000
vt 0.62500000 0.50000000
vt 0.56250000 1.00000000
vt 0.68555700 0.75000000
vt 0.50000000 0.75000000
vt 0.63033100 0.25000000
vt 0.56250000 0.00000000
vt 0.50000000 0.25000000
vt 0.50000000 0.25000000
vt 0.43750000 0.00000000
vt 0.37500000 0.25000000
vt 0.43750000 1.00000000
vt 0.50000000 0.75000000
vt 0.35280200 0.75000000
vt 0.37500000 0.25000000
vt 0.31250000 0.00000000
vt 0.21662900 0.25000000
vt 0.25000000 0.50000000
vt 0.12500000 0.50834600
vt 0.35280200 0.75000000
vt 0.18750000 1.00000000
vt 0.35280200 0.75000000
vt 0.12500000 0.50834600
vt 0.25000000 0.50000000
vt 0.21662900 0.25000000
vt 0.12500000 0.50834600
vt 0.21662900 0.25000000
vt 0.06250000 0.00000000
vt 0.00000000 0.25000000
vt 0.06250000 1.00000000
vt 0.12500000 0.50834600
vt 0.00000000 0.49812300
vt 1.00000000 0.49812300
vt 0.87500000 0.50000000
vt 0.87500000 0.75000000
vt 1.00000000 0.25000000
vt 0.93750000 0.00000000
vt 0.87500000 0.25000000
vt 0.93750000 1.00000000
vt 1.00000000 0.49812300
vt 0.87500000 0.75000000
vt 0.87500000 0.25000000
vt 0.81250000 0.00000000
vt 0.63033100 0.25000000
vt 0.81250000 1.00000000
vt 0.87500000 0.75000000
vt 0.68555700 0.75000000
vt 0.68555700 0.75000000
vt 0.75000000 0.50000000
vt 0.62500000 0.50000000
vt 0.37500000 0.50000000
vt 0.25000000 0.50000000
vt 0.35280200 0.75000000
vt 0.75000000 0.53456600
vt 0.62500000 0.50000000
vt 0.57747900 0.75000000
vt 0.85596200 0.25000000
vt 0.68750000 0.00000000
vt 0.53477500 0.25000000
vt 0.68750000 1.00000000
vt 0.75000000 0.53456600
vt 0.57747900 0.75000000
vt 0.53477500 0.25000000
vt 0.50000000 0.50000000
vt 0.62500000 0.50000000
vt 0.53477500 0.25000000
vt 0.43750000 0.00000000
vt 0.37500000 0.25000000
vt 0.43750000 1.00000000
vt 0.57747900 0.75000000
vt 0.37500000 0.75000000
vt 0.37500000 0.75000000
vt 0.37500000 0.25000000
vt 0.31250000 0.00000000
vt 0.25000000 0.25000000
vt 0.31250000 1.00000000
vt 0.25000000 0.75000000
vt 0.25000000 0.50000000
vt 0.12500000 0.49520700
vt 0.25000000 0.75000000
vt 0.25000000 0.25000000
vt 0.18750000 0.00000000
vt 0.12500000 0.25000000
vt 0.18750000 1.00000000
vt 0.25000000 0.75000000
vt 0.12500000 0.49520700
vt 0.12500000 0.25000000
vt 0.06250000 0.00000000
vt 0.00000000 0.25000000
vt 0.06250000 1.00000000
vt 0.12500000 0.49520700
vt 0.00000000 0.57067800
vt 1.00000000 0.57067800
vt 0.87500000 0.50000000
vt 0.87500000 0.75000000
vt 1.00000000 0.25000000
vt 0.93750000 0.00000000
vt 0.85596200 0.25000000
vt 0.93750000 1.00000000
vt 1.00000000 0.57067800
vt 0.87500000 0.75000000
vt 0.87500000 0.50000000
vt 0.75000000 0.53456600
vt 0.87500000 0.75000000
vt 0.81250000 1.00000000
vt 0.87500000 0.75000000
vt 0.75000000 0.53456600
vt 0.87500000 0.50000000
vt 0.85596200 0.25000000
vt 0.75000000 0.53456600
vt 0.57747900 0.75000000
vt 0.62500000 0.50000000
vt 0.50000000 0.50000000
vt 0.75000000 0.53456600
vt 0.62500000 0.50000000
vt 0.57747900 0.75000000
vt 0.85596200 0.25000000
vt 0.68750000 0.00000000
vt 0.53477500 0.25000000
vt 0.68750000 1.00000000
vt 0.75000000 0.53456600
vt 0.57747900 0.75000000
vt 0.53477500 0.25000000
vt 0.50000000 0.50000000
vt 0.62500000 0.50000000
vt 0.53477500 0.25000000
vt 0.43750000 0.00000000
vt 0.37500000 0.25000000
vt 0.43750000 1.00000000
vt 0.57747900 0.75000000
vt 0.37500000 0.75000000
vt 0.37500000 0.75000000
vt 0.37500000 0.25000000
vt 0.31250000 0.00000000
vt 0.25000000 0.25000000
vt 0.31250000 1.00000000
vt 0.25000000 0.75000000
vt 0.25000000 0.50000000
vt 0.12500000 0.49520700
vt 0.25000000 0.75000000
vt 0.25000000 0.25000000
vt 0.18750000 0.00000000
vt 0.12500000 0.25000000
vt 0.18750000 1.00000000
vt 0.25000000 0.75000000
vt 0.12500000 0.49520700
vt 0.12500000 0.25000000
vt 0.06250000 0.00000000
vt 0.00000000 0.25000000
vt 0.06250000 1.00000000
vt 0.12500000 0.49520700
vt 0.00000000 0.57067800
vt 1.00000000 0.57067800
vt 0.87500000 0.50000000
vt 0.87500000 0.75000000
vt 1.00000000 0.25000000
vt 0.93750000 0.00000000
vt 0.85596200 0.25000000
vt 0.93750000 1.00000000
vt 1.00000000 0.57067800
vt 0.87500000 0.75000000
vt 0.87500000 0.50000000
vt 0.75000000 0.53456600
vt 0.87500000 0.75000000
vt 0.81250000 1.00000000
vt 0.87500000 0.75000000
vt 0.75000000 0.53456600
vt 0.87500000 0.50000000
vt 0.85596200 0.25000000
vt 0.75000000 0.53456600
vt 0.57747900 0.75000000
vt 0.62500000 0.50000000
vt 0.50000000 0.50000000
vt 0.75000000 0.53456600
vt 0.62500000 0.50000000
vt 0.57747900 0.75000000
vt 0.85596200 0.25000000
vt 0.68750000 0.00000000
vt 0.53477500 0.25000000
vt 0.68750000 1.00000000
vt 0.75000000 0.53456600
vt 0.57747900 0.75000000
vt 0.53477500 0.25000000
vt 0.50000000 0.50000000
vt 0.62500000 0.50000000
vt 0.53477500 0.25000000
vt 0.43750000 0.00000000
vt 0.37500000 0.25000000
vt 0.43750000 1.00000000
vt 0.57747900 0.75000000
vt 0.37500000 0.75000000
vt 0.37500000 0.25000000
vt 0.31250000 0.00000000
vt 0.25000000 0.25000000
vt 0.31250000 1.00000000
vt 0.25000000 0.75000000
vt 0.25000000 0.50000000
vt 0.12500000 0.49520700
vt 0.25000000 0.75000000
vt 0.25000000 0.25000000
vt 0.18750000 0.00000000
vt 0.12500000 0.25000000
vt 0.18750000 1.00000000
vt 0.25000000 0.75000000
vt 0.12500000 0.49520700
vt 0.12500000 0.25000000
vt 0.06250000 0.00000000
vt 0.00000000 0.25000000
vt 0.06250000 1.00000000
vt 0.12500000 0.49520700
vt 0.00000000 0.57067800
vt 1.00000000 0.57067800
vt 0.87500000 0.50000000
vt 0.87500000 0.75000000
vt 1.00000000 0.25000000
vt 0.93750000 0.00000000
vt 0.85596200 0.25000000
vt 0.93750000 1.00000000
vt 1.00000000 0.57067800
vt 0.87500000 0.75000000
vt 0.87500000 0.50000000
vt 0.75000000 0.53456600
vt 0.87500000 0.75000000
vt 0.81250000 1.00000000
vt 0.87500000 0.75000000
vt 0.75000000 0.53456600
vt 0.87500000 0.50000000
vt 0.85596200 0.25000000
vt 0.75000000 0.53456600
vt 0.57747900 0.75000000
vt 0.62500000 0.50000000
vt 0.50000000 0.50000000
vt 0.66823500 0.25000000
vt 0.62500000 0.50000000
vt 0.75000000 0.50000000
vt 0.56250000 1.00000000
vt 0.72593500 0.75000000
vt 0.45191000 0.52597900
vt 0.62500000 0.50000000
vt 0.45191000 0.52597900
vt 0.72593500 0.75000000
vt 0.66823500 0.25000000
vt 0.56250000 0.00000000
vt 0.49431200 0.25000000
vt 0.43750000 1.00000000
vt 0.45191000 0.52597900
vt 0.37500000 0.75000000
vt 0.31250000 1.00000000
vt 0.37500000 0.75000000
vt 0.21460700 0.75000000
vt 0.23248300 0.17993200
vt 0.10079200 0.27231700
vt 0.25000000 0.50000000
vt 0.10079200 0.27231700
vt 0.00000000 0.72785500
vt 0.21460700 0.75000000
vt 0.06250000 1.00000000
vt 0.21460700 0.75000000
vt 0.00000000 0.72785500
vt 1.00000000 0.25000000
vt 0.93750000 0.00000000
vt 0.87500000 0.26965700
vt 1.00000000 0.25000000
vt 0.87500000 0.26965700
vt 0.99324400 0.72905200
vt 0.87500000 0.26965700
vt 0.81250000 0.00000000
vt 0.66823500 0.25000000
vt 0.81250000 1.00000000
vt 0.99324400 0.72905200
vt 0.72593500 0.75000000
vt 0.87500000 0.26965700
vt 0.66823500 0.25000000
vt 0.75000000 0.50000000
vt 0.75000000 0.50000000
vt 0.62500000 0.50000000
vt 0.72593500 0.75000000
vt 0.21460700 0.75000000
vt 0.25000000 0.50000000
vt 0.10079200 0.27231700
vt 0.66823500 0.25000000
vt 0.62500000 0.50000000
vt 0.75000000 0.50000000
vt 0.56250000 1.00000000
vt 0.72593500 0.75000000
vt 0.45191000 0.52597900
vt 0.62500000 0.50000000
vt 0.45191000 0.52597900
vt 0.72593500 0.75000000
vt 0.66823500 0.25000000
vt 0.56250000 0.00000000
vt 0.49431200 0.25000000
vt 0.43750000 1.00000000
vt 0.45191000 0.52597900
vt 0.37500000 0.75000000
vt 0.31250000 1.00000000
vt 0.37500000 0.75000000
vt 0.21460700 0.75000000
vt 0.23248300 0.17993200
vt 0.10079200 0.27231700
vt 0.25000000 0.50000000
vt 0.10079200 0.27231700
vt 0.00000000 0.72785500
vt 0.21460700 0.75000000
vt 0.06250000 1.00000000
vt 0.21460700 0.75000000
vt 0.00000000 0.72785500
vt 1.00000000 0.25000000
vt 0.93750000 0.00000000
vt 0.87500000 0.26965700
vt 1.00000000 0.25000000
vt 0.87500000 0.26965700
vt 0.99324400 0.72905200
vt 0.87500000 0.26965700
vt 0.81250000 0.00000000
vt 0.66823500 0.25000000
vt 0.81250000 1.00000000
vt 0.99324400 0.72905200
vt 0.72593500 0.75000000
vt 0.87500000 0.26965700
vt 0.66823500 0.25000000
vt 0.75000000 0.50000000
vt 0.75000000 0.50000000
vt 0.62500000 0.50000000
vt 0.72593500 0.75000000
vt 0.21460700 0.75000000
vt 0.25000000 0.50000000
vt 0.10079200 0.27231700
vt 0.66823500 0.25000000
vt 0.62500000 0.50000000
vt 0.75000000 0.50000000
vt 0.56250000 1.00000000
vt 0.72593500 0.75000000
vt 0.45191000 0.52597900
vt 0.62500000 0.50000000
vt 0.45191000 0.52597900
vt 0.72593500 0.75000000
vt 0.66823500 0.25000000
vt 0.56250000 0.00000000
vt 0.49431200 0.25000000
vt 0.43750000 1.00000000
vt 0.45191000 0.52597900
vt 0.37500000 0.75000000
vt 0.31250000 1.00000000
vt 0.37500000 0.75000000
vt 0.21460700 0.75000000
vt 0.23248300 0.17993200
vt 0.10079200 0.27231700
vt 0.25000000 0.50000000
vt 0.10079200 0.27231700
vt 0.00000000 0.72785500
vt 0.21460700 0.75000000
vt 0.06250000 1.00000000
vt 0.21460700 0.75000000
vt 0.00000000 0.72785500
vt 1.00000000 0.25000000
vt 0.93750000 0.00000000
vt 0.87500000 0.26965700
vt 1.00000000 0.25000000
vt 0.87500000 0.26965700
vt 0.99324400 0.72905200
vt 0.87500000 0.26965700
vt 0.81250000 0.00000000
vt 0.66823500 0.25000000
vt 0.81250000 1.00000000
vt 0.99324400 0.72905200
vt 0.72593500 0.75000000
vt 0.87500000 0.26965700
vt 0.66823500 0.25000000
vt 0.75000000 0.50000000
vt 0.75000000 0.50000000
vt 0.62500000 0.50000000
vt 0.72593500 0.75000000
vt 0.21460700 0.75000000
vt 0.25000000 0.50000000
vt 0.10079200 0.27231700
vt 0.75000000 0.50000000
vt 0.63033100 0.25000000
vt 0.62500000 0.50000000
vt 0.56250000 1.00000000
vt 0.68555700 0.75000000
vt 0.50000000 0.75000000
vt 0.63033100 0.25000000
vt 0.56250000 0.00000000
vt 0.50000000 0.25000000
vt 0.50000000 0.25000000
vt 0.43750000 0.00000000
vt 0.37500000 0.25000000
vt 0.43750000 1.00000000
vt 0.50000000 0.75000000
vt 0.35280200 0.75000000
vt 0.37500000 0.25000000
vt 0.31250000 0.00000000
vt 0.21662900 0.25000000
vt 0.25000000 0.50000000
vt 0.12500000 0.50834600
vt 0.35280200 0.75000000
vt 0.18750000 1.00000000
vt 0.35280200 0.75000000
vt 0.12500000 0.50834600
vt 0.25000000 0.50000000
vt 0.21662900 0.25000000
vt 0.12500000 0.50834600
vt 0.21662900 0.25000000
vt 0.06250000 0.00000000
vt 0.00000000 0.25000000
vt 0.06250000 1.00000000
vt 0.12500000 0.50834600
vt 0.00000000 0.49812300
vt 1.00000000 0.49812300
vt 0.87500000 0.50000000
vt 0.87500000 0.75000000
vt 1.00000000 0.25000000
vt 0.93750000 0.00000000
vt 0.87500000 0.25000000
vt 0.93750000 1.00000000
vt 1.00000000 0.49812300
vt 0.87500000 0.75000000
vt 0.87500000 0.25000000
vt 0.81250000 0.00000000
vt 0.63033100 0.25000000
vt 0.81250000 1.00000000
vt 0.87500000 0.75000000
vt 0.68555700 0.75000000
vt 0.68555700 0.75000000
vt 0.75000000 0.50000000
vt 0.62500000 0.50000000
vt 0.37500000 0.50000000
vt 0.25000000 0.50000000
vt 0.35280200 0.75000000
vt 0.75000000 0.50000000
vt 0.62500000 0.63957900
vt 0.75000000 0.75000000
vt 0.75000000 0.25000000
vt 0.68750000 0.00000000
vt 0.62500000 0.25000000
vt 0.68750000 1.00000000
vt 0.75000000 0.75000000
vt 0.62500000 0.63957900
vt 0.56250000 1.00000000
vt 0.62500000 0.63957900
vt 0.48513100 0.75000000
vt 0.62500000 0.63957900
vt 0.49862000 0.50000000
vt 0.48513100 0.75000000
vt 0.62500000 0.25000000
vt 0.56250000 0.00000000
vt 0.50000000 0.25000000
vt 0.50000000 0.25000000
vt 0.43750000 0.00000000
vt 0.37500000 0.25000000
vt 0.37500000 0.25000000
vt 0.31250000 0.00000000
vt 0.25000000 0.25000000
vt 0.31250000 1.00000000
vt 0.48513100 0.75000000
vt 0.25000000 0.75000000
vt 0.25000000 0.25000000
vt 0.18750000 0.00000000
vt 0.05624500 0.25000000
vt 0.18750000 1.00000000
vt 0.25000000 0.75000000
vt 0.06448800 0.75000000
vt 0.12500000 0.50000000
vt 0.05624500 0.25000000
vt 0.00000000 0.50000000
vt 1.00000000 0.50000000
vt 0.87500000 0.50211100
vt 1.00000000 0.75000000
vt 1.00000000 0.25000000
vt 0.93750000 0.00000000
vt 0.87500000 0.25000000
vt 0.93750000 1.00000000
vt 1.00000000 0.75000000
vt 0.87500000 0.50211100
vt 0.87500000 0.50211100
vt 0.75000000 0.50000000
vt 0.75000000 0.75000000
vt 0.87500000 0.25000000
vt 0.81250000 0.00000000
vt 0.75000000 0.25000000
vt 0.81250000 1.00000000
vt 0.87500000 0.50211100
vt 0.75000000 0.75000000
vt 0.49862000 0.50000000
vt 0.50000000 0.25000000
vt 0.37500000 0.25000000
vt 0.12500000 0.50000000
vt 0.00000000 0.50000000
vt 0.06448800 0.75000000
vt 0.75000000 0.53456600
vt 0.62500000 0.50000000
vt 0.57747900 0.75000000
vt 0.85596200 0.25000000
vt 0.68750000 0.00000000
vt 0.53477500 0.25000000
vt 0.68750000 1.00000000
vt 0.75000000 0.53456600
vt 0.57747900 0.75000000
vt 0.53477500 0.25000000
vt 0.50000000 0.50000000
vt 0.62500000 0.50000000
vt 0.53477500 0.25000000
vt 0.43750000 0.00000000
vt 0.37500000 0.25000000
vt 0.43750000 1.00000000
vt 0.57747900 0.75000000
vt 0.37500000 0.75000000
vt 0.37500000 0.25000000
vt 0.31250000 0.00000000
vt 0.25000000 0.25000000
vt 0.31250000 1.00000000
vt 0.25000000 0.75000000
vt 0.25000000 0.50000000
vt 0.12500000 0.49520700
vt 0.25000000 0.75000000
vt 0.25000000 0.25000000
vt 0.18750000 0.00000000
vt 0.12500000 0.25000000
vt 0.18750000 1.00000000
vt 0.25000000 0.75000000
vt 0.12500000 0.49520700
vt 0.12500000 0.25000000
vt 0.06250000 0.00000000
vt 0.00000000 0.25000000
vt 0.06250000 1.00000000
vt 0.12500000 0.49520700
vt 0.00000000 0.57067800
vt 1.00000000 0.57067800
vt 0.87500000 0.50000000
vt 0.87500000 0.75000000
vt 1.00000000 0.25000000
vt 0.93750000 0.00000000
vt 0.85596200 0.25000000
vt 0.93750000 1.00000000
vt 1.00000000 0.57067800
vt 0.87500000 0.75000000
vt 0.87500000 0.50000000
vt 0.75000000 0.53456600
vt 0.87500000 0.75000000
vt 0.81250000 1.00000000
vt 0.87500000 0.75000000
vt 0.75000000 0.53456600
vt 0.87500000 0.50000000
vt 0.85596200 0.25000000
vt 0.75000000 0.53456600
vt 0.57747900 0.75000000
vt 0.62500000 0.50000000
vt 0.50000000 0.50000000
vt 0.75000000 0.50000000
vt 0.63033100 0.25000000
vt 0.62500000 0.50000000
vt 0.56250000 1.00000000
vt 0.68555700 0.75000000
vt 0.50000000 0.75000000
vt 0.63033100 0.25000000
vt 0.56250000 0.00000000
vt 0.50000000 0.25000000
vt 0.50000000 0.25000000
vt 0.43750000 0.00000000
vt 0.37500000 0.25000000
vt 0.43750000 1.00000000
vt 0.50000000 0.75000000
vt 0.35280200 0.75000000
vt 0.37500000 0.25000000
vt 0.31250000 0.00000000
vt 0.21662900 0.25000000
vt 0.25000000 0.50000000
vt 0.12500000 0.50834600
vt 0.35280200 0.75000000
vt 0.18750000 1.00000000
vt 0.35280200 0.75000000
vt 0.12500000 0.50834600
vt 0.25000000 0.50000000
vt 0.21662900 0.25000000
vt 0.12500000 0.50834600
vt 0.21662900 0.25000000
vt 0.06250000 0.00000000
vt 0.00000000 0.25000000
vt 0.06250000 1.00000000
vt 0.12500000 0.50834600
vt 0.00000000 0.49812300
vt 1.00000000 0.49812300
vt 0.87500000 0.50000000
vt 0.87500000 0.75000000
vt 1.00000000 0.25000000
vt 0.93750000 0.00000000
vt 0.87500000 0.25000000
vt 0.93750000 1.00000000
vt 1.00000000 0.49812300
vt 0.87500000 0.75000000
vt 0.87500000 0.25000000
vt 0.81250000 0.00000000
vt 0.63033100 0.25000000
vt 0.81250000 1.00000000
vt 0.87500000 0.75000000
vt 0.68555700 0.75000000
vt 0.68555700 0.75000000
vt 0.75000000 0.50000000
vt 0.62500000 0.50000000
vt 0.37500000 0.50000000
vt 0.25000000 0.50000000
vt 0.35280200 0.75000000
vt 0.75000000 0.50000000
vt 0.62500000 0.63957900
vt 0.75000000 0.75000000
vt 0.75000000 0.25000000
vt 0.68750000 0.00000000
vt 0.62500000 0.25000000
vt 0.68750000 1.00000000
vt 0.75000000 0.75000000
vt 0.62500000 0.63957900
vt 0.62500000 0.63957900
vt 0.56250000 1.00000000
vt 0.48513100 0.75000000
vt 0.62500000 0.63957900
vt 0.49862000 0.50000000
vt 0.48513100 0.75000000
vt 0.62500000 0.25000000
vt 0.56250000 0.00000000
vt 0.50000000 0.25000000
vt 0.50000000 0.25000000
vt 0.43750000 0.00000000
vt 0.37500000 0.25000000
vt 0.37500000 0.25000000
vt 0.31250000 0.00000000
vt 0.25000000 0.25000000
vt 0.31250000 1.00000000
vt 0.48513100 0.75000000
vt 0.25000000 0.75000000
vt 0.25000000 0.25000000
vt 0.18750000 0.00000000
vt 0.05624500 0.25000000
vt 0.18750000 1.00000000
vt 0.25000000 0.75000000
vt 0.06448800 0.75000000
vt 0.12500000 0.50000000
vt 0.05624500 0.25000000
vt 0.00000000 0.50000000
vt 1.00000000 0.50000000
vt 0.87500000 0.50211100
vt 1.00000000 0.75000000
vt 1.00000000 0.25000000
vt 0.93750000 0.00000000
vt 0.87500000 0.25000000
vt 0.93750000 1.00000000
vt 1.00000000 0.75000000
vt 0.87500000 0.50211100
vt 0.87500000 0.50211100
vt 0.75000000 0.50000000
vt 0.75000000 0.75000000
vt 0.87500000 0.25000000
vt 0.81250000 0.00000000
vt 0.75000000 0.25000000
vt 0.81250000 1.00000000
vt 0.87500000 0.50211100
vt 0.75000000 0.75000000
vt 0.49862000 0.50000000
vt 0.50000000 0.25000000
vt 0.37500000 0.25000000
vt 0.12500000 0.50000000
vt 0.00000000 0.50000000
vt 0.06448800 0.75000000
vt 0.75000000 0.50000000
vt 0.63033100 0.25000000
vt 0.62500000 0.50000000
vt 0.56250000 1.00000000
vt 0.68555700 0.75000000
vt 0.50000000 0.75000000
vt 0.63033100 0.25000000
vt 0.56250000 0.00000000
vt 0.50000000 0.25000000
vt 0.50000000 0.25000000
vt 0.43750000 0.00000000
vt 0.37500000 0.25000000
vt 0.43750000 1.00000000
vt 0.50000000 0.75000000
vt 0.35280200 0.75000000
vt 0.37500000 0.25000000
vt 0.31250000 0.00000000
vt 0.21662900 0.25000000
vt 0.25000000 0.50000000
vt 0.12500000 0.50834600
vt 0.35280200 0.75000000
vt 0.18750000 1.00000000
vt 0.35280200 0.75000000
vt 0.12500000 0.50834600
vt 0.25000000 0.50000000
vt 0.21662900 0.25000000
vt 0.12500000 0.50834600
vt 0.21662900 0.25000000
vt 0.06250000 0.00000000
vt 0.00000000 0.25000000
vt 0.06250000 1.00000000
vt 0.12500000 0.50834600
vt 0.00000000 0.49812300
vt 1.00000000 0.49812300
vt 0.87500000 0.50000000
vt 0.87500000 0.75000000
vt 1.00000000 0.25000000
vt 0.93750000 0.00000000
vt 0.87500000 0.25000000
vt 0.93750000 1.00000000
vt 1.00000000 0.49812300
vt 0.87500000 0.75000000
vt 0.87500000 0.25000000
vt 0.81250000 0.00000000
vt 0.63033100 0.25000000
vt 0.81250000 1.00000000
vt 0.87500000 0.75000000
vt 0.68555700 0.75000000
vt 0.68555700 0.75000000
vt 0.75000000 0.50000000
vt 0.62500000 0.50000000
vt 0.37500000 0.50000000
vt 0.25000000 0.50000000
vt 0.35280200 0.75000000
vt 0.66823500 0.25000000
vt 0.62500000 0.50000000
vt 0.75000000 0.50000000
vt 0.56250000 1.00000000
vt 0.72593500 0.75000000
vt 0.45191000 0.52597900
vt 0.62500000 0.50000000
vt 0.45191000 0.52597900
vt 0.72593500 0.75000000
vt 0.66823500 0.25000000
vt 0.56250000 0.00000000
vt 0.49431200 0.25000000
vt 0.43750000 1.00000000
vt 0.45191000 0.52597900
vt 0.37500000 0.75000000
vt 0.31250000 1.00000000
vt 0.37500000 0.75000000
vt 0.21460700 0.75000000
vt 0.23248300 0.17993200
vt 0.10079200 0.27231700
vt 0.25000000 0.50000000
vt 0.10079200 0.27231700
vt 0.00000000 0.72785500
vt 0.21460700 0.75000000
vt 0.06250000 1.00000000
vt 0.21460700 0.75000000
vt 0.00000000 0.72785500
vt 1.00000000 0.25000000
vt 0.93750000 0.00000000
vt 0.87500000 0.26965700
vt 1.00000000 0.25000000
vt 0.87500000 0.26965700
vt 0.99324400 0.72905200
vt 0.87500000 0.26965700
vt 0.81250000 0.00000000
vt 0.66823500 0.25000000
vt 0.81250000 1.00000000
vt 0.99324400 0.72905200
vt 0.72593500 0.75000000
vt 0.87500000 0.26965700
vt 0.66823500 0.25000000
vt 0.75000000 0.50000000
vt 0.75000000 0.50000000
vt 0.62500000 0.50000000
vt 0.72593500 0.75000000
vt 0.21460700 0.75000000
vt 0.25000000 0.50000000
vt 0.10079200 0.27231700
vt 0.75000000 0.53456600
vt 0.62500000 0.50000000
vt 0.57747900 0.75000000
vt 0.85596200 0.25000000
vt 0.68750000 0.00000000
vt 0.53477500 0.25000000
vt 0.68750000 1.00000000
vt 0.75000000 0.53456600
vt 0.57747900 0.75000000
vt 0.53477500 0.25000000
vt 0.50000000 0.50000000
vt 0.62500000 0.50000000
vt 0.53477500 0.25000000
vt 0.43750000 0.00000000
vt 0.37500000 0.25000000
vt 0.43750000 1.00000000
vt 0.57747900 0.75000000
vt 0.37500000 0.75000000
vt 0.37500000 0.75000000
vt 0.37500000 0.25000000
vt 0.31250000 0.00000000
vt 0.25000000 0.25000000
vt 0.31250000 1.00000000
vt 0.25000000 0.75000000
vt 0.25000000 0.50000000
vt 0.12500000 0.49520700
vt 0.25000000 0.75000000
vt 0.25000000 0.25000000
vt 0.18750000 0.00000000
vt 0.12500000 0.25000000
vt 0.18750000 1.00000000
vt 0.25000000 0.75000000
vt 0.12500000 0.49520700
vt 0.12500000 0.25000000
vt 0.06250000 0.00000000
vt 0.00000000 0.25000000
vt 0.06250000 1.00000000
vt 0.12500000 0.49520700
vt 0.00000000 0.57067800
vt 1.00000000 0.57067800
vt 0.87500000 0.50000000
vt 0.87500000 0.75000000
vt 1.00000000 0.25000000
vt 0.93750000 0.00000000
vt 0.85596200 0.25000000
vt 0.93750000 1.00000000
vt 1.00000000 0.57067800
vt 0.87500000 0.75000000
vt 0.87500000 0.50000000
vt 0.75000000 0.53456600
vt 0.87500000 0.75000000
vt 0.81250000 1.00000000
vt 0.87500000 0.75000000
vt 0.75000000 0.53456600
vt 0.87500000 0.50000000
vt 0.85596200 0.25000000
vt 0.75000000 0.53456600
vt 0.57747900 0.75000000
vt 0.62500000 0.50000000
vt 0.50000000 0.50000000
vt 0.75000000 0.53456600
vt 0.62500000 0.50000000
vt 0.57747900 0.75000000
vt 0.85596200 0.25000000
vt 0.68750000 0.00000000
vt 0.53477500 0.25000000
vt 0.68750000 1.00000000
vt 0.75000000 0.53456600
vt 0.57747900 0.75000000
vt 0.53477500 0.25000000
vt 0.50000000 0.50000000
vt 0.62500000 0.50000000
vt 0.53477500 0.25000000
vt 0.43750000 0.00000000
vt 0.37500000 0.25000000
vt 0.43750000 1.00000000
vt 0.57747900 0.75000000
vt 0.37500000 0.75000000
vt 0.37500000 0.25000000
vt 0.31250000 0.00000000
vt 0.25000000 0.25000000
vt 0.31250000 1.00000000
vt 0.25000000 0.75000000
vt 0.25000000 0.50000000
vt 0.12500000 0.49520700
vt 0.25000000 0.75000000
vt 0.25000000 0.25000000
vt 0.18750000 0.00000000
vt 0.12500000 0.25000000
vt 0.18750000 1.00000000
vt 0.25000000 0.75000000
vt 0.12500000 0.49520700
vt 0.12500000 0.25000000
vt 0.06250000 0.00000000
vt 0.00000000 0.25000000
vt 0.06250000 1.00000000
vt 0.12500000 0.49520700
vt 0.00000000 0.57067800
vt 1.00000000 0.57067800
vt 0.87500000 0.50000000
vt 0.87500000 0.75000000
vt 1.00000000 0.25000000
vt 0.93750000 0.00000000
vt 0.85596200 0.25000000
vt 0.93750000 1.00000000
vt 1.00000000 0.57067800
vt 0.87500000 0.75000000
vt 0.87500000 0.50000000
vt 0.75000000 0.53456600
vt 0.87500000 0.75000000
vt 0.81250000 1.00000000
vt 0.87500000 0.75000000
vt 0.75000000 0.53456600
vt 0.87500000 0.50000000
vt 0.85596200 0.25000000
vt 0.75000000 0.53456600
vt 0.57747900 0.75000000
vt 0.62500000 0.50000000
vt 0.50000000 0.50000000
vt 0.75000000 0.53456600
vt 0.62500000 0.50000000
vt 0.57747900 0.75000000
vt 0.85596200 0.25000000
vt 0.68750000 0.00000000
vt 0.53477500 0.25000000
vt 0.68750000 1.00000000
vt 0.75000000 0.53456600
vt 0.57747900 0.75000000
vt 0.53477500 0.25000000
vt 0.50000000 0.50000000
vt 0.62500000 0.50000000
vt 0.53477500 0.25000000
vt 0.43750000 0.00000000
vt 0.37500000 0.25000000
vt 0.43750000 1.00000000
vt 0.57747900 0.75000000
vt 0.37500000 0.75000000
vt 0.37500000 0.25000000
vt 0.31250000 0.00000000
vt 0.25000000 0.25000000
vt 0.31250000 1.00000000
vt 0.25000000 0.75000000
vt 0.25000000 0.50000000
vt 0.12500000 0.49520700
vt 0.25000000 0.75000000
vt 0.25000000 0.25000000
vt 0.18750000 0.00000000
vt 0.12500000 0.25000000
vt 0.18750000 1.00000000
vt 0.25000000 0.75000000
vt 0.12500000 0.49520700
vt 0.12500000 0.25000000
vt 0.06250000 0.00000000
vt 0.00000000 0.25000000
vt 0.06250000 1.00000000
vt 0.12500000 0.49520700
vt 0.00000000 0.57067800
vt 1.00000000 0.57067800
vt 0.87500000 0.50000000
vt 0.87500000 0.75000000
vt 1.00000000 0.25000000
vt 0.93750000 0.00000000
vt 0.85596200 0.25000000
vt 0.93750000 1.00000000
vt 1.00000000 0.57067800
vt 0.87500000 0.75000000
vt 0.87500000 0.50000000
vt 0.75000000 0.53456600
vt 0.87500000 0.75000000
vt 0.81250000 1.00000000
vt 0.87500000 0.75000000
vt 0.75000000 0.53456600
vt 0.87500000 0.50000000
vt 0.85596200 0.25000000
vt 0.75000000 0.53456600
vt 0.57747900 0.75000000
vt 0.62500000 0.50000000
vt 0.50000000 0.50000000
vt 0.75000000 0.50000000
vt 0.63033100 0.25000000
vt 0.62500000 0.50000000
vt 0.56250000 1.00000000
vt 0.68555700 0.75000000
vt 0.50000000 0.75000000
vt 0.63033100 0.25000000
vt 0.56250000 0.00000000
vt 0.50000000 0.25000000
vt 0.50000000 0.25000000
vt 0.43750000 0.00000000
vt 0.37500000 0.25000000
vt 0.43750000 1.00000000
vt 0.50000000 0.75000000
vt 0.35280200 0.75000000
vt 0.37500000 0.25000000
vt 0.31250000 0.00000000
vt 0.21662900 0.25000000
vt 0.25000000 0.50000000
vt 0.12500000 0.50834600
vt 0.35280200 0.75000000
vt 0.18750000 1.00000000
vt 0.35280200 0.75000000
vt 0.12500000 0.50834600
vt 0.25000000 0.50000000
vt 0.21662900 0.25000000
vt 0.12500000 0.50834600
vt 0.21662900 0.25000000
vt 0.06250000 0.00000000
vt 0.00000000 0.25000000
vt 0.06250000 1.00000000
vt 0.12500000 0.50834600
vt 0.00000000 0.49812300
vt 1.00000000 0.49812300
vt 0.87500000 0.50000000
vt 0.87500000 0.75000000
vt 1.00000000 0.25000000
vt 0.93750000 0.00000000
vt 0.87500000 0.25000000
vt 0.93750000 1.00000000
vt 1.00000000 0.49812300
vt 0.87500000 0.75000000
vt 0.87500000 0.25000000
vt 0.81250000 0.00000000
vt 0.63033100 0.25000000
vt 0.81250000 1.00000000
vt 0.87500000 0.75000000
vt 0.68555700 0.75000000
vt 0.68555700 0.75000000
vt 0.75000000 0.50000000
vt 0.62500000 0.50000000
vt 0.37500000 0.50000000
vt 0.25000000 0.50000000
vt 0.35280200 0.75000000
vt 0.75000000 0.50000000
vt 0.63033100 0.25000000
vt 0.62500000 0.50000000
vt 0.56250000 1.00000000
vt 0.68555700 0.75000000
vt 0.50000000 0.75000000
vt 0.63033100 0.25000000
vt 0.56250000 0.00000000
vt 0.50000000 0.25000000
vt 0.50000000 0.25000000
vt 0.43750000 0.00000000
vt 0.37500000 0.25000000
vt 0.43750000 1.00000000
vt 0.50000000 0.75000000
vt 0.35280200 0.75000000
vt 0.37500000 0.25000000
vt 0.31250000 0.00000000
vt 0.21662900 0.25000000
vt 0.25000000 0.50000000
vt 0.12500000 0.50834600
vt 0.35280200 0.75000000
vt 0.18750000 1.00000000
vt 0.35280200 0.75000000
vt 0.12500000 0.50834600
vt 0.25000000 0.50000000
vt 0.21662900 0.25000000
vt 0.12500000 0.50834600
vt 0.21662900 0.25000000
vt 0.06250000 0.00000000
vt 0.00000000 0.25000000
vt 0.06250000 1.00000000
vt 0.12500000 0.50834600
vt 0.00000000 0.49812300
vt 1.00000000 0.49812300
vt 0.87500000 0.50000000
vt 0.87500000 0.75000000
vt 1.00000000 0.25000000
vt 0.93750000 0.00000000
vt 0.87500000 0.25000000
vt 0.93750000 1.00000000
vt 1.00000000 0.49812300
vt 0.87500000 0.75000000
vt 0.87500000 0.25000000
vt 0.81250000 0.00000000
vt 0.63033100 0.25000000
vt 0.81250000 1.00000000
vt 0.87500000 0.75000000
vt 0.68555700 0.75000000
vt 0.68555700 0.75000000
vt 0.75000000 0.50000000
vt 0.62500000 0.50000000
vt 0.37500000 0.50000000
vt 0.25000000 0.50000000
vt 0.35280200 0.75000000
vt 0.75000000 0.50000000
vt 0.62500000 0.63957900
vt 0.75000000 0.75000000
vt 0.75000000 0.25000000
vt 0.68750000 0.00000000
vt 0.62500000 0.25000000
vt 0.68750000 1.00000000
vt 0.75000000 0.75000000
vt 0.62500000 0.63957900
vt 0.56250000 1.00000000
vt 0.62500000 0.63957900
vt 0.48513100 0.75000000
vt 0.62500000 0.63957900
vt 0.49862000 0.50000000
vt 0.48513100 0.75000000
vt 0.62500000 0.25000000
vt 0.56250000 0.00000000
vt 0.50000000 0.25000000
vt 0.50000000 0.25000000
vt 0.43750000 0.00000000
vt 0.37500000 0.25000000
vt 0.37500000 0.25000000
vt 0.31250000 0.00000000
vt 0.25000000 0.25000000
vt 0.31250000 1.00000000
vt 0.48513100 0.75000000
vt 0.25000000 0.75000000
vt 0.25000000 0.25000000
vt 0.18750000 0.00000000
vt 0.05624500 0.25000000
vt 0.18750000 1.00000000
vt 0.25000000 0.75000000
vt 0.06448800 0.75000000
vt 0.12500000 0.50000000
vt 0.05624500 0.25000000
vt 0.00000000 0.50000000
vt 1.00000000 0.50000000
vt 0.87500000 0.50211100
vt 1.00000000 0.75000000
vt 1.00000000 0.25000000
vt 0.93750000 0.00000000
vt 0.87500000 0.25000000
vt 0.93750000 1.00000000
vt 1.00000000 0.75000000
vt 0.87500000 0.50211100
vt 0.87500000 0.50211100
vt 0.75000000 0.50000000
vt 0.75000000 0.75000000
vt 0.87500000 0.25000000
vt 0.81250000 0.00000000
vt 0.75000000 0.25000000
vt 0.81250000 1.00000000
vt 0.87500000 0.50211100
vt 0.75000000 0.75000000
vt 0.49862000 0.50000000
vt 0.50000000 0.25000000
vt 0.37500000 0.25000000
vt 0.12500000 0.50000000
vt 0.00000000 0.50000000
vt 0.06448800 0.75000000
vt 0.66823500 0.25000000
vt 0.62500000 0.50000000
vt 0.75000000 0.50000000
vt 0.56250000 1.00000000
vt 0.72593500 0.75000000
vt 0.45191000 0.52597900
vt 0.62500000 0.50000000
vt 0.45191000 0.52597900
vt 0.72593500 0.75000000
vt 0.66823500 0.25000000
vt 0.56250000 0.00000000
vt 0.49431200 0.25000000
vt 0.43750000 1.00000000
vt 0.45191000 0.52597900
vt 0.37500000 0.75000000
vt 0.31250000 1.00000000
vt 0.37500000 0.75000000
vt 0.21460700 0.75000000
vt 0.23248300 0.17993200
vt 0.10079200 0.27231700
vt 0.25000000 0.50000000
vt 0.10079200 0.27231700
vt 0.00000000 0.72785500
vt 0.21460700 0.75000000
vt 0.06250000 1.00000000
vt 0.21460700 0.75000000
vt 0.00000000 0.72785500
vt 1.00000000 0.25000000
vt 0.93750000 0.00000000
vt 0.87500000 0.26965700
vt 1.00000000 0.25000000
vt 0.87500000 0.26965700
vt 0.99324400 0.72905200
vt 0.87500000 0.26965700
vt 0.81250000 0.00000000
vt 0.66823500 0.25000000
vt 0.81250000 1.00000000
vt 0.99324400 0.72905200
vt 0.72593500 0.75000000
vt 0.87500000 0.26965700
vt 0.66823500 0.25000000
vt 0.75000000 0.50000000
vt 0.75000000 0.50000000
vt 0.62500000 0.50000000
vt 0.72593500 0.75000000
vt 0.21460700 0.75000000
vt 0.25000000 0.50000000
vt 0.10079200 0.27231700
vt 0.75000000 0.50000000
vt 0.62500000 0.63957900
vt 0.75000000 0.75000000
vt 0.75000000 0.25000000
vt 0.68750000 0.00000000
vt 0.62500000 0.25000000
vt 0.68750000 1.00000000
vt 0.75000000 0.75000000
vt 0.62500000 0.63957900
vt 0.56250000 1.00000000
vt 0.62500000 0.63957900
vt 0.48513100 0.75000000
vt 0.62500000 0.63957900
vt 0.49862000 0.50000000
vt 0.48513100 0.75000000
vt 0.62500000 0.25000000
vt 0.56250000 0.00000000
vt 0.50000000 0.25000000
vt 0.50000000 0.25000000
vt 0.43750000 0.00000000
vt 0.37500000 0.25000000
vt 0.37500000 0.25000000
vt 0.31250000 0.00000000
vt 0.25000000 0.25000000
vt 0.31250000 1.00000000
vt 0.48513100 0.75000000
vt 0.25000000 0.75000000
vt 0.25000000 0.25000000
vt 0.18750000 0.00000000
vt 0.05624500 0.25000000
vt 0.18750000 1.00000000
vt 0.25000000 0.75000000
vt 0.06448800 0.75000000
vt 0.12500000 0.50000000
vt 0.05624500 0.25000000
vt 0.00000000 0.50000000
vt 1.00000000 0.50000000
vt 0.87500000 0.50211100
vt 1.00000000 0.75000000
vt 1.00000000 0.25000000
vt 0.93750000 0.00000000
vt 0.87500000 0.25000000
vt 0.93750000 1.00000000
vt 1.00000000 0.75000000
vt 0.87500000 0.50211100
vt 0.87500000 0.50211100
vt 0.75000000 0.50000000
vt 0.75000000 0.75000000
vt 0.87500000 0.25000000
vt 0.81250000 0.00000000
vt 0.75000000 0.25000000
vt 0.81250000 1.00000000
vt 0.87500000 0.50211100
vt 0.75000000 0.75000000
vt 0.49862000 0.50000000
vt 0.50000000 0.25000000
vt 0.37500000 0.25000000
vt 0.12500000 0.50000000
vt 0.00000000 0.50000000
vt 0.06448800 0.75000000
vt 0.75000000 0.50000000
vt 0.62500000 0.63957900
vt 0.75000000 0.75000000
vt 0.75000000 0.25000000
vt 0.68750000 0.00000000
vt 0.62500000 0.25000000
vt 0.68750000 1.00000000
vt 0.75000000 0.75000000
vt 0.62500000 0.63957900
vt 0.56250000 1.00000000
vt 0.62500000 0.63957900
vt 0.48513100 0.75000000
vt 0.62500000 0.63957900
vt 0.49862000 0.50000000
vt 0.48513100 0.75000000
vt 0.62500000 0.25000000
vt 0.56250000 0.00000000
vt 0.50000000 0.25000000
vt 0.50000000 0.25000000
vt 0.43750000 0.00000000
vt 0.37500000 0.25000000
vt 0.37500000 0.25000000
vt 0.31250000 0.00000000
vt 0.25000000 0.25000000
vt 0.31250000 1.00000000
vt 0.48513100 0.75000000
vt 0.25000000 0.75000000
vt 0.25000000 0.25000000
vt 0.18750000 0.00000000
vt 0.05624500 0.25000000
vt 0.18750000 1.00000000
vt 0.25000000 0.75000000
vt 0.06448800 0.75000000
vt 0.12500000 0.50000000
vt 0.05624500 0.25000000
vt 0.00000000 0.50000000
vt 1.00000000 0.50000000
vt 0.87500000 0.50211100
vt 1.00000000 0.75000000
vt 1.00000000 0.25000000
vt 0.93750000 0.00000000
vt 0.87500000 0.25000000
vt 0.93750000 1.00000000
vt 1.00000000 0.75000000
vt 0.87500000 0.50211100
vt 0.87500000 0.50211100
vt 0.75000000 0.50000000
vt 0.75000000 0.75000000
vt 0.87500000 0.25000000
vt 0.81250000 0.00000000
vt 0.75000000 0.25000000
vt 0.81250000 1.00000000
vt 0.87500000 0.50211100
vt 0.75000000 0.75000000
vt 0.49862000 0.50000000
vt 0.50000000 0.25000000
vt 0.37500000 0.25000000
vt 0.12500000 0.50000000
vt 0.00000000 0.50000000
vt 0.06448800 0.75000000
vt 0.75000000 0.53456600
vt 0.62500000 0.50000000
vt 0.57747900 0.75000000
vt 0.85596200 0.25000000
vt 0.68750000 0.00000000
vt 0.53477500 0.25000000
vt 0.68750000 1.00000000
vt 0.75000000 0.53456600
vt 0.57747900 0.75000000
vt 0.53477500 0.25000000
vt 0.50000000 0.50000000
vt 0.62500000 0.50000000
vt 0.53477500 0.25000000
vt 0.43750000 0.00000000
vt 0.37500000 0.25000000
vt 0.43750000 1.00000000
vt 0.57747900 0.75000000
vt 0.37500000 0.75000000
vt 0.37500000 0.75000000
vt 0.37500000 0.25000000
vt 0.31250000 0.00000000
vt 0.25000000 0.25000000
vt 0.31250000 1.00000000
vt 0.25000000 0.75000000
vt 0.25000000 0.50000000
vt 0.12500000 0.49520700
vt 0.25000000 0.75000000
vt 0.25000000 0.25000000
vt 0.18750000 0.00000000
vt 0.12500000 0.25000000
vt 0.18750000 1.00000000
vt 0.25000000 0.75000000
vt 0.12500000 0.49520700
vt 0.12500000 0.25000000
vt 0.06250000 0.00000000
vt 0.00000000 0.25000000
vt 0.06250000 1.00000000
vt 0.12500000 0.49520700
vt 0.00000000 0.57067800
vt 1.00000000 0.57067800
vt 0.87500000 0.50000000
vt 0.87500000 0.75000000
vt 1.00000000 0.25000000
vt 0.93750000 0.00000000
vt 0.85596200 0.25000000
vt 0.93750000 1.00000000
vt 1.00000000 0.57067800
vt 0.87500000 0.75000000
vt 0.87500000 0.50000000
vt 0.75000000 0.53456600
vt 0.87500000 0.75000000
vt 0.81250000 1.00000000
vt 0.87500000 0.75000000
vt 0.75000000 0.53456600
vt 0.87500000 0.50000000
vt 0.85596200 0.25000000
vt 0.75000000 0.53456600
vt 0.57747900 0.75000000
vt 0.62500000 0.50000000
vt 0.50000000 0.50000000
vt 0.75000000 0.50000000
vt 0.62500000 0.63957900
vt 0.75000000 0.75000000
vt 0.75000000 0.25000000
vt 0.68750000 0.00000000
vt 0.62500000 0.25000000
vt 0.68750000 1.00000000
vt 0.75000000 0.75000000
vt 0.62500000 0.63957900
vt 0.56250000 1.00000000
vt 0.62500000 0.63957900
vt 0.48513100 0.75000000
vt 0.62500000 0.63957900
vt 0.49862000 0.50000000
vt 0.48513100 0.75000000
vt 0.62500000 0.25000000
vt 0.56250000 0.00000000
vt 0.50000000 0.25000000
vt 0.50000000 0.25000000
vt 0.43750000 0.00000000
vt 0.37500000 0.25000000
vt 0.37500000 0.25000000
vt 0.31250000 0.00000000
vt 0.25000000 0.25000000
vt 0.31250000 1.00000000
vt 0.48513100 0.75000000
vt 0.25000000 0.75000000
vt 0.25000000 0.25000000
vt 0.18750000 0.00000000
vt 0.05624500 0.25000000
vt 0.18750000 1.00000000
vt 0.25000000 0.75000000
vt 0.06448800 0.75000000
vt 0.12500000 0.50000000
vt 0.05624500 0.25000000
vt 0.00000000 0.50000000
vt 1.00000000 0.50000000
vt 0.87500000 0.50211100
vt 1.00000000 0.75000000
vt 1.00000000 0.25000000
vt 0.93750000 0.00000000
vt 0.87500000 0.25000000
vt 0.93750000 1.00000000
vt 1.00000000 0.75000000
vt 0.87500000 0.50211100
vt 0.87500000 0.50211100
vt 0.75000000 0.50000000
vt 0.75000000 0.75000000
vt 0.87500000 0.25000000
vt 0.81250000 0.00000000
vt 0.75000000 0.25000000
vt 0.81250000 1.00000000
vt 0.87500000 0.50211100
vt 0.75000000 0.75000000
vt 0.49862000 0.50000000
vt 0.50000000 0.25000000
vt 0.37500000 0.25000000
vt 0.12500000 0.50000000
vt 0.00000000 0.50000000
vt 0.06448800 0.75000000
vt 0.66823500 0.25000000
vt 0.62500000 0.50000000
vt 0.75000000 0.50000000
vt 0.56250000 1.00000000
vt 0.72593500 0.75000000
vt 0.45191000 0.52597900
vt 0.62500000 0.50000000
vt 0.45191000 0.52597900
vt 0.72593500 0.75000000
vt 0.66823500 0.25000000
vt 0.56250000 0.00000000
vt 0.49431200 0.25000000
vt 0.43750000 1.00000000
vt 0.45191000 0.52597900
vt 0.37500000 0.75000000
vt 0.31250000 1.00000000
vt 0.37500000 0.75000000
vt 0.21460700 0.75000000
vt 0.23248300 0.17993200
vt 0.10079200 0.27231700
vt 0.25000000 0.50000000
vt 0.10079200 0.27231700
vt 0.00000000 0.72785500
vt 0.21460700 0.75000000
vt 0.06250000 1.00000000
vt 0.21460700 0.75000000
vt 0.00000000 0.72785500
vt 1.00000000 0.25000000
vt 0.93750000 0.00000000
vt 0.87500000 0.26965700
vt 1.00000000 0.25000000
vt 0.87500000 0.26965700
vt 0.99324400 0.72905200
vt 0.87500000 0.26965700
vt 0.81250000 0.00000000
vt 0.66823500 0.25000000
vt 0.81250000 1.00000000
vt 0.99324400 0.72905200
vt 0.72593500 0.75000000
vt 0.87500000 0.26965700
vt 0.66823500 0.25000000
vt 0.75000000 0.50000000
vt 0.75000000 0.50000000
vt 0.62500000 0.50000000
vt 0.72593500 0.75000000
vt 0.21460700 0.75000000
vt 0.25000000 0.50000000
vt 0.10079200 0.27231700
vt 0.75000000 0.53456600
vt 0.62500000 0.50000000
vt 0.57747900 0.75000000
vt 0.85596200 0.25000000
vt 0.68750000 0.00000000
vt 0.53477500 0.25000000
vt 0.68750000 1.00000000
vt 0.75000000 0.53456600
vt 0.57747900 0.75000000
vt 0.53477500 0.25000000
vt 0.50000000 0.50000000
vt 0.62500000 0.50000000
vt 0.53477500 0.25000000
vt 0.43750000 0.00000000
vt 0.37500000 0.25000000
vt 0.43750000 1.00000000
vt 0.57747900 0.75000000
vt 0.37500000 0.75000000
vt 0.37500000 0.25000000
vt 0.31250000 0.00000000
vt 0.25000000 0.25000000
vt 0.31250000 1.00000000
vt 0.25000000 0.75000000
vt 0.25000000 0.50000000
vt 0.12500000 0.49520700
vt 0.25000000 0.75000000
vt 0.25000000 0.25000000
vt 0.18750000 0.00000000
vt 0.12500000 0.25000000
vt 0.18750000 1.00000000
vt 0.25000000 0.75000000
vt 0.12500000 0.49520700
vt 0.12500000 0.25000000
vt 0.06250000 0.00000000
vt 0.00000000 0.25000000
vt 0.06250000 1.00000000
vt 0.12500000 0.49520700
vt 0.00000000 0.57067800
vt 1.00000000 0.57067800
vt 0.87500000 0.50000000
vt 0.87500000 0.75000000
vt 1.00000000 0.25000000
vt 0.93750000 0.00000000
vt 0.85596200 0.25000000
vt 0.93750000 1.00000000
vt 1.00000000 0.57067800
vt 0.87500000 0.75000000
vt 0.87500000 0.50000000
vt 0.75000000 0.53456600
vt 0.87500000 0.75000000
vt 0.81250000 1.00000000
vt 0.87500000 0.75000000
vt 0.75000000 0.53456600
vt 0.87500000 0.50000000
vt 0.85596200 0.25000000
vt 0.75000000 0.53456600
vt 0.57747900 0.75000000
vt 0.62500000 0.50000000
vt 0.50000000 0.50000000
vt 0.75000000 0.53456600
vt 0.62500000 0.50000000
vt 0.57747900 0.75000000
vt 0.85596200 0.25000000
vt 0.68750000 0.00000000
vt 0.53477500 0.25000000
vt 0.68750000 1.00000000
vt 0.75000000 0.53456600
vt 0.57747900 0.75000000
vt 0.53477500 0.25000000
vt 0.50000000 0.50000000
vt 0.62500000 0.50000000
vt 0.53477500 0.25000000
vt 0.43750000 0.00000000
vt 0.37500000 0.25000000
vt 0.43750000 1.00000000
vt 0.57747900 0.75000000
vt 0.37500000 0.75000000
vt 0.37500000 0.75000000
vt 0.37500000 0.25000000
vt 0.31250000 0.00000000
vt 0.25000000 0.25000000
vt 0.31250000 1.00000000
vt 0.25000000 0.75000000
vt 0.25000000 0.50000000
vt 0.12500000 0.49520700
vt 0.25000000 0.75000000
vt 0.25000000 0.25000000
vt 0.18750000 0.00000000
vt 0.12500000 0.25000000
vt 0.18750000 1.00000000
vt 0.25000000 0.75000000
vt 0.12500000 0.49520700
vt 0.12500000 0.25000000
vt 0.06250000 0.00000000
vt 0.00000000 0.25000000
vt 0.06250000 1.00000000
vt 0.12500000 0.49520700
vt 0.00000000 0.57067800
vt 1.00000000 0.57067800
vt 0.87500000 0.50000000
vt 0.87500000 0.75000000
vt 1.00000000 0.25000000
vt 0.93750000 0.00000000
vt 0.85596200 0.25000000
vt 0.93750000 1.00000000
vt 1.00000000 0.57067800
vt 0.87500000 0.75000000
vt 0.87500000 0.50000000
vt 0.75000000 0.53456600
vt 0.87500000 0.75000000
vt 0.81250000 1.00000000
vt 0.87500000 0.75000000
vt 0.75000000 0.53456600
vt 0.87500000 0.50000000
vt 0.85596200 0.25000000
vt 0.75000000 0.53456600
vt 0.57747900 0.75000000
vt 0.62500000 0.50000000
vt 0.50000000 0.50000000
vt 0.75000000 0.50000000
vt 0.63033100 0.25000000
vt 0.62500000 0.50000000
vt 0.56250000 1.00000000
vt 0.68555700 0.75000000
vt 0.50000000 0.75000000
vt 0.63033100 0.25000000
vt 0.56250000 0.00000000
vt 0.50000000 0.25000000
vt 0.50000000 0.25000000
vt 0.43750000 0.00000000
vt 0.37500000 0.25000000
vt 0.43750000 1.00000000
vt 0.50000000 0.75000000
vt 0.35280200 0.75000000
vt 0.37500000 0.25000000
vt 0.31250000 0.00000000
vt 0.21662900 0.25000000
vt 0.25000000 0.50000000
vt 0.12500000 0.50834600
vt 0.35280200 0.75000000
vt 0.18750000 1.00000000
vt 0.35280200 0.75000000
vt 0.12500000 0.50834600
vt 0.25000000 0.50000000
vt 0.21662900 0.25000000
vt 0.12500000 0.50834600
vt 0.21662900 0.25000000
vt 0.06250000 0.00000000
vt 0.00000000 0.25000000
vt 0.06250000 1.00000000
vt 0.12500000 0.50834600
vt 0.00000000 0.49812300
vt 1.00000000 0.49812300
vt 0.87500000 0.50000000
vt 0.87500000 0.75000000
vt 1.00000000 0.25000000
vt 0.93750000 0.00000000
vt 0.87500000 0.25000000
vt 0.93750000 1.00000000
vt 1.00000000 0.49812300
vt 0.87500000 0.75000000
vt 0.87500000 0.25000000
vt 0.81250000 0.00000000
vt 0.63033100 0.25000000
vt 0.81250000 1.00000000
vt 0.87500000 0.75000000
vt 0.68555700 0.75000000
vt 0.68555700 0.75000000
vt 0.75000000 0.50000000
vt 0.62500000 0.50000000
vt 0.37500000 0.50000000
vt 0.25000000 0.50000000
vt 0.35280200 0.75000000
vt 0.75000000 0.53456600
vt 0.62500000 0.50000000
vt 0.57747900 0.75000000
vt 0.85596200 0.25000000
vt 0.68750000 0.00000000
vt 0.53477500 0.25000000
vt 0.68750000 1.00000000
vt 0.75000000 0.53456600
vt 0.57747900 0.75000000
vt 0.53477500 0.25000000
vt 0.50000000 0.50000000
vt 0.62500000 0.50000000
vt 0.53477500 0.25000000
vt 0.43750000 0.00000000
vt 0.37500000 0.25000000
vt 0.43750000 1.00000000
vt 0.57747900 0.75000000
vt 0.37500000 0.75000000
vt 0.37500000 0.75000000
vt 0.37500000 0.25000000
vt 0.31250000 0.00000000
vt 0.25000000 0.25000000
vt 0.31250000 1.00000000
vt 0.25000000 0.75000000
vt 0.25000000 0.50000000
vt 0.12500000 0.49520700
vt 0.25000000 0.75000000
vt 0.25000000 0.25000000
vt 0.18750000 0.00000000
vt 0.12500000 0.25000000
vt 0.18750000 1.00000000
vt 0.25000000 0.75000000
vt 0.12500000 0.49520700
vt 0.12500000 0.25000000
vt 0.06250000 0.00000000
vt 0.00000000 0.25000000
vt 0.06250000 1.00000000
vt 0.12500000 0.49520700
vt 0.00000000 0.57067800
vt 1.00000000 0.57067800
vt 0.87500000 0.50000000
vt 0.87500000 0.75000000
vt 1.00000000 0.25000000
vt 0.93750000 0.00000000
vt 0.85596200 0.25000000
vt 0.93750000 1.00000000
vt 1.00000000 0.57067800
vt 0.87500000 0.75000000
vt 0.87500000 0.50000000
vt 0.75000000 0.53456600
vt 0.87500000 0.75000000
vt 0.81250000 1.00000000
vt 0.87500000 0.75000000
vt 0.75000000 0.53456600
vt 0.87500000 0.50000000
vt 0.85596200 0.25000000
vt 0.75000000 0.53456600
vt 0.57747900 0.75000000
vt 0.62500000 0.50000000
vt 0.50000000 0.50000000
vt 0.75000000 0.50000000
vt 0.63033100 0.25000000
vt 0.62500000 0.50000000
vt 0.56250000 1.00000000
vt 0.68555700 0.75000000
vt 0.50000000 0.75000000
vt 0.63033100 0.25000000
vt 0.56250000 0.00000000
vt 0.50000000 0.25000000
vt 0.50000000 0.25000000
vt 0.43750000 0.00000000
vt 0.37500000 0.25000000
vt 0.43750000 1.00000000
vt 0.50000000 0.75000000
vt 0.35280200 0.75000000
vt 0.37500000 0.25000000
vt 0.31250000 0.00000000
vt 0.21662900 0.25000000
vt 0.25000000 0.50000000
vt 0.12500000 0.50834600
vt 0.35280200 0.75000000
vt 0.18750000 1.00000000
vt 0.35280200 0.75000000
vt 0.12500000 0.50834600
vt 0.25000000 0.50000000
vt 0.21662900 0.25000000
vt 0.12500000 0.50834600
vt 0.21662900 0.25000000
vt 0.06250000 0.00000000
vt 0.00000000 0.25000000
vt 0.06250000 1.00000000
vt 0.12500000 0.50834600
vt 0.00000000 0.49812300
vt 1.00000000 0.49812300
vt 0.87500000 0.50000000
vt 0.87500000 0.75000000
vt 1.00000000 0.25000000
vt 0.93750000 0.00000000
vt 0.87500000 0.25000000
vt 0.93750000 1.00000000
vt 1.00000000 0.49812300
vt 0.87500000 0.75000000
vt 0.87500000 0.25000000
vt 0.81250000 0.00000000
vt 0.63033100 0.25000000
vt 0.81250000 1.00000000
vt 0.87500000 0.75000000
vt 0.68555700 0.75000000
vt 0.68555700 0.75000000
vt 0.75000000 0.50000000
vt 0.62500000 0.50000000
vt 0.37500000 0.50000000
vt 0.25000000 0.50000000
vt 0.35280200 0.75000000
vt 0.66823500 0.25000000
vt 0.62500000 0.50000000
vt 0.75000000 0.50000000
vt 0.56250000 1.00000000
vt 0.72593500 0.75000000
vt 0.45191000 0.52597900
vt 0.62500000 0.50000000
vt 0.45191000 0.52597900
vt 0.72593500 0.75000000
vt 0.66823500 0.25000000
vt 0.56250000 0.00000000
vt 0.49431200 0.25000000
vt 0.43750000 1.00000000
vt 0.45191000 0.52597900
vt 0.37500000 0.75000000
vt 0.31250000 1.00000000
vt 0.37500000 0.75000000
vt 0.21460700 0.75000000
vt 0.23248300 0.17993200
vt 0.10079200 0.27231700
vt 0.25000000 0.50000000
vt 0.10079200 0.27231700
vt 0.00000000 0.72785500
vt 0.21460700 0.75000000
vt 0.06250000 1.00000000
vt 0.21460700 0.75000000
vt 0.00000000 0.72785500
vt 1.00000000 0.25000000
vt 0.93750000 0.00000000
vt 0.87500000 0.26965700
vt 1.00000000 0.25000000
vt 0.87500000 0.26965700
vt 0.99324400 0.72905200
vt 0.87500000 0.26965700
vt 0.81250000 0.00000000
vt 0.66823500 0.25000000
vt 0.81250000 1.00000000
vt 0.99324400 0.72905200
vt 0.72593500 0.75000000
vt 0.87500000 0.26965700
vt 0.66823500 0.25000000
vt 0.75000000 0.50000000
vt 0.75000000 0.50000000
vt 0.62500000 0.50000000
vt 0.72593500 0.75000000
vt 0.21460700 0.75000000
vt 0.25000000 0.50000000
vt 0.10079200 0.27231700
vt 0.75000000 0.50000000
vt 0.63033100 0.25000000
vt 0.62500000 0.50000000
vt 0.56250000 1.00000000
vt 0.68555700 0.75000000
vt 0.50000000 0.75000000
vt 0.63033100 0.25000000
vt 0.56250000 0.00000000
vt 0.50000000 0.25000000
vt 0.50000000 0.25000000
vt 0.43750000 0.00000000
vt 0.37500000 0.25000000
vt 0.43750000 1.00000000
vt 0.50000000 0.75000000
vt 0.35280200 0.75000000
vt 0.37500000 0.25000000
vt 0.31250000 0.00000000
vt 0.21662900 0.25000000
vt 0.25000000 0.50000000
vt 0.12500000 0.50834600
vt 0.35280200 0.75000000
vt 0.18750000 1.00000000
vt 0.35280200 0.75000000
vt 0.12500000 0.50834600
vt 0.25000000 0.50000000
vt 0.21662900 0.25000000
vt 0.12500000 0.50834600
vt 0.21662900 0.25000000
vt 0.06250000 0.00000000
vt 0.00000000 0.25000000
vt 0.06250000 1.00000000
vt 0.12500000 0.50834600
vt 0.00000000 0.49812300
vt 1.00000000 0.49812300
vt 0.87500000 0.50000000
vt 0.87500000 0.75000000
vt 1.00000000 0.25000000
vt 0.93750000 0.00000000
vt 0.87500000 0.25000000
vt 0.93750000 1.00000000
vt 1.00000000 0.49812300
vt 0.87500000 0.75000000
vt 0.87500000 0.25000000
vt 0.81250000 0.00000000
vt 0.63033100 0.25000000
vt 0.81250000 1.00000000
vt 0.87500000 0.75000000
vt 0.68555700 0.75000000
vt 0.68555700 0.75000000
vt 0.75000000 0.50000000
vt 0.62500000 0.50000000
vt 0.37500000 0.50000000
vt 0.25000000 0.50000000
vt 0.35280200 0.75000000
vt 0.75000000 0.50000000
vt 0.63033100 0.25000000
vt 0.62500000 0.50000000
vt 0.56250000 1.00000000
vt 0.68555700 0.75000000
vt 0.50000000 0.75000000
vt 0.63033100 0.25000000
vt 0.56250000 0.00000000
vt 0.50000000 0.25000000
vt 0.50000000 0.25000000
vt 0.43750000 0.00000000
vt 0.37500000 0.25000000
vt 0.43750000 1.00000000
vt 0.50000000 0.75000000
vt 0.35280200 0.75000000
vt 0.37500000 0.25000000
vt 0.31250000 0.00000000
vt 0.21662900 0.25000000
vt 0.25000000 0.50000000
vt 0.12500000 0.50834600
vt 0.35280200 0.75000000
vt 0.18750000 1.00000000
vt 0.35280200 0.75000000
vt 0.12500000 0.50834600
vt 0.25000000 0.50000000
vt 0.21662900 0.25000000
vt 0.12500000 0.50834600
vt 0.21662900 0.25000000
vt 0.06250000 0.00000000
vt 0.00000000 0.25000000
vt 0.06250000 1.00000000
vt 0.12500000 0.50834600
vt 0.00000000 0.49812300
vt 1.00000000 0.49812300
vt 0.87500000 0.50000000
vt 0.87500000 0.75000000
vt 1.00000000 0.25000000
vt 0.93750000 0.00000000
vt 0.87500000 0.25000000
vt 0.93750000 1.00000000
vt 1.00000000 0.49812300
vt 0.87500000 0.75000000
vt 0.87500000 0.25000000
vt 0.81250000 0.00000000
vt 0.63033100 0.25000000
vt 0.81250000 1.00000000
vt 0.87500000 0.75000000
vt 0.68555700 0.75000000
vt 0.68555700 0.75000000
vt 0.75000000 0.50000000
vt 0.62500000 0.50000000
vt 0.37500000 0.50000000
vt 0.25000000 0.50000000
vt 0.35280200 0.75000000
vt 0.75000000 0.50000000
vt 0.62500000 0.63957900
vt 0.75000000 0.75000000
vt 0.75000000 0.25000000
vt 0.68750000 0.00000000
vt 0.62500000 0.25000000
vt 0.68750000 1.00000000
vt 0.75000000 0.75000000
vt 0.62500000 0.63957900
vt 0.56250000 1.00000000
vt 0.62500000 0.63957900
vt 0.48513100 0.75000000
vt 0.62500000 0.63957900
vt 0.49862000 0.50000000
vt 0.48513100 0.75000000
vt 0.62500000 0.25000000
vt 0.56250000 0.00000000
vt 0.50000000 0.25000000
vt 0.50000000 0.25000000
vt 0.43750000 0.00000000
vt 0.37500000 0.25000000
vt 0.37500000 0.25000000
vt 0.31250000 0.00000000
vt 0.25000000 0.25000000
vt 0.31250000 1.00000000
vt 0.48513100 0.75000000
vt 0.25000000 0.75000000
vt 0.25000000 0.25000000
vt 0.18750000 0.00000000
vt 0.05624500 0.25000000
vt 0.18750000 1.00000000
vt 0.25000000 0.75000000
vt 0.06448800 0.75000000
vt 0.12500000 0.50000000
vt 0.05624500 0.25000000
vt 0.00000000 0.50000000
vt 1.00000000 0.50000000
vt 0.87500000 0.50211100
vt 1.00000000 0.75000000
vt 1.00000000 0.25000000
vt 0.93750000 0.00000000
vt 0.87500000 0.25000000
vt 0.93750000 1.00000000
vt 1.00000000 0.75000000
vt 0.87500000 0.50211100
vt 0.87500000 0.50211100
vt 0.75000000 0.50000000
vt 0.75000000 0.75000000
vt 0.87500000 0.25000000
vt 0.81250000 0.00000000
vt 0.75000000 0.25000000
vt 0.81250000 1.00000000
vt 0.87500000 0.50211100
vt 0.75000000 0.75000000
vt 0.49862000 0.50000000
vt 0.50000000 0.25000000
vt 0.37500000 0.25000000
vt 0.12500000 0.50000000
vt 0.00000000 0.50000000
vt 0.06448800 0.75000000
vt 0.75000000 0.53456600
vt 0.62500000 0.50000000
vt 0.57747900 0.75000000
vt 0.85596200 0.25000000
vt 0.68750000 0.00000000
vt 0.53477500 0.25000000
vt 0.68750000 1.00000000
vt 0.75000000 0.53456600
vt 0.57747900 0.75000000
vt 0.53477500 0.25000000
vt 0.50000000 0.50000000
vt 0.62500000 0.50000000
vt 0.53477500 0.25000000
vt 0.43750000 0.00000000
vt 0.37500000 0.25000000
vt 0.43750000 1.00000000
vt 0.57747900 0.75000000
vt 0.37500000 0.75000000
vt 0.37500000 0.25000000
vt 0.31250000 0.00000000
vt 0.25000000 0.25000000
vt 0.31250000 1.00000000
vt 0.25000000 0.75000000
vt 0.25000000 0.50000000
vt 0.12500000 0.49520700
vt 0.25000000 0.75000000
vt 0.25000000 0.25000000
vt 0.18750000 0.00000000
vt 0.12500000 0.25000000
vt 0.18750000 1.00000000
vt 0.25000000 0.75000000
vt 0.12500000 0.49520700
vt 0.12500000 0.25000000
vt 0.06250000 0.00000000
vt 0.00000000 0.25000000
vt 0.06250000 1.00000000
vt 0.12500000 0.49520700
vt 0.00000000 0.57067800
vt 1.00000000 0.57067800
vt 0.87500000 0.50000000
vt 0.87500000 0.75000000
vt 1.00000000 0.25000000
vt 0.93750000 0.00000000
vt 0.85596200 0.25000000
vt 0.93750000 1.00000000
vt 1.00000000 0.57067800
vt 0.87500000 0.75000000
vt 0.87500000 0.50000000
vt 0.75000000 0.53456600
vt 0.87500000 0.75000000
vt 0.81250000 1.00000000
vt 0.87500000 0.75000000
vt 0.75000000 0.53456600
vt 0.87500000 0.50000000
vt 0.85596200 0.25000000
vt 0.75000000 0.53456600
vt 0.57747900 0.75000000
vt 0.62500000 0.50000000
vt 0.50000000 0.50000000
vt 0.75000000 0.53456600
vt 0.62500000 0.50000000
vt 0.57747900 0.75000000
vt 0.85596200 0.25000000
vt 0.68750000 0.00000000
vt 0.53477500 0.25000000
vt 0.68750000 1.00000000
vt 0.75000000 0.53456600
vt 0.57747900 0.75000000
vt 0.53477500 0.25000000
vt 0.50000000 0.50000000
vt 0.62500000 0.50000000
vt 0.53477500 0.25000000
vt 0.43750000 0.00000000
vt 0.37500000 0.25000000
vt 0.43750000 1.00000000
vt 0.57747900 0.75000000
vt 0.37500000 0.75000000
vt 0.37500000 0.75000000
vt 0.37500000 0.25000000
vt 0.31250000 0.00000000
vt 0.25000000 0.25000000
vt 0.31250000 1.00000000
vt 0.25000000 0.75000000
vt 0.25000000 0.50000000
vt 0.12500000 0.49520700
vt 0.25000000 0.75000000
vt 0.25000000 0.25000000
vt 0.18750000 0.00000000
vt 0.12500000 0.25000000
vt 0.18750000 1.00000000
vt 0.25000000 0.75000000
vt 0.12500000 0.49520700
vt 0.12500000 0.25000000
vt 0.06250000 0.00000000
vt 0.00000000 0.25000000
vt 0.06250000 1.00000000
vt 0.12500000 0.49520700
vt 0.00000000 0.57067800
vt 1.00000000 0.57067800
vt 0.87500000 0.50000000
vt 0.87500000 0.75000000
vt 1.00000000 0.25000000
vt 0.93750000 0.00000000
vt 0.85596200 0.25000000
vt 0.93750000 1.00000000
vt 1.00000000 0.57067800
vt 0.87500000 0.75000000
vt 0.87500000 0.50000000
vt 0.75000000 0.53456600
vt 0.87500000 0.75000000
vt 0.81250000 1.00000000
vt 0.87500000 0.75000000
vt 0.75000000 0.53456600
vt 0.87500000 0.50000000
vt 0.85596200 0.25000000
vt 0.75000000 0.53456600
vt 0.57747900 0.75000000
vt 0.62500000 0.50000000
vt 0.50000000 0.50000000
vt 0.75000000 0.53456600
vt 0.62500000 0.50000000
vt 0.57747900 0.75000000
vt 0.85596200 0.25000000
vt 0.68750000 0.00000000
vt 0.53477500 0.25000000
vt 0.68750000 1.00000000
vt 0.75000000 0.53456600
vt 0.57747900 0.75000000
vt 0.53477500 0.25000000
vt 0.50000000 0.50000000
vt 0.62500000 0.50000000
vt 0.53477500 0.25000000
vt 0.43750000 0.00000000
vt 0.37500000 0.25000000
vt 0.43750000 1.00000000
vt 0.57747900 0.75000000
vt 0.37500000 0.75000000
vt 0.37500000 0.75000000
vt 0.37500000 0.25000000
vt 0.31250000 0.00000000
vt 0.25000000 0.25000000
vt 0.31250000 1.00000000
vt 0.25000000 0.75000000
vt 0.25000000 0.50000000
vt 0.12500000 0.49520700
vt 0.25000000 0.75000000
vt 0.25000000 0.25000000
vt 0.18750000 0.00000000
vt 0.12500000 0.25000000
vt 0.18750000 1.00000000
vt 0.25000000 0.75000000
vt 0.12500000 0.49520700
vt 0.12500000 0.25000000
vt 0.06250000 0.00000000
vt 0.00000000 0.25000000
vt 0.06250000 1.00000000
vt 0.12500000 0.49520700
vt 0.00000000 0.57067800
vt 1.00000000 0.57067800
vt 0.87500000 0.50000000
vt 0.87500000 0.75000000
vt 1.00000000 0.25000000
vt 0.93750000 0.00000000
vt 0.85596200 0.25000000
vt 0.93750000 1.00000000
vt 1.00000000 0.57067800
vt 0.87500000 0.75000000
vt 0.87500000 0.50000000
vt 0.75000000 0.53456600
vt 0.87500000 0.75000000
vt 0.81250000 1.00000000
vt 0.87500000 0.75000000
vt 0.75000000 0.53456600
vt 0.87500000 0.50000000
vt 0.85596200 0.25000000
vt 0.75000000 0.53456600
vt 0.57747900 0.75000000
vt 0.62500000 0.50000000
vt 0.50000000 0.50000000
vt 0.66823500 0.25000000
vt 0.62500000 0.50000000
vt 0.75000000 0.50000000
vt 0.56250000 1.00000000
vt 0.72593500 0.75000000
vt 0.45191000 0.52597900
vt 0.62500000 0.50000000
vt 0.45191000 0.52597900
vt 0.72593500 0.75000000
vt 0.66823500 0.25000000
vt 0.56250000 0.00000000
vt 0.49431200 0.25000000
vt 0.43750000 1.00000000
vt 0.45191000 0.52597900
vt 0.37500000 0.75000000
vt 0.31250000 1.00000000
vt 0.37500000 0.75000000
vt 0.21460700 0.75000000
vt 0.23248300 0.17993200
vt 0.10079200 0.27231700
vt 0.25000000 0.50000000
vt 0.10079200 0.27231700
vt 0.00000000 0.72785500
vt 0.21460700 0.75000000
vt 0.06250000 1.00000000
vt 0.21460700 0.75000000
vt 0.00000000 0.72785500
vt 1.00000000 0.25000000
vt 0.93750000 0.00000000
vt 0.87500000 0.26965700
vt 1.00000000 0.25000000
vt 0.87500000 0.26965700
vt 0.99324400 0.72905200
vt 0.87500000 0.26965700
vt 0.81250000 0.00000000
vt 0.66823500 0.25000000
vt 0.81250000 1.00000000
vt 0.99324400 0.72905200
vt 0.72593500 0.75000000
vt 0.87500000 0.26965700
vt 0.66823500 0.25000000
vt 0.75000000 0.50000000
vt 0.75000000 0.50000000
vt 0.62500000 0.50000000
vt 0.72593500 0.75000000
vt 0.21460700 0.75000000
vt 0.25000000 0.50000000
vt 0.10079200 0.27231700
vt 0.66823500 0.25000000
vt 0.62500000 0.50000000
vt 0.75000000 0.50000000
vt 0.56250000 1.00000000
vt 0.72593500 0.75000000
vt 0.45191000 0.52597900
vt 0.62500000 0.50000000
vt 0.45191000 0.52597900
vt 0.72593500 0.75000000
vt 0.66823500 0.25000000
vt 0.56250000 0.00000000
vt 0.49431200 0.25000000
vt 0.43750000 1.00000000
vt 0.45191000 0.52597900
vt 0.37500000 0.75000000
vt 0.31250000 1.00000000
vt 0.37500000 0.75000000
vt 0.21460700 0.75000000
vt 0.23248300 0.17993200
vt 0.10079200 0.27231700
vt 0.25000000 0.50000000
vt 0.10079200 0.27231700
vt 0.00000000 0.72785500
vt 0.21460700 0.75000000
vt 0.06250000 1.00000000
vt 0.21460700 0.75000000
vt 0.00000000 0.72785500
vt 1.00000000 0.25000000
vt 0.93750000 0.00000000
vt 0.87500000 0.26965700
vt 1.00000000 0.25000000
vt 0.87500000 0.26965700
vt 0.99324400 0.72905200
vt 0.87500000 0.26965700
vt 0.81250000 0.00000000
vt 0.66823500 0.25000000
vt 0.81250000 1.00000000
vt 0.99324400 0.72905200
vt 0.72593500 0.75000000
vt 0.87500000 0.26965700
vt 0.66823500 0.25000000
vt 0.75000000 0.50000000
vt 0.75000000 0.50000000
vt 0.62500000 0.50000000
vt 0.72593500 0.75000000
vt 0.21460700 0.75000000
vt 0.25000000 0.50000000
vt 0.10079200 0.27231700
vt 0.66823500 0.25000000
vt 0.62500000 0.50000000
vt 0.75000000 0.50000000
vt 0.56250000 1.00000000
vt 0.72593500 0.75000000
vt 0.45191000 0.52597900
vt 0.62500000 0.50000000
vt 0.45191000 0.52597900
vt 0.72593500 0.75000000
vt 0.66823500 0.25000000
vt 0.56250000 0.00000000
vt 0.49431200 0.25000000
vt 0.43750000 1.00000000
vt 0.45191000 0.52597900
vt 0.37500000 0.75000000
vt 0.31250000 1.00000000
vt 0.37500000 0.75000000
vt 0.21460700 0.75000000
vt 0.23248300 0.17993200
vt 0.10079200 0.27231700
vt 0.25000000 0.50000000
vt 0.10079200 0.27231700
vt 0.00000000 0.72785500
vt 0.21460700 0.75000000
vt 0.06250000 1.00000000
vt 0.21460700 0.75000000
vt 0.00000000 0.72785500
vt 1.00000000 0.25000000
vt 0.93750000 0.00000000
vt 0.87500000 0.26965700
vt 1.00000000 0.25000000
vt 0.87500000 0.26965700
vt 0.99324400 0.72905200
vt 0.87500000 0.26965700
vt 0.81250000 0.00000000
vt 0.66823500 0.25000000
vt 0.81250000 1.00000000
vt 0.99324400 0.72905200
vt 0.72593500 0.75000000
vt 0.87500000 0.26965700
vt 0.66823500 0.25000000
vt 0.75000000 0.50000000
vt 0.75000000 0.50000000
vt 0.62500000 0.50000000
vt 0.72593500 0.75000000
vt 0.21460700 0.75000000
vt 0.25000000 0.50000000
vt 0.10079200 0.27231700
vt 0.75000000 0.50000000
vt 0.63033100 0.25000000
vt 0.62500000 0.50000000
vt 0.56250000 1.00000000
vt 0.68555700 0.75000000
vt 0.50000000 0.75000000
vt 0.63033100 0.25000000
vt 0.56250000 0.00000000
vt 0.50000000 0.25000000
vt 0.50000000 0.25000000
vt 0.43750000 0.00000000
vt 0.37500000 0.25000000
vt 0.43750000 1.00000000
vt 0.50000000 0.75000000
vt 0.35280200 0.75000000
vt 0.37500000 0.25000000
vt 0.31250000 0.00000000
vt 0.21662900 0.25000000
vt 0.25000000 0.50000000
vt 0.12500000 0.50834600
vt 0.35280200 0.75000000
vt 0.18750000 1.00000000
vt 0.35280200 0.75000000
vt 0.12500000 0.50834600
vt 0.25000000 0.50000000
vt 0.21662900 0.25000000
vt 0.12500000 0.50834600
vt 0.21662900 0.25000000
vt 0.06250000 0.00000000
vt 0.00000000 0.25000000
vt 0.06250000 1.00000000
vt 0.12500000 0.50834600
vt 0.00000000 0.49812300
vt 1.00000000 0.49812300
vt 0.87500000 0.50000000
vt 0.87500000 0.75000000
vt 1.00000000 0.25000000
vt 0.93750000 0.00000000
vt 0.87500000 0.25000000
vt 0.93750000 1.00000000
vt 1.00000000 0.49812300
vt 0.87500000 0.75000000
vt 0.87500000 0.25000000
vt 0.81250000 0.00000000
vt 0.63033100 0.25000000
vt 0.81250000 1.00000000
vt 0.87500000 0.75000000
vt 0.68555700 0.75000000
vt 0.68555700 0.75000000
vt 0.75000000 0.50000000
vt 0.62500000 0.50000000
vt 0.37500000 0.50000000
vt 0.25000000 0.50000000
vt 0.35280200 0.75000000
vt 0.66823500 0.25000000
vt 0.62500000 0.50000000
vt 0.75000000 0.50000000
vt 0.56250000 1.00000000
vt 0.72593500 0.75000000
vt 0.45191000 0.52597900
vt 0.62500000 0.50000000
vt 0.45191000 0.52597900
vt 0.72593500 0.75000000
vt 0.66823500 0.25000000
vt 0.56250000 0.00000000
vt 0.49431200 0.25000000
vt 0.43750000 1.00000000
vt 0.45191000 0.52597900
vt 0.37500000 0.75000000
vt 0.31250000 1.00000000
vt 0.37500000 0.75000000
vt 0.21460700 0.75000000
vt 0.23248300 0.17993200
vt 0.10079200 0.27231700
vt 0.25000000 0.50000000
vt 0.10079200 0.27231700
vt 0.00000000 0.72785500
vt 0.21460700 0.75000000
vt 0.06250000 1.00000000
vt 0.21460700 0.75000000
vt 0.00000000 0.72785500
vt 1.00000000 0.25000000
vt 0.93750000 0.00000000
vt 0.87500000 0.26965700
vt 1.00000000 0.25000000
vt 0.87500000 0.26965700
vt 0.99324400 0.72905200
vt 0.87500000 0.26965700
vt 0.81250000 0.00000000
vt 0.66823500 0.25000000
vt 0.81250000 1.00000000
vt 0.99324400 0.72905200
vt 0.72593500 0.75000000
vt 0.87500000 0.26965700
vt 0.66823500 0.25000000
vt 0.75000000 0.50000000
vt 0.75000000 0.50000000
vt 0.62500000 0.50000000
vt 0.72593500 0.75000000
vt 0.21460700 0.75000000
vt 0.25000000 0.50000000
vt 0.10079200 0.27231700
vt 0.75000000 0.50000000
vt 0.63033100 0.25000000
vt 0.62500000 0.50000000
vt 0.56250000 1.00000000
vt 0.68555700 0.75000000
vt 0.50000000 0.75000000
vt 0.63033100 0.25000000
vt 0.56250000 0.00000000
vt 0.50000000 0.25000000
vt 0.50000000 0.25000000
vt 0.43750000 0.00000000
vt 0.37500000 0.25000000
vt 0.43750000 1.00000000
vt 0.50000000 0.75000000
vt 0.35280200 0.75000000
vt 0.37500000 0.25000000
vt 0.31250000 0.00000000
vt 0.21662900 0.25000000
vt 0.25000000 0.50000000
vt 0.12500000 0.50834600
vt 0.35280200 0.75000000
vt 0.18750000 1.00000000
vt 0.35280200 0.75000000
vt 0.12500000 0.50834600
vt 0.25000000 0.50000000
vt 0.21662900 0.25000000
vt 0.12500000 0.50834600
vt 0.21662900 0.25000000
vt 0.06250000 0.00000000
vt 0.00000000 0.25000000
vt 0.06250000 1.00000000
vt 0.12500000 0.50834600
vt 0.00000000 0.49812300
vt 1.00000000 0.49812300
vt 0.87500000 0.50000000
vt 0.87500000 0.75000000
vt 1.00000000 0.25000000
vt 0.93750000 0.00000000
vt 0.87500000 0.25000000
vt 0.93750000 1.00000000
vt 1.00000000 0.49812300
vt 0.87500000 0.75000000
vt 0.87500000 0.25000000
vt 0.81250000 0.00000000
vt 0.63033100 0.25000000
vt 0.81250000 1.00000000
vt 0.87500000 0.75000000
vt 0.68555700 0.75000000
vt 0.68555700 0.75000000
vt 0.75000000 0.50000000
vt 0.62500000 0.50000000
vt 0.37500000 0.50000000
vt 0.25000000 0.50000000
vt 0.35280200 0.75000000
vt 0.75000000 0.50000000
vt 0.62500000 0.63957900
vt 0.75000000 0.75000000
vt 0.75000000 0.25000000
vt 0.68750000 0.00000000
vt 0.62500000 0.25000000
vt 0.68750000 1.00000000
vt 0.75000000 0.75000000
vt 0.62500000 0.63957900
vt 0.56250000 1.00000000
vt 0.62500000 0.63957900
vt 0.48513100 0.75000000
vt 0.62500000 0.63957900
vt 0.49862000 0.50000000
vt 0.48513100 0.75000000
vt 0.62500000 0.25000000
vt 0.56250000 0.00000000
vt 0.50000000 0.25000000
vt 0.50000000 0.25000000
vt 0.43750000 0.00000000
vt 0.37500000 0.25000000
vt 0.37500000 0.25000000
vt 0.31250000 0.00000000
vt 0.25000000 0.25000000
vt 0.31250000 1.00000000
vt 0.48513100 0.75000000
vt 0.25000000 0.75000000
vt 0.25000000 0.25000000
vt 0.18750000 0.00000000
vt 0.05624500 0.25000000
vt 0.18750000 1.00000000
vt 0.25000000 0.75000000
vt 0.06448800 0.75000000
vt 0.12500000 0.50000000
vt 0.05624500 0.25000000
vt 0.00000000 0.50000000
vt 1.00000000 0.50000000
vt 0.87500000 0.50211100
vt 1.00000000 0.75000000
vt 1.00000000 0.25000000
vt 0.93750000 0.00000000
vt 0.87500000 0.25000000
vt 0.93750000 1.00000000
vt 1.00000000 0.75000000
vt 0.87500000 0.50211100
vt 0.87500000 0.50211100
vt 0.75000000 0.50000000
vt 0.75000000 0.75000000
vt 0.87500000 0.25000000
vt 0.81250000 0.00000000
vt 0.75000000 0.25000000
vt 0.81250000 1.00000000
vt 0.87500000 0.50211100
vt 0.75000000 0.75000000
vt 0.49862000 0.50000000
vt 0.50000000 0.25000000
vt 0.37500000 0.25000000
vt 0.12500000 0.50000000
vt 0.00000000 0.50000000
vt 0.06448800 0.75000000
vt 0.66823500 0.25000000
vt 0.62500000 0.50000000
vt 0.75000000 0.50000000
vt 0.56250000 1.00000000
vt 0.72593500 0.75000000
vt 0.45191000 0.52597900
vt 0.62500000 0.50000000
vt 0.45191000 0.52597900
vt 0.72593500 0.75000000
vt 0.66823500 0.25000000
vt 0.56250000 0.00000000
vt 0.49431200 0.25000000
vt 0.43750000 1.00000000
vt 0.45191000 0.52597900
vt 0.37500000 0.75000000
vt 0.31250000 1.00000000
vt 0.37500000 0.75000000
vt 0.21460700 0.75000000
vt 0.23248300 0.17993200
vt 0.10079200 0.27231700
vt 0.25000000 0.50000000
vt 0.10079200 0.27231700
vt 0.00000000 0.72785500
vt 0.21460700 0.75000000
vt 0.06250000 1.00000000
vt 0.21460700 0.75000000
vt 0.00000000 0.72785500
vt 1.00000000 0.25000000
vt 0.93750000 0.00000000
vt 0.87500000 0.26965700
vt 1.00000000 0.25000000
vt 0.87500000 0.26965700
vt 0.99324400 0.72905200
vt 0.87500000 0.26965700
vt 0.81250000 0.00000000
vt 0.66823500 0.25000000
vt 0.81250000 1.00000000
vt 0.99324400 0.72905200
vt 0.72593500 0.75000000
vt 0.87500000 0.26965700
vt 0.66823500 0.25000000
vt 0.75000000 0.50000000
vt 0.75000000 0.50000000
vt 0.62500000 0.50000000
vt 0.72593500 0.75000000
vt 0.21460700 0.75000000
vt 0.25000000 0.50000000
vt 0.10079200 0.27231700
vt 0.66823500 0.25000000
vt 0.62500000 0.50000000
vt 0.75000000 0.50000000
vt 0.56250000 1.00000000
vt 0.72593500 0.75000000
vt 0.45191000 0.52597900
vt 0.62500000 0.50000000
vt 0.45191000 0.52597900
vt 0.72593500 0.75000000
vt 0.66823500 0.25000000
vt 0.56250000 0.00000000
vt 0.49431200 0.25000000
vt 0.43750000 1.00000000
vt 0.45191000 0.52597900
vt 0.37500000 0.75000000
vt 0.31250000 1.00000000
vt 0.37500000 0.75000000
vt 0.21460700 0.75000000
vt 0.23248300 0.17993200
vt 0.10079200 0.27231700
vt 0.25000000 0.50000000
vt 0.10079200 0.27231700
vt 0.00000000 0.72785500
vt 0.21460700 0.75000000
vt 0.06250000 1.00000000
vt 0.21460700 0.75000000
vt 0.00000000 0.72785500
vt 1.00000000 0.25000000
vt 0.93750000 0.00000000
vt 0.87500000 0.26965700
vt 1.00000000 0.25000000
vt 0.87500000 0.26965700
vt 0.99324400 0.72905200
vt 0.87500000 0.26965700
vt 0.81250000 0.00000000
vt 0.66823500 0.25000000
vt 0.81250000 1.00000000
vt 0.99324400 0.72905200
vt 0.72593500 0.75000000
vt 0.87500000 0.26965700
vt 0.66823500 0.25000000
vt 0.75000000 0.50000000
vt 0.75000000 0.50000000
vt 0.62500000 0.50000000
vt 0.72593500 0.75000000
vt 0.21460700 0.75000000
vt 0.25000000 0.50000000
vt 0.10079200 0.27231700
vt 0.75000000 0.53456600
vt 0.62500000 0.50000000
vt 0.57747900 0.75000000
vt 0.85596200 0.25000000
vt 0.68750000 0.00000000
vt 0.53477500 0.25000000
vt 0.68750000 1.00000000
vt 0.75000000 0.53456600
vt 0.57747900 0.75000000
vt 0.53477500 0.25000000
vt 0.50000000 0.50000000
vt 0.62500000 0.50000000
vt 0.53477500 0.25000000
vt 0.43750000 0.00000000
vt 0.37500000 0.25000000
vt 0.43750000 1.00000000
vt 0.57747900 0.75000000
vt 0.37500000 0.75000000
vt 0.37500000 0.25000000
vt 0.31250000 0.00000000
vt 0.25000000 0.25000000
vt 0.31250000 1.00000000
vt 0.25000000 0.75000000
vt 0.25000000 0.50000000
vt 0.12500000 0.49520700
vt 0.25000000 0.75000000
vt 0.25000000 0.25000000
vt 0.18750000 0.00000000
vt 0.12500000 0.25000000
vt 0.18750000 1.00000000
vt 0.25000000 0.75000000
vt 0.12500000 0.49520700
vt 0.12500000 0.25000000
vt 0.06250000 0.00000000
vt 0.00000000 0.25000000
vt 0.06250000 1.00000000
vt 0.12500000 0.49520700
vt 0.00000000 0.57067800
vt 1.00000000 0.57067800
vt 0.87500000 0.50000000
vt 0.87500000 0.75000000
vt 1.00000000 0.25000000
vt 0.93750000 0.00000000
vt 0.85596200 0.25000000
vt 0.93750000 1.00000000
vt 1.00000000 0.57067800
vt 0.87500000 0.75000000
vt 0.87500000 0.50000000
vt 0.75000000 0.53456600
vt 0.87500000 0.75000000
vt 0.81250000 1.00000000
vt 0.87500000 0.75000000
vt 0.75000000 0.53456600
vt 0.87500000 0.50000000
vt 0.85596200 0.25000000
vt 0.75000000 0.53456600
vt 0.57747900 0.75000000
vt 0.62500000 0.50000000
vt 0.50000000 0.50000000
vt 0.75000000 0.53456600
vt 0.62500000 0.50000000
vt 0.57747900 0.75000000
vt 0.85596200 0.25000000
vt 0.68750000 0.00000000
vt 0.53477500 0.25000000
vt 0.68750000 1.00000000
vt 0.75000000 0.53456600
vt 0.57747900 0.75000000
vt 0.53477500 0.25000000
vt 0.50000000 0.50000000
vt 0.62500000 0.50000000
vt 0.53477500 0.25000000
vt 0.43750000 0.00000000
vt 0.37500000 0.25000000
vt 0.43750000 1.00000000
vt 0.57747900 0.75000000
vt 0.37500000 0.75000000
vt 0.37500000 0.25000000
vt 0.31250000 0.00000000
vt 0.25000000 0.25000000
vt 0.31250000 1.00000000
vt 0.25000000 0.75000000
vt 0.25000000 0.50000000
vt 0.12500000 0.49520700
vt 0.25000000 0.75000000
vt 0.25000000 0.25000000
vt 0.18750000 0.00000000
vt 0.12500000 0.25000000
vt 0.18750000 1.00000000
vt 0.25000000 0.75000000
vt 0.12500000 0.49520700
vt 0.12500000 0.25000000
vt 0.06250000 0.00000000
vt 0.00000000 0.25000000
vt 0.06250000 1.00000000
vt 0.12500000 0.49520700
vt 0.00000000 0.57067800
vt 1.00000000 0.57067800
vt 0.87500000 0.50000000
vt 0.87500000 0.75000000
vt 1.00000000 0.25000000
vt 0.93750000 0.00000000
vt 0.85596200 0.25000000
vt 0.93750000 1.00000000
vt 1.00000000 0.57067800
vt 0.87500000 0.75000000
vt 0.87500000 0.50000000
vt 0.75000000 0.53456600
vt 0.87500000 0.75000000
vt 0.81250000 1.00000000
vt 0.87500000 0.75000000
vt 0.75000000 0.53456600
vt 0.87500000 0.50000000
vt 0.85596200 0.25000000
vt 0.75000000 0.53456600
vt 0.57747900 0.75000000
vt 0.62500000 0.50000000
vt 0.50000000 0.50000000
vt 0.75000000 0.53456600
vt 0.62500000 0.50000000
vt 0.57747900 0.75000000
vt 0.85596200 0.25000000
vt 0.68750000 0.00000000
vt 0.53477500 0.25000000
vt 0.68750000 1.00000000
vt 0.75000000 0.53456600
vt 0.57747900 0.75000000
vt 0.53477500 0.25000000
vt 0.50000000 0.50000000
vt 0.62500000 0.50000000
vt 0.53477500 0.25000000
vt 0.43750000 0.00000000
vt 0.37500000 0.25000000
vt 0.43750000 1.00000000
vt 0.57747900 0.75000000
vt 0.37500000 0.75000000
vt 0.37500000 0.75000000
vt 0.37500000 0.25000000
vt 0.31250000 0.00000000
vt 0.25000000 0.25000000
vt 0.31250000 1.00000000
vt 0.25000000 0.75000000
vt 0.25000000 0.50000000
vt 0.12500000 0.49520700
vt 0.25000000 0.75000000
vt 0.25000000 0.25000000
vt 0.18750000 0.00000000
vt 0.12500000 0.25000000
vt 0.18750000 1.00000000
vt 0.25000000 0.75000000
vt 0.12500000 0.49520700
vt 0.12500000 0.25000000
vt 0.06250000 0.00000000
vt 0.00000000 0.25000000
vt 0.06250000 1.00000000
vt 0.12500000 0.49520700
vt 0.00000000 0.57067800
vt 1.00000000 0.57067800
vt 0.87500000 0.50000000
vt 0.87500000 0.75000000
vt 1.00000000 0.25000000
vt 0.93750000 0.00000000
vt 0.85596200 0.25000000
vt 0.93750000 1.00000000
vt 1.00000000 0.57067800
vt 0.87500000 0.75000000
vt 0.87500000 0.50000000
vt 0.75000000 0.53456600
vt 0.87500000 0.75000000
vt 0.81250000 1.00000000
vt 0.87500000 0.75000000
vt 0.75000000 0.53456600
vt 0.87500000 0.50000000
vt 0.85596200 0.25000000
vt 0.75000000 0.53456600
vt 0.57747900 0.75000000
vt 0.62500000 0.50000000
vt 0.50000000 0.50000000
vt 0.75000000 0.53456600
vt 0.62500000 0.50000000
vt 0.57747900 0.75000000
vt 0.85596200 0.25000000
vt 0.68750000 0.00000000
vt 0.53477500 0.25000000
vt 0.68750000 1.00000000
vt 0.75000000 0.53456600
vt 0.57747900 0.75000000
vt 0.53477500 0.25000000
vt 0.50000000 0.50000000
vt 0.62500000 0.50000000
vt 0.53477500 0.25000000
vt 0.43750000 0.00000000
vt 0.37500000 0.25000000
vt 0.43750000 1.00000000
vt 0.57747900 0.75000000
vt 0.37500000 0.75000000
vt 0.37500000 0.75000000
vt 0.37500000 0.25000000
vt 0.31250000 0.00000000
vt 0.25000000 0.25000000
vt 0.31250000 1.00000000
vt 0.25000000 0.75000000
vt 0.25000000 0.50000000
vt 0.12500000 0.49520700
vt 0.25000000 0.75000000
vt 0.25000000 0.25000000
vt 0.18750000 0.00000000
vt 0.12500000 0.25000000
vt 0.18750000 1.00000000
vt 0.25000000 0.75000000
vt 0.12500000 0.49520700
vt 0.12500000 0.25000000
vt 0.06250000 0.00000000
vt 0.00000000 0.25000000
vt 0.06250000 1.00000000
vt 0.12500000 0.49520700
vt 0.00000000 0.57067800
vt 1.00000000 0.57067800
vt 0.87500000 0.50000000
vt 0.87500000 0.75000000
vt 1.00000000 0.25000000
vt 0.93750000 0.00000000
vt 0.85596200 0.25000000
vt 0.93750000 1.00000000
vt 1.00000000 0.57067800
vt 0.87500000 0.75000000
vt 0.87500000 0.50000000
vt 0.75000000 0.53456600
vt 0.87500000 0.75000000
vt 0.81250000 1.00000000
vt 0.87500000 0.75000000
vt 0.75000000 0.53456600
vt 0.87500000 0.50000000
vt 0.85596200 0.25000000
vt 0.75000000 0.53456600
vt 0.57747900 0.75000000
vt 0.62500000 0.50000000
vt 0.50000000 0.50000000
vt 0.75000000 0.53456600
vt 0.62500000 0.50000000
vt 0.57747900 0.75000000
vt 0.85596200 0.25000000
vt 0.68750000 0.00000000
vt 0.53477500 0.25000000
vt 0.68750000 1.00000000
vt 0.75000000 0.53456600
vt 0.57747900 0.75000000
vt 0.53477500 0.25000000
vt 0.50000000 0.50000000
vt 0.62500000 0.50000000
vt 0.53477500 0.25000000
vt 0.43750000 0.00000000
vt 0.37500000 0.25000000
vt 0.43750000 1.00000000
vt 0.57747900 0.75000000
vt 0.37500000 0.75000000
vt 0.37500000 0.75000000
vt 0.37500000 0.25000000
vt 0.31250000 0.00000000
vt 0.25000000 0.25000000
vt 0.31250000 1.00000000
vt 0.25000000 0.75000000
vt 0.25000000 0.50000000
vt 0.12500000 0.49520700
vt 0.25000000 0.75000000
vt 0.25000000 0.25000000
vt 0.18750000 0.00000000
vt 0.12500000 0.25000000
vt 0.18750000 1.00000000
vt 0.25000000 0.75000000
vt 0.12500000 0.49520700
vt 0.12500000 0.25000000
vt 0.06250000 0.00000000
vt 0.00000000 0.25000000
vt 0.06250000 1.00000000
vt 0.12500000 0.49520700
vt 0.00000000 0.57067800
vt 1.00000000 0.57067800
vt 0.87500000 0.50000000
vt 0.87500000 0.75000000
vt 1.00000000 0.25000000
vt 0.93750000 0.00000000
vt 0.85596200 0.25000000
vt 0.93750000 1.00000000
vt 1.00000000 0.57067800
vt 0.87500000 0.75000000
vt 0.87500000 0.50000000
vt 0.75000000 0.53456600
vt 0.87500000 0.75000000
vt 0.81250000 1.00000000
vt 0.87500000 0.75000000
vt 0.75000000 0.53456600
vt 0.87500000 0.50000000
vt 0.85596200 0.25000000
vt 0.75000000 0.53456600
vt 0.57747900 0.75000000
vt 0.62500000 0.50000000
vt 0.50000000 0.50000000
vt 0.75000000 0.50000000
vt 0.62500000 0.63957900
vt 0.75000000 0.75000000
vt 0.75000000 0.25000000
vt 0.68750000 0.00000000
vt 0.62500000 0.25000000
vt 0.68750000 1.00000000
vt 0.75000000 0.75000000
vt 0.62500000 0.63957900
vt 0.56250000 1.00000000
vt 0.62500000 0.63957900
vt 0.48513100 0.75000000
vt 0.62500000 0.63957900
vt 0.49862000 0.50000000
vt 0.48513100 0.75000000
vt 0.62500000 0.25000000
vt 0.56250000 0.00000000
vt 0.50000000 0.25000000
vt 0.50000000 0.25000000
vt 0.43750000 0.00000000
vt 0.37500000 0.25000000
vt 0.37500000 0.25000000
vt 0.31250000 0.00000000
vt 0.25000000 0.25000000
vt 0.31250000 1.00000000
vt 0.48513100 0.75000000
vt 0.25000000 0.75000000
vt 0.25000000 0.25000000
vt 0.18750000 0.00000000
vt 0.05624500 0.25000000
vt 0.18750000 1.00000000
vt 0.25000000 0.75000000
vt 0.06448800 0.75000000
vt 0.12500000 0.50000000
vt 0.05624500 0.25000000
vt 0.00000000 0.50000000
vt 1.00000000 0.50000000
vt 0.87500000 0.50211100
vt 1.00000000 0.75000000
vt 1.00000000 0.25000000
vt 0.93750000 0.00000000
vt 0.87500000 0.25000000
vt 0.93750000 1.00000000
vt 1.00000000 0.75000000
vt 0.87500000 0.50211100
vt 0.87500000 0.50211100
vt 0.75000000 0.50000000
vt 0.75000000 0.75000000
vt 0.87500000 0.25000000
vt 0.81250000 0.00000000
vt 0.75000000 0.25000000
vt 0.81250000 1.00000000
vt 0.87500000 0.50211100
vt 0.75000000 0.75000000
vt 0.49862000 0.50000000
vt 0.50000000 0.25000000
vt 0.37500000 0.25000000
vt 0.12500000 0.50000000
vt 0.00000000 0.50000000
vt 0.06448800 0.75000000
vt 0.75000000 0.50000000
vt 0.62500000 0.63957900
vt 0.75000000 0.75000000
vt 0.75000000 0.25000000
vt 0.68750000 0.00000000
vt 0.62500000 0.25000000
vt 0.68750000 1.00000000
vt 0.75000000 0.75000000
vt 0.62500000 0.63957900
vt 0.56250000 1.00000000
vt 0.62500000 0.63957900
vt 0.48513100 0.75000000
vt 0.62500000 0.63957900
vt 0.49862000 0.50000000
vt 0.48513100 0.75000000
vt 0.62500000 0.25000000
vt 0.56250000 0.00000000
vt 0.50000000 0.25000000
vt 0.50000000 0.25000000
vt 0.43750000 0.00000000
vt 0.37500000 0.25000000
vt 0.37500000 0.25000000
vt 0.31250000 0.00000000
vt 0.25000000 0.25000000
vt 0.31250000 1.00000000
vt 0.48513100 0.75000000
vt 0.25000000 0.75000000
vt 0.25000000 0.25000000
vt 0.18750000 0.00000000
vt 0.05624500 0.25000000
vt 0.18750000 1.00000000
vt 0.25000000 0.75000000
vt 0.06448800 0.75000000
vt 0.12500000 0.50000000
vt 0.05624500 0.25000000
vt 0.00000000 0.50000000
vt 1.00000000 0.50000000
vt 0.87500000 0.50211100
vt 1.00000000 0.75000000
vt 1.00000000 0.25000000
vt 0.93750000 0.00000000
vt 0.87500000 0.25000000
vt 0.93750000 1.00000000
vt 1.00000000 0.75000000
vt 0.87500000 0.50211100
vt 0.87500000 0.50211100
vt 0.75000000 0.50000000
vt 0.75000000 0.75000000
vt 0.87500000 0.25000000
vt 0.81250000 0.00000000
vt 0.75000000 0.25000000
vt 0.81250000 1.00000000
vt 0.87500000 0.50211100
vt 0.75000000 0.75000000
vt 0.49862000 0.50000000
vt 0.50000000 0.25000000
vt 0.37500000 0.25000000
vt 0.12500000 0.50000000
vt 0.00000000 0.50000000
vt 0.06448800 0.75000000
vt 0.75000000 0.50000000
vt 0.62500000 0.63957900
vt 0.75000000 0.75000000
vt 0.75000000 0.25000000
vt 0.68750000 0.00000000
vt 0.62500000 0.25000000
vt 0.68750000 1.00000000
vt 0.75000000 0.75000000
vt 0.62500000 0.63957900
vt 0.56250000 1.00000000
vt 0.62500000 0.63957900
vt 0.48513100 0.75000000
vt 0.62500000 0.63957900
vt 0.49862000 0.50000000
vt 0.48513100 0.75000000
vt 0.62500000 0.25000000
vt 0.56250000 0.00000000
vt 0.50000000 0.25000000
vt 0.50000000 0.25000000
vt 0.43750000 0.00000000
vt 0.37500000 0.25000000
vt 0.37500000 0.25000000
vt 0.31250000 0.00000000
vt 0.25000000 0.25000000
vt 0.31250000 1.00000000
vt 0.48513100 0.75000000
vt 0.25000000 0.75000000
vt 0.25000000 0.25000000
vt 0.18750000 0.00000000
vt 0.05624500 0.25000000
vt 0.18750000 1.00000000
vt 0.25000000 0.75000000
vt 0.06448800 0.75000000
vt 0.12500000 0.50000000
vt 0.05624500 0.25000000
vt 0.00000000 0.50000000
vt 1.00000000 0.50000000
vt 0.87500000 0.50211100
vt 1.00000000 0.75000000
vt 1.00000000 0.25000000
vt 0.93750000 0.00000000
vt 0.87500000 0.25000000
vt 0.93750000 1.00000000
vt 1.00000000 0.75000000
vt 0.87500000 0.50211100
vt 0.87500000 0.50211100
vt 0.75000000 0.50000000
vt 0.75000000 0.75000000
vt 0.87500000 0.25000000
vt 0.81250000 0.00000000
vt 0.75000000 0.25000000
vt 0.81250000 1.00000000
vt 0.87500000 0.50211100
vt 0.75000000 0.75000000
vt 0.49862000 0.50000000
vt 0.50000000 0.25000000
vt 0.37500000 0.25000000
vt 0.12500000 0.50000000
vt 0.00000000 0.50000000
vt 0.06448800 0.75000000
vt 0.75000000 0.53456600
vt 0.62500000 0.50000000
vt 0.57747900 0.75000000
vt 0.85596200 0.25000000
vt 0.68750000 0.00000000
vt 0.53477500 0.25000000
vt 0.68750000 1.00000000
vt 0.75000000 0.53456600
vt 0.57747900 0.75000000
vt 0.53477500 0.25000000
vt 0.50000000 0.50000000
vt 0.62500000 0.50000000
vt 0.53477500 0.25000000
vt 0.43750000 0.00000000
vt 0.37500000 0.25000000
vt 0.43750000 1.00000000
vt 0.57747900 0.75000000
vt 0.37500000 0.75000000
vt 0.37500000 0.25000000
vt 0.31250000 0.00000000
vt 0.25000000 0.25000000
vt 0.31250000 1.00000000
vt 0.25000000 0.75000000
vt 0.25000000 0.50000000
vt 0.12500000 0.49520700
vt 0.25000000 0.75000000
vt 0.25000000 0.25000000
vt 0.18750000 0.00000000
vt 0.12500000 0.25000000
vt 0.18750000 1.00000000
vt 0.25000000 0.75000000
vt 0.12500000 0.49520700
vt 0.12500000 0.25000000
vt 0.06250000 0.00000000
vt 0.00000000 0.25000000
vt 0.06250000 1.00000000
vt 0.12500000 0.49520700
vt 0.00000000 0.57067800
vt 1.00000000 0.57067800
vt 0.87500000 0.50000000
vt 0.87500000 0.75000000
vt 1.00000000 0.25000000
vt 0.93750000 0.00000000
vt 0.85596200 0.25000000
vt 0.93750000 1.00000000
vt 1.00000000 0.57067800
vt 0.87500000 0.75000000
vt 0.87500000 0.50000000
vt 0.75000000 0.53456600
vt 0.87500000 0.75000000
vt 0.81250000 1.00000000
vt 0.87500000 0.75000000
vt 0.75000000 0.53456600
vt 0.87500000 0.50000000
vt 0.85596200 0.25000000
vt 0.75000000 0.53456600
vt 0.57747900 0.75000000
vt 0.62500000 0.50000000
vt 0.50000000 0.50000000
vt 0.75000000 0.50000000
vt 0.63033100 0.25000000
vt 0.62500000 0.50000000
vt 0.56250000 1.00000000
vt 0.68555700 0.75000000
vt 0.50000000 0.75000000
vt 0.63033100 0.25000000
vt 0.56250000 0.00000000
vt 0.50000000 0.25000000
vt 0.50000000 0.25000000
vt 0.43750000 0.00000000
vt 0.37500000 0.25000000
vt 0.43750000 1.00000000
vt 0.50000000 0.75000000
vt 0.35280200 0.75000000
vt 0.37500000 0.25000000
vt 0.31250000 0.00000000
vt 0.21662900 0.25000000
vt 0.25000000 0.50000000
vt 0.12500000 0.50834600
vt 0.35280200 0.75000000
vt 0.18750000 1.00000000
vt 0.35280200 0.75000000
vt 0.12500000 0.50834600
vt 0.25000000 0.50000000
vt 0.21662900 0.25000000
vt 0.12500000 0.50834600
vt 0.21662900 0.25000000
vt 0.06250000 0.00000000
vt 0.00000000 0.25000000
vt 0.06250000 1.00000000
vt 0.12500000 0.50834600
vt 0.00000000 0.49812300
vt 1.00000000 0.49812300
vt 0.87500000 0.50000000
vt 0.87500000 0.75000000
vt 1.00000000 0.25000000
vt 0.93750000 0.00000000
vt 0.87500000 0.25000000
vt 0.93750000 1.00000000
vt 1.00000000 0.49812300
vt 0.87500000 0.75000000
vt 0.87500000 0.25000000
vt 0.81250000 0.00000000
vt 0.63033100 0.25000000
vt 0.81250000 1.00000000
vt 0.87500000 0.75000000
vt 0.68555700 0.75000000
vt 0.68555700 0.75000000
vt 0.75000000 0.50000000
vt 0.62500000 0.50000000
vt 0.37500000 0.50000000
vt 0.25000000 0.50000000
vt 0.35280200 0.75000000
vt 0.49431200 0.25000000
vt 0.45191000 0.52597900
vt 0.62500000 0.50000000
vt 0.66823500 0.25000000
vt 0.21460700 0.75000000
vt 0.37500000 0.75000000
vt 0.45191000 0.52597900
vt 0.25000000 0.50000000
vt 0.23248300 0.17993200
vt 0.25000000 0.50000000
vt 0.45191000 0.52597900
vt 0.49431200 0.25000000
vt 0.75000000 0.50000000
vt 0.72593500 0.75000000
vt 0.99324400 0.72905200
vt 0.87500000 0.26965700
vt 0.62500000 0.50000000
vt 0.75000000 0.53456600
vt 0.85596200 0.25000000
vt 0.53477500 0.25000000
vt 0.37500000 0.50000000
vt 0.50000000 0.50000000
vt 0.53477500 0.25000000
vt 0.37500000 0.25000000
vt 0.37500000 0.75000000
vt 0.57747900 0.75000000
vt 0.50000000 0.50000000
vt 0.37500000 0.50000000
vt 0.25000000 0.50000000
vt 0.25000000 0.75000000
vt 0.37500000 0.75000000
vt 0.37500000 0.50000000
vt 0.25000000 0.25000000
vt 0.25000000 0.50000000
vt 0.37500000 0.50000000
vt 0.37500000 0.25000000
vt 0.12500000 0.49520700
vt 0.25000000 0.50000000
vt 0.25000000 0.25000000
vt 0.12500000 0.25000000
vt 0.00000000 0.25000000
vt 0.00000000 0.57067800
vt 0.12500000 0.49520700
vt 0.12500000 0.25000000
vt 0.87500000 0.50000000
vt 1.00000000 0.57067800
vt 1.00000000 0.25000000
vt 0.85596200 0.25000000
vt 0.62500000 0.63957900
vt 0.75000000 0.50000000
vt 0.75000000 0.25000000
vt 0.62500000 0.25000000
vt 0.50000000 0.25000000
vt 0.49862000 0.50000000
vt 0.62500000 0.63957900
vt 0.62500000 0.25000000
vt 0.25000000 0.75000000
vt 0.48513100 0.75000000
vt 0.49862000 0.50000000
vt 0.25000000 0.50000000
vt 0.25000000 0.25000000
vt 0.25000000 0.50000000
vt 0.49862000 0.50000000
vt 0.37500000 0.25000000
vt 0.12500000 0.50000000
vt 0.06448800 0.75000000
vt 0.25000000 0.75000000
vt 0.25000000 0.50000000
vt 0.12500000 0.50000000
vt 0.25000000 0.50000000
vt 0.25000000 0.25000000
vt 0.05624500 0.25000000
vt 0.87500000 0.50211100
vt 1.00000000 0.50000000
vt 1.00000000 0.25000000
vt 0.87500000 0.25000000
vt 0.75000000 0.25000000
vt 0.75000000 0.50000000
vt 0.87500000 0.50211100
vt 0.87500000 0.25000000
vt 0.49431200 0.25000000
vt 0.45191000 0.52597900
vt 0.62500000 0.50000000
vt 0.66823500 0.25000000
vt 0.21460700 0.75000000
vt 0.37500000 0.75000000
vt 0.45191000 0.52597900
vt 0.25000000 0.50000000
vt 0.23248300 0.17993200
vt 0.25000000 0.50000000
vt 0.45191000 0.52597900
vt 0.49431200 0.25000000
vt 0.75000000 0.50000000
vt 0.72593500 0.75000000
vt 0.99324400 0.72905200
vt 0.87500000 0.26965700
vt 0.50000000 0.25000000
vt 0.50000000 0.50000000
vt 0.62500000 0.50000000
vt 0.63033100 0.25000000
vt 0.50000000 0.75000000
vt 0.68555700 0.75000000
vt 0.62500000 0.50000000
vt 0.50000000 0.50000000
vt 0.37500000 0.50000000
vt 0.50000000 0.50000000
vt 0.50000000 0.25000000
vt 0.37500000 0.25000000
vt 0.35280200 0.75000000
vt 0.50000000 0.75000000
vt 0.50000000 0.50000000
vt 0.37500000 0.50000000
vt 0.25000000 0.50000000
vt 0.37500000 0.50000000
vt 0.37500000 0.25000000
vt 0.21662900 0.25000000
vt 0.00000000 0.25000000
vt 0.00000000 0.49812300
vt 0.12500000 0.50834600
vt 0.21662900 0.25000000
vt 0.87500000 0.50000000
vt 1.00000000 0.49812300
vt 1.00000000 0.25000000
vt 0.87500000 0.25000000
vt 0.75000000 0.50000000
vt 0.68555700 0.75000000
vt 0.87500000 0.75000000
vt 0.87500000 0.50000000
vt 0.75000000 0.50000000
vt 0.87500000 0.50000000
vt 0.87500000 0.25000000
vt 0.63033100 0.25000000
vt 0.50000000 0.25000000
vt 0.50000000 0.50000000
vt 0.62500000 0.50000000
vt 0.63033100 0.25000000
vt 0.50000000 0.75000000
vt 0.68555700 0.75000000
vt 0.62500000 0.50000000
vt 0.50000000 0.50000000
vt 0.37500000 0.50000000
vt 0.50000000 0.50000000
vt 0.50000000 0.25000000
vt 0.37500000 0.25000000
vt 0.35280200 0.75000000
vt 0.50000000 0.75000000
vt 0.50000000 0.50000000
vt 0.37500000 0.50000000
vt 0.25000000 0.50000000
vt 0.37500000 0.50000000
vt 0.37500000 0.25000000
vt 0.21662900 0.25000000
vt 0.00000000 0.25000000
vt 0.00000000 0.49812300
vt 0.12500000 0.50834600
vt 0.21662900 0.25000000
vt 0.87500000 0.50000000
vt 1.00000000 0.49812300
vt 1.00000000 0.25000000
vt 0.87500000 0.25000000
vt 0.75000000 0.50000000
vt 0.68555700 0.75000000
vt 0.87500000 0.75000000
vt 0.87500000 0.50000000
vt 0.75000000 0.50000000
vt 0.87500000 0.50000000
vt 0.87500000 0.25000000
vt 0.63033100 0.25000000
vt 0.62500000 0.50000000
vt 0.75000000 0.53456600
vt 0.85596200 0.25000000
vt 0.53477500 0.25000000
vt 0.37500000 0.50000000
vt 0.50000000 0.50000000
vt 0.53477500 0.25000000
vt 0.37500000 0.25000000
vt 0.37500000 0.75000000
vt 0.57747900 0.75000000
vt 0.50000000 0.50000000
vt 0.37500000 0.50000000
vt 0.25000000 0.50000000
vt 0.25000000 0.75000000
vt 0.37500000 0.75000000
vt 0.37500000 0.50000000
vt 0.25000000 0.25000000
vt 0.25000000 0.50000000
vt 0.37500000 0.50000000
vt 0.37500000 0.25000000
vt 0.12500000 0.49520700
vt 0.25000000 0.50000000
vt 0.25000000 0.25000000
vt 0.12500000 0.25000000
vt 0.00000000 0.25000000
vt 0.00000000 0.57067800
vt 0.12500000 0.49520700
vt 0.12500000 0.25000000
vt 0.87500000 0.50000000
vt 1.00000000 0.57067800
vt 1.00000000 0.25000000
vt 0.85596200 0.25000000
vt 0.62500000 0.50000000
vt 0.75000000 0.53456600
vt 0.85596200 0.25000000
vt 0.53477500 0.25000000
vt 0.37500000 0.50000000
vt 0.50000000 0.50000000
vt 0.53477500 0.25000000
vt 0.37500000 0.25000000
vt 0.37500000 0.75000000
vt 0.57747900 0.75000000
vt 0.50000000 0.50000000
vt 0.37500000 0.50000000
vt 0.25000000 0.50000000
vt 0.25000000 0.75000000
vt 0.37500000 0.75000000
vt 0.37500000 0.50000000
vt 0.25000000 0.25000000
vt 0.25000000 0.50000000
vt 0.37500000 0.50000000
vt 0.37500000 0.25000000
vt 0.12500000 0.49520700
vt 0.25000000 0.50000000
vt 0.25000000 0.25000000
vt 0.12500000 0.25000000
vt 0.00000000 0.25000000
vt 0.00000000 0.57067800
vt 0.12500000 0.49520700
vt 0.12500000 0.25000000
vt 0.87500000 0.50000000
vt 1.00000000 0.57067800
vt 1.00000000 0.25000000
vt 0.85596200 0.25000000
vt 0.62500000 0.50000000
vt 0.75000000 0.53456600
vt 0.85596200 0.25000000
vt 0.53477500 0.25000000
vt 0.37500000 0.50000000
vt 0.50000000 0.50000000
vt 0.53477500 0.25000000
vt 0.37500000 0.25000000
vt 0.37500000 0.75000000
vt 0.57747900 0.75000000
vt 0.50000000 0.50000000
vt 0.37500000 0.50000000
vt 0.25000000 0.50000000
vt 0.25000000 0.75000000
vt 0.37500000 0.75000000
vt 0.37500000 0.50000000
vt 0.25000000 0.25000000
vt 0.25000000 0.50000000
vt 0.37500000 0.50000000
vt 0.37500000 0.25000000
vt 0.12500000 0.49520700
vt 0.25000000 0.50000000
vt 0.25000000 0.25000000
vt 0.12500000 0.25000000
vt 0.00000000 0.25000000
vt 0.00000000 0.57067800
vt 0.12500000 0.49520700
vt 0.12500000 0.25000000
vt 0.87500000 0.50000000
vt 1.00000000 0.57067800
vt 1.00000000 0.25000000
vt 0.85596200 0.25000000
vt 0.49431200 0.25000000
vt 0.45191000 0.52597900
vt 0.62500000 0.50000000
vt 0.66823500 0.25000000
vt 0.21460700 0.75000000
vt 0.37500000 0.75000000
vt 0.45191000 0.52597900
vt 0.25000000 0.50000000
vt 0.23248300 0.17993200
vt 0.25000000 0.50000000
vt 0.45191000 0.52597900
vt 0.49431200 0.25000000
vt 0.75000000 0.50000000
vt 0.72593500 0.75000000
vt 0.99324400 0.72905200
vt 0.87500000 0.26965700
vt 0.49431200 0.25000000
vt 0.45191000 0.52597900
vt 0.62500000 0.50000000
vt 0.66823500 0.25000000
vt 0.21460700 0.75000000
vt 0.37500000 0.75000000
vt 0.45191000 0.52597900
vt 0.25000000 0.50000000
vt 0.23248300 0.17993200
vt 0.25000000 0.50000000
vt 0.45191000 0.52597900
vt 0.49431200 0.25000000
vt 0.75000000 0.50000000
vt 0.72593500 0.75000000
vt 0.99324400 0.72905200
vt 0.87500000 0.26965700
vt 0.49431200 0.25000000
vt 0.45191000 0.52597900
vt 0.62500000 0.50000000
vt 0.66823500 0.25000000
vt 0.21460700 0.75000000
vt 0.37500000 0.75000000
vt 0.45191000 0.52597900
vt 0.25000000 0.50000000
vt 0.23248300 0.17993200
vt 0.25000000 0.50000000
vt 0.45191000 0.52597900
vt 0.49431200 0.25000000
vt 0.75000000 0.50000000
vt 0.72593500 0.75000000
vt 0.99324400 0.72905200
vt 0.87500000 0.26965700
vt 0.50000000 0.25000000
vt 0.50000000 0.50000000
vt 0.62500000 0.50000000
vt 0.63033100 0.25000000
vt 0.50000000 0.75000000
vt 0.68555700 0.75000000
vt 0.62500000 0.50000000
vt 0.50000000 0.50000000
vt 0.37500000 0.50000000
vt 0.50000000 0.50000000
vt 0.50000000 0.25000000
vt 0.37500000 0.25000000
vt 0.35280200 0.75000000
vt 0.50000000 0.75000000
vt 0.50000000 0.50000000
vt 0.37500000 0.50000000
vt 0.25000000 0.50000000
vt 0.37500000 0.50000000
vt 0.37500000 0.25000000
vt 0.21662900 0.25000000
vt 0.00000000 0.25000000
vt 0.00000000 0.49812300
vt 0.12500000 0.50834600
vt 0.21662900 0.25000000
vt 0.87500000 0.50000000
vt 1.00000000 0.49812300
vt 1.00000000 0.25000000
vt 0.87500000 0.25000000
vt 0.75000000 0.50000000
vt 0.68555700 0.75000000
vt 0.87500000 0.75000000
vt 0.87500000 0.50000000
vt 0.75000000 0.50000000
vt 0.87500000 0.50000000
vt 0.87500000 0.25000000
vt 0.63033100 0.25000000
vt 0.62500000 0.63957900
vt 0.75000000 0.50000000
vt 0.75000000 0.25000000
vt 0.62500000 0.25000000
vt 0.50000000 0.25000000
vt 0.49862000 0.50000000
vt 0.62500000 0.63957900
vt 0.62500000 0.25000000
vt 0.25000000 0.75000000
vt 0.48513100 0.75000000
vt 0.49862000 0.50000000
vt 0.25000000 0.50000000
vt 0.25000000 0.25000000
vt 0.25000000 0.50000000
vt 0.49862000 0.50000000
vt 0.37500000 0.25000000
vt 0.12500000 0.50000000
vt 0.06448800 0.75000000
vt 0.25000000 0.75000000
vt 0.25000000 0.50000000
vt 0.12500000 0.50000000
vt 0.25000000 0.50000000
vt 0.25000000 0.25000000
vt 0.05624500 0.25000000
vt 0.87500000 0.50211100
vt 1.00000000 0.50000000
vt 1.00000000 0.25000000
vt 0.87500000 0.25000000
vt 0.75000000 0.25000000
vt 0.75000000 0.50000000
vt 0.87500000 0.50211100
vt 0.87500000 0.25000000
vt 0.62500000 0.50000000
vt 0.75000000 0.53456600
vt 0.85596200 0.25000000
vt 0.53477500 0.25000000
vt 0.37500000 0.50000000
vt 0.50000000 0.50000000
vt 0.53477500 0.25000000
vt 0.37500000 0.25000000
vt 0.37500000 0.75000000
vt 0.57747900 0.75000000
vt 0.50000000 0.50000000
vt 0.37500000 0.50000000
vt 0.25000000 0.50000000
vt 0.25000000 0.75000000
vt 0.37500000 0.75000000
vt 0.37500000 0.50000000
vt 0.25000000 0.25000000
vt 0.25000000 0.50000000
vt 0.37500000 0.50000000
vt 0.37500000 0.25000000
vt 0.12500000 0.49520700
vt 0.25000000 0.50000000
vt 0.25000000 0.25000000
vt 0.12500000 0.25000000
vt 0.00000000 0.25000000
vt 0.00000000 0.57067800
vt 0.12500000 0.49520700
vt 0.12500000 0.25000000
vt 0.87500000 0.50000000
vt 1.00000000 0.57067800
vt 1.00000000 0.25000000
vt 0.85596200 0.25000000
vt 0.50000000 0.25000000
vt 0.50000000 0.50000000
vt 0.62500000 0.50000000
vt 0.63033100 0.25000000
vt 0.50000000 0.75000000
vt 0.68555700 0.75000000
vt 0.62500000 0.50000000
vt 0.50000000 0.50000000
vt 0.37500000 0.50000000
vt 0.50000000 0.50000000
vt 0.50000000 0.25000000
vt 0.37500000 0.25000000
vt 0.35280200 0.75000000
vt 0.50000000 0.75000000
vt 0.50000000 0.50000000
vt 0.37500000 0.50000000
vt 0.25000000 0.50000000
vt 0.37500000 0.50000000
vt 0.37500000 0.25000000
vt 0.21662900 0.25000000
vt 0.00000000 0.25000000
vt 0.00000000 0.49812300
vt 0.12500000 0.50834600
vt 0.21662900 0.25000000
vt 0.87500000 0.50000000
vt 1.00000000 0.49812300
vt 1.00000000 0.25000000
vt 0.87500000 0.25000000
vt 0.75000000 0.50000000
vt 0.68555700 0.75000000
vt 0.87500000 0.75000000
vt 0.87500000 0.50000000
vt 0.75000000 0.50000000
vt 0.87500000 0.50000000
vt 0.87500000 0.25000000
vt 0.63033100 0.25000000
vt 0.62500000 0.63957900
vt 0.75000000 0.50000000
vt 0.75000000 0.25000000
vt 0.62500000 0.25000000
vt 0.50000000 0.25000000
vt 0.49862000 0.50000000
vt 0.62500000 0.63957900
vt 0.62500000 0.25000000
vt 0.25000000 0.75000000
vt 0.48513100 0.75000000
vt 0.49862000 0.50000000
vt 0.25000000 0.50000000
vt 0.25000000 0.25000000
vt 0.25000000 0.50000000
vt 0.49862000 0.50000000
vt 0.37500000 0.25000000
vt 0.12500000 0.50000000
vt 0.06448800 0.75000000
vt 0.25000000 0.75000000
vt 0.25000000 0.50000000
vt 0.12500000 0.50000000
vt 0.25000000 0.50000000
vt 0.25000000 0.25000000
vt 0.05624500 0.25000000
vt 0.87500000 0.50211100
vt 1.00000000 0.50000000
vt 1.00000000 0.25000000
vt 0.87500000 0.25000000
vt 0.75000000 0.25000000
vt 0.75000000 0.50000000
vt 0.87500000 0.50211100
vt 0.87500000 0.25000000
vt 0.50000000 0.25000000
vt 0.50000000 0.50000000
vt 0.62500000 0.50000000
vt 0.63033100 0.25000000
vt 0.50000000 0.75000000
vt 0.68555700 0.75000000
vt 0.62500000 0.50000000
vt 0.50000000 0.50000000
vt 0.37500000 0.50000000
vt 0.50000000 0.50000000
vt 0.50000000 0.25000000
vt 0.37500000 0.25000000
vt 0.35280200 0.75000000
vt 0.50000000 0.75000000
vt 0.50000000 0.50000000
vt 0.37500000 0.50000000
vt 0.25000000 0.50000000
vt 0.37500000 0.50000000
vt 0.37500000 0.25000000
vt 0.21662900 0.25000000
vt 0.00000000 0.25000000
vt 0.00000000 0.49812300
vt 0.12500000 0.50834600
vt 0.21662900 0.25000000
vt 0.87500000 0.50000000
vt 1.00000000 0.49812300
vt 1.00000000 0.25000000
vt 0.87500000 0.25000000
vt 0.75000000 0.50000000
vt 0.68555700 0.75000000
vt 0.87500000 0.75000000
vt 0.87500000 0.50000000
vt 0.75000000 0.50000000
vt 0.87500000 0.50000000
vt 0.87500000 0.25000000
vt 0.63033100 0.25000000
vt 0.49431200 0.25000000
vt 0.45191000 0.52597900
vt 0.62500000 0.50000000
vt 0.66823500 0.25000000
vt 0.21460700 0.75000000
vt 0.37500000 0.75000000
vt 0.45191000 0.52597900
vt 0.25000000 0.50000000
vt 0.23248300 0.17993200
vt 0.25000000 0.50000000
vt 0.45191000 0.52597900
vt 0.49431200 0.25000000
vt 0.75000000 0.50000000
vt 0.72593500 0.75000000
vt 0.99324400 0.72905200
vt 0.87500000 0.26965700
vt 0.62500000 0.50000000
vt 0.75000000 0.53456600
vt 0.85596200 0.25000000
vt 0.53477500 0.25000000
vt 0.37500000 0.50000000
vt 0.50000000 0.50000000
vt 0.53477500 0.25000000
vt 0.37500000 0.25000000
vt 0.37500000 0.75000000
vt 0.57747900 0.75000000
vt 0.50000000 0.50000000
vt 0.37500000 0.50000000
vt 0.25000000 0.50000000
vt 0.25000000 0.75000000
vt 0.37500000 0.75000000
vt 0.37500000 0.50000000
vt 0.25000000 0.25000000
vt 0.25000000 0.50000000
vt 0.37500000 0.50000000
vt 0.37500000 0.25000000
vt 0.12500000 0.49520700
vt 0.25000000 0.50000000
vt 0.25000000 0.25000000
vt 0.12500000 0.25000000
vt 0.00000000 0.25000000
vt 0.00000000 0.57067800
vt 0.12500000 0.49520700
vt 0.12500000 0.25000000
vt 0.87500000 0.50000000
vt 1.00000000 0.57067800
vt 1.00000000 0.25000000
vt 0.85596200 0.25000000
vt 0.62500000 0.50000000
vt 0.75000000 0.53456600
vt 0.85596200 0.25000000
vt 0.53477500 0.25000000
vt 0.37500000 0.50000000
vt 0.50000000 0.50000000
vt 0.53477500 0.25000000
vt 0.37500000 0.25000000
vt 0.37500000 0.75000000
vt 0.57747900 0.75000000
vt 0.50000000 0.50000000
vt 0.37500000 0.50000000
vt 0.25000000 0.50000000
vt 0.25000000 0.75000000
vt 0.37500000 0.75000000
vt 0.37500000 0.50000000
vt 0.25000000 0.25000000
vt 0.25000000 0.50000000
vt 0.37500000 0.50000000
vt 0.37500000 0.25000000
vt 0.12500000 0.49520700
vt 0.25000000 0.50000000
vt 0.25000000 0.25000000
vt 0.12500000 0.25000000
vt 0.00000000 0.25000000
vt 0.00000000 0.57067800
vt 0.12500000 0.49520700
vt 0.12500000 0.25000000
vt 0.87500000 0.50000000
vt 1.00000000 0.57067800
vt 1.00000000 0.25000000
vt 0.85596200 0.25000000
vt 0.62500000 0.50000000
vt 0.75000000 0.53456600
vt 0.85596200 0.25000000
vt 0.53477500 0.25000000
vt 0.37500000 0.50000000
vt 0.50000000 0.50000000
vt 0.53477500 0.25000000
vt 0.37500000 0.25000000
vt 0.37500000 0.75000000
vt 0.57747900 0.75000000
vt 0.50000000 0.50000000
vt 0.37500000 0.50000000
vt 0.25000000 0.50000000
vt 0.25000000 0.75000000
vt 0.37500000 0.75000000
vt 0.37500000 0.50000000
vt 0.25000000 0.25000000
vt 0.25000000 0.50000000
vt 0.37500000 0.50000000
vt 0.37500000 0.25000000
vt 0.12500000 0.49520700
vt 0.25000000 0.50000000
vt 0.25000000 0.25000000
vt 0.12500000 0.25000000
vt 0.00000000 0.25000000
vt 0.00000000 0.57067800
vt 0.12500000 0.49520700
vt 0.12500000 0.25000000
vt 0.87500000 0.50000000
vt 1.00000000 0.57067800
vt 1.00000000 0.25000000
vt 0.85596200 0.25000000
vt 0.50000000 0.25000000
vt 0.50000000 0.50000000
vt 0.62500000 0.50000000
vt 0.63033100 0.25000000
vt 0.50000000 0.75000000
vt 0.68555700 0.75000000
vt 0.62500000 0.50000000
vt 0.50000000 0.50000000
vt 0.37500000 0.50000000
vt 0.50000000 0.50000000
vt 0.50000000 0.25000000
vt 0.37500000 0.25000000
vt 0.35280200 0.75000000
vt 0.50000000 0.75000000
vt 0.50000000 0.50000000
vt 0.37500000 0.50000000
vt 0.25000000 0.50000000
vt 0.37500000 0.50000000
vt 0.37500000 0.25000000
vt 0.21662900 0.25000000
vt 0.00000000 0.25000000
vt 0.00000000 0.49812300
vt 0.12500000 0.50834600
vt 0.21662900 0.25000000
vt 0.87500000 0.50000000
vt 1.00000000 0.49812300
vt 1.00000000 0.25000000
vt 0.87500000 0.25000000
vt 0.75000000 0.50000000
vt 0.68555700 0.75000000
vt 0.87500000 0.75000000
vt 0.87500000 0.50000000
vt 0.75000000 0.50000000
vt 0.87500000 0.50000000
vt 0.87500000 0.25000000
vt 0.63033100 0.25000000
vt 0.50000000 0.25000000
vt 0.50000000 0.50000000
vt 0.62500000 0.50000000
vt 0.63033100 0.25000000
vt 0.50000000 0.75000000
vt 0.68555700 0.75000000
vt 0.62500000 0.50000000
vt 0.50000000 0.50000000
vt 0.37500000 0.50000000
vt 0.50000000 0.50000000
vt 0.50000000 0.25000000
vt 0.37500000 0.25000000
vt 0.35280200 0.75000000
vt 0.50000000 0.75000000
vt 0.50000000 0.50000000
vt 0.37500000 0.50000000
vt 0.25000000 0.50000000
vt 0.37500000 0.50000000
vt 0.37500000 0.25000000
vt 0.21662900 0.25000000
vt 0.00000000 0.25000000
vt 0.00000000 0.49812300
vt 0.12500000 0.50834600
vt 0.21662900 0.25000000
vt 0.87500000 0.50000000
vt 1.00000000 0.49812300
vt 1.00000000 0.25000000
vt 0.87500000 0.25000000
vt 0.75000000 0.50000000
vt 0.68555700 0.75000000
vt 0.87500000 0.75000000
vt 0.87500000 0.50000000
vt 0.75000000 0.50000000
vt 0.87500000 0.50000000
vt 0.87500000 0.25000000
vt 0.63033100 0.25000000
vt 0.62500000 0.63957900
vt 0.75000000 0.50000000
vt 0.75000000 0.25000000
vt 0.62500000 0.25000000
vt 0.50000000 0.25000000
vt 0.49862000 0.50000000
vt 0.62500000 0.63957900
vt 0.62500000 0.25000000
vt 0.25000000 0.75000000
vt 0.48513100 0.75000000
vt 0.49862000 0.50000000
vt 0.25000000 0.50000000
vt 0.25000000 0.25000000
vt 0.25000000 0.50000000
vt 0.49862000 0.50000000
vt 0.37500000 0.25000000
vt 0.12500000 0.50000000
vt 0.06448800 0.75000000
vt 0.25000000 0.75000000
vt 0.25000000 0.50000000
vt 0.12500000 0.50000000
vt 0.25000000 0.50000000
vt 0.25000000 0.25000000
vt 0.05624500 0.25000000
vt 0.87500000 0.50211100
vt 1.00000000 0.50000000
vt 1.00000000 0.25000000
vt 0.87500000 0.25000000
vt 0.75000000 0.25000000
vt 0.75000000 0.50000000
vt 0.87500000 0.50211100
vt 0.87500000 0.25000000
vt 0.49431200 0.25000000
vt 0.45191000 0.52597900
vt 0.62500000 0.50000000
vt 0.66823500 0.25000000
vt 0.21460700 0.75000000
vt 0.37500000 0.75000000
vt 0.45191000 0.52597900
vt 0.25000000 0.50000000
vt 0.23248300 0.17993200
vt 0.25000000 0.50000000
vt 0.45191000 0.52597900
vt 0.49431200 0.25000000
vt 0.75000000 0.50000000
vt 0.72593500 0.75000000
vt 0.99324400 0.72905200
vt 0.87500000 0.26965700
vt 0.62500000 0.63957900
vt 0.75000000 0.50000000
vt 0.75000000 0.25000000
vt 0.62500000 0.25000000
vt 0.50000000 0.25000000
vt 0.49862000 0.50000000
vt 0.62500000 0.63957900
vt 0.62500000 0.25000000
vt 0.25000000 0.75000000
vt 0.48513100 0.75000000
vt 0.49862000 0.50000000
vt 0.25000000 0.50000000
vt 0.25000000 0.25000000
vt 0.25000000 0.50000000
vt 0.49862000 0.50000000
vt 0.37500000 0.25000000
vt 0.12500000 0.50000000
vt 0.06448800 0.75000000
vt 0.25000000 0.75000000
vt 0.25000000 0.50000000
vt 0.12500000 0.50000000
vt 0.25000000 0.50000000
vt 0.25000000 0.25000000
vt 0.05624500 0.25000000
vt 0.87500000 0.50211100
vt 1.00000000 0.50000000
vt 1.00000000 0.25000000
vt 0.87500000 0.25000000
vt 0.75000000 0.25000000
vt 0.75000000 0.50000000
vt 0.87500000 0.50211100
vt 0.87500000 0.25000000
vt 0.62500000 0.63957900
vt 0.75000000 0.50000000
vt 0.75000000 0.25000000
vt 0.62500000 0.25000000
vt 0.50000000 0.25000000
vt 0.49862000 0.50000000
vt 0.62500000 0.63957900
vt 0.62500000 0.25000000
vt 0.25000000 0.75000000
vt 0.48513100 0.75000000
vt 0.49862000 0.50000000
vt 0.25000000 0.50000000
vt 0.25000000 0.25000000
vt 0.25000000 0.50000000
vt 0.49862000 0.50000000
vt 0.37500000 0.25000000
vt 0.12500000 0.50000000
vt 0.06448800 0.75000000
vt 0.25000000 0.75000000
vt 0.25000000 0.50000000
vt 0.12500000 0.50000000
vt 0.25000000 0.50000000
vt 0.25000000 0.25000000
vt 0.05624500 0.25000000
vt 0.87500000 0.50211100
vt 1.00000000 0.50000000
vt 1.00000000 0.25000000
vt 0.87500000 0.25000000
vt 0.75000000 0.25000000
vt 0.75000000 0.50000000
vt 0.87500000 0.50211100
vt 0.87500000 0.25000000
vt 0.62500000 0.50000000
vt 0.75000000 0.53456600
vt 0.85596200 0.25000000
vt 0.53477500 0.25000000
vt 0.37500000 0.50000000
vt 0.50000000 0.50000000
vt 0.53477500 0.25000000
vt 0.37500000 0.25000000
vt 0.37500000 0.75000000
vt 0.57747900 0.75000000
vt 0.50000000 0.50000000
vt 0.37500000 0.50000000
vt 0.25000000 0.50000000
vt 0.25000000 0.75000000
vt 0.37500000 0.75000000
vt 0.37500000 0.50000000
vt 0.25000000 0.25000000
vt 0.25000000 0.50000000
vt 0.37500000 0.50000000
vt 0.37500000 0.25000000
vt 0.12500000 0.49520700
vt 0.25000000 0.50000000
vt 0.25000000 0.25000000
vt 0.12500000 0.25000000
vt 0.00000000 0.25000000
vt 0.00000000 0.57067800
vt 0.12500000 0.49520700
vt 0.12500000 0.25000000
vt 0.87500000 0.50000000
vt 1.00000000 0.57067800
vt 1.00000000 0.25000000
vt 0.85596200 0.25000000
vt 0.62500000 0.63957900
vt 0.75000000 0.50000000
vt 0.75000000 0.25000000
vt 0.62500000 0.25000000
vt 0.50000000 0.25000000
vt 0.49862000 0.50000000
vt 0.62500000 0.63957900
vt 0.62500000 0.25000000
vt 0.25000000 0.75000000
vt 0.48513100 0.75000000
vt 0.49862000 0.50000000
vt 0.25000000 0.50000000
vt 0.25000000 0.25000000
vt 0.25000000 0.50000000
vt 0.49862000 0.50000000
vt 0.37500000 0.25000000
vt 0.12500000 0.50000000
vt 0.06448800 0.75000000
vt 0.25000000 0.75000000
vt 0.25000000 0.50000000
vt 0.12500000 0.50000000
vt 0.25000000 0.50000000
vt 0.25000000 0.25000000
vt 0.05624500 0.25000000
vt 0.87500000 0.50211100
vt 1.00000000 0.50000000
vt 1.00000000 0.25000000
vt 0.87500000 0.25000000
vt 0.75000000 0.25000000
vt 0.75000000 0.50000000
vt 0.87500000 0.50211100
vt 0.87500000 0.25000000
vt 0.49431200 0.25000000
vt 0.45191000 0.52597900
vt 0.62500000 0.50000000
vt 0.66823500 0.25000000
vt 0.21460700 0.75000000
vt 0.37500000 0.75000000
vt 0.45191000 0.52597900
vt 0.25000000 0.50000000
vt 0.23248300 0.17993200
vt 0.25000000 0.50000000
vt 0.45191000 0.52597900
vt 0.49431200 0.25000000
vt 0.75000000 0.50000000
vt 0.72593500 0.75000000
vt 0.99324400 0.72905200
vt 0.87500000 0.26965700
vt 0.62500000 0.50000000
vt 0.75000000 0.53456600
vt 0.85596200 0.25000000
vt 0.53477500 0.25000000
vt 0.37500000 0.50000000
vt 0.50000000 0.50000000
vt 0.53477500 0.25000000
vt 0.37500000 0.25000000
vt 0.37500000 0.75000000
vt 0.57747900 0.75000000
vt 0.50000000 0.50000000
vt 0.37500000 0.50000000
vt 0.25000000 0.50000000
vt 0.25000000 0.75000000
vt 0.37500000 0.75000000
vt 0.37500000 0.50000000
vt 0.25000000 0.25000000
vt 0.25000000 0.50000000
vt 0.37500000 0.50000000
vt 0.37500000 0.25000000
vt 0.12500000 0.49520700
vt 0.25000000 0.50000000
vt 0.25000000 0.25000000
vt 0.12500000 0.25000000
vt 0.00000000 0.25000000
vt 0.00000000 0.57067800
vt 0.12500000 0.49520700
vt 0.12500000 0.25000000
vt 0.87500000 0.50000000
vt 1.00000000 0.57067800
vt 1.00000000 0.25000000
vt 0.85596200 0.25000000
vt 0.62500000 0.50000000
vt 0.75000000 0.53456600
vt 0.85596200 0.25000000
vt 0.53477500 0.25000000
vt 0.37500000 0.50000000
vt 0.50000000 0.50000000
vt 0.53477500 0.25000000
vt 0.37500000 0.25000000
vt 0.37500000 0.75000000
vt 0.57747900 0.75000000
vt 0.50000000 0.50000000
vt 0.37500000 0.50000000
vt 0.25000000 0.50000000
vt 0.25000000 0.75000000
vt 0.37500000 0.75000000
vt 0.37500000 0.50000000
vt 0.25000000 0.25000000
vt 0.25000000 0.50000000
vt 0.37500000 0.50000000
vt 0.37500000 0.25000000
vt 0.12500000 0.49520700
vt 0.25000000 0.50000000
vt 0.25000000 0.25000000
vt 0.12500000 0.25000000
vt 0.00000000 0.25000000
vt 0.00000000 0.57067800
vt 0.12500000 0.49520700
vt 0.12500000 0.25000000
vt 0.87500000 0.50000000
vt 1.00000000 0.57067800
vt 1.00000000 0.25000000
vt 0.85596200 0.25000000
vt 0.50000000 0.25000000
vt 0.50000000 0.50000000
vt 0.62500000 0.50000000
vt 0.63033100 0.25000000
vt 0.50000000 0.75000000
vt 0.68555700 0.75000000
vt 0.62500000 0.50000000
vt 0.50000000 0.50000000
vt 0.37500000 0.50000000
vt 0.50000000 0.50000000
vt 0.50000000 0.25000000
vt 0.37500000 0.25000000
vt 0.35280200 0.75000000
vt 0.50000000 0.75000000
vt 0.50000000 0.50000000
vt 0.37500000 0.50000000
vt 0.25000000 0.50000000
vt 0.37500000 0.50000000
vt 0.37500000 0.25000000
vt 0.21662900 0.25000000
vt 0.00000000 0.25000000
vt 0.00000000 0.49812300
vt 0.12500000 0.50834600
vt 0.21662900 0.25000000
vt 0.87500000 0.50000000
vt 1.00000000 0.49812300
vt 1.00000000 0.25000000
vt 0.87500000 0.25000000
vt 0.75000000 0.50000000
vt 0.68555700 0.75000000
vt 0.87500000 0.75000000
vt 0.87500000 0.50000000
vt 0.75000000 0.50000000
vt 0.87500000 0.50000000
vt 0.87500000 0.25000000
vt 0.63033100 0.25000000
vt 0.62500000 0.50000000
vt 0.75000000 0.53456600
vt 0.85596200 0.25000000
vt 0.53477500 0.25000000
vt 0.37500000 0.50000000
vt 0.50000000 0.50000000
vt 0.53477500 0.25000000
vt 0.37500000 0.25000000
vt 0.37500000 0.75000000
vt 0.57747900 0.75000000
vt 0.50000000 0.50000000
vt 0.37500000 0.50000000
vt 0.25000000 0.50000000
vt 0.25000000 0.75000000
vt 0.37500000 0.75000000
vt 0.37500000 0.50000000
vt 0.25000000 0.25000000
vt 0.25000000 0.50000000
vt 0.37500000 0.50000000
vt 0.37500000 0.25000000
vt 0.12500000 0.49520700
vt 0.25000000 0.50000000
vt 0.25000000 0.25000000
vt 0.12500000 0.25000000
vt 0.00000000 0.25000000
vt 0.00000000 0.57067800
vt 0.12500000 0.49520700
vt 0.12500000 0.25000000
vt 0.87500000 0.50000000
vt 1.00000000 0.57067800
vt 1.00000000 0.25000000
vt 0.85596200 0.25000000
vt 0.50000000 0.25000000
vt 0.50000000 0.50000000
vt 0.62500000 0.50000000
vt 0.63033100 0.25000000
vt 0.50000000 0.75000000
vt 0.68555700 0.75000000
vt 0.62500000 0.50000000
vt 0.50000000 0.50000000
vt 0.37500000 0.50000000
vt 0.50000000 0.50000000
vt 0.50000000 0.25000000
vt 0.37500000 0.25000000
vt 0.35280200 0.75000000
vt 0.50000000 0.75000000
vt 0.50000000 0.50000000
vt 0.37500000 0.50000000
vt 0.25000000 0.50000000
vt 0.37500000 0.50000000
vt 0.37500000 0.25000000
vt 0.21662900 0.25000000
vt 0.00000000 0.25000000
vt 0.00000000 0.49812300
vt 0.12500000 0.50834600
vt 0.21662900 0.25000000
vt 0.87500000 0.50000000
vt 1.00000000 0.49812300
vt 1.00000000 0.25000000
vt 0.87500000 0.25000000
vt 0.75000000 0.50000000
vt 0.68555700 0.75000000
vt 0.87500000 0.75000000
vt 0.87500000 0.50000000
vt 0.75000000 0.50000000
vt 0.87500000 0.50000000
vt 0.87500000 0.25000000
vt 0.63033100 0.25000000
vt 0.49431200 0.25000000
vt 0.45191000 0.52597900
vt 0.62500000 0.50000000
vt 0.66823500 0.25000000
vt 0.21460700 0.75000000
vt 0.37500000 0.75000000
vt 0.45191000 0.52597900
vt 0.25000000 0.50000000
vt 0.23248300 0.17993200
vt 0.25000000 0.50000000
vt 0.45191000 0.52597900
vt 0.49431200 0.25000000
vt 0.75000000 0.50000000
vt 0.72593500 0.75000000
vt 0.99324400 0.72905200
vt 0.87500000 0.26965700
vt 0.50000000 0.25000000
vt 0.50000000 0.50000000
vt 0.62500000 0.50000000
vt 0.63033100 0.25000000
vt 0.50000000 0.75000000
vt 0.68555700 0.75000000
vt 0.62500000 0.50000000
vt 0.50000000 0.50000000
vt 0.37500000 0.50000000
vt 0.50000000 0.50000000
vt 0.50000000 0.25000000
vt 0.37500000 0.25000000
vt 0.35280200 0.75000000
vt 0.50000000 0.75000000
vt 0.50000000 0.50000000
vt 0.37500000 0.50000000
vt 0.25000000 0.50000000
vt 0.37500000 0.50000000
vt 0.37500000 0.25000000
vt 0.21662900 0.25000000
vt 0.00000000 0.25000000
vt 0.00000000 0.49812300
vt 0.12500000 0.50834600
vt 0.21662900 0.25000000
vt 0.87500000 0.50000000
vt 1.00000000 0.49812300
vt 1.00000000 0.25000000
vt 0.87500000 0.25000000
vt 0.75000000 0.50000000
vt 0.68555700 0.75000000
vt 0.87500000 0.75000000
vt 0.87500000 0.50000000
vt 0.75000000 0.50000000
vt 0.87500000 0.50000000
vt 0.87500000 0.25000000
vt 0.63033100 0.25000000
vt 0.50000000 0.25000000
vt 0.50000000 0.50000000
vt 0.62500000 0.50000000
vt 0.63033100 0.25000000
vt 0.50000000 0.75000000
vt 0.68555700 0.75000000
vt 0.62500000 0.50000000
vt 0.50000000 0.50000000
vt 0.37500000 0.50000000
vt 0.50000000 0.50000000
vt 0.50000000 0.25000000
vt 0.37500000 0.25000000
vt 0.35280200 0.75000000
vt 0.50000000 0.75000000
vt 0.50000000 0.50000000
vt 0.37500000 0.50000000
vt 0.25000000 0.50000000
vt 0.37500000 0.50000000
vt 0.37500000 0.25000000
vt 0.21662900 0.25000000
vt 0.00000000 0.25000000
vt 0.00000000 0.49812300
vt 0.12500000 0.50834600
vt 0.21662900 0.25000000
vt 0.87500000 0.50000000
vt 1.00000000 0.49812300
vt 1.00000000 0.25000000
vt 0.87500000 0.25000000
vt 0.75000000 0.50000000
vt 0.68555700 0.75000000
vt 0.87500000 0.75000000
vt 0.87500000 0.50000000
vt 0.75000000 0.50000000
vt 0.87500000 0.50000000
vt 0.87500000 0.25000000
vt 0.63033100 0.25000000
vt 0.62500000 0.63957900
vt 0.75000000 0.50000000
vt 0.75000000 0.25000000
vt 0.62500000 0.25000000
vt 0.50000000 0.25000000
vt 0.49862000 0.50000000
vt 0.62500000 0.63957900
vt 0.62500000 0.25000000
vt 0.25000000 0.75000000
vt 0.48513100 0.75000000
vt 0.49862000 0.50000000
vt 0.25000000 0.50000000
vt 0.25000000 0.25000000
vt 0.25000000 0.50000000
vt 0.49862000 0.50000000
vt 0.37500000 0.25000000
vt 0.12500000 0.50000000
vt 0.06448800 0.75000000
vt 0.25000000 0.75000000
vt 0.25000000 0.50000000
vt 0.12500000 0.50000000
vt 0.25000000 0.50000000
vt 0.25000000 0.25000000
vt 0.05624500 0.25000000
vt 0.87500000 0.50211100
vt 1.00000000 0.50000000
vt 1.00000000 0.25000000
vt 0.87500000 0.25000000
vt 0.75000000 0.25000000
vt 0.75000000 0.50000000
vt 0.87500000 0.50211100
vt 0.87500000 0.25000000
vt 0.62500000 0.50000000
vt 0.75000000 0.53456600
vt 0.85596200 0.25000000
vt 0.53477500 0.25000000
vt 0.37500000 0.50000000
vt 0.50000000 0.50000000
vt 0.53477500 0.25000000
vt 0.37500000 0.25000000
vt 0.37500000 0.75000000
vt 0.57747900 0.75000000
vt 0.50000000 0.50000000
vt 0.37500000 0.50000000
vt 0.25000000 0.50000000
vt 0.25000000 0.75000000
vt 0.37500000 0.75000000
vt 0.37500000 0.50000000
vt 0.25000000 0.25000000
vt 0.25000000 0.50000000
vt 0.37500000 0.50000000
vt 0.37500000 0.25000000
vt 0.12500000 0.49520700
vt 0.25000000 0.50000000
vt 0.25000000 0.25000000
vt 0.12500000 0.25000000
vt 0.00000000 0.25000000
vt 0.00000000 0.57067800
vt 0.12500000 0.49520700
vt 0.12500000 0.25000000
vt 0.87500000 0.50000000
vt 1.00000000 0.57067800
vt 1.00000000 0.25000000
vt 0.85596200 0.25000000
vt 0.62500000 0.50000000
vt 0.75000000 0.53456600
vt 0.85596200 0.25000000
vt 0.53477500 0.25000000
vt 0.37500000 0.50000000
vt 0.50000000 0.50000000
vt 0.53477500 0.25000000
vt 0.37500000 0.25000000
vt 0.37500000 0.75000000
vt 0.57747900 0.75000000
vt 0.50000000 0.50000000
vt 0.37500000 0.50000000
vt 0.25000000 0.50000000
vt 0.25000000 0.75000000
vt 0.37500000 0.75000000
vt 0.37500000 0.50000000
vt 0.25000000 0.25000000
vt 0.25000000 0.50000000
vt 0.37500000 0.50000000
vt 0.37500000 0.25000000
vt 0.12500000 0.49520700
vt 0.25000000 0.50000000
vt 0.25000000 0.25000000
vt 0.12500000 0.25000000
vt 0.00000000 0.25000000
vt 0.00000000 0.57067800
vt 0.12500000 0.49520700
vt 0.12500000 0.25000000
vt 0.87500000 0.50000000
vt 1.00000000 0.57067800
vt 1.00000000 0.25000000
vt 0.85596200 0.25000000
vt 0.62500000 0.50000000
vt 0.75000000 0.53456600
vt 0.85596200 0.25000000
vt 0.53477500 0.25000000
vt 0.37500000 0.50000000
vt 0.50000000 0.50000000
vt 0.53477500 0.25000000
vt 0.37500000 0.25000000
vt 0.37500000 0.75000000
vt 0.57747900 0.75000000
vt 0.50000000 0.50000000
vt 0.37500000 0.50000000
vt 0.25000000 0.50000000
vt 0.25000000 0.75000000
vt 0.37500000 0.75000000
vt 0.37500000 0.50000000
vt 0.25000000 0.25000000
vt 0.25000000 0.50000000
vt 0.37500000 0.50000000
vt 0.37500000 0.25000000
vt 0.12500000 0.49520700
vt 0.25000000 0.50000000
vt 0.25000000 0.25000000
vt 0.12500000 0.25000000
vt 0.00000000 0.25000000
vt 0.00000000 0.57067800
vt 0.12500000 0.49520700
vt 0.12500000 0.25000000
vt 0.87500000 0.50000000
vt 1.00000000 0.57067800
vt 1.00000000 0.25000000
vt 0.85596200 0.25000000
vt 0.49431200 0.25000000
vt 0.45191000 0.52597900
vt 0.62500000 0.50000000
vt 0.66823500 0.25000000
vt 0.21460700 0.75000000
vt 0.37500000 0.75000000
vt 0.45191000 0.52597900
vt 0.25000000 0.50000000
vt 0.23248300 0.17993200
vt 0.25000000 0.50000000
vt 0.45191000 0.52597900
vt 0.49431200 0.25000000
vt 0.75000000 0.50000000
vt 0.72593500 0.75000000
vt 0.99324400 0.72905200
vt 0.87500000 0.26965700
vt 0.49431200 0.25000000
vt 0.45191000 0.52597900
vt 0.62500000 0.50000000
vt 0.66823500 0.25000000
vt 0.21460700 0.75000000
vt 0.37500000 0.75000000
vt 0.45191000 0.52597900
vt 0.25000000 0.50000000
vt 0.23248300 0.17993200
vt 0.25000000 0.50000000
vt 0.45191000 0.52597900
vt 0.49431200 0.25000000
vt 0.75000000 0.50000000
vt 0.72593500 0.75000000
vt 0.99324400 0.72905200
vt 0.87500000 0.26965700
vt 0.49431200 0.25000000
vt 0.45191000 0.52597900
vt 0.62500000 0.50000000
vt 0.66823500 0.25000000
vt 0.21460700 0.75000000
vt 0.37500000 0.75000000
vt 0.45191000 0.52597900
vt 0.25000000 0.50000000
vt 0.23248300 0.17993200
vt 0.25000000 0.50000000
vt 0.45191000 0.52597900
vt 0.49431200 0.25000000
vt 0.75000000 0.50000000
vt 0.72593500 0.75000000
vt 0.99324400 0.72905200
vt 0.87500000 0.26965700
vt 0.50000000 0.25000000
vt 0.50000000 0.50000000
vt 0.62500000 0.50000000
vt 0.63033100 0.25000000
vt 0.50000000 0.75000000
vt 0.68555700 0.75000000
vt 0.62500000 0.50000000
vt 0.50000000 0.50000000
vt 0.37500000 0.50000000
vt 0.50000000 0.50000000
vt 0.50000000 0.25000000
vt 0.37500000 0.25000000
vt 0.35280200 0.75000000
vt 0.50000000 0.75000000
vt 0.50000000 0.50000000
vt 0.37500000 0.50000000
vt 0.25000000 0.50000000
vt 0.37500000 0.50000000
vt 0.37500000 0.25000000
vt 0.21662900 0.25000000
vt 0.00000000 0.25000000
vt 0.00000000 0.49812300
vt 0.12500000 0.50834600
vt 0.21662900 0.25000000
vt 0.87500000 0.50000000
vt 1.00000000 0.49812300
vt 1.00000000 0.25000000
vt 0.87500000 0.25000000
vt 0.75000000 0.50000000
vt 0.68555700 0.75000000
vt 0.87500000 0.75000000
vt 0.87500000 0.50000000
vt 0.75000000 0.50000000
vt 0.87500000 0.50000000
vt 0.87500000 0.25000000
vt 0.63033100 0.25000000
vt 0.49431200 0.25000000
vt 0.45191000 0.52597900
vt 0.62500000 0.50000000
vt 0.66823500 0.25000000
vt 0.21460700 0.75000000
vt 0.37500000 0.75000000
vt 0.45191000 0.52597900
vt 0.25000000 0.50000000
vt 0.23248300 0.17993200
vt 0.25000000 0.50000000
vt 0.45191000 0.52597900
vt 0.49431200 0.25000000
vt 0.75000000 0.50000000
vt 0.72593500 0.75000000
vt 0.99324400 0.72905200
vt 0.87500000 0.26965700
vt 0.50000000 0.25000000
vt 0.50000000 0.50000000
vt 0.62500000 0.50000000
vt 0.63033100 0.25000000
vt 0.50000000 0.75000000
vt 0.68555700 0.75000000
vt 0.62500000 0.50000000
vt 0.50000000 0.50000000
vt 0.37500000 0.50000000
vt 0.50000000 0.50000000
vt 0.50000000 0.25000000
vt 0.37500000 0.25000000
vt 0.35280200 0.75000000
vt 0.50000000 0.75000000
vt 0.50000000 0.50000000
vt 0.37500000 0.50000000
vt 0.25000000 0.50000000
vt 0.37500000 0.50000000
vt 0.37500000 0.25000000
vt 0.21662900 0.25000000
vt 0.00000000 0.25000000
vt 0.00000000 0.49812300
vt 0.12500000 0.50834600
vt 0.21662900 0.25000000
vt 0.87500000 0.50000000
vt 1.00000000 0.49812300
vt 1.00000000 0.25000000
vt 0.87500000 0.25000000
vt 0.75000000 0.50000000
vt 0.68555700 0.75000000
vt 0.87500000 0.75000000
vt 0.87500000 0.50000000
vt 0.75000000 0.50000000
vt 0.87500000 0.50000000
vt 0.87500000 0.25000000
vt 0.63033100 0.25000000
vt 0.62500000 0.63957900
vt 0.75000000 0.50000000
vt 0.75000000 0.25000000
vt 0.62500000 0.25000000
vt 0.50000000 0.25000000
vt 0.49862000 0.50000000
vt 0.62500000 0.63957900
vt 0.62500000 0.25000000
vt 0.25000000 0.75000000
vt 0.48513100 0.75000000
vt 0.49862000 0.50000000
vt 0.25000000 0.50000000
vt 0.25000000 0.25000000
vt 0.25000000 0.50000000
vt 0.49862000 0.50000000
vt 0.37500000 0.25000000
vt 0.12500000 0.50000000
vt 0.06448800 0.75000000
vt 0.25000000 0.75000000
vt 0.25000000 0.50000000
vt 0.12500000 0.50000000
vt 0.25000000 0.50000000
vt 0.25000000 0.25000000
vt 0.05624500 0.25000000
vt 0.87500000 0.50211100
vt 1.00000000 0.50000000
vt 1.00000000 0.25000000
vt 0.87500000 0.25000000
vt 0.75000000 0.25000000
vt 0.75000000 0.50000000
vt 0.87500000 0.50211100
vt 0.87500000 0.25000000
vt 0.49431200 0.25000000
vt 0.45191000 0.52597900
vt 0.62500000 0.50000000
vt 0.66823500 0.25000000
vt 0.21460700 0.75000000
vt 0.37500000 0.75000000
vt 0.45191000 0.52597900
vt 0.25000000 0.50000000
vt 0.23248300 0.17993200
vt 0.25000000 0.50000000
vt 0.45191000 0.52597900
vt 0.49431200 0.25000000
vt 0.75000000 0.50000000
vt 0.72593500 0.75000000
vt 0.99324400 0.72905200
vt 0.87500000 0.26965700
vt 0.49431200 0.25000000
vt 0.45191000 0.52597900
vt 0.62500000 0.50000000
vt 0.66823500 0.25000000
vt 0.21460700 0.75000000
vt 0.37500000 0.75000000
vt 0.45191000 0.52597900
vt 0.25000000 0.50000000
vt 0.23248300 0.17993200
vt 0.25000000 0.50000000
vt 0.45191000 0.52597900
vt 0.49431200 0.25000000
vt 0.75000000 0.50000000
vt 0.72593500 0.75000000
vt 0.99324400 0.72905200
vt 0.87500000 0.26965700
vt 0.62500000 0.50000000
vt 0.75000000 0.53456600
vt 0.85596200 0.25000000
vt 0.53477500 0.25000000
vt 0.37500000 0.50000000
vt 0.50000000 0.50000000
vt 0.53477500 0.25000000
vt 0.37500000 0.25000000
vt 0.37500000 0.75000000
vt 0.57747900 0.75000000
vt 0.50000000 0.50000000
vt 0.37500000 0.50000000
vt 0.25000000 0.50000000
vt 0.25000000 0.75000000
vt 0.37500000 0.75000000
vt 0.37500000 0.50000000
vt 0.25000000 0.25000000
vt 0.25000000 0.50000000
vt 0.37500000 0.50000000
vt 0.37500000 0.25000000
vt 0.12500000 0.49520700
vt 0.25000000 0.50000000
vt 0.25000000 0.25000000
vt 0.12500000 0.25000000
vt 0.00000000 0.25000000
vt 0.00000000 0.57067800
vt 0.12500000 0.49520700
vt 0.12500000 0.25000000
vt 0.87500000 0.50000000
vt 1.00000000 0.57067800
vt 1.00000000 0.25000000
vt 0.85596200 0.25000000
vt 0.62500000 0.50000000
vt 0.75000000 0.53456600
vt 0.85596200 0.25000000
vt 0.53477500 0.25000000
vt 0.37500000 0.50000000
vt 0.50000000 0.50000000
vt 0.53477500 0.25000000
vt 0.37500000 0.25000000
vt 0.37500000 0.75000000
vt 0.57747900 0.75000000
vt 0.50000000 0.50000000
vt 0.37500000 0.50000000
vt 0.25000000 0.50000000
vt 0.25000000 0.75000000
vt 0.37500000 0.75000000
vt 0.37500000 0.50000000
vt 0.25000000 0.25000000
vt 0.25000000 0.50000000
vt 0.37500000 0.50000000
vt 0.37500000 0.25000000
vt 0.12500000 0.49520700
vt 0.25000000 0.50000000
vt 0.25000000 0.25000000
vt 0.12500000 0.25000000
vt 0.00000000 0.25000000
vt 0.00000000 0.57067800
vt 0.12500000 0.49520700
vt 0.12500000 0.25000000
vt 0.87500000 0.50000000
vt 1.00000000 0.57067800
vt 1.00000000 0.25000000
vt 0.85596200 0.25000000
vt 0.62500000 0.50000000
vt 0.75000000 0.53456600
vt 0.85596200 0.25000000
vt 0.53477500 0.25000000
vt 0.37500000 0.50000000
vt 0.50000000 0.50000000
vt 0.53477500 0.25000000
vt 0.37500000 0.25000000
vt 0.37500000 0.75000000
vt 0.57747900 0.75000000
vt 0.50000000 0.50000000
vt 0.37500000 0.50000000
vt 0.25000000 0.50000000
vt 0.25000000 0.75000000
vt 0.37500000 0.75000000
vt 0.37500000 0.50000000
vt 0.25000000 0.25000000
vt 0.25000000 0.50000000
vt 0.37500000 0.50000000
vt 0.37500000 0.25000000
vt 0.12500000 0.49520700
vt 0.25000000 0.50000000
vt 0.25000000 0.25000000
vt 0.12500000 0.25000000
vt 0.00000000 0.25000000
vt 0.00000000 0.57067800
vt 0.12500000 0.49520700
vt 0.12500000 0.25000000
vt 0.87500000 0.50000000
vt 1.00000000 0.57067800
vt 1.00000000 0.25000000
vt 0.85596200 0.25000000
vt 0.62500000 0.50000000
vt 0.75000000 0.53456600
vt 0.85596200 0.25000000
vt 0.53477500 0.25000000
vt 0.37500000 0.50000000
vt 0.50000000 0.50000000
vt 0.53477500 0.25000000
vt 0.37500000 0.25000000
vt 0.37500000 0.75000000
vt 0.57747900 0.75000000
vt 0.50000000 0.50000000
vt 0.37500000 0.50000000
vt 0.25000000 0.50000000
vt 0.25000000 0.75000000
vt 0.37500000 0.75000000
vt 0.37500000 0.50000000
vt 0.25000000 0.25000000
vt 0.25000000 0.50000000
vt 0.37500000 0.50000000
vt 0.37500000 0.25000000
vt 0.12500000 0.49520700
vt 0.25000000 0.50000000
vt 0.25000000 0.25000000
vt 0.12500000 0.25000000
vt 0.00000000 0.25000000
vt 0.00000000 0.57067800
vt 0.12500000 0.49520700
vt 0.12500000 0.25000000
vt 0.87500000 0.50000000
vt 1.00000000 0.57067800
vt 1.00000000 0.25000000
vt 0.85596200 0.25000000
vt 0.62500000 0.50000000
vt 0.75000000 0.53456600
vt 0.85596200 0.25000000
vt 0.53477500 0.25000000
vt 0.37500000 0.50000000
vt 0.50000000 0.50000000
vt 0.53477500 0.25000000
vt 0.37500000 0.25000000
vt 0.37500000 0.75000000
vt 0.57747900 0.75000000
vt 0.50000000 0.50000000
vt 0.37500000 0.50000000
vt 0.25000000 0.50000000
vt 0.25000000 0.75000000
vt 0.37500000 0.75000000
vt 0.37500000 0.50000000
vt 0.25000000 0.25000000
vt 0.25000000 0.50000000
vt 0.37500000 0.50000000
vt 0.37500000 0.25000000
vt 0.12500000 0.49520700
vt 0.25000000 0.50000000
vt 0.25000000 0.25000000
vt 0.12500000 0.25000000
vt 0.00000000 0.25000000
vt 0.00000000 0.57067800
vt 0.12500000 0.49520700
vt 0.12500000 0.25000000
vt 0.87500000 0.50000000
vt 1.00000000 0.57067800
vt 1.00000000 0.25000000
vt 0.85596200 0.25000000
vt 0.62500000 0.63957900
vt 0.75000000 0.50000000
vt 0.75000000 0.25000000
vt 0.62500000 0.25000000
vt 0.50000000 0.25000000
vt 0.49862000 0.50000000
vt 0.62500000 0.63957900
vt 0.62500000 0.25000000
vt 0.25000000 0.75000000
vt 0.48513100 0.75000000
vt 0.49862000 0.50000000
vt 0.25000000 0.50000000
vt 0.25000000 0.25000000
vt 0.25000000 0.50000000
vt 0.49862000 0.50000000
vt 0.37500000 0.25000000
vt 0.12500000 0.50000000
vt 0.06448800 0.75000000
vt 0.25000000 0.75000000
vt 0.25000000 0.50000000
vt 0.12500000 0.50000000
vt 0.25000000 0.50000000
vt 0.25000000 0.25000000
vt 0.05624500 0.25000000
vt 0.87500000 0.50211100
vt 1.00000000 0.50000000
vt 1.00000000 0.25000000
vt 0.87500000 0.25000000
vt 0.75000000 0.25000000
vt 0.75000000 0.50000000
vt 0.87500000 0.50211100
vt 0.87500000 0.25000000
vt 0.62500000 0.63957900
vt 0.75000000 0.50000000
vt 0.75000000 0.25000000
vt 0.62500000 0.25000000
vt 0.50000000 0.25000000
vt 0.49862000 0.50000000
vt 0.62500000 0.63957900
vt 0.62500000 0.25000000
vt 0.25000000 0.75000000
vt 0.48513100 0.75000000
vt 0.49862000 0.50000000
vt 0.25000000 0.50000000
vt 0.25000000 0.25000000
vt 0.25000000 0.50000000
vt 0.49862000 0.50000000
vt 0.37500000 0.25000000
vt 0.12500000 0.50000000
vt 0.06448800 0.75000000
vt 0.25000000 0.75000000
vt 0.25000000 0.50000000
vt 0.12500000 0.50000000
vt 0.25000000 0.50000000
vt 0.25000000 0.25000000
vt 0.05624500 0.25000000
vt 0.87500000 0.50211100
vt 1.00000000 0.50000000
vt 1.00000000 0.25000000
vt 0.87500000 0.25000000
vt 0.75000000 0.25000000
vt 0.75000000 0.50000000
vt 0.87500000 0.50211100
vt 0.87500000 0.25000000
vt 0.62500000 0.63957900
vt 0.75000000 0.50000000
vt 0.75000000 0.25000000
vt 0.62500000 0.25000000
vt 0.50000000 0.25000000
vt 0.49862000 0.50000000
vt 0.62500000 0.63957900
vt 0.62500000 0.25000000
vt 0.25000000 0.75000000
vt 0.48513100 0.75000000
vt 0.49862000 0.50000000
vt 0.25000000 0.50000000
vt 0.25000000 0.25000000
vt 0.25000000 0.50000000
vt 0.49862000 0.50000000
vt 0.37500000 0.25000000
vt 0.12500000 0.50000000
vt 0.06448800 0.75000000
vt 0.25000000 0.75000000
vt 0.25000000 0.50000000
vt 0.12500000 0.50000000
vt 0.25000000 0.50000000
vt 0.25000000 0.25000000
vt 0.05624500 0.25000000
vt 0.87500000 0.50211100
vt 1.00000000 0.50000000
vt 1.00000000 0.25000000
vt 0.87500000 0.25000000
vt 0.75000000 0.25000000
vt 0.75000000 0.50000000
vt 0.87500000 0.50211100
vt 0.87500000 0.25000000
vt 0.62500000 0.50000000
vt 0.75000000 0.53456600
vt 0.85596200 0.25000000
vt 0.53477500 0.25000000
vt 0.37500000 0.50000000
vt 0.50000000 0.50000000
vt 0.53477500 0.25000000
vt 0.37500000 0.25000000
vt 0.37500000 0.75000000
vt 0.57747900 0.75000000
vt 0.50000000 0.50000000
vt 0.37500000 0.50000000
vt 0.25000000 0.50000000
vt 0.25000000 0.75000000
vt 0.37500000 0.75000000
vt 0.37500000 0.50000000
vt 0.25000000 0.25000000
vt 0.25000000 0.50000000
vt 0.37500000 0.50000000
vt 0.37500000 0.25000000
vt 0.12500000 0.49520700
vt 0.25000000 0.50000000
vt 0.25000000 0.25000000
vt 0.12500000 0.25000000
vt 0.00000000 0.25000000
vt 0.00000000 0.57067800
vt 0.12500000 0.49520700
vt 0.12500000 0.25000000
vt 0.87500000 0.50000000
vt 1.00000000 0.57067800
vt 1.00000000 0.25000000
vt 0.85596200 0.25000000
vt 0.50000000 0.25000000
vt 0.50000000 0.50000000
vt 0.62500000 0.50000000
vt 0.63033100 0.25000000
vt 0.50000000 0.75000000
vt 0.68555700 0.75000000
vt 0.62500000 0.50000000
vt 0.50000000 0.50000000
vt 0.37500000 0.50000000
vt 0.50000000 0.50000000
vt 0.50000000 0.25000000
vt 0.37500000 0.25000000
vt 0.35280200 0.75000000
vt 0.50000000 0.75000000
vt 0.50000000 0.50000000
vt 0.37500000 0.50000000
vt 0.25000000 0.50000000
vt 0.37500000 0.50000000
vt 0.37500000 0.25000000
vt 0.21662900 0.25000000
vt 0.00000000 0.25000000
vt 0.00000000 0.49812300
vt 0.12500000 0.50834600
vt 0.21662900 0.25000000
vt 0.87500000 0.50000000
vt 1.00000000 0.49812300
vt 1.00000000 0.25000000
vt 0.87500000 0.25000000
vt 0.75000000 0.50000000
vt 0.68555700 0.75000000
vt 0.87500000 0.75000000
vt 0.87500000 0.50000000
vt 0.75000000 0.50000000
vt 0.87500000 0.50000000
vt 0.87500000 0.25000000
vt 0.63033100 0.25000000
f 1/1/1 2/2/2 3/3/3
f 4/4/4 5/5/5 6/6/6
f 7/7/7 8/8/8 9/9/9
f 10/10/10 11/11/11 12/12/12
f 13/13/13 14/14/14 15/15/15
f 16/16/16 17/17/17 18/18/18
f 19/19/19 20/20/20 21/21/21
f 22/22/22 23/23/23 24/24/24
f 25/25/25 26/26/26 27/27/27
f 28/28/28 29/29/29 30/30/30
f 31/31/31 32/32/32 33/33/33
f 34/34/34 35/35/35 36/36/36
f 37/37/37 38/38/38 39/39/39
f 40/40/40 41/41/41 42/42/42
f 43/43/43 44/44/44 45/45/45
f 46/46/46 47/47/47 48/48/48
f 49/49/49 50/50/50 51/51/51
f 52/52/52 53/53/53 54/54/54
f 55/55/55 56/56/56 57/57/57
f 58/58/58 59/59/59 60/60/60
f 61/61/61 62/62/62 63/63/63
f 67/67/67 68/68/68 69/69/69
f 72/72/72 73/73/73 74/74/74
f 75/75/75 76/76/76 77/77/77
f 78/78/78 79/79/79 80/80/80
f 81/81/81 82/82/82 83/83/83
f 84/84/84 85/85/85 86/86/86
f 87/87/87 88/88/88 89/89/89
f 90/90/90 91/91/91 92/92/92
f 93/93/93 94/94/94 95/95/95
f 96/96/96 97/97/97 98/98/98
f 99/99/99 100/100/100 101/101/101
f 102/102/102 103/103/103 104/104/104
f 105/105/105 106/106/106 107/107/107
f 108/108/108 109/109/109 110/110/110
f 111/111/111 112/112/112 113/113/113
f 120/120/120 121/121/121 122/122/122
f 123/123/123 124/124/124 125/125/125
f 126/126/126 127/127/127 128/128/128
f 129/129/129 130/130/130 131/131/131
f 132/132/132 133/133/133 134/134/134
f 138/138/138 139/139/139 140/140/140
f 141/141/141 142/142/142 143/143/143
f 144/144/144 145/145/145 146/146/146
f 150/150/150 151/151/151 152/152/152
f 153/153/153 154/154/154 155/155/155
f 156/156/156 157/157/157 158/158/158
f 159/159/159 160/160/160 161/161/161
f 162/162/162 163/163/163 164/164/164
f 165/165/165 166/166/166 167/167/167
f 168/168/168 169/169/169 170/170/170
f 171/171/171 172/172/172 173/173/173
f 174/174/174 175/175/175 176/176/176
f 177/177/177 178/178/178 179/179/179
f 180/180/180 181/181/181 182/182/182
f 183/183/183 184/184/184 185/185/185
f 186/186/186 187/187/187 188/188/188
f 189/189/189 190/190/190 191/191/191
f 195/195/195 196/196/196 197/197/197
f 198/198/198 199/199/199 200/200/200
f 201/201/201 202/202/202 203/203/203
f 207/207/207 208/208/208 209/209/209
f 210/210/210 211/211/211 212/212/212
f 213/213/213 214/214/214 215/215/215
f 216/216/216 217/217/217 218/218/218
f 219/219/219 220/220/220 221/221/221
f 222/222/222 223/223/223 224/224/224
f 225/225/225 226/226/226 227/227/227
f 228/228/228 229/229/229 230/230/230
f 231/231/231 232/232/232 233/233/233
f 234/234/234 235/235/235 236/236/236
f 237/237/237 238/238/238 239/239/239
f 240/240/240 241/241/241 242/242/242
f 243/243/243 244/244/244 245/245/245
f 246/246/246 247/247/247 248/248/248
f 249/249/249 250/250/250 251/251/251
f 252/252/252 253/253/253 254/254/254
f 255/255/255 256/256/256 257/257/257
f 258/258/258 259/259/259 260/260/260
f 261/261/261 262/262/262 263/263/263
f 264/264/264 265/265/265 266/266/266
f 267/267/267 268/268/268 269/269/269
f 270/270/270 271/271/271 272/272/272
f 273/273/273 274/274/274 275/275/275
f 276/276/276 277/277/277 278/278/278
f 279/279/279 280/280/280 281/281/281
f 282/282/282 283/283/283 284/284/284
f 285/285/285 286/286/286 287/287/287
f 288/288/288 289/289/289 290/290/290
f 291/291/291 292/292/292 293/293/293
f 294/294/294 295/295/295 296/296/296
f 297/297/297 298/298/298 299/299/299
f 300/300/300 301/301/301 302/302/302
f 303/303/303 304/304/304 305/305/305
f 306/306/306 307/307/307 308/308/308
f 309/309/309 310/310/310 311/311/311
f 312/312/312 313/313/313 314/314/314
f 315/315/315 316/316/316 317/317/317
f 318/318/318 319/319/319 320/320/320
f 321/321/321 322/322/322 323/323/323
f 324/324/324 325/325/325 326/326/326
f 327/327/327 328/328/328 329/329/329
f 333/333/333 334/334/334 335/335/335
f 336/336/336 337/337/337 338/338/338
f 343/343/343 344/344/344 345/345/345
f 348/348/348 349/349/349 350/350/350
f 351/351/351 352/352/352 353/353/353
f 354/354/354 355/355/355 356/356/356
f 357/357/357 358/358/358 359/359/359
f 360/360/360 361/361/361 362/362/362
f 363/363/363 364/364/364 365/365/365
f 366/366/366 367/367/367 368/368/368
f 369/369/369 370/370/370 371/371/371
f 372/372/372 373/373/373 374/374/374
f 375/375/375 376/376/376 377/377/377
f 378/378/378 379/379/379 380/380/380
f 381/381/381 382/382/382 383/383/383
f 384/384/384 385/385/385 386/386/386
f 387/387/387 388/388/388 389/389/389
f 390/390/390 391/391/391 392/392/392
f 393/393/393 394/394/394 395/395/395
f 396/396/396 397/397/397 398/398/398
f 403/403/403 404/404/404 405/405/405
f 408/408/408 409/409/409 410/410/410
f 411/411/411 412/412/412 413/413/413
f 414/414/414 415/415/415 416/416/416
f 417/417/417 418/418/418 419/419/419
f 423/423/423 424/424/424 425/425/425
f 426/426/426 427/427/427 428/428/428
f 429/429/429 430/430/430 431/431/431
f 432/432/432 433/433/433 434/434/434
f 435/435/435 436/436/436 437/437/437
f 438/438/438 439/439/439 440/440/440
f 441/441/441 442/442/442 443/443/443
f 444/444/444 445/445/445 446/446/446
f 447/447/447 448/448/448 449/449/449
f 450/450/450 451/451/451 452/452/452
f 453/453/453 454/454/454 455/455/455
f 456/456/456 457/457/457 458/458/458
f 462/462/462 463/463/463 464/464/464
f 467/467/467 468/468/468 469/469/469
f 470/470/470 471/471/471 472/472/472
f 473/473/473 474/474/474 475/475/475
f 476/476/476 477/477/477 478/478/478
f 479/479/479 480/480/480 481/481/481
f 482/482/482 483/483/483 484/484/484
f 485/485/485 486/486/486 487/487/487
f 488/488/488 489/489/489 490/490/490
f 491/491/491 492/492/492 493/493/493
f 494/494/494 495/495/495 496/496/496
f 497/497/497 498/498/498 499/499/499
f 500/500/500 501/501/501 502/502/502
f 503/503/503 504/504/504 505/505/505
f 506/506/506 507/507/507 508/508/508
f 509/509/509 510/510/510 511/511/511
f 512/512/512 513/513/513 514/514/514
f 515/515/515 516/516/516 517/517/517
f 518/518/518 519/519/519 520/520/520
f 521/521/521 522/522/522 523/523/523
f 524/524/524 525/525/525 526/526/526
f 527/527/527 528/528/528 529/529/529
f 530/530/530 531/531/531 532/532/532
f 533/533/533 534/534/534 535/535/535
f 536/536/536 537/537/537 538/538/538
f 539/539/539 540/540/540 541/541/541
f 542/542/542 543/543/543 544/544/544
f 545/545/545 546/546/546 547/547/547
f 548/548/548 549/549/549 550/550/550
f 551/551/551 552/552/552 553/553/553
f 554/554/554 555/555/555 556/556/556
f 557/557/557 558/558/558 559/559/559
f 560/560/560 561/561/561 562/562/562
f 563/563/563 564/564/564 565/565/565
f 566/566/566 567/567/567 568/568/568
f 569/569/569 570/570/570 571/571/571
f 572/572/572 573/573/573 574/574/574
f 575/575/575 576/576/576 577/577/577
f 578/578/578 579/579/579 580/580/580
f 581/581/581 582/582/582 583/583/583
f 584/584/584 585/585/585 586/586/586
f 587/587/587 588/588/588 589/589/589
f 590/590/590 591/591/591 592/592/592
f 593/593/593 594/594/594 595/595/595
f 596/596/596 597/597/597 598/598/598
f 599/599/599 600/600/600 601/601/601
f 602/602/602 603/603/603 604/604/604
f 605/605/605 606/606/606 607/607/607
f 608/608/608 609/609/609 610/610/610
f 611/611/611 612/612/612 613/613/613
f 614/614/614 615/615/615 616/616/616
f 617/617/617 618/618/618 619/619/619
f 620/620/620 621/621/621 622/622/622
f 623/623/623 624/624/624 625/625/625
f 626/626/626 627/627/627 628/628/628
f 629/629/629 630/630/630 631/631/631
f 632/632/632 633/633/633 634/634/634
f 635/635/635 636/636/636 637/637/637
f 638/638/638 639/639/639 640/640/640
f 641/641/641 642/642/642 643/643/643
f 644/644/644 645/645/645 646/646/646
f 647/647/647 648/648/648 649/649/649
f 650/650/650 651/651/651 652/652/652
f 653/653/653 654/654/654 655/655/655
f 656/656/656 657/657/657 658/658/658
f 659/659/659 660/660/660 661/661/661
f 662/662/662 663/663/663 664/664/664
f 665/665/665 666/666/666 667/667/667
f 668/668/668 669/669/669 670/670/670
f 671/671/671 672/672/672 673/673/673
f 674/674/674 675/675/675 676/676/676
f 677/677/677 678/678/678 679/679/679
f 680/680/680 681/681/681 682/682/682
f 683/683/683 684/684/684 685/685/685
f 686/686/686 687/687/687 688/688/688
f 689/689/689 690/690/690 691/691/691
f 692/692/692 693/693/693 694/694/694
f 695/695/695 696/696/696 697/697/697
f 698/698/698 699/699/699 700/700/700
f 701/701/701 702/702/702 703/703/703
f 707/707/707 708/708/708 709/709/709
f 710/710/710 711/711/711 712/712/712
f 713/713/713 714/714/714 715/715/715
f 716/716/716 717/717/717 718/718/718
f 719/719/719 720/720/720 721/721/721
f 722/722/722 723/723/723 724/724/724
f 725/725/725 726/726/726 727/727/727
f 731/731/731 732/732/732 733/733/733
f 734/734/734 735/735/735 736/736/736
f 737/737/737 738/738/738 739/739/739
f 746/746/746 747/747/747 748/748/748
f 749/749/749 750/750/750 751/751/751
f 752/752/752 753/753/753 754/754/754
f 755/755/755 756/756/756 757/757/757
f 758/758/758 759/759/759 760/760/760
f 761/761/761 762/762/762 763/763/763
f 764/764/764 765/765/765 766/766/766
f 767/767/767 768/768/768 769/769/769
f 770/770/770 771/771/771 772/772/772
f 773/773/773 774/774/774 775/775/775
f 779/779/779 780/780/780 781/781/781
f 784/784/784 785/785/785 786/786/786
f 787/787/787 788/788/788 789/789/789
f 790/790/790 791/791/791 792/792/792
f 793/793/793 794/794/794 795/795/795
f 796/796/796 797/797/797 798/798/798
f 799/799/799 800/800/800 801/801/801
f 802/802/802 803/803/803 804/804/804
f 805/805/805 806/806/806 807/807/807
f 808/808/808 809/809/809 810/810/810
f 811/811/811 812/812/812 813/813/813
f 814/814/814 815/815/815 816/816/816
f 817/817/817 818/818/818 819/819/819
f 820/820/820 821/821/821 822/822/822
f 823/823/823 824/824/824 825/825/825
f 826/826/826 827/827/827 828/828/828
f 829/829/829 830/830/830 831/831/831
f 832/832/832 833/833/833 834/834/834
f 835/835/835 836/836/836 837/837/837
f 838/838/838 839/839/839 840/840/840
f 841/841/841 842/842/842 843/843/843
f 844/844/844 845/845/845 846/846/846
f 847/847/847 848/848/848 849/849/849
f 850/850/850 851/851/851 852/852/852
f 853/853/853 854/854/854 855/855/855
f 856/856/856 857/857/857 858/858/858
f 859/859/859 860/860/860 861/861/861
f 862/862/862 863/863/863 864/864/864
f 865/865/865 866/866/866 867/867/867
f 868/868/868 869/869/869 870/870/870
f 871/871/871 872/872/872 873/873/873
f 874/874/874 875/875/875 876/876/876
f 877/877/877 878/878/878 879/879/879
f 886/886/886 887/887/887 888/888/888
f 889/889/889 890/890/890 891/891/891
f 892/892/892 893/893/893 894/894/894
f 895/895/895 896/896/896 897/897/897
f 898/898/898 899/899/899 900/900/900
f 904/904/904 905/905/905 906/906/906
f 907/907/907 908/908/908 909/909/909
f 910/910/910 911/911/911 912/912/912
f 916/916/916 917/917/917 918/918/918
f 919/919/919 920/920/920 921/921/921
f 922/922/922 923/923/923 924/924/924
f 925/925/925 926/926/926 927/927/927
f 928/928/928 929/929/929 930/930/930
f 931/931/931 932/932/932 933/933/933
f 934/934/934 935/935/935 936/936/936
f 937/937/937 938/938/938 939/939/939
f 940/940/940 941/941/941 942/942/942
f 943/943/943 944/944/944 945/945/945
f 946/946/946 947/947/947 948/948/948
f 949/949/949 950/950/950 951/951/951
f 952/952/952 953/953/953 954/954/954
f 955/955/955 956/956/956 957/957/957
f 958/958/958 959/959/959 960/960/960
f 961/961/961 962/962/962 963/963/963
f 964/964/964 965/965/965 966/966/966
f 967/967/967 968/968/968 969/969/969
f 970/970/970 971/971/971 972/972/972
f 973/973/973 974/974/974 975/975/975
f 976/976/976 977/977/977 978/978/978
f 979/979/979 980/980/980 981/981/981
f 982/982/982 983/983/983 984/984/984
f 985/985/985 986/986/986 987/987/987
f 988/988/988 989/989/989 990/990/990
f 991/991/991 992/992/992 993/993/993
f 994/994/994 995/995/995 996/996/996
f 997/997/997 998/998/998 999/999/999
f 1003/1003/1003 1004/1004/1004 1005/1005/1005
f 1006/1006/1006 1007/1007/1007 1008/1008/1008
f 1009/1009/1009 1010/1010/1010 1011/1011/1011
f 1012/1012/1012 1013/1013/1013 1014/1014/1014
f 1015/1015/1015 1016/1016/1016 1017/1017/1017
f 1018/1018/1018 1019/1019/1019 1020/1020/1020
f 1021/1021/1021 1022/1022/1022 1023/1023/1023
f 1024/1024/1024 1025/1025/1025 1026/1026/1026
f 1027/1027/1027 1028/1028/1028 1029/1029/1029
f 1030/1030/1030 1031/1031/1031 1032/1032/1032
f 1033/1033/1033 1034/1034/1034 1035/1035/1035
f 1039/1039/1039 1040/1040/1040 1041/1041/1041
f 1042/1042/1042 1043/1043/1043 1044/1044/1044
f 1045/1045/1045 1046/1046/1046 1047/1047/1047
f 1048/1048/1048 1049/1049/1049 1050/1050/1050
f 1055/1055/1055 1056/1056/1056 1057/1057/1057
f 1060/1060/1060 1061/1061/1061 1062/1062/1062
f 1063/1063/1063 1064/1064/1064 1065/1065/1065
f 1066/1066/1066 1067/1067/1067 1068/1068/1068
f 1069/1069/1069 1070/1070/1070 1071/1071/1071
f 1072/1072/1072 1073/1073/1073 1074/1074/1074
f 1075/1075/1075 1076/1076/1076 1077/1077/1077
f 1078/1078/1078 1079/1079/1079 1080/1080/1080
f 1081/1081/1081 1082/1082/1082 1083/1083/1083
f 1084/1084/1084 1085/1085/1085 1086/1086/1086
f 1087/1087/1087 1088/1088/1088 1089/1089/1089
f 1090/1090/1090 1091/1091/1091 1092/1092/1092
f 1093/1093/1093 1094/1094/1094 1095/1095/1095
f 1096/1096/1096 1097/1097/1097 1098/1098/1098
f 1099/1099/1099 1100/1100/1100 1101/1101/1101
f 1102/1102/1102 1103/1103/1103 1104/1104/1104
f 1105/1105/1105 1106/1106/1106 1107/1107/1107
f 1108/1108/1108 1109/1109/1109 1110/1110/1110
f 1114/1114/1114 1115/1115/1115 1116/1116/1116
f 1119/1119/1119 1120/1120/1120 1121/1121/1121
f 1122/1122/1122 1123/1123/1123 1124/1124/1124
f 1125/1125/1125 1126/1126/1126 1127/1127/1127
f 1131/1131/1131 1132/1132/1132 1133/1133/1133
f 1134/1134/1134 1135/1135/1135 1136/1136/1136
f 1137/1137/1137 1138/1138/1138 1139/1139/1139
f 1140/1140/1140 1141/1141/1141 1142/1142/1142
f 1143/1143/1143 1144/1144/1144 1145/1145/1145
f 1146/1146/1146 1147/1147/1147 1148/1148/1148
f 1149/1149/1149 1150/1150/1150 1151/1151/1151
f 1152/1152/1152 1153/1153/1153 1154/1154/1154
f 1155/1155/1155 1156/1156/1156 1157/1157/1157
f 1158/1158/1158 1159/1159/1159 1160/1160/1160
f 1161/1161/1161 1162/1162/1162 1163/1163/1163
f 1164/1164/1164 1165/1165/1165 1166/1166/1166
f 1167/1167/1167 1168/1168/1168 1169/1169/1169
f 1173/1173/1173 1174/1174/1174 1175/1175/1175
f 1178/1178/1178 1179/1179/1179 1180/1180/1180
f 1181/1181/1181 1182/1182/1182 1183/1183/1183
f 1184/1184/1184 1185/1185/1185 1186/1186/1186
f 1187/1187/1187 1188/1188/1188 1189/1189/1189
f 1190/1190/1190 1191/1191/1191 1192/1192/1192
f 1193/1193/1193 1194/1194/1194 1195/1195/1195
f 1196/1196/1196 1197/1197/1197 1198/1198/1198
f 1199/1199/1199 1200/1200/1200 1201/1201/1201
f 1202/1202/1202 1203/1203/1203 1204/1204/1204
f 1205/1205/1205 1206/1206/1206 1207/1207/1207
f 1208/1208/1208 1209/1209/1209 1210/1210/1210
f 1211/1211/1211 1212/1212/1212 1213/1213/1213
f 1214/1214/1214 1215/1215/1215 1216/1216/1216
f 1217/1217/1217 1218/1218/1218 1219/1219/1219
f 1220/1220/1220 1221/1221/1221 1222/1222/1222
f 1223/1223/1223 1224/1224/1224 1225/1225/1225
f 1226/1226/1226 1227/1227/1227 1228/1228/1228
f 1229/1229/1229 1230/1230/1230 1231/1231/1231
f 1232/1232/1232 1233/1233/1233 1234/1234/1234
f 1235/1235/1235 1236/1236/1236 1237/1237/1237
f 1238/1238/1238 1239/1239/1239 1240/1240/1240
f 1241/1241/1241 1242/1242/1242 1243/1243/1243
f 1244/1244/1244 1245/1245/1245 1246/1246/1246
f 1247/1247/1247 1248/1248/1248 1249/1249/1249
f 1250/1250/1250 1251/1251/1251 1252/1252/1252
f 1253/1253/1253 1254/1254/1254 1255/1255/1255
f 1256/1256/1256 1257/1257/1257 1258/1258/1258
f 1259/1259/1259 1260/1260/1260 1261/1261/1261
f 1262/1262/1262 1263/1263/1263 1264/1264/1264
f 1265/1265/1265 1266/1266/1266 1267/1267/1267
f 1271/1271/1271 1272/1272/1272 1273/1273/1273
f 1274/1274/1274 1275/1275/1275 1276/1276/1276
f 1277/1277/1277 1278/1278/1278 1279/1279/1279
f 1283/1283/1283 1284/1284/1284 1285/1285/1285
f 1286/1286/1286 1287/1287/1287 1288/1288/1288
f 1289/1289/1289 1290/1290/1290 1291/1291/1291
f 1292/1292/1292 1293/1293/1293 1294/1294/1294
f 1295/1295/1295 1296/1296/1296 1297/1297/1297
f 1298/1298/1298 1299/1299/1299 1300/1300/1300
f 1301/1301/1301 1302/1302/1302 1303/1303/1303
f 1304/1304/1304 1305/1305/1305 1306/1306/1306
f 1307/1307/1307 1308/1308/1308 1309/1309/1309
f 1310/1310/1310 1311/1311/1311 1312/1312/1312
f 1313/1313/1313 1314/1314/1314 1315/1315/1315
f 1316/1316/1316 1317/1317/1317 1318/1318/1318
f 1319/1319/1319 1320/1320/1320 1321/1321/1321
f 1322/1322/1322 1323/1323/1323 1324/1324/1324
f 1325/1325/1325 1326/1326/1326 1327/1327/1327
f 1328/1328/1328 1329/1329/1329 1330/1330/1330
f 1331/1331/1331 1332/1332/1332 1333/1333/1333
f 1334/1334/1334 1335/1335/1335 1336/1336/1336
f 1337/1337/1337 1338/1338/1338 1339/1339/1339
f 1340/1340/1340 1341/1341/1341 1342/1342/1342
f 1343/1343/1343 1344/1344/1344 1345/1345/1345
f 1346/1346/1346 1347/1347/1347 1348/1348/1348
f 1352/1352/1352 1353/1353/1353 1354/1354/1354
f 1355/1355/1355 1356/1356/1356 1357/1357/1357
f 1358/1358/1358 1359/1359/1359 1360/1360/1360
f 1364/1364/1364 1365/1365/1365 1366/1366/1366
f 1367/1367/1367 1368/1368/1368 1369/1369/1369
f 1370/1370/1370 1371/1371/1371 1372/1372/1372
f 1373/1373/1373 1374/1374/1374 1375/1375/1375
f 1376/1376/1376 1377/1377/1377 1378/1378/1378
f 1379/1379/1379 1380/1380/1380 1381/1381/1381
f 1382/1382/1382 1383/1383/1383 1384/1384/1384
f 1385/1385/1385 1386/1386/1386 1387/1387/1387
f 1388/1388/1388 1389/1389/1389 1390/1390/1390
f 1391/1391/1391 1392/1392/1392 1393/1393/1393
f 1394/1394/1394 1395/1395/1395 1396/1396/1396
f 1397/1397/1397 1398/1398/1398 1399/1399/1399
f 1400/1400/1400 1401/1401/1401 1402/1402/1402
f 1403/1403/1403 1404/1404/1404 1405/1405/1405
f 1409/1409/1409 1410/1410/1410 1411/1411/1411
f 1412/1412/1412 1413/1413/1413 1414/1414/1414
f 1415/1415/1415 1416/1416/1416 1417/1417/1417
f 1421/1421/1421 1422/1422/1422 1423/1423/1423
f 1427/1427/1427 1428/1428/1428 1429/1429/1429
f 1430/1430/1430 1431/1431/1431 1432/1432/1432
f 1433/1433/1433 1434/1434/1434 1435/1435/1435
f 1436/1436/1436 1437/1437/1437 1438/1438/1438
f 1439/1439/1439 1440/1440/1440 1441/1441/1441
f 1442/1442/1442 1443/1443/1443 1444/1444/1444
f 1445/1445/1445 1446/1446/1446 1447/1447/1447
f 1448/1448/1448 1449/1449/1449 1450/1450/1450
f 1451/1451/1451 1452/1452/1452 1453/1453/1453
f 1454/1454/1454 1455/1455/1455 1456/1456/1456
f 1460/1460/1460 1461/1461/1461 1462/1462/1462
f 1463/1463/1463 1464/1464/1464 1465/1465/1465
f 1466/1466/1466 1467/1467/1467 1468/1468/1468
f 1472/1472/1472 1473/1473/1473 1474/1474/1474
f 1475/1475/1475 1476/1476/1476 1477/1477/1477
f 1478/1478/1478 1479/1479/1479 1480/1480/1480
f 1481/1481/1481 1482/1482/1482 1483/1483/1483
f 1484/1484/1484 1485/1485/1485 1486/1486/1486
f 1487/1487/1487 1488/1488/1488 1489/1489/1489
f 1490/1490/1490 1491/1491/1491 1492/1492/1492
f 1493/1493/1493 1494/1494/1494 1495/1495/1495
f 1496/1496/1496 1497/1497/1497 1498/1498/1498
f 1499/1499/1499 1500/1500/1500 1501/1501/1501
f 1502/1502/1502 1503/1503/1503 1504/1504/1504
f 1505/1505/1505 1506/1506/1506 1507/1507/1507
f 1508/1508/1508 1509/1509/1509 1510/1510/1510
f 1511/1511/1511 1512/1512/1512 1513/1513/1513
f 1514/1514/1514 1515/1515/1515 1516/1516/1516
f 1520/1520/1520 1521/1521/1521 1522/1522/1522
f 1523/1523/1523 1524/1524/1524 1525/1525/1525
f 1526/1526/1526 1527/1527/1527 1528/1528/1528
f 1532/1532/1532 1533/1533/1533 1534/1534/1534
f 1535/1535/1535 1536/1536/1536 1537/1537/1537
f 1538/1538/1538 1539/1539/1539 1540/1540/1540
f 1541/1541/1541 1542/1542/1542 1543/1543/1543
f 1544/1544/1544 1545/1545/1545 1546/1546/1546
f 1547/1547/1547 1548/1548/1548 1549/1549/1549
f 1550/1550/1550 1551/1551/1551 1552/1552/1552
f 1553/1553/1553 1554/1554/1554 1555/1555/1555
f 1556/1556/1556 1557/1557/1557 1558/1558/1558
f 1559/1559/1559 1560/1560/1560 1561/1561/1561
f 1562/1562/1562 1563/1563/1563 1564/1564/1564
f 1569/1569/1569 1570/1570/1570 1571/1571/1571
f 1574/1574/1574 1575/1575/1575 1576/1576/1576
f 1577/1577/1577 1578/1578/1578 1579/1579/1579
f 1580/1580/1580 1581/1581/1581 1582/1582/1582
f 1583/1583/1583 1584/1584/1584 1585/1585/1585
f 1586/1586/1586 1587/1587/1587 1588/1588/1588
f 1589/1589/1589 1590/1590/1590 1591/1591/1591
f 1592/1592/1592 1593/1593/1593 1594/1594/1594
f 1595/1595/1595 1596/1596/1596 1597/1597/1597
f 1598/1598/1598 1599/1599/1599 1600/1600/1600
f 1601/1601/1601 1602/1602/1602 1603/1603/1603
f 1604/1604/1604 1605/1605/1605 1606/1606/1606
f 1607/1607/1607 1608/1608/1608 1609/1609/1609
f 1610/1610/1610 1611/1611/1611 1612/1612/1612
f 1613/1613/1613 1614/1614/1614 1615/1615/1615
f 1616/1616/1616 1617/1617/1617 1618/1618/1618
f 1619/1619/1619 1620/1620/1620 1621/1621/1621
f 1622/1622/1622 1623/1623/1623 1624/1624/1624
f 1628/1628/1628 1629/1629/1629 1630/1630/1630
f 1631/1631/1631 1632/1632/1632 1633/1633/1633
f 1634/1634/1634 1635/1635/1635 1636/1636/1636
f 1640/1640/1640 1641/1641/1641 1642/1642/1642
f 1643/1643/1643 1644/1644/1644 1645/1645/1645
f 1646/1646/1646 1647/1647/1647 1648/1648/1648
f 1652/1652/1652 1653/1653/1653 1654/1654/1654
f 1655/1655/1655 1656/1656/1656 1657/1657/1657
f 1658/1658/1658 1659/1659/1659 1660/1660/1660
f 1661/1661/1661 1662/1662/1662 1663/1663/1663
f 1664/1664/1664 1665/1665/1665 1666/1666/1666
f 1667/1667/1667 1668/1668/1668 1669/1669/1669
f 1670/1670/1670 1671/1671/1671 1672/1672/1672
f 1673/1673/1673 1674/1674/1674 1675/1675/1675
f 1676/1676/1676 1677/1677/1677 1678/1678/1678
f 1679/1679/1679 1680/1680/1680 1681/1681/1681
f 1682/1682/1682 1683/1683/1683 1684/1684/1684
f 1685/1685/1685 1686/1686/1686 1687/1687/1687
f 1688/1688/1688 1689/1689/1689 1690/1690/1690
f 1691/1691/1691 1692/1692/1692 1693/1693/1693
f 1697/1697/1697 1698/1698/1698 1699/1699/1699
f 1700/1700/1700 1701/1701/1701 1702/1702/1702
f 1703/1703/1703 1704/1704/1704 1705/1705/1705
f 1709/1709/1709 1710/1710/1710 1711/1711/1711
f 1712/1712/1712 1713/1713/1713 1714/1714/1714
f 1715/1715/1715 1716/1716/1716 1717/1717/1717
f 1718/1718/1718 1719/1719/1719 1720/1720/1720
f 1721/1721/1721 1722/1722/1722 1723/1723/1723
f 1724/1724/1724 1725/1725/1725 1726/1726/1726
f 1727/1727/1727 1728/1728/1728 1729/1729/1729
f 1730/1730/1730 1731/1731/1731 1732/1732/1732
f 1736/1736/1736 1737/1737/1737 1738/1738/1738
f 1741/1741/1741 1742/1742/1742 1743/1743/1743
f 1744/1744/1744 1745/1745/1745 1746/1746/1746
f 1747/1747/1747 1748/1748/1748 1749/1749/1749
f 1750/1750/1750 1751/1751/1751 1752/1752/1752
f 1753/1753/1753 1754/1754/1754 1755/1755/1755
f 1756/1756/1756 1757/1757/1757 1758/1758/1758
f 1759/1759/1759 1760/1760/1760 1761/1761/1761
f 1762/1762/1762 1763/1763/1763 1764/1764/1764
f 1765/1765/1765 1766/1766/1766 1767/1767/1767
f 1768/1768/1768 1769/1769/1769 1770/1770/1770
f 1771/1771/1771 1772/1772/1772 1773/1773/1773
f 1774/1774/1774 1775/1775/1775 1776/1776/1776
f 1777/1777/1777 1778/1778/1778 1779/1779/1779
f 1780/1780/1780 1781/1781/1781 1782/1782/1782
f 1783/1783/1783 1784/1784/1784 1785/1785/1785
f 1786/1786/1786 1787/1787/1787 1788/1788/1788
f 1796/1796/1796 1797/1797/1797 1798/1798/1798
f 1801/1801/1801 1802/1802/1802 1803/1803/1803
f 1804/1804/1804 1805/1805/1805 1806/1806/1806
f 1807/1807/1807 1808/1808/1808 1809/1809/1809
f 1810/1810/1810 1811/1811/1811 1812/1812/1812
f 1813/1813/1813 1814/1814/1814 1815/1815/1815
f 1816/1816/1816 1817/1817/1817 1818/1818/1818
f 1819/1819/1819 1820/1820/1820 1821/1821/1821
f 1822/1822/1822 1823/1823/1823 1824/1824/1824
f 1825/1825/1825 1826/1826/1826 1827/1827/1827
f 1828/1828/1828 1829/1829/1829 1830/1830/1830
f 1831/1831/1831 1832/1832/1832 1833/1833/1833
f 1834/1834/1834 1835/1835/1835 1836/1836/1836
f 1837/1837/1837 1838/1838/1838 1839/1839/1839
f 1840/1840/1840 1841/1841/1841 1842/1842/1842
f 1843/1843/1843 1844/1844/1844 1845/1845/1845
f 1846/1846/1846 1847/1847/1847 1848/1848/1848
f 1849/1849/1849 1850/1850/1850 1851/1851/1851
f 1852/1852/1852 1853/1853/1853 1854/1854/1854
f 1855/1855/1855 1856/1856/1856 1857/1857/1857
f 1858/1858/1858 1859/1859/1859 1860/1860/1860
f 1861/1861/1861 1862/1862/1862 1863/1863/1863
f 1864/1864/1864 1865/1865/1865 1866/1866/1866
f 1867/1867/1867 1868/1868/1868 1869/1869/1869
f 1870/1870/1870 1871/1871/1871 1872/1872/1872
f 1873/1873/1873 1874/1874/1874 1875/1875/1875
f 1876/1876/1876 1877/1877/1877 1878/1878/1878
f 1879/1879/1879 1880/1880/1880 1881/1881/1881
f 1885/1885/1885 1886/1886/1886 1887/1887/1887
f 1888/1888/1888 1889/1889/1889 1890/1890/1890
f 1891/1891/1891 1892/1892/1892 1893/1893/1893
f 1894/1894/1894 1895/1895/1895 1896/1896/1896
f 1897/1897/1897 1898/1898/1898 1899/1899/1899
f 1900/1900/1900 1901/1901/1901 1902/1902/1902
f 1903/1903/1903 1904/1904/1904 1905/1905/1905
f 1910/1910/1910 1911/1911/1911 1912/1912/1912
f 1915/1915/1915 1916/1916/1916 1917/1917/1917
f 1918/1918/1918 1919/1919/1919 1920/1920/1920
f 1921/1921/1921 1922/1922/1922 1923/1923/1923
f 1924/1924/1924 1925/1925/1925 1926/1926/1926
f 1927/1927/1927 1928/1928/1928 1929/1929/1929
f 1930/1930/1930 1931/1931/1931 1932/1932/1932
f 1933/1933/1933 1934/1934/1934 1935/1935/1935
f 1936/1936/1936 1937/1937/1937 1938/1938/1938
f 1939/1939/1939 1940/1940/1940 1941/1941/1941
f 1942/1942/1942 1943/1943/1943 1944/1944/1944
f 1945/1945/1945 1946/1946/1946 1947/1947/1947
f 1948/1948/1948 1949/1949/1949 1950/1950/1950
f 1951/1951/1951 1952/1952/1952 1953/1953/1953
f 1954/1954/1954 1955/1955/1955 1956/1956/1956
f 1957/1957/1957 1958/1958/1958 1959/1959/1959
f 1960/1960/1960 1961/1961/1961 1962/1962/1962
f 1963/1963/1963 1964/1964/1964 1965/1965/1965
f 1966/1966/1966 1967/1967/1967 1968/1968/1968
f 1969/1969/1969 1970/1970/1970 1971/1971/1971
f 1972/1972/1972 1973/1973/1973 1974/1974/1974
f 1975/1975/1975 1976/1976/1976 1977/1977/1977
f 1981/1981/1981 1982/1982/1982 1983/1983/1983
f 1984/1984/1984 1985/1985/1985 1986/1986/1986
f 1987/1987/1987 1988/1988/1988 1989/1989/1989
f 1990/1990/1990 1991/1991/1991 1992/1992/1992
f 1993/1993/1993 1994/1994/1994 1995/1995/1995
f 1996/1996/1996 1997/1997/1997 1998/1998/1998
f 1999/1999/1999 2000/2000/2000 2001/2001/2001
f 2002/2002/2002 2003/2003/2003 2004/2004/2004
f 2005/2005/2005 2006/2006/2006 2007/2007/2007
f 2008/2008/2008 2009/2009/2009 2010/2010/2010
f 2011/2011/2011 2012/2012/2012 2013/2013/2013
f 2014/2014/2014 2015/2015/2015 2016/2016/2016
f 2017/2017/2017 2018/2018/2018 2019/2019/2019
f 2020/2020/2020 2021/2021/2021 2022/2022/2022
f 2023/2023/2023 2024/2024/2024 2025/2025/2025
f 2026/2026/2026 2027/2027/2027 2028/2028/2028
f 2032/2032/2032 2033/2033/2033 2034/2034/2034
f 2035/2035/2035 2036/2036/2036 2037/2037/2037
f 2038/2038/2038 2039/2039/2039 2040/2040/2040
f 2044/2044/2044 2045/2045/2045 2046/2046/2046
f 2047/2047/2047 2048/2048/2048 2049/2049/2049
f 2050/2050/2050 2051/2051/2051 2052/2052/2052
f 2053/2053/2053 2054/2054/2054 2055/2055/2055
f 2056/2056/2056 2057/2057/2057 2058/2058/2058
f 2059/2059/2059 2060/2060/2060 2061/2061/2061
f 2062/2062/2062 2063/2063/2063 2064/2064/2064
f 2065/2065/2065 2066/2066/2066 2067/2067/2067
f 2068/2068/2068 2069/2069/2069 2070/2070/2070
f 2071/2071/2071 2072/2072/2072 2073/2073/2073
f 2074/2074/2074 2075/2075/2075 2076/2076/2076
f 2077/2077/2077 2078/2078/2078 2079/2079/2079
f 2080/2080/2080 2081/2081/2081 2082/2082/2082
f 2086/2086/2086 2087/2087/2087 2088/2088/2088
f 2089/2089/2089 2090/2090/2090 2091/2091/2091
f 2092/2092/2092 2093/2093/2093 2094/2094/2094
f 2095/2095/2095 2096/2096/2096 2097/2097/2097
f 2098/2098/2098 2099/2099/2099 2100/2100/2100
f 2101/2101/2101 2102/2102/2102 2103/2103/2103
f 2104/2104/2104 2105/2105/2105 2106/2106/2106
f 2107/2107/2107 2108/2108/2108 2109/2109/2109
f 2110/2110/2110 2111/2111/2111 2112/2112/2112
f 2113/2113/2113 2114/2114/2114 2115/2115/2115
f 2116/2116/2116 2117/2117/2117 2118/2118/2118
f 2119/2119/2119 2120/2120/2120 2121/2121/2121
f 2122/2122/2122 2123/2123/2123 2124/2124/2124
f 2125/2125/2125 2126/2126/2126 2127/2127/2127
f 2128/2128/2128 2129/2129/2129 2130/2130/2130
f 2131/2131/2131 2132/2132/2132 2133/2133/2133
f 2134/2134/2134 2135/2135/2135 2136/2136/2136
f 2137/2137/2137 2138/2138/2138 2139/2139/2139
f 2140/2140/2140 2141/2141/2141 2142/2142/2142
f 2146/2146/2146 2147/2147/2147 2148/2148/2148
f 2149/2149/2149 2150/2150/2150 2151/2151/2151
f 2152/2152/2152 2153/2153/2153 2154/2154/2154
f 2155/2155/2155 2156/2156/2156 2157/2157/2157
f 2158/2158/2158 2159/2159/2159 2160/2160/2160
f 2161/2161/2161 2162/2162/2162 2163/2163/2163
f 2164/2164/2164 2165/2165/2165 2166/2166/2166
f 2167/2167/2167 2168/2168/2168 2169/2169/2169
f 2170/2170/2170 2171/2171/2171 2172/2172/2172
f 2173/2173/2173 2174/2174/2174 2175/2175/2175
f 2176/2176/2176 2177/2177/2177 2178/2178/2178
f 2179/2179/2179 2180/2180/2180 2181/2181/2181
f 2182/2182/2182 2183/2183/2183 2184/2184/2184
f 2185/2185/2185 2186/2186/2186 2187/2187/2187
f 2191/2191/2191 2192/2192/2192 2193/2193/2193
f 2194/2194/2194 2195/2195/2195 2196/2196/2196
f 2197/2197/2197 2198/2198/2198 2199/2199/2199
f 2203/2203/2203 2204/2204/2204 2205/2205/2205
f 2206/2206/2206 2207/2207/2207 2208/2208/2208
f 2209/2209/2209 2210/2210/2210 2211/2211/2211
f 2212/2212/2212 2213/2213/2213 2214/2214/2214
f 2215/2215/2215 2216/2216/2216 2217/2217/2217
f 2218/2218/2218 2219/2219/2219 2220/2220/2220
f 2221/2221/2221 2222/2222/2222 2223/2223/2223
f 2224/2224/2224 2225/2225/2225 2226/2226/2226
f 2227/2227/2227 2228/2228/2228 2229/2229/2229
f 2230/2230/2230 2231/2231/2231 2232/2232/2232
f 2233/2233/2233 2234/2234/2234 2235/2235/2235
f 2239/2239/2239 2240/2240/2240 2241/2241/2241
f 2244/2244/2244 2245/2245/2245 2246/2246/2246
f 2247/2247/2247 2248/2248/2248 2249/2249/2249
f 2250/2250/2250 2251/2251/2251 2252/2252/2252
f 2253/2253/2253 2254/2254/2254 2255/2255/2255
f 2256/2256/2256 2257/2257/2257 2258/2258/2258
f 2259/2259/2259 2260/2260/2260 2261/2261/2261
f 2262/2262/2262 2263/2263/2263 2264/2264/2264
f 2265/2265/2265 2266/2266/2266 2267/2267/2267
f 2268/2268/2268 2269/2269/2269 2270/2270/2270
f 2271/2271/2271 2272/2272/2272 2273/2273/2273
f 2274/2274/2274 2275/2275/2275 2276/2276/2276
f 2277/2277/2277 2278/2278/2278 2279/2279/2279
f 2280/2280/2280 2281/2281/2281 2282/2282/2282
f 2283/2283/2283 2284/2284/2284 2285/2285/2285
f 2286/2286/2286 2287/2287/2287 2288/2288/2288
f 2289/2289/2289 2290/2290/2290 2291/2291/2291
f 2292/2292/2292 2293/2293/2293 2294/2294/2294
f 2299/2299/2299 2300/2300/2300 2301/2301/2301
f 2304/2304/2304 2305/2305/2305 2306/2306/2306
f 2307/2307/2307 2308/2308/2308 2309/2309/2309
f 2310/2310/2310 2311/2311/2311 2312/2312/2312
f 2313/2313/2313 2314/2314/2314 2315/2315/2315
f 2316/2316/2316 2317/2317/2317 2318/2318/2318
f 2319/2319/2319 2320/2320/2320 2321/2321/2321
f 2322/2322/2322 2323/2323/2323 2324/2324/2324
f 2325/2325/2325 2326/2326/2326 2327/2327/2327
f 2328/2328/2328 2329/2329/2329 2330/2330/2330
f 2334/2334/2334 2335/2335/2335 2336/2336/2336
f 2337/2337/2337 2338/2338/2338 2339/2339/2339
f 2340/2340/2340 2341/2341/2341 2342/2342/2342
f 2343/2343/2343 2344/2344/2344 2345/2345/2345
f 2346/2346/2346 2347/2347/2347 2348/2348/2348
f 2349/2349/2349 2350/2350/2350 2351/2351/2351
f 2352/2352/2352 2353/2353/2353 2354/2354/2354
f 2359/2359/2359 2360/2360/2360 2361/2361/2361
f 2364/2364/2364 2365/2365/2365 2366/2366/2366
f 2367/2367/2367 2368/2368/2368 2369/2369/2369
f 2370/2370/2370 2371/2371/2371 2372/2372/2372
f 2373/2373/2373 2374/2374/2374 2375/2375/2375
f 2376/2376/2376 2377/2377/2377 2378/2378/2378
f 2379/2379/2379 2380/2380/2380 2381/2381/2381
f 2382/2382/2382 2383/2383/2383 2384/2384/2384
f 2385/2385/2385 2386/2386/2386 2387/2387/2387
f 2388/2388/2388 2389/2389/2389 2390/2390/2390
f 2391/2391/2391 2392/2392/2392 2393/2393/2393
f 2394/2394/2394 2395/2395/2395 2396/2396/2396
f 2397/2397/2397 2398/2398/2398 2399/2399/2399
f 2400/2400/2400 2401/2401/2401 2402/2402/2402
f 2403/2403/2403 2404/2404/2404 2405/2405/2405
f 2406/2406/2406 2407/2407/2407 2408/2408/2408
f 2409/2409/2409 2410/2410/2410 2411/2411/2411
f 2412/2412/2412 2413/2413/2413 2414/2414/2414
f 2415/2415/2415 2416/2416/2416 2417/2417/2417
f 2418/2418/2418 2419/2419/2419 2420/2420/2420
f 2421/2421/2421 2422/2422/2422 2423/2423/2423
f 2427/2427/2427 2428/2428/2428 2429/2429/2429
f 2430/2430/2430 2431/2431/2431 2432/2432/2432
f 2433/2433/2433 2434/2434/2434 2435/2435/2435
f 2439/2439/2439 2440/2440/2440 2441/2441/2441
f 2442/2442/2442 2443/2443/2443 2444/2444/2444
f 2445/2445/2445 2446/2446/2446 2447/2447/2447
f 2448/2448/2448 2449/2449/2449 2450/2450/2450
f 2451/2451/2451 2452/2452/2452 2453/2453/2453
f 2454/2454/2454 2455/2455/2455 2456/2456/2456
f 2457/2457/2457 2458/2458/2458 2459/2459/2459
f 2460/2460/2460 2461/2461/2461 2462/2462/2462
f 2463/2463/2463 2464/2464/2464 2465/2465/2465
f 2466/2466/2466 2467/2467/2467 2468/2468/2468
f 2469/2469/2469 2470/2470/2470 2471/2471/2471
f 2472/2472/2472 2473/2473/2473 2474/2474/2474
f 2475/2475/2475 2476/2476/2476 2477/2477/2477
f 2478/2478/2478 2479/2479/2479 2480/2480/2480
f 2481/2481/2481 2482/2482/2482 2483/2483/2483
f 2484/2484/2484 2485/2485/2485 2486/2486/2486
f 2487/2487/2487 2488/2488/2488 2489/2489/2489
f 2490/2490/2490 2491/2491/2491 2492/2492/2492
f 2493/2493/2493 2494/2494/2494 2495/2495/2495
f 2496/2496/2496 2497/2497/2497 2498/2498/2498
f 2499/2499/2499 2500/2500/2500 2501/2501/2501
f 2502/2502/2502 2503/2503/2503 2504/2504/2504
f 2505/2505/2505 2506/2506/2506 2507/2507/2507
f 2508/2508/2508 2509/2509/2509 2510/2510/2510
f 2511/2511/2511 2512/2512/2512 2513/2513/2513
f 2514/2514/2514 2515/2515/2515 2516/2516/2516
f 2517/2517/2517 2518/2518/2518 2519/2519/2519
f 2523/2523/2523 2524/2524/2524 2525/2525/2525
f 2526/2526/2526 2527/2527/2527 2528/2528/2528
f 2529/2529/2529 2530/2530/2530 2531/2531/2531
f 2535/2535/2535 2536/2536/2536 2537/2537/2537
f 2538/2538/2538 2539/2539/2539 2540/2540/2540
f 2541/2541/2541 2542/2542/2542 2543/2543/2543
f 2544/2544/2544 2545/2545/2545 2546/2546/2546
f 2547/2547/2547 2548/2548/2548 2549/2549/2549
f 2550/2550/2550 2551/2551/2551 2552/2552/2552
f 2553/2553/2553 2554/2554/2554 2555/2555/2555
f 2556/2556/2556 2557/2557/2557 2558/2558/2558
f 2559/2559/2559 2560/2560/2560 2561/2561/2561
f 2562/2562/2562 2563/2563/2563 2564/2564/2564
f 2565/2565/2565 2566/2566/2566 2567/2567/2567
f 2568/2568/2568 2569/2569/2569 2570/2570/2570
f 2571/2571/2571 2572/2572/2572 2573/2573/2573
f 2574/2574/2574 2575/2575/2575 2576/2576/2576
f 2577/2577/2577 2578/2578/2578 2579/2579/2579
f 2580/2580/2580 2581/2581/2581 2582/2582/2582
f 2583/2583/2583 2584/2584/2584 2585/2585/2585
f 2586/2586/2586 2587/2587/2587 2588/2588/2588
f 2589/2589/2589 2590/2590/2590 2591/2591/2591
f 2592/2592/2592 2593/2593/2593 2594/2594/2594
f 2595/2595/2595 2596/2596/2596 2597/2597/2597
f 2598/2598/2598 2599/2599/2599 2600/2600/2600
f 2601/2601/2601 2602/2602/2602 2603/2603/2603
f 2604/2604/2604 2605/2605/2605 2606/2606/2606
f 2607/2607/2607 2608/2608/2608 2609/2609/2609
f 2610/2610/2610 2611/2611/2611 2612/2612/2612
f 2613/2613/2613 2614/2614/2614 2615/2615/2615
f 2616/2616/2616 2617/2617/2617 2618/2618/2618
f 2619/2619/2619 2620/2620/2620 2621/2621/2621
f 2625/2625/2625 2626/2626/2626 2627/2627/2627
f 2628/2628/2628 2629/2629/2629 2630/2630/2630
f 2631/2631/2631 2632/2632/2632 2633/2633/2633
f 2637/2637/2637 2638/2638/2638 2639/2639/2639
f 2640/2640/2640 2641/2641/2641 2642/2642/2642
f 2643/2643/2643 2644/2644/2644 2645/2645/2645
f 2646/2646/2646 2647/2647/2647 2648/2648/2648
f 2649/2649/2649 2650/2650/2650 2651/2651/2651
f 2652/2652/2652 2653/2653/2653 2654/2654/2654
f 2655/2655/2655 2656/2656/2656 2657/2657/2657
f 2658/2658/2658 2659/2659/2659 2660/2660/2660
f 2661/2661/2661 2662/2662/2662 2663/2663/2663
f 2664/2664/2664 2665/2665/2665 2666/2666/2666
f 2667/2667/2667 2668/2668/2668 2669/2669/2669
f 2670/2670/2670 2671/2671/2671 2672/2672/2672
f 2673/2673/2673 2674/2674/2674 2675/2675/2675
f 2676/2676/2676 2677/2677/2677 2678/2678/2678
f 2679/2679/2679 2680/2680/2680 2681/2681/2681
f 2682/2682/2682 2683/2683/2683 2684/2684/2684
f 2685/2685/2685 2686/2686/2686 2687/2687/2687
f 2688/2688/2688 2689/2689/2689 2690/2690/2690
f 2691/2691/2691 2692/2692/2692 2693/2693/2693
f 2694/2694/2694 2695/2695/2695 2696/2696/2696
f 2697/2697/2697 2698/2698/2698 2699/2699/2699
f 2700/2700/2700 2701/2701/2701 2702/2702/2702
f 2703/2703/2703 2704/2704/2704 2705/2705/2705
f 2706/2706/2706 2707/2707/2707 2708/2708/2708
f 2709/2709/2709 2710/2710/2710 2711/2711/2711
f 2712/2712/2712 2713/2713/2713 2714/2714/2714
f 2715/2715/2715 2716/2716/2716 2717/2717/2717
f 2718/2718/2718 2719/2719/2719 2720/2720/2720
f 2721/2721/2721 2722/2722/2722 2723/2723/2723
f 2724/2724/2724 2725/2725/2725 2726/2726/2726
f 2730/2730/2730 2731/2731/2731 2732/2732/2732
f 2733/2733/2733 2734/2734/2734 2735/2735/2735
f 2736/2736/2736 2737/2737/2737 2738/2738/2738
f 2742/2742/2742 2743/2743/2743 2744/2744/2744
f 2745/2745/2745 2746/2746/2746 2747/2747/2747
f 2748/2748/2748 2749/2749/2749 2750/2750/2750
f 2751/2751/2751 2752/2752/2752 2753/2753/2753
f 2754/2754/2754 2755/2755/2755 2756/2756/2756
f 2757/2757/2757 2758/2758/2758 2759/2759/2759
f 2760/2760/2760 2761/2761/2761 2762/2762/2762
f 2763/2763/2763 2764/2764/2764 2765/2765/2765
f 2769/2769/2769 2770/2770/2770 2771/2771/2771
f 2772/2772/2772 2773/2773/2773 2774/2774/2774
f 2775/2775/2775 2776/2776/2776 2777/2777/2777
f 2778/2778/2778 2779/2779/2779 2780/2780/2780
f 2781/2781/2781 2782/2782/2782 2783/2783/2783
f 2784/2784/2784 2785/2785/2785 2786/2786/2786
f 2787/2787/2787 2788/2788/2788 2789/2789/2789
f 2790/2790/2790 2791/2791/2791 2792/2792/2792
f 2793/2793/2793 2794/2794/2794 2795/2795/2795
f 2796/2796/2796 2797/2797/2797 2798/2798/2798
f 2799/2799/2799 2800/2800/2800 2801/2801/2801
f 2802/2802/2802 2803/2803/2803 2804/2804/2804
f 2805/2805/2805 2806/2806/2806 2807/2807/2807
f 2808/2808/2808 2809/2809/2809 2810/2810/2810
f 2811/2811/2811 2812/2812/2812 2813/2813/2813
f 2814/2814/2814 2815/2815/2815 2816/2816/2816
f 2817/2817/2817 2818/2818/2818 2819/2819/2819
f 2820/2820/2820 2821/2821/2821 2822/2822/2822
f 2823/2823/2823 2824/2824/2824 2825/2825/2825
f 2826/2826/2826 2827/2827/2827 2828/2828/2828
f 2829/2829/2829 2830/2830/2830 2831/2831/2831
f 2835/2835/2835 2836/2836/2836 2837/2837/2837
f 2838/2838/2838 2839/2839/2839 2840/2840/2840
f 2841/2841/2841 2842/2842/2842 2843/2843/2843
f 2847/2847/2847 2848/2848/2848 2849/2849/2849
f 2850/2850/2850 2851/2851/2851 2852/2852/2852
f 2853/2853/2853 2854/2854/2854 2855/2855/2855
f 2856/2856/2856 2857/2857/2857 2858/2858/2858
f 2859/2859/2859 2860/2860/2860 2861/2861/2861
f 2865/2865/2865 2866/2866/2866 2867/2867/2867
f 2868/2868/2868 2869/2869/2869 2870/2870/2870
f 2874/2874/2874 2875/2875/2875 2876/2876/2876
f 2879/2879/2879 2880/2880/2880 2881/2881/2881
f 2882/2882/2882 2883/2883/2883 2884/2884/2884
f 2885/2885/2885 2886/2886/2886 2887/2887/2887
f 2888/2888/2888 2889/2889/2889 2890/2890/2890
f 2894/2894/2894 2895/2895/2895 2896/2896/2896
f 2897/2897/2897 2898/2898/2898 2899/2899/2899
f 2900/2900/2900 2901/2901/2901 2902/2902/2902
f 2903/2903/2903 2904/2904/2904 2905/2905/2905
f 2906/2906/2906 2907/2907/2907 2908/2908/2908
f 2909/2909/2909 2910/2910/2910 2911/2911/2911
f 2912/2912/2912 2913/2913/2913 2914/2914/2914
f 2915/2915/2915 2916/2916/2916 2917/2917/2917
f 2918/2918/2918 2919/2919/2919 2920/2920/2920
f 2921/2921/2921 2922/2922/2922 2923/2923/2923
f 2924/2924/2924 2925/2925/2925 2926/2926/2926
f 2927/2927/2927 2928/2928/2928 2929/2929/2929
f 2933/2933/2933 2934/2934/2934 2935/2935/2935
f 2938/2938/2938 2939/2939/2939 2940/2940/2940
f 2941/2941/2941 2942/2942/2942 2943/2943/2943
f 2944/2944/2944 2945/2945/2945 2946/2946/2946
f 2947/2947/2947 2948/2948/2948 2949/2949/2949
f 2950/2950/2950 2951/2951/2951 2952/2952/2952
f 2953/2953/2953 2954/2954/2954 2955/2955/2955
f 2956/2956/2956 2957/2957/2957 2958/2958/2958
f 2959/2959/2959 2960/2960/2960 2961/2961/2961
f 2962/2962/2962 2963/2963/2963 2964/2964/2964
f 2965/2965/2965 2966/2966/2966 2967/2967/2967
f 2968/2968/2968 2969/2969/2969 2970/2970/2970
f 2971/2971/2971 2972/2972/2972 2973/2973/2973
f 2974/2974/2974 2975/2975/2975 2976/2976/2976
f 2977/2977/2977 2978/2978/2978 2979/2979/2979
f 2980/2980/2980 2981/2981/2981 2982/2982/2982
f 2983/2983/2983 2984/2984/2984 2985/2985/2985
f 2986/2986/2986 2987/2987/2987 2988/2988/2988
f 2993/2993/2993 2994/2994/2994 2995/2995/2995
f 2998/2998/2998 2999/2999/2999 3000/3000/3000
f 3001/3001/3001 3002/3002/3002 3003/3003/3003
f 3004/3004/3004 3005/3005/3005 3006/3006/3006
f 3007/3007/3007 3008/3008/3008 3009/3009/3009
f 3010/3010/3010 3011/3011/3011 3012/3012/3012
f 3013/3013/3013 3014/3014/3014 3015/3015/3015
f 3016/3016/3016 3017/3017/3017 3018/3018/3018
f 3019/3019/3019 3020/3020/3020 3021/3021/3021
f 3022/3022/3022 3023/3023/3023 3024/3024/3024
f 3025/3025/3025 3026/3026/3026 3027/3027/3027
f 3028/3028/3028 3029/3029/3029 3030/3030/3030
f 3031/3031/3031 3032/3032/3032 3033/3033/3033
f 3034/3034/3034 3035/3035/3035 3036/3036/3036
f 3037/3037/3037 3038/3038/3038 3039/3039/3039
f 3040/3040/3040 3041/3041/3041 3042/3042/3042
f 3043/3043/3043 3044/3044/3044 3045/3045/3045
f 3046/3046/3046 3047/3047/3047 3048/3048/3048
f 3053/3053/3053 3054/3054/3054 3055/3055/3055
f 3058/3058/3058 3059/3059/3059 3060/3060/3060
f 3061/3061/3061 3062/3062/3062 3063/3063/3063
f 3064/3064/3064 3065/3065/3065 3066/3066/3066
f 3067/3067/3067 3068/3068/3068 3069/3069/3069
f 3070/3070/3070 3071/3071/3071 3072/3072/3072
f 3073/3073/3073 3074/3074/3074 3075/3075/3075
f 3076/3076/3076 3077/3077/3077 3078/3078/3078
f 3079/3079/3079 3080/3080/3080 3081/3081/3081
f 3082/3082/3082 3083/3083/3083 3084/3084/3084
f 3085/3085/3085 3086/3086/3086 3087/3087/3087
f 3088/3088/3088 3089/3089/3089 3090/3090/3090
f 3091/3091/3091 3092/3092/3092 3093/3093/3093
f 3094/3094/3094 3095/3095/3095 3096/3096/3096
f 3097/3097/3097 3098/3098/3098 3099/3099/3099
f 3100/3100/3100 3101/3101/3101 3102/3102/3102
f 3103/3103/3103 3104/3104/3104 3105/3105/3105
f 3106/3106/3106 3107/3107/3107 3108/3108/3108
f 3113/3113/3113 3114/3114/3114 3115/3115/3115
f 3118/3118/3118 3119/3119/3119 3120/3120/3120
f 3121/3121/3121 3122/3122/3122 3123/3123/3123
f 3124/3124/3124 3125/3125/3125 3126/3126/3126
f 3127/3127/3127 3128/3128/3128 3129/3129/3129
f 3130/3130/3130 3131/3131/3131 3132/3132/3132
f 3133/3133/3133 3134/3134/3134 3135/3135/3135
f 3136/3136/3136 3137/3137/3137 3138/3138/3138
f 3139/3139/3139 3140/3140/3140 3141/3141/3141
f 3142/3142/3142 3143/3143/3143 3144/3144/3144
f 3145/3145/3145 3146/3146/3146 3147/3147/3147
f 3148/3148/3148 3149/3149/3149 3150/3150/3150
f 3151/3151/3151 3152/3152/3152 3153/3153/3153
f 3154/3154/3154 3155/3155/3155 3156/3156/3156
f 3157/3157/3157 3158/3158/3158 3159/3159/3159
f 3160/3160/3160 3161/3161/3161 3162/3162/3162
f 3163/3163/3163 3164/3164/3164 3165/3165/3165
f 3166/3166/3166 3167/3167/3167 3168/3168/3168
f 3169/3169/3169 3170/3170/3170 3171/3171/3171
f 3172/3172/3172 3173/3173/3173 3174/3174/3174
f 3175/3175/3175 3176/3176/3176 3177/3177/3177
f 3178/3178/3178 3179/3179/3179 3180/3180/3180
f 3184/3184/3184 3185/3185/3185 3186/3186/3186
f 3187/3187/3187 3188/3188/3188 3189/3189/3189
f 3190/3190/3190 3191/3191/3191 3192/3192/3192
f 3196/3196/3196 3197/3197/3197 3198/3198/3198
f 3199/3199/3199 3200/3200/3200 3201/3201/3201
f 3202/3202/3202 3203/3203/3203 3204/3204/3204
f 3205/3205/3205 3206/3206/3206 3207/3207/3207
f 3208/3208/3208 3209/3209/3209 3210/3210/3210
f 3211/3211/3211 3212/3212/3212 3213/3213/3213
f 3214/3214/3214 3215/3215/3215 3216/3216/3216
f 3220/3220/3220 3221/3221/3221 3222/3222/3222
f 3223/3223/3223 3224/3224/3224 3225/3225/3225
f 3226/3226/3226 3227/3227/3227 3228/3228/3228
f 3229/3229/3229 3230/3230/3230 3231/3231/3231
f 3232/3232/3232 3233/3233/3233 3234/3234/3234
f 3235/3235/3235 3236/3236/3236 3237/3237/3237
f 3238/3238/3238 3239/3239/3239 3240/3240/3240
f 3244/3244/3244 3245/3245/3245 3246/3246/3246
f 3247/3247/3247 3248/3248/3248 3249/3249/3249
f 3250/3250/3250 3251/3251/3251 3252/3252/3252
f 3256/3256/3256 3257/3257/3257 3258/3258/3258
f 3259/3259/3259 3260/3260/3260 3261/3261/3261
f 3262/3262/3262 3263/3263/3263 3264/3264/3264
f 3265/3265/3265 3266/3266/3266 3267/3267/3267
f 3268/3268/3268 3269/3269/3269 3270/3270/3270
f 3271/3271/3271 3272/3272/3272 3273/3273/3273
f 3274/3274/3274 3275/3275/3275 3276/3276/3276
f 3277/3277/3277 3278/3278/3278 3279/3279/3279
f 3280/3280/3280 3281/3281/3281 3282/3282/3282
f 3283/3283/3283 3284/3284/3284 3285/3285/3285
f 3286/3286/3286 3287/3287/3287 3288/3288/3288
f 3289/3289/3289 3290/3290/3290 3291/3291/3291
f 3292/3292/3292 3293/3293/3293 3294/3294/3294
f 3295/3295/3295 3296/3296/3296 3297/3297/3297
f 3304/3304/3304 3305/3305/3305 3306/3306/3306
f 3307/3307/3307 3308/3308/3308 3309/3309/3309
f 3310/3310/3310 3311/3311/3311 3312/3312/3312
f 3316/3316/3316 3317/3317/3317 3318/3318/3318
f 3319/3319/3319 3320/3320/3320 3321/3321/3321
f 3322/3322/3322 3323/3323/3323 3324/3324/3324
f 3325/3325/3325 3326/3326/3326 3327/3327/3327
f 3328/3328/3328 3329/3329/3329 3330/3330/3330
f 3331/3331/3331 3332/3332/3332 3333/3333/3333
f 3334/3334/3334 3335/3335/3335 3336/3336/3336
f 3337/3337/3337 3338/3338/3338 3339/3339/3339
f 3340/3340/3340 3341/3341/3341 3342/3342/3342
f 3343/3343/3343 3344/3344/3344 3345/3345/3345
f 3346/3346/3346 3347/3347/3347 3348/3348/3348
f 3352/3352/3352 3353/3353/3353 3354/3354/3354
f 3357/3357/3357 3358/3358/3358 3359/3359/3359
f 3360/3360/3360 3361/3361/3361 3362/3362/3362
f 3363/3363/3363 3364/3364/3364 3365/3365/3365
f 3366/3366/3366 3367/3367/3367 3368/3368/3368
f 3369/3369/3369 3370/3370/3370 3371/3371/3371
f 3372/3372/3372 3373/3373/3373 3374/3374/3374
f 3375/3375/3375 3376/3376/3376 3377/3377/3377
f 3378/3378/3378 3379/3379/3379 3380/3380/3380
f 3381/3381/3381 3382/3382/3382 3383/3383/3383
f 3384/3384/3384 3385/3385/3385 3386/3386/3386
f 3387/3387/3387 3388/3388/3388 3389/3389/3389
f 3390/3390/3390 3391/3391/3391 3392/3392/3392
f 3393/3393/3393 3394/3394/3394 3395/3395/3395
f 3396/3396/3396 3397/3397/3397 3398/3398/3398
f 3399/3399/3399 3400/3400/3400 3401/3401/3401
f 3402/3402/3402 3403/3403/3403 3404/3404/3404
f 3405/3405/3405 3406/3406/3406 3407/3407/3407
f 3411/3411/3411 3412/3412/3412 3413/3413/3413
f 3414/3414/3414 3415/3415/3415 3416/3416/3416
f 3417/3417/3417 3418/3418/3418 3419/3419/3419
f 3420/3420/3420 3421/3421/3421 3422/3422/3422
f 3423/3423/3423 3424/3424/3424 3425/3425/3425
f 3426/3426/3426 3427/3427/3427 3428/3428/3428
f 3429/3429/3429 3430/3430/3430 3431/3431/3431
f 3432/3432/3432 3433/3433/3433 3434/3434/3434
f 3435/3435/3435 3436/3436/3436 3437/3437/3437
f 3438/3438/3438 3439/3439/3439 3440/3440/3440
f 3441/3441/3441 3442/3442/3442 3443/3443/3443
f 3444/3444/3444 3445/3445/3445 3446/3446/3446
f 64/64/64 65/65/65 66/66/66
f 70/70/70 66/66/66 71/71/71
f 114/114/114 115/115/115 116/116/116
f 118/118/118 117/117/117 119/119/119
f 135/135/135 136/136/136 137/137/137
f 147/147/147 148/148/148 149/149/149
f 192/192/192 193/193/193 194/194/194
f 204/204/204 205/205/205 206/206/206
f 330/330/330 331/331/331 332/332/332
f 339/339/339 340/340/340 341/341/341
f 346/346/346 342/342/342 347/347/347
f 399/399/399 400/400/400 401/401/401
f 406/406/406 402/402/402 407/407/407
f 420/420/420 421/421/421 422/422/422
f 459/459/459 460/460/460 461/461/461
f 465/465/465 461/461/461 466/466/466
f 704/704/704 705/705/705 706/706/706
f 728/728/728 729/729/729 730/730/730
f 740/740/740 741/741/741 742/742/742
f 743/743/743 744/744/744 745/745/745
f 776/776/776 777/777/777 778/778/778
f 782/782/782 778/778/778 783/783/783
f 880/880/880 881/881/881 883/883/883
f 884/884/884 882/882/882 885/885/885
f 901/901/901 902/902/902 903/903/903
f 913/913/913 914/914/914 915/915/915
f 1000/1000/1000 1001/1001/1001 1002/1002/1002
f 1036/1036/1036 1037/1037/1037 1038/1038/1038
f 1051/1051/1051 1052/1052/1052 1053/1053/1053
f 1058/1058/1058 1054/1054/1054 1059/1059/1059
f 1111/1111/1111 1112/1112/1112 1113/1113/1113
f 1117/1117/1117 1113/1113/1113 1118/1118/1118
f 1128/1128/1128 1129/1129/1129 1130/1130/1130
f 1170/1170/1170 1171/1171/1171 1172/1172/1172
f 1176/1176/1176 1172/1172/1172 1177/1177/1177
f 1268/1268/1268 1269/1269/1269 1270/1270/1270
f 1280/1280/1280 1281/1281/1281 1282/1282/1282
f 1349/1349/1349 1350/1350/1350 1351/1351/1351
f 1361/1361/1361 1362/1362/1362 1363/1363/1363
f 1406/1406/1406 1407/1407/1407 1408/1408/1408
f 1418/1418/1418 1419/1419/1419 1420/1420/1420
f 1424/1424/1424 1425/1425/1425 1426/1426/1426
f 1457/1457/1457 1458/1458/1458 1459/1459/1459
f 1469/1469/1469 1470/1470/1470 1471/1471/1471
f 1517/1517/1517 1518/1518/1518 1519/1519/1519
f 1529/1529/1529 1530/1530/1530 1531/1531/1531
f 1565/1565/1565 1566/1566/1566 1567/1567/1567
f 1572/1572/1572 1568/1568/1568 1573/1573/1573
f 1625/1625/1625 1626/1626/1626 1627/1627/1627
f 1637/1637/1637 1638/1638/1638 1639/1639/1639
f 1649/1649/1649 1650/1650/1650 1651/1651/1651
f 1694/1694/1694 1695/1695/1695 1696/1696/1696
f 1706/1706/1706 1707/1707/1707 1708/1708/1708
f 1733/1733/1733 1734/1734/1734 1735/1735/1735
f 1739/1739/1739 1735/1735/1735 1740/1740/1740
f 1789/1789/1789 1790/1790/1790 1791/1791/1791
f 1792/1792/1792 1793/1793/1793 1795/1795/1795
f 1799/1799/1799 1794/1794/1794 1800/1800/1800
f 1882/1882/1882 1883/1883/1883 1884/1884/1884
f 1906/1906/1906 1907/1907/1907 1908/1908/1908
f 1913/1913/1913 1909/1909/1909 1914/1914/1914
f 1978/1978/1978 1979/1979/1979 1980/1980/1980
f 2029/2029/2029 2030/2030/2030 2031/2031/2031
f 2041/2041/2041 2042/2042/2042 2043/2043/2043
f 2083/2083/2083 2084/2084/2084 2085/2085/2085
f 2143/2143/2143 2144/2144/2144 2145/2145/2145
f 2188/2188/2188 2189/2189/2189 2190/2190/2190
f 2200/2200/2200 2201/2201/2201 2202/2202/2202
f 2236/2236/2236 2237/2237/2237 2238/2238/2238
f 2242/2242/2242 2238/2238/2238 2243/2243/2243
f 2295/2295/2295 2296/2296/2296 2298/2298/2298
f 2302/2302/2302 2297/2297/2297 2303/2303/2303
f 2331/2331/2331 2332/2332/2332 2333/2333/2333
f 2355/2355/2355 2356/2356/2356 2358/2358/2358
f 2362/2362/2362 2357/2357/2357 2363/2363/2363
f 2424/2424/2424 2425/2425/2425 2426/2426/2426
f 2436/2436/2436 2437/2437/2437 2438/2438/2438
f 2520/2520/2520 2521/2521/2521 2522/2522/2522
f 2532/2532/2532 2533/2533/2533 2534/2534/2534
f 2622/2622/2622 2623/2623/2623 2624/2624/2624
f 2634/2634/2634 2635/2635/2635 2636/2636/2636
f 2727/2727/2727 2728/2728/2728 2729/2729/2729
f 2739/2739/2739 2740/2740/2740 2741/2741/2741
f 2766/2766/2766 2767/2767/2767 2768/2768/2768
f 2832/2832/2832 2833/2833/2833 2834/2834/2834
f 2844/2844/2844 2845/2845/2845 2846/2846/2846
f 2862/2862/2862 2863/2863/2863 2864/2864/2864
f 2871/2871/2871 2872/2872/2872 2873/2873/2873
f 2877/2877/2877 2873/2873/2873 2878/2878/2878
f 2891/2891/2891 2892/2892/2892 2893/2893/2893
f 2930/2930/2930 2931/2931/2931 2932/2932/2932
f 2936/2936/2936 2932/2932/2932 2937/2937/2937
f 2989/2989/2989 2990/2990/2990 2992/2992/2992
f 2996/2996/2996 2991/2991/2991 2997/2997/2997
f 3049/3049/3049 3050/3050/3050 3052/3052/3052
f 3056/3056/3056 3051/3051/3051 3057/3057/3057
f 3109/3109/3109 3110/3110/3110 3111/3111/3111
f 3116/3116/3116 3112/3112/3112 3117/3117/3117
f 3181/3181/3181 3182/3182/3182 3183/3183/3183
f 3193/3193/3193 3194/3194/3194 3195/3195/3195
f 3217/3217/3217 3218/3218/3218 3219/3219/3219
f 3241/3241/3241 3242/3242/3242 3243/3243/3243
f 3253/3253/3253 3254/3254/3254 3255/3255/3255
f 3298/3298/3298 3299/3299/3299 3300/3300/3300
f 3301/3301/3301 3302/3302/3302 3303/3303/3303
f 3313/3313/3313 3314/3314/3314 3315/3315/3315
f 3349/3349/3349 3350/3350/3350 3351/3351/3351
f 3355/3355/3355 3351/3351/3351 3356/3356/3356
f 3408/3408/3408 3409/3409/3409 3410/3410/3410
f 3447/3447/3447 3448/3448/3448 3449/3449/3449
f 3447/3447/3447 3449/3449/3449 3450/3450/3450
f 3451/3451/3451 3452/3452/3452 3453/3453/3453
f 3451/3451/3451 3453/3453/3453 3454/3454/3454
f 3455/3455/3455 3456/3456/3456 3457/3457/3457
f 3455/3455/3455 3457/3457/3457 3458/3458/3458
f 3459/3459/3459 3460/3460/3460 3461/3461/3461
f 3459/3459/3459 3461/3461/3461 3462/3462/3462
f 3463/3463/3463 3464/3464/3464 3465/3465/3465
f 3463/3463/3463 3465/3465/3465 3466/3466/3466
f 3467/3467/3467 3468/3468/3468 3469/3469/3469
f 3467/3467/3467 3469/3469/3469 3470/3470/3470
f 3471/3471/3471 3472/3472/3472 3473/3473/3473
f 3471/3471/3471 3473/3473/3473 3474/3474/3474
f 3475/3475/3475 3476/3476/3476 3477/3477/3477
f 3475/3475/3475 3477/3477/3477 3478/3478/3478
f 3479/3479/3479 3480/3480/3480 3481/3481/3481
f 3479/3479/3479 3481/3481/3481 3482/3482/3482
f 3483/3483/3483 3484/3484/3484 3485/3485/3485
f 3483/3483/3483 3485/3485/3485 3486/3486/3486
f 3487/3487/3487 3488/3488/3488 3489/3489/3489
f 3487/3487/3487 3489/3489/3489 3490/3490/3490
f 3491/3491/3491 3492/3492/3492 3493/3493/3493
f 3491/3491/3491 3493/3493/3493 3494/3494/3494
f 3495/3495/3495 3496/3496/3496 3497/3497/3497
f 3495/3495/3495 3497/3497/3497 3498/3498/3498
f 3499/3499/3499 3500/3500/3500 3501/3501/3501
f 3499/3499/3499 3501/3501/3501 3502/3502/3502
f 3503/3503/3503 3504/3504/3504 3505/3505/3505
f 3503/3503/3503 3505/3505/3505 3506/3506/3506
f 3507/3507/3507 3508/3508/3508 3509/3509/3509
f 3507/3507/3507 3509/3509/3509 3510/3510/3510
f 3511/3511/3511 3512/3512/3512 3513/3513/3513
f 3511/3511/3511 3513/3513/3513 3514/3514/3514
f 3515/3515/3515 3516/3516/3516 3517/3517/3517
f 3515/3515/3515 3517/3517/3517 3518/3518/3518
f 3519/3519/3519 3520/3520/3520 3521/3521/3521
f 3519/3519/3519 3521/3521/3521 3522/3522/3522
f 3523/3523/3523 3524/3524/3524 3525/3525/3525
f 3523/3523/3523 3525/3525/3525 3526/3526/3526
f 3527/3527/3527 3528/3528/3528 3529/3529/3529
f 3527/3527/3527 3529/3529/3529 3530/3530/3530
f 3531/3531/3531 3532/3532/3532 3533/3533/3533
f 3531/3531/3531 3533/3533/3533 3534/3534/3534
f 3535/3535/3535 3536/3536/3536 3537/3537/3537
f 3535/3535/3535 3537/3537/3537 3538/3538/3538
f 3539/3539/3539 3540/3540/3540 3541/3541/3541
f 3539/3539/3539 3541/3541/3541 3542/3542/3542
f 3543/3543/3543 3544/3544/3544 3545/3545/3545
f 3543/3543/3543 3545/3545/3545 3546/3546/3546
f 3547/3547/3547 3548/3548/3548 3549/3549/3549
f 3547/3547/3547 3549/3549/3549 3550/3550/3550
f 3551/3551/3551 3552/3552/3552 3553/3553/3553
f 3551/3551/3551 3553/3553/3553 3554/3554/3554
f 3555/3555/3555 3556/3556/3556 3557/3557/3557
f 3555/3555/3555 3557/3557/3557 3558/3558/3558
f 3559/3559/3559 3560/3560/3560 3561/3561/3561
f 3559/3559/3559 3561/3561/3561 3562/3562/3562
f 3563/3563/3563 3564/3564/3564 3565/3565/3565
f 3563/3563/3563 3565/3565/3565 3566/3566/3566
f 3567/3567/3567 3568/3568/3568 3569/3569/3569
f 3567/3567/3567 3569/3569/3569 3570/3570/3570
f 3571/3571/3571 3572/3572/3572 3573/3573/3573
f 3571/3571/3571 3573/3573/3573 3574/3574/3574
f 3575/3575/3575 3576/3576/3576 3577/3577/3577
f 3575/3575/3575 3577/3577/3577 3578/3578/3578
f 3579/3579/3579 3580/3580/3580 3581/3581/3581
f 3579/3579/3579 3581/3581/3581 3582/3582/3582
f 3583/3583/3583 3584/3584/3584 3585/3585/3585
f 3583/3583/3583 3585/3585/3585 3586/3586/3586
f 3587/3587/3587 3588/3588/3588 3589/3589/3589
f 3587/3587/3587 3589/3589/3589 3590/3590/3590
f 3591/3591/3591 3592/3592/3592 3593/3593/3593
f 3591/3591/3591 3593/3593/3593 3594/3594/3594
f 3595/3595/3595 3596/3596/3596 3597/3597/3597
f 3595/3595/3595 3597/3597/3597 3598/3598/3598
f 3599/3599/3599 3600/3600/3600 3601/3601/3601
f 3599/3599/3599 3601/3601/3601 3602/3602/3602
f 3603/3603/3603 3604/3604/3604 3605/3605/3605
f 3603/3603/3603 3605/3605/3605 3606/3606/3606
f 3607/3607/3607 3608/3608/3608 3609/3609/3609
f 3607/3607/3607 3609/3609/3609 3610/3610/3610
f 3611/3611/3611 3612/3612/3612 3613/3613/3613
f 3611/3611/3611 3613/3613/3613 3614/3614/3614
f 3615/3615/3615 3616/3616/3616 3617/3617/3617
f 3615/3615/3615 3617/3617/3617 3618/3618/3618
f 3619/3619/3619 3620/3620/3620 3621/3621/3621
f 3619/3619/3619 3621/3621/3621 3622/3622/3622
f 3623/3623/3623 3624/3624/3624 3625/3625/3625
f 3623/3623/3623 3625/3625/3625 3626/3626/3626
f 3627/3627/3627 3628/3628/3628 3629/3629/3629
f 3627/3627/3627 3629/3629/3629 3630/3630/3630
f 3631/3631/3631 3632/3632/3632 3633/3633/3633
f 3631/3631/3631 3633/3633/3633 3634/3634/3634
f 3635/3635/3635 3636/3636/3636 3637/3637/3637
f 3635/3635/3635 3637/3637/3637 3638/3638/3638
f 3639/3639/3639 3640/3640/3640 3641/3641/3641
f 3639/3639/3639 3641/3641/3641 3642/3642/3642
f 3643/3643/3643 3644/3644/3644 3645/3645/3645
f 3643/3643/3643 3645/3645/3645 3646/3646/3646
f 3647/3647/3647 3648/3648/3648 3649/3649/3649
f 3647/3647/3647 3649/3649/3649 3650/3650/3650
f 3651/3651/3651 3652/3652/3652 3653/3653/3653
f 3651/3651/3651 3653/3653/3653 3654/3654/3654
f 3655/3655/3655 3656/3656/3656 3657/3657/3657
f 3655/3655/3655 3657/3657/3657 3658/3658/3658
f 3659/3659/3659 3660/3660/3660 3661/3661/3661
f 3659/3659/3659 3661/3661/3661 3662/3662/3662
f 3663/3663/3663 3664/3664/3664 3665/3665/3665
f 3663/3663/3663 3665/3665/3665 3666/3666/3666
f 3667/3667/3667 3668/3668/3668 3669/3669/3669
f 3667/3667/3667 3669/3669/3669 3670/3670/3670
f 3671/3671/3671 3672/3672/3672 3673/3673/3673
f 3671/3671/3671 3673/3673/3673 3674/3674/3674
f 3675/3675/3675 3676/3676/3676 3677/3677/3677
f 3675/3675/3675 3677/3677/3677 3678/3678/3678
f 3679/3679/3679 3680/3680/3680 3681/3681/3681
f 3679/3679/3679 3681/3681/3681 3682/3682/3682
f 3683/3683/3683 3684/3684/3684 3685/3685/3685
f 3683/3683/3683 3685/3685/3685 3686/3686/3686
f 3687/3687/3687 3688/3688/3688 3689/3689/3689
f 3687/3687/3687 3689/3689/3689 3690/3690/3690
f 3691/3691/3691 3692/3692/3692 3693/3693/3693
f 3691/3691/3691 3693/3693/3693 3694/3694/3694
f 3695/3695/3695 3696/3696/3696 3697/3697/3697
f 3695/3695/3695 3697/3697/3697 3698/3698/3698
f 3699/3699/3699 3700/3700/3700 3701/3701/3701
f 3699/3699/3699 3701/3701/3701 3702/3702/3702
f 3703/3703/3703 3704/3704/3704 3705/3705/3705
f 3703/3703/3703 3705/3705/3705 3706/3706/3706
f 3707/3707/3707 3708/3708/3708 3709/3709/3709
f 3707/3707/3707 3709/3709/3709 3710/3710/3710
f 3711/3711/3711 3712/3712/3712 3713/3713/3713
f 3711/3711/3711 3713/3713/3713 3714/3714/3714
f 3715/3715/3715 3716/3716/3716 3717/3717/3717
f 3715/3715/3715 3717/3717/3717 3718/3718/3718
f 3719/3719/3719 3720/3720/3720 3721/3721/3721
f 3719/3719/3719 3721/3721/3721 3722/3722/3722
f 3723/3723/3723 3724/3724/3724 3725/3725/3725
f 3723/3723/3723 3725/3725/3725 3726/3726/3726
f 3727/3727/3727 3728/3728/3728 3729/3729/3729
f 3727/3727/3727 3729/3729/3729 3730/3730/3730
f 3731/3731/3731 3732/3732/3732 3733/3733/3733
f 3731/3731/3731 3733/3733/3733 3734/3734/3734
f 3735/3735/3735 3736/3736/3736 3737/3737/3737
f 3735/3735/3735 3737/3737/3737 3738/3738/3738
f 3739/3739/3739 3740/3740/3740 3741/3741/3741
f 3739/3739/3739 3741/3741/3741 3742/3742/3742
f 3743/3743/3743 3744/3744/3744 3745/3745/3745
f 3743/3743/3743 3745/3745/3745 3746/3746/3746
f 3747/3747/3747 3748/3748/3748 3749/3749/3749
f 3747/3747/3747 3749/3749/3749 3750/3750/3750
f 3751/3751/3751 3752/3752/3752 3753/3753/3753
f 3751/3751/3751 3753/3753/3753 3754/3754/3754
f 3755/3755/3755 3756/3756/3756 3757/3757/3757
f 3755/3755/3755 3757/3757/3757 3758/3758/3758
f 3759/3759/3759 3760/3760/3760 3761/3761/3761
f 3759/3759/3759 3761/3761/3761 3762/3762/3762
f 3763/3763/3763 3764/3764/3764 3765/3765/3765
f 3763/3763/3763 3765/3765/3765 3766/3766/3766
f 3767/3767/3767 3768/3768/3768 3769/3769/3769
f 3767/3767/3767 3769/3769/3769 3770/3770/3770
f 3771/3771/3771 3772/3772/3772 3773/3773/3773
f 3771/3771/3771 3773/3773/3773 3774/3774/3774
f 3775/3775/3775 3776/3776/3776 3777/3777/3777
f 3775/3775/3775 3777/3777/3777 3778/3778/3778
f 3779/3779/3779 3780/3780/3780 3781/3781/3781
f 3779/3779/3779 3781/3781/3781 3782/3782/3782
f 3783/3783/3783 3784/3784/3784 3785/3785/3785
f 3783/3783/3783 3785/3785/3785 3786/3786/3786
f 3787/3787/3787 3788/3788/3788 3789/3789/3789
f 3787/3787/3787 3789/3789/3789 3790/3790/3790
f 3791/3791/3791 3792/3792/3792 3793/3793/3793
f 3791/3791/3791 3793/3793/3793 3794/3794/3794
f 3795/3795/3795 3796/3796/3796 3797/3797/3797
f 3795/3795/3795 3797/3797/3797 3798/3798/3798
f 3799/3799/3799 3800/3800/3800 3801/3801/3801
f 3799/3799/3799 3801/3801/3801 3802/3802/3802
f 3803/3803/3803 3804/3804/3804 3805/3805/3805
f 3803/3803/3803 3805/3805/3805 3806/3806/3806
f 3807/3807/3807 3808/3808/3808 3809/3809/3809
f 3807/3807/3807 3809/3809/3809 3810/3810/3810
f 3811/3811/3811 3812/3812/3812 3813/3813/3813
f 3811/3811/3811 3813/3813/3813 3814/3814/3814
f 3815/3815/3815 3816/3816/3816 3817/3817/3817
f 3815/3815/3815 3817/3817/3817 3818/3818/3818
f 3819/3819/3819 3820/3820/3820 3821/3821/3821
f 3819/3819/3819 3821/3821/3821 3822/3822/3822
f 3823/3823/3823 3824/3824/3824 3825/3825/3825
f 3823/3823/3823 3825/3825/3825 3826/3826/3826
f 3827/3827/3827 3828/3828/3828 3829/3829/3829
f 3827/3827/3827 3829/3829/3829 3830/3830/3830
f 3831/3831/3831 3832/3832/3832 3833/3833/3833
f 3831/3831/3831 3833/3833/3833 3834/3834/3834
f 3835/3835/3835 3836/3836/3836 3837/3837/3837
f 3835/3835/3835 3837/3837/3837 3838/3838/3838
f 3839/3839/3839 3840/3840/3840 3841/3841/3841
f 3839/3839/3839 3841/3841/3841 3842/3842/3842
f 3843/3843/3843 3844/3844/3844 3845/3845/3845
f 3843/3843/3843 3845/3845/3845 3846/3846/3846
f 3847/3847/3847 3848/3848/3848 3849/3849/3849
f 3847/3847/3847 3849/3849/3849 3850/3850/3850
f 3851/3851/3851 3852/3852/3852 3853/3853/3853
f 3851/3851/3851 3853/3853/3853 3854/3854/3854
f 3855/3855/3855 3856/3856/3856 3857/3857/3857
f 3855/3855/3855 3857/3857/3857 3858/3858/3858
f 3859/3859/3859 3860/3860/3860 3861/3861/3861
f 3859/3859/3859 3861/3861/3861 3862/3862/3862
f 3863/3863/3863 3864/3864/3864 3865/3865/3865
f 3863/3863/3863 3865/3865/3865 3866/3866/3866
f 3867/3867/3867 3868/3868/3868 3869/3869/3869
f 3867/3867/3867 3869/3869/3869 3870/3870/3870
f 3871/3871/3871 3872/3872/3872 3873/3873/3873
f 3871/3871/3871 3873/3873/3873 3874/3874/3874
f 3875/3875/3875 3876/3876/3876 3877/3877/3877
f 3875/3875/3875 3877/3877/3877 3878/3878/3878
f 3879/3879/3879 3880/3880/3880 3881/3881/3881
f 3879/3879/3879 3881/3881/3881 3882/3882/3882
f 3883/3883/3883 3884/3884/3884 3885/3885/3885
f 3883/3883/3883 3885/3885/3885 3886/3886/3886
f 3887/3887/3887 3888/3888/3888 3889/3889/3889
f 3887/3887/3887 3889/3889/3889 3890/3890/3890
f 3891/3891/3891 3892/3892/3892 3893/3893/3893
f 3891/3891/3891 3893/3893/3893 3894/3894/3894
f 3895/3895/3895 3896/3896/3896 3897/3897/3897
f 3895/3895/3895 3897/3897/3897 3898/3898/3898
f 3899/3899/3899 3900/3900/3900 3901/3901/3901
f 3899/3899/3899 3901/3901/3901 3902/3902/3902
f 3903/3903/3903 3904/3904/3904 3905/3905/3905
f 3903/3903/3903 3905/3905/3905 3906/3906/3906
f 3907/3907/3907 3908/3908/3908 3909/3909/3909
f 3907/3907/3907 3909/3909/3909 3910/3910/3910
f 3911/3911/3911 3912/3912/3912 3913/3913/3913
f 3911/3911/3911 3913/3913/3913 3914/3914/3914
f 3915/3915/3915 3916/3916/3916 3917/3917/3917
f 3915/3915/3915 3917/3917/3917 3918/3918/3918
f 3919/3919/3919 3920/3920/3920 3921/3921/3921
f 3919/3919/3919 3921/3921/3921 3922/3922/3922
f 3923/3923/3923 3924/3924/3924 3925/3925/3925
f 3923/3923/3923 3925/3925/3925 3926/3926/3926
f 3927/3927/3927 3928/3928/3928 3929/3929/3929
f 3927/3927/3927 3929/3929/3929 3930/3930/3930
f 3931/3931/3931 3932/3932/3932 3933/3933/3933
f 3931/3931/3931 3933/3933/3933 3934/3934/3934
f 3935/3935/3935 3936/3936/3936 3937/3937/3937
f 3935/3935/3935 3937/3937/3937 3938/3938/3938
f 3939/3939/3939 3940/3940/3940 3941/3941/3941
f 3939/3939/3939 3941/3941/3941 3942/3942/3942
f 3943/3943/3943 3944/3944/3944 3945/3945/3945
f 3943/3943/3943 3945/3945/3945 3946/3946/3946
f 3947/3947/3947 3948/3948/3948 3949/3949/3949
f 3947/3947/3947 3949/3949/3949 3950/3950/3950
f 3951/3951/3951 3952/3952/3952 3953/3953/3953
f 3951/3951/3951 3953/3953/3953 3954/3954/3954
f 3955/3955/3955 3956/3956/3956 3957/3957/3957
f 3955/3955/3955 3957/3957/3957 3958/3958/3958
f 3959/3959/3959 3960/3960/3960 3961/3961/3961
f 3959/3959/3959 3961/3961/3961 3962/3962/3962
f 3963/3963/3963 3964/3964/3964 3965/3965/3965
f 3963/3963/3963 3965/3965/3965 3966/3966/3966
f 3967/3967/3967 3968/3968/3968 3969/3969/3969
f 3967/3967/3967 3969/3969/3969 3970/3970/3970
f 3971/3971/3971 3972/3972/3972 3973/3973/3973
f 3971/3971/3971 3973/3973/3973 3974/3974/3974
f 3975/3975/3975 3976/3976/3976 3977/3977/3977
f 3975/3975/3975 3977/3977/3977 3978/3978/3978
f 3979/3979/3979 3980/3980/3980 3981/3981/3981
f 3979/3979/3979 3981/3981/3981 3982/3982/3982
f 3983/3983/3983 3984/3984/3984 3985/3985/3985
f 3983/3983/3983 3985/3985/3985 3986/3986/3986
f 3987/3987/3987 3988/3988/3988 3989/3989/3989
f 3987/3987/3987 3989/3989/3989 3990/3990/3990
f 3991/3991/3991 3992/3992/3992 3993/3993/3993
f 3991/3991/3991 3993/3993/3993 3994/3994/3994
f 3995/3995/3995 3996/3996/3996 3997/3997/3997
f 3995/3995/3995 3997/3997/3997 3998/3998/3998
f 3999/3999/3999 4000/4000/4000 4001/4001/4001
f 3999/3999/3999 4001/4001/4001 4002/4002/4002
f 4003/4003/4003 4004/4004/4004 4005/4005/4005
f 4003/4003/4003 4005/4005/4005 4006/4006/4006
f 4007/4007/4007 4008/4008/4008 4009/4009/4009
f 4007/4007/4007 4009/4009/4009 4010/4010/4010
f 4011/4011/4011 4012/4012/4012 4013/4013/4013
f 4011/4011/4011 4013/4013/4013 4014/4014/4014
f 4015/4015/4015 4016/4016/4016 4017/4017/4017
f 4015/4015/4015 4017/4017/4017 4018/4018/4018
f 4019/4019/4019 4020/4020/4020 4021/4021/4021
f 4019/4019/4019 4021/4021/4021 4022/4022/4022
f 4023/4023/4023 4024/4024/4024 4025/4025/4025
f 4023/4023/4023 4025/4025/4025 4026/4026/4026
f 4027/4027/4027 4028/4028/4028 4029/4029/4029
f 4027/4027/4027 4029/4029/4029 4030/4030/4030
f 4031/4031/4031 4032/4032/4032 4033/4033/4033
f 4031/4031/4031 4033/4033/4033 4034/4034/4034
f 4035/4035/4035 4036/4036/4036 4037/4037/4037
f 4035/4035/4035 4037/4037/4037 4038/4038/4038
f 4039/4039/4039 4040/4040/4040 4041/4041/4041
f 4039/4039/4039 4041/4041/4041 4042/4042/4042
f 4043/4043/4043 4044/4044/4044 4045/4045/4045
f 4043/4043/4043 4045/4045/4045 4046/4046/4046
f 4047/4047/4047 4048/4048/4048 4049/4049/4049
f 4047/4047/4047 4049/4049/4049 4050/4050/4050
f 4051/4051/4051 4052/4052/4052 4053/4053/4053
f 4051/4051/4051 4053/4053/4053 4054/4054/4054
f 4055/4055/4055 4056/4056/4056 4057/4057/4057
f 4055/4055/4055 4057/4057/4057 4058/4058/4058
f 4059/4059/4059 4060/4060/4060 4061/4061/4061
f 4059/4059/4059 4061/4061/4061 4062/4062/4062
f 4063/4063/4063 4064/4064/4064 4065/4065/4065
f 4063/4063/4063 4065/4065/4065 4066/4066/4066
f 4067/4067/4067 4068/4068/4068 4069/4069/4069
f 4067/4067/4067 4069/4069/4069 4070/4070/4070
f 4071/4071/4071 4072/4072/4072 4073/4073/4073
f 4071/4071/4071 4073/4073/4073 4074/4074/4074
f 4075/4075/4075 4076/4076/4076 4077/4077/4077
f 4075/4075/4075 4077/4077/4077 4078/4078/4078
f 4079/4079/4079 4080/4080/4080 4081/4081/4081
f 4079/4079/4079 4081/4081/4081 4082/4082/4082
f 4083/4083/4083 4084/4084/4084 4085/4085/4085
f 4083/4083/4083 4085/4085/4085 4086/4086/4086
f 4087/4087/4087 4088/4088/4088 4089/4089/4089
f 4087/4087/4087 4089/4089/4089 4090/4090/4090
f 4091/4091/4091 4092/4092/4092 4093/4093/4093
f 4091/4091/4091 4093/4093/4093 4094/4094/4094
f 4095/4095/4095 4096/4096/4096 4097/4097/4097
f 4095/4095/4095 4097/4097/4097 4098/4098/4098
f 4099/4099/4099 4100/4100/4100 4101/4101/4101
f 4099/4099/4099 4101/4101/4101 4102/4102/4102
f 4103/4103/4103 4104/4104/4104 4105/4105/4105
f 4103/4103/4103 4105/4105/4105 4106/4106/4106
f 4107/4107/4107 4108/4108/4108 4109/4109/4109
f 4107/4107/4107 4109/4109/4109 4110/4110/4110
f 4111/4111/4111 4112/4112/4112 4113/4113/4113
f 4111/4111/4111 4113/4113/4113 4114/4114/4114
f 4115/4115/4115 4116/4116/4116 4117/4117/4117
f 4115/4115/4115 4117/4117/4117 4118/4118/4118
f 4119/4119/4119 4120/4120/4120 4121/4121/4121
f 4119/4119/4119 4121/4121/4121 4122/4122/4122
f 4123/4123/4123 4124/4124/4124 4125/4125/4125
f 4123/4123/4123 4125/4125/4125 4126/4126/4126
f 4127/4127/4127 4128/4128/4128 4129/4129/4129
f 4127/4127/4127 4129/4129/4129 4130/4130/4130
f 4131/4131/4131 4132/4132/4132 4133/4133/4133
f 4131/4131/4131 4133/4133/4133 4134/4134/4134
f 4135/4135/4135 4136/4136/4136 4137/4137/4137
f 4135/4135/4135 4137/4137/4137 4138/4138/4138
f 4139/4139/4139 4140/4140/4140 4141/4141/4141
f 4139/4139/4139 4141/4141/4141 4142/4142/4142
f 4143/4143/4143 4144/4144/4144 4145/4145/4145
f 4143/4143/4143 4145/4145/4145 4146/4146/4146
f 4147/4147/4147 4148/4148/4148 4149/4149/4149
f 4147/4147/4147 4149/4149/4149 4150/4150/4150
f 4151/4151/4151 4152/4152/4152 4153/4153/4153
f 4151/4151/4151 4153/4153/4153 4154/4154/4154
f 4155/4155/4155 4156/4156/4156 4157/4157/4157
f 4155/4155/4155 4157/4157/4157 4158/4158/4158
f 4159/4159/4159 4160/4160/4160 4161/4161/4161
f 4159/4159/4159 4161/4161/4161 4162/4162/4162
f 4163/4163/4163 4164/4164/4164 4165/4165/4165
f 4163/4163/4163 4165/4165/4165 4166/4166/4166
f 4167/4167/4167 4168/4168/4168 4169/4169/4169
f 4167/4167/4167 4169/4169/4169 4170/4170/4170
f 4171/4171/4171 4172/4172/4172 4173/4173/4173
f 4171/4171/4171 4173/4173/4173 4174/4174/4174
f 4175/4175/4175 4176/4176/4176 4177/4177/4177
f 4175/4175/4175 4177/4177/4177 4178/4178/4178
f 4179/4179/4179 4180/4180/4180 4181/4181/4181
f 4179/4179/4179 4181/4181/4181 4182/4182/4182
f 4183/4183/4183 4184/4184/4184 4185/4185/4185
f 4183/4183/4183 4185/4185/4185 4186/4186/4186
f 4187/4187/4187 4188/4188/4188 4189/4189/4189
f 4187/4187/4187 4189/4189/4189 4190/4190/4190
f 4191/4191/4191 4192/4192/4192 4193/4193/4193
f 4191/4191/4191 4193/4193/4193 4194/4194/4194
f 4195/4195/4195 4196/4196/4196 4197/4197/4197
f 4195/4195/4195 4197/4197/4197 4198/4198/4198
f 4199/4199/4199 4200/4200/4200 4201/4201/4201
f 4199/4199/4199 4201/4201/4201 4202/4202/4202
f 4203/4203/4203 4204/4204/4204 4205/4205/4205
f 4203/4203/4203 4205/4205/4205 4206/4206/4206
f 4207/4207/4207 4208/4208/4208 4209/4209/4209
f 4207/4207/4207 4209/4209/4209 4210/4210/4210
f 4211/4211/4211 4212/4212/4212 4213/4213/4213
f 4211/4211/4211 4213/4213/4213 4214/4214/4214
f 4215/4215/4215 4216/4216/4216 4217/4217/4217
f 4215/4215/4215 4217/4217/4217 4218/4218/4218
f 4219/4219/4219 4220/4220/4220 4221/4221/4221
f 4219/4219/4219 4221/4221/4221 4222/4222/4222
f 4223/4223/4223 4224/4224/4224 4225/4225/4225
f 4223/4223/4223 4225/4225/4225 4226/4226/4226
f 4227/4227/4227 4228/4228/4228 4229/4229/4229
f 4227/4227/4227 4229/4229/4229 4230/4230/4230
f 4231/4231/4231 4232/4232/4232 4233/4233/4233
f 4231/4231/4231 4233/4233/4233 4234/4234/4234
f 4235/4235/4235 4236/4236/4236 4237/4237/4237
f 4235/4235/4235 4237/4237/4237 4238/4238/4238
f 4239/4239/4239 4240/4240/4240 4241/4241/4241
f 4239/4239/4239 4241/4241/4241 4242/4242/4242
f 4243/4243/4243 4244/4244/4244 4245/4245/4245
f 4243/4243/4243 4245/4245/4245 4246/4246/4246
f 4247/4247/4247 4248/4248/4248 4249/4249/4249
f 4247/4247/4247 4249/4249/4249 4250/4250/4250
f 4251/4251/4251 4252/4252/4252 4253/4253/4253
f 4251/4251/4251 4253/4253/4253 4254/4254/4254
f 4255/4255/4255 4256/4256/4256 4257/4257/4257
f 4255/4255/4255 4257/4257/4257 4258/4258/4258
f 4259/4259/4259 4260/4260/4260 4261/4261/4261
f 4259/4259/4259 4261/4261/4261 4262/4262/4262
f 4263/4263/4263 4264/4264/4264 4265/4265/4265
f 4263/4263/4263 4265/4265/4265 4266/4266/4266
f 4267/4267/4267 4268/4268/4268 4269/4269/4269
f 4267/4267/4267 4269/4269/4269 4270/4270/4270
f 4271/4271/4271 4272/4272/4272 4273/4273/4273
f 4271/4271/4271 4273/4273/4273 4274/4274/4274
f 4275/4275/4275 4276/4276/4276 4277/4277/4277
f 4275/4275/4275 4277/4277/4277 4278/4278/4278
f 4279/4279/4279 4280/4280/4280 4281/4281/4281
f 4279/4279/4279 4281/4281/4281 4282/4282/4282
f 4283/4283/4283 4284/4284/4284 4285/4285/4285
f 4283/4283/4283 4285/4285/4285 4286/4286/4286
f 4287/4287/4287 4288/4288/4288 4289/4289/4289
f 4287/4287/4287 4289/4289/4289 4290/4290/4290
f 4291/4291/4291 4292/4292/4292 4293/4293/4293
f 4291/4291/4291 4293/4293/4293 4294/4294/4294
f 4295/4295/4295 4296/4296/4296 4297/4297/4297
f 4295/4295/4295 4297/4297/4297 4298/4298/4298
f 4299/4299/4299 4300/4300/4300 4301/4301/4301
f 4299/4299/4299 4301/4301/4301 4302/4302/4302
f 4303/4303/4303 4304/4304/4304 4305/4305/4305
f 4303/4303/4303 4305/4305/4305 4306/4306/4306
f 4307/4307/4307 4308/4308/4308 4309/4309/4309
f 4307/4307/4307 4309/4309/4309 4310/4310/4310
f 4311/4311/4311 4312/4312/4312 4313/4313/4313
f 4311/4311/4311 4313/4313/4313 4314/4314/4314
f 4315/4315/4315 4316/4316/4316 4317/4317/4317
f 4315/4315/4315 4317/4317/4317 4318/4318/4318
f 4319/4319/4319 4320/4320/4320 4321/4321/4321
f 4319/4319/4319 4321/4321/4321 4322/4322/4322
f 4323/4323/4323 4324/4324/4324 4325/4325/4325
f 4323/4323/4323 4325/4325/4325 4326/4326/4326
f 4327/4327/4327 4328/4328/4328 4329/4329/4329
f 4327/4327/4327 4329/4329/4329 4330/4330/4330
f 4331/4331/4331 4332/4332/4332 4333/4333/4333
f 4331/4331/4331 4333/4333/4333 4334/4334/4334
f 4335/4335/4335 4336/4336/4336 4337/4337/4337
f 4335/4335/4335 4337/4337/4337 4338/4338/4338
f 4339/4339/4339 4340/4340/4340 4341/4341/4341
f 4339/4339/4339 4341/4341/4341 4342/4342/4342
f 4343/4343/4343 4344/4344/4344 4345/4345/4345
f 4343/4343/4343 4345/4345/4345 4346/4346/4346
f 4347/4347/4347 4348/4348/4348 4349/4349/4349
f 4347/4347/4347 4349/4349/4349 4350/4350/4350
f 4351/4351/4351 4352/4352/4352 4353/4353/4353
f 4351/4351/4351 4353/4353/4353 4354/4354/4354
f 4355/4355/4355 4356/4356/4356 4357/4357/4357
f 4355/4355/4355 4357/4357/4357 4358/4358/4358
f 4359/4359/4359 4360/4360/4360 4361/4361/4361
f 4359/4359/4359 4361/4361/4361 4362/4362/4362
f 4363/4363/4363 4364/4364/4364 4365/4365/4365
f 4363/4363/4363 4365/4365/4365 4366/4366/4366
f 4367/4367/4367 4368/4368/4368 4369/4369/4369
f 4367/4367/4367 4369/4369/4369 4370/4370/4370
f 4371/4371/4371 4372/4372/4372 4373/4373/4373
f 4371/4371/4371 4373/4373/4373 4374/4374/4374
f 4375/4375/4375 4376/4376/4376 4377/4377/4377
f 4375/4375/4375 4377/4377/4377 4378/4378/4378
f 4379/4379/4379 4380/4380/4380 4381/4381/4381
f 4379/4379/4379 4381/4381/4381 4382/4382/4382
f 4383/4383/4383 4384/4384/4384 4385/4385/4385
f 4383/4383/4383 4385/4385/4385 4386/4386/4386
f 4387/4387/4387 4388/4388/4388 4389/4389/4389
f 4387/4387/4387 4389/4389/4389 4390/4390/4390
f 4391/4391/4391 4392/4392/4392 4393/4393/4393
f 4391/4391/4391 4393/4393/4393 4394/4394/4394
f 4395/4395/4395 4396/4396/4396 4397/4397/4397
f 4395/4395/4395 4397/4397/4397 4398/4398/4398
f 4399/4399/4399 4400/4400/4400 4401/4401/4401
f 4399/4399/4399 4401/4401/4401 4402/4402/4402
f 4403/4403/4403 4404/4404/4404 4405/4405/4405
f 4403/4403/4403 4405/4405/4405 4406/4406/4406
f 4407/4407/4407 4408/4408/4408 4409/4409/4409
f 4407/4407/4407 4409/4409/4409 4410/4410/4410
f 4411/4411/4411 4412/4412/4412 4413/4413/4413
f 4411/4411/4411 4413/4413/4413 4414/4414/4414
f 4415/4415/4415 4416/4416/4416 4417/4417/4417
f 4415/4415/4415 4417/4417/4417 4418/4418/4418
f 4419/4419/4419 4420/4420/4420 4421/4421/4421
f 4419/4419/4419 4421/4421/4421 4422/4422/4422
f 4423/4423/4423 4424/4424/4424 4425/4425/4425
f 4423/4423/4423 4425/4425/4425 4426/4426/4426
f 4427/4427/4427 4428/4428/4428 4429/4429/4429
f 4427/4427/4427 4429/4429/4429 4430/4430/4430
f 4431/4431/4431 4432/4432/4432 4433/4433/4433
f 4431/4431/4431 4433/4433/4433 4434/4434/4434
f 4435/4435/4435 4436/4436/4436 4437/4437/4437
f 4435/4435/4435 4437/4437/4437 4438/4438/4438
f 4439/4439/4439 4440/4440/4440 4441/4441/4441
f 4439/4439/4439 4441/4441/4441 4442/4442/4442
f 4443/4443/4443 4444/4444/4444 4445/4445/4445
f 4443/4443/4443 4445/4445/4445 4446/4446/4446
f 4447/4447/4447 4448/4448/4448 4449/4449/4449
f 4447/4447/4447 4449/4449/4449 4450/4450/4450
f 4451/4451/4451 4452/4452/4452 4453/4453/4453
f 4451/4451/4451 4453/4453/4453 4454/4454/4454
f 4455/4455/4455 4456/4456/4456 4457/4457/4457
f 4455/4455/4455 4457/4457/4457 4458/4458/4458
f 4459/4459/4459 4460/4460/4460 4461/4461/4461
f 4459/4459/4459 4461/4461/4461 4462/4462/4462
f 4463/4463/4463 4464/4464/4464 4465/4465/4465
f 4463/4463/4463 4465/4465/4465 4466/4466/4466
f 4467/4467/4467 4468/4468/4468 4469/4469/4469
f 4467/4467/4467 4469/4469/4469 4470/4470/4470
f 4471/4471/4471 4472/4472/4472 4473/4473/4473
f 4471/4471/4471 4473/4473/4473 4474/4474/4474
f 4475/4475/4475 4476/4476/4476 4477/4477/4477
f 4475/4475/4475 4477/4477/4477 4478/4478/4478
f 4479/4479/4479 4480/4480/4480 4481/4481/4481
f 4479/4479/4479 4481/4481/4481 4482/4482/4482
f 4483/4483/4483 4484/4484/4484 4485/4485/4485
f 4483/4483/4483 4485/4485/4485 4486/4486/4486
f 4487/4487/4487 4488/4488/4488 4489/4489/4489
f 4487/4487/4487 4489/4489/4489 4490/4490/4490
f 4491/4491/4491 4492/4492/4492 4493/4493/4493
f 4491/4491/4491 4493/4493/4493 4494/4494/4494
f 4495/4495/4495 4496/4496/4496 4497/4497/4497
f 4495/4495/4495 4497/4497/4497 4498/4498/4498
f 4499/4499/4499 4500/4500/4500 4501/4501/4501
f 4499/4499/4499 4501/4501/4501 4502/4502/4502
f 4503/4503/4503 4504/4504/4504 4505/4505/4505
f 4503/4503/4503 4505/4505/4505 4506/4506/4506
f 4507/4507/4507 4508/4508/4508 4509/4509/4509
f 4507/4507/4507 4509/4509/4509 4510/4510/4510
f 4511/4511/4511 4512/4512/4512 4513/4513/4513
f 4511/4511/4511 4513/4513/4513 4514/4514/4514
f 4515/4515/4515 4516/4516/4516 4517/4517/4517
f 4515/4515/4515 4517/4517/4517 4518/4518/4518
f 4519/4519/4519 4520/4520/4520 4521/4521/4521
f 4519/4519/4519 4521/4521/4521 4522/4522/4522
f 4523/4523/4523 4524/4524/4524 4525/4525/4525
f 4523/4523/4523 4525/4525/4525 4526/4526/4526
f 4527/4527/4527 4528/4528/4528 4529/4529/4529
f 4527/4527/4527 4529/4529/4529 4530/4530/4530
f 4531/4531/4531 4532/4532/4532 4533/4533/4533
f 4531/4531/4531 4533/4533/4533 4534/4534/4534
f 4535/4535/4535 4536/4536/4536 4537/4537/4537
f 4535/4535/4535 4537/4537/4537 4538/4538/4538
f 4539/4539/4539 4540/4540/4540 4541/4541/4541
f 4539/4539/4539 4541/4541/4541 4542/4542/4542
f 4543/4543/4543 4544/4544/4544 4545/4545/4545
f 4543/4543/4543 4545/4545/4545 4546/4546/4546
f 4547/4547/4547 4548/4548/4548 4549/4549/4549
f 4547/4547/4547 4549/4549/4549 4550/4550/4550
f 4551/4551/4551 4552/4552/4552 4553/4553/4553
f 4551/4551/4551 4553/4553/4553 4554/4554/4554
f 4555/4555/4555 4556/4556/4556 4557/4557/4557
f 4555/4555/4555 4557/4557/4557 4558/4558/4558
f 4559/4559/4559 4560/4560/4560 4561/4561/4561
f 4559/4559/4559 4561/4561/4561 4562/4562/4562
f 4563/4563/4563 4564/4564/4564 4565/4565/4565
f 4563/4563/4563 4565/4565/4565 4566/4566/4566
f 4567/4567/4567 4568/4568/4568 4569/4569/4569
f 4567/4567/4567 4569/4569/4569 4570/4570/4570
f 4571/4571/4571 4572/4572/4572 4573/4573/4573
f 4571/4571/4571 4573/4573/4573 4574/4574/4574
f 4575/4575/4575 4576/4576/4576 4577/4577/4577
f 4575/4575/4575 4577/4577/4577 4578/4578/4578
f 4579/4579/4579 4580/4580/4580 4581/4581/4581
f 4579/4579/4579 4581/4581/4581 4582/4582/4582
f 4583/4583/4583 4584/4584/4584 4585/4585/4585
f 4583/4583/4583 4585/4585/4585 4586/4586/4586
f 4587/4587/4587 4588/4588/4588 4589/4589/4589
f 4587/4587/4587 4589/4589/4589 4590/4590/4590
f 4591/4591/4591 4592/4592/4592 4593/4593/4593
f 4591/4591/4591 4593/4593/4593 4594/4594/4594
f 4595/4595/4595 4596/4596/4596 4597/4597/4597
f 4595/4595/4595 4597/4597/4597 4598/4598/4598
f 4599/4599/4599 4600/4600/4600 4601/4601/4601
f 4599/4599/4599 4601/4601/4601 4602/4602/4602
f 4603/4603/4603 4604/4604/4604 4605/4605/4605
f 4603/4603/4603 4605/4605/4605 4606/4606/4606
f 4607/4607/4607 4608/4608/4608 4609/4609/4609
f 4607/4607/4607 4609/4609/4609 4610/4610/4610
f 4611/4611/4611 4612/4612/4612 4613/4613/4613
f 4611/4611/4611 4613/4613/4613 4614/4614/4614
f 4615/4615/4615 4616/4616/4616 4617/4617/4617
f 4615/4615/4615 4617/4617/4617 4618/4618/4618
f 4619/4619/4619 4620/4620/4620 4621/4621/4621
f 4619/4619/4619 4621/4621/4621 4622/4622/4622
f 4623/4623/4623 4624/4624/4624 4625/4625/4625
f 4623/4623/4623 4625/4625/4625 4626/4626/4626
f 4627/4627/4627 4628/4628/4628 4629/4629/4629
f 4627/4627/4627 4629/4629/4629 4630/4630/4630
f 4631/4631/4631 4632/4632/4632 4633/4633/4633
f 4631/4631/4631 4633/4633/4633 4634/4634/4634
f 4635/4635/4635 4636/4636/4636 4637/4637/4637
f 4635/4635/4635 4637/4637/4637 4638/4638/4638
f 4639/4639/4639 4640/4640/4640 4641/4641/4641
f 4639/4639/4639 4641/4641/4641 4642/4642/4642
f 4643/4643/4643 4644/4644/4644 4645/4645/4645
f 4643/4643/4643 4645/4645/4645 4646/4646/4646
f 4647/4647/4647 4648/4648/4648 4649/4649/4649
f 4647/4647/4647 4649/4649/4649 4650/4650/4650
f 4651/4651/4651 4652/4652/4652 4653/4653/4653
f 4651/4651/4651 4653/4653/4653 4654/4654/4654
f 4655/4655/4655 4656/4656/4656 4657/4657/4657
f 4655/4655/4655 4657/4657/4657 4658/4658/4658
f 4659/4659/4659 4660/4660/4660 4661/4661/4661
f 4659/4659/4659 4661/4661/4661 4662/4662/4662
f 4663/4663/4663 4664/4664/4664 4665/4665/4665
f 4663/4663/4663 4665/4665/4665 4666/4666/4666
f 4667/4667/4667 4668/4668/4668 4669/4669/4669
f 4667/4667/4667 4669/4669/4669 4670/4670/4670
f 4671/4671/4671 4672/4672/4672 4673/4673/4673
f 4671/4671/4671 4673/4673/4673 4674/4674/4674
f 4675/4675/4675 4676/4676/4676 4677/4677/4677
f 4675/4675/4675 4677/4677/4677 4678/4678/4678
f 4679/4679/4679 4680/4680/4680 4681/4681/4681
f 4679/4679/4679 4681/4681/4681 4682/4682/4682
f 4683/4683/4683 4684/4684/4684 4685/4685/4685
f 4683/4683/4683 4685/4685/4685 4686/4686/4686
f 4687/4687/4687 4688/4688/4688 4689/4689/4689
f 4687/4687/4687 4689/4689/4689 4690/4690/4690
f 4691/4691/4691 4692/4692/4692 4693/4693/4693
f 4691/4691/4691 4693/4693/4693 4694/4694/4694
f 4695/4695/4695 4696/4696/4696 4697/4697/4697
f 4695/4695/4695 4697/4697/4697 4698/4698/4698
f 4699/4699/4699 4700/4700/4700 4701/4701/4701
f 4699/4699/4699 4701/4701/4701 4702/4702/4702
f 4703/4703/4703 4704/4704/4704 4705/4705/4705
f 4703/4703/4703 4705/4705/4705 4706/4706/4706
f 4707/4707/4707 4708/4708/4708 4709/4709/4709
f 4707/4707/4707 4709/4709/4709 4710/4710/4710
f 4711/4711/4711 4712/4712/4712 4713/4713/4713
f 4711/4711/4711 4713/4713/4713 4714/4714/4714
f 4715/4715/4715 4716/4716/4716 4717/4717/4717
f 4715/4715/4715 4717/4717/4717 4718/4718/4718
f 4719/4719/4719 4720/4720/4720 4721/4721/4721
f 4719/4719/4719 4721/4721/4721 4722/4722/4722
f 4723/4723/4723 4724/4724/4724 4725/4725/4725
f 4723/4723/4723 4725/4725/4725 4726/4726/4726
f 4727/4727/4727 4728/4728/4728 4729/4729/4729
f 4727/4727/4727 4729/4729/4729 4730/4730/4730
f 4731/4731/4731 4732/4732/4732 4733/4733/4733
f 4731/4731/4731 4733/4733/4733 4734/4734/4734
f 4735/4735/4735 4736/4736/4736 4737/4737/4737
f 4735/4735/4735 4737/4737/4737 4738/4738/4738
f 4739/4739/4739 4740/4740/4740 4741/4741/4741
f 4739/4739/4739 4741/4741/4741 4742/4742/4742
f 4743/4743/4743 4744/4744/4744 4745/4745/4745
f 4743/4743/4743 4745/4745/4745 4746/4746/4746
f 4747/4747/4747 4748/4748/4748 4749/4749/4749
f 4747/4747/4747 4749/4749/4749 4750/4750/4750
f 4751/4751/4751 4752/4752/4752 4753/4753/4753
f 4751/4751/4751 4753/4753/4753 4754/4754/4754
f 4755/4755/4755 4756/4756/4756 4757/4757/4757
f 4755/4755/4755 4757/4757/4757 4758/4758/4758
f 4759/4759/4759 4760/4760/4760 4761/4761/4761
f 4759/4759/4759 4761/4761/4761 4762/4762/4762
f 4763/4763/4763 4764/4764/4764 4765/4765/4765
f 4763/4763/4763 4765/4765/4765 4766/4766/4766
f 4767/4767/4767 4768/4768/4768 4769/4769/4769
f 4767/4767/4767 4769/4769/4769 4770/4770/4770
f 4771/4771/4771 4772/4772/4772 4773/4773/4773
f 4771/4771/4771 4773/4773/4773 4774/4774/4774
f 4775/4775/4775 4776/4776/4776 4777/4777/4777
f 4775/4775/4775 4777/4777/4777 4778/4778/4778
f 4779/4779/4779 4780/4780/4780 4781/4781/4781
f 4779/4779/4779 4781/4781/4781 4782/4782/4782
f 4783/4783/4783 4784/4784/4784 4785/4785/4785
f 4783/4783/4783 4785/4785/4785 4786/4786/4786
f 4787/4787/4787 4788/4788/4788 4789/4789/4789
f 4787/4787/4787 4789/4789/4789 4790/4790/4790
f 4791/4791/4791 4792/4792/4792 4793/4793/4793
f 4791/4791/4791 4793/4793/4793 4794/4794/4794
f 4795/4795/4795 4796/4796/4796 4797/4797/4797
f 4795/4795/4795 4797/4797/4797 4798/4798/4798
f 4799/4799/4799 4800/4800/4800 4801/4801/4801
f 4799/4799/4799 4801/4801/4801 4802/4802/4802
f 4803/4803/4803 4804/4804/4804 4805/4805/4805
f 4803/4803/4803 4805/4805/4805 4806/4806/4806
f 4807/4807/4807 4808/4808/4808 4809/4809/4809
f 4807/4807/4807 4809/4809/4809 4810/4810/4810
f 4811/4811/4811 4812/4812/4812 4813/4813/4813
f 4811/4811/4811 4813/4813/4813 4814/4814/4814
f 4815/4815/4815 4816/4816/4816 4817/4817/4817
f 4815/4815/4815 4817/4817/4817 4818/4818/4818
f 4819/4819/4819 4820/4820/4820 4821/4821/4821
f 4819/4819/4819 4821/4821/4821 4822/4822/4822
f 4823/4823/4823 4824/4824/4824 4825/4825/4825
f 4823/4823/4823 4825/4825/4825 4826/4826/4826
f 4827/4827/4827 4828/4828/4828 4829/4829/4829
f 4827/4827/4827 4829/4829/4829 4830/4830/4830
f 4831/4831/4831 4832/4832/4832 4833/4833/4833
f 4831/4831/4831 4833/4833/4833 4834/4834/4834
f 4835/4835/4835 4836/4836/4836 4837/4837/4837
f 4835/4835/4835 4837/4837/4837 4838/4838/4838
f 4839/4839/4839 4840/4840/4840 4841/4841/4841
f 4839/4839/4839 4841/4841/4841 4842/4842/4842
f 4843/4843/4843 4844/4844/4844 4845/4845/4845
f 4843/4843/4843 4845/4845/4845 4846/4846/4846
f 4847/4847/4847 4848/4848/4848 4849/4849/4849
f 4847/4847/4847 4849/4849/4849 4850/4850/4850
f 4851/4851/4851 4852/4852/4852 4853/4853/4853
f 4851/4851/4851 4853/4853/4853 4854/4854/4854
f 4855/4855/4855 4856/4856/4856 4857/4857/4857
f 4855/4855/4855 4857/4857/4857 4858/4858/4858
f 4859/4859/4859 4860/4860/4860 4861/4861/4861
f 4859/4859/4859 4861/4861/4861 4862/4862/4862
f 4863/4863/4863 4864/4864/4864 4865/4865/4865
f 4863/4863/4863 4865/4865/4865 4866/4866/4866
f 4867/4867/4867 4868/4868/4868 4869/4869/4869
f 4867/4867/4867 4869/4869/4869 4870/4870/4870
f 4871/4871/4871 4872/4872/4872 4873/4873/4873
f 4871/4871/4871 4873/4873/4873 4874/4874/4874
f 4875/4875/4875 4876/4876/4876 4877/4877/4877
f 4875/4875/4875 4877/4877/4877 4878/4878/4878
f 4879/4879/4879 4880/4880/4880 4881/4881/4881
f 4879/4879/4879 4881/4881/4881 4882/4882/4882
f 4883/4883/4883 4884/4884/4884 4885/4885/4885
f 4883/4883/4883 4885/4885/4885 4886/4886/4886
f 4887/4887/4887 4888/4888/4888 4889/4889/4889
f 4887/4887/4887 4889/4889/4889 4890/4890/4890
f 4891/4891/4891 4892/4892/4892 4893/4893/4893
f 4891/4891/4891 4893/4893/4893 4894/4894/4894
f 4895/4895/4895 4896/4896/4896 4897/4897/4897
f 4895/4895/4895 4897/4897/4897 4898/4898/4898
f 4899/4899/4899 4900/4900/4900 4901/4901/4901
f 4899/4899/4899 4901/4901/4901 4902/4902/4902
f 4903/4903/4903 4904/4904/4904 4905/4905/4905
f 4903/4903/4903 4905/4905/4905 4906/4906/4906
f 4907/4907/4907 4908/4908/4908 4909/4909/4909
f 4907/4907/4907 4909/4909/4909 4910/4910/4910
f 4911/4911/4911 4912/4912/4912 4913/4913/4913
f 4911/4911/4911 4913/4913/4913 4914/4914/4914
f 4915/4915/4915 4916/4916/4916 4917/4917/4917
f 4915/4915/4915 4917/4917/4917 4918/4918/4918
f 4919/4919/4919 4920/4920/4920 4921/4921/4921
f 4919/4919/4919 4921/4921/4921 4922/4922/4922
f 4923/4923/4923 4924/4924/4924 4925/4925/4925
f 4923/4923/4923 4925/4925/4925 4926/4926/4926
f 4927/4927/4927 4928/4928/4928 4929/4929/4929
f 4927/4927/4927 4929/4929/4929 4930/4930/4930
f 4931/4931/4931 4932/4932/4932 4933/4933/4933
f 4931/4931/4931 4933/4933/4933 4934/4934/4934
f 4935/4935/4935 4936/4936/4936 4937/4937/4937
f 4935/4935/4935 4937/4937/4937 4938/4938/4938
f 4939/4939/4939 4940/4940/4940 4941/4941/4941
f 4939/4939/4939 4941/4941/4941 4942/4942/4942
f 4943/4943/4943 4944/4944/4944 4945/4945/4945
f 4943/4943/4943 4945/4945/4945 4946/4946/4946
f 4947/4947/4947 4948/4948/4948 4949/4949/4949
f 4947/4947/4947 4949/4949/4949 4950/4950/4950
f 4951/4951/4951 4952/4952/4952 4953/4953/4953
f 4951/4951/4951 4953/4953/4953 4954/4954/4954
f 4955/4955/4955 4956/4956/4956 4957/4957/4957
f 4955/4955/4955 4957/4957/4957 4958/4958/4958
f 4959/4959/4959 4960/4960/4960 4961/4961/4961
f 4959/4959/4959 4961/4961/4961 4962/4962/4962
f 4963/4963/4963 4964/4964/4964 4965/4965/4965
f 4963/4963/4963 4965/4965/4965 4966/4966/4966
f 4967/4967/4967 4968/4968/4968 4969/4969/4969
f 4967/4967/4967 4969/4969/4969 4970/4970/4970
f 4971/4971/4971 4972/4972/4972 4973/4973/4973
f 4971/4971/4971 4973/4973/4973 4974/4974/4974
f 4975/4975/4975 4976/4976/4976 4977/4977/4977
f 4975/4975/4975 4977/4977/4977 4978/4978/4978
f 4979/4979/4979 4980/4980/4980 4981/4981/4981
f 4979/4979/4979 4981/4981/4981 4982/4982/4982
f 4983/4983/4983 4984/4984/4984 4985/4985/4985
f 4983/4983/4983 4985/4985/4985 4986/4986/4986
f 4987/4987/4987 4988/4988/4988 4989/4989/4989
f 4987/4987/4987 4989/4989/4989 4990/4990/4990
f 4991/4991/4991 4992/4992/4992 4993/4993/4993
f 4991/4991/4991 4993/4993/4993 4994/4994/4994
f 4995/4995/4995 4996/4996/4996 4997/4997/4997
f 4995/4995/4995 4997/4997/4997 4998/4998/4998
f 4999/4999/4999 5000/5000/5000 5001/5001/5001
f 4999/4999/4999 5001/5001/5001 5002/5002/5002
f 5003/5003/5003 5004/5004/5004 5005/5005/5005
f 5003/5003/5003 5005/5005/5005 5006/5006/5006
f 5007/5007/5007 5008/5008/5008 5009/5009/5009
f 5007/5007/5007 5009/5009/5009 5010/5010/5010
f 5011/5011/5011 5012/5012/5012 5013/5013/5013
f 5011/5011/5011 5013/5013/5013 5014/5014/5014
f 5015/5015/5015 5016/5016/5016 5017/5017/5017
f 5015/5015/5015 5017/5017/5017 5018/5018/5018
f 5019/5019/5019 5020/5020/5020 5021/5021/5021
f 5019/5019/5019 5021/5021/5021 5022/5022/5022
f 5023/5023/5023 5024/5024/5024 5025/5025/5025
f 5023/5023/5023 5025/5025/5025 5026/5026/5026
f 5027/5027/5027 5028/5028/5028 5029/5029/5029
f 5027/5027/5027 5029/5029/5029 5030/5030/5030
f 5031/5031/5031 5032/5032/5032 5033/5033/5033
f 5031/5031/5031 5033/5033/5033 5034/5034/5034
f 5035/5035/5035 5036/5036/5036 5037/5037/5037
f 5035/5035/5035 5037/5037/5037 5038/5038/5038
f 5039/5039/5039 5040/5040/5040 5041/5041/5041
f 5039/5039/5039 5041/5041/5041 5042/5042/5042
f 5043/5043/5043 5044/5044/5044 5045/5045/5045
f 5043/5043/5043 5045/5045/5045 5046/5046/5046
f 5047/5047/5047 5048/5048/5048 5049/5049/5049
f 5047/5047/5047 5049/5049/5049 5050/5050/5050
f 5051/5051/5051 5052/5052/5052 5053/5053/5053
f 5051/5051/5051 5053/5053/5053 5054/5054/5054
f 5055/5055/5055 5056/5056/5056 5057/5057/5057
f 5055/5055/5055 5057/5057/5057 5058/5058/5058
f 5059/5059/5059 5060/5060/5060 5061/5061/5061
f 5059/5059/5059 5061/5061/5061 5062/5062/5062
f 5063/5063/5063 5064/5064/5064 5065/5065/5065
f 5063/5063/5063 5065/5065/5065 5066/5066/5066
f 5067/5067/5067 5068/5068/5068 5069/5069/5069
f 5067/5067/5067 5069/5069/5069 5070/5070/5070
f 5071/5071/5071 5072/5072/5072 5073/5073/5073
f 5071/5071/5071 5073/5073/5073 5074/5074/5074
f 5075/5075/5075 5076/5076/5076 5077/5077/5077
f 5075/5075/5075 5077/5077/5077 5078/5078/5078
f 5079/5079/5079 5080/5080/5080 5081/5081/5081
f 5079/5079/5079 5081/5081/5081 5082/5082/5082
f 5083/5083/5083 5084/5084/5084 5085/5085/5085
f 5083/5083/5083 5085/5085/5085 5086/5086/5086
f 5087/5087/5087 5088/5088/5088 5089/5089/5089
f 5087/5087/5087 5089/5089/5089 5090/5090/5090
f 5091/5091/5091 5092/5092/5092 5093/5093/5093
f 5091/5091/5091 5093/5093/5093 5094/5094/5094
f 5095/5095/5095 5096/5096/5096 5097/5097/5097
f 5095/5095/5095 5097/5097/5097 5098/5098/5098
f 5099/5099/5099 5100/5100/5100 5101/5101/5101
f 5099/5099/5099 5101/5101/5101 5102/5102/5102
f 5103/5103/5103 5104/5104/5104 5105/5105/5105
f 5103/5103/5103 5105/5105/5105 5106/5106/5106
f 5107/5107/5107 5108/5108/5108 5109/5109/5109
f 5107/5107/5107 5109/5109/5109 5110/5110/5110
f 5111/5111/5111 5112/5112/5112 5113/5113/5113
f 5111/5111/5111 5113/5113/5113 5114/5114/5114
f 5115/5115/5115 5116/5116/5116 5117/5117/5117
f 5115/5115/5115 5117/5117/5117 5118/5118/5118
f 5119/5119/5119 5120/5120/5120 5121/5121/5121
f 5119/5119/5119 5121/5121/5121 5122/5122/5122
f 5123/5123/5123 5124/5124/5124 5125/5125/5125
f 5123/5123/5123 5125/5125/5125 5126/5126/5126
f 5127/5127/5127 5128/5128/5128 5129/5129/5129
f 5127/5127/5127 5129/5129/5129 5130/5130/5130
f 5131/5131/5131 5132/5132/5132 5133/5133/5133
f 5131/5131/5131 5133/5133/5133 5134/5134/5134
f 5135/5135/5135 5136/5136/5136 5137/5137/5137
f 5135/5135/5135 5137/5137/5137 5138/5138/5138
f 5139/5139/5139 5140/5140/5140 5141/5141/5141
f 5139/5139/5139 5141/5141/5141 5142/5142/5142
f 5143/5143/5143 5144/5144/5144 5145/5145/5145
f 5143/5143/5143 5145/5145/5145 5146/5146/5146
f 5147/5147/5147 5148/5148/5148 5149/5149/5149
f 5147/5147/5147 5149/5149/5149 5150/5150/5150
f 5151/5151/5151 5152/5152/5152 5153/5153/5153
f 5151/5151/5151 5153/5153/5153 5154/5154/5154
f 5155/5155/5155 5156/5156/5156 5157/5157/5157
f 5155/5155/5155 5157/5157/5157 5158/5158/5158
f 5159/5159/5159 5160/5160/5160 5161/5161/5161
f 5159/5159/5159 5161/5161/5161 5162/5162/5162
f 5163/5163/5163 5164/5164/5164 5165/5165/5165
f 5163/5163/5163 5165/5165/5165 5166/5166/5166
f 5167/5167/5167 5168/5168/5168 5169/5169/5169
f 5167/5167/5167 5169/5169/5169 5170/5170/5170
f 5171/5171/5171 5172/5172/5172 5173/5173/5173
f 5171/5171/5171 5173/5173/5173 5174/5174/5174
f 5175/5175/5175 5176/5176/5176 5177/5177/5177
f 5175/5175/5175 5177/5177/5177 5178/5178/5178
f 5179/5179/5179 5180/5180/5180 5181/5181/5181
f 5179/5179/5179 5181/5181/5181 5182/5182/5182
f 5183/5183/5183 5184/5184/5184 5185/5185/5185
f 5183/5183/5183 5185/5185/5185 5186/5186/5186
f 5187/5187/5187 5188/5188/5188 5189/5189/5189
f 5187/5187/5187 5189/5189/5189 5190/5190/5190
f 5191/5191/5191 5192/5192/5192 5193/5193/5193
f 5191/5191/5191 5193/5193/5193 5194/5194/5194
f 5195/5195/5195 5196/5196/5196 5197/5197/5197
f 5195/5195/5195 5197/5197/5197 5198/5198/5198
f 5199/5199/5199 5200/5200/5200 5201/5201/5201
f 5199/5199/5199 5201/5201/5201 5202/5202/5202
f 5203/5203/5203 5204/5204/5204 5205/5205/5205
f 5203/5203/5203 5205/5205/5205 5206/5206/5206
f 5207/5207/5207 5208/5208/5208 5209/5209/5209
f 5207/5207/5207 5209/5209/5209 5210/5210/5210
f 5211/5211/5211 5212/5212/5212 5213/5213/5213
f 5211/5211/5211 5213/5213/5213 5214/5214/5214
f 5215/5215/5215 5216/5216/5216 5217/5217/5217
f 5215/5215/5215 5217/5217/5217 5218/5218/5218
f 5219/5219/5219 5220/5220/5220 5221/5221/5221
f 5219/5219/5219 5221/5221/5221 5222/5222/5222
f 5223/5223/5223 5224/5224/5224 5225/5225/5225
f 5223/5223/5223 5225/5225/5225 5226/5226/5226
f 5227/5227/5227 5228/5228/5228 5229/5229/5229
f 5227/5227/5227 5229/5229/5229 5230/5230/5230
f 5231/5231/5231 5232/5232/5232 5233/5233/5233
f 5231/5231/5231 5233/5233/5233 5234/5234/5234
f 5235/5235/5235 5236/5236/5236 5237/5237/5237
f 5235/5235/5235 5237/5237/5237 5238/5238/5238
f 5239/5239/5239 5240/5240/5240 5241/5241/5241
f 5239/5239/5239 5241/5241/5241 5242/5242/5242
f 5243/5243/5243 5244/5244/5244 5245/5245/5245
f 5243/5243/5243 5245/5245/5245 5246/5246/5246